date,region,latitude,longitude,month,season,weather_regime,temp_actual,rain_actual,wind_actual,humidity,pressure
2023-01-01,Pune,18.52,73.86,1,Winter,Clear,21.0,0.0,8.0,64.2,1011.2
2023-01-02,Pune,18.52,73.86,1,Winter,Clear,21.0,0.0,9.06,67.9,1012.7
2023-01-03,Pune,18.52,73.86,1,Winter,Clear,21.33,0.0,10.9,52.7,1013.5
2023-01-04,Pune,18.52,73.86,1,Winter,Clear,20.95,0.0,7.89,61.4,1014.9
2023-01-05,Pune,18.52,73.86,1,Winter,Clear,19.98,0.0,7.21,57.6,1014.4
2023-01-06,Pune,18.52,73.86,1,Winter,Clear,19.73,0.0,5.34,66.6,1015.0
2023-01-07,Pune,18.52,73.86,1,Winter,Clear,18.96,0.0,9.13,61.6,1014.0
2023-01-08,Pune,18.52,73.86,1,Winter,Clear,19.54,0.0,10.7,59.5,1012.1
2023-01-09,Pune,18.52,73.86,1,Winter,Clear,21.38,0.0,10.69,53.7,1014.9
2023-01-10,Pune,18.52,73.86,1,Winter,Clear,20.74,0.0,7.56,59.8,1012.0
2023-01-11,Pune,18.52,73.86,1,Winter,Clear,20.12,0.0,8.03,53.0,1011.8
2023-01-12,Pune,18.52,73.86,1,Winter,Clear,20.88,0.0,7.64,63.1,1015.7
2023-01-13,Pune,18.52,73.86,1,Winter,Clear,21.3,0.0,7.93,50.7,1014.3
2023-01-14,Pune,18.52,73.86,1,Winter,Clear,21.34,0.0,7.66,58.2,1013.3
2023-01-15,Pune,18.52,73.86,1,Winter,Clear,20.23,0.0,8.65,59.8,1014.3
2023-01-16,Pune,18.52,73.86,1,Winter,Clear,20.39,0.0,7.72,65.6,1014.5
2023-01-17,Pune,18.52,73.86,1,Winter,Clear,21.31,2.09,9.59,55.5,1010.3
2023-01-18,Pune,18.52,73.86,1,Winter,Clear,19.75,0.0,9.05,65.1,1012.7
2023-01-19,Pune,18.52,73.86,1,Winter,Clear,19.56,0.0,8.11,53.5,1010.8
2023-01-20,Pune,18.52,73.86,1,Winter,Clear,17.83,0.0,7.88,62.7,1013.1
2023-01-21,Pune,18.52,73.86,1,Winter,Clear,17.2,0.0,7.23,57.7,1011.7
2023-01-22,Pune,18.52,73.86,1,Winter,Clear,16.13,0.0,8.88,60.2,1015.3
2023-01-23,Pune,18.52,73.86,1,Winter,Clear,17.09,0.0,8.05,59.4,1013.8
2023-01-24,Pune,18.52,73.86,1,Winter,Clear,16.67,0.0,8.5,64.6,1011.4
2023-01-25,Pune,18.52,73.86,1,Winter,Clear,18.05,0.0,7.65,46.9,1012.9
2023-01-26,Pune,18.52,73.86,1,Winter,Clear,18.96,0.0,5.43,60.9,1010.7
2023-01-27,Pune,18.52,73.86,1,Winter,Clear,19.27,0.0,8.04,50.0,1013.0
2023-01-28,Pune,18.52,73.86,1,Winter,Clear,16.93,0.0,6.33,66.2,1013.9
2023-01-29,Pune,18.52,73.86,1,Winter,Clear,17.36,0.0,8.17,47.2,1013.4
2023-01-30,Pune,18.52,73.86,1,Winter,Clear,18.21,0.0,8.76,53.0,1009.4
2023-01-31,Pune,18.52,73.86,1,Winter,Clear,19.03,0.0,5.77,49.0,1012.3
2023-02-01,Pune,18.52,73.86,2,Winter,Clear,19.84,0.0,6.26,68.8,1013.8
2023-02-02,Pune,18.52,73.86,2,Winter,Clear,20.11,0.0,6.67,51.3,1013.4
2023-02-03,Pune,18.52,73.86,2,Winter,Clear,19.75,0.0,6.41,59.7,1015.0
2023-02-04,Pune,18.52,73.86,2,Winter,Clear,19.68,0.0,5.68,55.8,1010.6
2023-02-05,Pune,18.52,73.86,2,Winter,Clear,21.67,0.0,8.36,48.2,1013.8
2023-02-06,Pune,18.52,73.86,2,Winter,Clear,21.12,0.0,8.26,57.0,1011.7
2023-02-07,Pune,18.52,73.86,2,Winter,Clear,21.55,0.0,9.21,63.0,1013.2
2023-02-08,Pune,18.52,73.86,2,Winter,Clear,22.89,0.0,8.43,57.9,1013.6
2023-02-09,Pune,18.52,73.86,2,Winter,Clear,22.27,0.0,9.17,64.6,1014.1
2023-02-10,Pune,18.52,73.86,2,Winter,Clear,22.33,0.0,7.89,56.8,1011.9
2023-02-11,Pune,18.52,73.86,2,Winter,Clear,22.62,0.0,8.35,59.0,1013.2
2023-02-12,Pune,18.52,73.86,2,Winter,Clear,22.79,0.0,9.57,56.7,1010.8
2023-02-13,Pune,18.52,73.86,2,Winter,Clear,21.49,0.0,9.39,61.1,1010.4
2023-02-14,Pune,18.52,73.86,2,Winter,Clear,21.95,0.0,8.48,70.4,1013.9
2023-02-15,Pune,18.52,73.86,2,Winter,Clear,23.71,0.0,6.98,57.2,1012.8
2023-02-16,Pune,18.52,73.86,2,Winter,Clear,21.83,0.0,8.16,60.2,1010.0
2023-02-17,Pune,18.52,73.86,2,Winter,Clear,23.07,0.0,9.09,51.3,1011.4
2023-02-18,Pune,18.52,73.86,2,Winter,Clear,23.18,0.0,8.63,50.5,1012.9
2023-02-19,Pune,18.52,73.86,2,Winter,Clear,22.43,0.0,7.57,67.8,1015.7
2023-02-20,Pune,18.52,73.86,2,Winter,Clear,24.77,0.0,9.08,48.3,1014.8
2023-02-21,Pune,18.52,73.86,2,Winter,Clear,25.17,0.0,13.02,49.5,1014.3
2023-02-22,Pune,18.52,73.86,2,Winter,Clear,23.31,0.0,10.72,54.4,1009.7
2023-02-23,Pune,18.52,73.86,2,Winter,Clear,23.31,0.0,10.49,52.4,1012.7
2023-02-24,Pune,18.52,73.86,2,Winter,Clear,23.87,0.0,10.42,66.7,1013.8
2023-02-25,Pune,18.52,73.86,2,Winter,Clear,23.44,0.0,5.68,40.8,1013.6
2023-02-26,Pune,18.52,73.86,2,Winter,Clear,24.08,0.0,7.37,57.2,1013.6
2023-02-27,Pune,18.52,73.86,2,Winter,Clear,23.74,0.0,6.97,59.3,1012.5
2023-02-28,Pune,18.52,73.86,2,Winter,Clear,24.29,0.0,10.1,48.3,1016.1
2023-03-01,Pune,18.52,73.86,3,Summer,Heatwave,29.55,0.0,9.2,51.1,1015.6
2023-03-02,Pune,18.52,73.86,3,Summer,Clear,28.17,0.0,7.87,57.6,1012.7
2023-03-03,Pune,18.52,73.86,3,Summer,Clear,28.1,0.0,8.03,64.8,1011.1
2023-03-04,Pune,18.52,73.86,3,Summer,Clear,27.32,0.0,8.73,49.5,1016.6
2023-03-05,Pune,18.52,73.86,3,Summer,Clear,27.38,0.0,7.96,45.5,1011.9
2023-03-06,Pune,18.52,73.86,3,Summer,Clear,25.98,0.0,8.34,64.8,1015.0
2023-03-07,Pune,18.52,73.86,3,Summer,Clear,25.6,0.0,6.47,68.1,1016.3
2023-03-08,Pune,18.52,73.86,3,Summer,Clear,25.73,0.0,7.25,57.0,1011.2
2023-03-09,Pune,18.52,73.86,3,Summer,Clear,27.04,0.0,9.28,41.7,1013.4
2023-03-10,Pune,18.52,73.86,3,Summer,Clear,28.29,0.0,12.3,63.7,1012.3
2023-03-11,Pune,18.52,73.86,3,Summer,Clear,26.51,0.0,11.95,57.8,1013.8
2023-03-12,Pune,18.52,73.86,3,Summer,Clear,25.76,0.0,11.06,65.7,1013.5
2023-03-13,Pune,18.52,73.86,3,Summer,Clear,26.78,0.0,12.02,58.7,1016.4
2023-03-14,Pune,18.52,73.86,3,Summer,Clear,24.64,0.0,12.29,56.7,1014.0
2023-03-15,Pune,18.52,73.86,3,Summer,Clear,24.72,5.09,14.39,57.8,1012.4
2023-03-16,Pune,18.52,73.86,3,Summer,Clear,25.19,0.0,13.19,67.8,1014.9
2023-03-17,Pune,18.52,73.86,3,Summer,Clear,27.02,0.0,11.12,63.6,1012.4
2023-03-18,Pune,18.52,73.86,3,Summer,Clear,27.77,0.0,10.58,42.2,1012.2
2023-03-19,Pune,18.52,73.86,3,Summer,Clear,27.22,0.0,10.15,49.4,1016.9
2023-03-20,Pune,18.52,73.86,3,Summer,Clear,26.76,0.0,10.12,69.7,1011.4
2023-03-21,Pune,18.52,73.86,3,Summer,Clear,26.55,0.0,9.94,56.8,1012.0
2023-03-22,Pune,18.52,73.86,3,Summer,Clear,28.33,0.0,8.26,46.8,1013.0
2023-03-23,Pune,18.52,73.86,3,Summer,Clear,27.53,0.0,5.23,55.0,1011.0
2023-03-24,Pune,18.52,73.86,3,Summer,Clear,27.06,0.0,5.85,54.3,1009.1
2023-03-25,Pune,18.52,73.86,3,Summer,Clear,27.44,0.0,4.03,54.4,1014.8
2023-03-26,Pune,18.52,73.86,3,Summer,Clear,27.19,0.0,6.37,52.1,1011.5
2023-03-27,Pune,18.52,73.86,3,Summer,Clear,26.93,0.0,7.56,57.1,1011.9
2023-03-28,Pune,18.52,73.86,3,Summer,Clear,25.72,0.0,5.53,56.3,1012.2
2023-03-29,Pune,18.52,73.86,3,Summer,Clear,26.03,0.0,8.19,61.0,1011.1
2023-03-30,Pune,18.52,73.86,3,Summer,Clear,25.78,0.0,9.94,54.1,1011.0
2023-03-31,Pune,18.52,73.86,3,Summer,Clear,27.37,0.0,9.67,53.3,1013.2
2023-04-01,Pune,18.52,73.86,4,Summer,Clear,32.0,0.0,14.04,54.1,1017.2
2023-04-02,Pune,18.52,73.86,4,Summer,Clear,31.72,0.0,15.67,62.8,1014.2
2023-04-03,Pune,18.52,73.86,4,Summer,Clear,32.28,0.0,11.64,57.2,1014.2
2023-04-04,Pune,18.52,73.86,4,Summer,Clear,31.58,0.0,13.01,54.3,1010.2
2023-04-05,Pune,18.52,73.86,4,Summer,Clear,32.59,0.0,12.81,58.2,1012.9
2023-04-06,Pune,18.52,73.86,4,Summer,Clear,32.19,0.0,12.66,57.4,1010.8
2023-04-07,Pune,18.52,73.86,4,Summer,Clear,32.53,0.0,13.41,61.5,1014.3
2023-04-08,Pune,18.52,73.86,4,Summer,Clear,30.73,0.0,11.18,62.0,1012.5
2023-04-09,Pune,18.52,73.86,4,Summer,Clear,31.18,0.0,10.15,65.8,1013.0
2023-04-10,Pune,18.52,73.86,4,Summer,Clear,29.28,0.0,9.21,67.1,1012.7
2023-04-11,Pune,18.52,73.86,4,Summer,Clear,27.47,0.0,8.81,58.8,1011.8
2023-04-12,Pune,18.52,73.86,4,Summer,Clear,28.02,0.0,9.64,56.5,1010.2
2023-04-13,Pune,18.52,73.86,4,Summer,Clear,27.77,0.0,7.93,64.3,1013.9
2023-04-14,Pune,18.52,73.86,4,Summer,Clear,28.76,0.0,7.64,62.1,1010.4
2023-04-15,Pune,18.52,73.86,4,Summer,Clear,31.79,0.0,10.07,54.4,1010.8
2023-04-16,Pune,18.52,73.86,4,Summer,Clear,30.68,0.0,10.38,50.1,1012.4
2023-04-17,Pune,18.52,73.86,4,Summer,Clear,30.07,0.0,11.27,48.0,1011.6
2023-04-18,Pune,18.52,73.86,4,Summer,Clear,30.53,0.0,8.13,61.1,1013.4
2023-04-19,Pune,18.52,73.86,4,Summer,Clear,31.19,0.0,8.17,59.6,1014.7
2023-04-20,Pune,18.52,73.86,4,Summer,Clear,30.95,0.0,8.55,63.8,1013.3
2023-04-21,Pune,18.52,73.86,4,Summer,Clear,30.73,0.0,9.71,51.3,1013.2
2023-04-22,Pune,18.52,73.86,4,Summer,Clear,31.57,0.0,9.35,61.2,1012.9
2023-04-23,Pune,18.52,73.86,4,Summer,Convective,32.0,37.54,18.34,62.9,1011.1
2023-04-24,Pune,18.52,73.86,4,Summer,Clear,30.61,0.0,11.23,61.3,1009.6
2023-04-25,Pune,18.52,73.86,4,Summer,Clear,30.62,0.0,11.15,61.5,1013.6
2023-04-26,Pune,18.52,73.86,4,Summer,Clear,30.76,0.0,11.11,54.2,1011.2
2023-04-27,Pune,18.52,73.86,4,Summer,Clear,29.66,0.0,12.19,55.5,1010.7
2023-04-28,Pune,18.52,73.86,4,Summer,Clear,30.28,0.0,10.9,46.6,1012.9
2023-04-29,Pune,18.52,73.86,4,Summer,Clear,29.52,0.0,12.74,53.5,1012.2
2023-04-30,Pune,18.52,73.86,4,Summer,Clear,30.96,0.0,12.69,48.2,1013.9
2023-05-01,Pune,18.52,73.86,5,Summer,Clear,32.18,0.0,14.18,57.6,1014.9
2023-05-02,Pune,18.52,73.86,5,Summer,Clear,32.23,0.0,13.71,55.4,1008.7
2023-05-03,Pune,18.52,73.86,5,Summer,Clear,31.52,0.0,14.23,64.5,1012.8
2023-05-04,Pune,18.52,73.86,5,Summer,Clear,31.51,0.0,15.3,61.1,1016.4
2023-05-05,Pune,18.52,73.86,5,Summer,Clear,29.44,0.0,15.78,55.2,1014.5
2023-05-06,Pune,18.52,73.86,5,Summer,Clear,28.83,4.14,15.87,62.3,1015.1
2023-05-07,Pune,18.52,73.86,5,Summer,Clear,30.02,0.0,15.57,56.7,1013.1
2023-05-08,Pune,18.52,73.86,5,Summer,Clear,28.18,0.0,14.6,62.7,1010.3
2023-05-09,Pune,18.52,73.86,5,Summer,Clear,30.06,0.0,15.89,60.9,1010.9
2023-05-10,Pune,18.52,73.86,5,Summer,Clear,28.63,0.0,14.55,53.1,1014.2
2023-05-11,Pune,18.52,73.86,5,Summer,Clear,30.3,0.0,10.53,59.0,1014.6
2023-05-12,Pune,18.52,73.86,5,Summer,Clear,29.8,0.0,13.78,59.3,1011.6
2023-05-13,Pune,18.52,73.86,5,Summer,Clear,31.2,0.0,13.6,57.2,1012.4
2023-05-14,Pune,18.52,73.86,5,Summer,Clear,31.55,0.0,11.46,64.4,1013.4
2023-05-15,Pune,18.52,73.86,5,Summer,Clear,29.97,0.0,11.83,69.3,1009.7
2023-05-16,Pune,18.52,73.86,5,Summer,Clear,31.85,0.0,10.94,56.8,1012.3
2023-05-17,Pune,18.52,73.86,5,Summer,Clear,33.47,0.0,15.23,52.9,1015.8
2023-05-18,Pune,18.52,73.86,5,Summer,Clear,33.03,0.0,15.02,41.5,1016.8
2023-05-19,Pune,18.52,73.86,5,Summer,Clear,32.47,0.0,11.6,54.2,1012.7
2023-05-20,Pune,18.52,73.86,5,Summer,Clear,32.18,0.0,13.11,52.4,1016.2
2023-05-21,Pune,18.52,73.86,5,Summer,Clear,31.06,0.0,12.42,46.0,1011.9
2023-05-22,Pune,18.52,73.86,5,Summer,Clear,32.5,0.0,15.75,56.7,1011.4
2023-05-23,Pune,18.52,73.86,5,Summer,Clear,31.78,0.0,12.83,62.5,1008.9
2023-05-24,Pune,18.52,73.86,5,Summer,Clear,31.78,0.0,9.31,54.6,1014.6
2023-05-25,Pune,18.52,73.86,5,Summer,Clear,30.96,0.0,11.08,56.8,1012.2
2023-05-26,Pune,18.52,73.86,5,Summer,Clear,30.53,0.0,11.38,53.2,1017.1
2023-05-27,Pune,18.52,73.86,5,Summer,Clear,29.49,0.0,11.45,63.6,1013.5
2023-05-28,Pune,18.52,73.86,5,Summer,Clear,31.5,0.0,8.72,49.9,1013.2
2023-05-29,Pune,18.52,73.86,5,Summer,Clear,31.46,0.0,11.33,57.1,1009.6
2023-05-30,Pune,18.52,73.86,5,Summer,Clear,32.66,0.0,14.76,66.7,1015.6
2023-05-31,Pune,18.52,73.86,5,Summer,Clear,32.51,0.0,10.91,55.3,1012.2
2023-06-01,Pune,18.52,73.86,6,Monsoon,Clear,26.62,0.0,15.73,61.8,1012.6
2023-06-02,Pune,18.52,73.86,6,Monsoon,Clear,26.35,0.0,14.49,58.1,1008.9
2023-06-03,Pune,18.52,73.86,6,Monsoon,Clear,25.9,6.38,19.63,53.8,1014.0
2023-06-04,Pune,18.52,73.86,6,Monsoon,Clear,26.18,0.0,17.61,58.8,1014.7
2023-06-05,Pune,18.52,73.86,6,Monsoon,Clear,25.97,0.0,16.14,61.4,1011.8
2023-06-06,Pune,18.52,73.86,6,Monsoon,Clear,25.9,2.46,17.84,53.6,1012.8
2023-06-07,Pune,18.52,73.86,6,Monsoon,Monsoon,24.66,23.43,21.38,68.0,1011.5
2023-06-08,Pune,18.52,73.86,6,Monsoon,Clear,24.36,0.77,15.38,66.7,1014.6
2023-06-09,Pune,18.52,73.86,6,Monsoon,Monsoon,26.84,21.41,20.12,71.8,1011.2
2023-06-10,Pune,18.52,73.86,6,Monsoon,Monsoon,26.14,12.38,17.11,53.2,1014.9
2023-06-11,Pune,18.52,73.86,6,Monsoon,Clear,25.2,0.0,12.07,53.1,1012.5
2023-06-12,Pune,18.52,73.86,6,Monsoon,Clear,26.02,0.0,16.64,49.3,1011.8
2023-06-13,Pune,18.52,73.86,6,Monsoon,Clear,27.81,4.89,16.22,62.9,1011.6
2023-06-14,Pune,18.52,73.86,6,Monsoon,Monsoon,26.01,9.42,15.91,65.5,1007.5
2023-06-15,Pune,18.52,73.86,6,Monsoon,Clear,26.03,1.22,15.33,63.6,1011.3
2023-06-16,Pune,18.52,73.86,6,Monsoon,Clear,25.58,0.0,12.56,53.7,1014.7
2023-06-17,Pune,18.52,73.86,6,Monsoon,Monsoon,23.99,27.34,16.42,60.1,1010.9
2023-06-18,Pune,18.52,73.86,6,Monsoon,Clear,25.55,1.68,12.58,60.0,1011.3
2023-06-19,Pune,18.52,73.86,6,Monsoon,Clear,25.89,0.0,12.67,59.6,1013.5
2023-06-20,Pune,18.52,73.86,6,Monsoon,Clear,26.25,0.0,13.83,53.9,1009.3
2023-06-21,Pune,18.52,73.86,6,Monsoon,Clear,25.61,0.0,16.15,59.9,1012.4
2023-06-22,Pune,18.52,73.86,6,Monsoon,Clear,26.46,0.0,14.88,62.9,1013.8
2023-06-23,Pune,18.52,73.86,6,Monsoon,Clear,26.0,0.0,15.72,60.4,1014.2
2023-06-24,Pune,18.52,73.86,6,Monsoon,Clear,26.09,0.0,16.36,52.8,1011.5
2023-06-25,Pune,18.52,73.86,6,Monsoon,Clear,25.1,4.62,14.84,47.7,1014.1
2023-06-26,Pune,18.52,73.86,6,Monsoon,Monsoon,24.24,18.87,18.22,63.1,1014.6
2023-06-27,Pune,18.52,73.86,6,Monsoon,Clear,26.4,5.7,14.42,61.7,1011.6
2023-06-28,Pune,18.52,73.86,6,Monsoon,Monsoon,25.99,10.74,17.75,60.6,1013.3
2023-06-29,Pune,18.52,73.86,6,Monsoon,Monsoon,26.56,10.36,18.04,59.5,1009.2
2023-06-30,Pune,18.52,73.86,6,Monsoon,Clear,26.64,0.0,15.67,54.9,1009.4
2023-07-01,Pune,18.52,73.86,7,Monsoon,Clear,24.24,0.0,14.23,63.3,1014.0
2023-07-02,Pune,18.52,73.86,7,Monsoon,Clear,23.87,0.0,15.21,58.7,1013.0
2023-07-03,Pune,18.52,73.86,7,Monsoon,Monsoon,24.85,21.7,18.24,66.2,1011.3
2023-07-04,Pune,18.52,73.86,7,Monsoon,Clear,24.55,3.1,16.77,54.1,1011.6
2023-07-05,Pune,18.52,73.86,7,Monsoon,Monsoon,24.5,21.84,19.86,61.8,1010.4
2023-07-06,Pune,18.52,73.86,7,Monsoon,Clear,24.65,0.0,14.66,60.0,1014.4
2023-07-07,Pune,18.52,73.86,7,Monsoon,Clear,26.03,0.0,16.74,49.0,1016.0
2023-07-08,Pune,18.52,73.86,7,Monsoon,Monsoon,26.52,40.5,24.85,59.5,1008.9
2023-07-09,Pune,18.52,73.86,7,Monsoon,Monsoon,26.56,14.75,18.57,57.4,1008.6
2023-07-10,Pune,18.52,73.86,7,Monsoon,Clear,25.55,0.0,17.81,62.2,1015.2
2023-07-11,Pune,18.52,73.86,7,Monsoon,Clear,23.89,0.0,16.52,60.1,1014.0
2023-07-12,Pune,18.52,73.86,7,Monsoon,Clear,25.21,0.0,15.79,63.8,1014.1
2023-07-13,Pune,18.52,73.86,7,Monsoon,Clear,26.22,0.0,16.08,54.2,1013.2
2023-07-14,Pune,18.52,73.86,7,Monsoon,Clear,25.76,0.0,14.84,53.1,1017.1
2023-07-15,Pune,18.52,73.86,7,Monsoon,Clear,26.17,0.0,14.66,46.6,1013.0
2023-07-16,Pune,18.52,73.86,7,Monsoon,Monsoon,26.74,42.83,22.71,64.3,1010.0
2023-07-17,Pune,18.52,73.86,7,Monsoon,Clear,27.22,0.22,17.94,63.7,1009.6
2023-07-18,Pune,18.52,73.86,7,Monsoon,Clear,27.68,7.92,20.87,59.3,1011.2
2023-07-19,Pune,18.52,73.86,7,Monsoon,Clear,26.51,6.42,18.64,61.3,1011.1
2023-07-20,Pune,18.52,73.86,7,Monsoon,Clear,27.8,0.0,19.39,59.2,1012.9
2023-07-21,Pune,18.52,73.86,7,Monsoon,Clear,25.73,0.0,17.8,54.9,1013.5
2023-07-22,Pune,18.52,73.86,7,Monsoon,Clear,26.49,0.0,17.6,53.8,1011.6
2023-07-23,Pune,18.52,73.86,7,Monsoon,Clear,26.66,0.0,18.29,55.7,1016.0
2023-07-24,Pune,18.52,73.86,7,Monsoon,Clear,27.21,0.0,17.73,59.0,1011.0
2023-07-25,Pune,18.52,73.86,7,Monsoon,Clear,28.72,0.0,20.81,57.7,1012.1
2023-07-26,Pune,18.52,73.86,7,Monsoon,Clear,29.42,0.0,19.04,58.0,1013.3
2023-07-27,Pune,18.52,73.86,7,Monsoon,Clear,27.06,0.0,15.75,55.9,1010.7
2023-07-28,Pune,18.52,73.86,7,Monsoon,Clear,24.69,0.0,17.95,54.4,1013.9
2023-07-29,Pune,18.52,73.86,7,Monsoon,Monsoon,25.66,15.38,19.18,58.0,1012.7
2023-07-30,Pune,18.52,73.86,7,Monsoon,Clear,24.38,0.0,15.74,53.4,1012.4
2023-07-31,Pune,18.52,73.86,7,Monsoon,Monsoon,24.52,8.55,12.61,67.6,1015.6
2023-08-01,Pune,18.52,73.86,8,Monsoon,Clear,24.57,4.65,13.73,43.8,1012.6
2023-08-02,Pune,18.52,73.86,8,Monsoon,Clear,22.62,0.0,14.7,57.7,1013.4
2023-08-03,Pune,18.52,73.86,8,Monsoon,Clear,20.64,0.0,15.66,73.3,1011.2
2023-08-04,Pune,18.52,73.86,8,Monsoon,Clear,21.77,0.0,16.48,57.0,1009.9
2023-08-05,Pune,18.52,73.86,8,Monsoon,Clear,22.37,0.0,18.07,52.2,1011.8
2023-08-06,Pune,18.52,73.86,8,Monsoon,Clear,22.51,2.48,16.61,59.6,1012.1
2023-08-07,Pune,18.52,73.86,8,Monsoon,Clear,22.92,3.35,17.29,67.7,1011.8
2023-08-08,Pune,18.52,73.86,8,Monsoon,Clear,22.25,5.01,15.19,59.5,1013.8
2023-08-09,Pune,18.52,73.86,8,Monsoon,Clear,21.02,4.56,14.41,64.0,1008.2
2023-08-10,Pune,18.52,73.86,8,Monsoon,Clear,21.58,6.95,16.72,61.7,1010.2
2023-08-11,Pune,18.52,73.86,8,Monsoon,Clear,21.12,0.0,15.43,56.8,1009.6
2023-08-12,Pune,18.52,73.86,8,Monsoon,Clear,20.03,0.0,12.65,77.9,1015.3
2023-08-13,Pune,18.52,73.86,8,Monsoon,Clear,21.58,0.0,13.84,59.4,1011.9
2023-08-14,Pune,18.52,73.86,8,Monsoon,Monsoon,22.12,10.37,15.48,58.9,1011.0
2023-08-15,Pune,18.52,73.86,8,Monsoon,Clear,23.03,0.64,12.6,56.3,1010.9
2023-08-16,Pune,18.52,73.86,8,Monsoon,Clear,22.19,0.0,13.86,61.3,1014.5
2023-08-17,Pune,18.52,73.86,8,Monsoon,Clear,21.92,0.57,13.38,61.6,1012.1
2023-08-18,Pune,18.52,73.86,8,Monsoon,Clear,21.34,2.55,11.55,64.4,1013.1
2023-08-19,Pune,18.52,73.86,8,Monsoon,Clear,21.03,3.05,11.17,60.8,1009.0
2023-08-20,Pune,18.52,73.86,8,Monsoon,Clear,21.99,0.0,14.97,50.4,1015.0
2023-08-21,Pune,18.52,73.86,8,Monsoon,Monsoon,21.63,18.3,15.4,67.6,1012.0
2023-08-22,Pune,18.52,73.86,8,Monsoon,Clear,22.61,4.21,14.08,58.4,1013.5
2023-08-23,Pune,18.52,73.86,8,Monsoon,Monsoon,23.33,12.6,16.87,61.0,1014.0
2023-08-24,Pune,18.52,73.86,8,Monsoon,Clear,25.73,0.0,15.35,46.1,1012.6
2023-08-25,Pune,18.52,73.86,8,Monsoon,Clear,23.76,0.0,12.78,55.6,1012.6
2023-08-26,Pune,18.52,73.86,8,Monsoon,Clear,24.8,0.0,12.82,50.6,1014.2
2023-08-27,Pune,18.52,73.86,8,Monsoon,Clear,24.5,0.0,13.57,54.8,1013.7
2023-08-28,Pune,18.52,73.86,8,Monsoon,Clear,24.36,1.52,15.32,46.7,1012.3
2023-08-29,Pune,18.52,73.86,8,Monsoon,Clear,22.68,0.0,13.54,59.3,1013.0
2023-08-30,Pune,18.52,73.86,8,Monsoon,Clear,22.5,0.0,11.89,59.7,1012.0
2023-08-31,Pune,18.52,73.86,8,Monsoon,Monsoon,23.69,36.56,21.02,63.1,1010.9
2023-09-01,Pune,18.52,73.86,9,Monsoon,Clear,24.68,0.0,13.01,55.3,1014.6
2023-09-02,Pune,18.52,73.86,9,Monsoon,Clear,24.85,2.69,13.18,54.7,1012.7
2023-09-03,Pune,18.52,73.86,9,Monsoon,Clear,24.57,2.86,11.47,65.3,1016.0
2023-09-04,Pune,18.52,73.86,9,Monsoon,Monsoon,25.94,37.04,18.3,50.8,1006.8
2023-09-05,Pune,18.52,73.86,9,Monsoon,Monsoon,25.69,22.47,15.57,59.6,1010.5
2023-09-06,Pune,18.52,73.86,9,Monsoon,Clear,23.09,0.0,12.63,49.0,1016.0
2023-09-07,Pune,18.52,73.86,9,Monsoon,Clear,22.81,0.0,9.9,56.4,1012.2
2023-09-08,Pune,18.52,73.86,9,Monsoon,Clear,21.19,0.0,10.58,64.1,1010.0
2023-09-09,Pune,18.52,73.86,9,Monsoon,Clear,18.57,0.0,10.51,55.2,1015.4
2023-09-10,Pune,18.52,73.86,9,Monsoon,Clear,19.59,0.0,8.96,59.8,1013.9
2023-09-11,Pune,18.52,73.86,9,Monsoon,Clear,22.41,0.0,10.22,53.9,1010.8
2023-09-12,Pune,18.52,73.86,9,Monsoon,Clear,23.11,0.0,10.63,70.6,1014.3
2023-09-13,Pune,18.52,73.86,9,Monsoon,Clear,22.29,0.0,10.14,64.5,1011.1
2023-09-14,Pune,18.52,73.86,9,Monsoon,Clear,21.93,0.0,11.16,65.8,1010.5
2023-09-15,Pune,18.52,73.86,9,Monsoon,Clear,23.94,7.88,10.24,53.4,1011.9
2023-09-16,Pune,18.52,73.86,9,Monsoon,Clear,24.38,2.34,10.14,53.1,1011.8
2023-09-17,Pune,18.52,73.86,9,Monsoon,Monsoon,24.59,9.32,12.66,68.2,1010.1
2023-09-18,Pune,18.52,73.86,9,Monsoon,Clear,24.63,2.41,11.88,58.5,1012.0
2023-09-19,Pune,18.52,73.86,9,Monsoon,Clear,24.77,0.0,12.97,57.5,1011.1
2023-09-20,Pune,18.52,73.86,9,Monsoon,Clear,25.71,0.0,10.16,57.0,1013.0
2023-09-21,Pune,18.52,73.86,9,Monsoon,Clear,26.14,0.0,8.13,47.5,1012.9
2023-09-22,Pune,18.52,73.86,9,Monsoon,Clear,26.09,0.0,9.8,59.6,1014.3
2023-09-23,Pune,18.52,73.86,9,Monsoon,Clear,24.67,0.0,11.07,59.1,1012.1
2023-09-24,Pune,18.52,73.86,9,Monsoon,Clear,25.32,0.0,14.43,57.9,1010.5
2023-09-25,Pune,18.52,73.86,9,Monsoon,Clear,24.48,0.0,13.87,55.0,1010.5
2023-09-26,Pune,18.52,73.86,9,Monsoon,Clear,25.82,0.0,11.18,58.1,1012.5
2023-09-27,Pune,18.52,73.86,9,Monsoon,Clear,24.21,0.0,12.39,54.8,1015.7
2023-09-28,Pune,18.52,73.86,9,Monsoon,Clear,24.26,0.0,10.41,64.7,1014.4
2023-09-29,Pune,18.52,73.86,9,Monsoon,Clear,24.44,6.51,9.47,67.7,1011.2
2023-09-30,Pune,18.52,73.86,9,Monsoon,Clear,23.12,0.0,13.69,64.5,1014.6
2023-10-01,Pune,18.52,73.86,10,PostMonsoon,Clear,26.48,0.0,10.0,58.1,1010.8
2023-10-02,Pune,18.52,73.86,10,PostMonsoon,Clear,27.97,0.0,10.24,58.8,1014.7
2023-10-03,Pune,18.52,73.86,10,PostMonsoon,Clear,26.97,0.0,10.14,38.8,1012.2
2023-10-04,Pune,18.52,73.86,10,PostMonsoon,Clear,27.57,0.0,12.07,60.0,1014.3
2023-10-05,Pune,18.52,73.86,10,PostMonsoon,Clear,27.6,0.0,10.7,53.4,1014.0
2023-10-06,Pune,18.52,73.86,10,PostMonsoon,Clear,24.32,0.0,11.43,59.6,1012.4
2023-10-07,Pune,18.52,73.86,10,PostMonsoon,Clear,25.02,0.0,8.24,57.3,1013.5
2023-10-08,Pune,18.52,73.86,10,PostMonsoon,Clear,25.2,0.0,5.91,50.7,1011.0
2023-10-09,Pune,18.52,73.86,10,PostMonsoon,Clear,25.49,0.0,9.13,55.8,1012.8
2023-10-10,Pune,18.52,73.86,10,PostMonsoon,Clear,24.43,0.0,10.98,63.0,1014.9
2023-10-11,Pune,18.52,73.86,10,PostMonsoon,Clear,24.53,5.95,11.53,69.3,1019.8
2023-10-12,Pune,18.52,73.86,10,PostMonsoon,Clear,24.7,0.0,9.71,55.3,1014.2
2023-10-13,Pune,18.52,73.86,10,PostMonsoon,Clear,26.33,0.0,9.21,49.6,1013.1
2023-10-14,Pune,18.52,73.86,10,PostMonsoon,Clear,26.62,0.0,7.56,63.7,1011.1
2023-10-15,Pune,18.52,73.86,10,PostMonsoon,Clear,26.46,0.0,10.22,49.7,1014.8
2023-10-16,Pune,18.52,73.86,10,PostMonsoon,Clear,28.02,0.0,10.28,67.4,1009.9
2023-10-17,Pune,18.52,73.86,10,PostMonsoon,Convective,26.91,12.88,12.38,59.1,1010.3
2023-10-18,Pune,18.52,73.86,10,PostMonsoon,Clear,26.25,0.0,9.74,49.7,1013.6
2023-10-19,Pune,18.52,73.86,10,PostMonsoon,Clear,24.19,0.0,10.63,64.9,1010.7
2023-10-20,Pune,18.52,73.86,10,PostMonsoon,Clear,26.37,0.0,10.26,65.2,1015.7
2023-10-21,Pune,18.52,73.86,10,PostMonsoon,Clear,27.34,0.0,10.43,46.4,1014.9
2023-10-22,Pune,18.52,73.86,10,PostMonsoon,Clear,28.01,0.0,7.47,64.4,1011.9
2023-10-23,Pune,18.52,73.86,10,PostMonsoon,Clear,28.24,0.0,8.52,53.3,1011.9
2023-10-24,Pune,18.52,73.86,10,PostMonsoon,Clear,27.8,0.0,11.79,63.9,1010.5
2023-10-25,Pune,18.52,73.86,10,PostMonsoon,Clear,27.59,0.0,9.25,52.7,1010.4
2023-10-26,Pune,18.52,73.86,10,PostMonsoon,Clear,26.92,0.0,8.48,45.5,1013.7
2023-10-27,Pune,18.52,73.86,10,PostMonsoon,Clear,26.46,7.59,11.06,60.3,1013.4
2023-10-28,Pune,18.52,73.86,10,PostMonsoon,Clear,26.41,0.0,10.46,60.6,1013.6
2023-10-29,Pune,18.52,73.86,10,PostMonsoon,Clear,27.97,0.0,10.35,67.6,1013.4
2023-10-30,Pune,18.52,73.86,10,PostMonsoon,Clear,28.09,0.0,6.71,65.3,1011.9
2023-10-31,Pune,18.52,73.86,10,PostMonsoon,Clear,27.5,0.0,8.09,59.2,1013.6
2023-11-01,Pune,18.52,73.86,11,PostMonsoon,Clear,23.49,0.0,5.16,53.6,1010.3
2023-11-02,Pune,18.52,73.86,11,PostMonsoon,Clear,22.67,0.0,4.67,55.9,1012.9
2023-11-03,Pune,18.52,73.86,11,PostMonsoon,Clear,24.51,0.0,6.59,53.2,1015.6
2023-11-04,Pune,18.52,73.86,11,PostMonsoon,Clear,24.69,0.0,6.3,50.0,1015.3
2023-11-05,Pune,18.52,73.86,11,PostMonsoon,Clear,24.34,0.0,7.91,53.4,1012.1
2023-11-06,Pune,18.52,73.86,11,PostMonsoon,Clear,23.63,0.0,12.54,39.7,1012.3
2023-11-07,Pune,18.52,73.86,11,PostMonsoon,Clear,22.25,0.0,11.29,60.1,1015.4
2023-11-08,Pune,18.52,73.86,11,PostMonsoon,Clear,22.36,0.0,10.52,58.8,1016.1
2023-11-09,Pune,18.52,73.86,11,PostMonsoon,Clear,23.48,0.0,7.5,70.4,1010.2
2023-11-10,Pune,18.52,73.86,11,PostMonsoon,Clear,22.93,0.0,6.25,63.6,1012.1
2023-11-11,Pune,18.52,73.86,11,PostMonsoon,Clear,22.7,0.0,4.88,56.1,1013.3
2023-11-12,Pune,18.52,73.86,11,PostMonsoon,Clear,22.53,0.0,4.98,62.4,1015.1
2023-11-13,Pune,18.52,73.86,11,PostMonsoon,Clear,22.77,0.0,4.14,51.6,1011.4
2023-11-14,Pune,18.52,73.86,11,PostMonsoon,Clear,21.07,0.0,4.37,55.4,1014.1
2023-11-15,Pune,18.52,73.86,11,PostMonsoon,Clear,21.3,0.0,5.22,47.8,1012.4
2023-11-16,Pune,18.52,73.86,11,PostMonsoon,Clear,20.78,0.0,4.42,67.6,1017.2
2023-11-17,Pune,18.52,73.86,11,PostMonsoon,Clear,22.31,0.0,3.31,62.6,1013.7
2023-11-18,Pune,18.52,73.86,11,PostMonsoon,Convective,21.63,31.0,8.37,61.2,1009.9
2023-11-19,Pune,18.52,73.86,11,PostMonsoon,Clear,22.61,0.0,5.41,58.6,1012.3
2023-11-20,Pune,18.52,73.86,11,PostMonsoon,Clear,24.39,0.0,6.22,60.7,1014.8
2023-11-21,Pune,18.52,73.86,11,PostMonsoon,Clear,23.69,0.0,8.21,58.0,1014.1
2023-11-22,Pune,18.52,73.86,11,PostMonsoon,Clear,22.86,0.0,9.34,61.3,1011.0
2023-11-23,Pune,18.52,73.86,11,PostMonsoon,Clear,23.1,0.0,7.74,49.9,1013.3
2023-11-24,Pune,18.52,73.86,11,PostMonsoon,Clear,23.08,0.0,8.48,51.2,1010.5
2023-11-25,Pune,18.52,73.86,11,PostMonsoon,Clear,21.96,0.0,5.51,59.6,1011.6
2023-11-26,Pune,18.52,73.86,11,PostMonsoon,Clear,22.73,0.0,9.83,64.5,1010.6
2023-11-27,Pune,18.52,73.86,11,PostMonsoon,Clear,25.01,0.0,10.47,50.0,1010.5
2023-11-28,Pune,18.52,73.86,11,PostMonsoon,Clear,24.23,0.0,8.56,48.3,1011.7
2023-11-29,Pune,18.52,73.86,11,PostMonsoon,Clear,23.7,0.0,6.0,61.9,1011.1
2023-11-30,Pune,18.52,73.86,11,PostMonsoon,Clear,22.37,0.0,7.06,53.4,1013.9
2023-12-01,Pune,18.52,73.86,12,Winter,Clear,20.88,0.0,4.04,65.5,1014.4
2023-12-02,Pune,18.52,73.86,12,Winter,Clear,19.54,0.0,4.12,60.5,1012.5
2023-12-03,Pune,18.52,73.86,12,Winter,Clear,18.69,0.0,6.62,64.3,1010.9
2023-12-04,Pune,18.52,73.86,12,Winter,Clear,20.67,0.0,6.91,69.5,1014.4
2023-12-05,Pune,18.52,73.86,12,Winter,Clear,19.76,0.0,6.16,63.1,1009.3
2023-12-06,Pune,18.52,73.86,12,Winter,Clear,21.26,0.0,8.06,59.7,1009.4
2023-12-07,Pune,18.52,73.86,12,Winter,Clear,22.87,0.0,5.92,49.5,1014.2
2023-12-08,Pune,18.52,73.86,12,Winter,Clear,22.69,0.0,6.86,50.8,1014.1
2023-12-09,Pune,18.52,73.86,12,Winter,Clear,22.87,0.0,6.13,58.9,1014.7
2023-12-10,Pune,18.52,73.86,12,Winter,Clear,24.55,0.0,5.16,64.2,1012.5
2023-12-11,Pune,18.52,73.86,12,Winter,Clear,23.45,0.0,6.73,63.4,1010.6
2023-12-12,Pune,18.52,73.86,12,Winter,Clear,22.18,0.0,5.26,68.9,1012.0
2023-12-13,Pune,18.52,73.86,12,Winter,Clear,20.4,0.0,9.09,60.9,1013.9
2023-12-14,Pune,18.52,73.86,12,Winter,Clear,20.6,0.0,7.21,60.2,1011.5
2023-12-15,Pune,18.52,73.86,12,Winter,Clear,22.32,0.0,10.3,61.0,1011.7
2023-12-16,Pune,18.52,73.86,12,Winter,Clear,23.05,0.0,7.07,55.1,1010.4
2023-12-17,Pune,18.52,73.86,12,Winter,Clear,21.5,0.0,8.01,54.6,1010.8
2023-12-18,Pune,18.52,73.86,12,Winter,Clear,20.43,0.0,5.63,52.7,1014.4
2023-12-19,Pune,18.52,73.86,12,Winter,Clear,20.02,0.0,4.1,64.9,1013.7
2023-12-20,Pune,18.52,73.86,12,Winter,Clear,20.59,0.0,5.66,52.6,1010.8
2023-12-21,Pune,18.52,73.86,12,Winter,Clear,20.46,0.0,7.35,62.1,1011.0
2023-12-22,Pune,18.52,73.86,12,Winter,Clear,20.83,0.0,5.15,50.5,1011.9
2023-12-23,Pune,18.52,73.86,12,Winter,Clear,21.2,0.0,7.88,61.6,1013.9
2023-12-24,Pune,18.52,73.86,12,Winter,Clear,20.82,0.0,6.21,52.8,1010.8
2023-12-25,Pune,18.52,73.86,12,Winter,Clear,20.82,0.0,6.77,64.1,1012.6
2023-12-26,Pune,18.52,73.86,12,Winter,Clear,21.09,0.0,7.48,45.5,1009.0
2023-12-27,Pune,18.52,73.86,12,Winter,Clear,20.98,0.0,8.22,56.4,1010.6
2023-12-28,Pune,18.52,73.86,12,Winter,Clear,21.54,0.0,4.79,62.1,1013.7
2023-12-29,Pune,18.52,73.86,12,Winter,Clear,23.46,0.0,8.38,50.2,1014.5
2023-12-30,Pune,18.52,73.86,12,Winter,Clear,23.5,0.0,8.66,55.4,1010.8
2023-12-31,Pune,18.52,73.86,12,Winter,Clear,22.93,0.0,7.23,52.1,1011.5
2024-01-01,Pune,18.52,73.86,1,Winter,Clear,20.6,0.0,6.49,45.1,1014.4
2024-01-02,Pune,18.52,73.86,1,Winter,Clear,21.12,0.0,4.46,56.8,1012.2
2024-01-03,Pune,18.52,73.86,1,Winter,Clear,18.95,0.0,3.87,61.6,1011.9
2024-01-04,Pune,18.52,73.86,1,Winter,Clear,17.91,0.0,6.6,52.4,1013.9
2024-01-05,Pune,18.52,73.86,1,Winter,Clear,19.63,0.0,6.69,62.4,1013.3
2024-01-06,Pune,18.52,73.86,1,Winter,Clear,20.75,0.0,5.47,54.2,1014.9
2024-01-07,Pune,18.52,73.86,1,Winter,Clear,20.64,0.0,5.76,53.0,1014.4
2024-01-08,Pune,18.52,73.86,1,Winter,Clear,18.85,0.0,9.27,59.0,1011.9
2024-01-09,Pune,18.52,73.86,1,Winter,Clear,18.98,0.0,8.17,54.9,1012.7
2024-01-10,Pune,18.52,73.86,1,Winter,Clear,18.74,0.0,7.16,72.8,1012.8
2024-01-11,Pune,18.52,73.86,1,Winter,Clear,20.0,0.0,9.7,49.7,1010.5
2024-01-12,Pune,18.52,73.86,1,Winter,Clear,22.74,0.0,9.67,59.4,1011.2
2024-01-13,Pune,18.52,73.86,1,Winter,Clear,22.54,0.0,8.99,60.9,1014.7
2024-01-14,Pune,18.52,73.86,1,Winter,Clear,21.3,0.0,7.57,43.1,1010.1
2024-01-15,Pune,18.52,73.86,1,Winter,Clear,19.94,0.0,5.28,48.6,1014.7
2024-01-16,Pune,18.52,73.86,1,Winter,Clear,20.14,0.0,4.63,62.4,1013.4
2024-01-17,Pune,18.52,73.86,1,Winter,Clear,20.16,0.0,5.38,56.1,1012.7
2024-01-18,Pune,18.52,73.86,1,Winter,Clear,19.1,0.0,6.21,61.3,1013.9
2024-01-19,Pune,18.52,73.86,1,Winter,Clear,19.71,0.0,7.58,65.8,1013.8
2024-01-20,Pune,18.52,73.86,1,Winter,Clear,18.76,0.0,8.65,56.8,1015.1
2024-01-21,Pune,18.52,73.86,1,Winter,Clear,20.55,0.0,8.72,52.6,1012.2
2024-01-22,Pune,18.52,73.86,1,Winter,Clear,21.83,0.0,8.75,38.6,1012.5
2024-01-23,Pune,18.52,73.86,1,Winter,Clear,22.81,0.0,6.8,56.2,1012.5
2024-01-24,Pune,18.52,73.86,1,Winter,Clear,21.84,0.0,3.89,49.4,1016.3
2024-01-25,Pune,18.52,73.86,1,Winter,Clear,22.2,0.0,4.91,56.9,1014.6
2024-01-26,Pune,18.52,73.86,1,Winter,Clear,21.75,0.0,4.77,56.4,1011.3
2024-01-27,Pune,18.52,73.86,1,Winter,Clear,21.14,0.0,5.18,46.7,1012.3
2024-01-28,Pune,18.52,73.86,1,Winter,Clear,20.73,0.0,6.01,69.3,1011.6
2024-01-29,Pune,18.52,73.86,1,Winter,Clear,19.37,0.0,4.92,65.5,1012.9
2024-01-30,Pune,18.52,73.86,1,Winter,Clear,18.19,0.0,4.53,64.1,1013.3
2024-01-31,Pune,18.52,73.86,1,Winter,Clear,19.76,0.0,5.93,51.9,1017.1
2024-02-01,Pune,18.52,73.86,2,Winter,Clear,21.86,0.0,8.05,56.6,1009.6
2024-02-02,Pune,18.52,73.86,2,Winter,Clear,22.39,0.0,7.43,55.7,1014.8
2024-02-03,Pune,18.52,73.86,2,Winter,Clear,23.64,0.0,8.93,52.5,1013.7
2024-02-04,Pune,18.52,73.86,2,Winter,Clear,21.57,0.0,8.61,52.3,1011.7
2024-02-05,Pune,18.52,73.86,2,Winter,Clear,21.07,0.0,7.15,61.6,1012.7
2024-02-06,Pune,18.52,73.86,2,Winter,Clear,21.74,0.0,8.05,60.4,1012.0
2024-02-07,Pune,18.52,73.86,2,Winter,Clear,22.49,0.0,11.49,61.2,1013.0
2024-02-08,Pune,18.52,73.86,2,Winter,Clear,22.2,0.0,9.29,56.0,1014.7
2024-02-09,Pune,18.52,73.86,2,Winter,Clear,23.53,0.0,11.02,62.7,1010.2
2024-02-10,Pune,18.52,73.86,2,Winter,Clear,23.63,0.0,12.32,56.1,1015.3
2024-02-11,Pune,18.52,73.86,2,Winter,Clear,22.14,0.0,13.22,42.6,1012.3
2024-02-12,Pune,18.52,73.86,2,Winter,Clear,21.33,0.0,10.01,55.2,1015.6
2024-02-13,Pune,18.52,73.86,2,Winter,Clear,22.63,0.0,12.78,58.7,1013.7
2024-02-14,Pune,18.52,73.86,2,Winter,Clear,23.24,0.0,11.26,60.8,1015.2
2024-02-15,Pune,18.52,73.86,2,Winter,Clear,21.09,0.0,9.84,57.2,1014.0
2024-02-16,Pune,18.52,73.86,2,Winter,Clear,23.05,0.0,9.09,53.5,1014.9
2024-02-17,Pune,18.52,73.86,2,Winter,Clear,23.69,0.0,10.01,51.0,1013.0
2024-02-18,Pune,18.52,73.86,2,Winter,Clear,25.0,0.0,9.64,59.0,1011.4
2024-02-19,Pune,18.52,73.86,2,Winter,Clear,24.08,0.0,9.07,52.3,1014.1
2024-02-20,Pune,18.52,73.86,2,Winter,Clear,23.48,0.0,11.09,51.4,1014.2
2024-02-21,Pune,18.52,73.86,2,Winter,Clear,22.12,0.0,8.99,54.5,1016.7
2024-02-22,Pune,18.52,73.86,2,Winter,Clear,25.13,0.0,7.33,58.3,1009.3
2024-02-23,Pune,18.52,73.86,2,Winter,Clear,24.41,0.0,9.35,51.8,1012.6
2024-02-24,Pune,18.52,73.86,2,Winter,Clear,25.8,0.0,10.32,44.9,1014.9
2024-02-25,Pune,18.52,73.86,2,Winter,Clear,24.39,0.0,11.48,58.7,1010.7
2024-02-26,Pune,18.52,73.86,2,Winter,Clear,24.22,0.0,8.65,50.8,1012.5
2024-02-27,Pune,18.52,73.86,2,Winter,Clear,22.08,0.0,10.54,61.1,1016.8
2024-02-28,Pune,18.52,73.86,2,Winter,Clear,21.89,0.0,10.62,61.2,1015.5
2024-02-29,Pune,18.52,73.86,2,Winter,Clear,23.25,0.0,12.71,62.2,1011.4
2024-03-01,Pune,18.52,73.86,3,Summer,Clear,25.81,0.0,9.04,65.3,1015.5
2024-03-02,Pune,18.52,73.86,3,Summer,Clear,27.29,0.0,9.37,51.5,1015.1
2024-03-03,Pune,18.52,73.86,3,Summer,Clear,27.59,0.0,8.76,54.0,1014.3
2024-03-04,Pune,18.52,73.86,3,Summer,Clear,26.29,0.0,6.32,51.3,1013.6
2024-03-05,Pune,18.52,73.86,3,Summer,Clear,25.92,0.0,6.38,69.1,1013.4
2024-03-06,Pune,18.52,73.86,3,Summer,Clear,25.68,0.0,9.36,61.6,1011.4
2024-03-07,Pune,18.52,73.86,3,Summer,Clear,25.96,0.0,8.45,67.4,1012.0
2024-03-08,Pune,18.52,73.86,3,Summer,Clear,25.63,0.0,7.54,57.1,1014.3
2024-03-09,Pune,18.52,73.86,3,Summer,Clear,25.06,0.0,9.59,46.7,1013.2
2024-03-10,Pune,18.52,73.86,3,Summer,Clear,25.21,0.0,10.91,68.2,1016.3
2024-03-11,Pune,18.52,73.86,3,Summer,Clear,24.53,0.0,11.63,59.6,1012.3
2024-03-12,Pune,18.52,73.86,3,Summer,Clear,23.73,0.0,9.18,59.8,1008.6
2024-03-13,Pune,18.52,73.86,3,Summer,Clear,24.49,0.0,9.01,59.3,1012.3
2024-03-14,Pune,18.52,73.86,3,Summer,Clear,26.09,0.0,10.65,62.9,1013.4
2024-03-15,Pune,18.52,73.86,3,Summer,Clear,24.64,0.0,8.86,62.2,1013.6
2024-03-16,Pune,18.52,73.86,3,Summer,Clear,25.23,0.0,7.72,49.5,1013.1
2024-03-17,Pune,18.52,73.86,3,Summer,Clear,24.96,0.0,9.62,65.5,1011.5
2024-03-18,Pune,18.52,73.86,3,Summer,Clear,24.39,0.0,11.84,55.8,1015.6
2024-03-19,Pune,18.52,73.86,3,Summer,Clear,25.98,0.0,8.72,56.2,1011.8
2024-03-20,Pune,18.52,73.86,3,Summer,Clear,25.67,0.0,4.69,69.4,1014.2
2024-03-21,Pune,18.52,73.86,3,Summer,Clear,27.65,0.0,4.31,60.5,1012.4
2024-03-22,Pune,18.52,73.86,3,Summer,Clear,26.63,0.0,4.8,57.0,1010.8
2024-03-23,Pune,18.52,73.86,3,Summer,Clear,27.15,1.71,6.78,44.4,1015.3
2024-03-24,Pune,18.52,73.86,3,Summer,Clear,26.86,0.0,8.59,60.0,1008.4
2024-03-25,Pune,18.52,73.86,3,Summer,Clear,26.07,0.0,8.54,62.2,1011.4
2024-03-26,Pune,18.52,73.86,3,Summer,Clear,26.95,0.0,7.63,58.5,1013.7
2024-03-27,Pune,18.52,73.86,3,Summer,Clear,26.79,0.0,8.49,51.5,1012.3
2024-03-28,Pune,18.52,73.86,3,Summer,Clear,27.51,0.0,7.18,50.3,1014.3
2024-03-29,Pune,18.52,73.86,3,Summer,Clear,27.33,0.0,7.92,47.5,1012.8
2024-03-30,Pune,18.52,73.86,3,Summer,Clear,26.05,0.0,7.38,60.3,1012.1
2024-03-31,Pune,18.52,73.86,3,Summer,Clear,26.18,0.0,12.4,63.9,1016.8
2024-04-01,Pune,18.52,73.86,4,Summer,Clear,30.44,0.0,14.18,65.2,1012.6
2024-04-02,Pune,18.52,73.86,4,Summer,Clear,31.63,0.0,11.41,50.6,1012.7
2024-04-03,Pune,18.52,73.86,4,Summer,Clear,30.48,0.0,9.63,60.4,1011.0
2024-04-04,Pune,18.52,73.86,4,Summer,Clear,30.57,0.0,9.55,62.3,1011.6
2024-04-05,Pune,18.52,73.86,4,Summer,Clear,28.78,0.0,7.57,55.9,1014.1
2024-04-06,Pune,18.52,73.86,4,Summer,Clear,30.05,0.0,7.94,58.1,1014.0
2024-04-07,Pune,18.52,73.86,4,Summer,Clear,29.1,0.0,8.14,71.7,1013.0
2024-04-08,Pune,18.52,73.86,4,Summer,Clear,27.59,0.0,10.84,60.2,1011.7
2024-04-09,Pune,18.52,73.86,4,Summer,Clear,28.38,0.0,10.23,64.3,1014.2
2024-04-10,Pune,18.52,73.86,4,Summer,Clear,30.25,0.0,9.31,56.4,1009.9
2024-04-11,Pune,18.52,73.86,4,Summer,Clear,28.76,0.0,7.93,59.3,1012.3
2024-04-12,Pune,18.52,73.86,4,Summer,Clear,28.12,0.0,7.43,48.7,1012.5
2024-04-13,Pune,18.52,73.86,4,Summer,Clear,28.02,0.0,8.93,58.8,1011.4
2024-04-14,Pune,18.52,73.86,4,Summer,Clear,27.53,0.0,9.52,66.2,1013.2
2024-04-15,Pune,18.52,73.86,4,Summer,Clear,28.81,0.0,12.0,71.6,1011.8
2024-04-16,Pune,18.52,73.86,4,Summer,Clear,28.47,0.0,10.54,66.2,1011.5
2024-04-17,Pune,18.52,73.86,4,Summer,Clear,28.31,0.0,12.44,63.1,1016.2
2024-04-18,Pune,18.52,73.86,4,Summer,Clear,29.62,0.0,12.21,59.3,1014.3
2024-04-19,Pune,18.52,73.86,4,Summer,Clear,29.14,0.0,11.66,55.4,1015.1
2024-04-20,Pune,18.52,73.86,4,Summer,Clear,30.08,0.0,8.15,58.0,1013.1
2024-04-21,Pune,18.52,73.86,4,Summer,Clear,29.24,0.0,7.37,62.7,1014.7
2024-04-22,Pune,18.52,73.86,4,Summer,Clear,28.35,0.0,10.19,54.3,1014.4
2024-04-23,Pune,18.52,73.86,4,Summer,Clear,26.99,0.0,12.79,64.6,1015.2
2024-04-24,Pune,18.52,73.86,4,Summer,Clear,30.04,0.0,12.31,53.1,1017.2
2024-04-25,Pune,18.52,73.86,4,Summer,Clear,29.93,0.0,12.94,48.3,1012.6
2024-04-26,Pune,18.52,73.86,4,Summer,Clear,30.46,0.0,11.42,52.9,1013.4
2024-04-27,Pune,18.52,73.86,4,Summer,Clear,30.56,0.0,10.63,49.0,1012.9
2024-04-28,Pune,18.52,73.86,4,Summer,Clear,30.85,0.0,9.74,50.8,1006.7
2024-04-29,Pune,18.52,73.86,4,Summer,Clear,30.94,0.0,11.87,65.8,1010.5
2024-04-30,Pune,18.52,73.86,4,Summer,Heatwave,33.06,0.0,12.02,53.8,1013.0
2024-05-01,Pune,18.52,73.86,5,Summer,Clear,32.4,6.44,14.35,58.2,1013.5
2024-05-02,Pune,18.52,73.86,5,Summer,Clear,30.59,0.0,12.58,65.9,1011.9
2024-05-03,Pune,18.52,73.86,5,Summer,Clear,29.83,0.0,13.66,66.6,1015.0
2024-05-04,Pune,18.52,73.86,5,Summer,Clear,28.9,0.0,13.88,56.0,1015.3
2024-05-05,Pune,18.52,73.86,5,Summer,Clear,30.5,0.0,12.15,67.0,1012.2
2024-05-06,Pune,18.52,73.86,5,Summer,Clear,31.78,0.0,15.28,61.3,1015.6
2024-05-07,Pune,18.52,73.86,5,Summer,Clear,30.77,0.0,14.66,59.0,1016.1
2024-05-08,Pune,18.52,73.86,5,Summer,Clear,29.55,0.0,13.93,61.7,1013.8
2024-05-09,Pune,18.52,73.86,5,Summer,Clear,29.77,0.0,15.88,50.4,1011.2
2024-05-10,Pune,18.52,73.86,5,Summer,Clear,31.86,0.0,16.22,54.3,1015.6
2024-05-11,Pune,18.52,73.86,5,Summer,Clear,28.79,0.0,14.63,58.4,1012.7
2024-05-12,Pune,18.52,73.86,5,Summer,Clear,30.17,1.95,15.11,63.2,1012.1
2024-05-13,Pune,18.52,73.86,5,Summer,Convective,29.45,20.26,15.9,62.8,1011.4
2024-05-14,Pune,18.52,73.86,5,Summer,Clear,31.23,0.0,11.56,58.2,1012.0
2024-05-15,Pune,18.52,73.86,5,Summer,Clear,30.24,0.0,8.59,64.8,1014.9
2024-05-16,Pune,18.52,73.86,5,Summer,Clear,30.36,0.0,12.53,67.5,1014.4
2024-05-17,Pune,18.52,73.86,5,Summer,Clear,29.12,0.0,9.7,63.6,1015.2
2024-05-18,Pune,18.52,73.86,5,Summer,Clear,28.76,0.0,12.28,66.6,1014.0
2024-05-19,Pune,18.52,73.86,5,Summer,Clear,31.1,0.0,11.27,56.6,1011.6
2024-05-20,Pune,18.52,73.86,5,Summer,Clear,32.22,0.0,10.48,53.2,1012.7
2024-05-21,Pune,18.52,73.86,5,Summer,Clear,31.73,0.0,11.3,60.9,1014.6
2024-05-22,Pune,18.52,73.86,5,Summer,Clear,30.84,0.0,12.49,57.2,1012.3
2024-05-23,Pune,18.52,73.86,5,Summer,Clear,29.05,0.0,13.7,56.0,1018.3
2024-05-24,Pune,18.52,73.86,5,Summer,Clear,29.35,0.0,16.22,68.9,1012.6
2024-05-25,Pune,18.52,73.86,5,Summer,Clear,29.98,0.0,15.34,57.8,1011.9
2024-05-26,Pune,18.52,73.86,5,Summer,Clear,30.39,0.0,15.7,53.2,1015.1
2024-05-27,Pune,18.52,73.86,5,Summer,Clear,30.69,0.0,13.53,61.9,1014.3
2024-05-28,Pune,18.52,73.86,5,Summer,Clear,29.78,0.0,14.43,70.0,1012.9
2024-05-29,Pune,18.52,73.86,5,Summer,Clear,30.27,0.0,14.03,59.5,1012.6
2024-05-30,Pune,18.52,73.86,5,Summer,Clear,30.66,0.0,12.83,66.4,1013.8
2024-05-31,Pune,18.52,73.86,5,Summer,Clear,32.41,0.0,12.75,52.4,1014.5
2024-06-01,Pune,18.52,73.86,6,Monsoon,Clear,29.36,4.04,15.49,53.3,1014.0
2024-06-02,Pune,18.52,73.86,6,Monsoon,Clear,28.62,5.21,16.11,52.4,1012.0
2024-06-03,Pune,18.52,73.86,6,Monsoon,Monsoon,27.37,34.28,21.91,64.3,1010.7
2024-06-04,Pune,18.52,73.86,6,Monsoon,Monsoon,27.21,18.79,17.97,71.6,1012.8
2024-06-05,Pune,18.52,73.86,6,Monsoon,Monsoon,26.49,14.55,16.21,56.4,1013.1
2024-06-06,Pune,18.52,73.86,6,Monsoon,Monsoon,25.8,9.23,17.08,71.6,1006.6
2024-06-07,Pune,18.52,73.86,6,Monsoon,Clear,26.03,3.13,13.08,53.9,1011.1
2024-06-08,Pune,18.52,73.86,6,Monsoon,Clear,25.13,0.0,12.65,57.6,1011.6
2024-06-09,Pune,18.52,73.86,6,Monsoon,Clear,26.26,1.61,16.48,64.5,1012.4
2024-06-10,Pune,18.52,73.86,6,Monsoon,Monsoon,26.33,14.97,14.02,67.2,1012.0
2024-06-11,Pune,18.52,73.86,6,Monsoon,Clear,26.77,0.0,11.87,60.7,1014.7
2024-06-12,Pune,18.52,73.86,6,Monsoon,Clear,26.63,0.0,14.38,49.1,1014.1
2024-06-13,Pune,18.52,73.86,6,Monsoon,Clear,25.92,0.0,12.02,61.2,1012.8
2024-06-14,Pune,18.52,73.86,6,Monsoon,Clear,25.15,0.0,17.52,52.9,1013.0
2024-06-15,Pune,18.52,73.86,6,Monsoon,Clear,25.35,0.0,12.24,74.4,1016.2
2024-06-16,Pune,18.52,73.86,6,Monsoon,Clear,25.16,4.57,16.6,59.1,1011.5
2024-06-17,Pune,18.52,73.86,6,Monsoon,Clear,25.88,0.0,17.92,60.1,1013.5
2024-06-18,Pune,18.52,73.86,6,Monsoon,Clear,26.15,0.0,18.07,52.1,1015.8
2024-06-19,Pune,18.52,73.86,6,Monsoon,Clear,24.87,0.0,16.34,56.1,1013.6
2024-06-20,Pune,18.52,73.86,6,Monsoon,Clear,25.47,6.5,17.48,53.2,1008.7
2024-06-21,Pune,18.52,73.86,6,Monsoon,Clear,24.38,0.0,14.28,64.9,1013.7
2024-06-22,Pune,18.52,73.86,6,Monsoon,Clear,24.36,0.0,15.9,57.4,1012.3
2024-06-23,Pune,18.52,73.86,6,Monsoon,Clear,24.69,0.0,13.7,62.4,1012.8
2024-06-24,Pune,18.52,73.86,6,Monsoon,Clear,22.99,0.0,13.85,54.9,1014.9
2024-06-25,Pune,18.52,73.86,6,Monsoon,Clear,24.09,0.0,15.96,56.0,1013.8
2024-06-26,Pune,18.52,73.86,6,Monsoon,Clear,24.98,0.0,13.75,66.7,1012.5
2024-06-27,Pune,18.52,73.86,6,Monsoon,Clear,25.31,0.0,13.73,53.2,1014.6
2024-06-28,Pune,18.52,73.86,6,Monsoon,Clear,25.27,0.0,14.56,48.2,1013.8
2024-06-29,Pune,18.52,73.86,6,Monsoon,Clear,25.29,0.0,12.61,61.4,1013.2
2024-06-30,Pune,18.52,73.86,6,Monsoon,Clear,24.64,0.0,15.55,52.2,1013.5
2024-07-01,Pune,18.52,73.86,7,Monsoon,Clear,22.94,0.0,16.85,56.4,1013.5
2024-07-02,Pune,18.52,73.86,7,Monsoon,Clear,22.84,0.0,14.04,64.5,1012.4
2024-07-03,Pune,18.52,73.86,7,Monsoon,Clear,23.48,0.0,14.85,54.1,1012.2
2024-07-04,Pune,18.52,73.86,7,Monsoon,Clear,22.54,0.0,14.13,64.3,1013.0
2024-07-05,Pune,18.52,73.86,7,Monsoon,Monsoon,23.41,14.46,16.52,59.2,1010.0
2024-07-06,Pune,18.52,73.86,7,Monsoon,Monsoon,23.97,9.79,16.74,70.9,1009.9
2024-07-07,Pune,18.52,73.86,7,Monsoon,Clear,24.07,3.18,14.87,67.9,1015.1
2024-07-08,Pune,18.52,73.86,7,Monsoon,Clear,23.82,1.54,16.89,56.6,1012.4
2024-07-09,Pune,18.52,73.86,7,Monsoon,Clear,24.72,0.0,15.21,57.7,1013.0
2024-07-10,Pune,18.52,73.86,7,Monsoon,Clear,22.96,0.0,17.13,54.0,1012.8
2024-07-11,Pune,18.52,73.86,7,Monsoon,Clear,23.98,0.0,16.55,60.2,1013.0
2024-07-12,Pune,18.52,73.86,7,Monsoon,Clear,24.5,0.0,17.67,65.9,1013.0
2024-07-13,Pune,18.52,73.86,7,Monsoon,Clear,24.94,0.0,16.05,50.3,1013.1
2024-07-14,Pune,18.52,73.86,7,Monsoon,Clear,25.37,0.0,15.22,60.5,1011.6
2024-07-15,Pune,18.52,73.86,7,Monsoon,Clear,24.56,0.0,13.73,51.1,1014.7
2024-07-16,Pune,18.52,73.86,7,Monsoon,Monsoon,24.39,20.35,19.34,59.9,1009.9
2024-07-17,Pune,18.52,73.86,7,Monsoon,Clear,25.24,0.0,17.32,44.3,1014.9
2024-07-18,Pune,18.52,73.86,7,Monsoon,Clear,25.65,0.0,20.12,67.6,1009.5
2024-07-19,Pune,18.52,73.86,7,Monsoon,Clear,25.72,3.88,21.03,56.5,1010.7
2024-07-20,Pune,18.52,73.86,7,Monsoon,Monsoon,23.87,13.92,21.29,64.6,1013.5
2024-07-21,Pune,18.52,73.86,7,Monsoon,Monsoon,24.75,11.86,19.33,58.5,1011.7
2024-07-22,Pune,18.52,73.86,7,Monsoon,Clear,26.1,5.01,18.18,62.9,1011.3
2024-07-23,Pune,18.52,73.86,7,Monsoon,Clear,26.93,1.09,16.85,42.7,1013.6
2024-07-24,Pune,18.52,73.86,7,Monsoon,Monsoon,26.71,10.51,20.6,58.3,1010.2
2024-07-25,Pune,18.52,73.86,7,Monsoon,Clear,24.57,0.0,19.0,72.2,1013.1
2024-07-26,Pune,18.52,73.86,7,Monsoon,Clear,25.71,0.0,16.31,52.7,1009.0
2024-07-27,Pune,18.52,73.86,7,Monsoon,Clear,25.37,0.0,15.07,55.1,1012.2
2024-07-28,Pune,18.52,73.86,7,Monsoon,Clear,22.49,0.0,17.68,63.0,1011.8
2024-07-29,Pune,18.52,73.86,7,Monsoon,Monsoon,23.53,23.63,21.67,61.1,1011.8
2024-07-30,Pune,18.52,73.86,7,Monsoon,Clear,22.26,0.0,16.41,59.1,1014.6
2024-07-31,Pune,18.52,73.86,7,Monsoon,Clear,21.52,0.0,18.12,64.8,1011.5
2024-08-01,Pune,18.52,73.86,8,Monsoon,Clear,20.69,0.0,14.55,60.2,1015.9
2024-08-02,Pune,18.52,73.86,8,Monsoon,Monsoon,22.92,13.34,16.25,65.2,1010.7
2024-08-03,Pune,18.52,73.86,8,Monsoon,Clear,22.78,1.6,13.47,57.4,1009.2
2024-08-04,Pune,18.52,73.86,8,Monsoon,Clear,23.38,4.73,11.26,62.3,1008.3
2024-08-05,Pune,18.52,73.86,8,Monsoon,Monsoon,25.46,25.54,18.01,62.9,1013.5
2024-08-06,Pune,18.52,73.86,8,Monsoon,Monsoon,26.85,8.46,13.26,66.2,1012.1
2024-08-07,Pune,18.52,73.86,8,Monsoon,Clear,26.02,3.21,12.43,60.3,1011.5
2024-08-08,Pune,18.52,73.86,8,Monsoon,Monsoon,25.25,12.62,13.9,57.3,1010.5
2024-08-09,Pune,18.52,73.86,8,Monsoon,Monsoon,23.55,8.73,15.43,46.9,1010.2
2024-08-10,Pune,18.52,73.86,8,Monsoon,Clear,22.9,0.24,13.86,63.4,1015.4
2024-08-11,Pune,18.52,73.86,8,Monsoon,Monsoon,23.64,31.22,19.54,72.8,1010.0
2024-08-12,Pune,18.52,73.86,8,Monsoon,Monsoon,24.17,13.96,13.78,53.6,1015.0
2024-08-13,Pune,18.52,73.86,8,Monsoon,Clear,24.25,5.31,13.31,44.6,1012.2
2024-08-14,Pune,18.52,73.86,8,Monsoon,Clear,25.28,3.18,11.31,49.1,1008.5
2024-08-15,Pune,18.52,73.86,8,Monsoon,Clear,24.11,2.43,13.13,61.3,1014.3
2024-08-16,Pune,18.52,73.86,8,Monsoon,Clear,24.02,0.0,13.87,48.6,1012.3
2024-08-17,Pune,18.52,73.86,8,Monsoon,Clear,24.82,0.0,13.9,52.2,1012.6
2024-08-18,Pune,18.52,73.86,8,Monsoon,Clear,25.26,0.0,17.21,56.3,1015.8
2024-08-19,Pune,18.52,73.86,8,Monsoon,Clear,26.12,0.0,16.61,62.3,1012.5
2024-08-20,Pune,18.52,73.86,8,Monsoon,Clear,26.03,0.0,16.39,54.9,1015.1
2024-08-21,Pune,18.52,73.86,8,Monsoon,Clear,25.18,0.0,15.54,54.4,1013.0
2024-08-22,Pune,18.52,73.86,8,Monsoon,Clear,25.28,0.0,14.54,51.7,1011.6
2024-08-23,Pune,18.52,73.86,8,Monsoon,Clear,23.86,0.0,15.84,68.8,1013.9
2024-08-24,Pune,18.52,73.86,8,Monsoon,Clear,22.09,0.0,16.78,65.4,1011.9
2024-08-25,Pune,18.52,73.86,8,Monsoon,Clear,23.21,0.34,13.51,58.5,1015.2
2024-08-26,Pune,18.52,73.86,8,Monsoon,Clear,23.34,0.0,15.38,50.6,1014.7
2024-08-27,Pune,18.52,73.86,8,Monsoon,Clear,23.85,0.0,15.58,54.3,1013.1
2024-08-28,Pune,18.52,73.86,8,Monsoon,Clear,22.02,0.0,16.41,62.5,1014.1
2024-08-29,Pune,18.52,73.86,8,Monsoon,Clear,22.11,6.51,17.24,56.6,1013.4
2024-08-30,Pune,18.52,73.86,8,Monsoon,Clear,21.92,2.7,13.63,65.2,1012.3
2024-08-31,Pune,18.52,73.86,8,Monsoon,Clear,21.49,1.35,11.9,61.6,1014.5
2024-09-01,Pune,18.52,73.86,9,Monsoon,Monsoon,20.64,8.46,14.15,63.3,1011.8
2024-09-02,Pune,18.52,73.86,9,Monsoon,Monsoon,21.36,9.59,14.03,65.8,1013.2
2024-09-03,Pune,18.52,73.86,9,Monsoon,Clear,23.26,0.0,9.45,62.0,1011.3
2024-09-04,Pune,18.52,73.86,9,Monsoon,Clear,24.11,4.1,11.44,55.1,1012.8
2024-09-05,Pune,18.52,73.86,9,Monsoon,Monsoon,23.67,16.28,13.19,61.9,1012.3
2024-09-06,Pune,18.52,73.86,9,Monsoon,Clear,23.99,0.0,7.64,73.0,1011.6
2024-09-07,Pune,18.52,73.86,9,Monsoon,Monsoon,25.07,24.08,9.82,54.9,1010.1
2024-09-08,Pune,18.52,73.86,9,Monsoon,Clear,22.02,5.66,6.42,57.8,1011.5
2024-09-09,Pune,18.52,73.86,9,Monsoon,Monsoon,22.63,9.99,10.16,68.4,1013.4
2024-09-10,Pune,18.52,73.86,9,Monsoon,Clear,23.82,4.94,10.36,59.5,1011.3
2024-09-11,Pune,18.52,73.86,9,Monsoon,Monsoon,24.86,10.05,11.57,57.1,1012.9
2024-09-12,Pune,18.52,73.86,9,Monsoon,Monsoon,26.77,24.89,15.25,54.5,1013.5
2024-09-13,Pune,18.52,73.86,9,Monsoon,Clear,27.58,4.6,12.67,59.6,1013.2
2024-09-14,Pune,18.52,73.86,9,Monsoon,Clear,27.28,3.77,8.78,62.2,1009.8
2024-09-15,Pune,18.52,73.86,9,Monsoon,Clear,27.04,6.83,10.15,65.4,1012.6
2024-09-16,Pune,18.52,73.86,9,Monsoon,Clear,27.39,5.78,9.57,57.0,1014.4
2024-09-17,Pune,18.52,73.86,9,Monsoon,Monsoon,26.2,10.18,9.5,64.3,1011.6
2024-09-18,Pune,18.52,73.86,9,Monsoon,Monsoon,25.86,8.8,9.88,51.4,1014.2
2024-09-19,Pune,18.52,73.86,9,Monsoon,Monsoon,26.64,9.29,10.99,58.8,1013.3
2024-09-20,Pune,18.52,73.86,9,Monsoon,Monsoon,28.38,10.67,11.57,54.1,1012.8
2024-09-21,Pune,18.52,73.86,9,Monsoon,Monsoon,27.36,10.96,9.9,59.3,1011.6
2024-09-22,Pune,18.52,73.86,9,Monsoon,Clear,26.72,0.0,8.54,59.5,1012.1
2024-09-23,Pune,18.52,73.86,9,Monsoon,Clear,26.51,0.0,12.87,61.4,1012.6
2024-09-24,Pune,18.52,73.86,9,Monsoon,Clear,27.61,0.0,10.34,49.1,1013.1
2024-09-25,Pune,18.52,73.86,9,Monsoon,Clear,26.92,0.0,7.94,62.6,1014.0
2024-09-26,Pune,18.52,73.86,9,Monsoon,Clear,28.06,0.0,9.76,52.2,1013.8
2024-09-27,Pune,18.52,73.86,9,Monsoon,Clear,26.23,0.0,11.27,48.8,1012.5
2024-09-28,Pune,18.52,73.86,9,Monsoon,Clear,25.72,0.0,11.89,54.0,1013.1
2024-09-29,Pune,18.52,73.86,9,Monsoon,Clear,25.32,0.0,9.7,46.2,1013.7
2024-09-30,Pune,18.52,73.86,9,Monsoon,Clear,26.11,0.0,11.88,55.0,1010.1
2024-10-01,Pune,18.52,73.86,10,PostMonsoon,Clear,27.98,0.0,7.23,56.7,1011.6
2024-10-02,Pune,18.52,73.86,10,PostMonsoon,Clear,25.82,0.0,5.76,57.8,1011.6
2024-10-03,Pune,18.52,73.86,10,PostMonsoon,Clear,24.86,1.66,6.09,62.7,1012.5
2024-10-04,Pune,18.52,73.86,10,PostMonsoon,Clear,25.52,0.0,6.61,57.1,1012.5
2024-10-05,Pune,18.52,73.86,10,PostMonsoon,Clear,24.91,0.0,8.38,59.0,1012.6
2024-10-06,Pune,18.52,73.86,10,PostMonsoon,Convective,23.51,12.87,11.52,54.2,1010.3
2024-10-07,Pune,18.52,73.86,10,PostMonsoon,Clear,25.27,0.0,8.63,59.3,1014.2
2024-10-08,Pune,18.52,73.86,10,PostMonsoon,Clear,26.0,0.0,9.84,53.9,1013.5
2024-10-09,Pune,18.52,73.86,10,PostMonsoon,Clear,26.54,0.0,9.14,52.3,1010.1
2024-10-10,Pune,18.52,73.86,10,PostMonsoon,Clear,25.88,0.0,10.06,58.4,1013.0
2024-10-11,Pune,18.52,73.86,10,PostMonsoon,Clear,27.04,2.17,7.28,56.8,1010.8
2024-10-12,Pune,18.52,73.86,10,PostMonsoon,Clear,26.52,0.0,4.87,45.1,1016.1
2024-10-13,Pune,18.52,73.86,10,PostMonsoon,Clear,27.6,0.0,7.52,45.6,1012.2
2024-10-14,Pune,18.52,73.86,10,PostMonsoon,Clear,26.19,0.0,5.51,53.2,1012.3
2024-10-15,Pune,18.52,73.86,10,PostMonsoon,Clear,25.21,0.0,6.15,61.8,1013.2
2024-10-16,Pune,18.52,73.86,10,PostMonsoon,Clear,25.63,0.0,6.82,61.2,1012.7
2024-10-17,Pune,18.52,73.86,10,PostMonsoon,Clear,24.95,0.0,6.57,64.4,1012.9
2024-10-18,Pune,18.52,73.86,10,PostMonsoon,Clear,25.96,0.0,6.49,66.8,1015.8
2024-10-19,Pune,18.52,73.86,10,PostMonsoon,Clear,26.25,0.0,9.4,58.0,1013.4
2024-10-20,Pune,18.52,73.86,10,PostMonsoon,Clear,25.17,0.0,4.72,58.9,1014.5
2024-10-21,Pune,18.52,73.86,10,PostMonsoon,Clear,25.46,0.0,7.61,52.8,1015.1
2024-10-22,Pune,18.52,73.86,10,PostMonsoon,Clear,25.21,6.44,12.62,55.2,1010.7
2024-10-23,Pune,18.52,73.86,10,PostMonsoon,Convective,26.41,19.34,13.42,57.9,1014.3
2024-10-24,Pune,18.52,73.86,10,PostMonsoon,Clear,25.61,0.0,9.04,60.6,1014.3
2024-10-25,Pune,18.52,73.86,10,PostMonsoon,Clear,25.23,0.0,9.73,60.3,1014.8
2024-10-26,Pune,18.52,73.86,10,PostMonsoon,Clear,26.75,0.0,11.88,55.0,1011.5
2024-10-27,Pune,18.52,73.86,10,PostMonsoon,Clear,29.03,0.0,8.23,54.1,1014.5
2024-10-28,Pune,18.52,73.86,10,PostMonsoon,Clear,30.47,0.0,8.27,58.8,1013.8
2024-10-29,Pune,18.52,73.86,10,PostMonsoon,Storm,29.42,63.04,19.2,75.0,1006.7
2024-10-30,Pune,18.52,73.86,10,PostMonsoon,Clear,28.81,4.76,9.67,58.2,1016.7
2024-10-31,Pune,18.52,73.86,10,PostMonsoon,Clear,29.79,4.75,9.56,58.3,1013.6
2024-11-01,Pune,18.52,73.86,11,PostMonsoon,Clear,25.71,0.0,8.44,51.7,1012.6
2024-11-02,Pune,18.52,73.86,11,PostMonsoon,Clear,23.96,0.0,7.12,48.8,1013.4
2024-11-03,Pune,18.52,73.86,11,PostMonsoon,Convective,23.85,23.1,11.3,64.8,1012.6
2024-11-04,Pune,18.52,73.86,11,PostMonsoon,Clear,24.13,0.0,6.01,57.5,1015.1
2024-11-05,Pune,18.52,73.86,11,PostMonsoon,Clear,22.94,0.0,5.39,57.7,1014.1
2024-11-06,Pune,18.52,73.86,11,PostMonsoon,Clear,21.14,0.0,5.89,56.5,1015.2
2024-11-07,Pune,18.52,73.86,11,PostMonsoon,Clear,20.03,0.0,6.16,72.7,1015.7
2024-11-08,Pune,18.52,73.86,11,PostMonsoon,Clear,21.5,0.0,4.66,54.4,1010.8
2024-11-09,Pune,18.52,73.86,11,PostMonsoon,Clear,21.04,0.0,8.23,57.7,1012.2
2024-11-10,Pune,18.52,73.86,11,PostMonsoon,Clear,21.38,0.0,7.46,60.6,1011.3
2024-11-11,Pune,18.52,73.86,11,PostMonsoon,Clear,22.02,0.0,5.04,52.1,1013.2
2024-11-12,Pune,18.52,73.86,11,PostMonsoon,Clear,22.94,0.0,7.68,59.7,1015.6
2024-11-13,Pune,18.52,73.86,11,PostMonsoon,Clear,22.59,0.0,6.18,69.8,1014.2
2024-11-14,Pune,18.52,73.86,11,PostMonsoon,Clear,23.24,0.0,7.36,60.6,1011.2
2024-11-15,Pune,18.52,73.86,11,PostMonsoon,Clear,22.2,0.0,7.17,62.8,1012.5
2024-11-16,Pune,18.52,73.86,11,PostMonsoon,Clear,22.0,0.0,7.5,62.6,1014.9
2024-11-17,Pune,18.52,73.86,11,PostMonsoon,Clear,21.13,0.0,7.55,59.7,1012.1
2024-11-18,Pune,18.52,73.86,11,PostMonsoon,Clear,22.84,0.0,6.38,64.8,1012.9
2024-11-19,Pune,18.52,73.86,11,PostMonsoon,Clear,22.85,0.0,6.72,58.1,1013.6
2024-11-20,Pune,18.52,73.86,11,PostMonsoon,Clear,22.07,0.0,10.1,56.5,1009.8
2024-11-21,Pune,18.52,73.86,11,PostMonsoon,Clear,21.92,0.0,5.13,59.6,1014.4
2024-11-22,Pune,18.52,73.86,11,PostMonsoon,Clear,21.94,0.0,6.07,64.4,1013.7
2024-11-23,Pune,18.52,73.86,11,PostMonsoon,Clear,22.98,0.0,7.19,61.0,1014.1
2024-11-24,Pune,18.52,73.86,11,PostMonsoon,Clear,21.23,0.0,5.42,63.0,1011.3
2024-11-25,Pune,18.52,73.86,11,PostMonsoon,Clear,20.53,0.0,3.94,46.9,1011.7
2024-11-26,Pune,18.52,73.86,11,PostMonsoon,Clear,20.73,0.0,8.77,66.2,1012.0
2024-11-27,Pune,18.52,73.86,11,PostMonsoon,Clear,24.08,0.0,7.38,69.0,1013.5
2024-11-28,Pune,18.52,73.86,11,PostMonsoon,Clear,24.86,0.0,10.53,63.0,1013.2
2024-11-29,Pune,18.52,73.86,11,PostMonsoon,Clear,24.28,0.0,9.8,53.1,1013.3
2024-11-30,Pune,18.52,73.86,11,PostMonsoon,Clear,24.74,0.0,8.66,49.9,1016.3
2024-12-01,Pune,18.52,73.86,12,Winter,Clear,24.57,0.0,8.68,56.7,1015.4
2024-12-02,Pune,18.52,73.86,12,Winter,Clear,23.42,0.0,8.94,49.1,1011.7
2024-12-03,Pune,18.52,73.86,12,Winter,Clear,22.41,0.0,9.95,59.4,1011.9
2024-12-04,Pune,18.52,73.86,12,Winter,Clear,23.39,0.0,9.32,51.8,1016.1
2024-12-05,Pune,18.52,73.86,12,Winter,Clear,23.34,0.0,8.51,60.8,1012.5
2024-12-06,Pune,18.52,73.86,12,Winter,Clear,23.49,0.0,8.11,63.2,1015.5
2024-12-07,Pune,18.52,73.86,12,Winter,Clear,22.31,0.0,9.77,42.8,1015.9
2024-12-08,Pune,18.52,73.86,12,Winter,Clear,24.1,0.0,9.83,56.8,1012.1
2024-12-09,Pune,18.52,73.86,12,Winter,Clear,25.2,0.0,6.95,50.8,1012.6
2024-12-10,Pune,18.52,73.86,12,Winter,Clear,24.78,0.0,5.96,46.5,1013.2
2024-12-11,Pune,18.52,73.86,12,Winter,Clear,24.58,0.0,6.96,51.3,1011.5
2024-12-12,Pune,18.52,73.86,12,Winter,Clear,21.46,0.0,5.98,53.7,1011.3
2024-12-13,Pune,18.52,73.86,12,Winter,Clear,22.05,0.0,5.84,61.2,1012.3
2024-12-14,Pune,18.52,73.86,12,Winter,Clear,21.57,0.0,4.83,45.9,1014.6
2024-12-15,Pune,18.52,73.86,12,Winter,Clear,21.91,0.0,5.39,61.3,1012.2
2024-12-16,Pune,18.52,73.86,12,Winter,Clear,22.43,0.0,6.79,67.1,1012.7
2024-12-17,Pune,18.52,73.86,12,Winter,Clear,21.7,0.0,8.48,58.6,1012.2
2024-12-18,Pune,18.52,73.86,12,Winter,Clear,19.66,0.0,7.83,62.3,1010.6
2024-12-19,Pune,18.52,73.86,12,Winter,Clear,20.4,0.0,10.77,58.9,1015.7
2024-12-20,Pune,18.52,73.86,12,Winter,Clear,19.74,0.0,8.95,51.9,1008.8
2024-12-21,Pune,18.52,73.86,12,Winter,Clear,19.69,0.0,13.18,62.2,1011.9
2024-12-22,Pune,18.52,73.86,12,Winter,Clear,19.35,0.0,12.0,61.3,1014.0
2024-12-23,Pune,18.52,73.86,12,Winter,Clear,19.39,0.0,10.55,63.4,1010.5
2024-12-24,Pune,18.52,73.86,12,Winter,Clear,17.25,0.0,8.15,74.4,1014.1
2024-12-25,Pune,18.52,73.86,12,Winter,Clear,19.53,0.0,3.11,63.4,1015.3
2024-12-26,Pune,18.52,73.86,12,Winter,Clear,20.17,0.0,4.61,61.6,1011.5
2024-12-27,Pune,18.52,73.86,12,Winter,Clear,21.6,0.0,5.97,64.4,1013.4
2024-12-28,Pune,18.52,73.86,12,Winter,Clear,23.63,0.0,9.51,46.9,1011.0
2024-12-29,Pune,18.52,73.86,12,Winter,Clear,23.0,0.0,6.17,48.1,1013.9
2024-12-30,Pune,18.52,73.86,12,Winter,Clear,20.52,0.0,9.59,56.7,1013.2
2024-12-31,Pune,18.52,73.86,12,Winter,Clear,19.65,0.0,8.03,55.1,1013.4
2025-01-01,Pune,18.52,73.86,1,Winter,Clear,18.66,0.0,9.72,63.2,1015.5
2025-01-02,Pune,18.52,73.86,1,Winter,Clear,18.69,0.0,4.88,57.1,1013.9
2025-01-03,Pune,18.52,73.86,1,Winter,Clear,19.36,0.0,6.51,69.4,1015.5
2025-01-04,Pune,18.52,73.86,1,Winter,Clear,17.57,0.0,6.63,68.1,1014.2
2025-01-05,Pune,18.52,73.86,1,Winter,Clear,18.8,0.0,8.34,63.6,1010.9
2025-01-06,Pune,18.52,73.86,1,Winter,Clear,17.69,2.88,8.85,57.5,1013.2
2025-01-07,Pune,18.52,73.86,1,Winter,Clear,18.84,0.0,6.35,62.7,1013.9
2025-01-08,Pune,18.52,73.86,1,Winter,Clear,19.26,0.0,8.61,63.9,1010.4
2025-01-09,Pune,18.52,73.86,1,Winter,Convective,19.35,15.01,12.15,57.1,1014.1
2025-01-10,Pune,18.52,73.86,1,Winter,Clear,19.68,0.0,9.75,61.1,1013.2
2025-01-11,Pune,18.52,73.86,1,Winter,Clear,19.42,0.0,10.58,63.2,1013.7
2025-01-12,Pune,18.52,73.86,1,Winter,Clear,19.14,0.0,11.18,60.3,1011.4
2025-01-13,Pune,18.52,73.86,1,Winter,Clear,17.75,0.0,9.71,68.4,1013.2
2025-01-14,Pune,18.52,73.86,1,Winter,Clear,18.53,0.0,6.77,66.3,1013.6
2025-01-15,Pune,18.52,73.86,1,Winter,Clear,21.18,0.0,5.11,50.0,1012.4
2025-01-16,Pune,18.52,73.86,1,Winter,Clear,23.31,0.0,8.57,55.7,1013.2
2025-01-17,Pune,18.52,73.86,1,Winter,Clear,24.19,0.0,9.45,50.0,1009.2
2025-01-18,Pune,18.52,73.86,1,Winter,Clear,24.17,0.0,8.96,58.5,1015.5
2025-01-19,Pune,18.52,73.86,1,Winter,Clear,22.63,0.0,7.83,49.8,1011.0
2025-01-20,Pune,18.52,73.86,1,Winter,Clear,23.81,0.0,7.96,60.5,1009.1
2025-01-21,Pune,18.52,73.86,1,Winter,Clear,23.05,0.0,8.02,57.3,1011.3
2025-01-22,Pune,18.52,73.86,1,Winter,Clear,22.46,0.0,7.47,60.8,1011.5
2025-01-23,Pune,18.52,73.86,1,Winter,Clear,21.77,0.0,6.59,54.1,1014.0
2025-01-24,Pune,18.52,73.86,1,Winter,Clear,21.68,0.0,10.69,46.3,1011.4
2025-01-25,Pune,18.52,73.86,1,Winter,Clear,21.03,0.0,9.84,65.6,1013.5
2025-01-26,Pune,18.52,73.86,1,Winter,Clear,20.93,0.0,8.04,58.0,1011.3
2025-01-27,Pune,18.52,73.86,1,Winter,Clear,19.76,0.0,5.94,67.3,1017.0
2025-01-28,Pune,18.52,73.86,1,Winter,Clear,19.66,0.0,5.71,61.6,1014.0
2025-01-29,Pune,18.52,73.86,1,Winter,Clear,22.5,0.0,7.89,59.0,1016.6
2025-01-30,Pune,18.52,73.86,1,Winter,Clear,22.05,0.0,9.15,66.0,1011.2
2025-01-31,Pune,18.52,73.86,1,Winter,Clear,21.52,0.0,8.28,57.0,1014.2
2025-02-01,Pune,18.52,73.86,2,Winter,Clear,23.98,0.0,9.24,63.4,1011.3
2025-02-02,Pune,18.52,73.86,2,Winter,Clear,24.51,0.0,8.64,46.1,1014.1
2025-02-03,Pune,18.52,73.86,2,Winter,Clear,22.91,0.0,7.03,64.2,1014.3
2025-02-04,Pune,18.52,73.86,2,Winter,Clear,22.7,0.0,10.0,57.5,1010.2
2025-02-05,Pune,18.52,73.86,2,Winter,Clear,23.79,0.0,10.15,54.2,1011.0
2025-02-06,Pune,18.52,73.86,2,Winter,Clear,23.89,0.0,13.59,55.1,1010.9
2025-02-07,Pune,18.52,73.86,2,Winter,Clear,23.8,0.0,10.32,57.1,1010.3
2025-02-08,Pune,18.52,73.86,2,Winter,Clear,25.31,0.0,9.5,64.9,1011.7
2025-02-09,Pune,18.52,73.86,2,Winter,Clear,23.99,0.16,10.72,43.9,1011.3
2025-02-10,Pune,18.52,73.86,2,Winter,Clear,23.83,0.0,9.54,55.3,1010.4
2025-02-11,Pune,18.52,73.86,2,Winter,Clear,23.05,0.0,7.08,50.7,1013.2
2025-02-12,Pune,18.52,73.86,2,Winter,Clear,24.68,0.0,6.42,62.0,1014.0
2025-02-13,Pune,18.52,73.86,2,Winter,Clear,22.11,0.0,7.74,56.5,1010.7
2025-02-14,Pune,18.52,73.86,2,Winter,Clear,21.6,0.0,8.86,61.7,1012.0
2025-02-15,Pune,18.52,73.86,2,Winter,Clear,21.37,0.0,8.77,56.6,1013.0
2025-02-16,Pune,18.52,73.86,2,Winter,Clear,22.5,0.0,10.48,63.0,1012.6
2025-02-17,Pune,18.52,73.86,2,Winter,Clear,23.29,0.0,11.4,61.1,1011.8
2025-02-18,Pune,18.52,73.86,2,Winter,Clear,24.76,0.0,10.84,52.6,1014.5
2025-02-19,Pune,18.52,73.86,2,Winter,Clear,22.59,0.0,10.05,59.3,1014.5
2025-02-20,Pune,18.52,73.86,2,Winter,Clear,23.51,0.0,9.17,46.5,1014.2
2025-02-21,Pune,18.52,73.86,2,Winter,Clear,23.06,0.0,9.98,56.8,1012.6
2025-02-22,Pune,18.52,73.86,2,Winter,Clear,22.32,0.0,11.01,64.1,1016.6
2025-02-23,Pune,18.52,73.86,2,Winter,Clear,23.08,0.0,10.2,51.7,1016.2
2025-02-24,Pune,18.52,73.86,2,Winter,Clear,22.05,0.0,10.38,65.7,1012.3
2025-02-25,Pune,18.52,73.86,2,Winter,Clear,20.0,0.0,9.24,46.6,1012.8
2025-02-26,Pune,18.52,73.86,2,Winter,Clear,20.34,0.0,6.87,47.9,1015.2
2025-02-27,Pune,18.52,73.86,2,Winter,Clear,19.36,0.0,6.23,50.7,1011.6
2025-02-28,Pune,18.52,73.86,2,Winter,Clear,19.56,0.0,8.7,56.1,1013.7
2025-03-01,Pune,18.52,73.86,3,Summer,Clear,24.83,0.0,9.55,59.1,1013.1
2025-03-02,Pune,18.52,73.86,3,Summer,Clear,25.71,0.0,11.85,58.5,1011.8
2025-03-03,Pune,18.52,73.86,3,Summer,Clear,27.78,0.0,10.66,54.6,1012.6
2025-03-04,Pune,18.52,73.86,3,Summer,Clear,27.37,0.0,11.29,59.3,1010.2
2025-03-05,Pune,18.52,73.86,3,Summer,Clear,25.59,0.0,12.38,56.2,1012.0
2025-03-06,Pune,18.52,73.86,3,Summer,Clear,25.11,0.0,12.45,51.4,1009.4
2025-03-07,Pune,18.52,73.86,3,Summer,Clear,24.57,0.0,9.92,51.5,1017.1
2025-03-08,Pune,18.52,73.86,3,Summer,Clear,23.84,0.0,9.21,71.7,1015.7
2025-03-09,Pune,18.52,73.86,3,Summer,Clear,25.11,0.0,9.32,44.9,1015.2
2025-03-10,Pune,18.52,73.86,3,Summer,Clear,24.87,0.0,7.6,57.9,1013.6
2025-03-11,Pune,18.52,73.86,3,Summer,Clear,23.23,0.0,8.99,67.7,1014.8
2025-03-12,Pune,18.52,73.86,3,Summer,Clear,24.94,0.0,10.63,61.9,1015.3
2025-03-13,Pune,18.52,73.86,3,Summer,Clear,25.33,0.0,9.13,54.0,1014.8
2025-03-14,Pune,18.52,73.86,3,Summer,Clear,26.14,0.0,12.23,59.0,1014.7
2025-03-15,Pune,18.52,73.86,3,Summer,Clear,26.47,0.0,10.31,64.2,1011.4
2025-03-16,Pune,18.52,73.86,3,Summer,Clear,27.3,0.0,9.4,62.2,1013.8
2025-03-17,Pune,18.52,73.86,3,Summer,Clear,27.27,0.0,8.84,49.6,1012.1
2025-03-18,Pune,18.52,73.86,3,Summer,Clear,28.56,0.0,7.78,59.6,1010.9
2025-03-19,Pune,18.52,73.86,3,Summer,Clear,28.64,0.0,9.0,56.5,1011.0
2025-03-20,Pune,18.52,73.86,3,Summer,Clear,28.66,0.0,9.03,61.6,1013.8
2025-03-21,Pune,18.52,73.86,3,Summer,Clear,28.7,0.0,11.67,63.3,1014.9
2025-03-22,Pune,18.52,73.86,3,Summer,Clear,26.67,0.0,11.44,56.9,1010.5
2025-03-23,Pune,18.52,73.86,3,Summer,Clear,26.57,0.0,11.2,50.3,1016.2
2025-03-24,Pune,18.52,73.86,3,Summer,Clear,26.39,0.0,9.86,61.4,1015.7
2025-03-25,Pune,18.52,73.86,3,Summer,Clear,26.77,0.0,7.21,69.7,1012.3
2025-03-26,Pune,18.52,73.86,3,Summer,Clear,25.34,0.0,7.87,63.1,1012.2
2025-03-27,Pune,18.52,73.86,3,Summer,Clear,27.55,0.0,7.02,56.4,1012.9
2025-03-28,Pune,18.52,73.86,3,Summer,Clear,27.53,0.0,9.43,69.4,1014.8
2025-03-29,Pune,18.52,73.86,3,Summer,Clear,26.06,0.0,9.19,52.8,1012.3
2025-03-30,Pune,18.52,73.86,3,Summer,Clear,24.42,0.0,11.77,64.4,1011.0
2025-03-31,Pune,18.52,73.86,3,Summer,Clear,24.75,0.0,11.7,55.6,1013.6
2025-04-01,Pune,18.52,73.86,4,Summer,Clear,29.22,0.0,13.82,59.3,1009.3
2025-04-02,Pune,18.52,73.86,4,Summer,Clear,28.87,0.0,12.92,59.5,1013.3
2025-04-03,Pune,18.52,73.86,4,Summer,Clear,29.51,0.0,12.39,68.1,1015.1
2025-04-04,Pune,18.52,73.86,4,Summer,Clear,29.17,0.0,12.81,53.4,1013.6
2025-04-05,Pune,18.52,73.86,4,Summer,Clear,30.24,0.0,13.47,55.8,1014.4
2025-04-06,Pune,18.52,73.86,4,Summer,Clear,29.63,0.0,11.22,49.4,1013.9
2025-04-07,Pune,18.52,73.86,4,Summer,Clear,29.93,0.0,11.91,61.9,1014.3
2025-04-08,Pune,18.52,73.86,4,Summer,Clear,31.27,0.0,15.69,52.3,1013.3
2025-04-09,Pune,18.52,73.86,4,Summer,Heatwave,34.03,0.0,13.44,57.5,1011.5
2025-04-10,Pune,18.52,73.86,4,Summer,Clear,32.17,0.0,11.93,48.6,1012.6
2025-04-11,Pune,18.52,73.86,4,Summer,Clear,31.36,0.0,10.4,52.8,1012.9
2025-04-12,Pune,18.52,73.86,4,Summer,Clear,30.35,0.0,8.35,65.2,1015.3
2025-04-13,Pune,18.52,73.86,4,Summer,Clear,31.38,0.0,11.45,54.0,1015.9
2025-04-14,Pune,18.52,73.86,4,Summer,Clear,30.02,0.0,11.34,62.8,1013.8
2025-04-15,Pune,18.52,73.86,4,Summer,Clear,29.73,0.0,11.67,62.2,1011.6
2025-04-16,Pune,18.52,73.86,4,Summer,Clear,30.02,0.0,14.32,56.9,1011.7
2025-04-17,Pune,18.52,73.86,4,Summer,Clear,29.19,0.0,16.84,49.6,1012.7
2025-04-18,Pune,18.52,73.86,4,Summer,Clear,28.59,0.0,12.79,64.9,1015.5
2025-04-19,Pune,18.52,73.86,4,Summer,Clear,28.67,0.0,13.67,60.0,1013.6
2025-04-20,Pune,18.52,73.86,4,Summer,Clear,26.94,0.0,13.47,64.9,1012.9
2025-04-21,Pune,18.52,73.86,4,Summer,Clear,26.36,0.0,13.0,46.9,1011.6
2025-04-22,Pune,18.52,73.86,4,Summer,Clear,27.07,0.0,12.87,49.1,1014.6
2025-04-23,Pune,18.52,73.86,4,Summer,Clear,28.21,0.0,11.99,46.1,1013.5
2025-04-24,Pune,18.52,73.86,4,Summer,Clear,28.71,0.0,14.09,53.7,1012.9
2025-04-25,Pune,18.52,73.86,4,Summer,Clear,27.33,0.0,13.69,65.3,1013.2
2025-04-26,Pune,18.52,73.86,4,Summer,Clear,27.74,0.0,13.03,62.4,1016.0
2025-04-27,Pune,18.52,73.86,4,Summer,Clear,29.43,0.0,14.12,58.8,1012.7
2025-04-28,Pune,18.52,73.86,4,Summer,Clear,30.43,0.0,14.15,59.8,1016.0
2025-04-29,Pune,18.52,73.86,4,Summer,Clear,30.49,0.0,13.47,63.6,1015.2
2025-04-30,Pune,18.52,73.86,4,Summer,Clear,29.64,0.0,12.89,57.2,1013.1
2025-05-01,Pune,18.52,73.86,5,Summer,Clear,31.67,0.0,16.85,61.4,1014.6
2025-05-02,Pune,18.52,73.86,5,Summer,Clear,31.12,0.0,15.94,59.8,1012.8
2025-05-03,Pune,18.52,73.86,5,Summer,Clear,30.05,0.0,14.48,45.9,1011.5
2025-05-04,Pune,18.52,73.86,5,Summer,Clear,29.66,0.0,12.45,56.7,1012.5
2025-05-05,Pune,18.52,73.86,5,Summer,Clear,31.84,0.0,12.15,67.2,1011.4
2025-05-06,Pune,18.52,73.86,5,Summer,Convective,32.12,10.66,12.78,55.8,1013.0
2025-05-07,Pune,18.52,73.86,5,Summer,Clear,33.36,0.0,12.0,54.1,1013.0
2025-05-08,Pune,18.52,73.86,5,Summer,Clear,32.5,0.0,12.86,51.4,1014.0
2025-05-09,Pune,18.52,73.86,5,Summer,Clear,33.4,0.0,9.65,52.1,1014.5
2025-05-10,Pune,18.52,73.86,5,Summer,Clear,32.39,0.0,11.19,61.7,1007.4
2025-05-11,Pune,18.52,73.86,5,Summer,Clear,32.12,0.0,13.05,53.4,1013.6
2025-05-12,Pune,18.52,73.86,5,Summer,Heatwave,34.83,0.0,13.3,48.9,1009.8
2025-05-13,Pune,18.52,73.86,5,Summer,Heatwave,34.96,0.0,11.64,36.3,1013.3
2025-05-14,Pune,18.52,73.86,5,Summer,Clear,33.67,0.0,14.29,51.6,1011.4
2025-05-15,Pune,18.52,73.86,5,Summer,Clear,33.16,0.0,12.6,43.2,1013.2
2025-05-16,Pune,18.52,73.86,5,Summer,Clear,33.23,0.0,10.82,44.1,1015.5
2025-05-17,Pune,18.52,73.86,5,Summer,Heatwave,34.25,0.0,10.07,59.8,1009.9
2025-05-18,Pune,18.52,73.86,5,Summer,Clear,33.15,0.0,11.37,59.3,1013.3
2025-05-19,Pune,18.52,73.86,5,Summer,Clear,30.95,0.0,13.68,47.5,1012.9
2025-05-20,Pune,18.52,73.86,5,Summer,Clear,30.9,0.0,15.24,64.1,1009.6
2025-05-21,Pune,18.52,73.86,5,Summer,Clear,31.19,0.0,14.57,61.8,1014.2
2025-05-22,Pune,18.52,73.86,5,Summer,Clear,31.52,0.0,11.96,54.3,1013.1
2025-05-23,Pune,18.52,73.86,5,Summer,Clear,33.09,0.0,11.38,59.4,1012.1
2025-05-24,Pune,18.52,73.86,5,Summer,Clear,33.16,0.0,10.68,45.2,1011.7
2025-05-25,Pune,18.52,73.86,5,Summer,Clear,33.77,0.0,11.44,47.8,1018.8
2025-05-26,Pune,18.52,73.86,5,Summer,Clear,32.11,0.0,9.31,46.4,1012.3
2025-05-27,Pune,18.52,73.86,5,Summer,Clear,33.04,0.0,11.15,48.3,1009.8
2025-05-28,Pune,18.52,73.86,5,Summer,Heatwave,35.09,0.0,13.02,60.3,1011.3
2025-05-29,Pune,18.52,73.86,5,Summer,Heatwave,35.16,0.0,12.77,47.0,1012.3
2025-05-30,Pune,18.52,73.86,5,Summer,Heatwave,34.65,0.0,13.61,48.1,1012.3
2025-05-31,Pune,18.52,73.86,5,Summer,Heatwave,34.16,0.0,11.84,49.3,1012.9
2025-06-01,Pune,18.52,73.86,6,Monsoon,Clear,30.58,2.2,12.43,56.8,1010.9
2025-06-02,Pune,18.52,73.86,6,Monsoon,Clear,28.67,0.81,12.5,53.2,1013.9
2025-06-03,Pune,18.52,73.86,6,Monsoon,Monsoon,28.13,9.6,17.12,63.0,1011.3
2025-06-04,Pune,18.52,73.86,6,Monsoon,Clear,28.35,0.0,16.87,50.7,1010.6
2025-06-05,Pune,18.52,73.86,6,Monsoon,Clear,28.83,0.0,15.3,47.3,1011.5
2025-06-06,Pune,18.52,73.86,6,Monsoon,Clear,27.89,0.0,17.09,52.0,1012.3
2025-06-07,Pune,18.52,73.86,6,Monsoon,Clear,28.01,0.0,15.63,55.2,1014.5
2025-06-08,Pune,18.52,73.86,6,Monsoon,Clear,27.45,0.0,17.77,49.4,1013.9
2025-06-09,Pune,18.52,73.86,6,Monsoon,Clear,27.47,0.0,17.3,56.6,1012.4
2025-06-10,Pune,18.52,73.86,6,Monsoon,Clear,27.21,0.0,15.54,65.9,1013.0
2025-06-11,Pune,18.52,73.86,6,Monsoon,Clear,25.9,0.0,16.57,55.5,1013.4
2025-06-12,Pune,18.52,73.86,6,Monsoon,Clear,26.15,0.0,14.63,59.2,1016.7
2025-06-13,Pune,18.52,73.86,6,Monsoon,Clear,27.33,0.0,13.3,63.1,1011.9
2025-06-14,Pune,18.52,73.86,6,Monsoon,Clear,26.18,2.88,12.26,55.9,1013.6
2025-06-15,Pune,18.52,73.86,6,Monsoon,Clear,26.12,0.0,13.62,53.9,1014.3
2025-06-16,Pune,18.52,73.86,6,Monsoon,Clear,27.07,0.0,14.16,48.4,1011.3
2025-06-17,Pune,18.52,73.86,6,Monsoon,Clear,25.88,0.0,14.41,61.3,1013.3
2025-06-18,Pune,18.52,73.86,6,Monsoon,Clear,26.36,0.0,14.02,62.0,1013.3
2025-06-19,Pune,18.52,73.86,6,Monsoon,Clear,25.35,0.0,16.76,58.0,1012.2
2025-06-20,Pune,18.52,73.86,6,Monsoon,Clear,27.01,0.0,15.29,55.2,1014.0
2025-06-21,Pune,18.52,73.86,6,Monsoon,Monsoon,29.55,38.84,20.99,74.1,1011.4
2025-06-22,Pune,18.52,73.86,6,Monsoon,Monsoon,31.14,31.94,22.19,69.6,1012.2
2025-06-23,Pune,18.52,73.86,6,Monsoon,Clear,29.86,6.47,19.23,48.4,1012.1
2025-06-24,Pune,18.52,73.86,6,Monsoon,Clear,29.96,0.0,17.23,54.8,1013.3
2025-06-25,Pune,18.52,73.86,6,Monsoon,Clear,29.35,0.0,13.44,55.5,1017.2
2025-06-26,Pune,18.52,73.86,6,Monsoon,Clear,28.88,0.0,13.18,59.2,1011.0
2025-06-27,Pune,18.52,73.86,6,Monsoon,Clear,30.11,0.0,14.98,53.5,1013.4
2025-06-28,Pune,18.52,73.86,6,Monsoon,Clear,27.88,0.0,15.02,51.0,1014.6
2025-06-29,Pune,18.52,73.86,6,Monsoon,Clear,28.82,0.0,17.5,52.1,1013.3
2025-06-30,Pune,18.52,73.86,6,Monsoon,Clear,28.31,0.0,14.19,44.2,1014.2
2025-07-01,Pune,18.52,73.86,7,Monsoon,Clear,27.53,0.0,16.64,54.7,1013.3
2025-07-02,Pune,18.52,73.86,7,Monsoon,Clear,27.11,0.0,15.35,51.3,1014.4
2025-07-03,Pune,18.52,73.86,7,Monsoon,Clear,25.84,1.36,18.0,58.0,1015.2
2025-07-04,Pune,18.52,73.86,7,Monsoon,Storm,25.93,53.31,26.44,64.5,1007.8
2025-07-05,Pune,18.52,73.86,7,Monsoon,Monsoon,26.51,9.76,19.87,55.1,1012.5
2025-07-06,Pune,18.52,73.86,7,Monsoon,Monsoon,26.17,12.54,18.38,52.7,1011.8
2025-07-07,Pune,18.52,73.86,7,Monsoon,Monsoon,26.42,25.78,18.46,56.1,1010.0
2025-07-08,Pune,18.52,73.86,7,Monsoon,Clear,25.49,0.0,13.02,59.0,1013.0
2025-07-09,Pune,18.52,73.86,7,Monsoon,Clear,23.02,0.0,13.39,56.0,1011.0
2025-07-10,Pune,18.52,73.86,7,Monsoon,Clear,24.5,0.0,12.93,61.5,1014.3
2025-07-11,Pune,18.52,73.86,7,Monsoon,Monsoon,25.4,31.13,21.83,57.3,1013.3
2025-07-12,Pune,18.52,73.86,7,Monsoon,Monsoon,25.46,11.75,20.38,58.9,1015.0
2025-07-13,Pune,18.52,73.86,7,Monsoon,Monsoon,25.42,16.92,20.73,49.7,1013.8
2025-07-14,Pune,18.52,73.86,7,Monsoon,Clear,26.46,4.21,16.03,53.2,1010.9
2025-07-15,Pune,18.52,73.86,7,Monsoon,Monsoon,25.59,8.65,16.97,54.3,1015.0
2025-07-16,Pune,18.52,73.86,7,Monsoon,Clear,24.66,1.8,14.9,62.8,1011.6
2025-07-17,Pune,18.52,73.86,7,Monsoon,Monsoon,24.54,15.59,20.35,64.5,1011.5
2025-07-18,Pune,18.52,73.86,7,Monsoon,Monsoon,25.96,13.84,19.85,57.8,1015.1
2025-07-19,Pune,18.52,73.86,7,Monsoon,Monsoon,24.2,14.1,20.07,68.0,1009.8
2025-07-20,Pune,18.52,73.86,7,Monsoon,Monsoon,25.71,15.01,18.9,60.4,1013.2
2025-07-21,Pune,18.52,73.86,7,Monsoon,Clear,24.83,0.53,12.99,62.1,1013.5
2025-07-22,Pune,18.52,73.86,7,Monsoon,Clear,23.66,6.98,14.31,65.4,1012.1
2025-07-23,Pune,18.52,73.86,7,Monsoon,Clear,25.38,0.0,12.59,54.3,1011.4
2025-07-24,Pune,18.52,73.86,7,Monsoon,Clear,25.18,0.0,14.72,53.0,1013.8
2025-07-25,Pune,18.52,73.86,7,Monsoon,Clear,23.7,0.0,15.45,60.7,1012.2
2025-07-26,Pune,18.52,73.86,7,Monsoon,Clear,23.63,0.0,14.42,56.2,1014.9
2025-07-27,Pune,18.52,73.86,7,Monsoon,Clear,25.0,0.0,14.51,61.1,1015.2
2025-07-28,Pune,18.52,73.86,7,Monsoon,Clear,26.31,2.95,18.22,62.3,1010.3
2025-07-29,Pune,18.52,73.86,7,Monsoon,Clear,25.51,6.13,16.5,61.7,1011.5
2025-07-30,Pune,18.52,73.86,7,Monsoon,Monsoon,25.83,14.17,16.75,56.7,1011.2
2025-07-31,Pune,18.52,73.86,7,Monsoon,Monsoon,26.41,28.41,19.76,55.5,1008.3
2025-08-01,Pune,18.52,73.86,8,Monsoon,Clear,24.35,2.41,12.57,55.1,1010.8
2025-08-02,Pune,18.52,73.86,8,Monsoon,Monsoon,24.65,28.24,17.37,62.4,1010.6
2025-08-03,Pune,18.52,73.86,8,Monsoon,Clear,24.45,2.71,14.4,62.2,1012.4
2025-08-04,Pune,18.52,73.86,8,Monsoon,Clear,23.75,0.0,16.72,56.4,1010.0
2025-08-05,Pune,18.52,73.86,8,Monsoon,Clear,23.27,0.0,12.65,57.5,1012.0
2025-08-06,Pune,18.52,73.86,8,Monsoon,Clear,23.53,0.0,13.23,63.1,1013.9
2025-08-07,Pune,18.52,73.86,8,Monsoon,Clear,23.68,0.0,13.64,55.9,1010.8
2025-08-08,Pune,18.52,73.86,8,Monsoon,Clear,23.14,0.0,13.67,57.8,1011.3
2025-08-09,Pune,18.52,73.86,8,Monsoon,Clear,22.88,0.0,13.52,69.0,1015.9
2025-08-10,Pune,18.52,73.86,8,Monsoon,Clear,24.39,0.0,13.19,63.6,1015.4
2025-08-11,Pune,18.52,73.86,8,Monsoon,Clear,24.53,0.0,15.16,58.5,1010.1
2025-08-12,Pune,18.52,73.86,8,Monsoon,Clear,25.37,0.0,13.89,56.3,1010.6
2025-08-13,Pune,18.52,73.86,8,Monsoon,Clear,26.35,0.0,13.74,48.9,1013.7
2025-08-14,Pune,18.52,73.86,8,Monsoon,Clear,26.41,0.0,13.86,58.1,1010.9
2025-08-15,Pune,18.52,73.86,8,Monsoon,Clear,28.3,0.0,14.09,55.1,1012.5
2025-08-16,Pune,18.52,73.86,8,Monsoon,Clear,26.32,0.0,13.78,56.0,1012.2
2025-08-17,Pune,18.52,73.86,8,Monsoon,Clear,26.63,0.0,15.48,51.6,1014.0
2025-08-18,Pune,18.52,73.86,8,Monsoon,Clear,25.62,0.0,14.8,54.6,1008.4
2025-08-19,Pune,18.52,73.86,8,Monsoon,Clear,27.26,0.0,14.72,53.6,1009.0
2025-08-20,Pune,18.52,73.86,8,Monsoon,Monsoon,28.31,14.49,16.92,60.9,1009.5
2025-08-21,Pune,18.52,73.86,8,Monsoon,Monsoon,25.09,18.94,15.98,68.9,1013.1
2025-08-22,Pune,18.52,73.86,8,Monsoon,Clear,23.75,6.39,13.03,62.8,1012.1
2025-08-23,Pune,18.52,73.86,8,Monsoon,Monsoon,24.54,11.44,13.22,48.2,1008.9
2025-08-24,Pune,18.52,73.86,8,Monsoon,Clear,25.28,0.0,12.74,48.9,1013.9
2025-08-25,Pune,18.52,73.86,8,Monsoon,Clear,25.77,1.72,12.48,45.7,1014.1
2025-08-26,Pune,18.52,73.86,8,Monsoon,Clear,25.25,4.06,12.02,51.2,1012.2
2025-08-27,Pune,18.52,73.86,8,Monsoon,Clear,25.44,6.59,14.08,60.0,1011.8
2025-08-28,Pune,18.52,73.86,8,Monsoon,Clear,25.8,0.0,14.23,57.1,1013.8
2025-08-29,Pune,18.52,73.86,8,Monsoon,Clear,25.26,0.0,11.31,51.1,1015.2
2025-08-30,Pune,18.52,73.86,8,Monsoon,Clear,26.08,0.0,15.22,56.3,1013.3
2025-08-31,Pune,18.52,73.86,8,Monsoon,Clear,23.07,0.0,14.72,54.2,1014.0
2025-09-01,Pune,18.52,73.86,9,Monsoon,Clear,25.0,0.0,11.23,46.2,1012.9
2025-09-02,Pune,18.52,73.86,9,Monsoon,Clear,23.86,7.1,14.11,52.4,1011.7
2025-09-03,Pune,18.52,73.86,9,Monsoon,Clear,25.2,4.73,12.97,51.0,1010.9
2025-09-04,Pune,18.52,73.86,9,Monsoon,Clear,24.9,2.94,11.18,68.1,1013.2
2025-09-05,Pune,18.52,73.86,9,Monsoon,Monsoon,23.95,8.37,15.83,53.2,1011.7
2025-09-06,Pune,18.52,73.86,9,Monsoon,Clear,24.62,0.0,11.11,66.2,1012.6
2025-09-07,Pune,18.52,73.86,9,Monsoon,Clear,23.71,0.0,10.9,66.7,1014.7
2025-09-08,Pune,18.52,73.86,9,Monsoon,Clear,23.03,0.0,12.3,57.6,1013.9
2025-09-09,Pune,18.52,73.86,9,Monsoon,Clear,21.8,0.0,10.0,58.4,1014.6
2025-09-10,Pune,18.52,73.86,9,Monsoon,Clear,22.57,0.0,10.29,55.0,1010.2
2025-09-11,Pune,18.52,73.86,9,Monsoon,Clear,23.72,0.0,11.23,58.6,1014.0
2025-09-12,Pune,18.52,73.86,9,Monsoon,Clear,25.17,0.0,14.97,58.6,1011.9
2025-09-13,Pune,18.52,73.86,9,Monsoon,Clear,24.97,6.6,12.94,60.7,1011.0
2025-09-14,Pune,18.52,73.86,9,Monsoon,Clear,26.13,7.17,12.63,62.8,1010.8
2025-09-15,Pune,18.52,73.86,9,Monsoon,Clear,25.87,0.0,12.24,61.8,1015.2
2025-09-16,Pune,18.52,73.86,9,Monsoon,Clear,25.55,0.0,11.81,56.8,1014.5
2025-09-17,Pune,18.52,73.86,9,Monsoon,Clear,26.04,0.0,9.52,56.7,1011.7
2025-09-18,Pune,18.52,73.86,9,Monsoon,Monsoon,26.95,17.28,13.95,59.5,1009.4
2025-09-19,Pune,18.52,73.86,9,Monsoon,Clear,26.08,0.0,11.08,56.8,1013.0
2025-09-20,Pune,18.52,73.86,9,Monsoon,Clear,25.54,0.0,11.76,48.0,1012.2
2025-09-21,Pune,18.52,73.86,9,Monsoon,Clear,25.23,0.0,13.23,57.1,1016.0
2025-09-22,Pune,18.52,73.86,9,Monsoon,Clear,25.26,0.0,13.85,55.9,1010.4
2025-09-23,Pune,18.52,73.86,9,Monsoon,Clear,24.21,0.0,13.22,53.5,1009.7
2025-09-24,Pune,18.52,73.86,9,Monsoon,Clear,25.54,0.0,12.72,67.6,1012.5
2025-09-25,Pune,18.52,73.86,9,Monsoon,Clear,24.96,0.0,10.19,52.9,1013.0
2025-09-26,Pune,18.52,73.86,9,Monsoon,Clear,25.48,0.0,10.34,49.5,1013.2
2025-09-27,Pune,18.52,73.86,9,Monsoon,Clear,24.45,4.07,11.72,61.6,1014.0
2025-09-28,Pune,18.52,73.86,9,Monsoon,Monsoon,24.98,30.77,15.89,56.2,1014.0
2025-09-29,Pune,18.52,73.86,9,Monsoon,Clear,25.42,6.32,11.94,51.8,1011.8
2025-09-30,Pune,18.52,73.86,9,Monsoon,Monsoon,24.85,20.96,13.34,55.8,1010.1
2023-01-01,Mumbai,19.08,72.88,1,Winter,Clear,24.0,0.0,10.0,60.3,1013.4
2023-01-02,Mumbai,19.08,72.88,1,Winter,Clear,24.02,0.0,8.66,55.0,1014.2
2023-01-03,Mumbai,19.08,72.88,1,Winter,Clear,23.68,0.0,9.55,55.6,1010.4
2023-01-04,Mumbai,19.08,72.88,1,Winter,Clear,24.26,0.0,9.77,52.0,1015.4
2023-01-05,Mumbai,19.08,72.88,1,Winter,Clear,24.03,0.0,10.29,62.8,1011.5
2023-01-06,Mumbai,19.08,72.88,1,Winter,Clear,25.38,0.0,9.53,59.3,1011.6
2023-01-07,Mumbai,19.08,72.88,1,Winter,Clear,26.19,0.0,9.82,57.3,1012.1
2023-01-08,Mumbai,19.08,72.88,1,Winter,Clear,25.29,0.0,9.25,52.0,1014.2
2023-01-09,Mumbai,19.08,72.88,1,Winter,Clear,26.8,0.0,9.53,43.4,1012.5
2023-01-10,Mumbai,19.08,72.88,1,Winter,Clear,26.25,0.0,9.19,57.8,1012.6
2023-01-11,Mumbai,19.08,72.88,1,Winter,Clear,24.16,0.0,9.49,41.5,1013.9
2023-01-12,Mumbai,19.08,72.88,1,Winter,Clear,22.88,0.0,11.8,65.9,1012.6
2023-01-13,Mumbai,19.08,72.88,1,Winter,Clear,22.85,0.0,12.43,68.1,1012.0
2023-01-14,Mumbai,19.08,72.88,1,Winter,Clear,23.97,0.0,7.99,64.2,1011.8
2023-01-15,Mumbai,19.08,72.88,1,Winter,Clear,23.52,0.0,8.28,55.8,1012.4
2023-01-16,Mumbai,19.08,72.88,1,Winter,Clear,25.1,0.0,6.54,57.8,1013.3
2023-01-17,Mumbai,19.08,72.88,1,Winter,Clear,27.45,0.0,10.4,51.0,1015.1
2023-01-18,Mumbai,19.08,72.88,1,Winter,Clear,25.76,0.0,9.47,49.9,1013.1
2023-01-19,Mumbai,19.08,72.88,1,Winter,Clear,25.68,0.0,13.01,53.5,1014.9
2023-01-20,Mumbai,19.08,72.88,1,Winter,Clear,24.51,0.0,11.52,57.4,1014.4
2023-01-21,Mumbai,19.08,72.88,1,Winter,Clear,26.02,0.0,9.41,72.6,1015.6
2023-01-22,Mumbai,19.08,72.88,1,Winter,Clear,23.74,0.0,11.25,60.8,1013.5
2023-01-23,Mumbai,19.08,72.88,1,Winter,Clear,24.96,0.0,6.38,58.3,1012.4
2023-01-24,Mumbai,19.08,72.88,1,Winter,Clear,24.46,0.0,9.79,48.3,1009.3
2023-01-25,Mumbai,19.08,72.88,1,Winter,Clear,24.68,0.0,11.38,57.1,1012.6
2023-01-26,Mumbai,19.08,72.88,1,Winter,Clear,25.01,0.0,10.61,60.4,1013.8
2023-01-27,Mumbai,19.08,72.88,1,Winter,Clear,24.26,0.0,7.99,60.7,1014.1
2023-01-28,Mumbai,19.08,72.88,1,Winter,Clear,23.44,0.0,6.91,61.4,1010.2
2023-01-29,Mumbai,19.08,72.88,1,Winter,Clear,25.82,0.0,7.99,50.8,1011.6
2023-01-30,Mumbai,19.08,72.88,1,Winter,Clear,26.21,0.0,5.47,65.9,1011.5
2023-01-31,Mumbai,19.08,72.88,1,Winter,Clear,26.29,0.0,7.31,58.1,1012.1
2023-02-01,Mumbai,19.08,72.88,2,Winter,Clear,28.58,0.0,9.51,66.1,1014.4
2023-02-02,Mumbai,19.08,72.88,2,Winter,Clear,27.12,0.0,7.7,59.1,1014.0
2023-02-03,Mumbai,19.08,72.88,2,Winter,Clear,27.8,0.0,6.77,63.0,1015.2
2023-02-04,Mumbai,19.08,72.88,2,Winter,Clear,27.1,0.0,10.33,45.7,1010.4
2023-02-05,Mumbai,19.08,72.88,2,Winter,Clear,24.98,0.0,9.88,54.1,1010.1
2023-02-06,Mumbai,19.08,72.88,2,Winter,Clear,24.4,0.0,9.23,61.7,1013.0
2023-02-07,Mumbai,19.08,72.88,2,Winter,Clear,24.91,0.0,9.97,64.3,1011.7
2023-02-08,Mumbai,19.08,72.88,2,Winter,Clear,24.14,0.0,7.44,54.4,1013.0
2023-02-09,Mumbai,19.08,72.88,2,Winter,Clear,23.45,0.0,8.46,48.8,1013.0
2023-02-10,Mumbai,19.08,72.88,2,Winter,Clear,24.78,0.0,9.74,68.2,1014.4
2023-02-11,Mumbai,19.08,72.88,2,Winter,Clear,25.17,0.0,12.2,49.8,1014.9
2023-02-12,Mumbai,19.08,72.88,2,Winter,Clear,24.76,0.0,12.04,65.8,1012.0
2023-02-13,Mumbai,19.08,72.88,2,Winter,Clear,23.23,0.0,8.53,71.7,1013.6
2023-02-14,Mumbai,19.08,72.88,2,Winter,Clear,24.52,0.0,10.82,56.8,1013.9
2023-02-15,Mumbai,19.08,72.88,2,Winter,Clear,26.08,0.0,8.98,48.8,1015.5
2023-02-16,Mumbai,19.08,72.88,2,Winter,Clear,26.13,0.0,9.09,54.4,1013.6
2023-02-17,Mumbai,19.08,72.88,2,Winter,Clear,26.73,0.0,11.0,62.0,1010.0
2023-02-18,Mumbai,19.08,72.88,2,Winter,Clear,26.29,0.0,11.81,46.5,1013.7
2023-02-19,Mumbai,19.08,72.88,2,Winter,Clear,27.47,0.0,9.9,57.2,1012.4
2023-02-20,Mumbai,19.08,72.88,2,Winter,Clear,28.21,0.0,7.48,48.1,1010.5
2023-02-21,Mumbai,19.08,72.88,2,Winter,Clear,27.93,0.0,10.33,46.6,1014.8
2023-02-22,Mumbai,19.08,72.88,2,Winter,Clear,28.48,0.0,10.3,47.7,1012.0
2023-02-23,Mumbai,19.08,72.88,2,Winter,Clear,27.72,0.0,10.6,53.1,1013.1
2023-02-24,Mumbai,19.08,72.88,2,Winter,Clear,28.92,0.0,11.11,47.0,1012.0
2023-02-25,Mumbai,19.08,72.88,2,Winter,Clear,29.38,0.0,10.67,55.6,1013.1
2023-02-26,Mumbai,19.08,72.88,2,Winter,Clear,28.34,0.0,13.23,47.9,1013.6
2023-02-27,Mumbai,19.08,72.88,2,Winter,Clear,29.08,0.0,11.84,48.3,1013.9
2023-02-28,Mumbai,19.08,72.88,2,Winter,Clear,28.59,0.0,12.83,45.4,1016.6
2023-03-01,Mumbai,19.08,72.88,3,Summer,Heatwave,30.71,0.0,12.78,58.0,1016.4
2023-03-02,Mumbai,19.08,72.88,3,Summer,Heatwave,30.49,0.0,10.34,50.2,1012.0
2023-03-03,Mumbai,19.08,72.88,3,Summer,Clear,29.53,0.0,10.64,55.2,1014.8
2023-03-04,Mumbai,19.08,72.88,3,Summer,Heatwave,30.02,0.0,9.96,59.5,1015.5
2023-03-05,Mumbai,19.08,72.88,3,Summer,Clear,29.63,0.0,9.76,55.7,1014.6
2023-03-06,Mumbai,19.08,72.88,3,Summer,Clear,29.51,0.0,10.85,53.7,1014.0
2023-03-07,Mumbai,19.08,72.88,3,Summer,Heatwave,31.57,0.0,10.44,51.8,1013.3
2023-03-08,Mumbai,19.08,72.88,3,Summer,Clear,28.18,0.0,8.77,47.7,1012.5
2023-03-09,Mumbai,19.08,72.88,3,Summer,Clear,27.9,0.0,11.52,62.6,1011.7
2023-03-10,Mumbai,19.08,72.88,3,Summer,Clear,29.6,0.0,10.4,54.6,1011.8
2023-03-11,Mumbai,19.08,72.88,3,Summer,Clear,28.53,0.21,12.76,43.3,1014.1
2023-03-12,Mumbai,19.08,72.88,3,Summer,Clear,27.18,0.0,12.05,54.5,1012.1
2023-03-13,Mumbai,19.08,72.88,3,Summer,Clear,29.06,0.0,12.54,62.3,1014.8
2023-03-14,Mumbai,19.08,72.88,3,Summer,Heatwave,30.88,0.0,11.41,57.5,1011.4
2023-03-15,Mumbai,19.08,72.88,3,Summer,Heatwave,29.93,0.0,8.65,56.9,1014.8
2023-03-16,Mumbai,19.08,72.88,3,Summer,Heatwave,29.96,0.0,9.15,60.9,1011.5
2023-03-17,Mumbai,19.08,72.88,3,Summer,Clear,29.25,0.0,9.42,44.2,1011.3
2023-03-18,Mumbai,19.08,72.88,3,Summer,Clear,28.12,0.0,9.21,52.5,1012.2
2023-03-19,Mumbai,19.08,72.88,3,Summer,Clear,28.93,0.0,6.49,52.3,1016.1
2023-03-20,Mumbai,19.08,72.88,3,Summer,Clear,29.63,0.0,8.55,54.5,1015.0
2023-03-21,Mumbai,19.08,72.88,3,Summer,Clear,29.47,0.0,8.47,59.9,1010.5
2023-03-22,Mumbai,19.08,72.88,3,Summer,Clear,28.14,0.0,8.19,53.0,1015.7
2023-03-23,Mumbai,19.08,72.88,3,Summer,Clear,28.48,0.0,10.21,46.6,1012.5
2023-03-24,Mumbai,19.08,72.88,3,Summer,Clear,27.91,0.0,11.52,56.0,1009.9
2023-03-25,Mumbai,19.08,72.88,3,Summer,Clear,27.5,0.0,9.43,55.6,1016.5
2023-03-26,Mumbai,19.08,72.88,3,Summer,Clear,28.05,0.0,8.33,68.8,1012.5
2023-03-27,Mumbai,19.08,72.88,3,Summer,Clear,28.27,0.0,9.96,61.7,1011.5
2023-03-28,Mumbai,19.08,72.88,3,Summer,Clear,26.85,0.0,10.98,66.5,1014.9
2023-03-29,Mumbai,19.08,72.88,3,Summer,Clear,28.16,0.0,11.43,65.3,1015.2
2023-03-30,Mumbai,19.08,72.88,3,Summer,Clear,27.81,0.0,10.58,60.6,1010.4
2023-03-31,Mumbai,19.08,72.88,3,Summer,Clear,27.66,0.0,13.01,65.5,1014.5
2023-04-01,Mumbai,19.08,72.88,4,Summer,Clear,28.65,0.0,13.81,63.7,1011.4
2023-04-02,Mumbai,19.08,72.88,4,Summer,Clear,28.33,0.0,12.27,61.9,1010.8
2023-04-03,Mumbai,19.08,72.88,4,Summer,Clear,27.25,0.0,10.44,52.8,1012.7
2023-04-04,Mumbai,19.08,72.88,4,Summer,Clear,27.92,0.0,12.37,70.9,1013.2
2023-04-05,Mumbai,19.08,72.88,4,Summer,Clear,27.69,0.0,11.5,60.2,1012.1
2023-04-06,Mumbai,19.08,72.88,4,Summer,Clear,27.91,0.0,12.43,58.8,1011.2
2023-04-07,Mumbai,19.08,72.88,4,Summer,Clear,29.82,0.0,13.64,64.4,1012.9
2023-04-08,Mumbai,19.08,72.88,4,Summer,Clear,29.2,0.0,12.32,62.1,1015.3
2023-04-09,Mumbai,19.08,72.88,4,Summer,Clear,30.5,0.0,13.66,62.9,1012.4
2023-04-10,Mumbai,19.08,72.88,4,Summer,Clear,29.53,0.0,14.75,55.8,1015.3
2023-04-11,Mumbai,19.08,72.88,4,Summer,Clear,29.72,0.0,13.47,45.9,1012.0
2023-04-12,Mumbai,19.08,72.88,4,Summer,Clear,28.08,0.0,11.14,50.3,1013.4
2023-04-13,Mumbai,19.08,72.88,4,Summer,Clear,28.76,0.0,9.15,58.9,1013.3
2023-04-14,Mumbai,19.08,72.88,4,Summer,Clear,29.82,0.0,8.72,62.1,1011.3
2023-04-15,Mumbai,19.08,72.88,4,Summer,Clear,26.5,0.0,8.55,70.3,1016.0
2023-04-16,Mumbai,19.08,72.88,4,Summer,Clear,26.45,0.0,9.34,55.7,1013.9
2023-04-17,Mumbai,19.08,72.88,4,Summer,Clear,27.84,0.0,11.46,59.8,1013.5
2023-04-18,Mumbai,19.08,72.88,4,Summer,Clear,28.65,0.0,12.14,53.7,1013.2
2023-04-19,Mumbai,19.08,72.88,4,Summer,Clear,28.34,0.0,11.47,62.6,1013.6
2023-04-20,Mumbai,19.08,72.88,4,Summer,Clear,28.6,0.0,13.24,66.6,1014.6
2023-04-21,Mumbai,19.08,72.88,4,Summer,Clear,29.61,0.0,12.45,66.0,1015.5
2023-04-22,Mumbai,19.08,72.88,4,Summer,Clear,30.12,0.0,15.34,51.3,1013.6
2023-04-23,Mumbai,19.08,72.88,4,Summer,Clear,28.34,0.0,13.44,53.0,1013.6
2023-04-24,Mumbai,19.08,72.88,4,Summer,Clear,29.62,0.0,13.49,53.3,1012.5
2023-04-25,Mumbai,19.08,72.88,4,Summer,Clear,28.93,0.0,11.26,60.7,1011.2
2023-04-26,Mumbai,19.08,72.88,4,Summer,Clear,29.38,0.0,12.53,49.0,1014.0
2023-04-27,Mumbai,19.08,72.88,4,Summer,Clear,29.74,0.0,13.17,68.3,1010.6
2023-04-28,Mumbai,19.08,72.88,4,Summer,Clear,29.52,0.0,13.31,65.1,1014.8
2023-04-29,Mumbai,19.08,72.88,4,Summer,Clear,31.02,0.0,13.62,61.1,1013.2
2023-04-30,Mumbai,19.08,72.88,4,Summer,Clear,31.58,0.0,15.29,52.4,1011.2
2023-05-01,Mumbai,19.08,72.88,5,Summer,Clear,33.75,0.0,18.96,57.9,1013.3
2023-05-02,Mumbai,19.08,72.88,5,Summer,Heatwave,35.28,0.0,16.7,65.9,1010.5
2023-05-03,Mumbai,19.08,72.88,5,Summer,Heatwave,34.05,0.0,14.42,56.7,1011.6
2023-05-04,Mumbai,19.08,72.88,5,Summer,Clear,33.47,0.0,14.15,61.1,1009.4
2023-05-05,Mumbai,19.08,72.88,5,Summer,Heatwave,34.21,0.0,14.18,58.1,1015.8
2023-05-06,Mumbai,19.08,72.88,5,Summer,Clear,33.65,0.0,16.48,66.3,1012.5
2023-05-07,Mumbai,19.08,72.88,5,Summer,Clear,32.32,0.0,14.19,53.7,1010.8
2023-05-08,Mumbai,19.08,72.88,5,Summer,Clear,32.85,0.0,13.09,39.7,1013.9
2023-05-09,Mumbai,19.08,72.88,5,Summer,Clear,33.45,0.0,14.59,58.4,1011.5
2023-05-10,Mumbai,19.08,72.88,5,Summer,Clear,31.72,0.0,13.78,56.8,1011.6
2023-05-11,Mumbai,19.08,72.88,5,Summer,Clear,32.53,0.0,13.91,46.5,1013.2
2023-05-12,Mumbai,19.08,72.88,5,Summer,Clear,31.79,0.0,13.29,55.9,1014.9
2023-05-13,Mumbai,19.08,72.88,5,Summer,Clear,31.9,0.0,16.46,54.2,1014.8
2023-05-14,Mumbai,19.08,72.88,5,Summer,Clear,32.19,0.0,16.14,57.3,1013.4
2023-05-15,Mumbai,19.08,72.88,5,Summer,Clear,33.76,0.0,14.34,58.6,1011.8
2023-05-16,Mumbai,19.08,72.88,5,Summer,Clear,33.74,0.0,15.67,49.1,1012.2
2023-05-17,Mumbai,19.08,72.88,5,Summer,Heatwave,34.59,0.0,16.16,49.3,1012.0
2023-05-18,Mumbai,19.08,72.88,5,Summer,Clear,33.75,0.0,17.29,61.9,1013.4
2023-05-19,Mumbai,19.08,72.88,5,Summer,Clear,33.74,0.0,15.98,48.6,1012.2
2023-05-20,Mumbai,19.08,72.88,5,Summer,Clear,32.73,0.0,15.82,60.1,1011.2
2023-05-21,Mumbai,19.08,72.88,5,Summer,Heatwave,34.08,0.0,13.96,53.4,1014.1
2023-05-22,Mumbai,19.08,72.88,5,Summer,Clear,33.69,5.57,16.28,50.8,1011.3
2023-05-23,Mumbai,19.08,72.88,5,Summer,Clear,32.74,2.88,13.68,57.8,1010.2
2023-05-24,Mumbai,19.08,72.88,5,Summer,Clear,33.76,0.0,14.39,53.5,1015.2
2023-05-25,Mumbai,19.08,72.88,5,Summer,Heatwave,34.29,0.0,16.52,38.2,1014.8
2023-05-26,Mumbai,19.08,72.88,5,Summer,Heatwave,34.35,0.0,17.33,55.0,1010.1
2023-05-27,Mumbai,19.08,72.88,5,Summer,Heatwave,34.25,0.0,13.82,46.6,1012.6
2023-05-28,Mumbai,19.08,72.88,5,Summer,Heatwave,34.15,0.0,14.53,48.8,1011.4
2023-05-29,Mumbai,19.08,72.88,5,Summer,Heatwave,34.07,0.0,14.94,37.6,1015.0
2023-05-30,Mumbai,19.08,72.88,5,Summer,Clear,33.64,0.0,15.02,63.2,1012.5
2023-05-31,Mumbai,19.08,72.88,5,Summer,Clear,32.93,0.0,15.97,55.8,1013.8
2023-06-01,Mumbai,19.08,72.88,6,Monsoon,HighWind,31.22,0.0,25.08,50.1,1010.6
2023-06-02,Mumbai,19.08,72.88,6,Monsoon,Monsoon,30.59,19.94,28.23,64.3,1011.8
2023-06-03,Mumbai,19.08,72.88,6,Monsoon,Monsoon,32.15,37.15,32.33,66.6,1014.4
2023-06-04,Mumbai,19.08,72.88,6,Monsoon,Monsoon,31.78,21.03,26.08,59.3,1013.8
2023-06-05,Mumbai,19.08,72.88,6,Monsoon,HighWind,31.38,7.69,25.46,52.2,1014.6
2023-06-06,Mumbai,19.08,72.88,6,Monsoon,Monsoon,29.22,12.89,27.47,61.7,1014.6
2023-06-07,Mumbai,19.08,72.88,6,Monsoon,Storm,29.11,99.36,36.61,84.8,1007.2
2023-06-08,Mumbai,19.08,72.88,6,Monsoon,Monsoon,29.3,33.75,27.33,74.3,1011.0
2023-06-09,Mumbai,19.08,72.88,6,Monsoon,Monsoon,27.62,27.52,23.79,65.1,1011.1
2023-06-10,Mumbai,19.08,72.88,6,Monsoon,Monsoon,27.61,26.57,24.91,67.1,1009.9
2023-06-11,Mumbai,19.08,72.88,6,Monsoon,Monsoon,27.45,37.64,28.17,73.9,1009.6
2023-06-12,Mumbai,19.08,72.88,6,Monsoon,Monsoon,28.05,20.94,28.42,70.7,1014.0
2023-06-13,Mumbai,19.08,72.88,6,Monsoon,Monsoon,29.48,31.77,28.13,71.5,1012.1
2023-06-14,Mumbai,19.08,72.88,6,Monsoon,Monsoon,27.75,24.04,25.72,63.6,1010.7
2023-06-15,Mumbai,19.08,72.88,6,Monsoon,Clear,28.87,0.0,21.28,60.6,1014.8
2023-06-16,Mumbai,19.08,72.88,6,Monsoon,HighWind,30.42,0.0,23.33,55.0,1017.1
2023-06-17,Mumbai,19.08,72.88,6,Monsoon,HighWind,31.56,0.0,22.58,62.5,1011.9
2023-06-18,Mumbai,19.08,72.88,6,Monsoon,Monsoon,31.15,24.2,26.69,57.1,1010.5
2023-06-19,Mumbai,19.08,72.88,6,Monsoon,Clear,29.23,0.0,20.61,62.7,1012.0
2023-06-20,Mumbai,19.08,72.88,6,Monsoon,Monsoon,30.17,8.15,23.63,59.1,1015.5
2023-06-21,Mumbai,19.08,72.88,6,Monsoon,Clear,30.34,0.0,21.53,54.2,1012.1
2023-06-22,Mumbai,19.08,72.88,6,Monsoon,Monsoon,31.04,25.33,25.19,64.4,1010.3
2023-06-23,Mumbai,19.08,72.88,6,Monsoon,Monsoon,31.64,21.64,24.81,58.4,1008.7
2023-06-24,Mumbai,19.08,72.88,6,Monsoon,Monsoon,31.11,12.69,23.26,51.1,1011.4
2023-06-25,Mumbai,19.08,72.88,6,Monsoon,Monsoon,29.38,28.23,26.69,78.0,1011.3
2023-06-26,Mumbai,19.08,72.88,6,Monsoon,HighWind,28.83,7.09,24.44,68.7,1011.1
2023-06-27,Mumbai,19.08,72.88,6,Monsoon,Monsoon,27.59,43.01,32.37,71.2,1007.8
2023-06-28,Mumbai,19.08,72.88,6,Monsoon,HighWind,28.62,0.0,27.26,68.7,1011.7
2023-06-29,Mumbai,19.08,72.88,6,Monsoon,HighWind,28.61,0.0,25.31,65.1,1015.6
2023-06-30,Mumbai,19.08,72.88,6,Monsoon,HighWind,26.76,0.0,24.87,54.4,1015.9
2023-07-01,Mumbai,19.08,72.88,7,Monsoon,Monsoon,23.37,23.0,31.89,69.6,1016.9
2023-07-02,Mumbai,19.08,72.88,7,Monsoon,Monsoon,25.1,29.57,30.29,68.1,1007.9
2023-07-03,Mumbai,19.08,72.88,7,Monsoon,Monsoon,24.28,16.14,27.74,61.0,1013.0
2023-07-04,Mumbai,19.08,72.88,7,Monsoon,HighWind,23.29,0.0,24.72,57.5,1010.3
2023-07-05,Mumbai,19.08,72.88,7,Monsoon,HighWind,25.6,0.0,27.65,60.9,1012.3
2023-07-06,Mumbai,19.08,72.88,7,Monsoon,HighWind,25.93,0.0,27.39,63.0,1011.9
2023-07-07,Mumbai,19.08,72.88,7,Monsoon,HighWind,25.65,0.0,24.26,61.0,1012.4
2023-07-08,Mumbai,19.08,72.88,7,Monsoon,Clear,26.2,0.0,20.58,58.1,1009.9
2023-07-09,Mumbai,19.08,72.88,7,Monsoon,HighWind,28.16,0.0,22.54,47.6,1016.3
2023-07-10,Mumbai,19.08,72.88,7,Monsoon,Storm,28.02,60.62,32.0,69.5,1008.6
2023-07-11,Mumbai,19.08,72.88,7,Monsoon,Clear,29.44,3.15,21.46,59.7,1012.7
2023-07-12,Mumbai,19.08,72.88,7,Monsoon,Storm,29.79,65.69,32.18,73.9,1007.3
2023-07-13,Mumbai,19.08,72.88,7,Monsoon,Clear,29.23,0.0,21.64,53.6,1012.1
2023-07-14,Mumbai,19.08,72.88,7,Monsoon,Clear,29.82,0.0,21.69,52.5,1015.8
2023-07-15,Mumbai,19.08,72.88,7,Monsoon,HighWind,28.19,0.0,25.52,55.4,1013.7
2023-07-16,Mumbai,19.08,72.88,7,Monsoon,HighWind,26.67,0.0,24.6,52.6,1012.1
2023-07-17,Mumbai,19.08,72.88,7,Monsoon,HighWind,26.27,0.0,25.6,56.4,1015.5
2023-07-18,Mumbai,19.08,72.88,7,Monsoon,Clear,27.88,0.0,21.86,50.3,1015.2
2023-07-19,Mumbai,19.08,72.88,7,Monsoon,HighWind,27.13,0.0,24.7,69.7,1015.4
2023-07-20,Mumbai,19.08,72.88,7,Monsoon,Monsoon,27.0,14.41,25.33,65.5,1011.3
2023-07-21,Mumbai,19.08,72.88,7,Monsoon,Monsoon,26.25,28.29,28.33,63.6,1011.0
2023-07-22,Mumbai,19.08,72.88,7,Monsoon,HighWind,26.73,2.65,23.74,60.4,1012.7
2023-07-23,Mumbai,19.08,72.88,7,Monsoon,Monsoon,26.41,19.93,28.72,69.6,1014.6
2023-07-24,Mumbai,19.08,72.88,7,Monsoon,Monsoon,27.49,19.85,27.62,77.5,1014.1
2023-07-25,Mumbai,19.08,72.88,7,Monsoon,Storm,26.75,49.76,34.14,79.6,1012.0
2023-07-26,Mumbai,19.08,72.88,7,Monsoon,Storm,27.0,88.71,38.85,76.0,1008.6
2023-07-27,Mumbai,19.08,72.88,7,Monsoon,HighWind,28.18,0.0,24.73,57.9,1013.9
2023-07-28,Mumbai,19.08,72.88,7,Monsoon,HighWind,27.11,0.0,26.76,66.0,1014.5
2023-07-29,Mumbai,19.08,72.88,7,Monsoon,HighWind,26.09,0.0,28.36,60.6,1010.4
2023-07-30,Mumbai,19.08,72.88,7,Monsoon,Storm,25.38,134.23,39.71,73.4,1009.5
2023-07-31,Mumbai,19.08,72.88,7,Monsoon,Monsoon,24.05,8.99,26.53,53.8,1011.9
2023-08-01,Mumbai,19.08,72.88,8,Monsoon,Storm,25.09,86.1,35.62,96.7,1008.5
2023-08-02,Mumbai,19.08,72.88,8,Monsoon,Clear,25.64,0.0,20.12,61.6,1012.1
2023-08-03,Mumbai,19.08,72.88,8,Monsoon,HighWind,26.9,0.0,23.37,53.3,1013.7
2023-08-04,Mumbai,19.08,72.88,8,Monsoon,Clear,26.38,0.0,21.13,51.9,1016.0
2023-08-05,Mumbai,19.08,72.88,8,Monsoon,Clear,26.58,0.0,20.4,48.3,1014.0
2023-08-06,Mumbai,19.08,72.88,8,Monsoon,Clear,27.74,5.08,21.76,53.1,1010.2
2023-08-07,Mumbai,19.08,72.88,8,Monsoon,Monsoon,27.92,41.81,29.4,63.0,1008.6
2023-08-08,Mumbai,19.08,72.88,8,Monsoon,Monsoon,29.16,22.28,23.73,56.6,1011.6
2023-08-09,Mumbai,19.08,72.88,8,Monsoon,Storm,28.42,61.21,28.9,83.2,1008.7
2023-08-10,Mumbai,19.08,72.88,8,Monsoon,Monsoon,25.86,19.21,22.57,76.0,1011.1
2023-08-11,Mumbai,19.08,72.88,8,Monsoon,Monsoon,24.78,28.65,26.26,65.2,1009.7
2023-08-12,Mumbai,19.08,72.88,8,Monsoon,Clear,24.26,0.26,18.99,45.6,1014.4
2023-08-13,Mumbai,19.08,72.88,8,Monsoon,Monsoon,24.7,32.91,24.88,59.7,1010.1
2023-08-14,Mumbai,19.08,72.88,8,Monsoon,Monsoon,24.32,19.38,21.58,67.4,1011.1
2023-08-15,Mumbai,19.08,72.88,8,Monsoon,Clear,23.71,2.21,17.79,68.0,1013.9
2023-08-16,Mumbai,19.08,72.88,8,Monsoon,Monsoon,23.88,15.74,21.22,56.5,1011.8
2023-08-17,Mumbai,19.08,72.88,8,Monsoon,Monsoon,23.05,11.41,19.34,59.7,1011.1
2023-08-18,Mumbai,19.08,72.88,8,Monsoon,Monsoon,24.01,39.95,25.77,70.1,1007.5
2023-08-19,Mumbai,19.08,72.88,8,Monsoon,Clear,24.59,4.1,21.37,66.2,1014.3
2023-08-20,Mumbai,19.08,72.88,8,Monsoon,Monsoon,25.76,35.74,26.83,71.5,1008.4
2023-08-21,Mumbai,19.08,72.88,8,Monsoon,Monsoon,27.57,12.73,23.86,57.7,1013.6
2023-08-22,Mumbai,19.08,72.88,8,Monsoon,Monsoon,27.23,25.2,26.5,55.9,1009.3
2023-08-23,Mumbai,19.08,72.88,8,Monsoon,Monsoon,29.01,10.22,22.32,62.8,1013.0
2023-08-24,Mumbai,19.08,72.88,8,Monsoon,Monsoon,27.9,10.14,21.08,59.9,1012.1
2023-08-25,Mumbai,19.08,72.88,8,Monsoon,Monsoon,27.01,16.08,22.71,53.1,1009.9
2023-08-26,Mumbai,19.08,72.88,8,Monsoon,Monsoon,26.4,35.95,25.92,59.4,1006.6
2023-08-27,Mumbai,19.08,72.88,8,Monsoon,Storm,25.48,89.0,33.22,95.5,1008.6
2023-08-28,Mumbai,19.08,72.88,8,Monsoon,Monsoon,27.14,39.84,24.34,55.3,1008.3
2023-08-29,Mumbai,19.08,72.88,8,Monsoon,HighWind,24.86,7.49,22.37,63.4,1013.6
2023-08-30,Mumbai,19.08,72.88,8,Monsoon,Monsoon,25.76,24.1,26.23,61.5,1012.6
2023-08-31,Mumbai,19.08,72.88,8,Monsoon,Monsoon,26.43,9.02,26.75,57.0,1014.7
2023-09-01,Mumbai,19.08,72.88,9,Monsoon,Monsoon,27.74,14.38,20.64,62.5,1011.4
2023-09-02,Mumbai,19.08,72.88,9,Monsoon,Monsoon,27.64,8.33,19.15,71.1,1013.2
2023-09-03,Mumbai,19.08,72.88,9,Monsoon,Clear,28.39,0.0,17.49,57.6,1011.1
2023-09-04,Mumbai,19.08,72.88,9,Monsoon,Clear,29.66,0.0,12.54,52.0,1014.3
2023-09-05,Mumbai,19.08,72.88,9,Monsoon,Clear,28.86,0.0,13.04,64.1,1014.1
2023-09-06,Mumbai,19.08,72.88,9,Monsoon,Clear,28.78,2.6,16.7,48.3,1014.1
2023-09-07,Mumbai,19.08,72.88,9,Monsoon,Monsoon,29.8,12.11,18.33,64.2,1010.7
2023-09-08,Mumbai,19.08,72.88,9,Monsoon,Monsoon,27.12,16.33,20.1,70.4,1013.1
2023-09-09,Mumbai,19.08,72.88,9,Monsoon,Monsoon,28.31,11.93,18.82,58.3,1009.7
2023-09-10,Mumbai,19.08,72.88,9,Monsoon,Clear,27.24,0.0,16.7,60.2,1014.4
2023-09-11,Mumbai,19.08,72.88,9,Monsoon,Clear,26.99,0.0,15.4,63.2,1014.1
2023-09-12,Mumbai,19.08,72.88,9,Monsoon,Clear,28.28,0.0,14.53,66.0,1015.4
2023-09-13,Mumbai,19.08,72.88,9,Monsoon,Clear,28.95,0.0,12.18,61.7,1011.8
2023-09-14,Mumbai,19.08,72.88,9,Monsoon,Monsoon,28.76,31.22,16.3,61.1,1012.9
2023-09-15,Mumbai,19.08,72.88,9,Monsoon,Monsoon,28.12,20.76,18.27,59.1,1008.3
2023-09-16,Mumbai,19.08,72.88,9,Monsoon,Monsoon,27.38,17.79,16.81,60.1,1013.3
2023-09-17,Mumbai,19.08,72.88,9,Monsoon,Clear,27.6,5.66,14.28,53.1,1014.1
2023-09-18,Mumbai,19.08,72.88,9,Monsoon,Clear,28.46,1.9,15.16,51.8,1013.3
2023-09-19,Mumbai,19.08,72.88,9,Monsoon,Clear,29.47,7.38,17.6,51.3,1015.4
2023-09-20,Mumbai,19.08,72.88,9,Monsoon,Clear,29.39,2.15,16.52,49.4,1014.1
2023-09-21,Mumbai,19.08,72.88,9,Monsoon,Clear,29.22,4.88,17.61,59.6,1009.0
2023-09-22,Mumbai,19.08,72.88,9,Monsoon,Monsoon,30.07,30.2,22.12,65.8,1011.9
2023-09-23,Mumbai,19.08,72.88,9,Monsoon,Clear,29.05,1.39,14.83,57.4,1014.6
2023-09-24,Mumbai,19.08,72.88,9,Monsoon,Monsoon,28.69,8.15,19.68,60.7,1012.8
2023-09-25,Mumbai,19.08,72.88,9,Monsoon,Monsoon,28.77,20.47,22.15,64.9,1011.4
2023-09-26,Mumbai,19.08,72.88,9,Monsoon,Monsoon,28.28,11.65,17.49,59.2,1011.2
2023-09-27,Mumbai,19.08,72.88,9,Monsoon,Monsoon,29.08,15.14,17.02,63.0,1013.1
2023-09-28,Mumbai,19.08,72.88,9,Monsoon,Monsoon,28.55,18.09,15.87,51.4,1012.0
2023-09-29,Mumbai,19.08,72.88,9,Monsoon,Clear,28.09,0.92,14.44,55.4,1011.6
2023-09-30,Mumbai,19.08,72.88,9,Monsoon,Clear,30.74,2.28,14.28,54.2,1013.5
2023-10-01,Mumbai,19.08,72.88,10,PostMonsoon,Clear,31.25,0.0,5.81,60.9,1013.4
2023-10-02,Mumbai,19.08,72.88,10,PostMonsoon,Clear,31.83,0.0,10.8,54.9,1010.8
2023-10-03,Mumbai,19.08,72.88,10,PostMonsoon,Clear,31.71,0.0,11.52,48.3,1012.6
2023-10-04,Mumbai,19.08,72.88,10,PostMonsoon,Clear,30.46,0.0,10.85,62.7,1012.2
2023-10-05,Mumbai,19.08,72.88,10,PostMonsoon,Clear,30.76,0.0,12.32,52.6,1012.4
2023-10-06,Mumbai,19.08,72.88,10,PostMonsoon,Clear,29.3,3.9,11.85,64.3,1013.5
2023-10-07,Mumbai,19.08,72.88,10,PostMonsoon,Clear,28.21,0.0,11.9,63.2,1009.3
2023-10-08,Mumbai,19.08,72.88,10,PostMonsoon,Clear,29.0,0.0,10.01,63.0,1015.6
2023-10-09,Mumbai,19.08,72.88,10,PostMonsoon,Clear,26.89,0.0,11.62,64.3,1013.0
2023-10-10,Mumbai,19.08,72.88,10,PostMonsoon,Convective,25.57,38.86,15.88,65.7,1010.1
2023-10-11,Mumbai,19.08,72.88,10,PostMonsoon,Clear,25.88,0.0,12.66,51.3,1010.4
2023-10-12,Mumbai,19.08,72.88,10,PostMonsoon,Clear,26.1,0.0,12.11,57.9,1012.8
2023-10-13,Mumbai,19.08,72.88,10,PostMonsoon,Clear,27.29,0.0,12.42,47.6,1011.9
2023-10-14,Mumbai,19.08,72.88,10,PostMonsoon,Clear,25.8,0.0,12.78,65.6,1014.7
2023-10-15,Mumbai,19.08,72.88,10,PostMonsoon,Clear,27.18,0.0,11.55,60.7,1014.0
2023-10-16,Mumbai,19.08,72.88,10,PostMonsoon,Clear,27.18,0.0,10.84,57.3,1012.5
2023-10-17,Mumbai,19.08,72.88,10,PostMonsoon,Clear,27.64,0.0,9.67,53.2,1011.6
2023-10-18,Mumbai,19.08,72.88,10,PostMonsoon,Clear,26.99,0.0,9.54,49.2,1013.8
2023-10-19,Mumbai,19.08,72.88,10,PostMonsoon,Clear,26.57,0.0,10.09,67.7,1012.2
2023-10-20,Mumbai,19.08,72.88,10,PostMonsoon,Clear,30.32,0.0,10.8,58.3,1011.5
2023-10-21,Mumbai,19.08,72.88,10,PostMonsoon,Clear,30.5,0.0,9.74,49.5,1015.6
2023-10-22,Mumbai,19.08,72.88,10,PostMonsoon,Clear,30.2,0.0,8.8,49.8,1013.6
2023-10-23,Mumbai,19.08,72.88,10,PostMonsoon,Clear,32.08,0.0,10.82,63.0,1015.6
2023-10-24,Mumbai,19.08,72.88,10,PostMonsoon,Clear,32.87,0.0,7.84,56.7,1013.7
2023-10-25,Mumbai,19.08,72.88,10,PostMonsoon,Clear,28.7,0.0,11.69,57.3,1013.6
2023-10-26,Mumbai,19.08,72.88,10,PostMonsoon,Convective,28.9,44.34,18.1,74.4,1009.4
2023-10-27,Mumbai,19.08,72.88,10,PostMonsoon,Clear,29.95,0.0,10.65,59.4,1012.8
2023-10-28,Mumbai,19.08,72.88,10,PostMonsoon,Clear,29.17,0.0,11.96,51.8,1012.4
2023-10-29,Mumbai,19.08,72.88,10,PostMonsoon,Clear,28.74,0.0,14.76,68.5,1015.9
2023-10-30,Mumbai,19.08,72.88,10,PostMonsoon,Convective,29.74,15.11,14.33,69.5,1010.6
2023-10-31,Mumbai,19.08,72.88,10,PostMonsoon,Clear,29.33,0.0,8.46,60.0,1013.0
2023-11-01,Mumbai,19.08,72.88,11,PostMonsoon,Clear,27.08,0.0,7.44,47.9,1014.7
2023-11-02,Mumbai,19.08,72.88,11,PostMonsoon,Clear,25.95,0.0,5.15,63.2,1016.0
2023-11-03,Mumbai,19.08,72.88,11,PostMonsoon,Clear,26.1,0.0,4.81,56.2,1016.2
2023-11-04,Mumbai,19.08,72.88,11,PostMonsoon,Clear,26.15,0.0,3.48,62.2,1011.9
2023-11-05,Mumbai,19.08,72.88,11,PostMonsoon,Clear,26.57,0.0,6.91,61.8,1013.9
2023-11-06,Mumbai,19.08,72.88,11,PostMonsoon,Clear,27.87,0.0,7.6,50.6,1013.3
2023-11-07,Mumbai,19.08,72.88,11,PostMonsoon,Clear,27.44,0.0,8.04,61.5,1011.2
2023-11-08,Mumbai,19.08,72.88,11,PostMonsoon,Clear,24.96,0.0,9.52,57.1,1013.6
2023-11-09,Mumbai,19.08,72.88,11,PostMonsoon,Clear,24.13,0.0,10.0,53.8,1010.6
2023-11-10,Mumbai,19.08,72.88,11,PostMonsoon,Convective,25.88,25.98,11.97,70.7,1008.8
2023-11-11,Mumbai,19.08,72.88,11,PostMonsoon,Clear,25.43,0.0,9.12,57.8,1012.0
2023-11-12,Mumbai,19.08,72.88,11,PostMonsoon,Clear,25.54,0.0,8.09,66.5,1015.9
2023-11-13,Mumbai,19.08,72.88,11,PostMonsoon,Clear,27.0,0.0,6.38,62.0,1010.4
2023-11-14,Mumbai,19.08,72.88,11,PostMonsoon,Clear,29.74,0.0,6.86,47.9,1015.4
2023-11-15,Mumbai,19.08,72.88,11,PostMonsoon,Clear,27.15,0.0,5.74,60.0,1007.5
2023-11-16,Mumbai,19.08,72.88,11,PostMonsoon,Clear,28.92,0.0,5.82,49.5,1013.4
2023-11-17,Mumbai,19.08,72.88,11,PostMonsoon,Clear,29.07,0.0,4.41,57.4,1012.4
2023-11-18,Mumbai,19.08,72.88,11,PostMonsoon,Clear,28.6,0.0,5.18,54.9,1013.5
2023-11-19,Mumbai,19.08,72.88,11,PostMonsoon,Clear,26.36,0.0,6.48,66.1,1013.0
2023-11-20,Mumbai,19.08,72.88,11,PostMonsoon,Clear,25.25,0.0,6.72,57.6,1011.6
2023-11-21,Mumbai,19.08,72.88,11,PostMonsoon,Clear,26.99,0.0,9.04,51.8,1012.4
2023-11-22,Mumbai,19.08,72.88,11,PostMonsoon,Clear,24.99,0.0,8.26,56.2,1012.2
2023-11-23,Mumbai,19.08,72.88,11,PostMonsoon,Clear,28.02,0.0,7.8,50.2,1011.7
2023-11-24,Mumbai,19.08,72.88,11,PostMonsoon,Clear,28.33,0.0,9.63,41.5,1011.2
2023-11-25,Mumbai,19.08,72.88,11,PostMonsoon,Clear,28.05,0.0,10.39,49.5,1015.7
2023-11-26,Mumbai,19.08,72.88,11,PostMonsoon,Clear,25.51,0.0,10.08,66.4,1012.7
2023-11-27,Mumbai,19.08,72.88,11,PostMonsoon,Clear,26.03,0.0,9.36,50.0,1016.0
2023-11-28,Mumbai,19.08,72.88,11,PostMonsoon,Clear,27.54,0.0,7.88,61.6,1012.3
2023-11-29,Mumbai,19.08,72.88,11,PostMonsoon,Clear,28.06,0.0,5.98,50.7,1012.7
2023-11-30,Mumbai,19.08,72.88,11,PostMonsoon,Clear,28.47,0.0,7.77,58.3,1012.2
2023-12-01,Mumbai,19.08,72.88,12,Winter,Clear,26.57,0.0,9.97,55.7,1012.1
2023-12-02,Mumbai,19.08,72.88,12,Winter,Clear,26.87,0.0,11.36,52.9,1011.9
2023-12-03,Mumbai,19.08,72.88,12,Winter,Clear,27.56,0.0,13.99,45.1,1013.2
2023-12-04,Mumbai,19.08,72.88,12,Winter,Clear,29.31,0.0,11.81,47.7,1013.0
2023-12-05,Mumbai,19.08,72.88,12,Winter,Clear,27.59,0.0,10.9,50.6,1012.6
2023-12-06,Mumbai,19.08,72.88,12,Winter,Clear,26.93,0.0,10.31,66.2,1009.6
2023-12-07,Mumbai,19.08,72.88,12,Winter,Clear,27.64,0.0,10.36,64.6,1016.9
2023-12-08,Mumbai,19.08,72.88,12,Winter,Clear,26.6,0.0,7.69,46.0,1012.8
2023-12-09,Mumbai,19.08,72.88,12,Winter,Clear,24.48,0.0,7.03,59.3,1013.1
2023-12-10,Mumbai,19.08,72.88,12,Winter,Clear,24.91,0.0,8.0,49.8,1014.3
2023-12-11,Mumbai,19.08,72.88,12,Winter,Clear,24.41,0.0,7.54,56.6,1013.7
2023-12-12,Mumbai,19.08,72.88,12,Winter,Clear,26.06,0.0,9.52,64.0,1008.0
2023-12-13,Mumbai,19.08,72.88,12,Winter,Clear,27.51,0.0,7.25,60.6,1011.7
2023-12-14,Mumbai,19.08,72.88,12,Winter,Clear,28.39,0.0,10.61,57.0,1013.0
2023-12-15,Mumbai,19.08,72.88,12,Winter,Clear,29.38,0.0,7.62,44.1,1011.7
2023-12-16,Mumbai,19.08,72.88,12,Winter,Clear,29.84,0.0,8.02,49.7,1015.3
2023-12-17,Mumbai,19.08,72.88,12,Winter,Clear,28.65,0.0,5.3,48.3,1014.3
2023-12-18,Mumbai,19.08,72.88,12,Winter,Clear,26.73,0.0,7.4,68.1,1010.6
2023-12-19,Mumbai,19.08,72.88,12,Winter,Clear,27.17,0.0,9.06,54.3,1013.5
2023-12-20,Mumbai,19.08,72.88,12,Winter,Clear,29.24,0.0,9.25,62.4,1015.4
2023-12-21,Mumbai,19.08,72.88,12,Winter,Clear,29.0,0.0,7.47,57.1,1012.9
2023-12-22,Mumbai,19.08,72.88,12,Winter,Clear,29.87,0.0,9.67,54.0,1010.0
2023-12-23,Mumbai,19.08,72.88,12,Winter,Clear,29.91,0.0,8.83,51.2,1013.9
2023-12-24,Mumbai,19.08,72.88,12,Winter,Clear,29.42,0.0,7.09,63.8,1012.2
2023-12-25,Mumbai,19.08,72.88,12,Winter,Clear,27.23,0.0,8.45,54.2,1009.8
2023-12-26,Mumbai,19.08,72.88,12,Winter,Clear,27.08,0.0,9.56,57.6,1011.7
2023-12-27,Mumbai,19.08,72.88,12,Winter,Clear,28.13,0.0,10.97,55.5,1012.6
2023-12-28,Mumbai,19.08,72.88,12,Winter,Clear,27.44,0.0,9.91,50.3,1012.8
2023-12-29,Mumbai,19.08,72.88,12,Winter,Clear,26.99,0.0,8.32,59.0,1014.3
2023-12-30,Mumbai,19.08,72.88,12,Winter,Clear,25.6,0.0,8.1,53.6,1013.7
2023-12-31,Mumbai,19.08,72.88,12,Winter,Clear,24.12,0.0,6.72,59.9,1010.8
2024-01-01,Mumbai,19.08,72.88,1,Winter,Clear,21.74,0.0,9.42,53.0,1012.9
2024-01-02,Mumbai,19.08,72.88,1,Winter,Clear,20.69,0.0,8.79,47.3,1014.3
2024-01-03,Mumbai,19.08,72.88,1,Winter,Clear,22.63,0.0,8.85,65.4,1011.8
2024-01-04,Mumbai,19.08,72.88,1,Winter,Clear,24.61,0.0,9.5,60.3,1012.1
2024-01-05,Mumbai,19.08,72.88,1,Winter,Clear,22.86,0.0,10.7,59.7,1012.5
2024-01-06,Mumbai,19.08,72.88,1,Winter,Clear,23.95,0.0,12.46,48.9,1012.0
2024-01-07,Mumbai,19.08,72.88,1,Winter,Clear,24.3,0.0,12.15,47.7,1010.7
2024-01-08,Mumbai,19.08,72.88,1,Winter,Clear,23.61,0.0,9.29,60.9,1013.6
2024-01-09,Mumbai,19.08,72.88,1,Winter,Clear,23.72,0.0,11.56,50.2,1013.5
2024-01-10,Mumbai,19.08,72.88,1,Winter,Clear,25.7,0.0,14.31,72.7,1014.0
2024-01-11,Mumbai,19.08,72.88,1,Winter,Clear,25.08,0.0,12.56,48.7,1012.6
2024-01-12,Mumbai,19.08,72.88,1,Winter,Clear,25.4,0.0,11.12,51.9,1011.7
2024-01-13,Mumbai,19.08,72.88,1,Winter,Clear,24.37,0.0,8.62,62.5,1013.7
2024-01-14,Mumbai,19.08,72.88,1,Winter,Clear,24.11,0.0,8.67,60.6,1013.4
2024-01-15,Mumbai,19.08,72.88,1,Winter,Clear,21.44,0.0,7.4,62.7,1012.5
2024-01-16,Mumbai,19.08,72.88,1,Winter,Clear,21.87,0.0,10.37,63.8,1015.1
2024-01-17,Mumbai,19.08,72.88,1,Winter,Clear,22.95,0.0,7.31,65.0,1014.6
2024-01-18,Mumbai,19.08,72.88,1,Winter,Clear,21.18,0.0,7.49,60.0,1010.2
2024-01-19,Mumbai,19.08,72.88,1,Winter,Clear,21.58,0.0,9.47,56.6,1012.6
2024-01-20,Mumbai,19.08,72.88,1,Winter,Clear,19.78,0.0,7.79,58.2,1012.3
2024-01-21,Mumbai,19.08,72.88,1,Winter,Clear,21.49,0.0,7.38,60.8,1015.5
2024-01-22,Mumbai,19.08,72.88,1,Winter,Clear,21.74,0.0,11.11,61.6,1011.1
2024-01-23,Mumbai,19.08,72.88,1,Winter,Clear,22.68,0.0,7.24,65.7,1012.3
2024-01-24,Mumbai,19.08,72.88,1,Winter,Clear,20.96,0.0,7.4,62.7,1013.0
2024-01-25,Mumbai,19.08,72.88,1,Winter,Clear,21.84,0.0,11.88,65.0,1016.6
2024-01-26,Mumbai,19.08,72.88,1,Winter,Clear,22.52,0.0,12.37,56.9,1010.2
2024-01-27,Mumbai,19.08,72.88,1,Winter,Clear,21.4,0.0,8.7,55.2,1010.6
2024-01-28,Mumbai,19.08,72.88,1,Winter,Clear,22.98,0.0,7.94,55.2,1010.8
2024-01-29,Mumbai,19.08,72.88,1,Winter,Clear,25.03,0.0,6.23,54.0,1009.8
2024-01-30,Mumbai,19.08,72.88,1,Winter,Clear,24.32,0.0,8.76,46.7,1010.3
2024-01-31,Mumbai,19.08,72.88,1,Winter,Clear,23.31,0.0,8.11,55.0,1011.6
2024-02-01,Mumbai,19.08,72.88,2,Winter,Clear,24.97,0.0,8.02,61.6,1011.4
2024-02-02,Mumbai,19.08,72.88,2,Winter,Clear,27.28,0.0,6.82,52.0,1012.6
2024-02-03,Mumbai,19.08,72.88,2,Winter,Clear,26.31,0.0,9.61,48.2,1011.7
2024-02-04,Mumbai,19.08,72.88,2,Winter,Clear,24.77,0.0,4.93,51.2,1010.0
2024-02-05,Mumbai,19.08,72.88,2,Winter,Clear,24.75,0.0,4.34,53.3,1013.8
2024-02-06,Mumbai,19.08,72.88,2,Winter,Clear,23.58,0.0,7.46,53.3,1014.0
2024-02-07,Mumbai,19.08,72.88,2,Winter,Clear,23.75,0.0,6.24,68.5,1010.9
2024-02-08,Mumbai,19.08,72.88,2,Winter,Clear,22.61,0.0,9.62,67.7,1015.4
2024-02-09,Mumbai,19.08,72.88,2,Winter,Clear,21.82,0.0,9.44,69.8,1011.3
2024-02-10,Mumbai,19.08,72.88,2,Winter,Clear,24.52,0.0,11.01,57.0,1013.5
2024-02-11,Mumbai,19.08,72.88,2,Winter,Clear,25.07,0.0,10.5,49.1,1010.8
2024-02-12,Mumbai,19.08,72.88,2,Winter,Clear,24.28,0.0,10.45,54.8,1011.7
2024-02-13,Mumbai,19.08,72.88,2,Winter,Clear,23.77,0.0,9.83,51.2,1013.7
2024-02-14,Mumbai,19.08,72.88,2,Winter,Clear,25.79,0.0,10.43,55.4,1013.1
2024-02-15,Mumbai,19.08,72.88,2,Winter,Clear,24.97,0.0,7.38,54.3,1014.8
2024-02-16,Mumbai,19.08,72.88,2,Winter,Clear,25.96,0.0,6.0,60.2,1013.6
2024-02-17,Mumbai,19.08,72.88,2,Winter,Clear,26.15,0.0,8.81,49.4,1012.0
2024-02-18,Mumbai,19.08,72.88,2,Winter,Clear,26.88,0.0,11.02,56.0,1015.7
2024-02-19,Mumbai,19.08,72.88,2,Winter,Clear,26.96,0.0,10.62,38.0,1011.6
2024-02-20,Mumbai,19.08,72.88,2,Winter,Clear,25.49,0.0,8.49,52.9,1011.4
2024-02-21,Mumbai,19.08,72.88,2,Winter,Clear,24.17,0.0,8.4,58.3,1013.8
2024-02-22,Mumbai,19.08,72.88,2,Winter,Clear,24.36,0.0,10.48,59.2,1012.6
2024-02-23,Mumbai,19.08,72.88,2,Winter,Clear,24.18,0.0,10.99,55.8,1011.9
2024-02-24,Mumbai,19.08,72.88,2,Winter,Clear,25.38,0.0,8.6,55.0,1013.0
2024-02-25,Mumbai,19.08,72.88,2,Winter,Clear,24.77,0.0,11.5,59.3,1010.6
2024-02-26,Mumbai,19.08,72.88,2,Winter,Clear,22.97,0.0,7.98,59.4,1014.3
2024-02-27,Mumbai,19.08,72.88,2,Winter,Clear,23.1,0.0,7.64,67.4,1012.3
2024-02-28,Mumbai,19.08,72.88,2,Winter,Clear,25.64,0.0,5.13,53.1,1012.2
2024-02-29,Mumbai,19.08,72.88,2,Winter,Clear,23.77,0.0,7.69,64.2,1013.8
2024-03-01,Mumbai,19.08,72.88,3,Summer,Clear,26.81,0.0,12.01,67.4,1009.8
2024-03-02,Mumbai,19.08,72.88,3,Summer,Clear,27.94,0.0,10.82,65.3,1014.1
2024-03-03,Mumbai,19.08,72.88,3,Summer,Clear,29.72,0.0,9.66,58.4,1013.2
2024-03-04,Mumbai,19.08,72.88,3,Summer,Clear,29.56,0.0,9.05,58.2,1013.7
2024-03-05,Mumbai,19.08,72.88,3,Summer,Heatwave,30.88,0.0,9.08,62.8,1014.9
2024-03-06,Mumbai,19.08,72.88,3,Summer,Clear,29.7,0.0,10.18,63.2,1012.4
2024-03-07,Mumbai,19.08,72.88,3,Summer,Clear,29.64,0.0,11.13,52.0,1013.3
2024-03-08,Mumbai,19.08,72.88,3,Summer,Clear,28.84,0.0,10.83,54.7,1015.7
2024-03-09,Mumbai,19.08,72.88,3,Summer,Clear,26.7,0.0,12.56,68.3,1013.8
2024-03-10,Mumbai,19.08,72.88,3,Summer,Clear,27.27,0.0,8.55,61.9,1012.1
2024-03-11,Mumbai,19.08,72.88,3,Summer,Clear,25.02,0.0,8.6,52.2,1010.8
2024-03-12,Mumbai,19.08,72.88,3,Summer,Clear,27.72,1.18,9.68,60.6,1012.4
2024-03-13,Mumbai,19.08,72.88,3,Summer,Heatwave,30.21,0.0,9.27,60.0,1014.7
2024-03-14,Mumbai,19.08,72.88,3,Summer,Heatwave,30.96,0.0,12.22,58.4,1013.3
2024-03-15,Mumbai,19.08,72.88,3,Summer,Clear,29.24,0.0,11.1,55.8,1014.2
2024-03-16,Mumbai,19.08,72.88,3,Summer,Clear,28.55,0.0,8.52,54.4,1014.5
2024-03-17,Mumbai,19.08,72.88,3,Summer,Clear,28.91,0.0,8.91,53.5,1012.4
2024-03-18,Mumbai,19.08,72.88,3,Summer,Heatwave,29.97,0.0,10.9,48.5,1009.3
2024-03-19,Mumbai,19.08,72.88,3,Summer,Clear,29.13,0.0,13.0,58.3,1010.7
2024-03-20,Mumbai,19.08,72.88,3,Summer,Clear,28.33,0.0,11.85,57.5,1015.2
2024-03-21,Mumbai,19.08,72.88,3,Summer,Clear,28.47,0.0,12.28,51.0,1011.3
2024-03-22,Mumbai,19.08,72.88,3,Summer,Heatwave,29.87,0.0,11.67,50.7,1014.4
2024-03-23,Mumbai,19.08,72.88,3,Summer,Clear,28.84,0.0,10.64,51.1,1014.1
2024-03-24,Mumbai,19.08,72.88,3,Summer,Heatwave,30.32,0.0,7.17,53.3,1011.9
2024-03-25,Mumbai,19.08,72.88,3,Summer,Heatwave,29.86,0.0,9.6,65.9,1010.4
2024-03-26,Mumbai,19.08,72.88,3,Summer,Clear,28.77,0.0,8.0,56.1,1015.3
2024-03-27,Mumbai,19.08,72.88,3,Summer,Clear,28.33,0.0,9.99,58.5,1012.7
2024-03-28,Mumbai,19.08,72.88,3,Summer,Clear,27.54,0.0,10.86,59.6,1015.2
2024-03-29,Mumbai,19.08,72.88,3,Summer,Clear,27.92,0.0,10.6,60.1,1012.5
2024-03-30,Mumbai,19.08,72.88,3,Summer,Clear,27.57,0.0,12.8,58.6,1010.9
2024-03-31,Mumbai,19.08,72.88,3,Summer,Clear,26.73,0.0,11.79,49.1,1012.7
2024-04-01,Mumbai,19.08,72.88,4,Summer,Clear,29.3,0.0,15.05,65.9,1013.1
2024-04-02,Mumbai,19.08,72.88,4,Summer,Clear,28.75,0.0,12.47,63.2,1012.9
2024-04-03,Mumbai,19.08,72.88,4,Summer,Clear,28.94,0.0,12.01,62.8,1015.0
2024-04-04,Mumbai,19.08,72.88,4,Summer,Clear,30.24,0.0,15.98,58.5,1013.6
2024-04-05,Mumbai,19.08,72.88,4,Summer,Clear,31.17,0.0,15.5,61.7,1011.9
2024-04-06,Mumbai,19.08,72.88,4,Summer,Clear,30.89,0.0,11.68,52.9,1011.4
2024-04-07,Mumbai,19.08,72.88,4,Summer,Clear,30.75,0.0,13.02,59.8,1011.1
2024-04-08,Mumbai,19.08,72.88,4,Summer,Clear,30.48,0.0,12.17,70.9,1015.1
2024-04-09,Mumbai,19.08,72.88,4,Summer,Clear,26.83,0.0,13.39,68.6,1012.9
2024-04-10,Mumbai,19.08,72.88,4,Summer,Clear,26.99,0.0,10.65,61.4,1015.0
2024-04-11,Mumbai,19.08,72.88,4,Summer,Clear,27.34,0.0,12.31,50.3,1013.9
2024-04-12,Mumbai,19.08,72.88,4,Summer,Clear,28.86,0.0,12.7,44.4,1014.5
2024-04-13,Mumbai,19.08,72.88,4,Summer,Clear,30.51,0.0,12.53,52.6,1014.5
2024-04-14,Mumbai,19.08,72.88,4,Summer,Clear,29.86,0.0,10.62,63.1,1011.5
2024-04-15,Mumbai,19.08,72.88,4,Summer,Clear,28.93,0.0,11.02,57.1,1010.9
2024-04-16,Mumbai,19.08,72.88,4,Summer,Clear,27.68,0.0,13.77,61.9,1011.6
2024-04-17,Mumbai,19.08,72.88,4,Summer,Clear,28.7,0.0,15.19,63.0,1011.3
2024-04-18,Mumbai,19.08,72.88,4,Summer,Clear,29.66,0.0,12.58,65.3,1012.5
2024-04-19,Mumbai,19.08,72.88,4,Summer,Clear,29.02,0.0,12.19,67.7,1011.6
2024-04-20,Mumbai,19.08,72.88,4,Summer,Clear,30.42,0.0,14.42,58.1,1012.3
2024-04-21,Mumbai,19.08,72.88,4,Summer,Clear,31.42,0.0,14.87,53.5,1016.2
2024-04-22,Mumbai,19.08,72.88,4,Summer,Clear,30.85,0.0,12.6,54.2,1012.2
2024-04-23,Mumbai,19.08,72.88,4,Summer,Clear,30.23,0.0,13.89,50.9,1014.1
2024-04-24,Mumbai,19.08,72.88,4,Summer,Clear,29.66,0.0,12.85,76.9,1010.8
2024-04-25,Mumbai,19.08,72.88,4,Summer,Clear,29.82,0.0,12.36,65.5,1010.9
2024-04-26,Mumbai,19.08,72.88,4,Summer,Clear,27.4,0.0,10.89,64.5,1017.3
2024-04-27,Mumbai,19.08,72.88,4,Summer,Clear,26.05,0.0,12.39,51.7,1015.1
2024-04-28,Mumbai,19.08,72.88,4,Summer,Clear,26.74,0.0,12.93,52.4,1013.6
2024-04-29,Mumbai,19.08,72.88,4,Summer,Clear,27.83,0.0,13.96,61.2,1012.1
2024-04-30,Mumbai,19.08,72.88,4,Summer,Clear,29.48,0.0,13.83,63.7,1011.1
2024-05-01,Mumbai,19.08,72.88,5,Summer,Clear,28.98,0.0,15.72,63.8,1012.0
2024-05-02,Mumbai,19.08,72.88,5,Summer,Clear,31.26,0.0,13.95,68.8,1016.7
2024-05-03,Mumbai,19.08,72.88,5,Summer,Clear,29.32,0.0,13.19,63.4,1011.5
2024-05-04,Mumbai,19.08,72.88,5,Summer,Clear,30.44,0.0,14.74,58.6,1011.1
2024-05-05,Mumbai,19.08,72.88,5,Summer,Clear,31.02,0.0,14.08,59.2,1012.2
2024-05-06,Mumbai,19.08,72.88,5,Summer,Clear,29.69,0.0,15.09,64.6,1012.7
2024-05-07,Mumbai,19.08,72.88,5,Summer,Clear,30.54,0.0,12.51,67.2,1012.8
2024-05-08,Mumbai,19.08,72.88,5,Summer,Clear,30.58,0.0,13.53,68.1,1012.3
2024-05-09,Mumbai,19.08,72.88,5,Summer,Clear,30.64,0.0,14.09,63.9,1011.5
2024-05-10,Mumbai,19.08,72.88,5,Summer,Clear,31.12,0.0,13.72,72.9,1012.2
2024-05-11,Mumbai,19.08,72.88,5,Summer,Clear,29.9,0.0,13.58,57.0,1017.6
2024-05-12,Mumbai,19.08,72.88,5,Summer,Clear,29.12,0.0,12.92,62.1,1014.3
2024-05-13,Mumbai,19.08,72.88,5,Summer,Clear,27.82,0.0,11.14,55.3,1010.1
2024-05-14,Mumbai,19.08,72.88,5,Summer,Convective,29.43,9.3,17.43,61.1,1014.9
2024-05-15,Mumbai,19.08,72.88,5,Summer,Clear,30.56,0.0,14.94,70.6,1015.4
2024-05-16,Mumbai,19.08,72.88,5,Summer,Clear,29.76,0.0,15.96,52.5,1014.3
2024-05-17,Mumbai,19.08,72.88,5,Summer,Clear,29.03,0.0,18.51,59.1,1013.6
2024-05-18,Mumbai,19.08,72.88,5,Summer,Clear,29.71,0.0,16.53,58.7,1016.6
2024-05-19,Mumbai,19.08,72.88,5,Summer,Clear,29.21,0.0,17.11,60.9,1010.3
2024-05-20,Mumbai,19.08,72.88,5,Summer,Clear,30.25,0.0,19.42,63.6,1012.8
2024-05-21,Mumbai,19.08,72.88,5,Summer,Clear,31.38,0.0,18.91,54.9,1011.5
2024-05-22,Mumbai,19.08,72.88,5,Summer,Clear,30.09,0.0,16.64,56.4,1015.5
2024-05-23,Mumbai,19.08,72.88,5,Summer,Clear,30.61,0.0,14.51,55.7,1011.3
2024-05-24,Mumbai,19.08,72.88,5,Summer,Clear,30.29,0.0,14.27,53.3,1014.4
2024-05-25,Mumbai,19.08,72.88,5,Summer,Clear,31.6,0.0,16.43,58.9,1010.4
2024-05-26,Mumbai,19.08,72.88,5,Summer,Clear,29.56,0.0,21.0,55.9,1015.5
2024-05-27,Mumbai,19.08,72.88,5,Summer,Clear,31.35,0.0,17.05,56.4,1012.3
2024-05-28,Mumbai,19.08,72.88,5,Summer,Clear,31.21,0.0,16.03,53.3,1011.2
2024-05-29,Mumbai,19.08,72.88,5,Summer,Clear,31.44,0.0,17.68,51.3,1011.1
2024-05-30,Mumbai,19.08,72.88,5,Summer,Clear,30.95,0.0,15.68,52.2,1011.8
2024-05-31,Mumbai,19.08,72.88,5,Summer,Clear,28.89,0.0,17.58,52.2,1012.5
2024-06-01,Mumbai,19.08,72.88,6,Monsoon,HighWind,27.87,0.0,25.64,53.5,1013.1
2024-06-02,Mumbai,19.08,72.88,6,Monsoon,Monsoon,29.45,24.14,27.76,58.0,1008.6
2024-06-03,Mumbai,19.08,72.88,6,Monsoon,HighWind,30.46,1.86,23.77,49.1,1015.6
2024-06-04,Mumbai,19.08,72.88,6,Monsoon,Monsoon,30.21,24.85,28.69,72.9,1011.5
2024-06-05,Mumbai,19.08,72.88,6,Monsoon,Monsoon,28.61,31.8,26.81,61.3,1008.8
2024-06-06,Mumbai,19.08,72.88,6,Monsoon,Monsoon,27.23,15.44,23.77,67.3,1013.0
2024-06-07,Mumbai,19.08,72.88,6,Monsoon,Clear,28.73,0.0,20.31,76.5,1015.2
2024-06-08,Mumbai,19.08,72.88,6,Monsoon,Monsoon,28.86,31.71,25.18,76.3,1010.9
2024-06-09,Mumbai,19.08,72.88,6,Monsoon,Monsoon,29.37,21.51,26.46,69.5,1008.4
2024-06-10,Mumbai,19.08,72.88,6,Monsoon,Monsoon,28.98,25.65,26.36,65.3,1010.6
2024-06-11,Mumbai,19.08,72.88,6,Monsoon,HighWind,28.31,6.02,22.77,74.2,1011.8
2024-06-12,Mumbai,19.08,72.88,6,Monsoon,Monsoon,29.14,10.65,24.75,62.2,1009.4
2024-06-13,Mumbai,19.08,72.88,6,Monsoon,Monsoon,27.87,20.72,27.7,66.4,1011.2
2024-06-14,Mumbai,19.08,72.88,6,Monsoon,Monsoon,29.35,42.63,30.68,62.1,1007.4
2024-06-15,Mumbai,19.08,72.88,6,Monsoon,Monsoon,29.83,13.76,25.22,65.1,1010.4
2024-06-16,Mumbai,19.08,72.88,6,Monsoon,Monsoon,30.65,15.95,27.16,63.3,1012.3
2024-06-17,Mumbai,19.08,72.88,6,Monsoon,Monsoon,31.05,35.95,29.42,55.7,1006.2
2024-06-18,Mumbai,19.08,72.88,6,Monsoon,Monsoon,32.16,26.43,28.28,64.8,1011.7
2024-06-19,Mumbai,19.08,72.88,6,Monsoon,Monsoon,31.47,15.2,25.29,62.7,1009.6
2024-06-20,Mumbai,19.08,72.88,6,Monsoon,Monsoon,31.85,8.05,24.71,59.9,1014.6
2024-06-21,Mumbai,19.08,72.88,6,Monsoon,Monsoon,31.87,9.83,24.86,50.8,1011.1
2024-06-22,Mumbai,19.08,72.88,6,Monsoon,HighWind,31.83,1.73,24.81,53.5,1010.4
2024-06-23,Mumbai,19.08,72.88,6,Monsoon,Monsoon,31.34,12.37,25.87,66.9,1016.4
2024-06-24,Mumbai,19.08,72.88,6,Monsoon,Storm,29.51,58.62,33.61,80.9,1012.4
2024-06-25,Mumbai,19.08,72.88,6,Monsoon,Clear,30.73,0.9,20.53,47.8,1008.8
2024-06-26,Mumbai,19.08,72.88,6,Monsoon,Monsoon,32.39,13.23,20.74,61.0,1012.8
2024-06-27,Mumbai,19.08,72.88,6,Monsoon,Monsoon,32.2,23.19,27.5,51.2,1006.3
2024-06-28,Mumbai,19.08,72.88,6,Monsoon,Monsoon,32.81,22.87,28.48,65.6,1011.5
2024-06-29,Mumbai,19.08,72.88,6,Monsoon,Monsoon,31.74,34.47,26.85,73.3,1008.9
2024-06-30,Mumbai,19.08,72.88,6,Monsoon,Monsoon,29.72,22.18,28.02,79.7,1010.9
2024-07-01,Mumbai,19.08,72.88,7,Monsoon,Monsoon,29.91,16.36,26.05,57.3,1011.2
2024-07-02,Mumbai,19.08,72.88,7,Monsoon,Monsoon,29.44,28.21,28.93,63.5,1009.4
2024-07-03,Mumbai,19.08,72.88,7,Monsoon,Monsoon,28.04,11.83,27.88,58.1,1009.6
2024-07-04,Mumbai,19.08,72.88,7,Monsoon,Monsoon,28.54,23.57,32.39,57.0,1011.2
2024-07-05,Mumbai,19.08,72.88,7,Monsoon,Monsoon,27.34,13.16,31.48,57.7,1012.9
2024-07-06,Mumbai,19.08,72.88,7,Monsoon,HighWind,28.38,7.48,28.73,60.6,1011.5
2024-07-07,Mumbai,19.08,72.88,7,Monsoon,HighWind,29.05,4.28,26.53,53.0,1015.0
2024-07-08,Mumbai,19.08,72.88,7,Monsoon,Monsoon,28.55,15.87,27.25,59.4,1010.1
2024-07-09,Mumbai,19.08,72.88,7,Monsoon,HighWind,28.99,7.63,24.11,54.3,1013.7
2024-07-10,Mumbai,19.08,72.88,7,Monsoon,Monsoon,27.28,17.45,25.12,60.9,1013.6
2024-07-11,Mumbai,19.08,72.88,7,Monsoon,Monsoon,28.34,21.77,24.55,55.5,1008.7
2024-07-12,Mumbai,19.08,72.88,7,Monsoon,Monsoon,28.16,29.47,28.24,61.3,1011.3
2024-07-13,Mumbai,19.08,72.88,7,Monsoon,Storm,27.13,62.04,34.58,83.5,1006.3
2024-07-14,Mumbai,19.08,72.88,7,Monsoon,HighWind,27.57,2.75,22.56,68.2,1011.8
2024-07-15,Mumbai,19.08,72.88,7,Monsoon,Monsoon,27.4,25.74,30.04,78.8,1015.4
2024-07-16,Mumbai,19.08,72.88,7,Monsoon,Monsoon,27.8,17.2,24.2,54.7,1012.6
2024-07-17,Mumbai,19.08,72.88,7,Monsoon,Monsoon,28.75,19.31,26.31,53.5,1011.3
2024-07-18,Mumbai,19.08,72.88,7,Monsoon,Monsoon,29.0,34.75,29.38,70.6,1007.6
2024-07-19,Mumbai,19.08,72.88,7,Monsoon,Storm,28.62,49.85,31.6,73.6,1009.1
2024-07-20,Mumbai,19.08,72.88,7,Monsoon,Monsoon,28.28,24.05,23.89,58.2,1010.1
2024-07-21,Mumbai,19.08,72.88,7,Monsoon,Monsoon,28.14,13.89,24.86,63.4,1011.5
2024-07-22,Mumbai,19.08,72.88,7,Monsoon,Monsoon,29.13,37.2,30.57,66.6,1009.3
2024-07-23,Mumbai,19.08,72.88,7,Monsoon,Monsoon,27.13,24.97,26.89,57.6,1015.0
2024-07-24,Mumbai,19.08,72.88,7,Monsoon,HighWind,27.97,0.0,24.86,62.1,1014.3
2024-07-25,Mumbai,19.08,72.88,7,Monsoon,Monsoon,28.31,44.66,31.85,70.0,1009.5
2024-07-26,Mumbai,19.08,72.88,7,Monsoon,Storm,26.22,77.12,38.85,82.4,1008.6
2024-07-27,Mumbai,19.08,72.88,7,Monsoon,HighWind,26.06,6.0,24.82,62.8,1010.6
2024-07-28,Mumbai,19.08,72.88,7,Monsoon,Monsoon,26.53,19.36,26.69,55.0,1012.5
2024-07-29,Mumbai,19.08,72.88,7,Monsoon,Monsoon,28.43,20.75,26.79,66.7,1011.2
2024-07-30,Mumbai,19.08,72.88,7,Monsoon,Monsoon,28.54,24.86,28.65,63.0,1009.0
2024-07-31,Mumbai,19.08,72.88,7,Monsoon,Monsoon,27.75,8.9,25.19,69.9,1013.7
2024-08-01,Mumbai,19.08,72.88,8,Monsoon,Monsoon,27.21,13.13,24.56,60.8,1007.5
2024-08-02,Mumbai,19.08,72.88,8,Monsoon,Monsoon,27.7,14.32,24.26,61.4,1011.3
2024-08-03,Mumbai,19.08,72.88,8,Monsoon,Monsoon,27.99,15.2,22.88,55.4,1010.5
2024-08-04,Mumbai,19.08,72.88,8,Monsoon,Clear,30.55,5.48,19.45,49.5,1010.3
2024-08-05,Mumbai,19.08,72.88,8,Monsoon,Monsoon,29.97,24.44,20.83,64.6,1009.7
2024-08-06,Mumbai,19.08,72.88,8,Monsoon,Monsoon,27.76,8.09,21.73,52.0,1011.9
2024-08-07,Mumbai,19.08,72.88,8,Monsoon,Monsoon,28.8,14.46,25.53,61.9,1013.0
2024-08-08,Mumbai,19.08,72.88,8,Monsoon,Monsoon,27.43,9.56,24.12,57.3,1013.9
2024-08-09,Mumbai,19.08,72.88,8,Monsoon,Monsoon,29.41,12.79,24.0,46.2,1012.9
2024-08-10,Mumbai,19.08,72.88,8,Monsoon,Storm,29.47,49.65,28.3,72.3,1011.0
2024-08-11,Mumbai,19.08,72.88,8,Monsoon,Clear,28.69,7.39,21.98,62.7,1008.3
2024-08-12,Mumbai,19.08,72.88,8,Monsoon,Monsoon,28.31,41.6,27.24,62.5,1006.4
2024-08-13,Mumbai,19.08,72.88,8,Monsoon,Monsoon,28.25,35.13,27.36,59.6,1010.2
2024-08-14,Mumbai,19.08,72.88,8,Monsoon,Monsoon,29.28,11.06,21.59,59.8,1009.9
2024-08-15,Mumbai,19.08,72.88,8,Monsoon,Monsoon,29.61,30.22,29.66,61.1,1010.1
2024-08-16,Mumbai,19.08,72.88,8,Monsoon,Monsoon,29.2,18.12,26.2,60.1,1012.4
2024-08-17,Mumbai,19.08,72.88,8,Monsoon,Monsoon,27.54,18.98,24.52,53.2,1014.2
2024-08-18,Mumbai,19.08,72.88,8,Monsoon,Monsoon,27.64,14.58,24.56,56.0,1013.0
2024-08-19,Mumbai,19.08,72.88,8,Monsoon,Monsoon,28.43,9.38,21.97,55.5,1013.1
2024-08-20,Mumbai,19.08,72.88,8,Monsoon,Monsoon,28.31,8.07,20.04,54.9,1012.9
2024-08-21,Mumbai,19.08,72.88,8,Monsoon,Monsoon,27.72,24.38,23.56,70.2,1009.3
2024-08-22,Mumbai,19.08,72.88,8,Monsoon,Monsoon,26.33,10.0,20.69,57.3,1011.2
2024-08-23,Mumbai,19.08,72.88,8,Monsoon,Clear,28.7,0.52,21.56,45.4,1010.6
2024-08-24,Mumbai,19.08,72.88,8,Monsoon,Monsoon,28.36,27.79,27.87,56.2,1010.4
2024-08-25,Mumbai,19.08,72.88,8,Monsoon,Monsoon,28.12,17.33,26.93,54.7,1011.8
2024-08-26,Mumbai,19.08,72.88,8,Monsoon,Monsoon,27.9,27.92,28.11,65.9,1008.6
2024-08-27,Mumbai,19.08,72.88,8,Monsoon,Monsoon,27.2,14.89,27.72,67.6,1012.9
2024-08-28,Mumbai,19.08,72.88,8,Monsoon,Monsoon,26.41,17.37,28.17,64.4,1009.9
2024-08-29,Mumbai,19.08,72.88,8,Monsoon,Monsoon,29.21,11.09,26.19,64.7,1014.9
2024-08-30,Mumbai,19.08,72.88,8,Monsoon,Monsoon,27.62,33.76,30.49,60.3,1010.0
2024-08-31,Mumbai,19.08,72.88,8,Monsoon,Monsoon,26.99,18.29,26.84,69.7,1009.9
2024-09-01,Mumbai,19.08,72.88,9,Monsoon,Monsoon,26.49,11.42,21.07,62.0,1013.3
2024-09-02,Mumbai,19.08,72.88,9,Monsoon,Clear,26.59,1.83,15.48,59.1,1015.5
2024-09-03,Mumbai,19.08,72.88,9,Monsoon,Monsoon,27.35,8.34,15.74,58.4,1012.6
2024-09-04,Mumbai,19.08,72.88,9,Monsoon,Monsoon,27.1,12.48,20.87,61.6,1011.8
2024-09-05,Mumbai,19.08,72.88,9,Monsoon,Clear,29.11,6.83,17.94,63.2,1010.5
2024-09-06,Mumbai,19.08,72.88,9,Monsoon,Monsoon,29.92,12.45,17.25,56.3,1010.0
2024-09-07,Mumbai,19.08,72.88,9,Monsoon,Clear,28.84,0.0,14.7,57.6,1010.4
2024-09-08,Mumbai,19.08,72.88,9,Monsoon,Clear,27.64,0.0,14.81,57.6,1012.5
2024-09-09,Mumbai,19.08,72.88,9,Monsoon,Monsoon,29.82,22.14,20.01,59.0,1014.3
2024-09-10,Mumbai,19.08,72.88,9,Monsoon,Monsoon,28.99,28.48,21.36,63.5,1009.9
2024-09-11,Mumbai,19.08,72.88,9,Monsoon,Monsoon,28.58,9.93,15.3,45.7,1009.3
2024-09-12,Mumbai,19.08,72.88,9,Monsoon,Monsoon,29.88,18.76,19.21,62.0,1011.8
2024-09-13,Mumbai,19.08,72.88,9,Monsoon,Clear,30.58,3.78,18.7,58.0,1012.6
2024-09-14,Mumbai,19.08,72.88,9,Monsoon,Monsoon,30.01,23.78,23.51,54.4,1012.7
2024-09-15,Mumbai,19.08,72.88,9,Monsoon,Clear,29.82,5.16,19.93,55.3,1013.5
2024-09-16,Mumbai,19.08,72.88,9,Monsoon,Monsoon,29.47,14.55,21.86,60.0,1008.6
2024-09-17,Mumbai,19.08,72.88,9,Monsoon,Clear,29.24,4.77,18.49,49.7,1012.9
2024-09-18,Mumbai,19.08,72.88,9,Monsoon,Clear,28.45,5.81,17.23,56.9,1012.7
2024-09-19,Mumbai,19.08,72.88,9,Monsoon,Clear,29.38,3.63,16.45,60.6,1011.0
2024-09-20,Mumbai,19.08,72.88,9,Monsoon,Monsoon,29.28,12.24,15.86,63.0,1014.2
2024-09-21,Mumbai,19.08,72.88,9,Monsoon,Monsoon,29.38,14.49,16.03,59.8,1011.8
2024-09-22,Mumbai,19.08,72.88,9,Monsoon,Clear,28.77,1.29,13.87,65.2,1011.9
2024-09-23,Mumbai,19.08,72.88,9,Monsoon,Clear,27.46,2.93,15.29,65.6,1012.4
2024-09-24,Mumbai,19.08,72.88,9,Monsoon,Clear,28.77,5.64,15.93,53.1,1013.8
2024-09-25,Mumbai,19.08,72.88,9,Monsoon,Clear,28.95,5.56,17.78,57.3,1014.7
2024-09-26,Mumbai,19.08,72.88,9,Monsoon,Monsoon,28.07,13.66,19.68,68.7,1012.7
2024-09-27,Mumbai,19.08,72.88,9,Monsoon,Monsoon,28.26,15.83,17.61,63.3,1011.6
2024-09-28,Mumbai,19.08,72.88,9,Monsoon,Monsoon,26.28,25.32,18.67,65.8,1011.7
2024-09-29,Mumbai,19.08,72.88,9,Monsoon,Monsoon,26.65,11.55,13.76,67.7,1010.1
2024-09-30,Mumbai,19.08,72.88,9,Monsoon,Clear,28.14,4.1,15.56,57.3,1012.3
2024-10-01,Mumbai,19.08,72.88,10,PostMonsoon,Clear,30.62,0.0,11.31,51.4,1012.1
2024-10-02,Mumbai,19.08,72.88,10,PostMonsoon,Clear,30.13,0.0,12.22,51.5,1012.1
2024-10-03,Mumbai,19.08,72.88,10,PostMonsoon,Clear,29.96,0.0,10.92,56.9,1016.7
2024-10-04,Mumbai,19.08,72.88,10,PostMonsoon,Clear,29.61,0.0,9.01,47.5,1014.3
2024-10-05,Mumbai,19.08,72.88,10,PostMonsoon,Clear,29.51,0.0,8.77,56.8,1013.0
2024-10-06,Mumbai,19.08,72.88,10,PostMonsoon,Clear,29.5,0.0,10.58,53.7,1009.5
2024-10-07,Mumbai,19.08,72.88,10,PostMonsoon,Clear,28.11,0.0,11.45,56.8,1014.7
2024-10-08,Mumbai,19.08,72.88,10,PostMonsoon,Clear,27.59,0.0,12.69,56.6,1013.2
2024-10-09,Mumbai,19.08,72.88,10,PostMonsoon,Clear,28.21,0.0,10.88,61.2,1011.9
2024-10-10,Mumbai,19.08,72.88,10,PostMonsoon,Clear,28.76,3.98,12.43,59.5,1011.6
2024-10-11,Mumbai,19.08,72.88,10,PostMonsoon,Clear,29.97,0.0,14.26,57.3,1013.5
2024-10-12,Mumbai,19.08,72.88,10,PostMonsoon,Clear,30.42,0.0,9.16,55.5,1009.4
2024-10-13,Mumbai,19.08,72.88,10,PostMonsoon,Clear,30.5,0.0,8.98,56.6,1010.9
2024-10-14,Mumbai,19.08,72.88,10,PostMonsoon,Clear,29.08,0.0,9.47,55.5,1014.0
2024-10-15,Mumbai,19.08,72.88,10,PostMonsoon,Convective,30.13,11.3,12.89,55.0,1010.9
2024-10-16,Mumbai,19.08,72.88,10,PostMonsoon,Clear,28.4,6.62,10.81,60.4,1011.2
2024-10-17,Mumbai,19.08,72.88,10,PostMonsoon,Clear,28.24,0.0,11.49,60.7,1011.3
2024-10-18,Mumbai,19.08,72.88,10,PostMonsoon,Clear,28.84,0.0,8.51,61.3,1015.6
2024-10-19,Mumbai,19.08,72.88,10,PostMonsoon,Clear,28.21,0.0,9.93,49.1,1011.7
2024-10-20,Mumbai,19.08,72.88,10,PostMonsoon,Clear,29.81,0.0,10.14,54.7,1013.2
2024-10-21,Mumbai,19.08,72.88,10,PostMonsoon,Clear,31.13,0.0,8.41,52.4,1014.3
2024-10-22,Mumbai,19.08,72.88,10,PostMonsoon,Clear,29.73,0.0,9.57,49.1,1012.1
2024-10-23,Mumbai,19.08,72.88,10,PostMonsoon,Clear,28.71,0.0,11.72,58.4,1011.5
2024-10-24,Mumbai,19.08,72.88,10,PostMonsoon,Clear,29.35,0.0,10.41,63.8,1016.9
2024-10-25,Mumbai,19.08,72.88,10,PostMonsoon,Clear,29.51,0.0,8.67,53.2,1014.1
2024-10-26,Mumbai,19.08,72.88,10,PostMonsoon,Clear,31.96,0.0,9.61,50.9,1014.5
2024-10-27,Mumbai,19.08,72.88,10,PostMonsoon,Clear,32.31,0.0,8.94,61.1,1012.0
2024-10-28,Mumbai,19.08,72.88,10,PostMonsoon,Clear,34.27,0.0,8.76,51.5,1018.0
2024-10-29,Mumbai,19.08,72.88,10,PostMonsoon,Clear,31.73,0.0,11.67,52.8,1014.2
2024-10-30,Mumbai,19.08,72.88,10,PostMonsoon,Clear,30.09,0.0,11.87,55.2,1011.2
2024-10-31,Mumbai,19.08,72.88,10,PostMonsoon,Clear,29.15,0.0,12.69,58.0,1010.1
2024-11-01,Mumbai,19.08,72.88,11,PostMonsoon,Clear,25.96,0.0,6.92,61.8,1015.1
2024-11-02,Mumbai,19.08,72.88,11,PostMonsoon,Clear,25.16,0.0,6.12,60.8,1011.0
2024-11-03,Mumbai,19.08,72.88,11,PostMonsoon,Clear,27.75,0.0,5.92,51.3,1015.3
2024-11-04,Mumbai,19.08,72.88,11,PostMonsoon,Clear,28.29,0.0,6.44,58.8,1009.8
2024-11-05,Mumbai,19.08,72.88,11,PostMonsoon,Clear,29.29,0.0,6.28,55.9,1012.0
2024-11-06,Mumbai,19.08,72.88,11,PostMonsoon,Clear,29.72,0.0,7.58,63.2,1015.7
2024-11-07,Mumbai,19.08,72.88,11,PostMonsoon,Clear,29.34,0.0,9.73,58.3,1012.2
2024-11-08,Mumbai,19.08,72.88,11,PostMonsoon,Clear,28.38,0.0,11.65,51.6,1014.2
2024-11-09,Mumbai,19.08,72.88,11,PostMonsoon,Clear,29.35,0.0,10.18,61.5,1012.9
2024-11-10,Mumbai,19.08,72.88,11,PostMonsoon,Clear,30.88,0.0,9.65,53.1,1015.0
2024-11-11,Mumbai,19.08,72.88,11,PostMonsoon,Clear,28.36,0.0,12.28,52.0,1013.2
2024-11-12,Mumbai,19.08,72.88,11,PostMonsoon,Clear,29.74,0.0,8.63,54.7,1013.0
2024-11-13,Mumbai,19.08,72.88,11,PostMonsoon,Clear,29.99,0.0,10.01,54.5,1014.9
2024-11-14,Mumbai,19.08,72.88,11,PostMonsoon,Clear,28.63,0.0,10.35,52.2,1012.5
2024-11-15,Mumbai,19.08,72.88,11,PostMonsoon,Clear,27.17,0.0,10.94,59.2,1013.8
2024-11-16,Mumbai,19.08,72.88,11,PostMonsoon,Clear,27.4,0.0,10.8,54.7,1017.7
2024-11-17,Mumbai,19.08,72.88,11,PostMonsoon,Clear,27.24,0.0,10.12,54.5,1012.8
2024-11-18,Mumbai,19.08,72.88,11,PostMonsoon,Clear,28.08,0.0,11.45,65.4,1015.2
2024-11-19,Mumbai,19.08,72.88,11,PostMonsoon,Clear,27.98,0.0,9.91,50.5,1012.1
2024-11-20,Mumbai,19.08,72.88,11,PostMonsoon,Clear,26.66,0.0,10.06,65.5,1011.5
2024-11-21,Mumbai,19.08,72.88,11,PostMonsoon,Clear,27.13,0.0,6.79,60.2,1012.7
2024-11-22,Mumbai,19.08,72.88,11,PostMonsoon,Clear,26.83,0.0,9.69,51.2,1014.9
2024-11-23,Mumbai,19.08,72.88,11,PostMonsoon,Clear,28.34,0.0,9.6,50.5,1015.2
2024-11-24,Mumbai,19.08,72.88,11,PostMonsoon,Clear,29.5,0.0,6.42,43.7,1014.1
2024-11-25,Mumbai,19.08,72.88,11,PostMonsoon,Clear,29.6,0.0,9.6,50.3,1012.3
2024-11-26,Mumbai,19.08,72.88,11,PostMonsoon,Clear,30.39,0.0,8.37,61.6,1014.0
2024-11-27,Mumbai,19.08,72.88,11,PostMonsoon,Clear,29.83,0.0,9.54,38.9,1012.9
2024-11-28,Mumbai,19.08,72.88,11,PostMonsoon,Clear,29.22,0.0,9.81,58.1,1016.4
2024-11-29,Mumbai,19.08,72.88,11,PostMonsoon,Clear,31.26,0.0,9.23,54.7,1014.3
2024-11-30,Mumbai,19.08,72.88,11,PostMonsoon,Clear,28.55,0.0,10.91,47.4,1013.4
2024-12-01,Mumbai,19.08,72.88,12,Winter,Clear,27.54,0.0,8.29,51.2,1013.0
2024-12-02,Mumbai,19.08,72.88,12,Winter,Clear,29.4,0.39,9.05,62.2,1012.2
2024-12-03,Mumbai,19.08,72.88,12,Winter,Clear,30.05,0.0,12.51,51.0,1013.2
2024-12-04,Mumbai,19.08,72.88,12,Winter,Clear,28.36,0.0,11.94,55.1,1016.5
2024-12-05,Mumbai,19.08,72.88,12,Winter,Clear,29.0,0.0,11.34,49.0,1010.6
2024-12-06,Mumbai,19.08,72.88,12,Winter,Clear,28.45,0.0,8.04,52.3,1014.0
2024-12-07,Mumbai,19.08,72.88,12,Winter,Clear,28.46,0.0,8.28,56.2,1014.1
2024-12-08,Mumbai,19.08,72.88,12,Winter,Clear,27.38,0.0,8.55,58.7,1010.8
2024-12-09,Mumbai,19.08,72.88,12,Winter,Clear,26.7,0.0,8.6,46.8,1014.5
2024-12-10,Mumbai,19.08,72.88,12,Winter,Clear,27.9,0.0,8.43,59.0,1014.3
2024-12-11,Mumbai,19.08,72.88,12,Winter,Clear,26.68,0.0,8.53,60.7,1010.3
2024-12-12,Mumbai,19.08,72.88,12,Winter,Clear,25.32,0.0,8.16,55.6,1014.9
2024-12-13,Mumbai,19.08,72.88,12,Winter,Clear,24.51,0.0,6.57,62.4,1012.5
2024-12-14,Mumbai,19.08,72.88,12,Winter,Clear,23.5,0.0,6.51,54.0,1012.1
2024-12-15,Mumbai,19.08,72.88,12,Winter,Clear,24.72,0.0,7.49,62.4,1011.4
2024-12-16,Mumbai,19.08,72.88,12,Winter,Clear,26.78,0.0,7.28,56.0,1013.1
2024-12-17,Mumbai,19.08,72.88,12,Winter,Clear,28.62,0.0,8.61,54.1,1015.2
2024-12-18,Mumbai,19.08,72.88,12,Winter,Clear,25.8,0.0,10.59,64.0,1011.9
2024-12-19,Mumbai,19.08,72.88,12,Winter,Clear,25.16,0.0,9.73,64.2,1015.5
2024-12-20,Mumbai,19.08,72.88,12,Winter,Clear,26.15,0.0,8.05,56.1,1016.9
2024-12-21,Mumbai,19.08,72.88,12,Winter,Clear,26.77,0.0,6.35,54.0,1015.2
2024-12-22,Mumbai,19.08,72.88,12,Winter,Clear,26.54,0.0,9.79,60.1,1011.6
2024-12-23,Mumbai,19.08,72.88,12,Winter,Clear,27.76,0.0,8.84,54.6,1013.9
2024-12-24,Mumbai,19.08,72.88,12,Winter,Clear,28.39,0.0,7.19,68.9,1012.2
2024-12-25,Mumbai,19.08,72.88,12,Winter,Clear,27.53,0.0,7.64,40.2,1010.4
2024-12-26,Mumbai,19.08,72.88,12,Winter,Clear,25.17,0.0,8.39,64.9,1013.5
2024-12-27,Mumbai,19.08,72.88,12,Winter,Clear,25.2,0.0,9.16,67.0,1009.3
2024-12-28,Mumbai,19.08,72.88,12,Winter,Clear,26.26,0.0,6.68,55.1,1013.1
2024-12-29,Mumbai,19.08,72.88,12,Winter,Clear,26.89,0.0,8.05,44.2,1010.9
2024-12-30,Mumbai,19.08,72.88,12,Winter,Clear,27.7,0.0,8.39,58.7,1010.1
2024-12-31,Mumbai,19.08,72.88,12,Winter,Clear,27.95,0.0,8.01,55.0,1012.3
2025-01-01,Mumbai,19.08,72.88,1,Winter,Clear,23.25,0.0,9.78,62.7,1011.8
2025-01-02,Mumbai,19.08,72.88,1,Winter,Clear,22.17,0.0,9.11,67.0,1015.2
2025-01-03,Mumbai,19.08,72.88,1,Winter,Clear,24.44,0.0,12.49,54.7,1015.2
2025-01-04,Mumbai,19.08,72.88,1,Winter,Clear,25.44,0.0,12.6,53.5,1016.9
2025-01-05,Mumbai,19.08,72.88,1,Winter,Clear,26.32,0.0,12.77,59.0,1013.4
2025-01-06,Mumbai,19.08,72.88,1,Winter,Clear,27.04,0.0,11.29,52.0,1012.4
2025-01-07,Mumbai,19.08,72.88,1,Winter,Clear,26.15,0.0,12.69,51.8,1013.0
2025-01-08,Mumbai,19.08,72.88,1,Winter,Clear,26.82,0.0,11.61,56.1,1015.0
2025-01-09,Mumbai,19.08,72.88,1,Winter,Clear,25.36,0.0,8.83,56.2,1012.9
2025-01-10,Mumbai,19.08,72.88,1,Winter,Clear,25.82,1.64,7.43,60.9,1015.2
2025-01-11,Mumbai,19.08,72.88,1,Winter,Clear,25.43,0.0,7.85,62.5,1012.5
2025-01-12,Mumbai,19.08,72.88,1,Winter,Clear,23.67,0.0,8.74,60.1,1012.1
2025-01-13,Mumbai,19.08,72.88,1,Winter,Clear,21.87,0.0,9.4,54.7,1015.4
2025-01-14,Mumbai,19.08,72.88,1,Winter,Clear,21.18,0.0,10.8,71.3,1014.4
2025-01-15,Mumbai,19.08,72.88,1,Winter,Clear,22.48,0.0,10.35,72.5,1014.1
2025-01-16,Mumbai,19.08,72.88,1,Winter,Clear,23.13,0.0,9.78,65.0,1012.9
2025-01-17,Mumbai,19.08,72.88,1,Winter,Clear,23.23,0.0,10.31,50.3,1012.5
2025-01-18,Mumbai,19.08,72.88,1,Winter,Clear,23.37,0.0,8.15,49.5,1013.4
2025-01-19,Mumbai,19.08,72.88,1,Winter,Clear,23.68,0.0,9.81,60.2,1011.2
2025-01-20,Mumbai,19.08,72.88,1,Winter,Clear,25.7,0.0,10.3,46.4,1012.5
2025-01-21,Mumbai,19.08,72.88,1,Winter,Clear,24.95,0.0,10.4,59.4,1011.3
2025-01-22,Mumbai,19.08,72.88,1,Winter,Clear,23.7,0.0,11.09,61.1,1013.6
2025-01-23,Mumbai,19.08,72.88,1,Winter,Clear,23.62,0.0,7.04,63.4,1011.2
2025-01-24,Mumbai,19.08,72.88,1,Winter,Clear,22.72,0.0,5.26,59.8,1010.0
2025-01-25,Mumbai,19.08,72.88,1,Winter,Clear,23.99,0.0,4.31,57.6,1012.1
2025-01-26,Mumbai,19.08,72.88,1,Winter,Clear,24.38,0.0,9.0,48.2,1011.3
2025-01-27,Mumbai,19.08,72.88,1,Winter,Clear,24.63,0.0,7.89,44.3,1011.9
2025-01-28,Mumbai,19.08,72.88,1,Winter,Clear,25.52,0.0,8.68,64.6,1010.5
2025-01-29,Mumbai,19.08,72.88,1,Winter,Clear,23.89,0.0,11.99,64.0,1017.8
2025-01-30,Mumbai,19.08,72.88,1,Winter,Clear,23.08,0.0,8.03,48.0,1012.9
2025-01-31,Mumbai,19.08,72.88,1,Winter,Clear,23.02,0.0,6.95,60.6,1016.1
2025-02-01,Mumbai,19.08,72.88,2,Winter,Clear,23.12,0.0,8.11,56.6,1013.8
2025-02-02,Mumbai,19.08,72.88,2,Winter,Clear,23.75,0.0,9.71,62.7,1012.9
2025-02-03,Mumbai,19.08,72.88,2,Winter,Clear,22.87,0.0,11.69,61.9,1010.9
2025-02-04,Mumbai,19.08,72.88,2,Winter,Clear,22.2,0.0,9.2,69.9,1014.7
2025-02-05,Mumbai,19.08,72.88,2,Winter,Clear,21.83,0.0,10.41,51.6,1013.8
2025-02-06,Mumbai,19.08,72.88,2,Winter,Clear,23.83,0.0,8.25,55.6,1013.3
2025-02-07,Mumbai,19.08,72.88,2,Winter,Clear,25.3,0.0,8.56,63.3,1013.1
2025-02-08,Mumbai,19.08,72.88,2,Winter,Clear,26.51,0.0,8.45,52.4,1011.2
2025-02-09,Mumbai,19.08,72.88,2,Winter,Clear,26.82,0.0,8.29,60.9,1011.0
2025-02-10,Mumbai,19.08,72.88,2,Winter,Clear,26.95,0.0,10.54,61.9,1013.2
2025-02-11,Mumbai,19.08,72.88,2,Winter,Clear,26.18,0.0,11.08,53.6,1014.0
2025-02-12,Mumbai,19.08,72.88,2,Winter,Clear,25.68,0.0,7.97,53.9,1016.1
2025-02-13,Mumbai,19.08,72.88,2,Winter,Clear,25.66,0.0,9.57,60.1,1009.4
2025-02-14,Mumbai,19.08,72.88,2,Winter,Clear,26.62,0.0,11.42,48.2,1013.9
2025-02-15,Mumbai,19.08,72.88,2,Winter,Clear,24.12,0.0,9.88,47.2,1012.9
2025-02-16,Mumbai,19.08,72.88,2,Winter,Clear,25.54,0.0,9.46,57.0,1011.5
2025-02-17,Mumbai,19.08,72.88,2,Winter,Clear,26.56,0.0,11.3,47.7,1012.5
2025-02-18,Mumbai,19.08,72.88,2,Winter,Clear,26.22,0.0,9.54,53.1,1014.2
2025-02-19,Mumbai,19.08,72.88,2,Winter,Clear,27.93,0.0,11.95,61.0,1012.3
2025-02-20,Mumbai,19.08,72.88,2,Winter,Clear,28.05,0.0,9.69,61.2,1012.7
2025-02-21,Mumbai,19.08,72.88,2,Winter,Clear,27.61,0.0,9.42,66.0,1012.4
2025-02-22,Mumbai,19.08,72.88,2,Winter,Clear,27.23,0.0,8.68,58.1,1012.8
2025-02-23,Mumbai,19.08,72.88,2,Winter,Clear,27.65,0.0,9.4,56.8,1017.9
2025-02-24,Mumbai,19.08,72.88,2,Winter,Clear,26.09,0.0,9.74,50.0,1017.2
2025-02-25,Mumbai,19.08,72.88,2,Winter,Clear,27.54,0.0,7.54,50.5,1015.1
2025-02-26,Mumbai,19.08,72.88,2,Winter,Clear,24.83,0.0,8.63,41.4,1009.9
2025-02-27,Mumbai,19.08,72.88,2,Winter,Clear,24.19,0.0,9.37,68.0,1016.5
2025-02-28,Mumbai,19.08,72.88,2,Winter,Clear,24.5,0.0,8.72,55.6,1012.5
2025-03-01,Mumbai,19.08,72.88,3,Summer,Clear,26.96,0.0,7.84,54.7,1013.6
2025-03-02,Mumbai,19.08,72.88,3,Summer,Clear,25.35,0.0,9.12,50.8,1012.1
2025-03-03,Mumbai,19.08,72.88,3,Summer,Clear,27.2,0.0,9.59,55.7,1013.9
2025-03-04,Mumbai,19.08,72.88,3,Summer,Clear,24.59,0.0,6.95,56.7,1011.1
2025-03-05,Mumbai,19.08,72.88,3,Summer,Clear,26.41,0.0,8.99,52.8,1015.0
2025-03-06,Mumbai,19.08,72.88,3,Summer,Clear,26.66,0.0,12.23,60.3,1014.1
2025-03-07,Mumbai,19.08,72.88,3,Summer,Clear,27.38,0.0,11.35,56.7,1012.1
2025-03-08,Mumbai,19.08,72.88,3,Summer,Clear,28.19,0.0,11.22,52.7,1012.8
2025-03-09,Mumbai,19.08,72.88,3,Summer,Clear,26.71,0.0,8.21,46.8,1011.4
2025-03-10,Mumbai,19.08,72.88,3,Summer,Clear,26.33,0.0,10.15,52.8,1013.0
2025-03-11,Mumbai,19.08,72.88,3,Summer,Clear,24.04,0.0,10.53,64.3,1012.7
2025-03-12,Mumbai,19.08,72.88,3,Summer,Clear,22.73,0.0,10.53,55.1,1012.1
2025-03-13,Mumbai,19.08,72.88,3,Summer,Clear,24.33,0.0,9.44,47.4,1011.4
2025-03-14,Mumbai,19.08,72.88,3,Summer,Clear,27.58,0.0,11.09,50.7,1012.9
2025-03-15,Mumbai,19.08,72.88,3,Summer,Clear,28.03,0.0,11.7,62.6,1012.4
2025-03-16,Mumbai,19.08,72.88,3,Summer,Clear,27.35,0.0,12.12,63.3,1012.9
2025-03-17,Mumbai,19.08,72.88,3,Summer,Clear,28.48,0.0,9.77,54.2,1011.7
2025-03-18,Mumbai,19.08,72.88,3,Summer,Clear,28.98,0.0,11.86,59.3,1015.7
2025-03-19,Mumbai,19.08,72.88,3,Summer,Heatwave,30.03,0.0,12.05,50.6,1012.1
2025-03-20,Mumbai,19.08,72.88,3,Summer,Heatwave,31.13,0.0,14.26,57.8,1015.3
2025-03-21,Mumbai,19.08,72.88,3,Summer,Heatwave,31.24,0.0,10.52,56.2,1013.2
2025-03-22,Mumbai,19.08,72.88,3,Summer,Heatwave,30.7,0.0,10.33,51.1,1014.5
2025-03-23,Mumbai,19.08,72.88,3,Summer,Clear,28.32,0.0,9.91,51.1,1009.3
2025-03-24,Mumbai,19.08,72.88,3,Summer,Clear,27.77,0.0,10.93,59.6,1016.4
2025-03-25,Mumbai,19.08,72.88,3,Summer,Clear,27.43,0.0,11.33,50.2,1009.8
2025-03-26,Mumbai,19.08,72.88,3,Summer,Clear,27.12,0.0,10.0,64.8,1012.2
2025-03-27,Mumbai,19.08,72.88,3,Summer,Clear,27.9,0.0,9.93,60.9,1011.7
2025-03-28,Mumbai,19.08,72.88,3,Summer,Clear,28.14,0.0,7.03,44.6,1014.9
2025-03-29,Mumbai,19.08,72.88,3,Summer,Clear,27.43,0.0,10.2,50.1,1014.5
2025-03-30,Mumbai,19.08,72.88,3,Summer,Clear,28.47,0.0,10.07,42.3,1011.2
2025-03-31,Mumbai,19.08,72.88,3,Summer,Clear,28.56,0.0,9.62,47.9,1014.2
2025-04-01,Mumbai,19.08,72.88,4,Summer,Clear,29.7,0.0,11.42,59.1,1014.6
2025-04-02,Mumbai,19.08,72.88,4,Summer,Clear,30.25,0.0,11.28,44.0,1012.0
2025-04-03,Mumbai,19.08,72.88,4,Summer,Clear,29.83,0.0,12.09,52.1,1012.5
2025-04-04,Mumbai,19.08,72.88,4,Summer,Clear,30.59,0.0,11.35,52.5,1012.7
2025-04-05,Mumbai,19.08,72.88,4,Summer,Heatwave,32.04,0.0,11.32,52.5,1013.0
2025-04-06,Mumbai,19.08,72.88,4,Summer,Clear,29.9,0.0,9.33,56.9,1014.1
2025-04-07,Mumbai,19.08,72.88,4,Summer,Clear,30.19,0.0,11.12,50.4,1014.3
2025-04-08,Mumbai,19.08,72.88,4,Summer,Clear,29.9,0.0,12.82,67.8,1011.9
2025-04-09,Mumbai,19.08,72.88,4,Summer,Clear,30.41,0.0,12.33,50.2,1013.1
2025-04-10,Mumbai,19.08,72.88,4,Summer,Heatwave,31.83,0.0,11.01,58.7,1013.5
2025-04-11,Mumbai,19.08,72.88,4,Summer,Heatwave,33.64,0.0,11.43,47.1,1013.0
2025-04-12,Mumbai,19.08,72.88,4,Summer,Heatwave,32.81,0.0,13.72,57.1,1010.2
2025-04-13,Mumbai,19.08,72.88,4,Summer,Clear,31.38,0.0,12.33,64.7,1010.9
2025-04-14,Mumbai,19.08,72.88,4,Summer,Heatwave,33.26,0.0,11.34,57.5,1011.7
2025-04-15,Mumbai,19.08,72.88,4,Summer,Heatwave,33.55,0.0,11.72,41.4,1012.2
2025-04-16,Mumbai,19.08,72.88,4,Summer,Heatwave,33.15,0.0,13.34,59.4,1014.2
2025-04-17,Mumbai,19.08,72.88,4,Summer,Heatwave,33.75,0.0,13.5,57.7,1011.3
2025-04-18,Mumbai,19.08,72.88,4,Summer,Clear,31.77,0.0,12.68,50.7,1017.3
2025-04-19,Mumbai,19.08,72.88,4,Summer,Heatwave,32.34,0.0,10.79,59.6,1010.8
2025-04-20,Mumbai,19.08,72.88,4,Summer,Heatwave,32.42,0.0,12.77,59.8,1013.0
2025-04-21,Mumbai,19.08,72.88,4,Summer,Heatwave,32.08,0.0,13.1,51.6,1012.9
2025-04-22,Mumbai,19.08,72.88,4,Summer,Clear,30.53,0.0,9.62,58.1,1010.9
2025-04-23,Mumbai,19.08,72.88,4,Summer,Clear,31.05,0.0,13.38,55.4,1014.7
2025-04-24,Mumbai,19.08,72.88,4,Summer,Heatwave,33.64,0.0,14.6,58.2,1013.6
2025-04-25,Mumbai,19.08,72.88,4,Summer,Clear,31.2,0.0,14.66,55.5,1012.0
2025-04-26,Mumbai,19.08,72.88,4,Summer,Heatwave,32.71,0.0,14.55,43.7,1012.4
2025-04-27,Mumbai,19.08,72.88,4,Summer,Heatwave,32.55,0.0,12.4,56.1,1010.8
2025-04-28,Mumbai,19.08,72.88,4,Summer,Heatwave,32.78,0.0,13.89,47.4,1014.8
2025-04-29,Mumbai,19.08,72.88,4,Summer,Clear,31.76,0.0,14.84,47.4,1013.1
2025-04-30,Mumbai,19.08,72.88,4,Summer,Heatwave,34.0,0.0,15.96,62.6,1011.6
2025-05-01,Mumbai,19.08,72.88,5,Summer,Heatwave,35.27,0.0,16.66,54.2,1014.5
2025-05-02,Mumbai,19.08,72.88,5,Summer,Heatwave,34.0,0.0,15.09,53.1,1009.5
2025-05-03,Mumbai,19.08,72.88,5,Summer,Clear,33.04,0.0,18.42,37.7,1013.7
2025-05-04,Mumbai,19.08,72.88,5,Summer,Heatwave,34.06,0.0,17.24,51.7,1014.0
2025-05-05,Mumbai,19.08,72.88,5,Summer,Heatwave,35.0,0.0,13.47,56.5,1013.0
2025-05-06,Mumbai,19.08,72.88,5,Summer,Clear,32.35,0.0,12.92,51.2,1013.8
2025-05-07,Mumbai,19.08,72.88,5,Summer,Clear,30.85,0.0,14.18,53.9,1014.8
2025-05-08,Mumbai,19.08,72.88,5,Summer,Clear,30.64,0.0,16.19,59.7,1014.8
2025-05-09,Mumbai,19.08,72.88,5,Summer,Clear,28.27,0.0,13.88,55.0,1011.7
2025-05-10,Mumbai,19.08,72.88,5,Summer,Clear,28.39,0.0,14.0,52.8,1014.7
2025-05-11,Mumbai,19.08,72.88,5,Summer,Clear,28.57,0.0,13.35,50.2,1012.2
2025-05-12,Mumbai,19.08,72.88,5,Summer,Clear,30.35,0.0,13.91,52.0,1012.1
2025-05-13,Mumbai,19.08,72.88,5,Summer,Clear,32.2,0.0,12.94,54.6,1013.8
2025-05-14,Mumbai,19.08,72.88,5,Summer,Clear,32.0,0.0,15.22,65.9,1012.1
2025-05-15,Mumbai,19.08,72.88,5,Summer,Clear,33.13,0.0,13.85,52.2,1014.3
2025-05-16,Mumbai,19.08,72.88,5,Summer,Clear,29.9,0.0,14.03,52.5,1014.1
2025-05-17,Mumbai,19.08,72.88,5,Summer,Clear,29.8,0.0,15.31,57.8,1014.3
2025-05-18,Mumbai,19.08,72.88,5,Summer,Clear,29.59,0.0,14.43,50.0,1011.4
2025-05-19,Mumbai,19.08,72.88,5,Summer,Clear,30.78,0.0,14.85,54.4,1013.5
2025-05-20,Mumbai,19.08,72.88,5,Summer,Clear,30.97,0.0,14.3,55.0,1014.6
2025-05-21,Mumbai,19.08,72.88,5,Summer,Clear,32.82,0.0,17.18,56.3,1014.9
2025-05-22,Mumbai,19.08,72.88,5,Summer,Clear,32.3,0.0,15.02,55.7,1016.5
2025-05-23,Mumbai,19.08,72.88,5,Summer,Clear,32.16,0.0,15.58,56.4,1015.0
2025-05-24,Mumbai,19.08,72.88,5,Summer,Clear,30.55,0.0,14.7,54.5,1010.7
2025-05-25,Mumbai,19.08,72.88,5,Summer,Clear,32.46,0.0,14.08,62.9,1012.8
2025-05-26,Mumbai,19.08,72.88,5,Summer,Clear,31.03,0.0,12.31,58.7,1013.3
2025-05-27,Mumbai,19.08,72.88,5,Summer,Clear,33.25,0.0,13.56,50.6,1010.7
2025-05-28,Mumbai,19.08,72.88,5,Summer,Clear,33.1,0.0,13.81,55.4,1012.1
2025-05-29,Mumbai,19.08,72.88,5,Summer,Heatwave,35.09,0.0,14.74,50.8,1010.8
2025-05-30,Mumbai,19.08,72.88,5,Summer,Heatwave,35.44,0.0,14.82,58.1,1012.2
2025-05-31,Mumbai,19.08,72.88,5,Summer,Clear,33.13,0.0,13.59,50.5,1015.7
2025-06-01,Mumbai,19.08,72.88,6,Monsoon,Monsoon,30.57,23.89,24.62,62.0,1010.9
2025-06-02,Mumbai,19.08,72.88,6,Monsoon,Monsoon,29.72,13.97,21.28,72.9,1009.9
2025-06-03,Mumbai,19.08,72.88,6,Monsoon,Monsoon,29.0,21.32,24.8,71.6,1008.3
2025-06-04,Mumbai,19.08,72.88,6,Monsoon,HighWind,29.39,2.88,23.24,63.9,1011.7
2025-06-05,Mumbai,19.08,72.88,6,Monsoon,Monsoon,29.78,21.97,25.9,63.5,1015.0
2025-06-06,Mumbai,19.08,72.88,6,Monsoon,Monsoon,29.21,18.2,24.29,60.2,1010.5
2025-06-07,Mumbai,19.08,72.88,6,Monsoon,HighWind,28.64,0.0,24.82,56.5,1012.4
2025-06-08,Mumbai,19.08,72.88,6,Monsoon,HighWind,29.83,1.58,23.35,63.6,1018.0
2025-06-09,Mumbai,19.08,72.88,6,Monsoon,HighWind,29.74,0.0,24.16,64.2,1013.9
2025-06-10,Mumbai,19.08,72.88,6,Monsoon,Monsoon,29.56,24.99,26.45,67.9,1009.9
2025-06-11,Mumbai,19.08,72.88,6,Monsoon,Monsoon,32.06,14.3,24.16,64.6,1011.6
2025-06-12,Mumbai,19.08,72.88,6,Monsoon,Clear,31.8,6.33,21.28,50.4,1010.4
2025-06-13,Mumbai,19.08,72.88,6,Monsoon,Clear,30.96,0.0,20.9,60.9,1014.8
2025-06-14,Mumbai,19.08,72.88,6,Monsoon,Monsoon,31.23,15.43,23.51,46.6,1011.6
2025-06-15,Mumbai,19.08,72.88,6,Monsoon,Storm,31.93,59.62,32.26,66.2,1005.3
2025-06-16,Mumbai,19.08,72.88,6,Monsoon,HighWind,32.45,0.0,22.22,50.8,1010.6
2025-06-17,Mumbai,19.08,72.88,6,Monsoon,Monsoon,32.06,14.51,23.09,55.5,1010.3
2025-06-18,Mumbai,19.08,72.88,6,Monsoon,HighWind,30.16,0.0,24.28,54.8,1011.0
2025-06-19,Mumbai,19.08,72.88,6,Monsoon,Monsoon,30.41,14.77,24.72,77.0,1012.1
2025-06-20,Mumbai,19.08,72.88,6,Monsoon,Storm,32.54,56.24,32.69,69.2,1004.1
2025-06-21,Mumbai,19.08,72.88,6,Monsoon,Monsoon,31.99,38.45,30.82,76.8,1011.9
2025-06-22,Mumbai,19.08,72.88,6,Monsoon,Monsoon,31.59,19.94,27.55,56.2,1013.0
2025-06-23,Mumbai,19.08,72.88,6,Monsoon,Monsoon,30.05,35.27,28.56,72.9,1005.9
2025-06-24,Mumbai,19.08,72.88,6,Monsoon,Clear,29.41,4.46,21.94,56.1,1010.4
2025-06-25,Mumbai,19.08,72.88,6,Monsoon,Clear,29.3,0.0,20.93,64.0,1013.2
2025-06-26,Mumbai,19.08,72.88,6,Monsoon,Clear,28.45,0.0,17.2,60.3,1014.2
2025-06-27,Mumbai,19.08,72.88,6,Monsoon,Clear,29.55,0.0,20.65,63.2,1014.8
2025-06-28,Mumbai,19.08,72.88,6,Monsoon,Monsoon,29.08,12.8,25.97,62.6,1011.8
2025-06-29,Mumbai,19.08,72.88,6,Monsoon,HighWind,27.88,0.0,24.75,50.0,1013.2
2025-06-30,Mumbai,19.08,72.88,6,Monsoon,HighWind,27.11,0.0,26.74,53.5,1011.0
2025-07-01,Mumbai,19.08,72.88,7,Monsoon,Monsoon,25.67,42.29,33.16,71.6,1010.1
2025-07-02,Mumbai,19.08,72.88,7,Monsoon,Monsoon,23.26,20.43,28.62,69.5,1009.6
2025-07-03,Mumbai,19.08,72.88,7,Monsoon,Monsoon,26.32,35.66,31.11,66.4,1009.2
2025-07-04,Mumbai,19.08,72.88,7,Monsoon,Monsoon,27.79,18.17,28.7,62.3,1010.1
2025-07-05,Mumbai,19.08,72.88,7,Monsoon,Storm,28.11,90.35,38.68,82.8,1007.9
2025-07-06,Mumbai,19.08,72.88,7,Monsoon,Storm,27.1,71.63,33.79,74.9,1010.4
2025-07-07,Mumbai,19.08,72.88,7,Monsoon,Monsoon,26.33,14.99,25.74,64.1,1012.7
2025-07-08,Mumbai,19.08,72.88,7,Monsoon,HighWind,26.25,0.0,26.22,58.8,1011.1
2025-07-09,Mumbai,19.08,72.88,7,Monsoon,HighWind,28.58,0.0,23.07,59.2,1015.1
2025-07-10,Mumbai,19.08,72.88,7,Monsoon,Clear,29.03,0.0,20.49,44.3,1014.9
2025-07-11,Mumbai,19.08,72.88,7,Monsoon,HighWind,29.83,0.0,22.72,52.7,1010.7
2025-07-12,Mumbai,19.08,72.88,7,Monsoon,Clear,30.7,2.62,21.83,64.7,1011.7
2025-07-13,Mumbai,19.08,72.88,7,Monsoon,Monsoon,28.88,14.36,25.45,48.9,1013.5
2025-07-14,Mumbai,19.08,72.88,7,Monsoon,Storm,26.83,66.7,35.98,77.0,1006.6
2025-07-15,Mumbai,19.08,72.88,7,Monsoon,Monsoon,26.87,26.82,27.68,65.0,1010.0
2025-07-16,Mumbai,19.08,72.88,7,Monsoon,Monsoon,25.78,31.06,27.16,63.3,1012.3
2025-07-17,Mumbai,19.08,72.88,7,Monsoon,Monsoon,26.83,11.25,24.89,57.6,1013.6
2025-07-18,Mumbai,19.08,72.88,7,Monsoon,Monsoon,27.06,27.98,27.3,61.5,1012.9
2025-07-19,Mumbai,19.08,72.88,7,Monsoon,Monsoon,27.46,22.11,27.65,76.4,1009.5
2025-07-20,Mumbai,19.08,72.88,7,Monsoon,Monsoon,27.2,38.53,31.24,70.9,1012.9
2025-07-21,Mumbai,19.08,72.88,7,Monsoon,Monsoon,26.36,17.79,29.01,67.4,1007.3
2025-07-22,Mumbai,19.08,72.88,7,Monsoon,HighWind,27.39,1.25,26.12,55.5,1013.6
2025-07-23,Mumbai,19.08,72.88,7,Monsoon,Monsoon,26.57,28.49,31.17,58.1,1011.0
2025-07-24,Mumbai,19.08,72.88,7,Monsoon,Monsoon,27.21,11.26,23.88,67.6,1010.6
2025-07-25,Mumbai,19.08,72.88,7,Monsoon,Storm,25.81,58.66,32.23,80.9,1005.1
2025-07-26,Mumbai,19.08,72.88,7,Monsoon,Storm,25.33,50.98,35.59,68.5,1008.3
2025-07-27,Mumbai,19.08,72.88,7,Monsoon,Monsoon,25.35,36.58,32.69,62.8,1011.0
2025-07-28,Mumbai,19.08,72.88,7,Monsoon,HighWind,27.21,2.03,24.4,68.5,1011.3
2025-07-29,Mumbai,19.08,72.88,7,Monsoon,HighWind,29.31,1.96,23.86,59.1,1013.5
2025-07-30,Mumbai,19.08,72.88,7,Monsoon,Monsoon,29.29,21.69,30.61,60.6,1011.7
2025-07-31,Mumbai,19.08,72.88,7,Monsoon,Storm,30.19,54.43,36.27,75.1,1007.4
2025-08-01,Mumbai,19.08,72.88,8,Monsoon,Monsoon,28.96,10.29,23.61,68.4,1010.8
2025-08-02,Mumbai,19.08,72.88,8,Monsoon,Clear,30.35,1.15,20.74,60.4,1015.4
2025-08-03,Mumbai,19.08,72.88,8,Monsoon,Monsoon,27.89,24.8,24.54,69.0,1009.1
2025-08-04,Mumbai,19.08,72.88,8,Monsoon,HighWind,27.52,0.0,23.19,59.8,1014.8
2025-08-05,Mumbai,19.08,72.88,8,Monsoon,Clear,28.03,0.0,19.67,54.3,1011.5
2025-08-06,Mumbai,19.08,72.88,8,Monsoon,Clear,29.16,0.0,20.36,50.6,1012.7
2025-08-07,Mumbai,19.08,72.88,8,Monsoon,Clear,28.03,0.0,17.01,66.0,1013.1
2025-08-08,Mumbai,19.08,72.88,8,Monsoon,Clear,26.8,0.0,20.53,45.1,1015.4
2025-08-09,Mumbai,19.08,72.88,8,Monsoon,Monsoon,26.76,21.99,25.06,61.6,1010.2
2025-08-10,Mumbai,19.08,72.88,8,Monsoon,Monsoon,25.98,28.77,26.87,69.2,1011.9
2025-08-11,Mumbai,19.08,72.88,8,Monsoon,Clear,24.83,6.74,20.4,57.0,1011.4
2025-08-12,Mumbai,19.08,72.88,8,Monsoon,Clear,23.79,4.34,18.78,59.7,1015.2
2025-08-13,Mumbai,19.08,72.88,8,Monsoon,Monsoon,23.85,26.4,24.49,66.8,1009.1
2025-08-14,Mumbai,19.08,72.88,8,Monsoon,Clear,25.46,0.0,19.89,60.3,1015.0
2025-08-15,Mumbai,19.08,72.88,8,Monsoon,Clear,26.37,0.0,20.38,62.8,1015.1
2025-08-16,Mumbai,19.08,72.88,8,Monsoon,Clear,26.85,2.63,20.12,68.0,1010.7
2025-08-17,Mumbai,19.08,72.88,8,Monsoon,Monsoon,27.42,22.43,23.24,73.5,1013.2
2025-08-18,Mumbai,19.08,72.88,8,Monsoon,Monsoon,26.78,11.66,20.66,65.9,1010.5
2025-08-19,Mumbai,19.08,72.88,8,Monsoon,Monsoon,28.25,30.41,22.65,65.4,1009.0
2025-08-20,Mumbai,19.08,72.88,8,Monsoon,Clear,26.68,7.16,18.8,62.9,1010.5
2025-08-21,Mumbai,19.08,72.88,8,Monsoon,Clear,26.05,0.0,15.43,55.9,1011.5
2025-08-22,Mumbai,19.08,72.88,8,Monsoon,Clear,26.27,0.0,18.61,56.3,1012.6
2025-08-23,Mumbai,19.08,72.88,8,Monsoon,Clear,24.32,0.0,19.35,59.6,1014.4
2025-08-24,Mumbai,19.08,72.88,8,Monsoon,Clear,25.07,0.0,20.85,63.4,1016.7
2025-08-25,Mumbai,19.08,72.88,8,Monsoon,Clear,27.46,0.0,20.45,61.4,1013.4
2025-08-26,Mumbai,19.08,72.88,8,Monsoon,Monsoon,27.38,29.17,21.99,60.3,1008.1
2025-08-27,Mumbai,19.08,72.88,8,Monsoon,Monsoon,28.24,30.47,24.93,67.1,1011.7
2025-08-28,Mumbai,19.08,72.88,8,Monsoon,Monsoon,27.18,11.43,23.65,60.5,1009.2
2025-08-29,Mumbai,19.08,72.88,8,Monsoon,Clear,27.01,2.0,19.41,67.5,1013.8
2025-08-30,Mumbai,19.08,72.88,8,Monsoon,Clear,26.03,4.58,18.16,66.8,1011.3
2025-08-31,Mumbai,19.08,72.88,8,Monsoon,Clear,25.59,3.86,21.47,66.8,1011.4
2025-09-01,Mumbai,19.08,72.88,9,Monsoon,Clear,24.51,4.62,15.14,53.8,1010.1
2025-09-02,Mumbai,19.08,72.88,9,Monsoon,Clear,26.67,0.77,14.73,53.1,1014.6
2025-09-03,Mumbai,19.08,72.88,9,Monsoon,Storm,28.29,55.59,22.89,71.6,1008.4
2025-09-04,Mumbai,19.08,72.88,9,Monsoon,Monsoon,28.55,9.71,15.94,61.6,1012.0
2025-09-05,Mumbai,19.08,72.88,9,Monsoon,Monsoon,28.84,17.22,16.9,51.7,1008.2
2025-09-06,Mumbai,19.08,72.88,9,Monsoon,Clear,28.9,2.08,16.98,58.1,1011.6
2025-09-07,Mumbai,19.08,72.88,9,Monsoon,Monsoon,29.32,14.14,18.98,61.9,1010.3
2025-09-08,Mumbai,19.08,72.88,9,Monsoon,Clear,30.0,0.0,11.76,58.3,1015.0
2025-09-09,Mumbai,19.08,72.88,9,Monsoon,Clear,30.89,0.0,11.11,64.2,1015.7
2025-09-10,Mumbai,19.08,72.88,9,Monsoon,Clear,29.95,0.0,13.3,46.6,1014.7
2025-09-11,Mumbai,19.08,72.88,9,Monsoon,Monsoon,29.43,15.83,17.25,53.6,1014.4
2025-09-12,Mumbai,19.08,72.88,9,Monsoon,Monsoon,30.25,43.5,20.13,71.1,1011.3
2025-09-13,Mumbai,19.08,72.88,9,Monsoon,Monsoon,30.02,13.62,15.82,56.4,1011.1
2025-09-14,Mumbai,19.08,72.88,9,Monsoon,Monsoon,30.42,8.87,17.3,60.5,1012.5
2025-09-15,Mumbai,19.08,72.88,9,Monsoon,Monsoon,30.36,10.69,18.11,62.6,1009.0
2025-09-16,Mumbai,19.08,72.88,9,Monsoon,Clear,30.67,0.9,13.87,44.7,1014.1
2025-09-17,Mumbai,19.08,72.88,9,Monsoon,Monsoon,29.46,10.14,16.86,69.0,1013.3
2025-09-18,Mumbai,19.08,72.88,9,Monsoon,Monsoon,28.86,21.46,20.57,71.3,1008.7
2025-09-19,Mumbai,19.08,72.88,9,Monsoon,Monsoon,28.42,9.04,16.63,48.9,1013.8
2025-09-20,Mumbai,19.08,72.88,9,Monsoon,Clear,28.25,1.53,13.07,52.3,1012.4
2025-09-21,Mumbai,19.08,72.88,9,Monsoon,Monsoon,29.54,16.49,18.57,65.4,1008.0
2025-09-22,Mumbai,19.08,72.88,9,Monsoon,Monsoon,29.31,31.56,22.4,62.0,1009.9
2025-09-23,Mumbai,19.08,72.88,9,Monsoon,Clear,29.78,3.27,16.05,58.9,1014.1
2025-09-24,Mumbai,19.08,72.88,9,Monsoon,Clear,30.0,6.44,15.4,51.7,1011.4
2025-09-25,Mumbai,19.08,72.88,9,Monsoon,Clear,30.51,2.75,16.54,63.6,1012.8
2025-09-26,Mumbai,19.08,72.88,9,Monsoon,Clear,32.5,7.64,17.45,49.6,1013.1
2025-09-27,Mumbai,19.08,72.88,9,Monsoon,Monsoon,31.37,11.48,19.21,57.6,1011.1
2025-09-28,Mumbai,19.08,72.88,9,Monsoon,Monsoon,29.6,8.58,17.66,59.0,1011.2
2025-09-29,Mumbai,19.08,72.88,9,Monsoon,Monsoon,28.43,14.8,16.59,51.1,1008.7
2025-09-30,Mumbai,19.08,72.88,9,Monsoon,Clear,28.29,2.78,14.33,57.4,1013.3
2023-01-01,Delhi,28.61,77.21,1,Winter,Clear,14.0,0.0,7.0,51.4,1015.3
2023-01-02,Delhi,28.61,77.21,1,Winter,Clear,12.9,0.0,7.48,66.7,1010.7
2023-01-03,Delhi,28.61,77.21,1,Winter,Convective,13.29,10.7,8.91,60.9,1012.9
2023-01-04,Delhi,28.61,77.21,1,Winter,Clear,14.89,0.0,5.37,64.0,1014.7
2023-01-05,Delhi,28.61,77.21,1,Winter,Clear,12.08,0.0,4.23,68.3,1012.1
2023-01-06,Delhi,28.61,77.21,1,Winter,Clear,13.22,0.0,3.58,58.5,1016.2
2023-01-07,Delhi,28.61,77.21,1,Winter,Clear,12.47,0.0,3.28,64.7,1011.4
2023-01-08,Delhi,28.61,77.21,1,Winter,Clear,12.06,0.0,7.3,51.6,1018.2
2023-01-09,Delhi,28.61,77.21,1,Winter,Clear,13.92,0.0,9.03,62.5,1012.9
2023-01-10,Delhi,28.61,77.21,1,Winter,Clear,13.1,0.0,7.24,69.6,1012.5
2023-01-11,Delhi,28.61,77.21,1,Winter,Clear,13.51,0.0,6.76,55.0,1015.5
2023-01-12,Delhi,28.61,77.21,1,Winter,Clear,11.16,0.0,7.04,51.6,1015.8
2023-01-13,Delhi,28.61,77.21,1,Winter,Clear,14.02,0.0,8.45,64.1,1010.5
2023-01-14,Delhi,28.61,77.21,1,Winter,Clear,13.0,0.0,8.98,60.7,1011.8
2023-01-15,Delhi,28.61,77.21,1,Winter,Clear,14.56,0.0,7.78,48.9,1015.3
2023-01-16,Delhi,28.61,77.21,1,Winter,Clear,14.25,0.0,8.65,58.3,1008.5
2023-01-17,Delhi,28.61,77.21,1,Winter,Clear,15.28,0.0,7.06,44.1,1014.4
2023-01-18,Delhi,28.61,77.21,1,Winter,Convective,11.13,16.59,12.01,65.2,1013.3
2023-01-19,Delhi,28.61,77.21,1,Winter,Convective,12.86,11.26,10.26,60.7,1013.4
2023-01-20,Delhi,28.61,77.21,1,Winter,Clear,14.63,0.0,6.47,52.9,1010.9
2023-01-21,Delhi,28.61,77.21,1,Winter,Clear,15.36,0.0,8.73,46.9,1013.7
2023-01-22,Delhi,28.61,77.21,1,Winter,Clear,16.4,0.0,9.9,57.1,1013.5
2023-01-23,Delhi,28.61,77.21,1,Winter,Clear,15.41,0.0,10.04,56.1,1013.0
2023-01-24,Delhi,28.61,77.21,1,Winter,Clear,13.04,0.0,8.82,53.1,1009.7
2023-01-25,Delhi,28.61,77.21,1,Winter,Clear,12.81,0.0,10.37,55.8,1013.5
2023-01-26,Delhi,28.61,77.21,1,Winter,Clear,11.08,0.0,8.03,62.6,1011.9
2023-01-27,Delhi,28.61,77.21,1,Winter,Clear,12.16,0.0,5.71,62.0,1014.9
2023-01-28,Delhi,28.61,77.21,1,Winter,Clear,13.12,0.0,6.91,57.3,1014.2
2023-01-29,Delhi,28.61,77.21,1,Winter,Clear,15.23,0.0,6.63,50.9,1012.6
2023-01-30,Delhi,28.61,77.21,1,Winter,Clear,13.42,0.0,4.9,69.7,1009.3
2023-01-31,Delhi,28.61,77.21,1,Winter,Clear,14.3,0.0,5.73,56.1,1008.4
2023-02-01,Delhi,28.61,77.21,2,Winter,Clear,17.75,0.0,6.71,58.5,1015.0
2023-02-02,Delhi,28.61,77.21,2,Winter,Clear,18.44,0.0,7.16,43.0,1016.1
2023-02-03,Delhi,28.61,77.21,2,Winter,Clear,17.21,0.0,10.02,57.7,1014.5
2023-02-04,Delhi,28.61,77.21,2,Winter,Clear,17.1,0.0,6.5,47.2,1014.7
2023-02-05,Delhi,28.61,77.21,2,Winter,Clear,16.48,0.0,4.94,57.6,1011.5
2023-02-06,Delhi,28.61,77.21,2,Winter,Clear,17.98,0.0,7.24,50.4,1009.6
2023-02-07,Delhi,28.61,77.21,2,Winter,Clear,17.57,0.0,7.8,61.1,1014.2
2023-02-08,Delhi,28.61,77.21,2,Winter,Clear,16.59,0.0,8.5,61.6,1011.3
2023-02-09,Delhi,28.61,77.21,2,Winter,Clear,17.32,0.0,8.75,55.0,1012.3
2023-02-10,Delhi,28.61,77.21,2,Winter,Clear,15.31,0.0,6.91,55.7,1013.5
2023-02-11,Delhi,28.61,77.21,2,Winter,Clear,15.77,0.0,7.91,56.1,1013.2
2023-02-12,Delhi,28.61,77.21,2,Winter,Clear,16.63,0.0,6.49,64.2,1015.2
2023-02-13,Delhi,28.61,77.21,2,Winter,Clear,16.99,0.0,6.22,52.7,1008.0
2023-02-14,Delhi,28.61,77.21,2,Winter,Clear,16.05,0.0,6.74,68.0,1015.0
2023-02-15,Delhi,28.61,77.21,2,Winter,Clear,15.55,0.0,7.83,53.8,1010.8
2023-02-16,Delhi,28.61,77.21,2,Winter,Clear,15.38,0.0,7.64,60.9,1015.8
2023-02-17,Delhi,28.61,77.21,2,Winter,Clear,14.73,0.0,6.78,52.1,1010.3
2023-02-18,Delhi,28.61,77.21,2,Winter,Clear,15.95,0.0,10.94,69.5,1010.9
2023-02-19,Delhi,28.61,77.21,2,Winter,Convective,17.78,18.75,13.8,71.6,1010.7
2023-02-20,Delhi,28.61,77.21,2,Winter,Clear,20.44,0.0,9.68,46.0,1013.2
2023-02-21,Delhi,28.61,77.21,2,Winter,Clear,18.47,0.0,10.48,50.0,1015.2
2023-02-22,Delhi,28.61,77.21,2,Winter,Clear,17.75,0.0,9.63,60.1,1009.1
2023-02-23,Delhi,28.61,77.21,2,Winter,Clear,16.64,0.0,7.21,67.0,1012.3
2023-02-24,Delhi,28.61,77.21,2,Winter,Clear,16.24,0.0,5.17,67.5,1014.3
2023-02-25,Delhi,28.61,77.21,2,Winter,Clear,16.5,0.0,7.54,54.8,1012.4
2023-02-26,Delhi,28.61,77.21,2,Winter,Clear,16.92,0.0,8.48,66.9,1013.4
2023-02-27,Delhi,28.61,77.21,2,Winter,Convective,15.23,9.8,6.55,62.6,1012.8
2023-02-28,Delhi,28.61,77.21,2,Winter,Clear,16.52,0.0,6.27,53.5,1011.5
2023-03-01,Delhi,28.61,77.21,3,Summer,Clear,23.11,0.0,6.31,61.5,1010.8
2023-03-02,Delhi,28.61,77.21,3,Summer,Clear,25.05,0.0,7.09,48.4,1011.5
2023-03-03,Delhi,28.61,77.21,3,Summer,Clear,23.98,0.0,7.99,51.1,1015.3
2023-03-04,Delhi,28.61,77.21,3,Summer,Clear,22.59,0.0,9.47,57.5,1012.2
2023-03-05,Delhi,28.61,77.21,3,Summer,Clear,21.64,0.0,10.55,59.9,1011.7
2023-03-06,Delhi,28.61,77.21,3,Summer,Clear,22.29,0.0,11.03,59.9,1015.9
2023-03-07,Delhi,28.61,77.21,3,Summer,Clear,22.68,0.0,8.72,59.2,1015.0
2023-03-08,Delhi,28.61,77.21,3,Summer,Clear,20.48,0.0,8.19,65.1,1014.6
2023-03-09,Delhi,28.61,77.21,3,Summer,Clear,21.25,0.0,8.68,53.2,1012.6
2023-03-10,Delhi,28.61,77.21,3,Summer,Clear,23.3,0.0,8.98,63.6,1013.9
2023-03-11,Delhi,28.61,77.21,3,Summer,Heatwave,26.07,0.0,8.61,51.3,1015.6
2023-03-12,Delhi,28.61,77.21,3,Summer,Clear,23.0,0.0,9.59,71.9,1013.7
2023-03-13,Delhi,28.61,77.21,3,Summer,Clear,23.78,0.0,10.65,57.5,1015.2
2023-03-14,Delhi,28.61,77.21,3,Summer,Clear,23.63,0.0,10.72,52.8,1014.3
2023-03-15,Delhi,28.61,77.21,3,Summer,Clear,23.57,0.0,7.83,63.0,1014.2
2023-03-16,Delhi,28.61,77.21,3,Summer,Clear,23.93,0.0,7.13,64.2,1014.5
2023-03-17,Delhi,28.61,77.21,3,Summer,Clear,24.6,3.79,8.91,48.2,1011.1
2023-03-18,Delhi,28.61,77.21,3,Summer,Convective,23.66,13.96,13.33,69.8,1012.7
2023-03-19,Delhi,28.61,77.21,3,Summer,Clear,24.63,0.0,13.07,60.4,1012.6
2023-03-20,Delhi,28.61,77.21,3,Summer,Clear,23.83,0.0,12.1,61.5,1013.3
2023-03-21,Delhi,28.61,77.21,3,Summer,Clear,25.13,0.0,10.89,56.3,1017.7
2023-03-22,Delhi,28.61,77.21,3,Summer,Clear,24.27,0.0,9.39,54.7,1014.2
2023-03-23,Delhi,28.61,77.21,3,Summer,Clear,25.24,0.0,9.16,57.8,1013.0
2023-03-24,Delhi,28.61,77.21,3,Summer,Clear,23.43,0.0,9.53,61.6,1014.2
2023-03-25,Delhi,28.61,77.21,3,Summer,Clear,23.49,0.0,10.1,60.1,1011.8
2023-03-26,Delhi,28.61,77.21,3,Summer,Clear,23.63,0.0,10.92,59.4,1011.9
2023-03-27,Delhi,28.61,77.21,3,Summer,Clear,23.41,0.0,9.92,68.1,1010.5
2023-03-28,Delhi,28.61,77.21,3,Summer,Clear,24.01,0.0,10.39,57.0,1011.9
2023-03-29,Delhi,28.61,77.21,3,Summer,Clear,23.4,0.0,10.83,58.9,1013.5
2023-03-30,Delhi,28.61,77.21,3,Summer,Convective,24.95,28.69,16.92,65.5,1010.3
2023-03-31,Delhi,28.61,77.21,3,Summer,Clear,25.61,0.0,11.31,59.7,1010.2
2023-04-01,Delhi,28.61,77.21,4,Summer,Clear,30.1,0.0,10.44,46.3,1012.7
2023-04-02,Delhi,28.61,77.21,4,Summer,Clear,29.61,0.0,10.13,52.8,1013.3
2023-04-03,Delhi,28.61,77.21,4,Summer,Clear,28.32,0.0,9.41,62.8,1010.3
2023-04-04,Delhi,28.61,77.21,4,Summer,Clear,29.14,0.0,7.72,63.2,1011.1
2023-04-05,Delhi,28.61,77.21,4,Summer,Clear,29.74,0.0,4.11,57.9,1010.6
2023-04-06,Delhi,28.61,77.21,4,Summer,Clear,28.68,0.0,8.55,63.5,1013.9
2023-04-07,Delhi,28.61,77.21,4,Summer,Clear,29.19,0.0,8.65,58.9,1011.0
2023-04-08,Delhi,28.61,77.21,4,Summer,Clear,29.65,0.0,10.51,56.3,1015.4
2023-04-09,Delhi,28.61,77.21,4,Summer,Clear,29.2,0.0,7.54,63.5,1011.4
2023-04-10,Delhi,28.61,77.21,4,Summer,Clear,29.99,0.0,7.12,61.3,1012.0
2023-04-11,Delhi,28.61,77.21,4,Summer,Clear,28.34,0.0,4.88,49.4,1012.6
2023-04-12,Delhi,28.61,77.21,4,Summer,Clear,28.51,0.0,7.16,61.3,1016.0
2023-04-13,Delhi,28.61,77.21,4,Summer,Clear,30.61,0.0,6.4,48.9,1013.9
2023-04-14,Delhi,28.61,77.21,4,Summer,Clear,30.33,0.0,5.75,61.8,1013.3
2023-04-15,Delhi,28.61,77.21,4,Summer,Clear,28.92,0.0,6.58,55.4,1012.4
2023-04-16,Delhi,28.61,77.21,4,Summer,Clear,29.64,0.0,9.31,58.1,1015.8
2023-04-17,Delhi,28.61,77.21,4,Summer,Clear,29.88,0.0,9.96,60.6,1013.9
2023-04-18,Delhi,28.61,77.21,4,Summer,Clear,31.48,0.0,10.02,50.6,1014.1
2023-04-19,Delhi,28.61,77.21,4,Summer,Clear,31.29,0.0,8.84,52.0,1011.9
2023-04-20,Delhi,28.61,77.21,4,Summer,Clear,31.44,0.0,9.01,67.0,1011.4
2023-04-21,Delhi,28.61,77.21,4,Summer,Clear,29.7,0.0,10.8,59.1,1016.8
2023-04-22,Delhi,28.61,77.21,4,Summer,Clear,29.48,0.0,13.35,54.2,1013.6
2023-04-23,Delhi,28.61,77.21,4,Summer,Clear,30.99,0.0,12.64,62.2,1011.8
2023-04-24,Delhi,28.61,77.21,4,Summer,Clear,29.73,0.0,12.64,51.6,1013.7
2023-04-25,Delhi,28.61,77.21,4,Summer,Clear,28.88,0.0,11.41,61.2,1010.0
2023-04-26,Delhi,28.61,77.21,4,Summer,Clear,28.97,0.0,10.2,64.7,1011.4
2023-04-27,Delhi,28.61,77.21,4,Summer,Clear,31.1,0.0,9.03,56.0,1012.1
2023-04-28,Delhi,28.61,77.21,4,Summer,Clear,31.44,0.0,10.32,59.2,1012.8
2023-04-29,Delhi,28.61,77.21,4,Summer,Clear,31.17,0.0,11.87,44.4,1014.4
2023-04-30,Delhi,28.61,77.21,4,Summer,Clear,31.29,0.0,10.73,48.9,1012.6
2023-05-01,Delhi,28.61,77.21,5,Summer,Heatwave,36.66,0.0,14.92,64.8,1009.4
2023-05-02,Delhi,28.61,77.21,5,Summer,Clear,35.23,0.0,12.13,59.4,1011.9
2023-05-03,Delhi,28.61,77.21,5,Summer,Clear,34.27,0.0,12.03,54.7,1013.8
2023-05-04,Delhi,28.61,77.21,5,Summer,Clear,34.52,0.0,13.15,58.4,1013.3
2023-05-05,Delhi,28.61,77.21,5,Summer,Clear,34.28,0.0,10.82,65.2,1013.2
2023-05-06,Delhi,28.61,77.21,5,Summer,Clear,33.17,0.0,11.76,46.0,1015.7
2023-05-07,Delhi,28.61,77.21,5,Summer,Clear,32.73,0.0,9.68,62.6,1010.8
2023-05-08,Delhi,28.61,77.21,5,Summer,Clear,33.26,0.0,12.16,52.2,1012.9
2023-05-09,Delhi,28.61,77.21,5,Summer,Clear,32.3,0.0,12.65,51.3,1012.9
2023-05-10,Delhi,28.61,77.21,5,Summer,Clear,33.7,0.0,12.9,51.1,1011.0
2023-05-11,Delhi,28.61,77.21,5,Summer,Clear,34.41,0.0,11.9,48.3,1013.5
2023-05-12,Delhi,28.61,77.21,5,Summer,Clear,35.54,0.0,11.64,45.8,1013.4
2023-05-13,Delhi,28.61,77.21,5,Summer,Heatwave,35.99,0.0,14.83,62.3,1011.3
2023-05-14,Delhi,28.61,77.21,5,Summer,Clear,35.19,0.0,13.15,57.9,1014.7
2023-05-15,Delhi,28.61,77.21,5,Summer,Convective,35.59,29.16,18.98,62.0,1011.5
2023-05-16,Delhi,28.61,77.21,5,Summer,Clear,33.92,0.0,12.19,56.7,1011.1
2023-05-17,Delhi,28.61,77.21,5,Summer,Clear,33.49,0.0,12.09,60.3,1011.6
2023-05-18,Delhi,28.61,77.21,5,Summer,Clear,34.1,0.0,13.05,52.1,1015.6
2023-05-19,Delhi,28.61,77.21,5,Summer,Clear,33.04,0.0,11.25,54.9,1013.4
2023-05-20,Delhi,28.61,77.21,5,Summer,Clear,34.75,0.0,12.07,61.1,1013.2
2023-05-21,Delhi,28.61,77.21,5,Summer,Clear,34.58,0.0,11.23,55.9,1012.5
2023-05-22,Delhi,28.61,77.21,5,Summer,Clear,34.54,0.0,10.3,52.9,1014.2
2023-05-23,Delhi,28.61,77.21,5,Summer,Clear,35.38,0.0,10.93,52.3,1011.4
2023-05-24,Delhi,28.61,77.21,5,Summer,Clear,35.43,0.0,12.09,63.7,1014.7
2023-05-25,Delhi,28.61,77.21,5,Summer,Clear,34.93,0.0,12.73,52.5,1011.7
2023-05-26,Delhi,28.61,77.21,5,Summer,Clear,33.93,0.0,12.75,64.1,1011.3
2023-05-27,Delhi,28.61,77.21,5,Summer,Clear,34.53,0.0,10.66,43.1,1013.8
2023-05-28,Delhi,28.61,77.21,5,Summer,Clear,34.44,0.0,10.2,61.6,1008.8
2023-05-29,Delhi,28.61,77.21,5,Summer,Clear,32.14,0.0,10.26,67.6,1012.5
2023-05-30,Delhi,28.61,77.21,5,Summer,Clear,31.94,0.0,11.16,61.5,1017.0
2023-05-31,Delhi,28.61,77.21,5,Summer,Clear,33.43,0.0,11.39,66.7,1014.0
2023-06-01,Delhi,28.61,77.21,6,Summer,Clear,33.69,0.0,11.42,52.4,1013.0
2023-06-02,Delhi,28.61,77.21,6,Summer,Clear,32.92,0.0,12.58,53.7,1011.9
2023-06-03,Delhi,28.61,77.21,6,Summer,Clear,31.48,0.0,13.81,59.3,1009.3
2023-06-04,Delhi,28.61,77.21,6,Summer,Clear,32.78,0.0,14.45,59.8,1015.6
2023-06-05,Delhi,28.61,77.21,6,Summer,Clear,35.63,0.0,13.84,51.9,1011.3
2023-06-06,Delhi,28.61,77.21,6,Summer,Clear,35.69,0.0,15.97,54.7,1011.2
2023-06-07,Delhi,28.61,77.21,6,Summer,Clear,35.73,0.0,13.93,69.0,1014.2
2023-06-08,Delhi,28.61,77.21,6,Summer,Heatwave,35.92,0.0,11.21,47.5,1013.8
2023-06-09,Delhi,28.61,77.21,6,Summer,Heatwave,38.04,0.0,9.91,53.0,1015.3
2023-06-10,Delhi,28.61,77.21,6,Summer,Heatwave,36.44,0.0,10.93,52.1,1015.7
2023-06-11,Delhi,28.61,77.21,6,Summer,Heatwave,36.22,0.0,10.93,61.3,1009.4
2023-06-12,Delhi,28.61,77.21,6,Summer,Clear,35.34,0.0,7.61,59.8,1011.0
2023-06-13,Delhi,28.61,77.21,6,Summer,Clear,35.33,0.0,11.45,53.2,1013.9
2023-06-14,Delhi,28.61,77.21,6,Summer,Clear,35.18,5.0,14.24,45.5,1014.1
2023-06-15,Delhi,28.61,77.21,6,Summer,Clear,34.68,4.6,12.05,53.9,1012.3
2023-06-16,Delhi,28.61,77.21,6,Summer,Heatwave,36.58,0.0,10.95,52.8,1014.2
2023-06-17,Delhi,28.61,77.21,6,Summer,Clear,35.54,0.0,10.36,54.3,1010.3
2023-06-18,Delhi,28.61,77.21,6,Summer,Clear,35.07,0.0,10.75,50.2,1015.7
2023-06-19,Delhi,28.61,77.21,6,Summer,Clear,34.87,0.0,12.77,52.9,1013.0
2023-06-20,Delhi,28.61,77.21,6,Summer,Clear,33.89,0.0,13.86,64.1,1016.2
2023-06-21,Delhi,28.61,77.21,6,Summer,Clear,35.25,0.0,12.56,57.1,1011.8
2023-06-22,Delhi,28.61,77.21,6,Summer,Clear,35.46,0.0,12.5,48.9,1009.4
2023-06-23,Delhi,28.61,77.21,6,Summer,Convective,35.93,34.36,19.74,62.8,1009.3
2023-06-24,Delhi,28.61,77.21,6,Summer,Clear,34.43,1.46,11.78,53.2,1014.7
2023-06-25,Delhi,28.61,77.21,6,Summer,Clear,32.77,0.0,10.57,67.5,1013.4
2023-06-26,Delhi,28.61,77.21,6,Summer,Clear,30.85,2.59,12.97,60.5,1011.7
2023-06-27,Delhi,28.61,77.21,6,Summer,Clear,31.72,0.0,17.33,54.0,1013.2
2023-06-28,Delhi,28.61,77.21,6,Summer,Clear,33.09,0.0,16.65,55.0,1010.7
2023-06-29,Delhi,28.61,77.21,6,Summer,Clear,32.1,0.0,18.11,53.9,1011.7
2023-06-30,Delhi,28.61,77.21,6,Summer,Clear,32.41,0.0,13.99,58.0,1014.7
2023-07-01,Delhi,28.61,77.21,7,Monsoon,Monsoon,30.12,9.86,12.33,55.0,1010.2
2023-07-02,Delhi,28.61,77.21,7,Monsoon,Monsoon,30.11,10.19,11.52,70.5,1010.8
2023-07-03,Delhi,28.61,77.21,7,Monsoon,Clear,29.95,0.0,11.3,59.1,1011.9
2023-07-04,Delhi,28.61,77.21,7,Monsoon,Monsoon,29.23,17.68,13.48,70.4,1009.1
2023-07-05,Delhi,28.61,77.21,7,Monsoon,Clear,29.46,0.28,13.03,59.0,1012.6
2023-07-06,Delhi,28.61,77.21,7,Monsoon,Clear,32.34,0.0,13.07,52.5,1015.2
2023-07-07,Delhi,28.61,77.21,7,Monsoon,Clear,33.03,3.43,12.9,54.4,1013.4
2023-07-08,Delhi,28.61,77.21,7,Monsoon,Monsoon,32.44,13.92,17.03,66.5,1009.0
2023-07-09,Delhi,28.61,77.21,7,Monsoon,Monsoon,31.12,20.68,19.1,45.1,1009.1
2023-07-10,Delhi,28.61,77.21,7,Monsoon,Monsoon,32.62,21.78,19.32,70.9,1012.0
2023-07-11,Delhi,28.61,77.21,7,Monsoon,Clear,32.48,3.73,13.32,47.9,1009.5
2023-07-12,Delhi,28.61,77.21,7,Monsoon,Monsoon,31.27,13.66,11.95,57.7,1010.0
2023-07-13,Delhi,28.61,77.21,7,Monsoon,Monsoon,29.31,11.53,12.13,58.4,1012.1
2023-07-14,Delhi,28.61,77.21,7,Monsoon,Monsoon,29.67,35.72,18.44,83.9,1010.3
2023-07-15,Delhi,28.61,77.21,7,Monsoon,Clear,29.67,5.91,11.68,61.2,1014.6
2023-07-16,Delhi,28.61,77.21,7,Monsoon,Clear,30.96,1.38,11.7,49.9,1012.6
2023-07-17,Delhi,28.61,77.21,7,Monsoon,Monsoon,31.35,20.66,12.35,60.3,1012.4
2023-07-18,Delhi,28.61,77.21,7,Monsoon,Monsoon,31.93,15.11,11.35,56.9,1012.2
2023-07-19,Delhi,28.61,77.21,7,Monsoon,Clear,32.43,6.31,9.18,59.4,1013.2
2023-07-20,Delhi,28.61,77.21,7,Monsoon,Monsoon,32.43,22.07,12.31,61.1,1012.4
2023-07-21,Delhi,28.61,77.21,7,Monsoon,Clear,31.97,4.76,8.12,62.7,1009.9
2023-07-22,Delhi,28.61,77.21,7,Monsoon,Clear,32.32,0.0,9.22,52.0,1012.1
2023-07-23,Delhi,28.61,77.21,7,Monsoon,Clear,33.07,0.0,9.39,54.1,1015.3
2023-07-24,Delhi,28.61,77.21,7,Monsoon,Clear,32.23,0.0,8.79,56.4,1013.6
2023-07-25,Delhi,28.61,77.21,7,Monsoon,Clear,31.85,0.0,7.37,59.0,1015.5
2023-07-26,Delhi,28.61,77.21,7,Monsoon,Clear,33.75,0.0,9.63,64.7,1007.9
2023-07-27,Delhi,28.61,77.21,7,Monsoon,Clear,32.48,0.0,7.54,44.5,1013.4
2023-07-28,Delhi,28.61,77.21,7,Monsoon,Clear,31.34,0.0,10.03,56.7,1013.3
2023-07-29,Delhi,28.61,77.21,7,Monsoon,Clear,31.6,0.0,7.95,62.4,1010.6
2023-07-30,Delhi,28.61,77.21,7,Monsoon,Clear,32.34,4.91,13.09,48.6,1012.2
2023-07-31,Delhi,28.61,77.21,7,Monsoon,Monsoon,31.11,9.96,15.89,55.1,1013.0
2023-08-01,Delhi,28.61,77.21,8,Monsoon,Monsoon,29.32,16.06,15.12,61.1,1008.8
2023-08-02,Delhi,28.61,77.21,8,Monsoon,Monsoon,30.55,33.41,18.02,64.0,1008.4
2023-08-03,Delhi,28.61,77.21,8,Monsoon,Clear,29.99,5.72,12.62,56.9,1011.5
2023-08-04,Delhi,28.61,77.21,8,Monsoon,Clear,30.76,2.92,10.25,60.6,1012.6
2023-08-05,Delhi,28.61,77.21,8,Monsoon,Clear,29.94,5.44,9.52,76.0,1013.4
2023-08-06,Delhi,28.61,77.21,8,Monsoon,Clear,32.02,0.86,8.78,52.1,1013.4
2023-08-07,Delhi,28.61,77.21,8,Monsoon,Clear,32.43,3.96,13.7,59.5,1015.7
2023-08-08,Delhi,28.61,77.21,8,Monsoon,Monsoon,32.28,14.73,13.46,60.2,1011.3
2023-08-09,Delhi,28.61,77.21,8,Monsoon,Clear,32.19,5.44,12.13,59.5,1015.7
2023-08-10,Delhi,28.61,77.21,8,Monsoon,Monsoon,32.42,12.11,12.44,52.0,1013.4
2023-08-11,Delhi,28.61,77.21,8,Monsoon,Monsoon,31.79,11.95,12.49,58.0,1010.3
2023-08-12,Delhi,28.61,77.21,8,Monsoon,Clear,32.7,5.45,13.22,57.4,1010.4
2023-08-13,Delhi,28.61,77.21,8,Monsoon,Clear,33.79,0.89,12.37,66.8,1009.3
2023-08-14,Delhi,28.61,77.21,8,Monsoon,Monsoon,31.89,17.32,14.79,67.9,1012.1
2023-08-15,Delhi,28.61,77.21,8,Monsoon,Monsoon,32.81,8.36,14.25,65.8,1014.1
2023-08-16,Delhi,28.61,77.21,8,Monsoon,Clear,30.1,7.85,14.08,56.2,1013.5
2023-08-17,Delhi,28.61,77.21,8,Monsoon,Clear,31.32,4.89,10.55,64.8,1013.5
2023-08-18,Delhi,28.61,77.21,8,Monsoon,Clear,31.95,7.81,12.01,47.0,1014.4
2023-08-19,Delhi,28.61,77.21,8,Monsoon,Monsoon,32.66,14.03,14.81,59.8,1013.3
2023-08-20,Delhi,28.61,77.21,8,Monsoon,Monsoon,29.53,11.55,12.73,62.1,1010.6
2023-08-21,Delhi,28.61,77.21,8,Monsoon,Monsoon,28.52,8.62,10.86,58.6,1011.6
2023-08-22,Delhi,28.61,77.21,8,Monsoon,Clear,27.73,0.68,6.51,55.9,1017.5
2023-08-23,Delhi,28.61,77.21,8,Monsoon,Monsoon,28.27,32.3,12.19,62.5,1006.1
2023-08-24,Delhi,28.61,77.21,8,Monsoon,Clear,30.61,0.0,4.42,44.7,1011.0
2023-08-25,Delhi,28.61,77.21,8,Monsoon,Clear,28.79,0.0,8.52,64.3,1014.5
2023-08-26,Delhi,28.61,77.21,8,Monsoon,Clear,29.78,0.0,10.38,64.9,1010.6
2023-08-27,Delhi,28.61,77.21,8,Monsoon,Monsoon,29.37,9.69,9.57,66.8,1015.1
2023-08-28,Delhi,28.61,77.21,8,Monsoon,Clear,29.55,2.83,10.6,68.9,1011.5
2023-08-29,Delhi,28.61,77.21,8,Monsoon,Monsoon,27.53,18.22,14.87,65.5,1009.9
2023-08-30,Delhi,28.61,77.21,8,Monsoon,Clear,28.2,6.06,12.4,63.0,1010.8
2023-08-31,Delhi,28.61,77.21,8,Monsoon,Monsoon,25.65,14.14,15.94,59.1,1014.4
2023-09-01,Delhi,28.61,77.21,9,Monsoon,Monsoon,25.32,13.16,12.98,65.8,1009.8
2023-09-02,Delhi,28.61,77.21,9,Monsoon,Monsoon,26.11,8.65,11.42,72.1,1012.2
2023-09-03,Delhi,28.61,77.21,9,Monsoon,Monsoon,26.6,12.45,11.88,61.6,1010.4
2023-09-04,Delhi,28.61,77.21,9,Monsoon,Clear,26.7,0.0,7.07,50.8,1012.4
2023-09-05,Delhi,28.61,77.21,9,Monsoon,Clear,27.45,0.0,6.65,67.9,1016.6
2023-09-06,Delhi,28.61,77.21,9,Monsoon,Clear,29.82,0.0,6.69,44.7,1012.8
2023-09-07,Delhi,28.61,77.21,9,Monsoon,Clear,30.27,0.0,7.29,49.8,1012.8
2023-09-08,Delhi,28.61,77.21,9,Monsoon,Clear,30.32,0.0,7.39,57.4,1011.9
2023-09-09,Delhi,28.61,77.21,9,Monsoon,Clear,32.62,3.1,7.38,54.3,1009.6
2023-09-10,Delhi,28.61,77.21,9,Monsoon,Clear,33.25,7.48,9.14,54.9,1008.8
2023-09-11,Delhi,28.61,77.21,9,Monsoon,Monsoon,31.27,8.85,12.78,57.7,1011.4
2023-09-12,Delhi,28.61,77.21,9,Monsoon,Monsoon,31.03,22.35,11.45,71.4,1012.3
2023-09-13,Delhi,28.61,77.21,9,Monsoon,Clear,31.18,0.0,6.07,59.2,1012.1
2023-09-14,Delhi,28.61,77.21,9,Monsoon,Clear,30.08,0.0,6.87,46.7,1013.2
2023-09-15,Delhi,28.61,77.21,9,Monsoon,Clear,31.16,0.0,4.41,56.2,1012.5
2023-09-16,Delhi,28.61,77.21,9,Monsoon,Clear,30.77,0.0,4.99,53.6,1013.1
2023-09-17,Delhi,28.61,77.21,9,Monsoon,Clear,29.71,0.0,5.79,58.7,1013.3
2023-09-18,Delhi,28.61,77.21,9,Monsoon,Clear,28.69,0.0,5.96,61.3,1012.3
2023-09-19,Delhi,28.61,77.21,9,Monsoon,Clear,28.75,0.0,5.4,55.1,1009.7
2023-09-20,Delhi,28.61,77.21,9,Monsoon,Clear,30.79,3.33,7.64,64.7,1012.3
2023-09-21,Delhi,28.61,77.21,9,Monsoon,Clear,29.29,0.0,6.35,42.7,1011.6
2023-09-22,Delhi,28.61,77.21,9,Monsoon,Clear,29.23,0.0,6.04,50.6,1011.7
2023-09-23,Delhi,28.61,77.21,9,Monsoon,Clear,30.49,0.0,4.38,52.6,1011.3
2023-09-24,Delhi,28.61,77.21,9,Monsoon,Clear,30.49,0.0,6.61,57.6,1014.5
2023-09-25,Delhi,28.61,77.21,9,Monsoon,Clear,29.48,0.0,7.47,54.4,1015.9
2023-09-26,Delhi,28.61,77.21,9,Monsoon,Clear,30.56,7.37,9.33,55.8,1008.4
2023-09-27,Delhi,28.61,77.21,9,Monsoon,Clear,28.62,0.0,8.42,61.2,1013.0
2023-09-28,Delhi,28.61,77.21,9,Monsoon,Clear,30.31,0.0,8.04,52.3,1016.0
2023-09-29,Delhi,28.61,77.21,9,Monsoon,Clear,29.88,4.18,6.43,49.1,1010.8
2023-09-30,Delhi,28.61,77.21,9,Monsoon,Monsoon,30.92,8.04,7.68,71.5,1013.7
2023-10-01,Delhi,28.61,77.21,10,PostMonsoon,Clear,26.22,0.0,6.45,49.3,1013.6
2023-10-02,Delhi,28.61,77.21,10,PostMonsoon,Clear,27.32,0.0,6.83,53.2,1010.3
2023-10-03,Delhi,28.61,77.21,10,PostMonsoon,Clear,26.22,0.0,6.44,63.1,1010.8
2023-10-04,Delhi,28.61,77.21,10,PostMonsoon,Clear,25.04,0.0,7.03,48.8,1009.7
2023-10-05,Delhi,28.61,77.21,10,PostMonsoon,Clear,24.41,0.0,5.68,57.7,1015.7
2023-10-06,Delhi,28.61,77.21,10,PostMonsoon,Clear,23.85,0.0,2.36,40.9,1012.5
2023-10-07,Delhi,28.61,77.21,10,PostMonsoon,Clear,22.47,0.0,4.0,64.1,1016.8
2023-10-08,Delhi,28.61,77.21,10,PostMonsoon,Clear,23.56,0.0,2.98,59.8,1014.7
2023-10-09,Delhi,28.61,77.21,10,PostMonsoon,Clear,26.63,0.0,4.39,51.8,1017.2
2023-10-10,Delhi,28.61,77.21,10,PostMonsoon,Clear,28.65,0.0,4.18,43.4,1012.6
2023-10-11,Delhi,28.61,77.21,10,PostMonsoon,Storm,27.83,139.45,22.61,67.8,1008.8
2023-10-12,Delhi,28.61,77.21,10,PostMonsoon,Clear,25.58,0.0,5.43,48.5,1010.5
2023-10-13,Delhi,28.61,77.21,10,PostMonsoon,Clear,24.34,0.0,6.38,66.3,1011.9
2023-10-14,Delhi,28.61,77.21,10,PostMonsoon,Clear,25.39,0.0,7.35,58.8,1014.0
2023-10-15,Delhi,28.61,77.21,10,PostMonsoon,Clear,25.07,0.0,8.97,63.2,1013.3
2023-10-16,Delhi,28.61,77.21,10,PostMonsoon,Clear,24.3,0.0,5.66,53.4,1013.5
2023-10-17,Delhi,28.61,77.21,10,PostMonsoon,Clear,23.68,0.0,7.98,54.3,1010.8
2023-10-18,Delhi,28.61,77.21,10,PostMonsoon,Clear,24.02,0.0,5.74,64.7,1015.2
2023-10-19,Delhi,28.61,77.21,10,PostMonsoon,Clear,23.03,0.0,7.51,58.7,1014.6
2023-10-20,Delhi,28.61,77.21,10,PostMonsoon,Clear,22.84,0.0,8.41,55.4,1016.7
2023-10-21,Delhi,28.61,77.21,10,PostMonsoon,Clear,21.21,0.0,8.58,53.2,1014.8
2023-10-22,Delhi,28.61,77.21,10,PostMonsoon,Clear,20.1,0.0,7.92,52.5,1012.2
2023-10-23,Delhi,28.61,77.21,10,PostMonsoon,Clear,19.46,0.0,4.83,51.4,1008.8
2023-10-24,Delhi,28.61,77.21,10,PostMonsoon,Clear,21.79,0.0,8.53,59.6,1008.8
2023-10-25,Delhi,28.61,77.21,10,PostMonsoon,Clear,22.55,0.0,6.16,58.1,1010.7
2023-10-26,Delhi,28.61,77.21,10,PostMonsoon,Clear,22.43,0.0,7.16,62.8,1012.2
2023-10-27,Delhi,28.61,77.21,10,PostMonsoon,Clear,22.24,0.0,6.61,62.2,1014.7
2023-10-28,Delhi,28.61,77.21,10,PostMonsoon,Clear,21.99,0.0,2.58,63.6,1012.1
2023-10-29,Delhi,28.61,77.21,10,PostMonsoon,Clear,24.46,0.0,4.6,54.9,1013.0
2023-10-30,Delhi,28.61,77.21,10,PostMonsoon,Clear,25.1,0.0,5.63,47.4,1012.3
2023-10-31,Delhi,28.61,77.21,10,PostMonsoon,Clear,27.2,0.0,4.79,49.8,1011.9
2023-11-01,Delhi,28.61,77.21,11,PostMonsoon,Clear,21.2,0.0,4.56,44.5,1012.7
2023-11-02,Delhi,28.61,77.21,11,PostMonsoon,Clear,19.99,0.0,4.09,61.0,1009.2
2023-11-03,Delhi,28.61,77.21,11,PostMonsoon,Clear,18.68,0.0,4.46,59.9,1012.2
2023-11-04,Delhi,28.61,77.21,11,PostMonsoon,Clear,20.49,0.0,4.29,67.0,1012.9
2023-11-05,Delhi,28.61,77.21,11,PostMonsoon,Clear,19.82,0.0,4.84,52.5,1012.4
2023-11-06,Delhi,28.61,77.21,11,PostMonsoon,Clear,16.44,0.0,7.82,59.3,1014.2
2023-11-07,Delhi,28.61,77.21,11,PostMonsoon,Clear,16.31,0.0,4.64,49.5,1016.1
2023-11-08,Delhi,28.61,77.21,11,PostMonsoon,Clear,16.92,0.0,2.72,52.5,1012.6
2023-11-09,Delhi,28.61,77.21,11,PostMonsoon,Clear,17.38,0.0,2.43,58.4,1014.3
2023-11-10,Delhi,28.61,77.21,11,PostMonsoon,Clear,16.9,0.0,3.0,55.0,1013.9
2023-11-11,Delhi,28.61,77.21,11,PostMonsoon,Clear,17.5,0.0,3.29,62.2,1012.6
2023-11-12,Delhi,28.61,77.21,11,PostMonsoon,Clear,17.67,0.0,4.04,60.1,1013.4
2023-11-13,Delhi,28.61,77.21,11,PostMonsoon,Clear,18.39,0.0,2.79,64.3,1011.1
2023-11-14,Delhi,28.61,77.21,11,PostMonsoon,Clear,18.88,0.0,5.73,65.4,1013.1
2023-11-15,Delhi,28.61,77.21,11,PostMonsoon,Clear,19.0,0.0,5.01,61.2,1013.8
2023-11-16,Delhi,28.61,77.21,11,PostMonsoon,Clear,19.06,0.0,3.52,56.1,1014.7
2023-11-17,Delhi,28.61,77.21,11,PostMonsoon,Clear,16.58,0.0,2.35,61.9,1010.6
2023-11-18,Delhi,28.61,77.21,11,PostMonsoon,Clear,16.99,0.0,3.77,57.9,1011.5
2023-11-19,Delhi,28.61,77.21,11,PostMonsoon,Clear,17.15,0.0,3.92,60.3,1016.3
2023-11-20,Delhi,28.61,77.21,11,PostMonsoon,Clear,18.32,0.0,3.04,71.9,1015.3
2023-11-21,Delhi,28.61,77.21,11,PostMonsoon,Clear,19.17,0.0,6.9,50.4,1011.8
2023-11-22,Delhi,28.61,77.21,11,PostMonsoon,Clear,18.38,0.0,10.5,48.3,1015.7
2023-11-23,Delhi,28.61,77.21,11,PostMonsoon,Clear,18.24,0.0,9.4,48.4,1013.2
2023-11-24,Delhi,28.61,77.21,11,PostMonsoon,Clear,17.88,0.0,10.32,67.4,1014.4
2023-11-25,Delhi,28.61,77.21,11,PostMonsoon,Clear,18.64,0.0,13.43,57.2,1012.0
2023-11-26,Delhi,28.61,77.21,11,PostMonsoon,Clear,17.78,0.0,12.26,54.0,1010.8
2023-11-27,Delhi,28.61,77.21,11,PostMonsoon,Clear,17.18,0.0,9.15,50.0,1012.7
2023-11-28,Delhi,28.61,77.21,11,PostMonsoon,Clear,18.95,0.0,9.77,56.8,1012.4
2023-11-29,Delhi,28.61,77.21,11,PostMonsoon,Clear,19.49,0.0,10.39,48.7,1014.0
2023-11-30,Delhi,28.61,77.21,11,PostMonsoon,Clear,19.19,0.0,9.17,58.6,1010.0
2023-12-01,Delhi,28.61,77.21,12,Winter,Clear,17.62,0.0,8.69,63.0,1015.1
2023-12-02,Delhi,28.61,77.21,12,Winter,Clear,18.38,0.0,6.98,48.7,1011.1
2023-12-03,Delhi,28.61,77.21,12,Winter,Clear,17.58,0.0,8.55,56.5,1010.6
2023-12-04,Delhi,28.61,77.21,12,Winter,Clear,15.66,0.0,4.12,53.3,1013.3
2023-12-05,Delhi,28.61,77.21,12,Winter,Clear,14.23,0.0,4.14,58.9,1014.9
2023-12-06,Delhi,28.61,77.21,12,Winter,Clear,13.7,0.0,5.56,68.9,1010.8
2023-12-07,Delhi,28.61,77.21,12,Winter,Clear,13.72,0.0,8.98,48.3,1009.3
2023-12-08,Delhi,28.61,77.21,12,Winter,Clear,14.37,0.0,9.61,56.5,1013.5
2023-12-09,Delhi,28.61,77.21,12,Winter,Clear,14.2,0.0,6.66,62.3,1013.3
2023-12-10,Delhi,28.61,77.21,12,Winter,Clear,12.97,0.0,3.31,61.8,1012.1
2023-12-11,Delhi,28.61,77.21,12,Winter,Clear,11.15,0.0,5.52,56.9,1013.5
2023-12-12,Delhi,28.61,77.21,12,Winter,Clear,12.99,0.0,5.2,63.3,1012.0
2023-12-13,Delhi,28.61,77.21,12,Winter,Clear,13.22,0.0,7.54,45.7,1013.1
2023-12-14,Delhi,28.61,77.21,12,Winter,Clear,14.92,0.0,4.39,62.7,1010.3
2023-12-15,Delhi,28.61,77.21,12,Winter,Clear,12.02,0.0,4.49,64.2,1012.6
2023-12-16,Delhi,28.61,77.21,12,Winter,Clear,13.27,0.0,5.75,56.0,1011.9
2023-12-17,Delhi,28.61,77.21,12,Winter,Convective,14.17,10.75,8.67,69.5,1013.5
2023-12-18,Delhi,28.61,77.21,12,Winter,Clear,16.76,0.0,8.7,52.8,1013.2
2023-12-19,Delhi,28.61,77.21,12,Winter,Clear,16.2,0.0,6.26,65.0,1011.9
2023-12-20,Delhi,28.61,77.21,12,Winter,Clear,16.39,0.0,4.23,52.7,1009.5
2023-12-21,Delhi,28.61,77.21,12,Winter,Clear,17.49,0.0,5.83,47.4,1013.8
2023-12-22,Delhi,28.61,77.21,12,Winter,Clear,14.15,0.0,5.91,71.1,1011.9
2023-12-23,Delhi,28.61,77.21,12,Winter,Clear,14.84,0.0,5.3,61.8,1014.3
2023-12-24,Delhi,28.61,77.21,12,Winter,Clear,15.86,0.0,4.43,60.3,1011.9
2023-12-25,Delhi,28.61,77.21,12,Winter,Clear,15.39,0.0,6.32,46.4,1009.8
2023-12-26,Delhi,28.61,77.21,12,Winter,Clear,16.23,0.0,6.56,51.0,1010.1
2023-12-27,Delhi,28.61,77.21,12,Winter,Clear,16.34,0.0,3.67,67.9,1014.7
2023-12-28,Delhi,28.61,77.21,12,Winter,Clear,15.45,0.0,3.52,55.8,1012.9
2023-12-29,Delhi,28.61,77.21,12,Winter,Clear,15.17,3.51,6.88,38.7,1014.9
2023-12-30,Delhi,28.61,77.21,12,Winter,Clear,15.71,0.0,6.46,54.6,1011.6
2023-12-31,Delhi,28.61,77.21,12,Winter,Clear,15.21,0.0,7.88,50.8,1013.2
2024-01-01,Delhi,28.61,77.21,1,Winter,Clear,14.99,0.0,6.8,50.0,1015.8
2024-01-02,Delhi,28.61,77.21,1,Winter,Clear,12.6,0.0,6.48,65.2,1013.7
2024-01-03,Delhi,28.61,77.21,1,Winter,Clear,12.29,0.0,8.22,57.2,1014.5
2024-01-04,Delhi,28.61,77.21,1,Winter,Clear,11.99,0.0,6.52,73.1,1012.9
2024-01-05,Delhi,28.61,77.21,1,Winter,Clear,12.42,0.0,6.27,65.4,1011.2
2024-01-06,Delhi,28.61,77.21,1,Winter,Clear,11.58,0.0,9.25,57.5,1014.3
2024-01-07,Delhi,28.61,77.21,1,Winter,Clear,11.66,0.0,8.82,61.2,1014.2
2024-01-08,Delhi,28.61,77.21,1,Winter,Clear,11.51,0.0,6.93,60.1,1013.9
2024-01-09,Delhi,28.61,77.21,1,Winter,Clear,12.32,0.0,6.55,63.3,1010.7
2024-01-10,Delhi,28.61,77.21,1,Winter,Clear,12.47,0.0,7.13,56.3,1014.1
2024-01-11,Delhi,28.61,77.21,1,Winter,Clear,12.92,0.0,7.96,63.9,1009.3
2024-01-12,Delhi,28.61,77.21,1,Winter,Clear,12.34,0.0,7.8,44.7,1014.0
2024-01-13,Delhi,28.61,77.21,1,Winter,Clear,12.26,0.0,7.49,52.8,1012.2
2024-01-14,Delhi,28.61,77.21,1,Winter,Clear,12.15,0.0,5.52,60.1,1016.4
2024-01-15,Delhi,28.61,77.21,1,Winter,Clear,14.01,0.0,6.16,63.6,1014.6
2024-01-16,Delhi,28.61,77.21,1,Winter,Clear,14.13,0.0,3.76,57.2,1016.2
2024-01-17,Delhi,28.61,77.21,1,Winter,Clear,13.1,0.0,3.76,43.8,1016.5
2024-01-18,Delhi,28.61,77.21,1,Winter,Clear,13.63,0.0,5.98,54.1,1012.7
2024-01-19,Delhi,28.61,77.21,1,Winter,Clear,12.96,0.0,6.77,53.1,1015.1
2024-01-20,Delhi,28.61,77.21,1,Winter,Clear,13.38,0.0,8.4,56.4,1012.7
2024-01-21,Delhi,28.61,77.21,1,Winter,Clear,12.42,0.0,9.28,55.0,1015.1
2024-01-22,Delhi,28.61,77.21,1,Winter,Clear,12.21,0.0,10.17,50.4,1012.5
2024-01-23,Delhi,28.61,77.21,1,Winter,Clear,12.2,0.0,7.88,68.6,1013.4
2024-01-24,Delhi,28.61,77.21,1,Winter,Clear,14.25,0.0,4.65,50.3,1012.6
2024-01-25,Delhi,28.61,77.21,1,Winter,Clear,13.87,0.0,7.11,60.1,1011.3
2024-01-26,Delhi,28.61,77.21,1,Winter,Clear,12.96,0.0,6.02,62.4,1014.2
2024-01-27,Delhi,28.61,77.21,1,Winter,Clear,10.26,0.0,5.85,54.8,1012.6
2024-01-28,Delhi,28.61,77.21,1,Winter,Clear,11.86,0.0,2.87,62.2,1016.7
2024-01-29,Delhi,28.61,77.21,1,Winter,Clear,10.5,0.0,3.67,61.2,1013.7
2024-01-30,Delhi,28.61,77.21,1,Winter,Clear,13.47,0.0,6.0,57.5,1012.7
2024-01-31,Delhi,28.61,77.21,1,Winter,Clear,14.18,0.0,7.59,59.6,1014.0
2024-02-01,Delhi,28.61,77.21,2,Winter,Clear,20.76,0.0,8.6,56.3,1013.0
2024-02-02,Delhi,28.61,77.21,2,Winter,Clear,20.82,0.0,8.9,59.1,1011.4
2024-02-03,Delhi,28.61,77.21,2,Winter,Clear,19.67,0.0,10.28,59.8,1014.8
2024-02-04,Delhi,28.61,77.21,2,Winter,Clear,20.14,0.0,13.98,66.3,1010.1
2024-02-05,Delhi,28.61,77.21,2,Winter,Clear,19.27,0.0,11.13,59.0,1011.5
2024-02-06,Delhi,28.61,77.21,2,Winter,Clear,19.91,0.0,6.14,66.1,1014.2
2024-02-07,Delhi,28.61,77.21,2,Winter,Clear,19.52,0.0,9.64,62.3,1012.3
2024-02-08,Delhi,28.61,77.21,2,Winter,Clear,20.81,0.0,8.39,62.4,1013.5
2024-02-09,Delhi,28.61,77.21,2,Winter,Clear,19.11,0.0,8.44,53.4,1013.2
2024-02-10,Delhi,28.61,77.21,2,Winter,Clear,18.73,0.0,11.95,55.7,1012.9
2024-02-11,Delhi,28.61,77.21,2,Winter,Clear,18.42,0.0,8.65,51.3,1013.6
2024-02-12,Delhi,28.61,77.21,2,Winter,Clear,18.25,0.0,8.86,50.3,1010.7
2024-02-13,Delhi,28.61,77.21,2,Winter,Clear,17.15,0.0,8.23,45.6,1009.6
2024-02-14,Delhi,28.61,77.21,2,Winter,Clear,16.33,0.0,7.94,59.9,1013.3
2024-02-15,Delhi,28.61,77.21,2,Winter,Clear,17.21,0.0,10.25,68.6,1011.6
2024-02-16,Delhi,28.61,77.21,2,Winter,Clear,16.63,0.0,8.0,66.3,1011.4
2024-02-17,Delhi,28.61,77.21,2,Winter,Clear,20.05,0.0,8.78,48.0,1013.7
2024-02-18,Delhi,28.61,77.21,2,Winter,Clear,18.9,0.0,9.93,56.5,1012.8
2024-02-19,Delhi,28.61,77.21,2,Winter,Clear,17.83,0.0,9.99,55.6,1009.8
2024-02-20,Delhi,28.61,77.21,2,Winter,Clear,15.66,0.0,11.36,64.2,1013.8
2024-02-21,Delhi,28.61,77.21,2,Winter,Clear,16.95,0.0,9.91,64.2,1017.8
2024-02-22,Delhi,28.61,77.21,2,Winter,Clear,14.73,0.0,10.01,61.8,1011.2
2024-02-23,Delhi,28.61,77.21,2,Winter,Clear,16.72,0.0,8.37,51.8,1013.4
2024-02-24,Delhi,28.61,77.21,2,Winter,Clear,15.63,0.0,9.11,58.2,1015.3
2024-02-25,Delhi,28.61,77.21,2,Winter,Clear,16.18,0.0,10.76,58.1,1012.3
2024-02-26,Delhi,28.61,77.21,2,Winter,Clear,14.88,0.0,8.27,41.0,1011.6
2024-02-27,Delhi,28.61,77.21,2,Winter,Clear,16.45,0.0,8.66,50.1,1013.5
2024-02-28,Delhi,28.61,77.21,2,Winter,Clear,16.75,0.0,10.39,60.5,1016.4
2024-02-29,Delhi,28.61,77.21,2,Winter,Convective,17.77,16.13,11.61,60.6,1009.2
2024-03-01,Delhi,28.61,77.21,3,Summer,Clear,25.39,0.0,8.11,55.5,1015.7
2024-03-02,Delhi,28.61,77.21,3,Summer,Clear,23.77,0.0,7.72,61.5,1011.5
2024-03-03,Delhi,28.61,77.21,3,Summer,Clear,24.86,0.0,9.16,61.2,1015.0
2024-03-04,Delhi,28.61,77.21,3,Summer,Clear,24.69,0.0,8.39,60.6,1012.6
2024-03-05,Delhi,28.61,77.21,3,Summer,Clear,24.3,0.0,10.32,67.7,1012.1
2024-03-06,Delhi,28.61,77.21,3,Summer,Clear,22.84,0.0,8.23,64.0,1012.5
2024-03-07,Delhi,28.61,77.21,3,Summer,Clear,25.56,0.0,10.14,60.4,1013.4
2024-03-08,Delhi,28.61,77.21,3,Summer,Heatwave,26.26,0.0,7.73,66.3,1016.1
2024-03-09,Delhi,28.61,77.21,3,Summer,Clear,25.74,0.0,9.01,61.6,1012.8
2024-03-10,Delhi,28.61,77.21,3,Summer,Clear,25.29,0.0,8.55,55.3,1014.9
2024-03-11,Delhi,28.61,77.21,3,Summer,Clear,24.83,0.0,9.43,57.0,1012.1
2024-03-12,Delhi,28.61,77.21,3,Summer,Clear,21.38,0.0,10.24,54.8,1013.0
2024-03-13,Delhi,28.61,77.21,3,Summer,Clear,22.71,0.0,11.1,60.6,1015.2
2024-03-14,Delhi,28.61,77.21,3,Summer,Clear,20.4,0.0,8.69,57.3,1011.4
2024-03-15,Delhi,28.61,77.21,3,Summer,Clear,22.92,0.0,6.82,59.1,1011.9
2024-03-16,Delhi,28.61,77.21,3,Summer,Clear,22.68,0.0,6.56,55.5,1013.7
2024-03-17,Delhi,28.61,77.21,3,Summer,Clear,24.56,0.0,4.74,50.7,1013.5
2024-03-18,Delhi,28.61,77.21,3,Summer,Clear,23.56,0.0,5.61,56.7,1014.2
2024-03-19,Delhi,28.61,77.21,3,Summer,Clear,22.28,0.0,7.47,59.3,1016.1
2024-03-20,Delhi,28.61,77.21,3,Summer,Clear,24.05,0.0,7.96,60.1,1012.9
2024-03-21,Delhi,28.61,77.21,3,Summer,Clear,24.09,0.0,6.81,56.1,1013.4
2024-03-22,Delhi,28.61,77.21,3,Summer,Heatwave,25.83,0.0,5.49,56.2,1013.9
2024-03-23,Delhi,28.61,77.21,3,Summer,Clear,25.45,0.0,4.75,59.7,1012.3
2024-03-24,Delhi,28.61,77.21,3,Summer,Heatwave,26.0,0.0,6.16,47.0,1011.9
2024-03-25,Delhi,28.61,77.21,3,Summer,Heatwave,26.01,0.0,7.66,49.4,1013.1
2024-03-26,Delhi,28.61,77.21,3,Summer,Clear,25.18,0.0,7.94,45.5,1013.9
2024-03-27,Delhi,28.61,77.21,3,Summer,Clear,24.6,0.0,7.98,65.4,1016.2
2024-03-28,Delhi,28.61,77.21,3,Summer,Clear,23.25,0.0,11.27,62.1,1011.0
2024-03-29,Delhi,28.61,77.21,3,Summer,Clear,22.91,0.0,10.7,67.3,1009.9
2024-03-30,Delhi,28.61,77.21,3,Summer,Clear,24.59,0.0,11.77,62.7,1013.6
2024-03-31,Delhi,28.61,77.21,3,Summer,Clear,25.22,0.0,10.55,50.3,1010.3
2024-04-01,Delhi,28.61,77.21,4,Summer,Heatwave,31.97,0.0,6.26,52.3,1013.8
2024-04-02,Delhi,28.61,77.21,4,Summer,Clear,30.87,0.0,6.93,56.3,1014.8
2024-04-03,Delhi,28.61,77.21,4,Summer,Heatwave,32.78,0.0,9.32,49.1,1011.0
2024-04-04,Delhi,28.61,77.21,4,Summer,Convective,31.48,10.12,12.62,56.3,1011.6
2024-04-05,Delhi,28.61,77.21,4,Summer,Heatwave,33.3,0.0,10.05,55.8,1015.2
2024-04-06,Delhi,28.61,77.21,4,Summer,Clear,31.33,0.0,9.08,49.5,1011.7
2024-04-07,Delhi,28.61,77.21,4,Summer,Clear,30.3,0.0,11.5,48.1,1011.1
2024-04-08,Delhi,28.61,77.21,4,Summer,Clear,29.22,0.0,9.88,59.7,1012.3
2024-04-09,Delhi,28.61,77.21,4,Summer,Clear,29.75,0.0,10.78,49.2,1010.4
2024-04-10,Delhi,28.61,77.21,4,Summer,Clear,27.56,0.0,10.41,63.8,1011.6
2024-04-11,Delhi,28.61,77.21,4,Summer,Clear,27.23,0.0,12.54,59.8,1012.0
2024-04-12,Delhi,28.61,77.21,4,Summer,Clear,28.64,0.0,10.22,50.9,1012.7
2024-04-13,Delhi,28.61,77.21,4,Summer,Clear,28.64,0.0,11.01,72.9,1011.8
2024-04-14,Delhi,28.61,77.21,4,Summer,Clear,28.3,0.0,9.19,45.7,1008.5
2024-04-15,Delhi,28.61,77.21,4,Summer,Clear,28.68,0.0,10.21,50.3,1011.8
2024-04-16,Delhi,28.61,77.21,4,Summer,Clear,28.52,0.0,11.66,46.8,1014.8
2024-04-17,Delhi,28.61,77.21,4,Summer,Clear,29.15,0.0,12.29,63.9,1012.3
2024-04-18,Delhi,28.61,77.21,4,Summer,Clear,30.23,0.0,11.68,63.2,1015.7
2024-04-19,Delhi,28.61,77.21,4,Summer,Clear,27.7,0.0,11.84,61.0,1011.4
2024-04-20,Delhi,28.61,77.21,4,Summer,Clear,28.39,0.0,12.87,61.6,1014.8
2024-04-21,Delhi,28.61,77.21,4,Summer,Clear,28.3,0.0,13.06,60.8,1016.2
2024-04-22,Delhi,28.61,77.21,4,Summer,Clear,28.36,0.0,14.98,54.9,1010.0
2024-04-23,Delhi,28.61,77.21,4,Summer,Clear,29.17,0.0,12.6,55.4,1013.2
2024-04-24,Delhi,28.61,77.21,4,Summer,Clear,28.76,0.0,12.78,54.6,1017.0
2024-04-25,Delhi,28.61,77.21,4,Summer,Clear,27.28,0.0,9.12,61.3,1009.7
2024-04-26,Delhi,28.61,77.21,4,Summer,Clear,28.5,0.0,9.47,58.5,1013.0
2024-04-27,Delhi,28.61,77.21,4,Summer,Clear,29.22,0.0,12.54,51.8,1014.3
2024-04-28,Delhi,28.61,77.21,4,Summer,Clear,28.77,0.0,12.48,57.6,1013.8
2024-04-29,Delhi,28.61,77.21,4,Summer,Clear,28.89,0.0,13.12,69.1,1012.7
2024-04-30,Delhi,28.61,77.21,4,Summer,Clear,27.95,0.0,11.28,61.1,1013.2
2024-05-01,Delhi,28.61,77.21,5,Summer,Clear,31.39,0.0,13.15,40.4,1009.9
2024-05-02,Delhi,28.61,77.21,5,Summer,Clear,31.93,0.0,12.63,60.4,1014.5
2024-05-03,Delhi,28.61,77.21,5,Summer,Clear,31.12,0.0,14.07,68.0,1014.4
2024-05-04,Delhi,28.61,77.21,5,Summer,Clear,30.81,0.0,13.11,56.0,1011.5
2024-05-05,Delhi,28.61,77.21,5,Summer,Clear,31.67,0.0,14.29,51.2,1015.0
2024-05-06,Delhi,28.61,77.21,5,Summer,Clear,32.32,0.0,12.85,64.0,1013.3
2024-05-07,Delhi,28.61,77.21,5,Summer,Clear,33.42,0.0,11.02,53.7,1015.7
2024-05-08,Delhi,28.61,77.21,5,Summer,Clear,35.38,0.0,12.34,54.2,1013.7
2024-05-09,Delhi,28.61,77.21,5,Summer,Heatwave,36.55,0.0,12.43,49.7,1014.3
2024-05-10,Delhi,28.61,77.21,5,Summer,Clear,35.15,0.0,10.25,56.1,1012.1
2024-05-11,Delhi,28.61,77.21,5,Summer,Clear,34.69,0.0,11.95,60.2,1016.1
2024-05-12,Delhi,28.61,77.21,5,Summer,Clear,34.59,0.0,10.0,50.4,1017.0
2024-05-13,Delhi,28.61,77.21,5,Summer,Clear,34.11,0.0,9.1,60.4,1012.6
2024-05-14,Delhi,28.61,77.21,5,Summer,Clear,32.5,0.0,9.07,59.5,1012.2
2024-05-15,Delhi,28.61,77.21,5,Summer,Clear,34.29,0.0,9.99,56.3,1012.3
2024-05-16,Delhi,28.61,77.21,5,Summer,Clear,35.24,0.0,13.04,44.6,1014.3
2024-05-17,Delhi,28.61,77.21,5,Summer,Clear,34.84,0.0,9.95,58.6,1012.8
2024-05-18,Delhi,28.61,77.21,5,Summer,Clear,34.3,0.0,10.97,46.1,1013.0
2024-05-19,Delhi,28.61,77.21,5,Summer,Clear,32.4,0.0,11.47,51.1,1012.7
2024-05-20,Delhi,28.61,77.21,5,Summer,Clear,33.36,0.0,12.92,62.5,1013.8
2024-05-21,Delhi,28.61,77.21,5,Summer,Clear,32.49,0.0,12.38,49.3,1013.7
2024-05-22,Delhi,28.61,77.21,5,Summer,Clear,32.91,0.0,12.26,59.0,1010.4
2024-05-23,Delhi,28.61,77.21,5,Summer,Clear,32.98,0.0,10.69,60.0,1010.5
2024-05-24,Delhi,28.61,77.21,5,Summer,Clear,32.54,0.0,8.82,59.7,1010.3
2024-05-25,Delhi,28.61,77.21,5,Summer,Clear,32.62,0.0,13.21,58.3,1013.8
2024-05-26,Delhi,28.61,77.21,5,Summer,Clear,31.11,0.0,11.98,62.1,1012.1
2024-05-27,Delhi,28.61,77.21,5,Summer,Clear,32.31,0.0,12.31,56.4,1014.6
2024-05-28,Delhi,28.61,77.21,5,Summer,Clear,32.15,0.0,13.64,46.4,1011.6
2024-05-29,Delhi,28.61,77.21,5,Summer,Clear,32.3,0.0,12.12,68.2,1012.4
2024-05-30,Delhi,28.61,77.21,5,Summer,Clear,32.6,0.0,11.17,69.5,1012.8
2024-05-31,Delhi,28.61,77.21,5,Summer,Clear,34.55,0.0,11.07,59.0,1011.3
2024-06-01,Delhi,28.61,77.21,6,Summer,Clear,33.89,0.0,13.61,64.3,1009.3
2024-06-02,Delhi,28.61,77.21,6,Summer,Convective,34.63,11.86,12.69,56.5,1010.0
2024-06-03,Delhi,28.61,77.21,6,Summer,Clear,32.78,0.0,13.09,60.1,1013.2
2024-06-04,Delhi,28.61,77.21,6,Summer,Clear,31.84,0.0,15.07,53.7,1013.5
2024-06-05,Delhi,28.61,77.21,6,Summer,Clear,31.85,0.0,17.21,46.4,1010.7
2024-06-06,Delhi,28.61,77.21,6,Summer,Clear,33.84,0.0,15.03,54.7,1014.7
2024-06-07,Delhi,28.61,77.21,6,Summer,Heatwave,37.47,0.0,13.85,44.4,1011.7
2024-06-08,Delhi,28.61,77.21,6,Summer,Heatwave,37.08,0.0,13.84,51.5,1009.0
2024-06-09,Delhi,28.61,77.21,6,Summer,Clear,35.6,0.0,15.32,66.2,1011.9
2024-06-10,Delhi,28.61,77.21,6,Summer,Clear,33.38,0.0,17.42,56.2,1014.7
2024-06-11,Delhi,28.61,77.21,6,Summer,Clear,32.4,0.0,17.49,64.5,1014.8
2024-06-12,Delhi,28.61,77.21,6,Summer,Clear,33.97,0.0,17.76,65.5,1013.3
2024-06-13,Delhi,28.61,77.21,6,Summer,Clear,32.62,0.0,16.77,56.2,1013.3
2024-06-14,Delhi,28.61,77.21,6,Summer,Clear,33.36,0.0,14.08,56.3,1013.8
2024-06-15,Delhi,28.61,77.21,6,Summer,Clear,32.07,1.95,12.72,54.8,1011.4
2024-06-16,Delhi,28.61,77.21,6,Summer,Clear,32.65,0.0,13.71,63.7,1011.9
2024-06-17,Delhi,28.61,77.21,6,Summer,Clear,32.96,0.0,12.4,58.3,1012.0
2024-06-18,Delhi,28.61,77.21,6,Summer,Clear,31.9,0.0,11.5,62.7,1010.9
2024-06-19,Delhi,28.61,77.21,6,Summer,Clear,32.07,0.0,13.08,58.2,1014.9
2024-06-20,Delhi,28.61,77.21,6,Summer,Clear,32.72,0.0,12.42,50.2,1010.9
2024-06-21,Delhi,28.61,77.21,6,Summer,Clear,32.7,0.0,10.15,50.4,1016.3
2024-06-22,Delhi,28.61,77.21,6,Summer,Heatwave,36.4,0.0,12.67,50.2,1010.9
2024-06-23,Delhi,28.61,77.21,6,Summer,Heatwave,36.76,2.4,12.09,56.7,1015.3
2024-06-24,Delhi,28.61,77.21,6,Summer,Heatwave,37.01,0.0,10.39,62.9,1016.5
2024-06-25,Delhi,28.61,77.21,6,Summer,Clear,33.96,0.0,12.17,56.8,1012.6
2024-06-26,Delhi,28.61,77.21,6,Summer,Clear,35.68,0.0,13.27,55.3,1012.1
2024-06-27,Delhi,28.61,77.21,6,Summer,Heatwave,36.53,0.0,10.32,54.7,1012.6
2024-06-28,Delhi,28.61,77.21,6,Summer,Clear,34.77,3.65,11.39,52.9,1012.7
2024-06-29,Delhi,28.61,77.21,6,Summer,Clear,34.43,7.26,13.49,52.4,1012.0
2024-06-30,Delhi,28.61,77.21,6,Summer,Clear,33.95,2.81,12.07,66.4,1011.9
2024-07-01,Delhi,28.61,77.21,7,Monsoon,Monsoon,30.4,28.06,14.65,56.9,1008.4
2024-07-02,Delhi,28.61,77.21,7,Monsoon,Monsoon,31.12,10.5,10.37,52.9,1011.7
2024-07-03,Delhi,28.61,77.21,7,Monsoon,Monsoon,31.59,24.39,14.58,58.4,1010.9
2024-07-04,Delhi,28.61,77.21,7,Monsoon,Monsoon,33.15,27.93,16.74,71.4,1011.6
2024-07-05,Delhi,28.61,77.21,7,Monsoon,Clear,34.02,6.6,10.99,62.1,1013.3
2024-07-06,Delhi,28.61,77.21,7,Monsoon,Clear,32.76,4.94,11.36,66.1,1011.0
2024-07-07,Delhi,28.61,77.21,7,Monsoon,Clear,33.2,0.0,10.9,51.2,1013.4
2024-07-08,Delhi,28.61,77.21,7,Monsoon,Clear,32.24,0.0,12.47,56.9,1015.9
2024-07-09,Delhi,28.61,77.21,7,Monsoon,Clear,31.96,0.0,13.28,47.3,1015.7
2024-07-10,Delhi,28.61,77.21,7,Monsoon,Clear,33.2,0.0,12.43,57.1,1015.0
2024-07-11,Delhi,28.61,77.21,7,Monsoon,Monsoon,33.98,8.87,12.43,61.2,1015.6
2024-07-12,Delhi,28.61,77.21,7,Monsoon,Monsoon,33.36,15.59,11.99,66.7,1014.6
2024-07-13,Delhi,28.61,77.21,7,Monsoon,Monsoon,31.03,9.99,11.7,56.9,1014.3
2024-07-14,Delhi,28.61,77.21,7,Monsoon,Clear,29.87,2.96,9.93,53.7,1013.8
2024-07-15,Delhi,28.61,77.21,7,Monsoon,Clear,31.25,0.0,13.17,69.4,1010.0
2024-07-16,Delhi,28.61,77.21,7,Monsoon,Clear,32.1,0.0,11.44,49.3,1014.5
2024-07-17,Delhi,28.61,77.21,7,Monsoon,Clear,31.86,0.0,14.23,63.0,1010.9
2024-07-18,Delhi,28.61,77.21,7,Monsoon,Clear,31.78,0.0,13.26,50.1,1015.5
2024-07-19,Delhi,28.61,77.21,7,Monsoon,Clear,28.73,0.0,13.25,47.9,1012.6
2024-07-20,Delhi,28.61,77.21,7,Monsoon,Clear,29.84,0.0,11.22,59.9,1015.0
2024-07-21,Delhi,28.61,77.21,7,Monsoon,Clear,29.41,0.0,8.47,54.1,1012.7
2024-07-22,Delhi,28.61,77.21,7,Monsoon,Monsoon,30.61,29.07,13.17,70.7,1011.2
2024-07-23,Delhi,28.61,77.21,7,Monsoon,Monsoon,31.19,12.17,8.68,54.7,1010.1
2024-07-24,Delhi,28.61,77.21,7,Monsoon,Clear,31.03,1.46,8.51,54.5,1010.5
2024-07-25,Delhi,28.61,77.21,7,Monsoon,Monsoon,29.19,19.63,12.47,60.4,1011.2
2024-07-26,Delhi,28.61,77.21,7,Monsoon,Clear,28.7,5.75,8.99,60.4,1015.0
2024-07-27,Delhi,28.61,77.21,7,Monsoon,Monsoon,28.82,8.12,11.14,66.1,1013.3
2024-07-28,Delhi,28.61,77.21,7,Monsoon,Monsoon,29.53,8.7,13.66,59.3,1011.7
2024-07-29,Delhi,28.61,77.21,7,Monsoon,Monsoon,29.5,9.86,13.88,61.8,1011.2
2024-07-30,Delhi,28.61,77.21,7,Monsoon,Clear,28.95,7.15,11.07,54.6,1012.7
2024-07-31,Delhi,28.61,77.21,7,Monsoon,Clear,29.81,3.87,12.67,61.4,1012.6
2024-08-01,Delhi,28.61,77.21,8,Monsoon,Monsoon,30.48,21.71,11.15,59.4,1010.9
2024-08-02,Delhi,28.61,77.21,8,Monsoon,Monsoon,29.77,23.24,13.13,64.5,1009.9
2024-08-03,Delhi,28.61,77.21,8,Monsoon,Monsoon,29.9,19.34,8.32,70.3,1008.3
2024-08-04,Delhi,28.61,77.21,8,Monsoon,Monsoon,30.16,13.67,6.54,57.6,1009.3
2024-08-05,Delhi,28.61,77.21,8,Monsoon,Monsoon,31.33,16.56,10.69,63.2,1012.2
2024-08-06,Delhi,28.61,77.21,8,Monsoon,Clear,32.13,6.35,10.77,54.4,1013.6
2024-08-07,Delhi,28.61,77.21,8,Monsoon,Monsoon,31.53,12.29,10.04,50.2,1010.1
2024-08-08,Delhi,28.61,77.21,8,Monsoon,Clear,30.33,4.66,8.63,61.9,1013.5
2024-08-09,Delhi,28.61,77.21,8,Monsoon,Clear,30.49,0.0,8.78,60.0,1011.9
2024-08-10,Delhi,28.61,77.21,8,Monsoon,Monsoon,30.99,20.59,11.08,61.9,1010.0
2024-08-11,Delhi,28.61,77.21,8,Monsoon,Monsoon,29.79,18.9,11.04,56.5,1010.5
2024-08-12,Delhi,28.61,77.21,8,Monsoon,Monsoon,29.13,9.84,9.62,61.7,1010.0
2024-08-13,Delhi,28.61,77.21,8,Monsoon,Clear,29.86,0.0,11.69,56.4,1011.4
2024-08-14,Delhi,28.61,77.21,8,Monsoon,Clear,30.94,0.0,10.11,57.1,1011.0
2024-08-15,Delhi,28.61,77.21,8,Monsoon,Clear,29.43,2.26,11.29,56.0,1012.0
2024-08-16,Delhi,28.61,77.21,8,Monsoon,Monsoon,30.49,34.92,17.91,57.4,1007.7
2024-08-17,Delhi,28.61,77.21,8,Monsoon,Clear,30.51,1.02,11.61,55.3,1010.6
2024-08-18,Delhi,28.61,77.21,8,Monsoon,Monsoon,30.54,11.16,12.49,50.9,1010.7
2024-08-19,Delhi,28.61,77.21,8,Monsoon,Monsoon,30.24,19.97,13.31,50.4,1010.9
2024-08-20,Delhi,28.61,77.21,8,Monsoon,Monsoon,31.62,16.97,14.86,56.9,1010.0
2024-08-21,Delhi,28.61,77.21,8,Monsoon,Monsoon,29.95,13.48,13.6,60.0,1012.4
2024-08-22,Delhi,28.61,77.21,8,Monsoon,Clear,29.6,0.0,11.17,56.5,1010.5
2024-08-23,Delhi,28.61,77.21,8,Monsoon,Clear,31.2,0.0,10.48,43.6,1012.6
2024-08-24,Delhi,28.61,77.21,8,Monsoon,Clear,30.09,0.0,10.63,56.5,1011.1
2024-08-25,Delhi,28.61,77.21,8,Monsoon,Clear,32.93,0.0,8.5,59.6,1011.6
2024-08-26,Delhi,28.61,77.21,8,Monsoon,Clear,31.99,0.0,8.07,59.0,1012.1
2024-08-27,Delhi,28.61,77.21,8,Monsoon,Monsoon,32.69,8.62,8.93,51.3,1010.1
2024-08-28,Delhi,28.61,77.21,8,Monsoon,Clear,31.77,3.78,8.16,45.8,1010.6
2024-08-29,Delhi,28.61,77.21,8,Monsoon,Monsoon,30.1,14.11,9.19,58.7,1010.7
2024-08-30,Delhi,28.61,77.21,8,Monsoon,Clear,29.23,5.11,5.57,59.1,1012.6
2024-08-31,Delhi,28.61,77.21,8,Monsoon,Clear,28.11,1.21,8.12,47.9,1010.7
2024-09-01,Delhi,28.61,77.21,9,Monsoon,Clear,26.21,0.0,7.58,51.8,1015.6
2024-09-02,Delhi,28.61,77.21,9,Monsoon,Clear,26.92,0.0,6.93,56.9,1012.7
2024-09-03,Delhi,28.61,77.21,9,Monsoon,Monsoon,28.39,8.98,8.89,70.3,1012.2
2024-09-04,Delhi,28.61,77.21,9,Monsoon,Clear,26.85,0.0,6.83,48.8,1013.9
2024-09-05,Delhi,28.61,77.21,9,Monsoon,Clear,27.01,0.0,8.18,59.2,1015.2
2024-09-06,Delhi,28.61,77.21,9,Monsoon,Clear,28.79,0.0,6.66,60.7,1010.7
2024-09-07,Delhi,28.61,77.21,9,Monsoon,Clear,28.96,0.0,7.65,58.5,1014.1
2024-09-08,Delhi,28.61,77.21,9,Monsoon,Monsoon,27.59,34.21,14.4,67.2,1015.3
2024-09-09,Delhi,28.61,77.21,9,Monsoon,Clear,29.59,0.0,12.24,59.4,1010.5
2024-09-10,Delhi,28.61,77.21,9,Monsoon,Clear,29.59,0.0,9.84,53.6,1014.0
2024-09-11,Delhi,28.61,77.21,9,Monsoon,Monsoon,29.62,15.97,9.84,59.2,1010.8
2024-09-12,Delhi,28.61,77.21,9,Monsoon,Clear,31.13,2.36,4.96,45.5,1013.4
2024-09-13,Delhi,28.61,77.21,9,Monsoon,Clear,31.84,1.37,5.37,56.8,1013.5
2024-09-14,Delhi,28.61,77.21,9,Monsoon,Clear,30.59,3.89,6.86,56.5,1012.2
2024-09-15,Delhi,28.61,77.21,9,Monsoon,Clear,30.03,0.0,7.15,44.5,1013.5
2024-09-16,Delhi,28.61,77.21,9,Monsoon,Clear,28.69,0.0,6.65,66.6,1017.6
2024-09-17,Delhi,28.61,77.21,9,Monsoon,Monsoon,29.18,11.14,7.39,51.1,1009.5
2024-09-18,Delhi,28.61,77.21,9,Monsoon,Clear,29.05,0.0,7.39,58.2,1012.5
2024-09-19,Delhi,28.61,77.21,9,Monsoon,Monsoon,31.16,33.11,16.43,68.8,1009.1
2024-09-20,Delhi,28.61,77.21,9,Monsoon,Clear,31.39,1.9,13.28,66.0,1015.5
2024-09-21,Delhi,28.61,77.21,9,Monsoon,Monsoon,31.73,17.22,14.73,55.9,1011.7
2024-09-22,Delhi,28.61,77.21,9,Monsoon,Clear,30.71,0.0,11.38,56.5,1014.6
2024-09-23,Delhi,28.61,77.21,9,Monsoon,Clear,30.56,0.0,10.89,58.3,1016.5
2024-09-24,Delhi,28.61,77.21,9,Monsoon,Clear,29.85,0.0,9.39,63.1,1016.6
2024-09-25,Delhi,28.61,77.21,9,Monsoon,Clear,30.64,0.0,9.42,53.3,1012.6
2024-09-26,Delhi,28.61,77.21,9,Monsoon,Clear,30.34,7.36,9.64,58.1,1010.2
2024-09-27,Delhi,28.61,77.21,9,Monsoon,Clear,29.91,3.65,7.84,52.0,1011.3
2024-09-28,Delhi,28.61,77.21,9,Monsoon,Clear,28.83,0.0,7.26,63.6,1011.9
2024-09-29,Delhi,28.61,77.21,9,Monsoon,Monsoon,29.55,27.51,14.7,58.4,1010.4
2024-09-30,Delhi,28.61,77.21,9,Monsoon,Clear,30.04,3.29,12.04,57.1,1012.4
2024-10-01,Delhi,28.61,77.21,10,PostMonsoon,Clear,26.29,0.0,7.66,57.1,1011.1
2024-10-02,Delhi,28.61,77.21,10,PostMonsoon,Clear,26.42,0.0,7.71,58.7,1013.4
2024-10-03,Delhi,28.61,77.21,10,PostMonsoon,Clear,27.89,0.0,6.94,60.4,1014.5
2024-10-04,Delhi,28.61,77.21,10,PostMonsoon,Clear,26.59,0.0,6.74,59.4,1014.9
2024-10-05,Delhi,28.61,77.21,10,PostMonsoon,Clear,26.62,0.0,6.19,51.7,1013.0
2024-10-06,Delhi,28.61,77.21,10,PostMonsoon,Clear,24.97,0.0,6.67,65.4,1014.7
2024-10-07,Delhi,28.61,77.21,10,PostMonsoon,Clear,24.12,0.0,6.34,65.3,1012.6
2024-10-08,Delhi,28.61,77.21,10,PostMonsoon,Clear,23.83,0.0,5.17,56.5,1012.6
2024-10-09,Delhi,28.61,77.21,10,PostMonsoon,Clear,23.94,0.0,4.71,54.2,1014.3
2024-10-10,Delhi,28.61,77.21,10,PostMonsoon,Clear,24.15,0.0,5.6,49.6,1013.5
2024-10-11,Delhi,28.61,77.21,10,PostMonsoon,Clear,23.81,0.0,2.2,60.4,1011.5
2024-10-12,Delhi,28.61,77.21,10,PostMonsoon,Clear,25.42,0.0,5.98,55.9,1014.9
2024-10-13,Delhi,28.61,77.21,10,PostMonsoon,Clear,24.95,0.0,4.84,51.2,1010.5
2024-10-14,Delhi,28.61,77.21,10,PostMonsoon,Clear,24.29,0.0,1.5,59.2,1013.7
2024-10-15,Delhi,28.61,77.21,10,PostMonsoon,Clear,25.68,0.0,3.64,54.5,1012.2
2024-10-16,Delhi,28.61,77.21,10,PostMonsoon,Clear,25.25,0.0,3.57,60.5,1012.1
2024-10-17,Delhi,28.61,77.21,10,PostMonsoon,Clear,24.43,0.0,6.6,55.0,1016.5
2024-10-18,Delhi,28.61,77.21,10,PostMonsoon,Clear,24.73,0.0,5.68,64.1,1011.9
2024-10-19,Delhi,28.61,77.21,10,PostMonsoon,Clear,25.56,0.0,5.32,58.0,1012.0
2024-10-20,Delhi,28.61,77.21,10,PostMonsoon,Clear,25.1,0.0,5.09,52.9,1014.3
2024-10-21,Delhi,28.61,77.21,10,PostMonsoon,Clear,24.51,0.0,6.22,57.3,1012.4
2024-10-22,Delhi,28.61,77.21,10,PostMonsoon,Clear,23.47,0.0,7.13,60.8,1012.6
2024-10-23,Delhi,28.61,77.21,10,PostMonsoon,Clear,24.39,0.0,6.77,55.6,1015.2
2024-10-24,Delhi,28.61,77.21,10,PostMonsoon,Clear,25.98,0.0,5.58,54.9,1011.2
2024-10-25,Delhi,28.61,77.21,10,PostMonsoon,Clear,25.52,0.0,7.88,48.7,1012.0
2024-10-26,Delhi,28.61,77.21,10,PostMonsoon,Clear,25.46,0.0,7.51,64.0,1010.2
2024-10-27,Delhi,28.61,77.21,10,PostMonsoon,Clear,24.4,0.0,9.02,57.4,1014.0
2024-10-28,Delhi,28.61,77.21,10,PostMonsoon,Clear,26.38,0.0,7.88,55.7,1013.1
2024-10-29,Delhi,28.61,77.21,10,PostMonsoon,Clear,27.73,0.0,6.21,49.9,1011.4
2024-10-30,Delhi,28.61,77.21,10,PostMonsoon,Clear,26.46,0.0,3.56,50.6,1012.6
2024-10-31,Delhi,28.61,77.21,10,PostMonsoon,Clear,26.41,0.0,4.65,46.7,1011.8
2024-11-01,Delhi,28.61,77.21,11,PostMonsoon,Clear,20.07,0.0,3.8,55.0,1008.5
2024-11-02,Delhi,28.61,77.21,11,PostMonsoon,Clear,18.84,0.0,3.77,73.9,1013.4
2024-11-03,Delhi,28.61,77.21,11,PostMonsoon,Clear,19.61,0.0,4.6,52.3,1012.9
2024-11-04,Delhi,28.61,77.21,11,PostMonsoon,Clear,20.12,0.0,5.82,62.4,1010.2
2024-11-05,Delhi,28.61,77.21,11,PostMonsoon,Clear,21.28,0.0,3.58,54.6,1014.2
2024-11-06,Delhi,28.61,77.21,11,PostMonsoon,Clear,20.33,0.0,2.65,56.2,1011.4
2024-11-07,Delhi,28.61,77.21,11,PostMonsoon,Clear,18.43,0.0,4.53,55.2,1012.6
2024-11-08,Delhi,28.61,77.21,11,PostMonsoon,Clear,20.13,0.0,7.08,58.5,1013.8
2024-11-09,Delhi,28.61,77.21,11,PostMonsoon,Clear,19.69,0.0,5.82,55.2,1014.9
2024-11-10,Delhi,28.61,77.21,11,PostMonsoon,Clear,21.8,0.0,4.84,52.5,1012.2
2024-11-11,Delhi,28.61,77.21,11,PostMonsoon,Clear,20.57,0.0,3.68,55.8,1011.8
2024-11-12,Delhi,28.61,77.21,11,PostMonsoon,Clear,19.96,0.0,2.28,54.2,1014.6
2024-11-13,Delhi,28.61,77.21,11,PostMonsoon,Clear,19.74,0.0,2.48,49.1,1010.6
2024-11-14,Delhi,28.61,77.21,11,PostMonsoon,Clear,20.34,0.0,4.98,47.9,1012.4
2024-11-15,Delhi,28.61,77.21,11,PostMonsoon,Clear,19.47,0.0,6.23,57.0,1014.0
2024-11-16,Delhi,28.61,77.21,11,PostMonsoon,Clear,20.16,0.0,7.3,59.3,1011.5
2024-11-17,Delhi,28.61,77.21,11,PostMonsoon,Clear,21.2,0.0,5.77,57.0,1014.9
2024-11-18,Delhi,28.61,77.21,11,PostMonsoon,Clear,19.67,0.0,5.18,57.7,1014.1
2024-11-19,Delhi,28.61,77.21,11,PostMonsoon,Clear,19.22,0.0,5.61,54.4,1012.5
2024-11-20,Delhi,28.61,77.21,11,PostMonsoon,Clear,20.4,0.0,4.9,51.5,1011.7
2024-11-21,Delhi,28.61,77.21,11,PostMonsoon,Clear,19.56,0.0,2.77,51.1,1010.5
2024-11-22,Delhi,28.61,77.21,11,PostMonsoon,Clear,19.06,0.0,2.49,55.1,1014.2
2024-11-23,Delhi,28.61,77.21,11,PostMonsoon,Clear,18.25,0.0,1.95,52.4,1010.7
2024-11-24,Delhi,28.61,77.21,11,PostMonsoon,Clear,18.03,0.0,4.37,59.3,1014.9
2024-11-25,Delhi,28.61,77.21,11,PostMonsoon,Clear,18.91,0.0,5.74,53.7,1011.3
2024-11-26,Delhi,28.61,77.21,11,PostMonsoon,Clear,18.4,0.0,3.72,58.1,1011.9
2024-11-27,Delhi,28.61,77.21,11,PostMonsoon,Clear,19.86,0.0,3.44,53.7,1014.4
2024-11-28,Delhi,28.61,77.21,11,PostMonsoon,Clear,18.27,0.0,3.64,62.6,1012.0
2024-11-29,Delhi,28.61,77.21,11,PostMonsoon,Clear,19.2,0.0,1.5,54.7,1010.3
2024-11-30,Delhi,28.61,77.21,11,PostMonsoon,Clear,18.35,0.0,2.78,47.1,1013.3
2024-12-01,Delhi,28.61,77.21,12,Winter,Clear,14.96,0.0,6.88,65.0,1011.1
2024-12-02,Delhi,28.61,77.21,12,Winter,Clear,15.52,0.0,8.2,64.8,1014.6
2024-12-03,Delhi,28.61,77.21,12,Winter,Clear,14.64,0.0,4.13,55.7,1008.5
2024-12-04,Delhi,28.61,77.21,12,Winter,Clear,15.28,0.0,4.32,50.1,1013.2
2024-12-05,Delhi,28.61,77.21,12,Winter,Clear,16.02,0.0,3.14,49.4,1012.7
2024-12-06,Delhi,28.61,77.21,12,Winter,Clear,14.47,0.0,3.65,52.6,1012.9
2024-12-07,Delhi,28.61,77.21,12,Winter,Clear,12.54,0.0,5.07,54.8,1013.9
2024-12-08,Delhi,28.61,77.21,12,Winter,Clear,14.99,0.0,6.39,59.9,1010.8
2024-12-09,Delhi,28.61,77.21,12,Winter,Clear,17.62,0.0,5.24,46.3,1011.9
2024-12-10,Delhi,28.61,77.21,12,Winter,Clear,17.61,0.0,5.68,57.4,1012.7
2024-12-11,Delhi,28.61,77.21,12,Winter,Clear,16.37,0.0,7.48,50.0,1010.3
2024-12-12,Delhi,28.61,77.21,12,Winter,Clear,16.61,0.0,5.47,45.7,1012.2
2024-12-13,Delhi,28.61,77.21,12,Winter,Clear,15.15,0.0,5.45,50.0,1011.1
2024-12-14,Delhi,28.61,77.21,12,Winter,Clear,16.51,0.0,5.09,53.6,1012.7
2024-12-15,Delhi,28.61,77.21,12,Winter,Clear,15.69,0.0,7.3,45.5,1014.4
2024-12-16,Delhi,28.61,77.21,12,Winter,Clear,14.73,0.0,5.6,58.3,1011.7
2024-12-17,Delhi,28.61,77.21,12,Winter,Clear,14.04,0.0,5.64,49.7,1011.6
2024-12-18,Delhi,28.61,77.21,12,Winter,Clear,13.67,0.0,3.28,54.7,1013.2
2024-12-19,Delhi,28.61,77.21,12,Winter,Clear,13.04,0.0,6.94,65.5,1009.6
2024-12-20,Delhi,28.61,77.21,12,Winter,Clear,12.96,0.0,4.49,59.9,1012.6
2024-12-21,Delhi,28.61,77.21,12,Winter,Clear,13.28,0.0,2.19,55.1,1012.3
2024-12-22,Delhi,28.61,77.21,12,Winter,Clear,14.37,0.0,2.38,58.1,1014.6
2024-12-23,Delhi,28.61,77.21,12,Winter,Clear,14.92,0.0,4.1,58.3,1013.1
2024-12-24,Delhi,28.61,77.21,12,Winter,Clear,12.52,0.0,4.56,57.6,1013.6
2024-12-25,Delhi,28.61,77.21,12,Winter,Clear,12.31,0.0,6.56,65.0,1011.2
2024-12-26,Delhi,28.61,77.21,12,Winter,Clear,13.6,0.0,7.84,59.8,1013.0
2024-12-27,Delhi,28.61,77.21,12,Winter,Clear,14.58,0.0,6.74,59.2,1010.4
2024-12-28,Delhi,28.61,77.21,12,Winter,Clear,15.64,0.0,3.46,54.1,1012.4
2024-12-29,Delhi,28.61,77.21,12,Winter,Clear,14.62,0.0,5.43,63.6,1015.1
2024-12-30,Delhi,28.61,77.21,12,Winter,Clear,13.66,0.0,6.79,55.4,1014.6
2024-12-31,Delhi,28.61,77.21,12,Winter,Clear,14.01,0.0,7.45,53.5,1013.1
2025-01-01,Delhi,28.61,77.21,1,Winter,Clear,13.1,0.0,8.25,57.9,1014.9
2025-01-02,Delhi,28.61,77.21,1,Winter,Clear,15.12,0.0,6.66,63.3,1014.5
2025-01-03,Delhi,28.61,77.21,1,Winter,Clear,14.25,0.0,7.54,54.3,1011.4
2025-01-04,Delhi,28.61,77.21,1,Winter,Clear,15.98,0.0,6.68,64.0,1012.7
2025-01-05,Delhi,28.61,77.21,1,Winter,Clear,15.26,0.0,6.03,51.3,1010.4
2025-01-06,Delhi,28.61,77.21,1,Winter,Clear,16.4,0.0,4.29,55.2,1011.2
2025-01-07,Delhi,28.61,77.21,1,Winter,Clear,14.09,0.0,6.85,51.0,1012.4
2025-01-08,Delhi,28.61,77.21,1,Winter,Clear,13.92,0.0,7.91,50.5,1012.7
2025-01-09,Delhi,28.61,77.21,1,Winter,Clear,13.21,0.0,5.74,52.6,1009.3
2025-01-10,Delhi,28.61,77.21,1,Winter,Clear,12.08,0.0,6.39,52.5,1013.7
2025-01-11,Delhi,28.61,77.21,1,Winter,Clear,11.36,0.0,6.12,55.5,1012.6
2025-01-12,Delhi,28.61,77.21,1,Winter,Clear,11.35,0.0,4.43,60.2,1014.5
2025-01-13,Delhi,28.61,77.21,1,Winter,Clear,11.22,0.0,4.41,62.4,1013.9
2025-01-14,Delhi,28.61,77.21,1,Winter,Clear,9.91,0.0,7.56,54.2,1014.7
2025-01-15,Delhi,28.61,77.21,1,Winter,Clear,11.72,0.0,6.89,40.8,1011.5
2025-01-16,Delhi,28.61,77.21,1,Winter,Clear,12.28,0.0,7.72,56.4,1012.7
2025-01-17,Delhi,28.61,77.21,1,Winter,Clear,11.57,0.0,6.3,59.7,1017.2
2025-01-18,Delhi,28.61,77.21,1,Winter,Convective,11.88,26.5,12.95,63.1,1011.2
2025-01-19,Delhi,28.61,77.21,1,Winter,Clear,13.6,0.0,8.86,55.9,1012.1
2025-01-20,Delhi,28.61,77.21,1,Winter,Clear,12.59,0.0,10.71,55.0,1013.1
2025-01-21,Delhi,28.61,77.21,1,Winter,Clear,12.9,0.0,9.38,66.7,1010.5
2025-01-22,Delhi,28.61,77.21,1,Winter,Clear,12.8,0.0,7.99,56.8,1014.2
2025-01-23,Delhi,28.61,77.21,1,Winter,Clear,10.21,0.0,7.97,59.8,1012.1
2025-01-24,Delhi,28.61,77.21,1,Winter,Clear,9.78,0.0,9.57,53.0,1013.1
2025-01-25,Delhi,28.61,77.21,1,Winter,Clear,10.64,0.0,9.74,63.5,1011.2
2025-01-26,Delhi,28.61,77.21,1,Winter,Clear,11.05,0.0,10.46,65.0,1013.9
2025-01-27,Delhi,28.61,77.21,1,Winter,Clear,10.95,0.0,10.16,48.2,1012.0
2025-01-28,Delhi,28.61,77.21,1,Winter,Clear,11.86,0.0,6.69,54.2,1014.3
2025-01-29,Delhi,28.61,77.21,1,Winter,Clear,11.56,0.0,6.78,67.9,1016.9
2025-01-30,Delhi,28.61,77.21,1,Winter,Clear,12.84,0.0,6.59,56.4,1015.2
2025-01-31,Delhi,28.61,77.21,1,Winter,Clear,11.66,0.0,6.05,58.1,1015.2
2025-02-01,Delhi,28.61,77.21,2,Winter,Convective,16.04,19.46,9.72,63.8,1010.6
2025-02-02,Delhi,28.61,77.21,2,Winter,Convective,17.25,10.27,6.11,71.9,1010.7
2025-02-03,Delhi,28.61,77.21,2,Winter,Clear,15.93,0.0,5.14,55.6,1011.3
2025-02-04,Delhi,28.61,77.21,2,Winter,Clear,17.4,0.0,3.57,64.2,1009.8
2025-02-05,Delhi,28.61,77.21,2,Winter,Clear,17.74,0.0,2.74,65.3,1012.4
2025-02-06,Delhi,28.61,77.21,2,Winter,Clear,17.95,0.0,4.12,56.2,1011.9
2025-02-07,Delhi,28.61,77.21,2,Winter,Clear,17.78,0.0,7.5,68.6,1012.7
2025-02-08,Delhi,28.61,77.21,2,Winter,Clear,16.3,0.0,9.12,62.0,1014.2
2025-02-09,Delhi,28.61,77.21,2,Winter,Clear,16.87,0.0,9.33,63.2,1012.4
2025-02-10,Delhi,28.61,77.21,2,Winter,Clear,17.83,0.0,7.91,55.7,1013.9
2025-02-11,Delhi,28.61,77.21,2,Winter,Clear,18.59,0.0,8.05,54.4,1010.5
2025-02-12,Delhi,28.61,77.21,2,Winter,Clear,19.4,0.0,7.1,61.2,1015.2
2025-02-13,Delhi,28.61,77.21,2,Winter,Clear,17.55,0.0,6.63,55.9,1016.1
2025-02-14,Delhi,28.61,77.21,2,Winter,Clear,16.44,0.0,6.03,58.9,1016.0
2025-02-15,Delhi,28.61,77.21,2,Winter,Clear,16.26,0.0,6.89,68.7,1014.3
2025-02-16,Delhi,28.61,77.21,2,Winter,Clear,16.38,0.0,8.96,63.3,1013.0
2025-02-17,Delhi,28.61,77.21,2,Winter,Clear,15.9,0.0,8.11,55.8,1013.4
2025-02-18,Delhi,28.61,77.21,2,Winter,Clear,15.79,0.0,9.73,63.8,1012.9
2025-02-19,Delhi,28.61,77.21,2,Winter,Clear,16.1,0.0,8.37,54.3,1012.7
2025-02-20,Delhi,28.61,77.21,2,Winter,Clear,16.03,0.0,8.09,60.0,1011.3
2025-02-21,Delhi,28.61,77.21,2,Winter,Clear,16.29,0.0,8.87,60.1,1011.3
2025-02-22,Delhi,28.61,77.21,2,Winter,Clear,18.16,0.0,6.96,54.4,1014.2
2025-02-23,Delhi,28.61,77.21,2,Winter,Clear,16.47,4.37,9.55,62.8,1010.9
2025-02-24,Delhi,28.61,77.21,2,Winter,Clear,17.27,0.0,5.74,55.6,1012.7
2025-02-25,Delhi,28.61,77.21,2,Winter,Clear,17.19,0.0,7.83,66.0,1012.1
2025-02-26,Delhi,28.61,77.21,2,Winter,Clear,18.2,0.0,7.78,56.4,1012.4
2025-02-27,Delhi,28.61,77.21,2,Winter,Clear,19.51,0.0,8.74,64.7,1010.2
2025-02-28,Delhi,28.61,77.21,2,Winter,Clear,21.5,0.0,8.41,54.4,1011.1
2025-03-01,Delhi,28.61,77.21,3,Summer,Heatwave,26.68,0.0,8.35,56.2,1013.5
2025-03-02,Delhi,28.61,77.21,3,Summer,Clear,24.84,0.0,7.97,44.2,1015.7
2025-03-03,Delhi,28.61,77.21,3,Summer,Clear,23.34,0.0,5.11,64.3,1011.7
2025-03-04,Delhi,28.61,77.21,3,Summer,Clear,25.24,0.0,6.47,53.1,1011.0
2025-03-05,Delhi,28.61,77.21,3,Summer,Clear,24.59,0.0,6.77,59.6,1009.9
2025-03-06,Delhi,28.61,77.21,3,Summer,Clear,25.2,0.0,7.28,54.4,1012.7
2025-03-07,Delhi,28.61,77.21,3,Summer,Clear,23.9,0.0,7.03,58.9,1015.3
2025-03-08,Delhi,28.61,77.21,3,Summer,Clear,23.44,0.0,9.29,55.1,1010.2
2025-03-09,Delhi,28.61,77.21,3,Summer,Clear,24.45,0.0,6.47,46.0,1013.0
2025-03-10,Delhi,28.61,77.21,3,Summer,Clear,24.52,0.0,6.99,59.2,1009.6
2025-03-11,Delhi,28.61,77.21,3,Summer,Clear,22.69,0.0,10.36,62.6,1010.9
2025-03-12,Delhi,28.61,77.21,3,Summer,Clear,21.12,0.0,8.18,54.6,1013.7
2025-03-13,Delhi,28.61,77.21,3,Summer,Clear,21.64,0.0,9.78,56.0,1013.2
2025-03-14,Delhi,28.61,77.21,3,Summer,Clear,22.07,0.0,9.97,69.8,1013.4
2025-03-15,Delhi,28.61,77.21,3,Summer,Clear,21.97,0.0,9.12,60.5,1009.4
2025-03-16,Delhi,28.61,77.21,3,Summer,Clear,22.36,0.0,11.36,51.4,1009.7
2025-03-17,Delhi,28.61,77.21,3,Summer,Clear,23.53,0.0,10.42,57.6,1010.4
2025-03-18,Delhi,28.61,77.21,3,Summer,Clear,24.01,0.0,12.17,47.2,1016.5
2025-03-19,Delhi,28.61,77.21,3,Summer,Clear,24.18,0.0,10.66,56.9,1014.9
2025-03-20,Delhi,28.61,77.21,3,Summer,Clear,23.5,0.0,8.02,56.2,1012.3
2025-03-21,Delhi,28.61,77.21,3,Summer,Clear,22.39,0.0,8.97,70.2,1009.7
2025-03-22,Delhi,28.61,77.21,3,Summer,Clear,23.27,0.0,13.26,66.9,1012.0
2025-03-23,Delhi,28.61,77.21,3,Summer,Clear,23.34,0.0,10.23,65.8,1013.7
2025-03-24,Delhi,28.61,77.21,3,Summer,Clear,23.15,0.0,9.67,62.1,1013.4
2025-03-25,Delhi,28.61,77.21,3,Summer,Clear,22.72,0.0,6.72,54.2,1014.4
2025-03-26,Delhi,28.61,77.21,3,Summer,Clear,22.16,0.0,7.75,66.5,1012.4
2025-03-27,Delhi,28.61,77.21,3,Summer,Clear,22.01,0.0,11.39,53.7,1015.0
2025-03-28,Delhi,28.61,77.21,3,Summer,Clear,22.09,0.0,8.93,64.1,1013.5
2025-03-29,Delhi,28.61,77.21,3,Summer,Clear,24.41,0.0,11.26,63.7,1011.7
2025-03-30,Delhi,28.61,77.21,3,Summer,Clear,24.77,0.0,8.87,49.1,1013.7
2025-03-31,Delhi,28.61,77.21,3,Summer,Clear,23.96,0.0,10.03,55.5,1013.7
2025-04-01,Delhi,28.61,77.21,4,Summer,Heatwave,32.04,0.0,9.8,47.7,1013.0
2025-04-02,Delhi,28.61,77.21,4,Summer,Clear,31.47,0.0,10.86,53.4,1011.6
2025-04-03,Delhi,28.61,77.21,4,Summer,Clear,31.23,0.0,9.57,52.6,1013.6
2025-04-04,Delhi,28.61,77.21,4,Summer,Heatwave,31.88,0.0,13.46,50.9,1013.5
2025-04-05,Delhi,28.61,77.21,4,Summer,Heatwave,32.56,2.24,12.02,64.0,1009.4
2025-04-06,Delhi,28.61,77.21,4,Summer,Heatwave,31.86,0.0,10.4,64.4,1010.8
2025-04-07,Delhi,28.61,77.21,4,Summer,Heatwave,34.61,0.0,6.45,58.8,1012.5
2025-04-08,Delhi,28.61,77.21,4,Summer,Heatwave,32.07,0.0,9.75,48.0,1015.6
2025-04-09,Delhi,28.61,77.21,4,Summer,Heatwave,31.94,0.0,9.57,66.3,1014.2
2025-04-10,Delhi,28.61,77.21,4,Summer,Heatwave,31.86,0.0,9.52,50.7,1011.6
2025-04-11,Delhi,28.61,77.21,4,Summer,Clear,30.5,0.0,11.28,58.8,1010.5
2025-04-12,Delhi,28.61,77.21,4,Summer,Clear,30.53,0.0,10.14,52.8,1014.3
2025-04-13,Delhi,28.61,77.21,4,Summer,Clear,29.05,0.0,12.03,62.6,1011.3
2025-04-14,Delhi,28.61,77.21,4,Summer,Convective,29.09,11.66,16.46,55.8,1015.1
2025-04-15,Delhi,28.61,77.21,4,Summer,Clear,31.62,0.0,14.07,63.1,1013.8
2025-04-16,Delhi,28.61,77.21,4,Summer,Heatwave,32.82,0.0,14.55,54.2,1013.2
2025-04-17,Delhi,28.61,77.21,4,Summer,Heatwave,34.78,0.0,11.03,64.9,1014.4
2025-04-18,Delhi,28.61,77.21,4,Summer,Heatwave,35.06,0.0,10.76,48.5,1012.3
2025-04-19,Delhi,28.61,77.21,4,Summer,Heatwave,33.35,0.0,9.2,59.6,1014.3
2025-04-20,Delhi,28.61,77.21,4,Summer,Heatwave,32.95,0.0,8.41,60.0,1012.8
2025-04-21,Delhi,28.61,77.21,4,Summer,Heatwave,32.51,0.0,8.0,51.3,1016.5
2025-04-22,Delhi,28.61,77.21,4,Summer,Clear,31.78,0.0,8.7,43.5,1012.5
2025-04-23,Delhi,28.61,77.21,4,Summer,Heatwave,32.7,0.0,10.78,57.5,1012.2
2025-04-24,Delhi,28.61,77.21,4,Summer,Heatwave,32.56,0.0,7.53,51.6,1013.9
2025-04-25,Delhi,28.61,77.21,4,Summer,Clear,31.76,0.0,10.28,54.0,1009.5
2025-04-26,Delhi,28.61,77.21,4,Summer,Heatwave,32.69,0.0,7.55,58.1,1014.0
2025-04-27,Delhi,28.61,77.21,4,Summer,Heatwave,32.27,0.0,9.85,46.4,1013.3
2025-04-28,Delhi,28.61,77.21,4,Summer,Clear,31.03,0.0,9.57,54.0,1015.2
2025-04-29,Delhi,28.61,77.21,4,Summer,Clear,28.07,0.0,10.32,57.9,1011.9
2025-04-30,Delhi,28.61,77.21,4,Summer,Clear,28.52,0.0,10.25,56.7,1014.7
2025-05-01,Delhi,28.61,77.21,5,Summer,Clear,33.51,0.0,12.19,45.0,1011.7
2025-05-02,Delhi,28.61,77.21,5,Summer,Clear,33.58,0.0,12.61,68.7,1013.8
2025-05-03,Delhi,28.61,77.21,5,Summer,Clear,32.57,0.0,11.65,53.7,1009.4
2025-05-04,Delhi,28.61,77.21,5,Summer,Clear,33.48,0.0,11.97,56.2,1015.5
2025-05-05,Delhi,28.61,77.21,5,Summer,Clear,33.38,0.0,13.31,65.3,1012.2
2025-05-06,Delhi,28.61,77.21,5,Summer,Clear,34.85,0.0,11.08,46.8,1013.5
2025-05-07,Delhi,28.61,77.21,5,Summer,Clear,34.43,0.0,12.42,53.1,1011.1
2025-05-08,Delhi,28.61,77.21,5,Summer,Clear,34.42,0.0,14.31,54.3,1013.8
2025-05-09,Delhi,28.61,77.21,5,Summer,Clear,34.95,0.0,14.12,50.0,1015.2
2025-05-10,Delhi,28.61,77.21,5,Summer,Clear,33.85,0.0,14.19,56.0,1008.9
2025-05-11,Delhi,28.61,77.21,5,Summer,Clear,33.67,0.0,13.38,49.2,1014.2
2025-05-12,Delhi,28.61,77.21,5,Summer,Clear,32.82,0.0,11.54,66.0,1015.0
2025-05-13,Delhi,28.61,77.21,5,Summer,Clear,32.67,0.0,11.91,57.4,1015.4
2025-05-14,Delhi,28.61,77.21,5,Summer,Clear,34.09,0.0,13.98,58.6,1013.6
2025-05-15,Delhi,28.61,77.21,5,Summer,Clear,34.08,0.0,13.63,60.9,1011.0
2025-05-16,Delhi,28.61,77.21,5,Summer,Clear,31.87,0.0,14.49,71.7,1016.2
2025-05-17,Delhi,28.61,77.21,5,Summer,Clear,32.87,0.0,12.95,53.1,1013.8
2025-05-18,Delhi,28.61,77.21,5,Summer,Clear,33.51,0.0,13.16,42.3,1011.8
2025-05-19,Delhi,28.61,77.21,5,Summer,Clear,33.0,0.0,11.45,60.6,1012.4
2025-05-20,Delhi,28.61,77.21,5,Summer,Clear,32.48,0.0,13.0,61.3,1012.0
2025-05-21,Delhi,28.61,77.21,5,Summer,Clear,34.25,0.0,12.72,58.0,1011.9
2025-05-22,Delhi,28.61,77.21,5,Summer,Clear,33.55,0.0,13.71,67.2,1012.1
2025-05-23,Delhi,28.61,77.21,5,Summer,Clear,33.04,0.0,13.08,64.1,1015.9
2025-05-24,Delhi,28.61,77.21,5,Summer,Clear,33.71,0.0,13.95,56.3,1012.2
2025-05-25,Delhi,28.61,77.21,5,Summer,Heatwave,35.89,0.0,12.69,65.4,1013.6
2025-05-26,Delhi,28.61,77.21,5,Summer,Clear,34.07,0.0,10.69,50.4,1013.2
2025-05-27,Delhi,28.61,77.21,5,Summer,Clear,33.44,0.0,11.21,57.6,1012.7
2025-05-28,Delhi,28.61,77.21,5,Summer,Clear,33.88,0.0,10.84,58.3,1011.1
2025-05-29,Delhi,28.61,77.21,5,Summer,Convective,34.01,11.24,12.2,65.4,1012.0
2025-05-30,Delhi,28.61,77.21,5,Summer,Convective,34.54,13.64,16.35,66.2,1009.5
2025-05-31,Delhi,28.61,77.21,5,Summer,Clear,35.28,0.0,14.46,63.6,1016.0
2025-06-01,Delhi,28.61,77.21,6,Summer,Heatwave,36.21,0.0,13.2,55.6,1013.2
2025-06-02,Delhi,28.61,77.21,6,Summer,Heatwave,37.34,0.0,14.39,57.2,1013.4
2025-06-03,Delhi,28.61,77.21,6,Summer,Heatwave,36.46,0.0,15.14,48.2,1014.5
2025-06-04,Delhi,28.61,77.21,6,Summer,Convective,35.23,21.35,17.94,67.1,1012.3
2025-06-05,Delhi,28.61,77.21,6,Summer,Convective,35.89,9.78,14.29,63.6,1013.3
2025-06-06,Delhi,28.61,77.21,6,Summer,Convective,35.7,9.86,16.8,61.2,1013.8
2025-06-07,Delhi,28.61,77.21,6,Summer,Clear,35.66,0.0,15.3,59.8,1010.6
2025-06-08,Delhi,28.61,77.21,6,Summer,Clear,34.31,0.0,15.02,55.2,1012.4
2025-06-09,Delhi,28.61,77.21,6,Summer,Clear,33.09,0.0,12.38,59.1,1011.6
2025-06-10,Delhi,28.61,77.21,6,Summer,Clear,33.64,3.73,15.24,59.6,1011.6
2025-06-11,Delhi,28.61,77.21,6,Summer,Clear,32.84,0.0,14.98,65.1,1012.5
2025-06-12,Delhi,28.61,77.21,6,Summer,Clear,33.12,0.0,16.1,60.0,1010.4
2025-06-13,Delhi,28.61,77.21,6,Summer,Clear,34.74,0.0,14.92,52.8,1012.2
2025-06-14,Delhi,28.61,77.21,6,Summer,Clear,33.84,0.0,16.29,64.7,1013.9
2025-06-15,Delhi,28.61,77.21,6,Summer,Clear,31.99,0.0,13.4,64.3,1014.9
2025-06-16,Delhi,28.61,77.21,6,Summer,Clear,32.59,0.0,12.15,59.7,1011.4
2025-06-17,Delhi,28.61,77.21,6,Summer,Clear,31.27,0.0,12.91,58.6,1010.2
2025-06-18,Delhi,28.61,77.21,6,Summer,Clear,28.45,0.0,13.96,59.0,1013.1
2025-06-19,Delhi,28.61,77.21,6,Summer,Convective,29.53,21.59,17.07,62.9,1009.0
2025-06-20,Delhi,28.61,77.21,6,Summer,Convective,30.34,14.22,12.66,66.4,1012.4
2025-06-21,Delhi,28.61,77.21,6,Summer,Clear,31.78,0.0,11.37,69.0,1013.8
2025-06-22,Delhi,28.61,77.21,6,Summer,Clear,33.17,6.9,12.84,72.6,1011.2
2025-06-23,Delhi,28.61,77.21,6,Summer,Clear,33.41,0.0,13.17,57.2,1012.8
2025-06-24,Delhi,28.61,77.21,6,Summer,Clear,33.92,2.61,13.81,64.4,1014.1
2025-06-25,Delhi,28.61,77.21,6,Summer,Clear,33.53,1.23,11.63,64.3,1012.1
2025-06-26,Delhi,28.61,77.21,6,Summer,Clear,34.46,0.0,13.59,57.5,1010.5
2025-06-27,Delhi,28.61,77.21,6,Summer,Clear,35.17,4.46,13.73,58.2,1010.6
2025-06-28,Delhi,28.61,77.21,6,Summer,Clear,34.74,3.56,13.15,56.8,1013.6
2025-06-29,Delhi,28.61,77.21,6,Summer,Clear,35.75,0.0,11.47,47.7,1017.0
2025-06-30,Delhi,28.61,77.21,6,Summer,Convective,34.89,18.05,14.51,56.9,1009.7
2025-07-01,Delhi,28.61,77.21,7,Monsoon,Clear,30.71,0.0,9.13,47.5,1010.2
2025-07-02,Delhi,28.61,77.21,7,Monsoon,Clear,30.57,0.0,11.12,56.4,1012.0
2025-07-03,Delhi,28.61,77.21,7,Monsoon,Clear,32.1,0.0,11.69,59.7,1014.1
2025-07-04,Delhi,28.61,77.21,7,Monsoon,Clear,31.97,0.0,11.64,55.9,1012.6
2025-07-05,Delhi,28.61,77.21,7,Monsoon,Clear,33.63,0.0,9.23,56.3,1014.7
2025-07-06,Delhi,28.61,77.21,7,Monsoon,Clear,32.75,0.0,9.52,54.5,1013.0
2025-07-07,Delhi,28.61,77.21,7,Monsoon,Clear,32.94,0.0,10.43,56.6,1014.9
2025-07-08,Delhi,28.61,77.21,7,Monsoon,Monsoon,31.99,17.86,12.73,67.8,1014.0
2025-07-09,Delhi,28.61,77.21,7,Monsoon,Clear,30.71,5.63,12.27,67.6,1012.5
2025-07-10,Delhi,28.61,77.21,7,Monsoon,Clear,30.76,1.64,12.6,61.3,1012.9
2025-07-11,Delhi,28.61,77.21,7,Monsoon,Clear,30.23,5.28,14.89,60.7,1017.2
2025-07-12,Delhi,28.61,77.21,7,Monsoon,Monsoon,30.76,10.52,13.48,60.7,1012.9
2025-07-13,Delhi,28.61,77.21,7,Monsoon,Clear,32.1,0.0,8.98,64.6,1011.0
2025-07-14,Delhi,28.61,77.21,7,Monsoon,Clear,32.3,0.0,7.53,54.1,1015.0
2025-07-15,Delhi,28.61,77.21,7,Monsoon,Clear,31.68,0.0,8.35,56.8,1015.0
2025-07-16,Delhi,28.61,77.21,7,Monsoon,Clear,31.21,0.0,8.83,50.6,1012.0
2025-07-17,Delhi,28.61,77.21,7,Monsoon,Clear,32.91,0.0,9.77,52.9,1013.1
2025-07-18,Delhi,28.61,77.21,7,Monsoon,Clear,33.06,0.0,11.17,59.0,1013.7
2025-07-19,Delhi,28.61,77.21,7,Monsoon,Clear,31.56,0.0,9.68,56.4,1012.4
2025-07-20,Delhi,28.61,77.21,7,Monsoon,Monsoon,30.93,18.93,13.11,61.9,1011.5
2025-07-21,Delhi,28.61,77.21,7,Monsoon,Clear,30.1,2.76,10.5,57.2,1013.4
2025-07-22,Delhi,28.61,77.21,7,Monsoon,Clear,31.94,4.72,10.5,56.0,1015.6
2025-07-23,Delhi,28.61,77.21,7,Monsoon,Clear,32.52,5.17,10.97,57.3,1013.4
2025-07-24,Delhi,28.61,77.21,7,Monsoon,Clear,32.65,4.25,13.22,46.6,1012.9
2025-07-25,Delhi,28.61,77.21,7,Monsoon,Clear,31.5,4.45,11.99,51.8,1011.7
2025-07-26,Delhi,28.61,77.21,7,Monsoon,Monsoon,31.48,12.87,14.25,54.7,1011.7
2025-07-27,Delhi,28.61,77.21,7,Monsoon,Monsoon,30.24,15.75,15.47,61.8,1010.7
2025-07-28,Delhi,28.61,77.21,7,Monsoon,Monsoon,32.44,8.86,10.73,57.1,1013.0
2025-07-29,Delhi,28.61,77.21,7,Monsoon,Monsoon,32.9,36.56,16.82,65.4,1010.5
2025-07-30,Delhi,28.61,77.21,7,Monsoon,Clear,32.27,1.49,14.18,52.1,1012.0
2025-07-31,Delhi,28.61,77.21,7,Monsoon,Monsoon,32.64,23.22,18.0,63.4,1013.5
2025-08-01,Delhi,28.61,77.21,8,Monsoon,Clear,32.26,6.56,11.01,55.5,1013.3
2025-08-02,Delhi,28.61,77.21,8,Monsoon,Monsoon,31.76,14.59,14.71,65.2,1010.1
2025-08-03,Delhi,28.61,77.21,8,Monsoon,Monsoon,31.53,15.43,13.63,55.5,1010.6
2025-08-04,Delhi,28.61,77.21,8,Monsoon,Monsoon,30.92,9.35,13.66,64.9,1011.8
2025-08-05,Delhi,28.61,77.21,8,Monsoon,Clear,32.07,0.0,11.34,53.0,1016.7
2025-08-06,Delhi,28.61,77.21,8,Monsoon,Clear,31.41,0.0,10.87,56.0,1013.2
2025-08-07,Delhi,28.61,77.21,8,Monsoon,Clear,32.55,0.0,11.67,63.7,1012.6
2025-08-08,Delhi,28.61,77.21,8,Monsoon,Clear,31.01,3.88,11.13,62.0,1011.6
2025-08-09,Delhi,28.61,77.21,8,Monsoon,Monsoon,32.3,16.87,12.75,61.2,1013.0
2025-08-10,Delhi,28.61,77.21,8,Monsoon,Clear,32.58,6.63,9.38,49.0,1013.2
2025-08-11,Delhi,28.61,77.21,8,Monsoon,Monsoon,30.99,23.81,12.88,67.0,1009.3
2025-08-12,Delhi,28.61,77.21,8,Monsoon,Clear,30.18,7.71,9.73,66.3,1011.8
2025-08-13,Delhi,28.61,77.21,8,Monsoon,Clear,30.15,1.57,9.69,52.8,1011.4
2025-08-14,Delhi,28.61,77.21,8,Monsoon,Monsoon,31.41,12.89,12.59,53.3,1010.5
2025-08-15,Delhi,28.61,77.21,8,Monsoon,Clear,29.91,7.58,11.15,58.1,1012.2
2025-08-16,Delhi,28.61,77.21,8,Monsoon,Clear,30.56,0.0,9.42,47.7,1011.5
2025-08-17,Delhi,28.61,77.21,8,Monsoon,Clear,32.16,0.0,5.58,59.9,1014.2
2025-08-18,Delhi,28.61,77.21,8,Monsoon,Clear,29.8,0.0,7.53,59.2,1013.2
2025-08-19,Delhi,28.61,77.21,8,Monsoon,Clear,28.97,0.0,10.52,55.9,1011.9
2025-08-20,Delhi,28.61,77.21,8,Monsoon,Clear,29.35,0.0,10.31,55.8,1012.0
2025-08-21,Delhi,28.61,77.21,8,Monsoon,Clear,29.11,0.0,8.73,55.6,1014.0
2025-08-22,Delhi,28.61,77.21,8,Monsoon,Clear,29.89,3.68,9.41,56.5,1012.0
2025-08-23,Delhi,28.61,77.21,8,Monsoon,Clear,29.66,1.94,8.72,54.2,1012.9
2025-08-24,Delhi,28.61,77.21,8,Monsoon,Monsoon,29.22,10.71,9.94,61.1,1011.7
2025-08-25,Delhi,28.61,77.21,8,Monsoon,Monsoon,28.53,14.63,9.97,61.6,1013.2
2025-08-26,Delhi,28.61,77.21,8,Monsoon,Clear,28.05,0.0,8.49,61.7,1013.0
2025-08-27,Delhi,28.61,77.21,8,Monsoon,Clear,29.76,6.31,7.43,51.4,1012.7
2025-08-28,Delhi,28.61,77.21,8,Monsoon,Monsoon,29.4,18.3,10.35,66.5,1011.4
2025-08-29,Delhi,28.61,77.21,8,Monsoon,Monsoon,28.76,8.9,12.3,53.7,1012.0
2025-08-30,Delhi,28.61,77.21,8,Monsoon,Clear,29.13,4.17,12.33,60.0,1008.6
2025-08-31,Delhi,28.61,77.21,8,Monsoon,Clear,30.3,3.57,10.38,51.3,1010.8
2025-09-01,Delhi,28.61,77.21,9,Monsoon,Clear,29.77,6.39,8.81,61.6,1009.8
2025-09-02,Delhi,28.61,77.21,9,Monsoon,Clear,28.94,0.0,8.84,65.9,1014.0
2025-09-03,Delhi,28.61,77.21,9,Monsoon,Clear,30.37,5.02,11.76,60.5,1011.9
2025-09-04,Delhi,28.61,77.21,9,Monsoon,Monsoon,30.25,15.06,13.43,70.2,1011.5
2025-09-05,Delhi,28.61,77.21,9,Monsoon,Monsoon,29.95,11.53,9.67,61.1,1011.4
2025-09-06,Delhi,28.61,77.21,9,Monsoon,Monsoon,30.42,21.56,12.27,65.5,1011.1
2025-09-07,Delhi,28.61,77.21,9,Monsoon,Monsoon,29.8,16.92,13.04,55.3,1011.0
2025-09-08,Delhi,28.61,77.21,9,Monsoon,Clear,29.27,0.0,6.65,55.2,1014.6
2025-09-09,Delhi,28.61,77.21,9,Monsoon,Clear,30.24,0.0,8.81,62.1,1013.7
2025-09-10,Delhi,28.61,77.21,9,Monsoon,Clear,29.77,5.89,7.93,53.6,1012.5
2025-09-11,Delhi,28.61,77.21,9,Monsoon,Monsoon,28.6,13.33,9.79,68.5,1012.0
2025-09-12,Delhi,28.61,77.21,9,Monsoon,Clear,29.03,5.59,9.39,56.5,1012.0
2025-09-13,Delhi,28.61,77.21,9,Monsoon,Clear,27.48,0.0,5.94,58.0,1013.4
2025-09-14,Delhi,28.61,77.21,9,Monsoon,Clear,27.04,0.0,9.11,65.3,1013.4
2025-09-15,Delhi,28.61,77.21,9,Monsoon,Clear,27.45,0.0,9.87,57.8,1014.8
2025-09-16,Delhi,28.61,77.21,9,Monsoon,Monsoon,29.22,18.45,14.01,60.6,1011.0
2025-09-17,Delhi,28.61,77.21,9,Monsoon,Clear,30.51,0.0,8.4,57.7,1015.1
2025-09-18,Delhi,28.61,77.21,9,Monsoon,Clear,31.34,0.0,9.52,60.5,1015.0
2025-09-19,Delhi,28.61,77.21,9,Monsoon,Clear,32.73,0.0,10.89,58.9,1014.7
2025-09-20,Delhi,28.61,77.21,9,Monsoon,Clear,32.15,0.0,9.7,39.0,1014.7
2025-09-21,Delhi,28.61,77.21,9,Monsoon,Clear,31.21,2.65,7.72,65.6,1015.3
2025-09-22,Delhi,28.61,77.21,9,Monsoon,Clear,29.87,0.0,7.46,59.6,1011.6
2025-09-23,Delhi,28.61,77.21,9,Monsoon,Clear,28.76,0.0,9.47,60.9,1011.9
2025-09-24,Delhi,28.61,77.21,9,Monsoon,Clear,28.87,0.0,6.6,64.1,1014.1
2025-09-25,Delhi,28.61,77.21,9,Monsoon,Clear,29.3,0.0,5.94,53.7,1012.2
2025-09-26,Delhi,28.61,77.21,9,Monsoon,Clear,28.76,0.0,6.26,67.5,1014.4
2025-09-27,Delhi,28.61,77.21,9,Monsoon,Clear,27.85,0.0,8.22,54.7,1013.1
2025-09-28,Delhi,28.61,77.21,9,Monsoon,Clear,28.89,0.0,6.28,60.2,1013.9
2025-09-29,Delhi,28.61,77.21,9,Monsoon,Clear,27.4,0.0,6.36,59.6,1011.3
2025-09-30,Delhi,28.61,77.21,9,Monsoon,Clear,29.38,0.0,4.33,58.1,1012.3
2023-01-01,Chennai,13.08,80.27,1,Winter,Clear,25.0,0.0,9.0,63.1,1016.7
2023-01-02,Chennai,13.08,80.27,1,Winter,Clear,24.54,0.0,11.22,60.7,1013.2
2023-01-03,Chennai,13.08,80.27,1,Winter,Clear,23.65,0.0,8.05,55.9,1013.3
2023-01-04,Chennai,13.08,80.27,1,Winter,Clear,24.81,0.0,7.39,52.9,1012.3
2023-01-05,Chennai,13.08,80.27,1,Winter,Clear,24.59,2.09,8.06,62.0,1013.8
2023-01-06,Chennai,13.08,80.27,1,Winter,Clear,24.58,0.0,8.59,55.5,1016.0
2023-01-07,Chennai,13.08,80.27,1,Winter,Clear,24.03,0.0,9.34,61.8,1012.0
2023-01-08,Chennai,13.08,80.27,1,Winter,Clear,24.62,0.0,8.19,61.3,1011.0
2023-01-09,Chennai,13.08,80.27,1,Winter,Clear,25.66,0.0,9.8,50.2,1012.2
2023-01-10,Chennai,13.08,80.27,1,Winter,Clear,24.79,0.0,7.83,55.7,1014.0
2023-01-11,Chennai,13.08,80.27,1,Winter,Clear,24.53,0.0,10.1,58.0,1016.0
2023-01-12,Chennai,13.08,80.27,1,Winter,Clear,25.5,0.0,12.32,47.0,1012.4
2023-01-13,Chennai,13.08,80.27,1,Winter,Clear,25.22,0.0,11.6,56.4,1015.6
2023-01-14,Chennai,13.08,80.27,1,Winter,Clear,23.95,0.0,8.83,50.3,1014.1
2023-01-15,Chennai,13.08,80.27,1,Winter,Clear,26.26,0.0,6.45,61.3,1011.2
2023-01-16,Chennai,13.08,80.27,1,Winter,Clear,26.45,0.0,6.35,64.4,1014.0
2023-01-17,Chennai,13.08,80.27,1,Winter,Clear,23.72,0.0,8.61,60.2,1012.6
2023-01-18,Chennai,13.08,80.27,1,Winter,Clear,24.0,0.0,7.02,61.2,1011.5
2023-01-19,Chennai,13.08,80.27,1,Winter,Clear,24.64,0.0,9.64,46.8,1012.6
2023-01-20,Chennai,13.08,80.27,1,Winter,Clear,24.44,0.0,8.78,57.5,1012.0
2023-01-21,Chennai,13.08,80.27,1,Winter,Clear,25.59,0.0,7.38,58.7,1011.8
2023-01-22,Chennai,13.08,80.27,1,Winter,Clear,26.25,0.0,7.57,52.0,1013.1
2023-01-23,Chennai,13.08,80.27,1,Winter,Clear,26.36,0.0,7.13,48.2,1013.7
2023-01-24,Chennai,13.08,80.27,1,Winter,Convective,27.32,20.46,12.0,55.0,1012.3
2023-01-25,Chennai,13.08,80.27,1,Winter,Clear,26.94,0.0,8.76,66.0,1012.4
2023-01-26,Chennai,13.08,80.27,1,Winter,Clear,25.85,0.0,9.41,60.6,1010.7
2023-01-27,Chennai,13.08,80.27,1,Winter,Clear,26.41,0.0,11.26,59.2,1012.7
2023-01-28,Chennai,13.08,80.27,1,Winter,Clear,25.03,0.0,9.76,44.1,1008.5
2023-01-29,Chennai,13.08,80.27,1,Winter,Clear,25.34,0.0,10.57,52.2,1015.1
2023-01-30,Chennai,13.08,80.27,1,Winter,Clear,23.69,0.0,8.48,64.0,1010.6
2023-01-31,Chennai,13.08,80.27,1,Winter,Clear,23.45,0.0,13.32,66.6,1013.4
2023-02-01,Chennai,13.08,80.27,2,Winter,Clear,26.87,0.0,13.56,59.5,1013.0
2023-02-02,Chennai,13.08,80.27,2,Winter,Clear,28.18,0.0,12.14,60.4,1017.0
2023-02-03,Chennai,13.08,80.27,2,Winter,Clear,27.84,0.0,9.35,57.4,1011.7
2023-02-04,Chennai,13.08,80.27,2,Winter,Clear,27.7,0.0,11.12,49.3,1015.4
2023-02-05,Chennai,13.08,80.27,2,Winter,Clear,27.9,0.0,11.09,45.8,1012.4
2023-02-06,Chennai,13.08,80.27,2,Winter,Clear,26.25,0.0,8.93,54.3,1013.6
2023-02-07,Chennai,13.08,80.27,2,Winter,Clear,27.12,0.0,6.84,50.9,1011.5
2023-02-08,Chennai,13.08,80.27,2,Winter,Clear,25.76,0.0,6.04,57.6,1014.9
2023-02-09,Chennai,13.08,80.27,2,Winter,Clear,26.27,0.0,4.9,62.1,1012.2
2023-02-10,Chennai,13.08,80.27,2,Winter,Clear,25.53,0.0,7.29,58.9,1014.1
2023-02-11,Chennai,13.08,80.27,2,Winter,Clear,27.79,0.0,7.93,61.3,1015.1
2023-02-12,Chennai,13.08,80.27,2,Winter,Clear,26.15,0.0,11.84,57.2,1013.1
2023-02-13,Chennai,13.08,80.27,2,Winter,Clear,25.83,0.0,12.23,63.4,1012.2
2023-02-14,Chennai,13.08,80.27,2,Winter,Clear,26.41,7.19,13.04,63.9,1012.8
2023-02-15,Chennai,13.08,80.27,2,Winter,Clear,27.4,0.0,11.68,51.8,1012.0
2023-02-16,Chennai,13.08,80.27,2,Winter,Clear,27.63,0.0,8.23,54.6,1013.0
2023-02-17,Chennai,13.08,80.27,2,Winter,Clear,29.9,0.0,7.11,47.7,1011.8
2023-02-18,Chennai,13.08,80.27,2,Winter,Clear,30.38,0.0,9.74,59.8,1012.0
2023-02-19,Chennai,13.08,80.27,2,Winter,Clear,29.08,0.0,8.35,52.3,1010.3
2023-02-20,Chennai,13.08,80.27,2,Winter,Clear,26.56,0.0,10.58,64.7,1012.9
2023-02-21,Chennai,13.08,80.27,2,Winter,Clear,26.69,0.0,8.46,53.3,1013.2
2023-02-22,Chennai,13.08,80.27,2,Winter,Clear,29.21,0.0,9.96,43.0,1010.2
2023-02-23,Chennai,13.08,80.27,2,Winter,Clear,27.16,0.0,7.34,54.7,1011.3
2023-02-24,Chennai,13.08,80.27,2,Winter,Clear,27.06,0.0,7.18,60.5,1012.5
2023-02-25,Chennai,13.08,80.27,2,Winter,Clear,26.97,0.0,9.21,55.8,1014.5
2023-02-26,Chennai,13.08,80.27,2,Winter,Clear,26.32,0.0,8.51,61.2,1013.5
2023-02-27,Chennai,13.08,80.27,2,Winter,Clear,26.76,0.0,6.7,55.4,1015.2
2023-02-28,Chennai,13.08,80.27,2,Winter,Clear,25.31,0.0,5.75,41.4,1012.5
2023-03-01,Chennai,13.08,80.27,3,Summer,Clear,26.6,0.0,8.96,57.9,1011.4
2023-03-02,Chennai,13.08,80.27,3,Summer,Clear,24.87,0.0,8.98,56.7,1012.4
2023-03-03,Chennai,13.08,80.27,3,Summer,Clear,26.54,0.0,10.79,59.0,1011.5
2023-03-04,Chennai,13.08,80.27,3,Summer,Clear,26.28,0.0,9.68,58.0,1011.0
2023-03-05,Chennai,13.08,80.27,3,Summer,Clear,26.56,0.0,10.75,57.9,1013.8
2023-03-06,Chennai,13.08,80.27,3,Summer,Clear,26.35,0.0,9.33,60.0,1013.1
2023-03-07,Chennai,13.08,80.27,3,Summer,Clear,27.01,0.0,9.1,53.0,1014.8
2023-03-08,Chennai,13.08,80.27,3,Summer,Clear,27.22,0.0,8.92,57.7,1012.7
2023-03-09,Chennai,13.08,80.27,3,Summer,Clear,27.12,0.0,10.5,49.0,1014.5
2023-03-10,Chennai,13.08,80.27,3,Summer,Clear,27.06,0.0,8.59,67.0,1011.1
2023-03-11,Chennai,13.08,80.27,3,Summer,Clear,27.01,0.0,9.08,62.7,1011.6
2023-03-12,Chennai,13.08,80.27,3,Summer,Clear,25.65,0.0,10.09,52.7,1012.0
2023-03-13,Chennai,13.08,80.27,3,Summer,Clear,26.41,0.0,9.81,64.7,1013.1
2023-03-14,Chennai,13.08,80.27,3,Summer,Clear,27.51,0.0,8.82,50.1,1013.5
2023-03-15,Chennai,13.08,80.27,3,Summer,Clear,27.26,0.0,10.32,66.4,1012.5
2023-03-16,Chennai,13.08,80.27,3,Summer,Clear,29.74,0.0,10.91,62.6,1014.0
2023-03-17,Chennai,13.08,80.27,3,Summer,Clear,28.75,0.0,10.8,67.6,1013.9
2023-03-18,Chennai,13.08,80.27,3,Summer,Clear,30.56,0.0,10.56,52.4,1013.0
2023-03-19,Chennai,13.08,80.27,3,Summer,Clear,30.1,0.0,13.8,60.3,1011.6
2023-03-20,Chennai,13.08,80.27,3,Summer,Clear,27.5,0.0,13.39,54.6,1008.1
2023-03-21,Chennai,13.08,80.27,3,Summer,Clear,28.17,0.0,11.19,52.0,1014.1
2023-03-22,Chennai,13.08,80.27,3,Summer,Clear,27.98,0.0,13.91,72.1,1011.4
2023-03-23,Chennai,13.08,80.27,3,Summer,Clear,26.92,0.0,11.39,49.9,1013.7
2023-03-24,Chennai,13.08,80.27,3,Summer,Clear,26.84,0.0,12.11,55.6,1011.7
2023-03-25,Chennai,13.08,80.27,3,Summer,Clear,27.92,0.0,11.54,58.9,1013.7
2023-03-26,Chennai,13.08,80.27,3,Summer,Clear,27.89,0.0,12.33,52.6,1013.1
2023-03-27,Chennai,13.08,80.27,3,Summer,Clear,25.89,0.0,13.27,61.6,1012.3
2023-03-28,Chennai,13.08,80.27,3,Summer,Clear,27.23,0.0,12.85,61.2,1012.4
2023-03-29,Chennai,13.08,80.27,3,Summer,Clear,29.23,0.0,13.39,56.6,1013.5
2023-03-30,Chennai,13.08,80.27,3,Summer,Clear,27.77,0.0,12.27,56.0,1015.3
2023-03-31,Chennai,13.08,80.27,3,Summer,Clear,29.16,0.0,13.91,52.7,1012.5
2023-04-01,Chennai,13.08,80.27,4,Summer,Clear,32.44,0.0,13.64,57.2,1014.9
2023-04-02,Chennai,13.08,80.27,4,Summer,Clear,32.29,0.0,8.85,62.2,1015.1
2023-04-03,Chennai,13.08,80.27,4,Summer,Clear,31.8,0.0,9.6,72.0,1010.7
2023-04-04,Chennai,13.08,80.27,4,Summer,Clear,33.01,0.0,7.08,51.5,1013.5
2023-04-05,Chennai,13.08,80.27,4,Summer,Clear,33.03,0.0,6.7,53.2,1011.9
2023-04-06,Chennai,13.08,80.27,4,Summer,Clear,32.76,0.26,5.04,64.8,1012.4
2023-04-07,Chennai,13.08,80.27,4,Summer,Clear,32.89,0.0,9.64,63.4,1013.2
2023-04-08,Chennai,13.08,80.27,4,Summer,Clear,31.44,0.0,11.56,55.0,1012.7
2023-04-09,Chennai,13.08,80.27,4,Summer,Clear,31.47,0.0,9.78,61.4,1013.3
2023-04-10,Chennai,13.08,80.27,4,Summer,Clear,32.06,0.9,10.83,59.4,1012.9
2023-04-11,Chennai,13.08,80.27,4,Summer,Clear,33.89,0.0,10.12,44.2,1015.2
2023-04-12,Chennai,13.08,80.27,4,Summer,Heatwave,36.34,0.0,10.56,61.0,1012.7
2023-04-13,Chennai,13.08,80.27,4,Summer,Heatwave,35.09,0.0,10.26,47.8,1012.2
2023-04-14,Chennai,13.08,80.27,4,Summer,Clear,34.14,0.0,14.58,47.7,1013.6
2023-04-15,Chennai,13.08,80.27,4,Summer,Clear,33.12,5.59,15.1,48.7,1011.1
2023-04-16,Chennai,13.08,80.27,4,Summer,Convective,32.32,10.31,15.79,57.3,1013.3
2023-04-17,Chennai,13.08,80.27,4,Summer,Clear,31.56,0.0,14.63,54.6,1011.1
2023-04-18,Chennai,13.08,80.27,4,Summer,Clear,31.17,0.0,13.26,63.7,1012.7
2023-04-19,Chennai,13.08,80.27,4,Summer,Clear,32.8,0.0,11.32,46.9,1014.9
2023-04-20,Chennai,13.08,80.27,4,Summer,Clear,33.27,0.0,11.59,53.4,1014.5
2023-04-21,Chennai,13.08,80.27,4,Summer,Clear,34.73,0.0,11.4,55.3,1014.3
2023-04-22,Chennai,13.08,80.27,4,Summer,Heatwave,35.98,0.0,9.79,47.8,1012.5
2023-04-23,Chennai,13.08,80.27,4,Summer,Heatwave,35.27,0.0,11.4,43.9,1014.3
2023-04-24,Chennai,13.08,80.27,4,Summer,Heatwave,35.49,0.0,9.97,63.8,1011.5
2023-04-25,Chennai,13.08,80.27,4,Summer,Clear,34.34,0.0,8.72,50.3,1012.4
2023-04-26,Chennai,13.08,80.27,4,Summer,Clear,34.17,0.0,9.44,59.9,1013.2
2023-04-27,Chennai,13.08,80.27,4,Summer,Clear,34.21,0.0,12.25,50.2,1015.9
2023-04-28,Chennai,13.08,80.27,4,Summer,Clear,33.58,0.0,12.25,57.5,1013.0
2023-04-29,Chennai,13.08,80.27,4,Summer,Clear,32.95,0.0,13.16,63.9,1012.8
2023-04-30,Chennai,13.08,80.27,4,Summer,Clear,34.25,1.64,12.05,55.8,1013.3
2023-05-01,Chennai,13.08,80.27,5,Summer,Clear,35.17,0.0,13.27,57.7,1014.3
2023-05-02,Chennai,13.08,80.27,5,Summer,Heatwave,36.82,0.0,11.84,55.6,1014.6
2023-05-03,Chennai,13.08,80.27,5,Summer,Clear,34.84,0.0,12.24,68.2,1012.3
2023-05-04,Chennai,13.08,80.27,5,Summer,Clear,33.84,0.0,13.7,59.3,1012.2
2023-05-05,Chennai,13.08,80.27,5,Summer,Clear,32.0,0.0,11.97,52.8,1013.5
2023-05-06,Chennai,13.08,80.27,5,Summer,Clear,31.89,0.0,12.35,54.3,1011.8
2023-05-07,Chennai,13.08,80.27,5,Summer,Clear,34.06,0.0,10.9,57.1,1012.3
2023-05-08,Chennai,13.08,80.27,5,Summer,Clear,32.81,0.0,10.41,54.9,1012.9
2023-05-09,Chennai,13.08,80.27,5,Summer,Clear,36.11,0.0,12.77,60.2,1013.6
2023-05-10,Chennai,13.08,80.27,5,Summer,Convective,36.86,17.51,14.3,52.7,1014.9
2023-05-11,Chennai,13.08,80.27,5,Summer,Clear,35.63,0.0,12.45,57.5,1013.1
2023-05-12,Chennai,13.08,80.27,5,Summer,Heatwave,37.31,0.0,11.14,57.6,1014.8
2023-05-13,Chennai,13.08,80.27,5,Summer,Heatwave,37.37,0.0,11.19,61.2,1013.7
2023-05-14,Chennai,13.08,80.27,5,Summer,Clear,36.55,0.0,13.22,50.0,1008.2
2023-05-15,Chennai,13.08,80.27,5,Summer,Convective,35.62,21.48,20.25,65.9,1011.4
2023-05-16,Chennai,13.08,80.27,5,Summer,Convective,36.56,8.98,14.89,50.1,1012.3
2023-05-17,Chennai,13.08,80.27,5,Summer,Clear,34.19,3.04,13.16,49.1,1014.6
2023-05-18,Chennai,13.08,80.27,5,Summer,Clear,33.82,0.0,11.72,58.6,1010.3
2023-05-19,Chennai,13.08,80.27,5,Summer,Clear,33.91,0.0,12.15,51.4,1013.0
2023-05-20,Chennai,13.08,80.27,5,Summer,Clear,35.35,0.0,10.58,45.1,1012.1
2023-05-21,Chennai,13.08,80.27,5,Summer,Clear,36.64,0.0,12.0,55.4,1011.2
2023-05-22,Chennai,13.08,80.27,5,Summer,Clear,36.63,0.0,13.62,52.5,1015.7
2023-05-23,Chennai,13.08,80.27,5,Summer,Clear,35.84,0.0,11.19,46.0,1014.8
2023-05-24,Chennai,13.08,80.27,5,Summer,Clear,34.69,0.0,14.79,56.2,1012.0
2023-05-25,Chennai,13.08,80.27,5,Summer,Clear,34.36,0.0,13.56,55.5,1012.8
2023-05-26,Chennai,13.08,80.27,5,Summer,Clear,35.76,0.0,14.43,60.6,1010.2
2023-05-27,Chennai,13.08,80.27,5,Summer,Clear,35.98,0.0,14.56,59.2,1013.2
2023-05-28,Chennai,13.08,80.27,5,Summer,Heatwave,37.16,0.0,13.84,48.9,1012.7
2023-05-29,Chennai,13.08,80.27,5,Summer,Heatwave,37.83,0.0,11.87,56.7,1015.2
2023-05-30,Chennai,13.08,80.27,5,Summer,Heatwave,38.11,0.0,13.09,52.8,1011.3
2023-05-31,Chennai,13.08,80.27,5,Summer,Heatwave,37.08,0.0,13.49,66.1,1016.1
2023-06-01,Chennai,13.08,80.27,6,Summer,Clear,35.7,0.0,18.3,54.5,1012.2
2023-06-02,Chennai,13.08,80.27,6,Summer,Clear,34.21,5.9,19.31,60.8,1013.5
2023-06-03,Chennai,13.08,80.27,6,Summer,Clear,33.19,0.0,20.17,56.5,1014.0
2023-06-04,Chennai,13.08,80.27,6,Summer,Clear,34.32,0.0,16.86,61.3,1013.6
2023-06-05,Chennai,13.08,80.27,6,Summer,Heatwave,36.51,0.0,18.32,59.6,1012.8
2023-06-06,Chennai,13.08,80.27,6,Summer,Clear,35.22,0.0,15.9,54.0,1014.6
2023-06-07,Chennai,13.08,80.27,6,Summer,Convective,35.44,9.74,16.94,57.5,1010.6
2023-06-08,Chennai,13.08,80.27,6,Summer,Clear,34.92,0.0,16.3,46.8,1014.1
2023-06-09,Chennai,13.08,80.27,6,Summer,Clear,34.85,0.0,18.39,52.2,1011.5
2023-06-10,Chennai,13.08,80.27,6,Summer,Clear,34.58,0.0,18.38,55.0,1009.5
2023-06-11,Chennai,13.08,80.27,6,Summer,Clear,33.47,0.0,15.12,55.2,1013.6
2023-06-12,Chennai,13.08,80.27,6,Summer,Clear,34.2,0.0,17.27,61.2,1010.9
2023-06-13,Chennai,13.08,80.27,6,Summer,Heatwave,36.7,0.0,17.34,60.7,1011.7
2023-06-14,Chennai,13.08,80.27,6,Summer,Heatwave,36.29,0.0,14.74,55.5,1011.6
2023-06-15,Chennai,13.08,80.27,6,Summer,Clear,35.76,0.0,15.59,45.4,1010.1
2023-06-16,Chennai,13.08,80.27,6,Summer,Clear,34.63,0.0,19.27,65.6,1014.3
2023-06-17,Chennai,13.08,80.27,6,Summer,Clear,34.45,0.0,19.71,52.0,1010.5
2023-06-18,Chennai,13.08,80.27,6,Summer,Clear,35.05,0.0,18.13,51.6,1013.7
2023-06-19,Chennai,13.08,80.27,6,Summer,Clear,34.57,0.0,18.4,56.8,1015.9
2023-06-20,Chennai,13.08,80.27,6,Summer,Convective,35.34,11.28,17.98,51.1,1011.7
2023-06-21,Chennai,13.08,80.27,6,Summer,Convective,34.5,43.78,25.22,70.9,1008.8
2023-06-22,Chennai,13.08,80.27,6,Summer,Convective,35.69,8.06,19.07,70.0,1011.3
2023-06-23,Chennai,13.08,80.27,6,Summer,Clear,35.62,0.0,16.05,55.8,1014.2
2023-06-24,Chennai,13.08,80.27,6,Summer,Clear,33.92,0.0,14.3,62.9,1015.6
2023-06-25,Chennai,13.08,80.27,6,Summer,Clear,35.29,0.0,14.42,59.0,1011.7
2023-06-26,Chennai,13.08,80.27,6,Summer,Clear,35.55,0.0,16.87,52.2,1012.2
2023-06-27,Chennai,13.08,80.27,6,Summer,Heatwave,35.98,0.0,15.87,52.6,1013.4
2023-06-28,Chennai,13.08,80.27,6,Summer,Clear,35.78,0.0,16.47,48.4,1013.9
2023-06-29,Chennai,13.08,80.27,6,Summer,Clear,34.84,0.0,17.0,41.6,1013.4
2023-06-30,Chennai,13.08,80.27,6,Summer,Clear,34.36,0.0,15.33,60.4,1015.6
2023-07-01,Chennai,13.08,80.27,7,PostMonsoon,Clear,32.91,1.09,12.34,53.7,1013.5
2023-07-02,Chennai,13.08,80.27,7,PostMonsoon,Clear,31.04,0.0,15.56,44.1,1013.9
2023-07-03,Chennai,13.08,80.27,7,PostMonsoon,Clear,31.46,0.0,13.27,59.6,1010.3
2023-07-04,Chennai,13.08,80.27,7,PostMonsoon,Clear,31.55,0.0,10.46,55.9,1011.9
2023-07-05,Chennai,13.08,80.27,7,PostMonsoon,Clear,31.67,0.0,12.2,60.5,1012.1
2023-07-06,Chennai,13.08,80.27,7,PostMonsoon,Clear,32.85,0.0,15.27,54.5,1016.4
2023-07-07,Chennai,13.08,80.27,7,PostMonsoon,Clear,32.81,0.0,17.27,50.0,1014.8
2023-07-08,Chennai,13.08,80.27,7,PostMonsoon,Clear,31.31,0.0,18.77,59.4,1013.8
2023-07-09,Chennai,13.08,80.27,7,PostMonsoon,Clear,31.4,0.0,17.36,68.3,1013.7
2023-07-10,Chennai,13.08,80.27,7,PostMonsoon,Clear,31.5,0.0,13.49,63.0,1012.4
2023-07-11,Chennai,13.08,80.27,7,PostMonsoon,Clear,32.72,0.0,13.98,62.2,1011.9
2023-07-12,Chennai,13.08,80.27,7,PostMonsoon,Clear,32.21,0.0,14.59,51.7,1012.3
2023-07-13,Chennai,13.08,80.27,7,PostMonsoon,Clear,33.05,0.0,15.17,67.1,1012.1
2023-07-14,Chennai,13.08,80.27,7,PostMonsoon,Clear,31.17,0.0,14.19,71.9,1013.7
2023-07-15,Chennai,13.08,80.27,7,PostMonsoon,Clear,29.25,0.0,14.18,60.8,1014.0
2023-07-16,Chennai,13.08,80.27,7,PostMonsoon,Clear,30.08,0.0,11.73,63.2,1015.6
2023-07-17,Chennai,13.08,80.27,7,PostMonsoon,Clear,30.43,0.0,15.46,53.0,1015.5
2023-07-18,Chennai,13.08,80.27,7,PostMonsoon,Clear,31.16,0.0,12.71,61.6,1013.1
2023-07-19,Chennai,13.08,80.27,7,PostMonsoon,Clear,29.38,0.66,14.0,60.4,1012.1
2023-07-20,Chennai,13.08,80.27,7,PostMonsoon,Clear,29.6,4.86,16.22,52.9,1012.2
2023-07-21,Chennai,13.08,80.27,7,PostMonsoon,Clear,29.22,0.0,16.36,68.0,1013.2
2023-07-22,Chennai,13.08,80.27,7,PostMonsoon,Clear,29.7,0.0,14.55,58.8,1013.0
2023-07-23,Chennai,13.08,80.27,7,PostMonsoon,Clear,30.57,6.0,16.45,59.2,1016.0
2023-07-24,Chennai,13.08,80.27,7,PostMonsoon,Clear,29.7,5.04,18.38,56.6,1013.9
2023-07-25,Chennai,13.08,80.27,7,PostMonsoon,Clear,31.7,3.43,16.86,62.5,1012.3
2023-07-26,Chennai,13.08,80.27,7,PostMonsoon,Clear,30.38,3.47,16.25,62.7,1016.0
2023-07-27,Chennai,13.08,80.27,7,PostMonsoon,Clear,29.57,0.0,16.28,55.3,1012.3
2023-07-28,Chennai,13.08,80.27,7,PostMonsoon,Clear,29.48,0.0,15.55,56.7,1013.1
2023-07-29,Chennai,13.08,80.27,7,PostMonsoon,Clear,29.04,6.91,16.16,72.2,1015.2
2023-07-30,Chennai,13.08,80.27,7,PostMonsoon,Clear,32.18,0.0,15.52,55.2,1014.4
2023-07-31,Chennai,13.08,80.27,7,PostMonsoon,Clear,33.32,0.0,18.44,47.2,1013.9
2023-08-01,Chennai,13.08,80.27,8,PostMonsoon,Clear,30.4,0.0,14.07,53.9,1014.3
2023-08-02,Chennai,13.08,80.27,8,PostMonsoon,Clear,29.26,0.0,11.4,65.0,1013.4
2023-08-03,Chennai,13.08,80.27,8,PostMonsoon,Convective,30.26,26.12,16.68,75.5,1008.5
2023-08-04,Chennai,13.08,80.27,8,PostMonsoon,Clear,29.42,0.0,12.54,42.1,1010.6
2023-08-05,Chennai,13.08,80.27,8,PostMonsoon,Clear,30.48,0.0,13.22,69.1,1014.3
2023-08-06,Chennai,13.08,80.27,8,PostMonsoon,Clear,29.5,0.0,15.39,61.7,1012.2
2023-08-07,Chennai,13.08,80.27,8,PostMonsoon,Clear,28.39,0.0,14.57,57.1,1014.2
2023-08-08,Chennai,13.08,80.27,8,PostMonsoon,Clear,29.55,0.0,11.31,54.0,1013.4
2023-08-09,Chennai,13.08,80.27,8,PostMonsoon,Clear,29.5,0.0,10.97,47.8,1011.4
2023-08-10,Chennai,13.08,80.27,8,PostMonsoon,Clear,28.88,0.0,13.02,57.0,1009.9
2023-08-11,Chennai,13.08,80.27,8,PostMonsoon,Clear,28.33,0.0,11.31,63.5,1012.4
2023-08-12,Chennai,13.08,80.27,8,PostMonsoon,Clear,28.89,0.0,12.32,64.7,1013.9
2023-08-13,Chennai,13.08,80.27,8,PostMonsoon,Convective,30.3,18.88,16.78,64.7,1012.4
2023-08-14,Chennai,13.08,80.27,8,PostMonsoon,Clear,30.43,0.0,13.7,59.3,1013.5
2023-08-15,Chennai,13.08,80.27,8,PostMonsoon,Clear,30.19,0.0,12.06,54.9,1012.4
2023-08-16,Chennai,13.08,80.27,8,PostMonsoon,Clear,31.28,0.0,13.85,53.9,1015.3
2023-08-17,Chennai,13.08,80.27,8,PostMonsoon,Clear,30.95,0.0,14.12,58.3,1012.4
2023-08-18,Chennai,13.08,80.27,8,PostMonsoon,Clear,31.1,0.0,14.72,49.2,1013.4
2023-08-19,Chennai,13.08,80.27,8,PostMonsoon,Clear,28.85,0.0,15.42,56.0,1012.1
2023-08-20,Chennai,13.08,80.27,8,PostMonsoon,Clear,30.2,0.0,14.5,71.1,1013.5
2023-08-21,Chennai,13.08,80.27,8,PostMonsoon,Clear,30.76,0.0,13.36,51.3,1011.5
2023-08-22,Chennai,13.08,80.27,8,PostMonsoon,Clear,29.33,0.0,15.0,57.5,1016.4
2023-08-23,Chennai,13.08,80.27,8,PostMonsoon,Clear,29.12,0.0,15.95,53.4,1013.2
2023-08-24,Chennai,13.08,80.27,8,PostMonsoon,Clear,30.42,0.0,16.33,63.1,1013.2
2023-08-25,Chennai,13.08,80.27,8,PostMonsoon,Clear,30.76,0.0,15.27,60.1,1014.0
2023-08-26,Chennai,13.08,80.27,8,PostMonsoon,Clear,30.16,0.0,10.84,58.9,1011.2
2023-08-27,Chennai,13.08,80.27,8,PostMonsoon,Clear,30.86,0.0,11.73,51.6,1011.0
2023-08-28,Chennai,13.08,80.27,8,PostMonsoon,Clear,30.55,0.0,12.31,54.2,1012.9
2023-08-29,Chennai,13.08,80.27,8,PostMonsoon,Clear,31.37,0.0,14.43,57.2,1012.2
2023-08-30,Chennai,13.08,80.27,8,PostMonsoon,Clear,31.99,0.0,13.09,54.0,1013.9
2023-08-31,Chennai,13.08,80.27,8,PostMonsoon,Convective,30.13,12.05,14.26,57.0,1013.7
2023-09-01,Chennai,13.08,80.27,9,PostMonsoon,Clear,30.82,0.0,10.94,42.4,1012.6
2023-09-02,Chennai,13.08,80.27,9,PostMonsoon,Clear,29.38,0.0,10.45,57.5,1012.5
2023-09-03,Chennai,13.08,80.27,9,PostMonsoon,Clear,29.21,2.81,11.69,56.3,1012.3
2023-09-04,Chennai,13.08,80.27,9,PostMonsoon,Clear,27.97,6.42,12.59,63.3,1014.5
2023-09-05,Chennai,13.08,80.27,9,PostMonsoon,Convective,27.45,17.31,13.81,61.1,1013.0
2023-09-06,Chennai,13.08,80.27,9,PostMonsoon,Convective,27.42,8.87,14.39,52.4,1011.7
2023-09-07,Chennai,13.08,80.27,9,PostMonsoon,Clear,28.11,0.0,11.85,57.6,1015.5
2023-09-08,Chennai,13.08,80.27,9,PostMonsoon,Convective,27.9,10.98,13.88,59.6,1013.2
2023-09-09,Chennai,13.08,80.27,9,PostMonsoon,Convective,27.93,13.8,18.66,50.9,1009.4
2023-09-10,Chennai,13.08,80.27,9,PostMonsoon,Clear,27.39,5.46,16.05,60.8,1013.4
2023-09-11,Chennai,13.08,80.27,9,PostMonsoon,Clear,27.53,0.0,13.57,51.9,1012.9
2023-09-12,Chennai,13.08,80.27,9,PostMonsoon,Clear,26.37,0.0,9.2,65.2,1011.7
2023-09-13,Chennai,13.08,80.27,9,PostMonsoon,Clear,25.44,0.0,9.83,65.9,1014.5
2023-09-14,Chennai,13.08,80.27,9,PostMonsoon,Clear,27.63,2.57,10.33,60.0,1012.9
2023-09-15,Chennai,13.08,80.27,9,PostMonsoon,Convective,27.18,8.33,14.02,48.1,1014.2
2023-09-16,Chennai,13.08,80.27,9,PostMonsoon,Clear,29.09,7.41,16.66,70.1,1012.9
2023-09-17,Chennai,13.08,80.27,9,PostMonsoon,Clear,28.94,0.0,10.4,63.7,1011.7
2023-09-18,Chennai,13.08,80.27,9,PostMonsoon,Clear,28.57,0.0,12.99,61.9,1013.8
2023-09-19,Chennai,13.08,80.27,9,PostMonsoon,Convective,28.77,12.67,15.06,58.0,1014.6
2023-09-20,Chennai,13.08,80.27,9,PostMonsoon,Convective,29.41,8.59,12.08,73.1,1014.1
2023-09-21,Chennai,13.08,80.27,9,PostMonsoon,Convective,31.85,17.35,16.21,68.5,1013.2
2023-09-22,Chennai,13.08,80.27,9,PostMonsoon,Convective,31.35,12.04,15.26,53.8,1014.2
2023-09-23,Chennai,13.08,80.27,9,PostMonsoon,Clear,30.1,0.0,11.2,51.2,1012.4
2023-09-24,Chennai,13.08,80.27,9,PostMonsoon,Clear,30.03,0.0,15.29,57.0,1012.1
2023-09-25,Chennai,13.08,80.27,9,PostMonsoon,Clear,30.41,0.0,16.31,50.7,1011.8
2023-09-26,Chennai,13.08,80.27,9,PostMonsoon,Clear,29.5,0.0,13.02,58.6,1015.4
2023-09-27,Chennai,13.08,80.27,9,PostMonsoon,Clear,28.67,3.79,14.28,66.0,1014.4
2023-09-28,Chennai,13.08,80.27,9,PostMonsoon,Convective,30.03,10.15,16.03,62.6,1013.6
2023-09-29,Chennai,13.08,80.27,9,PostMonsoon,Clear,30.47,2.01,11.34,55.6,1016.5
2023-09-30,Chennai,13.08,80.27,9,PostMonsoon,Convective,29.06,10.34,13.42,64.8,1009.6
2023-10-01,Chennai,13.08,80.27,10,Monsoon,Clear,29.14,7.6,9.43,50.3,1012.3
2023-10-02,Chennai,13.08,80.27,10,Monsoon,Clear,29.5,6.65,11.52,57.5,1008.9
2023-10-03,Chennai,13.08,80.27,10,Monsoon,Clear,27.35,0.3,12.4,62.8,1014.7
2023-10-04,Chennai,13.08,80.27,10,Monsoon,Clear,27.54,3.39,14.36,60.2,1013.8
2023-10-05,Chennai,13.08,80.27,10,Monsoon,Monsoon,28.4,11.32,17.29,54.8,1014.9
2023-10-06,Chennai,13.08,80.27,10,Monsoon,Clear,28.23,7.89,16.17,52.3,1013.1
2023-10-07,Chennai,13.08,80.27,10,Monsoon,Monsoon,26.83,18.18,17.26,63.9,1012.9
2023-10-08,Chennai,13.08,80.27,10,Monsoon,Monsoon,27.67,8.81,12.76,67.9,1013.0
2023-10-09,Chennai,13.08,80.27,10,Monsoon,Monsoon,27.0,26.31,14.17,67.7,1011.7
2023-10-10,Chennai,13.08,80.27,10,Monsoon,Clear,25.73,5.87,10.07,46.4,1013.5
2023-10-11,Chennai,13.08,80.27,10,Monsoon,Monsoon,25.51,26.78,14.95,65.3,1011.1
2023-10-12,Chennai,13.08,80.27,10,Monsoon,Monsoon,27.56,8.21,12.72,59.3,1014.3
2023-10-13,Chennai,13.08,80.27,10,Monsoon,Clear,25.06,1.27,12.69,58.9,1013.7
2023-10-14,Chennai,13.08,80.27,10,Monsoon,Monsoon,24.04,38.37,17.8,71.5,1008.2
2023-10-15,Chennai,13.08,80.27,10,Monsoon,Clear,26.5,0.0,11.36,54.5,1013.9
2023-10-16,Chennai,13.08,80.27,10,Monsoon,Clear,26.12,0.0,11.09,67.0,1012.0
2023-10-17,Chennai,13.08,80.27,10,Monsoon,Clear,26.58,4.39,15.08,60.6,1009.0
2023-10-18,Chennai,13.08,80.27,10,Monsoon,Clear,24.53,4.09,15.98,67.4,1011.8
2023-10-19,Chennai,13.08,80.27,10,Monsoon,Clear,27.67,4.09,12.83,59.6,1013.1
2023-10-20,Chennai,13.08,80.27,10,Monsoon,Clear,26.91,6.31,14.32,62.1,1012.3
2023-10-21,Chennai,13.08,80.27,10,Monsoon,Clear,26.36,0.36,14.11,56.1,1014.5
2023-10-22,Chennai,13.08,80.27,10,Monsoon,Clear,24.66,1.57,13.56,72.1,1013.0
2023-10-23,Chennai,13.08,80.27,10,Monsoon,Monsoon,25.65,13.8,17.56,70.5,1012.5
2023-10-24,Chennai,13.08,80.27,10,Monsoon,Clear,28.79,0.0,14.62,55.6,1009.4
2023-10-25,Chennai,13.08,80.27,10,Monsoon,Clear,28.89,0.0,14.38,63.4,1009.9
2023-10-26,Chennai,13.08,80.27,10,Monsoon,Clear,30.63,4.87,14.02,53.7,1012.2
2023-10-27,Chennai,13.08,80.27,10,Monsoon,Monsoon,29.15,25.72,17.08,61.8,1009.8
2023-10-28,Chennai,13.08,80.27,10,Monsoon,Monsoon,28.09,27.67,16.11,54.8,1012.2
2023-10-29,Chennai,13.08,80.27,10,Monsoon,Clear,28.3,5.18,16.37,60.5,1013.4
2023-10-30,Chennai,13.08,80.27,10,Monsoon,Clear,24.82,7.07,13.44,67.3,1010.3
2023-10-31,Chennai,13.08,80.27,10,Monsoon,Clear,24.76,7.19,12.1,65.6,1013.2
2023-11-01,Chennai,13.08,80.27,11,Monsoon,Clear,25.45,2.57,12.11,57.3,1013.2
2023-11-02,Chennai,13.08,80.27,11,Monsoon,Clear,25.21,4.29,14.54,57.3,1012.3
2023-11-03,Chennai,13.08,80.27,11,Monsoon,Clear,24.63,7.07,16.87,50.8,1009.0
2023-11-04,Chennai,13.08,80.27,11,Monsoon,Storm,23.33,55.96,23.52,77.8,1006.9
2023-11-05,Chennai,13.08,80.27,11,Monsoon,Clear,26.16,3.38,12.79,58.3,1013.2
2023-11-06,Chennai,13.08,80.27,11,Monsoon,Monsoon,23.65,26.66,16.97,62.3,1010.6
2023-11-07,Chennai,13.08,80.27,11,Monsoon,Monsoon,22.77,10.24,16.27,50.0,1013.4
2023-11-08,Chennai,13.08,80.27,11,Monsoon,Monsoon,23.18,8.82,16.4,52.3,1011.5
2023-11-09,Chennai,13.08,80.27,11,Monsoon,Clear,22.9,5.0,17.15,59.8,1012.4
2023-11-10,Chennai,13.08,80.27,11,Monsoon,Monsoon,24.45,32.9,18.83,73.7,1009.6
2023-11-11,Chennai,13.08,80.27,11,Monsoon,Monsoon,22.54,12.32,16.5,64.1,1014.0
2023-11-12,Chennai,13.08,80.27,11,Monsoon,Monsoon,23.94,30.29,21.57,63.2,1008.3
2023-11-13,Chennai,13.08,80.27,11,Monsoon,Monsoon,25.99,26.27,21.84,79.6,1007.9
2023-11-14,Chennai,13.08,80.27,11,Monsoon,Monsoon,25.02,16.37,21.13,57.3,1012.2
2023-11-15,Chennai,13.08,80.27,11,Monsoon,Clear,26.0,4.35,13.05,58.4,1011.8
2023-11-16,Chennai,13.08,80.27,11,Monsoon,Monsoon,26.82,8.09,14.21,58.4,1010.8
2023-11-17,Chennai,13.08,80.27,11,Monsoon,Monsoon,26.29,8.76,16.3,59.9,1009.7
2023-11-18,Chennai,13.08,80.27,11,Monsoon,Clear,23.6,2.22,17.62,70.8,1012.6
2023-11-19,Chennai,13.08,80.27,11,Monsoon,Monsoon,25.14,11.59,17.39,51.4,1013.4
2023-11-20,Chennai,13.08,80.27,11,Monsoon,Monsoon,24.64,14.23,15.78,62.5,1012.6
2023-11-21,Chennai,13.08,80.27,11,Monsoon,Clear,25.04,0.0,13.45,58.6,1010.8
2023-11-22,Chennai,13.08,80.27,11,Monsoon,Clear,25.42,0.82,13.69,70.0,1008.4
2023-11-23,Chennai,13.08,80.27,11,Monsoon,Monsoon,26.55,22.39,18.42,52.2,1012.2
2023-11-24,Chennai,13.08,80.27,11,Monsoon,Monsoon,25.29,8.43,13.68,56.7,1013.8
2023-11-25,Chennai,13.08,80.27,11,Monsoon,Clear,26.45,3.86,10.54,54.8,1014.8
2023-11-26,Chennai,13.08,80.27,11,Monsoon,Clear,26.84,2.43,15.2,48.3,1011.5
2023-11-27,Chennai,13.08,80.27,11,Monsoon,Clear,25.46,6.58,14.73,62.0,1014.9
2023-11-28,Chennai,13.08,80.27,11,Monsoon,Clear,23.97,5.66,14.56,54.4,1013.3
2023-11-29,Chennai,13.08,80.27,11,Monsoon,Monsoon,23.56,26.3,20.99,67.9,1007.9
2023-11-30,Chennai,13.08,80.27,11,Monsoon,Monsoon,23.93,25.83,19.93,54.4,1009.6
2023-12-01,Chennai,13.08,80.27,12,Monsoon,Monsoon,23.66,8.25,11.34,47.9,1011.7
2023-12-02,Chennai,13.08,80.27,12,Monsoon,Monsoon,25.5,16.65,13.37,58.6,1012.0
2023-12-03,Chennai,13.08,80.27,12,Monsoon,Clear,26.14,0.0,9.98,58.6,1014.0
2023-12-04,Chennai,13.08,80.27,12,Monsoon,Clear,26.02,4.25,11.42,55.3,1012.3
2023-12-05,Chennai,13.08,80.27,12,Monsoon,Clear,27.07,0.0,8.78,50.1,1015.9
2023-12-06,Chennai,13.08,80.27,12,Monsoon,Clear,27.8,0.0,9.52,60.1,1010.2
2023-12-07,Chennai,13.08,80.27,12,Monsoon,Clear,26.45,0.0,8.62,53.0,1012.6
2023-12-08,Chennai,13.08,80.27,12,Monsoon,Clear,27.04,0.0,10.15,55.1,1014.5
2023-12-09,Chennai,13.08,80.27,12,Monsoon,Clear,26.99,0.0,11.15,54.0,1012.6
2023-12-10,Chennai,13.08,80.27,12,Monsoon,Clear,26.42,0.0,9.78,58.0,1016.0
2023-12-11,Chennai,13.08,80.27,12,Monsoon,Monsoon,27.54,16.93,15.95,59.5,1011.9
2023-12-12,Chennai,13.08,80.27,12,Monsoon,Clear,27.12,0.0,9.13,54.6,1011.8
2023-12-13,Chennai,13.08,80.27,12,Monsoon,Clear,26.79,0.0,10.43,49.7,1012.9
2023-12-14,Chennai,13.08,80.27,12,Monsoon,Clear,26.24,1.36,12.29,63.8,1013.5
2023-12-15,Chennai,13.08,80.27,12,Monsoon,Clear,25.37,5.59,14.54,66.3,1009.0
2023-12-16,Chennai,13.08,80.27,12,Monsoon,Clear,25.53,7.89,14.13,51.0,1013.6
2023-12-17,Chennai,13.08,80.27,12,Monsoon,Clear,24.89,0.0,10.22,57.7,1011.6
2023-12-18,Chennai,13.08,80.27,12,Monsoon,Clear,26.5,0.0,8.24,54.3,1012.6
2023-12-19,Chennai,13.08,80.27,12,Monsoon,Clear,24.71,0.0,6.94,66.9,1010.6
2023-12-20,Chennai,13.08,80.27,12,Monsoon,Clear,23.98,0.0,7.66,50.6,1013.9
2023-12-21,Chennai,13.08,80.27,12,Monsoon,Clear,23.24,0.0,9.34,55.8,1011.2
2023-12-22,Chennai,13.08,80.27,12,Monsoon,Clear,23.11,1.02,10.55,59.7,1013.4
2023-12-23,Chennai,13.08,80.27,12,Monsoon,Clear,23.35,0.56,9.69,62.6,1012.0
2023-12-24,Chennai,13.08,80.27,12,Monsoon,Monsoon,24.5,27.44,12.63,75.8,1011.8
2023-12-25,Chennai,13.08,80.27,12,Monsoon,Clear,24.99,0.0,9.77,59.5,1015.5
2023-12-26,Chennai,13.08,80.27,12,Monsoon,Clear,25.07,0.0,10.03,59.7,1014.1
2023-12-27,Chennai,13.08,80.27,12,Monsoon,Clear,26.07,0.0,9.2,37.3,1012.9
2023-12-28,Chennai,13.08,80.27,12,Monsoon,Clear,24.98,0.0,10.42,65.8,1014.8
2023-12-29,Chennai,13.08,80.27,12,Monsoon,Clear,24.35,0.0,13.97,62.2,1010.7
2023-12-30,Chennai,13.08,80.27,12,Monsoon,Clear,24.78,0.0,11.06,67.8,1013.1
2023-12-31,Chennai,13.08,80.27,12,Monsoon,Clear,26.69,0.0,12.46,56.3,1012.7
2024-01-01,Chennai,13.08,80.27,1,Winter,Clear,25.78,7.43,10.35,49.3,1012.5
2024-01-02,Chennai,13.08,80.27,1,Winter,Clear,26.9,0.0,9.78,67.1,1014.3
2024-01-03,Chennai,13.08,80.27,1,Winter,Clear,27.44,0.0,10.93,53.3,1007.9
2024-01-04,Chennai,13.08,80.27,1,Winter,Clear,25.91,0.0,7.6,58.3,1011.6
2024-01-05,Chennai,13.08,80.27,1,Winter,Clear,24.44,0.0,8.03,61.9,1010.8
2024-01-06,Chennai,13.08,80.27,1,Winter,Clear,23.59,7.32,9.69,62.1,1008.8
2024-01-07,Chennai,13.08,80.27,1,Winter,Clear,22.85,0.0,9.4,50.6,1015.2
2024-01-08,Chennai,13.08,80.27,1,Winter,Clear,23.66,0.0,11.72,56.1,1016.0
2024-01-09,Chennai,13.08,80.27,1,Winter,Clear,24.56,0.0,9.83,50.9,1010.1
2024-01-10,Chennai,13.08,80.27,1,Winter,Clear,25.79,0.0,11.31,57.1,1011.2
2024-01-11,Chennai,13.08,80.27,1,Winter,Clear,27.3,0.0,9.83,64.2,1012.3
2024-01-12,Chennai,13.08,80.27,1,Winter,Clear,26.17,0.0,10.17,54.1,1012.4
2024-01-13,Chennai,13.08,80.27,1,Winter,Clear,26.57,0.0,11.86,51.9,1014.5
2024-01-14,Chennai,13.08,80.27,1,Winter,Clear,25.56,0.0,11.04,48.3,1012.4
2024-01-15,Chennai,13.08,80.27,1,Winter,Clear,24.36,0.0,12.7,53.5,1013.9
2024-01-16,Chennai,13.08,80.27,1,Winter,Clear,24.1,0.0,12.45,59.5,1010.0
2024-01-17,Chennai,13.08,80.27,1,Winter,Clear,24.42,0.0,8.82,50.6,1012.4
2024-01-18,Chennai,13.08,80.27,1,Winter,Clear,23.62,0.0,11.37,56.0,1016.1
2024-01-19,Chennai,13.08,80.27,1,Winter,Clear,27.51,0.0,9.0,60.0,1014.4
2024-01-20,Chennai,13.08,80.27,1,Winter,Clear,29.48,0.0,12.53,67.8,1013.9
2024-01-21,Chennai,13.08,80.27,1,Winter,Clear,27.17,0.0,11.61,43.3,1012.9
2024-01-22,Chennai,13.08,80.27,1,Winter,Clear,25.25,0.0,11.46,57.5,1014.2
2024-01-23,Chennai,13.08,80.27,1,Winter,Clear,24.3,0.0,12.26,56.0,1014.3
2024-01-24,Chennai,13.08,80.27,1,Winter,Clear,24.07,0.0,7.9,60.9,1012.9
2024-01-25,Chennai,13.08,80.27,1,Winter,Clear,25.45,0.0,9.46,56.7,1010.4
2024-01-26,Chennai,13.08,80.27,1,Winter,Clear,26.43,0.0,9.45,60.9,1015.9
2024-01-27,Chennai,13.08,80.27,1,Winter,Clear,27.53,0.0,11.01,58.9,1010.0
2024-01-28,Chennai,13.08,80.27,1,Winter,Clear,26.73,0.07,11.24,56.5,1011.3
2024-01-29,Chennai,13.08,80.27,1,Winter,Clear,26.12,6.33,9.56,64.0,1011.3
2024-01-30,Chennai,13.08,80.27,1,Winter,Clear,25.8,0.0,7.84,52.8,1013.5
2024-01-31,Chennai,13.08,80.27,1,Winter,Clear,25.11,0.0,6.0,56.4,1011.8
2024-02-01,Chennai,13.08,80.27,2,Winter,Clear,26.81,0.0,5.85,49.2,1013.6
2024-02-02,Chennai,13.08,80.27,2,Winter,Clear,27.38,0.0,6.82,52.2,1013.0
2024-02-03,Chennai,13.08,80.27,2,Winter,Clear,28.42,0.0,8.01,53.3,1012.0
2024-02-04,Chennai,13.08,80.27,2,Winter,Clear,27.37,0.0,10.96,62.7,1012.1
2024-02-05,Chennai,13.08,80.27,2,Winter,Clear,26.95,0.0,12.32,60.8,1013.1
2024-02-06,Chennai,13.08,80.27,2,Winter,Clear,26.3,0.0,12.96,79.8,1013.4
2024-02-07,Chennai,13.08,80.27,2,Winter,Clear,27.76,0.0,9.45,62.7,1012.7
2024-02-08,Chennai,13.08,80.27,2,Winter,Clear,28.23,0.0,8.37,55.7,1010.9
2024-02-09,Chennai,13.08,80.27,2,Winter,Clear,26.51,0.0,7.18,49.1,1014.9
2024-02-10,Chennai,13.08,80.27,2,Winter,Clear,27.44,0.0,8.36,57.4,1012.5
2024-02-11,Chennai,13.08,80.27,2,Winter,Clear,29.34,0.0,7.73,56.1,1014.1
2024-02-12,Chennai,13.08,80.27,2,Winter,Clear,29.03,0.0,7.15,53.5,1009.8
2024-02-13,Chennai,13.08,80.27,2,Winter,Clear,27.85,0.0,6.96,57.2,1012.9
2024-02-14,Chennai,13.08,80.27,2,Winter,Clear,28.08,0.0,8.14,59.3,1012.0
2024-02-15,Chennai,13.08,80.27,2,Winter,Clear,27.8,0.0,10.22,47.6,1010.8
2024-02-16,Chennai,13.08,80.27,2,Winter,Clear,27.95,0.0,9.75,50.9,1012.1
2024-02-17,Chennai,13.08,80.27,2,Winter,Clear,24.67,0.0,10.38,56.7,1010.9
2024-02-18,Chennai,13.08,80.27,2,Winter,Clear,25.64,0.0,8.72,58.1,1011.4
2024-02-19,Chennai,13.08,80.27,2,Winter,Clear,26.91,0.0,11.59,64.4,1016.3
2024-02-20,Chennai,13.08,80.27,2,Winter,Clear,27.09,0.0,10.92,55.0,1017.1
2024-02-21,Chennai,13.08,80.27,2,Winter,Clear,27.35,0.0,10.72,48.2,1012.4
2024-02-22,Chennai,13.08,80.27,2,Winter,Clear,27.99,0.0,11.86,57.9,1012.6
2024-02-23,Chennai,13.08,80.27,2,Winter,Clear,30.2,0.0,12.85,55.6,1015.0
2024-02-24,Chennai,13.08,80.27,2,Winter,Clear,29.34,0.0,10.94,51.4,1013.0
2024-02-25,Chennai,13.08,80.27,2,Winter,Clear,29.28,0.0,9.82,47.0,1015.2
2024-02-26,Chennai,13.08,80.27,2,Winter,Clear,28.84,0.0,10.81,50.4,1015.2
2024-02-27,Chennai,13.08,80.27,2,Winter,Clear,29.62,0.0,11.14,58.2,1011.7
2024-02-28,Chennai,13.08,80.27,2,Winter,Clear,29.1,0.0,8.26,61.9,1010.9
2024-02-29,Chennai,13.08,80.27,2,Winter,Clear,27.51,0.0,9.8,61.9,1011.3
2024-03-01,Chennai,13.08,80.27,3,Summer,Clear,29.23,0.0,13.03,57.1,1011.8
2024-03-02,Chennai,13.08,80.27,3,Summer,Clear,28.7,0.0,10.74,52.0,1015.2
2024-03-03,Chennai,13.08,80.27,3,Summer,Clear,25.18,0.0,10.68,56.6,1011.6
2024-03-04,Chennai,13.08,80.27,3,Summer,Clear,23.97,0.0,10.7,58.0,1010.6
2024-03-05,Chennai,13.08,80.27,3,Summer,Clear,24.69,0.0,12.26,48.4,1012.1
2024-03-06,Chennai,13.08,80.27,3,Summer,Clear,23.39,0.0,10.14,74.3,1014.3
2024-03-07,Chennai,13.08,80.27,3,Summer,Clear,23.51,0.0,9.16,68.2,1013.0
2024-03-08,Chennai,13.08,80.27,3,Summer,Clear,23.85,0.0,12.82,60.8,1009.5
2024-03-09,Chennai,13.08,80.27,3,Summer,Clear,25.07,0.0,12.65,55.8,1013.8
2024-03-10,Chennai,13.08,80.27,3,Summer,Clear,26.66,0.0,8.52,70.9,1014.5
2024-03-11,Chennai,13.08,80.27,3,Summer,Clear,26.78,0.0,8.97,55.3,1013.0
2024-03-12,Chennai,13.08,80.27,3,Summer,Clear,28.3,0.0,8.34,59.0,1012.8
2024-03-13,Chennai,13.08,80.27,3,Summer,Clear,27.31,0.0,10.9,50.9,1011.1
2024-03-14,Chennai,13.08,80.27,3,Summer,Clear,27.57,0.0,10.63,58.9,1013.7
2024-03-15,Chennai,13.08,80.27,3,Summer,Clear,26.36,0.0,8.67,61.1,1011.8
2024-03-16,Chennai,13.08,80.27,3,Summer,Convective,26.91,10.57,9.67,48.9,1013.7
2024-03-17,Chennai,13.08,80.27,3,Summer,Clear,28.11,4.67,11.04,55.7,1016.8
2024-03-18,Chennai,13.08,80.27,3,Summer,Clear,27.45,0.0,9.55,57.7,1013.0
2024-03-19,Chennai,13.08,80.27,3,Summer,Clear,28.68,0.0,12.1,57.8,1014.0
2024-03-20,Chennai,13.08,80.27,3,Summer,Clear,27.54,0.0,11.79,57.6,1012.7
2024-03-21,Chennai,13.08,80.27,3,Summer,Clear,29.45,0.0,13.48,65.5,1010.6
2024-03-22,Chennai,13.08,80.27,3,Summer,Heatwave,31.28,0.0,12.03,61.3,1014.6
2024-03-23,Chennai,13.08,80.27,3,Summer,Heatwave,31.48,0.0,11.65,51.9,1014.0
2024-03-24,Chennai,13.08,80.27,3,Summer,Heatwave,31.95,0.0,13.92,65.0,1014.9
2024-03-25,Chennai,13.08,80.27,3,Summer,Heatwave,32.07,0.0,11.75,56.1,1012.1
2024-03-26,Chennai,13.08,80.27,3,Summer,Heatwave,34.41,0.0,12.32,44.7,1014.1
2024-03-27,Chennai,13.08,80.27,3,Summer,Heatwave,34.97,0.0,9.48,64.3,1012.7
2024-03-28,Chennai,13.08,80.27,3,Summer,Heatwave,32.55,0.0,10.62,49.7,1011.9
2024-03-29,Chennai,13.08,80.27,3,Summer,Clear,30.19,0.0,7.86,46.9,1014.6
2024-03-30,Chennai,13.08,80.27,3,Summer,Heatwave,31.93,0.0,9.09,56.2,1013.8
2024-03-31,Chennai,13.08,80.27,3,Summer,Heatwave,30.9,0.0,8.28,50.1,1012.7
2024-04-01,Chennai,13.08,80.27,4,Summer,Clear,32.56,0.0,12.62,55.3,1013.2
2024-04-02,Chennai,13.08,80.27,4,Summer,Clear,32.06,0.0,9.63,61.6,1011.6
2024-04-03,Chennai,13.08,80.27,4,Summer,Clear,33.03,0.0,11.11,56.5,1015.9
2024-04-04,Chennai,13.08,80.27,4,Summer,Clear,33.46,0.0,13.06,49.8,1012.6
2024-04-05,Chennai,13.08,80.27,4,Summer,Clear,31.93,0.0,11.19,52.5,1015.5
2024-04-06,Chennai,13.08,80.27,4,Summer,Clear,33.01,0.0,10.84,59.4,1014.5
2024-04-07,Chennai,13.08,80.27,4,Summer,Convective,31.98,14.23,12.08,66.0,1010.7
2024-04-08,Chennai,13.08,80.27,4,Summer,Clear,31.65,0.0,9.34,73.3,1011.6
2024-04-09,Chennai,13.08,80.27,4,Summer,Clear,30.86,0.0,10.09,65.5,1010.1
2024-04-10,Chennai,13.08,80.27,4,Summer,Clear,31.57,0.0,10.88,55.4,1014.3
2024-04-11,Chennai,13.08,80.27,4,Summer,Clear,33.79,0.0,11.81,63.8,1013.6
2024-04-12,Chennai,13.08,80.27,4,Summer,Clear,33.52,0.0,9.49,58.8,1009.5
2024-04-13,Chennai,13.08,80.27,4,Summer,Heatwave,34.94,0.0,11.31,58.7,1013.0
2024-04-14,Chennai,13.08,80.27,4,Summer,Clear,34.48,0.0,9.32,49.7,1013.5
2024-04-15,Chennai,13.08,80.27,4,Summer,Clear,33.28,0.0,9.83,60.3,1011.6
2024-04-16,Chennai,13.08,80.27,4,Summer,Clear,33.34,0.0,9.21,61.7,1014.8
2024-04-17,Chennai,13.08,80.27,4,Summer,Clear,34.1,5.35,11.89,68.7,1015.3
2024-04-18,Chennai,13.08,80.27,4,Summer,Clear,34.39,2.64,11.85,44.7,1011.2
2024-04-19,Chennai,13.08,80.27,4,Summer,Clear,34.5,0.0,12.81,53.8,1014.4
2024-04-20,Chennai,13.08,80.27,4,Summer,Heatwave,35.79,0.0,10.22,52.0,1010.5
2024-04-21,Chennai,13.08,80.27,4,Summer,Clear,34.41,0.0,9.55,45.1,1012.1
2024-04-22,Chennai,13.08,80.27,4,Summer,Clear,32.24,0.0,9.58,51.2,1015.0
2024-04-23,Chennai,13.08,80.27,4,Summer,Clear,33.05,0.0,10.88,52.7,1014.5
2024-04-24,Chennai,13.08,80.27,4,Summer,Clear,32.23,0.0,6.64,61.5,1014.8
2024-04-25,Chennai,13.08,80.27,4,Summer,Clear,34.01,0.0,9.71,50.9,1013.2
2024-04-26,Chennai,13.08,80.27,4,Summer,Clear,34.53,0.0,8.17,51.7,1013.0
2024-04-27,Chennai,13.08,80.27,4,Summer,Heatwave,34.83,0.0,8.83,56.4,1015.5
2024-04-28,Chennai,13.08,80.27,4,Summer,Clear,34.27,0.0,8.22,56.4,1012.5
2024-04-29,Chennai,13.08,80.27,4,Summer,Clear,32.44,2.21,10.72,58.7,1014.8
2024-04-30,Chennai,13.08,80.27,4,Summer,Clear,31.18,0.0,11.35,65.4,1010.7
2024-05-01,Chennai,13.08,80.27,5,Summer,Clear,32.72,0.0,12.44,61.6,1016.5
2024-05-02,Chennai,13.08,80.27,5,Summer,Clear,31.8,0.0,15.01,58.0,1013.0
2024-05-03,Chennai,13.08,80.27,5,Summer,Clear,33.08,0.0,13.04,58.0,1007.9
2024-05-04,Chennai,13.08,80.27,5,Summer,Clear,32.63,0.0,13.87,58.1,1014.4
2024-05-05,Chennai,13.08,80.27,5,Summer,Clear,34.52,0.0,15.05,58.2,1014.0
2024-05-06,Chennai,13.08,80.27,5,Summer,Clear,35.26,0.0,12.37,59.5,1009.8
2024-05-07,Chennai,13.08,80.27,5,Summer,Clear,32.21,0.0,13.83,57.2,1010.4
2024-05-08,Chennai,13.08,80.27,5,Summer,Clear,32.6,0.0,13.5,56.9,1013.9
2024-05-09,Chennai,13.08,80.27,5,Summer,Clear,33.91,0.0,14.07,63.9,1013.8
2024-05-10,Chennai,13.08,80.27,5,Summer,Clear,32.92,0.0,14.15,58.7,1012.5
2024-05-11,Chennai,13.08,80.27,5,Summer,Clear,33.62,0.0,13.05,56.1,1014.6
2024-05-12,Chennai,13.08,80.27,5,Summer,Clear,34.15,5.46,12.04,64.7,1014.5
2024-05-13,Chennai,13.08,80.27,5,Summer,Clear,34.72,0.0,13.76,55.2,1009.5
2024-05-14,Chennai,13.08,80.27,5,Summer,Clear,35.58,0.0,10.64,56.5,1016.3
2024-05-15,Chennai,13.08,80.27,5,Summer,Clear,34.25,0.0,13.74,57.7,1011.9
2024-05-16,Chennai,13.08,80.27,5,Summer,Clear,35.21,0.0,12.88,56.0,1014.8
2024-05-17,Chennai,13.08,80.27,5,Summer,Clear,35.35,0.0,12.61,57.5,1013.8
2024-05-18,Chennai,13.08,80.27,5,Summer,Clear,34.88,4.47,11.39,59.8,1012.0
2024-05-19,Chennai,13.08,80.27,5,Summer,Clear,35.13,0.0,9.66,61.2,1015.4
2024-05-20,Chennai,13.08,80.27,5,Summer,Clear,34.41,0.0,11.61,53.1,1013.2
2024-05-21,Chennai,13.08,80.27,5,Summer,Clear,36.22,0.0,10.85,59.5,1011.5
2024-05-22,Chennai,13.08,80.27,5,Summer,Clear,36.03,0.0,10.95,54.7,1012.0
2024-05-23,Chennai,13.08,80.27,5,Summer,Clear,34.39,0.0,10.41,60.1,1012.7
2024-05-24,Chennai,13.08,80.27,5,Summer,Clear,34.62,0.0,13.6,57.1,1011.3
2024-05-25,Chennai,13.08,80.27,5,Summer,Clear,34.18,2.23,18.0,55.3,1014.1
2024-05-26,Chennai,13.08,80.27,5,Summer,Convective,33.02,36.63,21.29,73.9,1012.2
2024-05-27,Chennai,13.08,80.27,5,Summer,Clear,33.0,0.0,13.87,68.1,1014.8
2024-05-28,Chennai,13.08,80.27,5,Summer,Clear,34.18,0.0,11.87,63.2,1015.5
2024-05-29,Chennai,13.08,80.27,5,Summer,Clear,34.02,3.74,13.37,59.1,1013.4
2024-05-30,Chennai,13.08,80.27,5,Summer,Clear,31.75,0.0,13.7,67.2,1016.1
2024-05-31,Chennai,13.08,80.27,5,Summer,Convective,33.06,11.0,16.74,62.8,1012.1
2024-06-01,Chennai,13.08,80.27,6,Summer,Clear,30.75,0.0,17.71,59.9,1012.3
2024-06-02,Chennai,13.08,80.27,6,Summer,Clear,30.18,0.0,15.6,57.5,1012.4
2024-06-03,Chennai,13.08,80.27,6,Summer,Clear,31.29,0.0,15.21,62.4,1010.4
2024-06-04,Chennai,13.08,80.27,6,Summer,Clear,30.89,0.0,14.65,58.8,1008.9
2024-06-05,Chennai,13.08,80.27,6,Summer,Clear,31.14,0.0,13.81,53.5,1013.0
2024-06-06,Chennai,13.08,80.27,6,Summer,Clear,32.62,0.0,14.32,60.6,1012.7
2024-06-07,Chennai,13.08,80.27,6,Summer,Clear,32.57,0.0,15.57,59.4,1010.3
2024-06-08,Chennai,13.08,80.27,6,Summer,Clear,33.07,0.0,14.81,53.5,1013.0
2024-06-09,Chennai,13.08,80.27,6,Summer,Clear,32.66,0.0,14.45,61.6,1011.7
2024-06-10,Chennai,13.08,80.27,6,Summer,Clear,32.8,0.0,19.02,59.8,1012.0
2024-06-11,Chennai,13.08,80.27,6,Summer,Clear,34.66,0.0,18.17,53.8,1009.7
2024-06-12,Chennai,13.08,80.27,6,Summer,Heatwave,36.42,0.0,17.05,53.1,1013.0
2024-06-13,Chennai,13.08,80.27,6,Summer,Clear,34.51,0.0,17.64,52.1,1014.1
2024-06-14,Chennai,13.08,80.27,6,Summer,Clear,33.46,0.0,17.86,70.6,1014.0
2024-06-15,Chennai,13.08,80.27,6,Summer,Clear,33.34,0.0,16.67,56.5,1013.1
2024-06-16,Chennai,13.08,80.27,6,Summer,Clear,32.77,0.0,18.25,55.1,1010.4
2024-06-17,Chennai,13.08,80.27,6,Summer,Clear,31.88,0.0,18.54,53.6,1011.0
2024-06-18,Chennai,13.08,80.27,6,Summer,Clear,34.28,0.0,15.09,58.9,1009.6
2024-06-19,Chennai,13.08,80.27,6,Summer,Convective,33.64,13.63,20.13,57.9,1009.7
2024-06-20,Chennai,13.08,80.27,6,Summer,Clear,32.6,0.0,17.76,55.6,1014.0
2024-06-21,Chennai,13.08,80.27,6,Summer,Clear,32.25,0.0,15.18,61.4,1010.3
2024-06-22,Chennai,13.08,80.27,6,Summer,Clear,34.14,0.0,17.18,41.2,1016.9
2024-06-23,Chennai,13.08,80.27,6,Summer,Clear,35.29,0.0,16.88,56.1,1011.6
2024-06-24,Chennai,13.08,80.27,6,Summer,Clear,32.97,0.0,15.09,56.6,1010.9
2024-06-25,Chennai,13.08,80.27,6,Summer,Clear,34.43,0.0,17.09,53.7,1012.6
2024-06-26,Chennai,13.08,80.27,6,Summer,Clear,35.69,0.0,16.49,50.8,1014.2
2024-06-27,Chennai,13.08,80.27,6,Summer,Clear,34.08,0.0,16.56,52.3,1010.8
2024-06-28,Chennai,13.08,80.27,6,Summer,Clear,33.01,0.0,13.51,60.9,1013.8
2024-06-29,Chennai,13.08,80.27,6,Summer,Clear,31.18,0.0,12.95,57.3,1014.2
2024-06-30,Chennai,13.08,80.27,6,Summer,Clear,30.8,0.0,12.09,61.6,1010.1
2024-07-01,Chennai,13.08,80.27,7,PostMonsoon,Clear,28.56,0.0,12.82,60.5,1013.7
2024-07-02,Chennai,13.08,80.27,7,PostMonsoon,Clear,29.33,0.0,13.97,64.6,1016.0
2024-07-03,Chennai,13.08,80.27,7,PostMonsoon,Clear,28.5,0.0,16.02,64.7,1012.5
2024-07-04,Chennai,13.08,80.27,7,PostMonsoon,Clear,27.18,6.28,16.82,57.1,1011.3
2024-07-05,Chennai,13.08,80.27,7,PostMonsoon,Clear,28.98,2.65,16.65,57.7,1012.1
2024-07-06,Chennai,13.08,80.27,7,PostMonsoon,Clear,28.43,0.0,16.09,58.1,1014.6
2024-07-07,Chennai,13.08,80.27,7,PostMonsoon,Clear,30.12,0.0,16.51,61.5,1013.6
2024-07-08,Chennai,13.08,80.27,7,PostMonsoon,Clear,32.47,6.12,14.53,50.9,1016.5
2024-07-09,Chennai,13.08,80.27,7,PostMonsoon,Clear,33.75,0.85,15.12,58.7,1012.8
2024-07-10,Chennai,13.08,80.27,7,PostMonsoon,Convective,33.26,9.29,16.34,57.0,1014.5
2024-07-11,Chennai,13.08,80.27,7,PostMonsoon,Clear,31.91,1.98,18.06,66.5,1012.1
2024-07-12,Chennai,13.08,80.27,7,PostMonsoon,Clear,31.13,2.6,17.0,62.2,1010.9
2024-07-13,Chennai,13.08,80.27,7,PostMonsoon,Convective,31.08,12.73,20.24,60.7,1011.0
2024-07-14,Chennai,13.08,80.27,7,PostMonsoon,Clear,31.38,4.44,13.12,62.5,1013.5
2024-07-15,Chennai,13.08,80.27,7,PostMonsoon,Convective,33.71,12.37,14.88,58.1,1012.6
2024-07-16,Chennai,13.08,80.27,7,PostMonsoon,Clear,32.18,0.0,12.7,52.9,1010.8
2024-07-17,Chennai,13.08,80.27,7,PostMonsoon,Clear,32.02,0.0,10.33,48.8,1009.7
2024-07-18,Chennai,13.08,80.27,7,PostMonsoon,Clear,32.55,0.0,11.73,53.3,1015.2
2024-07-19,Chennai,13.08,80.27,7,PostMonsoon,Clear,34.21,0.0,16.08,58.6,1012.3
2024-07-20,Chennai,13.08,80.27,7,PostMonsoon,Clear,33.6,0.0,16.59,57.6,1014.1
2024-07-21,Chennai,13.08,80.27,7,PostMonsoon,Clear,33.02,7.63,16.24,67.2,1011.8
2024-07-22,Chennai,13.08,80.27,7,PostMonsoon,Clear,33.25,0.0,15.45,57.6,1010.5
2024-07-23,Chennai,13.08,80.27,7,PostMonsoon,Clear,33.44,1.47,14.47,54.4,1009.4
2024-07-24,Chennai,13.08,80.27,7,PostMonsoon,Clear,32.48,0.0,14.01,64.9,1012.5
2024-07-25,Chennai,13.08,80.27,7,PostMonsoon,Clear,34.69,0.0,12.22,63.4,1011.5
2024-07-26,Chennai,13.08,80.27,7,PostMonsoon,Clear,34.05,0.0,14.45,42.2,1019.5
2024-07-27,Chennai,13.08,80.27,7,PostMonsoon,Clear,35.51,0.0,14.53,56.1,1016.1
2024-07-28,Chennai,13.08,80.27,7,PostMonsoon,Clear,33.92,0.0,14.25,56.3,1015.0
2024-07-29,Chennai,13.08,80.27,7,PostMonsoon,Convective,34.62,8.87,15.5,54.9,1010.1
2024-07-30,Chennai,13.08,80.27,7,PostMonsoon,Clear,34.07,0.0,14.22,56.7,1015.0
2024-07-31,Chennai,13.08,80.27,7,PostMonsoon,Clear,32.71,0.0,12.53,46.6,1012.1
2024-08-01,Chennai,13.08,80.27,8,PostMonsoon,Clear,33.15,0.0,12.83,54.9,1013.2
2024-08-02,Chennai,13.08,80.27,8,PostMonsoon,Clear,32.87,0.0,14.45,49.0,1011.7
2024-08-03,Chennai,13.08,80.27,8,PostMonsoon,Clear,34.17,0.0,12.99,60.7,1009.9
2024-08-04,Chennai,13.08,80.27,8,PostMonsoon,Convective,32.69,27.14,15.29,52.5,1013.0
2024-08-05,Chennai,13.08,80.27,8,PostMonsoon,Clear,32.23,0.0,13.56,48.8,1013.4
2024-08-06,Chennai,13.08,80.27,8,PostMonsoon,Clear,32.45,0.0,13.37,45.4,1014.8
2024-08-07,Chennai,13.08,80.27,8,PostMonsoon,Clear,33.68,0.0,16.8,51.0,1009.9
2024-08-08,Chennai,13.08,80.27,8,PostMonsoon,Clear,34.12,0.0,13.81,53.4,1016.1
2024-08-09,Chennai,13.08,80.27,8,PostMonsoon,Clear,33.54,4.18,17.43,54.8,1011.4
2024-08-10,Chennai,13.08,80.27,8,PostMonsoon,Convective,33.25,9.41,15.59,47.4,1011.5
2024-08-11,Chennai,13.08,80.27,8,PostMonsoon,Convective,34.16,16.95,14.58,66.2,1014.4
2024-08-12,Chennai,13.08,80.27,8,PostMonsoon,Clear,32.54,1.85,9.84,53.4,1009.7
2024-08-13,Chennai,13.08,80.27,8,PostMonsoon,Clear,32.49,0.0,7.71,54.0,1012.8
2024-08-14,Chennai,13.08,80.27,8,PostMonsoon,Clear,30.48,0.0,8.54,66.3,1013.4
2024-08-15,Chennai,13.08,80.27,8,PostMonsoon,Clear,31.12,0.0,10.03,58.1,1009.6
2024-08-16,Chennai,13.08,80.27,8,PostMonsoon,Clear,31.68,0.0,11.5,53.1,1013.3
2024-08-17,Chennai,13.08,80.27,8,PostMonsoon,Clear,31.33,0.0,8.86,54.3,1013.0
2024-08-18,Chennai,13.08,80.27,8,PostMonsoon,Clear,31.02,0.0,7.64,53.1,1014.1
2024-08-19,Chennai,13.08,80.27,8,PostMonsoon,Clear,32.09,0.0,5.42,58.7,1012.3
2024-08-20,Chennai,13.08,80.27,8,PostMonsoon,Clear,34.2,0.0,7.81,50.7,1011.3
2024-08-21,Chennai,13.08,80.27,8,PostMonsoon,Clear,34.32,0.0,7.78,56.3,1012.2
2024-08-22,Chennai,13.08,80.27,8,PostMonsoon,Clear,32.02,0.0,9.05,56.3,1011.7
2024-08-23,Chennai,13.08,80.27,8,PostMonsoon,Clear,32.6,0.0,9.85,60.4,1011.5
2024-08-24,Chennai,13.08,80.27,8,PostMonsoon,Clear,32.48,0.0,11.48,54.5,1012.7
2024-08-25,Chennai,13.08,80.27,8,PostMonsoon,Convective,31.38,11.72,16.72,67.7,1010.2
2024-08-26,Chennai,13.08,80.27,8,PostMonsoon,Clear,31.76,0.0,14.56,63.0,1012.0
2024-08-27,Chennai,13.08,80.27,8,PostMonsoon,Clear,31.57,0.0,14.46,43.8,1010.4
2024-08-28,Chennai,13.08,80.27,8,PostMonsoon,Convective,33.76,11.83,15.44,64.6,1013.0
2024-08-29,Chennai,13.08,80.27,8,PostMonsoon,Convective,35.45,17.63,14.44,52.1,1011.2
2024-08-30,Chennai,13.08,80.27,8,PostMonsoon,Clear,34.1,0.0,11.37,62.8,1008.7
2024-08-31,Chennai,13.08,80.27,8,PostMonsoon,Clear,33.37,0.0,14.6,48.5,1014.4
2024-09-01,Chennai,13.08,80.27,9,PostMonsoon,Clear,32.39,0.0,12.12,57.2,1011.8
2024-09-02,Chennai,13.08,80.27,9,PostMonsoon,Clear,30.79,0.0,12.09,43.0,1014.3
2024-09-03,Chennai,13.08,80.27,9,PostMonsoon,Clear,31.45,0.0,9.16,62.7,1014.5
2024-09-04,Chennai,13.08,80.27,9,PostMonsoon,Clear,30.14,0.0,10.91,54.4,1012.8
2024-09-05,Chennai,13.08,80.27,9,PostMonsoon,Clear,31.0,0.0,11.46,57.9,1014.3
2024-09-06,Chennai,13.08,80.27,9,PostMonsoon,Clear,31.68,5.21,12.59,54.0,1012.0
2024-09-07,Chennai,13.08,80.27,9,PostMonsoon,Convective,29.19,13.72,14.49,65.1,1009.4
2024-09-08,Chennai,13.08,80.27,9,PostMonsoon,Convective,31.71,30.27,20.02,62.8,1012.4
2024-09-09,Chennai,13.08,80.27,9,PostMonsoon,Convective,33.52,9.0,12.31,59.7,1013.7
2024-09-10,Chennai,13.08,80.27,9,PostMonsoon,Clear,32.46,0.0,10.06,58.9,1013.2
2024-09-11,Chennai,13.08,80.27,9,PostMonsoon,Clear,32.06,0.0,11.88,35.4,1010.5
2024-09-12,Chennai,13.08,80.27,9,PostMonsoon,Clear,30.29,2.6,11.31,56.7,1014.4
2024-09-13,Chennai,13.08,80.27,9,PostMonsoon,Clear,30.19,1.99,9.41,52.1,1011.6
2024-09-14,Chennai,13.08,80.27,9,PostMonsoon,Clear,29.13,1.02,8.34,56.3,1014.0
2024-09-15,Chennai,13.08,80.27,9,PostMonsoon,Clear,30.48,3.0,9.71,64.4,1012.2
2024-09-16,Chennai,13.08,80.27,9,PostMonsoon,Clear,29.55,0.0,8.18,55.1,1010.6
2024-09-17,Chennai,13.08,80.27,9,PostMonsoon,Clear,28.24,0.0,9.35,60.2,1007.8
2024-09-18,Chennai,13.08,80.27,9,PostMonsoon,Clear,28.93,4.93,13.67,63.4,1014.3
2024-09-19,Chennai,13.08,80.27,9,PostMonsoon,Convective,29.3,8.06,13.38,66.2,1011.9
2024-09-20,Chennai,13.08,80.27,9,PostMonsoon,Clear,29.99,0.0,9.49,64.2,1013.1
2024-09-21,Chennai,13.08,80.27,9,PostMonsoon,Clear,32.27,0.0,9.46,53.9,1010.2
2024-09-22,Chennai,13.08,80.27,9,PostMonsoon,Clear,31.86,0.0,11.54,55.2,1010.0
2024-09-23,Chennai,13.08,80.27,9,PostMonsoon,Convective,32.35,13.91,14.68,53.4,1012.5
2024-09-24,Chennai,13.08,80.27,9,PostMonsoon,Clear,32.15,0.0,12.96,52.6,1011.4
2024-09-25,Chennai,13.08,80.27,9,PostMonsoon,Clear,32.33,0.0,13.4,50.5,1012.3
2024-09-26,Chennai,13.08,80.27,9,PostMonsoon,Clear,30.64,0.0,12.63,59.7,1014.5
2024-09-27,Chennai,13.08,80.27,9,PostMonsoon,Clear,32.87,0.0,11.38,54.4,1011.8
2024-09-28,Chennai,13.08,80.27,9,PostMonsoon,Clear,32.06,0.0,14.54,54.8,1011.8
2024-09-29,Chennai,13.08,80.27,9,PostMonsoon,Clear,31.38,0.0,13.43,48.8,1010.8
2024-09-30,Chennai,13.08,80.27,9,PostMonsoon,Clear,30.21,0.0,12.08,57.6,1007.1
2024-10-01,Chennai,13.08,80.27,10,Monsoon,Clear,27.41,0.0,11.88,65.0,1013.5
2024-10-02,Chennai,13.08,80.27,10,Monsoon,Clear,27.18,0.0,14.42,62.3,1011.7
2024-10-03,Chennai,13.08,80.27,10,Monsoon,Clear,28.6,0.0,11.92,60.4,1010.9
2024-10-04,Chennai,13.08,80.27,10,Monsoon,Clear,26.69,2.74,12.57,70.2,1011.0
2024-10-05,Chennai,13.08,80.27,10,Monsoon,Clear,25.92,5.36,12.05,68.1,1010.7
2024-10-06,Chennai,13.08,80.27,10,Monsoon,Clear,28.56,5.71,10.82,46.5,1013.8
2024-10-07,Chennai,13.08,80.27,10,Monsoon,Clear,28.68,4.37,11.94,47.0,1012.3
2024-10-08,Chennai,13.08,80.27,10,Monsoon,Monsoon,28.01,24.96,16.22,53.8,1007.1
2024-10-09,Chennai,13.08,80.27,10,Monsoon,Monsoon,26.52,9.33,14.26,59.3,1013.0
2024-10-10,Chennai,13.08,80.27,10,Monsoon,Monsoon,26.81,10.94,10.64,70.9,1010.8
2024-10-11,Chennai,13.08,80.27,10,Monsoon,Monsoon,27.88,9.3,10.7,63.8,1013.1
2024-10-12,Chennai,13.08,80.27,10,Monsoon,Clear,31.37,3.43,11.38,58.6,1012.4
2024-10-13,Chennai,13.08,80.27,10,Monsoon,Monsoon,30.86,11.55,10.77,55.8,1011.0
2024-10-14,Chennai,13.08,80.27,10,Monsoon,Monsoon,30.83,10.94,15.66,48.4,1012.3
2024-10-15,Chennai,13.08,80.27,10,Monsoon,Monsoon,31.36,19.37,16.87,67.3,1012.5
2024-10-16,Chennai,13.08,80.27,10,Monsoon,Clear,30.58,7.15,13.9,50.4,1011.5
2024-10-17,Chennai,13.08,80.27,10,Monsoon,Monsoon,30.65,20.18,14.46,65.5,1015.4
2024-10-18,Chennai,13.08,80.27,10,Monsoon,Clear,32.61,1.8,10.82,62.4,1014.5
2024-10-19,Chennai,13.08,80.27,10,Monsoon,Clear,31.43,1.36,11.41,48.0,1014.6
2024-10-20,Chennai,13.08,80.27,10,Monsoon,Clear,28.71,5.71,11.24,60.6,1016.1
2024-10-21,Chennai,13.08,80.27,10,Monsoon,Clear,29.16,0.0,8.7,51.5,1012.1
2024-10-22,Chennai,13.08,80.27,10,Monsoon,Clear,28.54,0.0,12.28,51.9,1010.7
2024-10-23,Chennai,13.08,80.27,10,Monsoon,Clear,29.26,0.0,13.3,51.1,1013.7
2024-10-24,Chennai,13.08,80.27,10,Monsoon,Clear,28.29,0.0,15.83,65.1,1010.9
2024-10-25,Chennai,13.08,80.27,10,Monsoon,Clear,26.61,4.56,15.04,67.4,1014.5
2024-10-26,Chennai,13.08,80.27,10,Monsoon,Clear,24.73,2.72,15.56,68.5,1014.6
2024-10-27,Chennai,13.08,80.27,10,Monsoon,Clear,23.99,1.05,12.82,59.3,1013.3
2024-10-28,Chennai,13.08,80.27,10,Monsoon,Monsoon,22.75,9.07,13.75,55.8,1016.2
2024-10-29,Chennai,13.08,80.27,10,Monsoon,Monsoon,24.97,19.85,15.28,61.5,1011.1
2024-10-30,Chennai,13.08,80.27,10,Monsoon,Monsoon,24.67,13.64,13.08,64.4,1012.1
2024-10-31,Chennai,13.08,80.27,10,Monsoon,Monsoon,24.49,28.25,14.29,74.9,1012.6
2024-11-01,Chennai,13.08,80.27,11,Monsoon,Clear,22.99,0.0,12.61,59.2,1014.2
2024-11-02,Chennai,13.08,80.27,11,Monsoon,Monsoon,25.47,16.0,13.16,52.4,1011.4
2024-11-03,Chennai,13.08,80.27,11,Monsoon,Clear,23.72,1.39,12.17,67.2,1012.8
2024-11-04,Chennai,13.08,80.27,11,Monsoon,Clear,26.07,6.75,14.79,45.0,1015.1
2024-11-05,Chennai,13.08,80.27,11,Monsoon,Clear,26.97,5.54,17.74,57.8,1011.5
2024-11-06,Chennai,13.08,80.27,11,Monsoon,Monsoon,28.1,14.32,18.53,50.6,1011.0
2024-11-07,Chennai,13.08,80.27,11,Monsoon,Monsoon,26.9,8.05,15.51,55.1,1013.4
2024-11-08,Chennai,13.08,80.27,11,Monsoon,Clear,27.05,5.55,14.74,58.8,1010.8
2024-11-09,Chennai,13.08,80.27,11,Monsoon,Monsoon,26.88,27.07,18.3,54.9,1009.4
2024-11-10,Chennai,13.08,80.27,11,Monsoon,Clear,26.43,7.54,12.83,64.9,1009.8
2024-11-11,Chennai,13.08,80.27,11,Monsoon,Clear,27.6,4.96,13.09,52.1,1009.4
2024-11-12,Chennai,13.08,80.27,11,Monsoon,Clear,28.45,6.62,15.32,53.5,1012.2
2024-11-13,Chennai,13.08,80.27,11,Monsoon,Clear,27.94,3.48,14.01,50.9,1011.6
2024-11-14,Chennai,13.08,80.27,11,Monsoon,Monsoon,27.07,11.15,11.29,67.3,1012.6
2024-11-15,Chennai,13.08,80.27,11,Monsoon,Monsoon,25.58,19.05,11.52,67.2,1013.2
2024-11-16,Chennai,13.08,80.27,11,Monsoon,Monsoon,26.44,14.48,14.93,61.6,1008.2
2024-11-17,Chennai,13.08,80.27,11,Monsoon,Monsoon,26.99,10.49,15.36,51.9,1010.7
2024-11-18,Chennai,13.08,80.27,11,Monsoon,Clear,25.75,3.46,15.66,51.9,1015.9
2024-11-19,Chennai,13.08,80.27,11,Monsoon,Clear,27.84,6.35,15.47,53.5,1009.6
2024-11-20,Chennai,13.08,80.27,11,Monsoon,Clear,28.33,1.7,14.96,49.0,1011.0
2024-11-21,Chennai,13.08,80.27,11,Monsoon,Clear,28.46,0.0,15.65,41.7,1015.3
2024-11-22,Chennai,13.08,80.27,11,Monsoon,Clear,28.52,7.69,16.34,65.1,1016.3
2024-11-23,Chennai,13.08,80.27,11,Monsoon,Clear,29.74,0.88,14.18,56.4,1014.1
2024-11-24,Chennai,13.08,80.27,11,Monsoon,Clear,27.48,4.67,15.46,58.2,1014.1
2024-11-25,Chennai,13.08,80.27,11,Monsoon,Monsoon,26.15,8.05,15.6,59.5,1013.6
2024-11-26,Chennai,13.08,80.27,11,Monsoon,Clear,27.76,7.46,14.13,53.0,1014.5
2024-11-27,Chennai,13.08,80.27,11,Monsoon,Monsoon,28.59,10.5,13.65,44.2,1010.5
2024-11-28,Chennai,13.08,80.27,11,Monsoon,Monsoon,29.28,12.93,14.8,49.1,1013.4
2024-11-29,Chennai,13.08,80.27,11,Monsoon,Monsoon,26.89,25.46,19.37,58.0,1008.1
2024-11-30,Chennai,13.08,80.27,11,Monsoon,Monsoon,25.88,23.66,18.4,68.6,1010.1
2024-12-01,Chennai,13.08,80.27,12,Monsoon,Monsoon,26.13,24.04,14.93,63.9,1008.8
2024-12-02,Chennai,13.08,80.27,12,Monsoon,Clear,26.48,0.66,8.38,48.1,1013.6
2024-12-03,Chennai,13.08,80.27,12,Monsoon,Clear,25.35,5.73,9.42,62.1,1008.9
2024-12-04,Chennai,13.08,80.27,12,Monsoon,Clear,25.82,0.0,5.1,55.1,1012.6
2024-12-05,Chennai,13.08,80.27,12,Monsoon,Clear,27.52,0.0,8.69,64.8,1015.7
2024-12-06,Chennai,13.08,80.27,12,Monsoon,Monsoon,26.99,13.15,7.31,56.8,1014.0
2024-12-07,Chennai,13.08,80.27,12,Monsoon,Monsoon,25.02,10.93,12.47,51.2,1013.9
2024-12-08,Chennai,13.08,80.27,12,Monsoon,Clear,25.65,2.73,11.81,66.5,1015.1
2024-12-09,Chennai,13.08,80.27,12,Monsoon,Clear,25.48,0.0,12.08,47.4,1013.6
2024-12-10,Chennai,13.08,80.27,12,Monsoon,Clear,25.42,0.0,9.76,45.3,1011.6
2024-12-11,Chennai,13.08,80.27,12,Monsoon,Clear,25.0,6.03,9.49,63.6,1014.2
2024-12-12,Chennai,13.08,80.27,12,Monsoon,Clear,23.79,3.68,7.24,51.3,1012.0
2024-12-13,Chennai,13.08,80.27,12,Monsoon,Clear,25.29,5.58,10.93,56.9,1012.5
2024-12-14,Chennai,13.08,80.27,12,Monsoon,Clear,25.1,2.68,9.48,61.1,1008.1
2024-12-15,Chennai,13.08,80.27,12,Monsoon,Clear,26.09,3.12,9.8,51.9,1009.7
2024-12-16,Chennai,13.08,80.27,12,Monsoon,Monsoon,24.64,10.1,10.55,57.5,1011.7
2024-12-17,Chennai,13.08,80.27,12,Monsoon,Clear,24.22,3.07,11.31,59.4,1013.3
2024-12-18,Chennai,13.08,80.27,12,Monsoon,Clear,23.26,7.87,9.3,60.0,1010.5
2024-12-19,Chennai,13.08,80.27,12,Monsoon,Clear,21.68,5.68,9.33,61.8,1012.6
2024-12-20,Chennai,13.08,80.27,12,Monsoon,Clear,21.86,0.0,8.13,55.7,1010.3
2024-12-21,Chennai,13.08,80.27,12,Monsoon,Clear,24.02,0.16,7.62,62.2,1014.2
2024-12-22,Chennai,13.08,80.27,12,Monsoon,Clear,24.75,5.24,10.68,61.5,1014.9
2024-12-23,Chennai,13.08,80.27,12,Monsoon,Monsoon,22.72,12.34,13.49,59.3,1012.0
2024-12-24,Chennai,13.08,80.27,12,Monsoon,Monsoon,23.87,13.24,10.06,68.0,1011.4
2024-12-25,Chennai,13.08,80.27,12,Monsoon,Clear,20.92,3.95,7.43,56.4,1013.6
2024-12-26,Chennai,13.08,80.27,12,Monsoon,Monsoon,22.96,11.89,10.95,50.8,1012.8
2024-12-27,Chennai,13.08,80.27,12,Monsoon,Clear,23.04,2.5,9.78,62.7,1010.8
2024-12-28,Chennai,13.08,80.27,12,Monsoon,Monsoon,23.93,19.41,10.92,65.7,1011.2
2024-12-29,Chennai,13.08,80.27,12,Monsoon,Monsoon,24.69,11.17,7.77,56.9,1008.7
2024-12-30,Chennai,13.08,80.27,12,Monsoon,Clear,25.27,6.69,9.98,65.1,1007.5
2024-12-31,Chennai,13.08,80.27,12,Monsoon,Clear,23.85,0.0,9.48,48.7,1012.4
2025-01-01,Chennai,13.08,80.27,1,Winter,Clear,25.72,0.0,9.68,46.5,1014.3
2025-01-02,Chennai,13.08,80.27,1,Winter,Clear,26.24,0.0,11.55,41.7,1013.8
2025-01-03,Chennai,13.08,80.27,1,Winter,Clear,25.88,0.0,12.04,47.0,1012.9
2025-01-04,Chennai,13.08,80.27,1,Winter,Clear,26.83,2.16,9.04,58.9,1009.9
2025-01-05,Chennai,13.08,80.27,1,Winter,Clear,25.41,0.0,8.31,53.4,1016.4
2025-01-06,Chennai,13.08,80.27,1,Winter,Clear,26.12,0.0,7.68,61.0,1014.3
2025-01-07,Chennai,13.08,80.27,1,Winter,Clear,23.87,0.0,7.36,44.9,1012.5
2025-01-08,Chennai,13.08,80.27,1,Winter,Clear,25.08,0.0,9.62,58.7,1013.5
2025-01-09,Chennai,13.08,80.27,1,Winter,Clear,25.61,0.0,8.67,68.0,1011.9
2025-01-10,Chennai,13.08,80.27,1,Winter,Clear,25.58,0.0,10.8,54.8,1010.0
2025-01-11,Chennai,13.08,80.27,1,Winter,Clear,27.41,0.0,13.66,45.3,1016.7
2025-01-12,Chennai,13.08,80.27,1,Winter,Clear,25.4,0.0,11.95,45.3,1013.2
2025-01-13,Chennai,13.08,80.27,1,Winter,Clear,24.94,1.72,12.28,62.3,1014.2
2025-01-14,Chennai,13.08,80.27,1,Winter,Clear,25.48,3.0,12.94,57.3,1012.7
2025-01-15,Chennai,13.08,80.27,1,Winter,Clear,24.07,0.0,11.21,72.0,1011.5
2025-01-16,Chennai,13.08,80.27,1,Winter,Clear,24.55,0.0,8.46,59.4,1013.4
2025-01-17,Chennai,13.08,80.27,1,Winter,Clear,24.26,5.99,11.72,74.0,1009.3
2025-01-18,Chennai,13.08,80.27,1,Winter,Clear,25.8,0.0,13.5,59.3,1013.8
2025-01-19,Chennai,13.08,80.27,1,Winter,Clear,26.31,0.0,12.73,60.7,1010.6
2025-01-20,Chennai,13.08,80.27,1,Winter,Clear,28.13,0.0,12.18,68.7,1013.0
2025-01-21,Chennai,13.08,80.27,1,Winter,Clear,27.29,0.0,10.12,53.1,1012.4
2025-01-22,Chennai,13.08,80.27,1,Winter,Clear,26.47,0.0,10.48,57.6,1013.4
2025-01-23,Chennai,13.08,80.27,1,Winter,Clear,27.38,0.0,11.28,57.6,1014.8
2025-01-24,Chennai,13.08,80.27,1,Winter,Clear,24.85,0.0,9.52,54.2,1012.0
2025-01-25,Chennai,13.08,80.27,1,Winter,Clear,24.81,0.0,11.9,61.0,1013.1
2025-01-26,Chennai,13.08,80.27,1,Winter,Clear,23.79,0.0,11.17,66.3,1015.4
2025-01-27,Chennai,13.08,80.27,1,Winter,Clear,24.3,0.0,11.47,63.8,1011.4
2025-01-28,Chennai,13.08,80.27,1,Winter,Clear,24.77,0.0,11.93,61.3,1009.6
2025-01-29,Chennai,13.08,80.27,1,Winter,Clear,24.46,2.04,10.55,61.0,1012.6
2025-01-30,Chennai,13.08,80.27,1,Winter,Clear,24.07,0.0,10.86,65.2,1012.0
2025-01-31,Chennai,13.08,80.27,1,Winter,Clear,23.68,0.0,9.81,69.9,1010.6
2025-02-01,Chennai,13.08,80.27,2,Winter,Clear,24.94,0.0,8.47,73.3,1012.9
2025-02-02,Chennai,13.08,80.27,2,Winter,Clear,25.25,0.0,7.44,66.5,1014.9
2025-02-03,Chennai,13.08,80.27,2,Winter,Clear,26.15,0.0,6.96,55.7,1012.4
2025-02-04,Chennai,13.08,80.27,2,Winter,Clear,26.74,0.0,8.52,59.3,1013.6
2025-02-05,Chennai,13.08,80.27,2,Winter,Clear,26.7,0.0,4.01,67.3,1014.2
2025-02-06,Chennai,13.08,80.27,2,Winter,Clear,26.6,0.0,7.36,54.4,1016.2
2025-02-07,Chennai,13.08,80.27,2,Winter,Clear,27.88,0.0,10.06,46.7,1014.5
2025-02-08,Chennai,13.08,80.27,2,Winter,Clear,27.14,0.0,7.94,52.6,1011.4
2025-02-09,Chennai,13.08,80.27,2,Winter,Clear,26.95,0.0,8.35,55.7,1009.5
2025-02-10,Chennai,13.08,80.27,2,Winter,Clear,25.77,0.0,8.86,55.0,1013.6
2025-02-11,Chennai,13.08,80.27,2,Winter,Clear,26.55,0.0,10.72,61.9,1012.8
2025-02-12,Chennai,13.08,80.27,2,Winter,Clear,26.13,0.0,10.08,50.3,1011.8
2025-02-13,Chennai,13.08,80.27,2,Winter,Clear,25.45,2.73,12.72,66.4,1008.3
2025-02-14,Chennai,13.08,80.27,2,Winter,Clear,24.7,0.0,10.9,59.2,1012.8
2025-02-15,Chennai,13.08,80.27,2,Winter,Clear,25.04,0.0,10.35,63.2,1014.0
2025-02-16,Chennai,13.08,80.27,2,Winter,Clear,25.5,0.0,9.78,60.8,1014.5
2025-02-17,Chennai,13.08,80.27,2,Winter,Clear,26.48,0.0,8.61,53.4,1012.1
2025-02-18,Chennai,13.08,80.27,2,Winter,Clear,26.91,0.0,7.33,55.3,1013.1
2025-02-19,Chennai,13.08,80.27,2,Winter,Clear,26.6,0.0,8.88,58.0,1013.5
2025-02-20,Chennai,13.08,80.27,2,Winter,Clear,26.79,0.0,9.81,58.3,1009.0
2025-02-21,Chennai,13.08,80.27,2,Winter,Clear,28.04,0.0,10.23,54.6,1013.7
2025-02-22,Chennai,13.08,80.27,2,Winter,Clear,27.48,8.0,11.25,56.3,1010.0
2025-02-23,Chennai,13.08,80.27,2,Winter,Clear,29.23,0.0,11.24,50.1,1016.1
2025-02-24,Chennai,13.08,80.27,2,Winter,Clear,27.8,0.0,11.76,50.7,1012.8
2025-02-25,Chennai,13.08,80.27,2,Winter,Clear,27.06,0.0,9.67,55.6,1010.5
2025-02-26,Chennai,13.08,80.27,2,Winter,Clear,27.78,0.0,7.92,43.6,1014.6
2025-02-27,Chennai,13.08,80.27,2,Winter,Convective,28.57,22.15,14.46,64.6,1010.0
2025-02-28,Chennai,13.08,80.27,2,Winter,Clear,27.91,0.0,9.13,45.9,1014.1
2025-03-01,Chennai,13.08,80.27,3,Summer,Clear,30.23,0.0,9.08,57.9,1007.5
2025-03-02,Chennai,13.08,80.27,3,Summer,Clear,27.99,0.0,11.14,52.0,1011.4
2025-03-03,Chennai,13.08,80.27,3,Summer,Clear,29.08,0.0,10.11,44.6,1013.6
2025-03-04,Chennai,13.08,80.27,3,Summer,Clear,28.5,0.0,8.64,61.4,1012.1
2025-03-05,Chennai,13.08,80.27,3,Summer,Clear,29.73,0.0,8.1,52.7,1013.0
2025-03-06,Chennai,13.08,80.27,3,Summer,Clear,29.29,0.0,10.04,60.8,1015.3
2025-03-07,Chennai,13.08,80.27,3,Summer,Clear,29.4,0.0,7.97,54.9,1015.2
2025-03-08,Chennai,13.08,80.27,3,Summer,Clear,28.66,0.0,7.26,62.4,1012.0
2025-03-09,Chennai,13.08,80.27,3,Summer,Clear,26.18,0.0,6.49,42.8,1014.5
2025-03-10,Chennai,13.08,80.27,3,Summer,Clear,27.02,0.0,4.15,54.0,1010.6
2025-03-11,Chennai,13.08,80.27,3,Summer,Clear,27.42,0.0,9.08,53.7,1012.8
2025-03-12,Chennai,13.08,80.27,3,Summer,Clear,27.25,0.0,8.07,63.4,1013.4
2025-03-13,Chennai,13.08,80.27,3,Summer,Clear,26.65,0.0,8.12,60.2,1012.6
2025-03-14,Chennai,13.08,80.27,3,Summer,Clear,27.05,0.0,9.42,64.6,1014.7
2025-03-15,Chennai,13.08,80.27,3,Summer,Clear,26.64,0.0,7.41,50.1,1013.2
2025-03-16,Chennai,13.08,80.27,3,Summer,Clear,27.95,0.0,9.88,52.1,1013.2
2025-03-17,Chennai,13.08,80.27,3,Summer,Clear,28.54,0.0,9.83,60.0,1013.2
2025-03-18,Chennai,13.08,80.27,3,Summer,Clear,30.11,0.0,9.7,52.0,1010.0
2025-03-19,Chennai,13.08,80.27,3,Summer,Clear,29.87,0.0,13.59,55.8,1014.3
2025-03-20,Chennai,13.08,80.27,3,Summer,Clear,29.84,0.0,13.03,59.5,1012.8
2025-03-21,Chennai,13.08,80.27,3,Summer,Clear,29.14,0.0,11.76,55.8,1015.0
2025-03-22,Chennai,13.08,80.27,3,Summer,Clear,28.97,0.0,11.58,58.1,1013.8
2025-03-23,Chennai,13.08,80.27,3,Summer,Clear,27.7,0.0,10.36,59.3,1013.9
2025-03-24,Chennai,13.08,80.27,3,Summer,Clear,27.45,0.0,7.52,57.2,1013.8
2025-03-25,Chennai,13.08,80.27,3,Summer,Clear,28.58,0.0,5.81,60.7,1014.6
2025-03-26,Chennai,13.08,80.27,3,Summer,Clear,27.56,0.0,6.15,57.8,1011.1
2025-03-27,Chennai,13.08,80.27,3,Summer,Clear,27.75,0.0,5.93,68.4,1012.5
2025-03-28,Chennai,13.08,80.27,3,Summer,Clear,26.77,0.0,8.2,63.8,1015.1
2025-03-29,Chennai,13.08,80.27,3,Summer,Clear,28.33,0.0,7.33,59.7,1012.8
2025-03-30,Chennai,13.08,80.27,3,Summer,Clear,27.79,0.0,9.73,61.0,1014.2
2025-03-31,Chennai,13.08,80.27,3,Summer,Clear,27.14,0.0,8.37,60.4,1012.9
2025-04-01,Chennai,13.08,80.27,4,Summer,Clear,34.44,4.18,9.77,68.4,1012.0
2025-04-02,Chennai,13.08,80.27,4,Summer,Clear,33.52,0.0,11.72,49.6,1013.2
2025-04-03,Chennai,13.08,80.27,4,Summer,Clear,33.71,0.0,10.26,60.7,1017.3
2025-04-04,Chennai,13.08,80.27,4,Summer,Clear,31.22,0.0,11.92,65.0,1015.0
2025-04-05,Chennai,13.08,80.27,4,Summer,Clear,31.65,0.0,11.67,58.9,1013.4
2025-04-06,Chennai,13.08,80.27,4,Summer,Clear,30.87,0.0,10.23,66.5,1012.2
2025-04-07,Chennai,13.08,80.27,4,Summer,Clear,31.8,0.0,11.42,52.4,1014.4
2025-04-08,Chennai,13.08,80.27,4,Summer,Clear,31.49,0.0,10.49,59.3,1012.6
2025-04-09,Chennai,13.08,80.27,4,Summer,Clear,32.29,0.0,10.28,68.0,1011.0
2025-04-10,Chennai,13.08,80.27,4,Summer,Clear,30.89,0.0,9.67,56.7,1013.5
2025-04-11,Chennai,13.08,80.27,4,Summer,Clear,31.94,0.0,9.64,61.5,1011.1
2025-04-12,Chennai,13.08,80.27,4,Summer,Clear,33.2,0.0,8.38,50.8,1013.1
2025-04-13,Chennai,13.08,80.27,4,Summer,Clear,32.01,0.0,6.63,63.4,1012.1
2025-04-14,Chennai,13.08,80.27,4,Summer,Clear,31.71,0.0,7.97,63.0,1013.7
2025-04-15,Chennai,13.08,80.27,4,Summer,Clear,30.18,0.0,6.96,63.2,1010.4
2025-04-16,Chennai,13.08,80.27,4,Summer,Clear,29.97,0.0,9.97,62.0,1014.3
2025-04-17,Chennai,13.08,80.27,4,Summer,Clear,32.46,0.0,8.99,58.1,1009.4
2025-04-18,Chennai,13.08,80.27,4,Summer,Clear,31.5,0.0,10.72,57.5,1013.2
2025-04-19,Chennai,13.08,80.27,4,Summer,Clear,33.33,0.0,10.79,64.6,1013.1
2025-04-20,Chennai,13.08,80.27,4,Summer,Clear,31.76,0.0,13.7,61.7,1012.2
2025-04-21,Chennai,13.08,80.27,4,Summer,Clear,32.84,0.0,13.06,61.3,1013.6
2025-04-22,Chennai,13.08,80.27,4,Summer,Clear,31.53,0.0,9.98,56.9,1014.3
2025-04-23,Chennai,13.08,80.27,4,Summer,Clear,31.67,0.0,11.94,72.0,1014.4
2025-04-24,Chennai,13.08,80.27,4,Summer,Clear,33.19,0.0,12.5,54.0,1011.4
2025-04-25,Chennai,13.08,80.27,4,Summer,Clear,34.05,0.0,8.8,63.2,1011.4
2025-04-26,Chennai,13.08,80.27,4,Summer,Clear,32.75,0.0,9.2,60.8,1012.6
2025-04-27,Chennai,13.08,80.27,4,Summer,Clear,33.44,0.0,10.13,54.1,1011.6
2025-04-28,Chennai,13.08,80.27,4,Summer,Convective,33.09,9.21,12.08,66.4,1010.8
2025-04-29,Chennai,13.08,80.27,4,Summer,Clear,34.01,0.0,9.91,56.1,1011.0
2025-04-30,Chennai,13.08,80.27,4,Summer,Clear,31.07,0.0,8.95,49.2,1013.3
2025-05-01,Chennai,13.08,80.27,5,Summer,Clear,31.91,0.0,12.2,52.1,1012.1
2025-05-02,Chennai,13.08,80.27,5,Summer,Clear,33.57,0.0,12.62,58.6,1013.7
2025-05-03,Chennai,13.08,80.27,5,Summer,Clear,34.2,0.0,14.64,63.7,1013.8
2025-05-04,Chennai,13.08,80.27,5,Summer,Clear,34.09,0.0,11.51,56.2,1012.2
2025-05-05,Chennai,13.08,80.27,5,Summer,Clear,34.67,0.0,13.43,49.7,1014.8
2025-05-06,Chennai,13.08,80.27,5,Summer,Clear,34.01,0.0,14.91,58.4,1010.7
2025-05-07,Chennai,13.08,80.27,5,Summer,Clear,33.74,0.0,14.64,58.5,1014.5
2025-05-08,Chennai,13.08,80.27,5,Summer,Clear,33.68,0.0,15.4,58.6,1012.1
2025-05-09,Chennai,13.08,80.27,5,Summer,Clear,34.45,0.0,13.02,46.9,1010.0
2025-05-10,Chennai,13.08,80.27,5,Summer,Clear,35.97,0.0,12.87,65.1,1010.9
2025-05-11,Chennai,13.08,80.27,5,Summer,Clear,34.52,0.0,14.13,52.7,1014.6
2025-05-12,Chennai,13.08,80.27,5,Summer,Clear,36.64,0.0,11.75,51.9,1015.2
2025-05-13,Chennai,13.08,80.27,5,Summer,Clear,34.19,0.0,14.21,60.8,1012.0
2025-05-14,Chennai,13.08,80.27,5,Summer,Clear,35.03,0.0,12.98,55.3,1013.9
2025-05-15,Chennai,13.08,80.27,5,Summer,Heatwave,36.86,0.0,13.7,52.9,1011.8
2025-05-16,Chennai,13.08,80.27,5,Summer,Heatwave,37.04,0.0,12.31,60.5,1013.3
2025-05-17,Chennai,13.08,80.27,5,Summer,Heatwave,38.27,0.0,12.93,52.2,1014.0
2025-05-18,Chennai,13.08,80.27,5,Summer,Heatwave,37.58,0.0,10.25,57.1,1009.1
2025-05-19,Chennai,13.08,80.27,5,Summer,Clear,36.23,0.0,8.9,49.2,1015.3
2025-05-20,Chennai,13.08,80.27,5,Summer,Clear,36.48,0.0,13.88,47.6,1010.2
2025-05-21,Chennai,13.08,80.27,5,Summer,Heatwave,38.75,0.0,17.94,41.7,1012.1
2025-05-22,Chennai,13.08,80.27,5,Summer,Heatwave,39.74,0.0,15.7,55.2,1014.8
2025-05-23,Chennai,13.08,80.27,5,Summer,Heatwave,39.45,0.0,14.73,61.2,1017.7
2025-05-24,Chennai,13.08,80.27,5,Summer,Heatwave,37.56,0.0,12.59,53.7,1009.2
2025-05-25,Chennai,13.08,80.27,5,Summer,Heatwave,37.21,0.0,12.91,57.4,1015.4
2025-05-26,Chennai,13.08,80.27,5,Summer,Heatwave,37.11,0.0,12.75,58.2,1013.1
2025-05-27,Chennai,13.08,80.27,5,Summer,Clear,35.98,0.0,12.23,54.9,1012.0
2025-05-28,Chennai,13.08,80.27,5,Summer,Clear,36.36,0.0,13.56,48.0,1012.7
2025-05-29,Chennai,13.08,80.27,5,Summer,Heatwave,36.96,0.0,14.46,61.7,1010.8
2025-05-30,Chennai,13.08,80.27,5,Summer,Clear,36.34,0.0,11.02,52.4,1011.8
2025-05-31,Chennai,13.08,80.27,5,Summer,Heatwave,37.72,0.0,11.29,49.0,1015.1
2025-06-01,Chennai,13.08,80.27,6,Summer,Heatwave,37.16,2.34,15.7,56.1,1013.5
2025-06-02,Chennai,13.08,80.27,6,Summer,Convective,35.91,31.01,21.32,57.5,1011.0
2025-06-03,Chennai,13.08,80.27,6,Summer,Clear,33.48,0.0,16.46,67.9,1010.9
2025-06-04,Chennai,13.08,80.27,6,Summer,Clear,32.09,0.0,14.88,61.2,1011.5
2025-06-05,Chennai,13.08,80.27,6,Summer,Clear,33.29,0.0,17.84,55.0,1014.6
2025-06-06,Chennai,13.08,80.27,6,Summer,Clear,33.34,0.0,12.68,66.5,1012.6
2025-06-07,Chennai,13.08,80.27,6,Summer,Clear,34.27,0.0,14.24,60.9,1012.7
2025-06-08,Chennai,13.08,80.27,6,Summer,Clear,34.11,0.0,14.45,64.0,1012.2
2025-06-09,Chennai,13.08,80.27,6,Summer,Clear,34.59,0.0,14.25,59.6,1011.9
2025-06-10,Chennai,13.08,80.27,6,Summer,Clear,33.82,0.0,14.11,59.2,1011.0
2025-06-11,Chennai,13.08,80.27,6,Summer,Clear,33.1,0.0,13.66,49.1,1012.8
2025-06-12,Chennai,13.08,80.27,6,Summer,Convective,33.27,12.07,18.51,65.4,1010.2
2025-06-13,Chennai,13.08,80.27,6,Summer,Clear,32.64,1.58,15.36,62.6,1013.6
2025-06-14,Chennai,13.08,80.27,6,Summer,Clear,31.12,0.0,14.14,59.8,1013.6
2025-06-15,Chennai,13.08,80.27,6,Summer,Clear,32.32,0.0,14.84,61.9,1017.3
2025-06-16,Chennai,13.08,80.27,6,Summer,Clear,34.98,0.0,14.96,61.5,1014.3
2025-06-17,Chennai,13.08,80.27,6,Summer,Heatwave,36.58,0.0,15.97,44.2,1013.4
2025-06-18,Chennai,13.08,80.27,6,Summer,Clear,35.44,0.0,14.55,59.4,1014.5
2025-06-19,Chennai,13.08,80.27,6,Summer,Clear,34.21,0.71,14.3,61.1,1014.5
2025-06-20,Chennai,13.08,80.27,6,Summer,Convective,35.44,11.95,15.75,56.7,1011.3
2025-06-21,Chennai,13.08,80.27,6,Summer,Clear,34.21,0.0,15.26,61.9,1010.8
2025-06-22,Chennai,13.08,80.27,6,Summer,Convective,35.1,9.52,18.59,51.5,1015.6
2025-06-23,Chennai,13.08,80.27,6,Summer,Clear,34.01,0.0,13.94,52.1,1010.8
2025-06-24,Chennai,13.08,80.27,6,Summer,Clear,35.02,0.0,13.48,58.0,1012.9
2025-06-25,Chennai,13.08,80.27,6,Summer,Clear,34.62,0.0,15.31,59.7,1012.8
2025-06-26,Chennai,13.08,80.27,6,Summer,Clear,35.15,0.0,15.96,61.8,1012.5
2025-06-27,Chennai,13.08,80.27,6,Summer,Clear,33.28,0.0,17.68,56.8,1013.8
2025-06-28,Chennai,13.08,80.27,6,Summer,Clear,33.66,0.0,15.94,59.8,1011.1
2025-06-29,Chennai,13.08,80.27,6,Summer,Clear,34.58,0.0,16.71,54.3,1011.1
2025-06-30,Chennai,13.08,80.27,6,Summer,Clear,33.53,0.0,14.78,69.7,1011.3
2025-07-01,Chennai,13.08,80.27,7,PostMonsoon,Clear,31.37,0.0,17.27,51.6,1016.6
2025-07-02,Chennai,13.08,80.27,7,PostMonsoon,Clear,32.16,0.0,17.55,53.3,1012.2
2025-07-03,Chennai,13.08,80.27,7,PostMonsoon,Convective,33.63,10.31,18.92,69.2,1010.2
2025-07-04,Chennai,13.08,80.27,7,PostMonsoon,Clear,31.92,2.05,16.66,61.6,1011.4
2025-07-05,Chennai,13.08,80.27,7,PostMonsoon,Clear,33.19,0.74,14.88,55.6,1015.1
2025-07-06,Chennai,13.08,80.27,7,PostMonsoon,Convective,33.7,13.5,20.37,57.4,1010.6
2025-07-07,Chennai,13.08,80.27,7,PostMonsoon,HighWind,33.94,7.1,23.05,65.2,1009.9
2025-07-08,Chennai,13.08,80.27,7,PostMonsoon,Clear,34.07,0.0,17.08,43.0,1012.9
2025-07-09,Chennai,13.08,80.27,7,PostMonsoon,Clear,33.6,0.0,16.31,53.5,1016.2
2025-07-10,Chennai,13.08,80.27,7,PostMonsoon,Clear,33.07,0.0,16.37,57.5,1014.0
2025-07-11,Chennai,13.08,80.27,7,PostMonsoon,Clear,33.82,0.0,16.46,59.7,1012.7
2025-07-12,Chennai,13.08,80.27,7,PostMonsoon,Clear,33.26,0.0,16.61,55.3,1014.6
2025-07-13,Chennai,13.08,80.27,7,PostMonsoon,Clear,34.82,6.93,14.82,55.5,1009.6
2025-07-14,Chennai,13.08,80.27,7,PostMonsoon,Clear,33.32,0.4,13.46,61.8,1012.6
2025-07-15,Chennai,13.08,80.27,7,PostMonsoon,Clear,30.39,0.0,13.89,61.5,1012.3
2025-07-16,Chennai,13.08,80.27,7,PostMonsoon,Convective,30.37,18.5,17.36,68.0,1012.4
2025-07-17,Chennai,13.08,80.27,7,PostMonsoon,Clear,30.36,6.24,14.21,54.2,1010.1
2025-07-18,Chennai,13.08,80.27,7,PostMonsoon,Convective,29.19,20.52,16.62,66.5,1011.5
2025-07-19,Chennai,13.08,80.27,7,PostMonsoon,Clear,30.59,0.0,13.06,58.0,1012.8
2025-07-20,Chennai,13.08,80.27,7,PostMonsoon,Clear,30.0,1.61,17.31,58.0,1013.3
2025-07-21,Chennai,13.08,80.27,7,PostMonsoon,Clear,29.15,5.72,15.98,63.2,1012.6
2025-07-22,Chennai,13.08,80.27,7,PostMonsoon,Convective,29.65,8.22,18.29,57.4,1013.5
2025-07-23,Chennai,13.08,80.27,7,PostMonsoon,Clear,30.88,1.39,11.37,66.7,1016.6
2025-07-24,Chennai,13.08,80.27,7,PostMonsoon,Convective,32.04,26.04,15.02,57.4,1009.8
2025-07-25,Chennai,13.08,80.27,7,PostMonsoon,Clear,32.12,3.16,14.29,58.2,1016.0
2025-07-26,Chennai,13.08,80.27,7,PostMonsoon,Clear,32.73,6.51,14.72,56.0,1009.3
2025-07-27,Chennai,13.08,80.27,7,PostMonsoon,Clear,30.01,3.15,14.64,67.9,1011.5
2025-07-28,Chennai,13.08,80.27,7,PostMonsoon,Convective,29.69,12.26,17.93,50.1,1016.6
2025-07-29,Chennai,13.08,80.27,7,PostMonsoon,Clear,30.28,0.0,13.61,52.3,1016.2
2025-07-30,Chennai,13.08,80.27,7,PostMonsoon,Clear,29.06,0.0,15.8,55.1,1009.4
2025-07-31,Chennai,13.08,80.27,7,PostMonsoon,Clear,30.2,0.0,14.18,50.3,1014.5
2025-08-01,Chennai,13.08,80.27,8,PostMonsoon,Convective,30.54,13.93,10.95,60.1,1011.7
2025-08-02,Chennai,13.08,80.27,8,PostMonsoon,Convective,29.06,35.41,16.42,64.7,1006.7
2025-08-03,Chennai,13.08,80.27,8,PostMonsoon,Convective,29.87,15.06,12.09,56.3,1010.8
2025-08-04,Chennai,13.08,80.27,8,PostMonsoon,Clear,30.03,0.0,7.09,56.6,1013.4
2025-08-05,Chennai,13.08,80.27,8,PostMonsoon,Clear,28.39,3.36,11.35,59.9,1014.7
2025-08-06,Chennai,13.08,80.27,8,PostMonsoon,Clear,31.43,0.0,13.61,61.1,1012.6
2025-08-07,Chennai,13.08,80.27,8,PostMonsoon,Convective,29.98,11.63,14.43,57.4,1012.1
2025-08-08,Chennai,13.08,80.27,8,PostMonsoon,Storm,29.49,46.94,22.04,75.9,1006.4
2025-08-09,Chennai,13.08,80.27,8,PostMonsoon,Clear,28.43,0.0,12.36,68.7,1013.1
2025-08-10,Chennai,13.08,80.27,8,PostMonsoon,Clear,27.83,3.84,11.83,61.6,1012.9
2025-08-11,Chennai,13.08,80.27,8,PostMonsoon,Convective,28.26,33.42,18.55,71.3,1008.5
2025-08-12,Chennai,13.08,80.27,8,PostMonsoon,Clear,28.47,0.0,13.99,62.7,1011.5
2025-08-13,Chennai,13.08,80.27,8,PostMonsoon,Clear,30.38,0.0,11.23,57.0,1016.7
2025-08-14,Chennai,13.08,80.27,8,PostMonsoon,Clear,29.93,0.0,15.74,54.0,1013.3
2025-08-15,Chennai,13.08,80.27,8,PostMonsoon,Clear,29.87,0.0,13.48,63.4,1014.1
2025-08-16,Chennai,13.08,80.27,8,PostMonsoon,Clear,28.25,0.0,14.86,64.6,1010.9
2025-08-17,Chennai,13.08,80.27,8,PostMonsoon,Clear,30.12,0.0,15.88,56.4,1013.0
2025-08-18,Chennai,13.08,80.27,8,PostMonsoon,Convective,29.63,28.64,19.4,65.2,1012.3
2025-08-19,Chennai,13.08,80.27,8,PostMonsoon,Convective,29.82,17.88,13.87,60.5,1010.7
2025-08-20,Chennai,13.08,80.27,8,PostMonsoon,Clear,29.41,0.0,10.2,64.1,1011.3
2025-08-21,Chennai,13.08,80.27,8,PostMonsoon,Convective,28.21,10.21,12.13,66.1,1009.9
2025-08-22,Chennai,13.08,80.27,8,PostMonsoon,Clear,28.43,0.0,11.8,55.7,1013.7
2025-08-23,Chennai,13.08,80.27,8,PostMonsoon,Clear,30.32,0.0,12.81,63.5,1012.9
2025-08-24,Chennai,13.08,80.27,8,PostMonsoon,Clear,31.28,0.0,14.88,60.2,1012.5
2025-08-25,Chennai,13.08,80.27,8,PostMonsoon,Clear,31.19,0.0,14.07,52.6,1010.7
2025-08-26,Chennai,13.08,80.27,8,PostMonsoon,Clear,28.32,0.0,15.51,61.0,1008.2
2025-08-27,Chennai,13.08,80.27,8,PostMonsoon,Clear,29.71,0.0,16.58,53.6,1015.2
2025-08-28,Chennai,13.08,80.27,8,PostMonsoon,Clear,30.42,0.0,14.52,57.5,1014.2
2025-08-29,Chennai,13.08,80.27,8,PostMonsoon,Clear,32.12,0.0,14.86,43.9,1015.4
2025-08-30,Chennai,13.08,80.27,8,PostMonsoon,Convective,31.68,17.46,16.09,57.4,1010.4
2025-08-31,Chennai,13.08,80.27,8,PostMonsoon,Clear,32.9,0.0,13.19,53.4,1015.2
2025-09-01,Chennai,13.08,80.27,9,PostMonsoon,Clear,30.66,0.0,11.93,46.6,1011.9
2025-09-02,Chennai,13.08,80.27,9,PostMonsoon,Clear,30.27,4.58,9.18,55.2,1016.1
2025-09-03,Chennai,13.08,80.27,9,PostMonsoon,Clear,27.45,0.0,11.54,58.9,1013.9
2025-09-04,Chennai,13.08,80.27,9,PostMonsoon,Clear,28.65,0.0,9.33,51.7,1012.3
2025-09-05,Chennai,13.08,80.27,9,PostMonsoon,Clear,25.91,0.0,10.87,53.3,1012.3
2025-09-06,Chennai,13.08,80.27,9,PostMonsoon,Clear,27.57,0.41,11.94,60.7,1011.8
2025-09-07,Chennai,13.08,80.27,9,PostMonsoon,Convective,27.73,9.24,12.6,65.1,1007.1
2025-09-08,Chennai,13.08,80.27,9,PostMonsoon,Convective,28.18,11.54,15.16,64.9,1016.6
2025-09-09,Chennai,13.08,80.27,9,PostMonsoon,Clear,28.86,7.37,14.61,61.8,1011.6
2025-09-10,Chennai,13.08,80.27,9,PostMonsoon,Convective,29.46,8.04,16.54,60.2,1012.5
2025-09-11,Chennai,13.08,80.27,9,PostMonsoon,Clear,30.44,0.0,16.14,48.5,1015.0
2025-09-12,Chennai,13.08,80.27,9,PostMonsoon,Clear,30.86,0.0,16.35,63.0,1014.8
2025-09-13,Chennai,13.08,80.27,9,PostMonsoon,Convective,30.79,20.45,16.29,50.9,1012.0
2025-09-14,Chennai,13.08,80.27,9,PostMonsoon,Clear,30.38,0.0,11.61,50.0,1013.5
2025-09-15,Chennai,13.08,80.27,9,PostMonsoon,Clear,29.94,0.0,10.56,57.7,1013.6
2025-09-16,Chennai,13.08,80.27,9,PostMonsoon,Clear,28.27,6.3,11.82,57.9,1013.6
2025-09-17,Chennai,13.08,80.27,9,PostMonsoon,Convective,28.34,15.0,11.96,71.3,1014.0
2025-09-18,Chennai,13.08,80.27,9,PostMonsoon,Clear,29.44,1.26,9.83,59.9,1014.7
2025-09-19,Chennai,13.08,80.27,9,PostMonsoon,Clear,31.22,3.29,11.54,56.7,1013.0
2025-09-20,Chennai,13.08,80.27,9,PostMonsoon,Convective,31.09,18.62,14.42,61.8,1012.6
2025-09-21,Chennai,13.08,80.27,9,PostMonsoon,Clear,30.58,3.94,12.17,54.1,1010.9
2025-09-22,Chennai,13.08,80.27,9,PostMonsoon,Convective,29.98,10.99,14.75,46.0,1012.7
2025-09-23,Chennai,13.08,80.27,9,PostMonsoon,Clear,31.3,0.0,11.48,59.6,1011.3
2025-09-24,Chennai,13.08,80.27,9,PostMonsoon,Clear,29.55,0.0,12.67,56.3,1012.2
2025-09-25,Chennai,13.08,80.27,9,PostMonsoon,Clear,28.95,0.0,10.7,57.1,1011.3
2025-09-26,Chennai,13.08,80.27,9,PostMonsoon,Clear,28.01,0.0,11.94,63.3,1012.9
2025-09-27,Chennai,13.08,80.27,9,PostMonsoon,Clear,27.5,0.0,11.47,53.9,1015.9
2025-09-28,Chennai,13.08,80.27,9,PostMonsoon,Convective,27.54,8.64,9.0,61.8,1008.9
2025-09-29,Chennai,13.08,80.27,9,PostMonsoon,Clear,27.94,0.0,10.91,58.7,1013.7
2025-09-30,Chennai,13.08,80.27,9,PostMonsoon,Clear,27.58,0.0,15.31,58.8,1015.6
2023-01-01,Bengaluru,12.97,77.59,1,Winter,Clear,21.0,0.0,6.0,58.9,1012.3
2023-01-02,Bengaluru,12.97,77.59,1,Winter,Clear,20.96,0.0,4.52,61.4,1008.4
2023-01-03,Bengaluru,12.97,77.59,1,Winter,Clear,18.68,0.0,5.08,53.3,1012.4
2023-01-04,Bengaluru,12.97,77.59,1,Winter,Clear,17.64,0.0,8.04,59.8,1012.2
2023-01-05,Bengaluru,12.97,77.59,1,Winter,Clear,18.52,0.0,5.62,54.8,1016.1
2023-01-06,Bengaluru,12.97,77.59,1,Winter,Clear,19.05,0.0,6.18,63.1,1009.0
2023-01-07,Bengaluru,12.97,77.59,1,Winter,Clear,19.8,0.0,6.42,56.7,1011.5
2023-01-08,Bengaluru,12.97,77.59,1,Winter,Clear,20.67,0.0,6.84,68.2,1013.5
2023-01-09,Bengaluru,12.97,77.59,1,Winter,Clear,18.36,0.0,8.32,61.2,1011.8
2023-01-10,Bengaluru,12.97,77.59,1,Winter,Clear,18.88,0.0,8.82,52.8,1013.3
2023-01-11,Bengaluru,12.97,77.59,1,Winter,Clear,19.02,0.0,10.08,46.4,1011.7
2023-01-12,Bengaluru,12.97,77.59,1,Winter,Clear,20.8,0.0,11.2,55.3,1012.6
2023-01-13,Bengaluru,12.97,77.59,1,Winter,Clear,19.7,2.1,10.81,59.1,1012.2
2023-01-14,Bengaluru,12.97,77.59,1,Winter,Clear,18.76,0.0,7.79,51.0,1012.0
2023-01-15,Bengaluru,12.97,77.59,1,Winter,Clear,20.2,0.0,10.0,66.8,1011.1
2023-01-16,Bengaluru,12.97,77.59,1,Winter,Clear,19.23,0.0,10.42,54.6,1013.2
2023-01-17,Bengaluru,12.97,77.59,1,Winter,Clear,22.03,0.0,6.0,57.2,1012.0
2023-01-18,Bengaluru,12.97,77.59,1,Winter,Clear,23.21,0.28,6.11,49.5,1013.5
2023-01-19,Bengaluru,12.97,77.59,1,Winter,Clear,23.13,0.0,3.47,68.3,1012.6
2023-01-20,Bengaluru,12.97,77.59,1,Winter,Clear,21.63,0.0,6.22,56.1,1012.9
2023-01-21,Bengaluru,12.97,77.59,1,Winter,Clear,20.9,0.0,6.45,57.5,1011.2
2023-01-22,Bengaluru,12.97,77.59,1,Winter,Clear,21.15,0.0,6.94,65.0,1010.2
2023-01-23,Bengaluru,12.97,77.59,1,Winter,Clear,21.51,0.0,5.55,58.6,1012.6
2023-01-24,Bengaluru,12.97,77.59,1,Winter,Clear,19.53,0.0,5.64,62.7,1014.3
2023-01-25,Bengaluru,12.97,77.59,1,Winter,Clear,19.78,0.0,7.24,57.7,1009.6
2023-01-26,Bengaluru,12.97,77.59,1,Winter,Clear,19.54,0.0,8.0,57.4,1008.2
2023-01-27,Bengaluru,12.97,77.59,1,Winter,Clear,21.38,0.0,5.53,66.6,1012.1
2023-01-28,Bengaluru,12.97,77.59,1,Winter,Clear,21.12,0.0,7.05,55.1,1013.5
2023-01-29,Bengaluru,12.97,77.59,1,Winter,Clear,21.33,0.0,6.2,66.4,1009.9
2023-01-30,Bengaluru,12.97,77.59,1,Winter,Clear,19.84,0.0,7.12,54.9,1010.9
2023-01-31,Bengaluru,12.97,77.59,1,Winter,Clear,19.49,0.0,6.33,68.8,1013.2
2023-02-01,Bengaluru,12.97,77.59,2,Winter,Clear,24.4,0.0,7.91,53.2,1013.1
2023-02-02,Bengaluru,12.97,77.59,2,Winter,Clear,25.18,0.0,8.55,42.3,1011.5
2023-02-03,Bengaluru,12.97,77.59,2,Winter,Clear,24.45,0.0,4.03,60.7,1011.4
2023-02-04,Bengaluru,12.97,77.59,2,Winter,Clear,24.51,0.0,5.23,55.6,1014.1
2023-02-05,Bengaluru,12.97,77.59,2,Winter,Clear,24.46,0.0,5.39,60.0,1011.4
2023-02-06,Bengaluru,12.97,77.59,2,Winter,Clear,23.07,0.0,4.16,74.3,1012.7
2023-02-07,Bengaluru,12.97,77.59,2,Winter,Clear,20.05,0.0,6.42,63.5,1014.1
2023-02-08,Bengaluru,12.97,77.59,2,Winter,Clear,22.16,0.0,6.85,54.3,1011.7
2023-02-09,Bengaluru,12.97,77.59,2,Winter,Clear,23.79,0.0,7.32,60.3,1012.7
2023-02-10,Bengaluru,12.97,77.59,2,Winter,Clear,22.79,0.0,8.11,56.3,1015.0
2023-02-11,Bengaluru,12.97,77.59,2,Winter,Clear,23.3,0.0,8.21,56.9,1012.9
2023-02-12,Bengaluru,12.97,77.59,2,Winter,Clear,22.79,0.0,10.02,64.0,1012.6
2023-02-13,Bengaluru,12.97,77.59,2,Winter,Clear,22.62,0.0,9.88,51.4,1014.9
2023-02-14,Bengaluru,12.97,77.59,2,Winter,Clear,23.07,0.0,10.16,63.4,1007.5
2023-02-15,Bengaluru,12.97,77.59,2,Winter,Clear,22.2,0.0,10.57,42.4,1011.8
2023-02-16,Bengaluru,12.97,77.59,2,Winter,Clear,25.09,0.0,10.21,60.6,1011.4
2023-02-17,Bengaluru,12.97,77.59,2,Winter,Clear,24.86,0.0,10.3,51.1,1011.2
2023-02-18,Bengaluru,12.97,77.59,2,Winter,Clear,24.11,0.0,7.72,60.6,1013.5
2023-02-19,Bengaluru,12.97,77.59,2,Winter,Clear,24.17,0.0,7.21,63.0,1013.6
2023-02-20,Bengaluru,12.97,77.59,2,Winter,Clear,24.34,0.0,8.82,60.1,1013.0
2023-02-21,Bengaluru,12.97,77.59,2,Winter,Clear,23.11,0.0,5.2,45.3,1011.9
2023-02-22,Bengaluru,12.97,77.59,2,Winter,Clear,22.57,0.0,5.87,55.3,1013.4
2023-02-23,Bengaluru,12.97,77.59,2,Winter,Clear,23.1,0.0,4.09,61.3,1011.7
2023-02-24,Bengaluru,12.97,77.59,2,Winter,Clear,22.71,0.0,3.32,54.5,1009.8
2023-02-25,Bengaluru,12.97,77.59,2,Winter,Clear,23.01,0.0,6.6,64.9,1012.7
2023-02-26,Bengaluru,12.97,77.59,2,Winter,Clear,23.34,0.0,6.94,65.9,1016.0
2023-02-27,Bengaluru,12.97,77.59,2,Winter,Clear,22.56,0.0,7.66,58.9,1010.2
2023-02-28,Bengaluru,12.97,77.59,2,Winter,Clear,21.61,0.0,6.73,59.7,1012.6
2023-03-01,Bengaluru,12.97,77.59,3,Summer,Clear,24.77,0.0,7.93,58.9,1013.0
2023-03-02,Bengaluru,12.97,77.59,3,Summer,Clear,25.28,0.0,7.27,65.1,1010.4
2023-03-03,Bengaluru,12.97,77.59,3,Summer,Clear,26.17,0.0,9.2,67.0,1013.3
2023-03-04,Bengaluru,12.97,77.59,3,Summer,Clear,27.6,0.0,9.71,51.3,1014.7
2023-03-05,Bengaluru,12.97,77.59,3,Summer,Clear,25.7,0.0,9.47,67.5,1012.0
2023-03-06,Bengaluru,12.97,77.59,3,Summer,Clear,25.23,0.0,8.21,60.3,1012.7
2023-03-07,Bengaluru,12.97,77.59,3,Summer,Clear,25.22,0.0,9.09,74.2,1010.8
2023-03-08,Bengaluru,12.97,77.59,3,Summer,Clear,26.44,0.0,8.3,55.0,1013.9
2023-03-09,Bengaluru,12.97,77.59,3,Summer,Clear,27.59,0.0,7.14,48.0,1013.9
2023-03-10,Bengaluru,12.97,77.59,3,Summer,Clear,28.26,0.0,8.55,52.1,1015.0
2023-03-11,Bengaluru,12.97,77.59,3,Summer,Clear,27.49,0.0,6.35,59.9,1013.6
2023-03-12,Bengaluru,12.97,77.59,3,Summer,Clear,26.59,0.0,5.59,47.5,1013.1
2023-03-13,Bengaluru,12.97,77.59,3,Summer,Clear,27.63,0.0,7.84,57.7,1012.5
2023-03-14,Bengaluru,12.97,77.59,3,Summer,Clear,28.0,0.0,9.04,59.2,1011.1
2023-03-15,Bengaluru,12.97,77.59,3,Summer,Clear,28.35,0.0,7.99,59.0,1011.5
2023-03-16,Bengaluru,12.97,77.59,3,Summer,Clear,28.45,0.0,10.66,42.5,1013.5
2023-03-17,Bengaluru,12.97,77.59,3,Summer,Clear,26.78,0.0,9.32,60.9,1014.2
2023-03-18,Bengaluru,12.97,77.59,3,Summer,Clear,25.85,0.0,12.55,62.7,1011.0
2023-03-19,Bengaluru,12.97,77.59,3,Summer,Clear,26.78,0.0,11.95,57.2,1016.7
2023-03-20,Bengaluru,12.97,77.59,3,Summer,Clear,27.61,0.0,11.45,61.9,1014.5
2023-03-21,Bengaluru,12.97,77.59,3,Summer,Clear,26.97,0.0,8.95,68.3,1014.1
2023-03-22,Bengaluru,12.97,77.59,3,Summer,Heatwave,29.03,0.0,10.32,73.2,1012.8
2023-03-23,Bengaluru,12.97,77.59,3,Summer,Clear,28.34,0.0,12.05,53.4,1014.1
2023-03-24,Bengaluru,12.97,77.59,3,Summer,Clear,26.66,0.0,9.9,50.7,1012.4
2023-03-25,Bengaluru,12.97,77.59,3,Summer,Clear,24.5,0.0,12.38,75.8,1015.5
2023-03-26,Bengaluru,12.97,77.59,3,Summer,Clear,23.85,0.0,8.41,52.7,1012.8
2023-03-27,Bengaluru,12.97,77.59,3,Summer,Clear,22.83,0.0,7.11,55.9,1008.7
2023-03-28,Bengaluru,12.97,77.59,3,Summer,Clear,22.73,0.0,8.57,65.1,1013.4
2023-03-29,Bengaluru,12.97,77.59,3,Summer,Clear,25.45,0.0,8.75,59.6,1012.0
2023-03-30,Bengaluru,12.97,77.59,3,Summer,Clear,25.97,0.0,9.51,59.4,1014.3
2023-03-31,Bengaluru,12.97,77.59,3,Summer,Clear,25.96,0.0,8.99,54.4,1013.8
2023-04-01,Bengaluru,12.97,77.59,4,Summer,Clear,26.23,0.0,11.97,56.9,1014.9
2023-04-02,Bengaluru,12.97,77.59,4,Summer,Clear,27.76,0.0,10.67,59.9,1014.8
2023-04-03,Bengaluru,12.97,77.59,4,Summer,Clear,28.17,0.0,9.26,53.4,1014.0
2023-04-04,Bengaluru,12.97,77.59,4,Summer,Clear,28.17,0.0,11.73,56.6,1013.3
2023-04-05,Bengaluru,12.97,77.59,4,Summer,Clear,27.84,0.0,12.44,57.5,1014.0
2023-04-06,Bengaluru,12.97,77.59,4,Summer,Clear,27.03,0.0,11.03,54.9,1014.0
2023-04-07,Bengaluru,12.97,77.59,4,Summer,Clear,28.1,0.0,11.86,48.5,1010.9
2023-04-08,Bengaluru,12.97,77.59,4,Summer,Clear,28.13,0.0,9.92,57.6,1012.9
2023-04-09,Bengaluru,12.97,77.59,4,Summer,Clear,26.43,0.0,11.22,57.3,1013.0
2023-04-10,Bengaluru,12.97,77.59,4,Summer,Clear,25.1,0.0,13.21,66.9,1015.0
2023-04-11,Bengaluru,12.97,77.59,4,Summer,Clear,26.85,0.0,10.84,52.4,1014.6
2023-04-12,Bengaluru,12.97,77.59,4,Summer,Clear,27.93,0.0,7.53,53.6,1012.3
2023-04-13,Bengaluru,12.97,77.59,4,Summer,Clear,27.82,0.0,7.63,55.5,1011.1
2023-04-14,Bengaluru,12.97,77.59,4,Summer,Clear,27.61,0.0,7.84,52.0,1011.2
2023-04-15,Bengaluru,12.97,77.59,4,Summer,Clear,25.99,4.88,10.92,63.3,1014.3
2023-04-16,Bengaluru,12.97,77.59,4,Summer,Convective,25.76,13.45,14.08,58.3,1010.3
2023-04-17,Bengaluru,12.97,77.59,4,Summer,Clear,26.07,6.86,12.44,66.0,1013.8
2023-04-18,Bengaluru,12.97,77.59,4,Summer,Clear,25.91,0.0,11.16,63.3,1011.6
2023-04-19,Bengaluru,12.97,77.59,4,Summer,Clear,27.37,0.0,6.73,62.1,1011.7
2023-04-20,Bengaluru,12.97,77.59,4,Summer,Clear,24.97,0.0,9.92,56.2,1011.1
2023-04-21,Bengaluru,12.97,77.59,4,Summer,Clear,26.52,0.0,8.69,61.6,1010.7
2023-04-22,Bengaluru,12.97,77.59,4,Summer,Clear,27.13,0.0,10.02,52.8,1011.1
2023-04-23,Bengaluru,12.97,77.59,4,Summer,Clear,27.32,0.0,8.5,55.6,1011.0
2023-04-24,Bengaluru,12.97,77.59,4,Summer,Clear,25.87,0.0,8.41,62.5,1013.8
2023-04-25,Bengaluru,12.97,77.59,4,Summer,Clear,23.82,0.0,9.94,55.8,1013.6
2023-04-26,Bengaluru,12.97,77.59,4,Summer,Clear,27.15,0.0,9.62,53.2,1015.1
2023-04-27,Bengaluru,12.97,77.59,4,Summer,Clear,27.7,0.0,11.73,64.6,1013.7
2023-04-28,Bengaluru,12.97,77.59,4,Summer,Clear,27.59,0.0,9.03,67.7,1013.8
2023-04-29,Bengaluru,12.97,77.59,4,Summer,Clear,27.83,0.0,9.64,60.3,1012.9
2023-04-30,Bengaluru,12.97,77.59,4,Summer,Clear,27.93,0.0,8.96,71.9,1014.0
2023-05-01,Bengaluru,12.97,77.59,5,Summer,Clear,25.81,2.87,11.47,66.7,1014.5
2023-05-02,Bengaluru,12.97,77.59,5,Summer,Convective,25.52,18.06,15.59,64.3,1011.3
2023-05-03,Bengaluru,12.97,77.59,5,Summer,Convective,27.61,13.65,13.33,61.3,1009.5
2023-05-04,Bengaluru,12.97,77.59,5,Summer,Convective,28.93,13.92,14.74,43.7,1010.0
2023-05-05,Bengaluru,12.97,77.59,5,Summer,Clear,26.72,0.0,10.19,54.2,1012.6
2023-05-06,Bengaluru,12.97,77.59,5,Summer,Clear,27.06,0.0,12.34,54.6,1015.5
2023-05-07,Bengaluru,12.97,77.59,5,Summer,Convective,28.81,13.95,18.7,70.3,1012.9
2023-05-08,Bengaluru,12.97,77.59,5,Summer,Heatwave,29.86,3.3,12.7,62.5,1011.9
2023-05-09,Bengaluru,12.97,77.59,5,Summer,Heatwave,29.66,6.11,14.17,57.0,1011.7
2023-05-10,Bengaluru,12.97,77.59,5,Summer,Clear,27.65,0.0,12.59,53.2,1013.0
2023-05-11,Bengaluru,12.97,77.59,5,Summer,Clear,27.98,0.0,12.05,58.5,1012.8
2023-05-12,Bengaluru,12.97,77.59,5,Summer,Clear,26.9,0.0,13.54,60.4,1010.5
2023-05-13,Bengaluru,12.97,77.59,5,Summer,Clear,26.34,0.0,13.29,61.0,1016.0
2023-05-14,Bengaluru,12.97,77.59,5,Summer,Clear,27.16,0.0,9.32,58.2,1012.1
2023-05-15,Bengaluru,12.97,77.59,5,Summer,Heatwave,28.89,0.0,12.28,51.5,1015.5
2023-05-16,Bengaluru,12.97,77.59,5,Summer,Convective,29.47,15.89,14.62,53.6,1010.1
2023-05-17,Bengaluru,12.97,77.59,5,Summer,Heatwave,30.78,1.88,10.93,58.8,1011.1
2023-05-18,Bengaluru,12.97,77.59,5,Summer,Heatwave,31.62,6.4,10.24,54.2,1014.1
2023-05-19,Bengaluru,12.97,77.59,5,Summer,Convective,30.81,11.97,13.18,56.5,1009.6
2023-05-20,Bengaluru,12.97,77.59,5,Summer,Heatwave,30.49,3.63,12.8,51.2,1014.2
2023-05-21,Bengaluru,12.97,77.59,5,Summer,Clear,27.72,1.55,11.11,49.8,1011.9
2023-05-22,Bengaluru,12.97,77.59,5,Summer,Clear,27.91,7.76,10.69,54.6,1012.8
2023-05-23,Bengaluru,12.97,77.59,5,Summer,Clear,26.32,0.0,10.24,57.6,1013.1
2023-05-24,Bengaluru,12.97,77.59,5,Summer,Clear,28.33,5.67,10.26,60.1,1014.9
2023-05-25,Bengaluru,12.97,77.59,5,Summer,Clear,28.21,0.0,10.87,55.0,1011.0
2023-05-26,Bengaluru,12.97,77.59,5,Summer,Convective,28.22,23.06,16.14,66.9,1013.3
2023-05-27,Bengaluru,12.97,77.59,5,Summer,Clear,27.63,3.8,11.41,55.8,1015.3
2023-05-28,Bengaluru,12.97,77.59,5,Summer,Clear,28.4,3.66,9.1,53.0,1012.7
2023-05-29,Bengaluru,12.97,77.59,5,Summer,Clear,28.67,0.0,7.9,48.8,1014.2
2023-05-30,Bengaluru,12.97,77.59,5,Summer,Heatwave,30.82,0.0,6.23,58.9,1012.7
2023-05-31,Bengaluru,12.97,77.59,5,Summer,Heatwave,30.11,0.0,6.11,50.0,1012.0
2023-06-01,Bengaluru,12.97,77.59,6,Monsoon,Monsoon,27.49,12.32,13.45,57.9,1010.8
2023-06-02,Bengaluru,12.97,77.59,6,Monsoon,Clear,26.47,0.0,14.31,50.1,1011.7
2023-06-03,Bengaluru,12.97,77.59,6,Monsoon,Clear,24.46,0.0,12.9,61.2,1016.5
2023-06-04,Bengaluru,12.97,77.59,6,Monsoon,Storm,24.61,61.36,22.09,60.6,1009.2
2023-06-05,Bengaluru,12.97,77.59,6,Monsoon,Monsoon,24.93,21.91,17.09,66.3,1009.5
2023-06-06,Bengaluru,12.97,77.59,6,Monsoon,Clear,24.21,0.0,12.77,59.5,1010.7
2023-06-07,Bengaluru,12.97,77.59,6,Monsoon,Clear,26.38,0.0,12.1,51.2,1015.5
2023-06-08,Bengaluru,12.97,77.59,6,Monsoon,Clear,24.14,0.0,14.08,61.9,1015.4
2023-06-09,Bengaluru,12.97,77.59,6,Monsoon,Clear,24.33,0.0,11.08,53.1,1013.6
2023-06-10,Bengaluru,12.97,77.59,6,Monsoon,Clear,23.03,0.0,10.61,59.8,1008.9
2023-06-11,Bengaluru,12.97,77.59,6,Monsoon,Clear,23.92,0.0,10.41,62.5,1013.2
2023-06-12,Bengaluru,12.97,77.59,6,Monsoon,Clear,26.04,5.35,12.11,59.6,1012.0
2023-06-13,Bengaluru,12.97,77.59,6,Monsoon,Clear,26.52,0.0,10.72,55.2,1013.0
2023-06-14,Bengaluru,12.97,77.59,6,Monsoon,Clear,27.63,0.0,10.43,48.6,1012.8
2023-06-15,Bengaluru,12.97,77.59,6,Monsoon,Clear,28.16,0.0,14.92,58.6,1013.7
2023-06-16,Bengaluru,12.97,77.59,6,Monsoon,Clear,29.07,0.0,11.89,53.0,1013.5
2023-06-17,Bengaluru,12.97,77.59,6,Monsoon,Clear,27.86,0.0,11.02,67.7,1016.4
2023-06-18,Bengaluru,12.97,77.59,6,Monsoon,Clear,26.03,0.0,12.05,46.3,1013.4
2023-06-19,Bengaluru,12.97,77.59,6,Monsoon,Clear,25.88,0.0,9.91,51.8,1012.7
2023-06-20,Bengaluru,12.97,77.59,6,Monsoon,Clear,24.69,0.0,11.15,44.8,1013.4
2023-06-21,Bengaluru,12.97,77.59,6,Monsoon,Clear,25.08,0.0,10.86,52.6,1014.6
2023-06-22,Bengaluru,12.97,77.59,6,Monsoon,Clear,25.96,0.0,10.85,58.2,1013.9
2023-06-23,Bengaluru,12.97,77.59,6,Monsoon,Clear,25.04,0.0,9.69,54.1,1013.8
2023-06-24,Bengaluru,12.97,77.59,6,Monsoon,Clear,26.19,0.0,11.51,50.1,1013.3
2023-06-25,Bengaluru,12.97,77.59,6,Monsoon,Clear,26.51,0.0,11.2,54.2,1011.1
2023-06-26,Bengaluru,12.97,77.59,6,Monsoon,Clear,25.79,0.0,9.98,53.4,1011.4
2023-06-27,Bengaluru,12.97,77.59,6,Monsoon,Clear,26.68,0.0,13.12,53.9,1013.9
2023-06-28,Bengaluru,12.97,77.59,6,Monsoon,Clear,25.93,0.0,13.74,57.4,1013.1
2023-06-29,Bengaluru,12.97,77.59,6,Monsoon,Clear,25.6,0.0,11.19,64.3,1011.2
2023-06-30,Bengaluru,12.97,77.59,6,Monsoon,Clear,26.84,0.0,9.45,57.5,1014.8
2023-07-01,Bengaluru,12.97,77.59,7,Monsoon,Clear,26.29,4.17,11.69,52.4,1013.8
2023-07-02,Bengaluru,12.97,77.59,7,Monsoon,Clear,26.02,3.04,14.17,50.6,1011.4
2023-07-03,Bengaluru,12.97,77.59,7,Monsoon,Clear,25.76,0.0,12.54,58.5,1012.3
2023-07-04,Bengaluru,12.97,77.59,7,Monsoon,Clear,25.4,0.0,11.93,53.6,1014.0
2023-07-05,Bengaluru,12.97,77.59,7,Monsoon,Clear,24.05,0.0,11.92,58.0,1016.6
2023-07-06,Bengaluru,12.97,77.59,7,Monsoon,Clear,22.16,0.0,9.6,42.2,1010.2
2023-07-07,Bengaluru,12.97,77.59,7,Monsoon,Clear,23.78,0.0,13.8,61.1,1012.4
2023-07-08,Bengaluru,12.97,77.59,7,Monsoon,Clear,23.51,0.0,15.27,57.3,1011.9
2023-07-09,Bengaluru,12.97,77.59,7,Monsoon,Clear,24.35,0.0,14.4,51.7,1014.9
2023-07-10,Bengaluru,12.97,77.59,7,Monsoon,Clear,25.48,0.0,13.81,48.5,1014.1
2023-07-11,Bengaluru,12.97,77.59,7,Monsoon,Clear,25.05,0.0,15.78,49.2,1011.7
2023-07-12,Bengaluru,12.97,77.59,7,Monsoon,Clear,24.51,0.0,13.31,63.0,1011.2
2023-07-13,Bengaluru,12.97,77.59,7,Monsoon,Clear,23.59,2.6,11.85,51.8,1012.3
2023-07-14,Bengaluru,12.97,77.59,7,Monsoon,Storm,22.94,56.68,22.53,84.3,1013.8
2023-07-15,Bengaluru,12.97,77.59,7,Monsoon,Clear,23.46,0.55,10.34,60.3,1013.0
2023-07-16,Bengaluru,12.97,77.59,7,Monsoon,Clear,24.76,2.76,10.18,57.8,1015.9
2023-07-17,Bengaluru,12.97,77.59,7,Monsoon,Clear,26.06,1.71,12.68,44.9,1014.4
2023-07-18,Bengaluru,12.97,77.59,7,Monsoon,Clear,24.94,0.0,13.21,53.8,1012.7
2023-07-19,Bengaluru,12.97,77.59,7,Monsoon,Clear,23.6,0.0,15.21,59.0,1010.2
2023-07-20,Bengaluru,12.97,77.59,7,Monsoon,Clear,23.69,0.0,14.22,51.3,1011.9
2023-07-21,Bengaluru,12.97,77.59,7,Monsoon,Clear,23.1,0.0,12.04,70.0,1010.7
2023-07-22,Bengaluru,12.97,77.59,7,Monsoon,Clear,23.41,0.0,14.39,64.6,1013.2
2023-07-23,Bengaluru,12.97,77.59,7,Monsoon,Clear,24.41,0.0,13.18,44.1,1014.6
2023-07-24,Bengaluru,12.97,77.59,7,Monsoon,Clear,22.8,4.38,13.88,74.7,1010.9
2023-07-25,Bengaluru,12.97,77.59,7,Monsoon,Clear,23.22,0.0,12.03,53.3,1009.7
2023-07-26,Bengaluru,12.97,77.59,7,Monsoon,Clear,22.71,0.0,12.4,59.0,1012.9
2023-07-27,Bengaluru,12.97,77.59,7,Monsoon,Clear,24.21,0.0,11.69,45.5,1008.5
2023-07-28,Bengaluru,12.97,77.59,7,Monsoon,Clear,23.87,0.0,12.4,48.1,1010.7
2023-07-29,Bengaluru,12.97,77.59,7,Monsoon,Clear,23.51,0.22,12.59,56.1,1013.2
2023-07-30,Bengaluru,12.97,77.59,7,Monsoon,Clear,24.51,0.0,11.47,49.6,1014.1
2023-07-31,Bengaluru,12.97,77.59,7,Monsoon,Clear,26.45,0.0,10.7,48.9,1012.7
2023-08-01,Bengaluru,12.97,77.59,8,Monsoon,Clear,24.58,3.27,9.32,58.0,1013.0
2023-08-02,Bengaluru,12.97,77.59,8,Monsoon,Monsoon,25.06,9.7,13.7,60.9,1013.4
2023-08-03,Bengaluru,12.97,77.59,8,Monsoon,Clear,25.76,0.0,10.05,55.3,1014.8
2023-08-04,Bengaluru,12.97,77.59,8,Monsoon,Clear,26.97,3.41,12.11,45.8,1012.3
2023-08-05,Bengaluru,12.97,77.59,8,Monsoon,Clear,24.93,0.0,8.64,65.1,1016.7
2023-08-06,Bengaluru,12.97,77.59,8,Monsoon,Clear,23.93,0.0,11.08,46.9,1016.0
2023-08-07,Bengaluru,12.97,77.59,8,Monsoon,Clear,22.54,3.22,11.73,61.2,1014.0
2023-08-08,Bengaluru,12.97,77.59,8,Monsoon,Clear,23.32,2.65,12.83,62.5,1013.8
2023-08-09,Bengaluru,12.97,77.59,8,Monsoon,Clear,23.05,3.81,8.74,50.9,1012.6
2023-08-10,Bengaluru,12.97,77.59,8,Monsoon,Clear,23.86,4.18,8.98,52.3,1013.9
2023-08-11,Bengaluru,12.97,77.59,8,Monsoon,Storm,23.5,50.09,19.5,69.2,1006.6
2023-08-12,Bengaluru,12.97,77.59,8,Monsoon,Clear,23.54,3.33,11.11,64.6,1013.7
2023-08-13,Bengaluru,12.97,77.59,8,Monsoon,Clear,21.57,0.0,7.68,58.5,1011.5
2023-08-14,Bengaluru,12.97,77.59,8,Monsoon,Clear,24.02,0.0,10.56,57.6,1013.3
2023-08-15,Bengaluru,12.97,77.59,8,Monsoon,Monsoon,25.94,9.07,14.05,62.3,1011.0
2023-08-16,Bengaluru,12.97,77.59,8,Monsoon,Clear,26.64,0.0,10.92,50.8,1011.7
2023-08-17,Bengaluru,12.97,77.59,8,Monsoon,Clear,27.73,0.0,12.95,48.3,1014.6
2023-08-18,Bengaluru,12.97,77.59,8,Monsoon,Clear,26.44,0.0,12.28,54.0,1011.9
2023-08-19,Bengaluru,12.97,77.59,8,Monsoon,Clear,24.14,0.0,13.59,46.8,1012.4
2023-08-20,Bengaluru,12.97,77.59,8,Monsoon,Clear,23.66,0.0,13.43,45.1,1011.6
2023-08-21,Bengaluru,12.97,77.59,8,Monsoon,Clear,23.69,0.0,10.58,69.3,1012.3
2023-08-22,Bengaluru,12.97,77.59,8,Monsoon,Clear,24.38,0.0,10.9,59.6,1011.7
2023-08-23,Bengaluru,12.97,77.59,8,Monsoon,Clear,24.53,0.0,8.97,59.6,1013.6
2023-08-24,Bengaluru,12.97,77.59,8,Monsoon,Clear,21.85,0.0,14.61,60.8,1011.1
2023-08-25,Bengaluru,12.97,77.59,8,Monsoon,Clear,25.38,0.0,12.09,50.2,1013.6
2023-08-26,Bengaluru,12.97,77.59,8,Monsoon,Clear,24.62,0.0,10.46,58.7,1014.9
2023-08-27,Bengaluru,12.97,77.59,8,Monsoon,Clear,23.99,0.0,9.69,54.9,1014.6
2023-08-28,Bengaluru,12.97,77.59,8,Monsoon,Clear,23.17,0.0,7.36,56.1,1012.3
2023-08-29,Bengaluru,12.97,77.59,8,Monsoon,Clear,24.07,4.27,12.32,47.4,1010.3
2023-08-30,Bengaluru,12.97,77.59,8,Monsoon,Clear,24.12,0.0,13.34,53.8,1016.7
2023-08-31,Bengaluru,12.97,77.59,8,Monsoon,Clear,22.08,3.07,12.52,63.3,1011.5
2023-09-01,Bengaluru,12.97,77.59,9,Monsoon,Monsoon,20.5,8.06,12.02,60.6,1012.5
2023-09-02,Bengaluru,12.97,77.59,9,Monsoon,Clear,21.04,5.8,9.97,59.4,1013.5
2023-09-03,Bengaluru,12.97,77.59,9,Monsoon,Monsoon,21.88,19.19,11.64,65.4,1009.8
2023-09-04,Bengaluru,12.97,77.59,9,Monsoon,Clear,22.46,3.17,8.55,55.4,1012.9
2023-09-05,Bengaluru,12.97,77.59,9,Monsoon,Clear,22.8,5.25,7.13,52.3,1013.1
2023-09-06,Bengaluru,12.97,77.59,9,Monsoon,Clear,22.14,3.23,8.76,58.3,1014.2
2023-09-07,Bengaluru,12.97,77.59,9,Monsoon,Monsoon,19.86,23.65,12.65,67.5,1012.0
2023-09-08,Bengaluru,12.97,77.59,9,Monsoon,Clear,19.9,6.03,9.07,71.9,1009.5
2023-09-09,Bengaluru,12.97,77.59,9,Monsoon,Clear,20.12,7.93,9.9,64.4,1012.1
2023-09-10,Bengaluru,12.97,77.59,9,Monsoon,Clear,20.26,4.22,10.04,68.1,1012.9
2023-09-11,Bengaluru,12.97,77.59,9,Monsoon,Clear,19.65,6.88,8.83,56.0,1013.3
2023-09-12,Bengaluru,12.97,77.59,9,Monsoon,Clear,19.71,4.56,8.17,67.5,1012.3
2023-09-13,Bengaluru,12.97,77.59,9,Monsoon,Clear,20.69,0.0,6.54,68.5,1011.5
2023-09-14,Bengaluru,12.97,77.59,9,Monsoon,Clear,20.81,0.0,9.24,63.5,1011.3
2023-09-15,Bengaluru,12.97,77.59,9,Monsoon,Clear,21.88,0.0,9.88,51.5,1010.3
2023-09-16,Bengaluru,12.97,77.59,9,Monsoon,Monsoon,22.89,9.79,13.9,68.8,1014.0
2023-09-17,Bengaluru,12.97,77.59,9,Monsoon,Clear,22.98,5.57,12.47,51.0,1011.7
2023-09-18,Bengaluru,12.97,77.59,9,Monsoon,Monsoon,21.95,11.85,14.19,66.5,1012.0
2023-09-19,Bengaluru,12.97,77.59,9,Monsoon,Monsoon,19.72,8.26,10.44,63.1,1009.0
2023-09-20,Bengaluru,12.97,77.59,9,Monsoon,Monsoon,21.03,9.7,13.85,64.1,1014.0
2023-09-21,Bengaluru,12.97,77.59,9,Monsoon,Monsoon,22.29,15.95,14.72,60.1,1009.5
2023-09-22,Bengaluru,12.97,77.59,9,Monsoon,Clear,20.95,3.17,8.63,52.1,1013.0
2023-09-23,Bengaluru,12.97,77.59,9,Monsoon,Monsoon,21.79,28.73,11.45,80.9,1014.5
2023-09-24,Bengaluru,12.97,77.59,9,Monsoon,Clear,22.81,0.61,8.16,46.8,1013.3
2023-09-25,Bengaluru,12.97,77.59,9,Monsoon,Clear,23.77,3.38,9.02,57.5,1013.0
2023-09-26,Bengaluru,12.97,77.59,9,Monsoon,Monsoon,24.34,30.57,12.99,61.3,1010.3
2023-09-27,Bengaluru,12.97,77.59,9,Monsoon,Clear,25.66,6.61,7.6,54.4,1010.8
2023-09-28,Bengaluru,12.97,77.59,9,Monsoon,Monsoon,25.28,12.62,12.72,56.0,1011.1
2023-09-29,Bengaluru,12.97,77.59,9,Monsoon,Clear,25.05,6.76,9.22,63.5,1011.3
2023-09-30,Bengaluru,12.97,77.59,9,Monsoon,Monsoon,25.99,18.7,12.85,57.9,1013.5
2023-10-01,Bengaluru,12.97,77.59,10,PostMonsoon,Clear,25.79,0.0,7.4,67.4,1014.2
2023-10-02,Bengaluru,12.97,77.59,10,PostMonsoon,Clear,26.38,0.0,8.17,58.3,1014.2
2023-10-03,Bengaluru,12.97,77.59,10,PostMonsoon,Convective,23.67,8.3,12.07,55.0,1012.2
2023-10-04,Bengaluru,12.97,77.59,10,PostMonsoon,Convective,24.06,11.87,10.72,61.4,1014.7
2023-10-05,Bengaluru,12.97,77.59,10,PostMonsoon,Clear,24.01,3.49,9.47,49.7,1015.3
2023-10-06,Bengaluru,12.97,77.59,10,PostMonsoon,Clear,22.5,0.0,7.33,51.3,1012.2
2023-10-07,Bengaluru,12.97,77.59,10,PostMonsoon,Clear,23.46,0.0,8.02,59.9,1011.8
2023-10-08,Bengaluru,12.97,77.59,10,PostMonsoon,Clear,22.71,0.0,10.42,67.1,1014.2
2023-10-09,Bengaluru,12.97,77.59,10,PostMonsoon,Clear,21.55,0.0,11.61,47.6,1013.5
2023-10-10,Bengaluru,12.97,77.59,10,PostMonsoon,Convective,20.86,28.09,15.85,73.0,1009.9
2023-10-11,Bengaluru,12.97,77.59,10,PostMonsoon,Clear,23.2,2.27,9.76,57.4,1011.9
2023-10-12,Bengaluru,12.97,77.59,10,PostMonsoon,Clear,22.48,0.0,6.57,61.6,1011.2
2023-10-13,Bengaluru,12.97,77.59,10,PostMonsoon,Convective,22.48,17.68,9.99,66.6,1010.1
2023-10-14,Bengaluru,12.97,77.59,10,PostMonsoon,Convective,23.82,8.2,5.17,56.1,1013.7
2023-10-15,Bengaluru,12.97,77.59,10,PostMonsoon,Convective,25.06,13.06,7.61,52.4,1015.5
2023-10-16,Bengaluru,12.97,77.59,10,PostMonsoon,Clear,23.21,0.0,9.35,61.1,1013.4
2023-10-17,Bengaluru,12.97,77.59,10,PostMonsoon,Clear,23.36,0.0,8.0,55.2,1009.8
2023-10-18,Bengaluru,12.97,77.59,10,PostMonsoon,Clear,21.63,0.0,6.86,57.4,1013.1
2023-10-19,Bengaluru,12.97,77.59,10,PostMonsoon,Clear,23.02,1.41,8.85,60.5,1016.7
2023-10-20,Bengaluru,12.97,77.59,10,PostMonsoon,Clear,23.84,6.96,10.27,68.0,1011.5
2023-10-21,Bengaluru,12.97,77.59,10,PostMonsoon,Convective,24.75,30.48,10.69,68.9,1011.9
2023-10-22,Bengaluru,12.97,77.59,10,PostMonsoon,Convective,23.69,13.12,5.76,64.1,1013.6
2023-10-23,Bengaluru,12.97,77.59,10,PostMonsoon,Convective,23.66,20.97,9.55,51.7,1011.4
2023-10-24,Bengaluru,12.97,77.59,10,PostMonsoon,Clear,22.58,0.0,5.0,62.1,1014.1
2023-10-25,Bengaluru,12.97,77.59,10,PostMonsoon,Clear,21.53,0.0,2.43,50.3,1015.2
2023-10-26,Bengaluru,12.97,77.59,10,PostMonsoon,Convective,23.51,18.34,7.93,67.1,1012.0
2023-10-27,Bengaluru,12.97,77.59,10,PostMonsoon,Convective,23.84,14.79,8.4,64.1,1008.4
2023-10-28,Bengaluru,12.97,77.59,10,PostMonsoon,Clear,23.21,0.0,3.39,55.3,1012.7
2023-10-29,Bengaluru,12.97,77.59,10,PostMonsoon,Clear,24.59,0.0,1.74,52.5,1013.8
2023-10-30,Bengaluru,12.97,77.59,10,PostMonsoon,Clear,22.58,0.0,6.05,63.2,1014.9
2023-10-31,Bengaluru,12.97,77.59,10,PostMonsoon,Clear,23.41,0.0,8.7,51.7,1013.0
2023-11-01,Bengaluru,12.97,77.59,11,PostMonsoon,Clear,22.16,0.0,6.82,62.1,1012.1
2023-11-02,Bengaluru,12.97,77.59,11,PostMonsoon,Clear,22.3,0.0,8.02,61.3,1010.2
2023-11-03,Bengaluru,12.97,77.59,11,PostMonsoon,Clear,20.57,0.0,6.5,53.8,1015.9
2023-11-04,Bengaluru,12.97,77.59,11,PostMonsoon,Convective,22.23,9.96,10.09,53.0,1011.3
2023-11-05,Bengaluru,12.97,77.59,11,PostMonsoon,Clear,22.28,0.0,7.42,51.1,1013.5
2023-11-06,Bengaluru,12.97,77.59,11,PostMonsoon,Clear,22.27,0.0,5.84,56.4,1010.7
2023-11-07,Bengaluru,12.97,77.59,11,PostMonsoon,Clear,19.92,0.0,6.04,48.5,1010.2
2023-11-08,Bengaluru,12.97,77.59,11,PostMonsoon,Convective,20.37,8.44,7.71,54.7,1010.8
2023-11-09,Bengaluru,12.97,77.59,11,PostMonsoon,Clear,20.74,6.92,6.01,56.0,1011.8
2023-11-10,Bengaluru,12.97,77.59,11,PostMonsoon,Convective,19.04,19.68,8.08,64.2,1010.3
2023-11-11,Bengaluru,12.97,77.59,11,PostMonsoon,Clear,18.91,0.0,3.12,59.7,1014.5
2023-11-12,Bengaluru,12.97,77.59,11,PostMonsoon,Clear,20.4,0.0,5.37,63.0,1011.5
2023-11-13,Bengaluru,12.97,77.59,11,PostMonsoon,Clear,17.86,0.0,4.46,66.0,1014.0
2023-11-14,Bengaluru,12.97,77.59,11,PostMonsoon,Clear,18.37,0.0,4.64,54.8,1013.1
2023-11-15,Bengaluru,12.97,77.59,11,PostMonsoon,Clear,17.85,0.0,4.04,60.4,1012.2
2023-11-16,Bengaluru,12.97,77.59,11,PostMonsoon,Clear,17.97,0.0,6.28,52.9,1016.5
2023-11-17,Bengaluru,12.97,77.59,11,PostMonsoon,Clear,17.7,0.0,6.05,53.0,1013.2
2023-11-18,Bengaluru,12.97,77.59,11,PostMonsoon,Clear,20.55,0.0,5.84,62.4,1013.2
2023-11-19,Bengaluru,12.97,77.59,11,PostMonsoon,Clear,21.53,0.0,4.59,59.0,1013.7
2023-11-20,Bengaluru,12.97,77.59,11,PostMonsoon,Clear,22.98,0.0,5.96,54.3,1012.8
2023-11-21,Bengaluru,12.97,77.59,11,PostMonsoon,Clear,21.95,0.0,8.0,52.3,1014.7
2023-11-22,Bengaluru,12.97,77.59,11,PostMonsoon,Clear,23.68,0.0,6.62,52.7,1010.2
2023-11-23,Bengaluru,12.97,77.59,11,PostMonsoon,Clear,23.38,0.0,7.97,55.5,1013.3
2023-11-24,Bengaluru,12.97,77.59,11,PostMonsoon,Clear,23.07,0.0,7.29,59.7,1010.9
2023-11-25,Bengaluru,12.97,77.59,11,PostMonsoon,Clear,22.66,0.0,7.63,57.3,1011.2
2023-11-26,Bengaluru,12.97,77.59,11,PostMonsoon,Clear,21.31,0.0,6.87,50.6,1012.7
2023-11-27,Bengaluru,12.97,77.59,11,PostMonsoon,Clear,22.43,0.0,7.63,60.8,1013.3
2023-11-28,Bengaluru,12.97,77.59,11,PostMonsoon,Clear,21.11,0.0,5.25,60.3,1012.4
2023-11-29,Bengaluru,12.97,77.59,11,PostMonsoon,Clear,22.74,0.0,2.64,62.8,1012.5
2023-11-30,Bengaluru,12.97,77.59,11,PostMonsoon,Clear,22.03,0.0,3.84,51.3,1013.2
2023-12-01,Bengaluru,12.97,77.59,12,Winter,Clear,21.47,0.0,4.55,61.7,1011.9
2023-12-02,Bengaluru,12.97,77.59,12,Winter,Clear,21.72,0.0,7.41,59.4,1012.5
2023-12-03,Bengaluru,12.97,77.59,12,Winter,Clear,21.93,0.0,8.21,52.5,1016.4
2023-12-04,Bengaluru,12.97,77.59,12,Winter,Clear,21.41,0.0,7.06,54.5,1013.9
2023-12-05,Bengaluru,12.97,77.59,12,Winter,Clear,22.18,0.0,5.37,52.5,1013.4
2023-12-06,Bengaluru,12.97,77.59,12,Winter,Clear,21.88,0.0,4.46,48.3,1010.5
2023-12-07,Bengaluru,12.97,77.59,12,Winter,Clear,19.39,0.0,3.97,60.8,1013.0
2023-12-08,Bengaluru,12.97,77.59,12,Winter,Clear,17.92,0.0,4.8,53.5,1012.4
2023-12-09,Bengaluru,12.97,77.59,12,Winter,Clear,19.62,0.0,6.72,64.5,1010.7
2023-12-10,Bengaluru,12.97,77.59,12,Winter,Clear,20.54,0.0,4.22,54.2,1010.3
2023-12-11,Bengaluru,12.97,77.59,12,Winter,Clear,20.97,0.0,2.12,58.3,1013.2
2023-12-12,Bengaluru,12.97,77.59,12,Winter,Clear,20.12,0.0,6.27,55.8,1013.1
2023-12-13,Bengaluru,12.97,77.59,12,Winter,Clear,21.28,0.0,7.34,57.1,1014.1
2023-12-14,Bengaluru,12.97,77.59,12,Winter,Clear,20.58,0.0,6.36,63.7,1013.3
2023-12-15,Bengaluru,12.97,77.59,12,Winter,Clear,20.89,0.0,7.83,44.9,1013.8
2023-12-16,Bengaluru,12.97,77.59,12,Winter,Clear,21.42,0.0,8.01,59.0,1010.9
2023-12-17,Bengaluru,12.97,77.59,12,Winter,Clear,21.09,0.0,8.54,50.9,1014.8
2023-12-18,Bengaluru,12.97,77.59,12,Winter,Clear,20.59,0.0,10.77,51.4,1013.5
2023-12-19,Bengaluru,12.97,77.59,12,Winter,Clear,19.59,0.0,10.76,63.4,1014.8
2023-12-20,Bengaluru,12.97,77.59,12,Winter,Clear,19.42,0.0,9.25,61.9,1016.6
2023-12-21,Bengaluru,12.97,77.59,12,Winter,Clear,20.21,0.0,7.89,58.7,1012.2
2023-12-22,Bengaluru,12.97,77.59,12,Winter,Clear,21.84,0.0,8.36,53.7,1012.6
2023-12-23,Bengaluru,12.97,77.59,12,Winter,Clear,20.13,0.0,6.79,49.3,1010.6
2023-12-24,Bengaluru,12.97,77.59,12,Winter,Clear,20.5,0.0,4.97,62.9,1014.3
2023-12-25,Bengaluru,12.97,77.59,12,Winter,Clear,23.33,0.0,6.33,68.2,1012.8
2023-12-26,Bengaluru,12.97,77.59,12,Winter,Clear,21.84,0.0,6.89,53.8,1014.5
2023-12-27,Bengaluru,12.97,77.59,12,Winter,Clear,19.41,0.0,6.45,59.3,1012.6
2023-12-28,Bengaluru,12.97,77.59,12,Winter,Clear,18.58,0.0,6.16,68.0,1011.9
2023-12-29,Bengaluru,12.97,77.59,12,Winter,Clear,17.64,0.0,4.21,65.6,1013.4
2023-12-30,Bengaluru,12.97,77.59,12,Winter,Clear,17.26,0.0,4.94,59.7,1012.1
2023-12-31,Bengaluru,12.97,77.59,12,Winter,Clear,17.79,0.0,4.63,64.8,1012.0
2024-01-01,Bengaluru,12.97,77.59,1,Winter,Clear,19.12,0.0,3.91,57.2,1012.5
2024-01-02,Bengaluru,12.97,77.59,1,Winter,Clear,20.29,0.0,1.5,54.8,1011.8
2024-01-03,Bengaluru,12.97,77.59,1,Winter,Clear,21.84,0.13,3.25,44.7,1011.1
2024-01-04,Bengaluru,12.97,77.59,1,Winter,Clear,20.64,0.0,6.28,49.0,1011.0
2024-01-05,Bengaluru,12.97,77.59,1,Winter,Clear,21.92,0.19,6.16,56.5,1009.7
2024-01-06,Bengaluru,12.97,77.59,1,Winter,Clear,23.49,0.6,7.75,54.6,1012.7
2024-01-07,Bengaluru,12.97,77.59,1,Winter,Clear,21.94,0.0,6.99,54.7,1013.4
2024-01-08,Bengaluru,12.97,77.59,1,Winter,Clear,20.13,0.0,5.96,58.6,1012.8
2024-01-09,Bengaluru,12.97,77.59,1,Winter,Clear,17.87,0.0,7.03,57.7,1012.3
2024-01-10,Bengaluru,12.97,77.59,1,Winter,Clear,19.1,0.0,6.95,52.2,1009.7
2024-01-11,Bengaluru,12.97,77.59,1,Winter,Clear,19.19,0.0,6.22,48.3,1014.5
2024-01-12,Bengaluru,12.97,77.59,1,Winter,Clear,17.91,0.0,6.5,60.4,1016.1
2024-01-13,Bengaluru,12.97,77.59,1,Winter,Clear,20.44,0.0,5.81,54.2,1011.9
2024-01-14,Bengaluru,12.97,77.59,1,Winter,Clear,21.79,0.0,6.7,55.7,1011.9
2024-01-15,Bengaluru,12.97,77.59,1,Winter,Clear,22.86,0.0,8.19,67.7,1011.4
2024-01-16,Bengaluru,12.97,77.59,1,Winter,Clear,21.84,0.0,9.44,66.4,1014.0
2024-01-17,Bengaluru,12.97,77.59,1,Winter,Clear,22.18,0.0,9.86,50.2,1015.4
2024-01-18,Bengaluru,12.97,77.59,1,Winter,Clear,22.4,0.0,8.66,54.3,1012.3
2024-01-19,Bengaluru,12.97,77.59,1,Winter,Clear,21.6,0.0,7.3,60.1,1010.6
2024-01-20,Bengaluru,12.97,77.59,1,Winter,Clear,21.38,0.0,5.8,51.2,1014.3
2024-01-21,Bengaluru,12.97,77.59,1,Winter,Clear,20.91,0.0,7.39,59.7,1015.6
2024-01-22,Bengaluru,12.97,77.59,1,Winter,Clear,20.3,0.0,6.95,60.5,1010.7
2024-01-23,Bengaluru,12.97,77.59,1,Winter,Clear,20.61,0.0,4.42,65.3,1009.6
2024-01-24,Bengaluru,12.97,77.59,1,Winter,Clear,23.01,0.0,5.5,55.2,1013.7
2024-01-25,Bengaluru,12.97,77.59,1,Winter,Clear,22.74,0.0,6.42,55.1,1014.8
2024-01-26,Bengaluru,12.97,77.59,1,Winter,Clear,21.55,0.0,5.92,67.6,1012.3
2024-01-27,Bengaluru,12.97,77.59,1,Winter,Clear,21.17,0.0,6.53,61.3,1014.3
2024-01-28,Bengaluru,12.97,77.59,1,Winter,Clear,22.36,0.0,6.83,58.7,1011.5
2024-01-29,Bengaluru,12.97,77.59,1,Winter,Clear,22.25,0.0,5.56,63.9,1013.4
2024-01-30,Bengaluru,12.97,77.59,1,Winter,Clear,25.02,0.0,8.27,59.0,1011.1
2024-01-31,Bengaluru,12.97,77.59,1,Winter,Clear,22.69,0.0,6.34,63.7,1014.2
2024-02-01,Bengaluru,12.97,77.59,2,Winter,Clear,25.81,0.0,6.92,53.7,1011.5
2024-02-02,Bengaluru,12.97,77.59,2,Winter,Clear,25.76,0.0,4.59,46.4,1011.4
2024-02-03,Bengaluru,12.97,77.59,2,Winter,Clear,25.18,0.0,7.04,51.5,1013.7
2024-02-04,Bengaluru,12.97,77.59,2,Winter,Clear,26.79,0.0,6.78,54.1,1013.5
2024-02-05,Bengaluru,12.97,77.59,2,Winter,Clear,26.94,0.0,6.63,53.5,1012.0
2024-02-06,Bengaluru,12.97,77.59,2,Winter,Clear,25.24,0.0,7.05,56.3,1014.1
2024-02-07,Bengaluru,12.97,77.59,2,Winter,Clear,23.73,0.0,6.79,55.1,1009.9
2024-02-08,Bengaluru,12.97,77.59,2,Winter,Clear,23.47,0.0,7.23,55.2,1012.8
2024-02-09,Bengaluru,12.97,77.59,2,Winter,Clear,21.88,0.0,7.3,56.1,1015.2
2024-02-10,Bengaluru,12.97,77.59,2,Winter,Clear,23.31,0.0,8.39,52.8,1011.9
2024-02-11,Bengaluru,12.97,77.59,2,Winter,Clear,22.43,0.0,7.28,62.8,1009.7
2024-02-12,Bengaluru,12.97,77.59,2,Winter,Clear,21.19,0.0,5.78,55.8,1013.1
2024-02-13,Bengaluru,12.97,77.59,2,Winter,Clear,20.39,0.0,7.31,55.8,1013.9
2024-02-14,Bengaluru,12.97,77.59,2,Winter,Clear,18.59,0.0,10.37,59.0,1013.4
2024-02-15,Bengaluru,12.97,77.59,2,Winter,Clear,18.28,0.0,6.86,63.3,1010.9
2024-02-16,Bengaluru,12.97,77.59,2,Winter,Clear,17.84,0.0,8.35,63.0,1012.9
2024-02-17,Bengaluru,12.97,77.59,2,Winter,Clear,20.76,0.0,4.64,51.3,1013.9
2024-02-18,Bengaluru,12.97,77.59,2,Winter,Clear,20.73,0.0,6.43,65.4,1011.7
2024-02-19,Bengaluru,12.97,77.59,2,Winter,Clear,21.2,0.0,6.56,63.6,1013.2
2024-02-20,Bengaluru,12.97,77.59,2,Winter,Clear,20.15,0.0,7.96,63.4,1013.3
2024-02-21,Bengaluru,12.97,77.59,2,Winter,Clear,21.3,0.0,4.21,65.4,1012.1
2024-02-22,Bengaluru,12.97,77.59,2,Winter,Clear,21.82,0.0,5.54,63.0,1014.2
2024-02-23,Bengaluru,12.97,77.59,2,Winter,Clear,21.66,0.0,7.63,57.3,1011.6
2024-02-24,Bengaluru,12.97,77.59,2,Winter,Clear,22.13,0.0,6.94,58.1,1011.0
2024-02-25,Bengaluru,12.97,77.59,2,Winter,Clear,22.39,0.0,6.18,53.8,1013.4
2024-02-26,Bengaluru,12.97,77.59,2,Winter,Clear,24.04,0.0,6.81,50.0,1012.5
2024-02-27,Bengaluru,12.97,77.59,2,Winter,Clear,25.27,0.0,7.97,57.4,1015.4
2024-02-28,Bengaluru,12.97,77.59,2,Winter,Clear,23.1,0.0,7.91,54.5,1014.2
2024-02-29,Bengaluru,12.97,77.59,2,Winter,Clear,22.37,0.0,6.92,71.1,1011.4
2024-03-01,Bengaluru,12.97,77.59,3,Summer,Clear,25.73,0.0,10.94,55.4,1012.9
2024-03-02,Bengaluru,12.97,77.59,3,Summer,Clear,26.01,0.0,7.85,70.6,1015.9
2024-03-03,Bengaluru,12.97,77.59,3,Summer,Clear,23.96,0.0,11.09,60.8,1014.3
2024-03-04,Bengaluru,12.97,77.59,3,Summer,Clear,22.36,0.0,10.93,65.4,1013.8
2024-03-05,Bengaluru,12.97,77.59,3,Summer,Clear,25.29,0.0,10.63,61.7,1012.1
2024-03-06,Bengaluru,12.97,77.59,3,Summer,Clear,24.38,0.0,11.23,54.2,1011.4
2024-03-07,Bengaluru,12.97,77.59,3,Summer,Clear,25.28,0.0,8.04,49.1,1009.9
2024-03-08,Bengaluru,12.97,77.59,3,Summer,Heatwave,29.0,0.0,7.9,52.5,1012.7
2024-03-09,Bengaluru,12.97,77.59,3,Summer,Clear,28.09,0.0,9.94,60.5,1012.1
2024-03-10,Bengaluru,12.97,77.59,3,Summer,Heatwave,29.36,0.0,10.3,50.5,1012.0
2024-03-11,Bengaluru,12.97,77.59,3,Summer,Heatwave,29.34,0.0,9.58,58.4,1011.0
2024-03-12,Bengaluru,12.97,77.59,3,Summer,Clear,28.03,0.0,7.86,51.4,1012.0
2024-03-13,Bengaluru,12.97,77.59,3,Summer,Clear,28.25,0.0,6.06,63.0,1013.1
2024-03-14,Bengaluru,12.97,77.59,3,Summer,Clear,28.56,0.0,8.57,53.0,1011.7
2024-03-15,Bengaluru,12.97,77.59,3,Summer,Heatwave,29.02,0.0,11.39,56.8,1017.2
2024-03-16,Bengaluru,12.97,77.59,3,Summer,Clear,28.64,1.48,11.47,41.7,1012.8
2024-03-17,Bengaluru,12.97,77.59,3,Summer,Heatwave,28.95,0.0,9.18,55.1,1014.7
2024-03-18,Bengaluru,12.97,77.59,3,Summer,Heatwave,29.01,0.0,9.65,65.6,1011.2
2024-03-19,Bengaluru,12.97,77.59,3,Summer,Clear,27.72,0.0,6.54,58.0,1015.6
2024-03-20,Bengaluru,12.97,77.59,3,Summer,Clear,26.41,0.0,8.24,65.1,1009.2
2024-03-21,Bengaluru,12.97,77.59,3,Summer,Clear,27.22,0.0,7.32,43.5,1013.5
2024-03-22,Bengaluru,12.97,77.59,3,Summer,Clear,25.82,0.0,9.15,66.7,1012.9
2024-03-23,Bengaluru,12.97,77.59,3,Summer,Clear,27.96,0.0,9.94,60.6,1014.1
2024-03-24,Bengaluru,12.97,77.59,3,Summer,Clear,26.39,0.0,9.26,57.1,1011.0
2024-03-25,Bengaluru,12.97,77.59,3,Summer,Clear,24.38,0.0,9.73,50.0,1010.5
2024-03-26,Bengaluru,12.97,77.59,3,Summer,Clear,26.27,0.0,8.27,64.8,1012.4
2024-03-27,Bengaluru,12.97,77.59,3,Summer,Clear,26.98,1.88,7.57,57.8,1012.5
2024-03-28,Bengaluru,12.97,77.59,3,Summer,Clear,26.0,0.0,10.72,67.3,1011.4
2024-03-29,Bengaluru,12.97,77.59,3,Summer,Clear,26.7,0.0,12.95,61.4,1014.2
2024-03-30,Bengaluru,12.97,77.59,3,Summer,Clear,27.97,0.0,11.12,64.7,1015.6
2024-03-31,Bengaluru,12.97,77.59,3,Summer,Clear,26.36,0.0,7.31,55.8,1011.5
2024-04-01,Bengaluru,12.97,77.59,4,Summer,Clear,26.46,0.0,10.29,57.8,1011.6
2024-04-02,Bengaluru,12.97,77.59,4,Summer,Clear,27.71,0.0,10.45,61.6,1014.6
2024-04-03,Bengaluru,12.97,77.59,4,Summer,Heatwave,30.93,3.8,12.32,50.9,1013.9
2024-04-04,Bengaluru,12.97,77.59,4,Summer,Clear,29.18,5.84,11.77,62.0,1009.1
2024-04-05,Bengaluru,12.97,77.59,4,Summer,Clear,28.1,0.0,10.84,60.4,1011.1
2024-04-06,Bengaluru,12.97,77.59,4,Summer,Clear,27.58,0.0,11.12,52.4,1009.1
2024-04-07,Bengaluru,12.97,77.59,4,Summer,Clear,27.81,0.0,15.18,67.1,1017.4
2024-04-08,Bengaluru,12.97,77.59,4,Summer,Clear,26.64,0.0,11.21,54.8,1014.1
2024-04-09,Bengaluru,12.97,77.59,4,Summer,Clear,28.46,0.0,11.45,57.4,1016.1
2024-04-10,Bengaluru,12.97,77.59,4,Summer,Clear,29.7,0.0,8.04,53.2,1015.3
2024-04-11,Bengaluru,12.97,77.59,4,Summer,Heatwave,30.15,0.0,9.52,48.4,1014.9
2024-04-12,Bengaluru,12.97,77.59,4,Summer,Heatwave,29.93,8.0,11.61,64.0,1011.6
2024-04-13,Bengaluru,12.97,77.59,4,Summer,Clear,29.62,0.0,7.2,55.1,1011.4
2024-04-14,Bengaluru,12.97,77.59,4,Summer,Clear,28.47,0.0,10.32,65.5,1013.4
2024-04-15,Bengaluru,12.97,77.59,4,Summer,Clear,27.17,0.0,9.65,62.0,1013.4
2024-04-16,Bengaluru,12.97,77.59,4,Summer,Clear,27.31,0.0,7.99,71.2,1015.0
2024-04-17,Bengaluru,12.97,77.59,4,Summer,Clear,27.57,0.0,11.68,62.7,1009.8
2024-04-18,Bengaluru,12.97,77.59,4,Summer,Clear,28.78,0.0,10.31,55.9,1012.8
2024-04-19,Bengaluru,12.97,77.59,4,Summer,Clear,27.82,0.0,10.54,58.5,1013.1
2024-04-20,Bengaluru,12.97,77.59,4,Summer,Clear,26.57,0.0,11.47,55.7,1014.4
2024-04-21,Bengaluru,12.97,77.59,4,Summer,Clear,28.38,0.0,11.75,66.4,1015.6
2024-04-22,Bengaluru,12.97,77.59,4,Summer,Clear,28.48,0.0,10.43,59.6,1012.1
2024-04-23,Bengaluru,12.97,77.59,4,Summer,Clear,28.45,0.0,13.32,51.4,1014.5
2024-04-24,Bengaluru,12.97,77.59,4,Summer,Clear,29.12,0.0,13.18,55.9,1014.3
2024-04-25,Bengaluru,12.97,77.59,4,Summer,Clear,29.62,0.0,10.27,57.0,1007.8
2024-04-26,Bengaluru,12.97,77.59,4,Summer,Clear,27.77,0.0,10.14,49.4,1014.3
2024-04-27,Bengaluru,12.97,77.59,4,Summer,Heatwave,30.88,0.0,11.38,48.7,1017.7
2024-04-28,Bengaluru,12.97,77.59,4,Summer,Clear,29.66,0.0,9.88,53.8,1013.2
2024-04-29,Bengaluru,12.97,77.59,4,Summer,Clear,27.36,0.0,8.29,59.7,1016.3
2024-04-30,Bengaluru,12.97,77.59,4,Summer,Clear,27.63,0.0,10.95,64.3,1012.2
2024-05-01,Bengaluru,12.97,77.59,5,Summer,Clear,25.5,0.0,11.27,61.4,1011.5
2024-05-02,Bengaluru,12.97,77.59,5,Summer,Clear,24.66,0.0,11.6,58.7,1012.8
2024-05-03,Bengaluru,12.97,77.59,5,Summer,Clear,26.23,0.0,8.34,62.5,1011.4
2024-05-04,Bengaluru,12.97,77.59,5,Summer,Clear,25.18,0.0,7.32,62.2,1011.8
2024-05-05,Bengaluru,12.97,77.59,5,Summer,Clear,23.82,2.47,10.77,54.0,1010.5
2024-05-06,Bengaluru,12.97,77.59,5,Summer,Clear,24.37,6.18,10.74,59.0,1013.5
2024-05-07,Bengaluru,12.97,77.59,5,Summer,Clear,25.71,4.87,8.67,54.2,1009.6
2024-05-08,Bengaluru,12.97,77.59,5,Summer,Convective,26.64,10.05,9.64,72.8,1011.4
2024-05-09,Bengaluru,12.97,77.59,5,Summer,Clear,26.82,2.64,8.82,48.6,1012.0
2024-05-10,Bengaluru,12.97,77.59,5,Summer,Clear,26.38,2.89,7.74,60.2,1013.4
2024-05-11,Bengaluru,12.97,77.59,5,Summer,Clear,27.53,0.0,7.22,56.6,1010.5
2024-05-12,Bengaluru,12.97,77.59,5,Summer,Heatwave,29.47,0.0,11.48,53.2,1014.0
2024-05-13,Bengaluru,12.97,77.59,5,Summer,Clear,28.48,0.0,12.69,51.6,1013.5
2024-05-14,Bengaluru,12.97,77.59,5,Summer,Clear,27.71,0.0,10.47,59.7,1012.5
2024-05-15,Bengaluru,12.97,77.59,5,Summer,Clear,27.6,0.0,11.25,53.0,1013.2
2024-05-16,Bengaluru,12.97,77.59,5,Summer,Clear,25.63,0.0,10.5,55.6,1013.5
2024-05-17,Bengaluru,12.97,77.59,5,Summer,Convective,25.48,9.43,14.23,65.7,1011.0
2024-05-18,Bengaluru,12.97,77.59,5,Summer,Clear,26.33,1.91,14.68,56.5,1014.8
2024-05-19,Bengaluru,12.97,77.59,5,Summer,Clear,25.85,6.05,13.01,65.5,1011.7
2024-05-20,Bengaluru,12.97,77.59,5,Summer,Clear,27.49,0.0,13.08,59.1,1012.6
2024-05-21,Bengaluru,12.97,77.59,5,Summer,Clear,25.68,0.0,14.59,56.9,1010.1
2024-05-22,Bengaluru,12.97,77.59,5,Summer,Clear,26.02,0.0,9.04,38.9,1014.7
2024-05-23,Bengaluru,12.97,77.59,5,Summer,Clear,24.51,0.0,9.74,52.4,1010.3
2024-05-24,Bengaluru,12.97,77.59,5,Summer,Clear,24.81,0.0,11.08,70.8,1010.3
2024-05-25,Bengaluru,12.97,77.59,5,Summer,Clear,24.42,0.0,9.91,63.7,1013.0
2024-05-26,Bengaluru,12.97,77.59,5,Summer,Clear,24.86,0.0,12.31,66.8,1011.8
2024-05-27,Bengaluru,12.97,77.59,5,Summer,Clear,25.58,0.0,9.57,59.9,1014.4
2024-05-28,Bengaluru,12.97,77.59,5,Summer,Clear,25.15,0.21,9.25,60.3,1010.2
2024-05-29,Bengaluru,12.97,77.59,5,Summer,Clear,25.63,0.0,10.87,61.2,1016.1
2024-05-30,Bengaluru,12.97,77.59,5,Summer,Clear,24.71,0.0,9.55,61.8,1014.6
2024-05-31,Bengaluru,12.97,77.59,5,Summer,Clear,25.61,0.0,12.89,53.2,1011.8
2024-06-01,Bengaluru,12.97,77.59,6,Monsoon,Clear,23.1,0.0,15.69,61.1,1013.5
2024-06-02,Bengaluru,12.97,77.59,6,Monsoon,Clear,21.81,0.0,14.94,58.7,1014.1
2024-06-03,Bengaluru,12.97,77.59,6,Monsoon,Clear,21.7,0.0,16.29,65.2,1011.4
2024-06-04,Bengaluru,12.97,77.59,6,Monsoon,Clear,23.38,0.0,13.39,58.0,1014.1
2024-06-05,Bengaluru,12.97,77.59,6,Monsoon,Clear,26.57,0.0,11.5,56.9,1012.9
2024-06-06,Bengaluru,12.97,77.59,6,Monsoon,Clear,25.53,0.0,11.14,52.3,1013.3
2024-06-07,Bengaluru,12.97,77.59,6,Monsoon,Monsoon,25.29,10.77,10.78,58.9,1012.4
2024-06-08,Bengaluru,12.97,77.59,6,Monsoon,Clear,26.0,0.0,9.47,58.3,1014.5
2024-06-09,Bengaluru,12.97,77.59,6,Monsoon,Clear,24.47,0.0,10.46,49.9,1010.5
2024-06-10,Bengaluru,12.97,77.59,6,Monsoon,Storm,24.46,52.85,18.45,77.3,1007.0
2024-06-11,Bengaluru,12.97,77.59,6,Monsoon,Clear,22.47,0.0,11.36,65.0,1009.2
2024-06-12,Bengaluru,12.97,77.59,6,Monsoon,Monsoon,22.07,19.45,18.55,70.0,1012.2
2024-06-13,Bengaluru,12.97,77.59,6,Monsoon,Clear,21.89,0.0,12.6,50.3,1012.5
2024-06-14,Bengaluru,12.97,77.59,6,Monsoon,Clear,24.45,0.0,13.41,54.3,1013.7
2024-06-15,Bengaluru,12.97,77.59,6,Monsoon,Clear,26.03,0.0,14.4,64.3,1013.2
2024-06-16,Bengaluru,12.97,77.59,6,Monsoon,Clear,25.89,0.0,15.28,67.1,1012.9
2024-06-17,Bengaluru,12.97,77.59,6,Monsoon,Clear,25.74,0.0,12.9,60.9,1010.7
2024-06-18,Bengaluru,12.97,77.59,6,Monsoon,Clear,24.35,0.0,12.89,54.7,1011.0
2024-06-19,Bengaluru,12.97,77.59,6,Monsoon,Clear,23.14,0.0,13.52,58.7,1013.0
2024-06-20,Bengaluru,12.97,77.59,6,Monsoon,Clear,24.79,0.0,12.88,48.0,1010.8
2024-06-21,Bengaluru,12.97,77.59,6,Monsoon,Clear,24.46,0.0,13.39,53.7,1013.8
2024-06-22,Bengaluru,12.97,77.59,6,Monsoon,Clear,25.6,0.0,11.93,54.7,1010.2
2024-06-23,Bengaluru,12.97,77.59,6,Monsoon,Clear,24.78,0.0,11.0,49.8,1014.8
2024-06-24,Bengaluru,12.97,77.59,6,Monsoon,Clear,24.19,3.81,14.14,56.4,1011.5
2024-06-25,Bengaluru,12.97,77.59,6,Monsoon,Clear,23.85,0.0,10.64,46.9,1012.0
2024-06-26,Bengaluru,12.97,77.59,6,Monsoon,Clear,23.61,0.0,10.23,67.3,1013.3
2024-06-27,Bengaluru,12.97,77.59,6,Monsoon,Clear,25.06,0.0,9.13,55.1,1013.6
2024-06-28,Bengaluru,12.97,77.59,6,Monsoon,Clear,23.91,0.0,10.89,53.2,1012.6
2024-06-29,Bengaluru,12.97,77.59,6,Monsoon,Clear,22.33,0.0,10.66,52.7,1014.4
2024-06-30,Bengaluru,12.97,77.59,6,Monsoon,Monsoon,24.58,30.96,12.56,58.4,1009.8
2024-07-01,Bengaluru,12.97,77.59,7,Monsoon,Monsoon,23.54,29.83,14.6,68.5,1006.4
2024-07-02,Bengaluru,12.97,77.59,7,Monsoon,Clear,21.64,0.0,11.06,58.8,1011.4
2024-07-03,Bengaluru,12.97,77.59,7,Monsoon,Clear,21.68,0.0,9.25,51.5,1012.9
2024-07-04,Bengaluru,12.97,77.59,7,Monsoon,Clear,22.35,0.0,9.38,51.7,1014.0
2024-07-05,Bengaluru,12.97,77.59,7,Monsoon,Clear,22.83,0.0,9.85,61.0,1008.1
2024-07-06,Bengaluru,12.97,77.59,7,Monsoon,Clear,24.24,0.0,11.03,61.0,1009.7
2024-07-07,Bengaluru,12.97,77.59,7,Monsoon,Clear,22.87,0.0,10.4,60.5,1009.7
2024-07-08,Bengaluru,12.97,77.59,7,Monsoon,Monsoon,21.75,10.85,13.9,50.5,1010.8
2024-07-09,Bengaluru,12.97,77.59,7,Monsoon,Clear,21.11,0.0,12.08,67.8,1011.6
2024-07-10,Bengaluru,12.97,77.59,7,Monsoon,Clear,19.32,0.0,9.06,70.4,1014.7
2024-07-11,Bengaluru,12.97,77.59,7,Monsoon,Clear,19.73,0.0,10.61,51.9,1011.4
2024-07-12,Bengaluru,12.97,77.59,7,Monsoon,Clear,21.22,0.0,10.83,54.0,1012.4
2024-07-13,Bengaluru,12.97,77.59,7,Monsoon,Clear,20.96,0.0,10.61,53.7,1011.2
2024-07-14,Bengaluru,12.97,77.59,7,Monsoon,Clear,21.8,0.0,13.22,51.1,1014.3
2024-07-15,Bengaluru,12.97,77.59,7,Monsoon,Clear,24.12,0.0,10.72,59.0,1012.5
2024-07-16,Bengaluru,12.97,77.59,7,Monsoon,Clear,24.48,0.0,12.62,55.8,1011.9
2024-07-17,Bengaluru,12.97,77.59,7,Monsoon,Clear,22.56,0.0,11.95,65.3,1012.4
2024-07-18,Bengaluru,12.97,77.59,7,Monsoon,Clear,20.43,1.69,10.9,58.5,1014.7
2024-07-19,Bengaluru,12.97,77.59,7,Monsoon,Clear,21.64,1.97,13.64,57.9,1015.3
2024-07-20,Bengaluru,12.97,77.59,7,Monsoon,Clear,21.86,0.0,13.95,71.5,1013.4
2024-07-21,Bengaluru,12.97,77.59,7,Monsoon,Clear,21.62,0.0,12.51,62.9,1013.9
2024-07-22,Bengaluru,12.97,77.59,7,Monsoon,Clear,23.26,0.0,11.8,54.2,1015.1
2024-07-23,Bengaluru,12.97,77.59,7,Monsoon,Clear,22.57,0.0,10.73,59.5,1010.9
2024-07-24,Bengaluru,12.97,77.59,7,Monsoon,Monsoon,21.49,12.56,14.75,67.4,1010.7
2024-07-25,Bengaluru,12.97,77.59,7,Monsoon,Clear,21.89,0.0,11.08,58.1,1014.3
2024-07-26,Bengaluru,12.97,77.59,7,Monsoon,Clear,23.52,0.0,12.78,52.2,1015.1
2024-07-27,Bengaluru,12.97,77.59,7,Monsoon,Clear,21.82,0.0,10.43,70.7,1013.7
2024-07-28,Bengaluru,12.97,77.59,7,Monsoon,Clear,19.85,0.0,14.89,60.1,1013.1
2024-07-29,Bengaluru,12.97,77.59,7,Monsoon,Clear,18.74,0.0,15.95,59.0,1015.2
2024-07-30,Bengaluru,12.97,77.59,7,Monsoon,Clear,21.18,6.89,14.18,73.0,1011.4
2024-07-31,Bengaluru,12.97,77.59,7,Monsoon,Monsoon,22.74,12.57,14.72,53.7,1008.8
2024-08-01,Bengaluru,12.97,77.59,8,Monsoon,Clear,22.11,0.0,7.13,57.1,1014.4
2024-08-02,Bengaluru,12.97,77.59,8,Monsoon,Clear,21.65,0.0,13.64,62.8,1015.7
2024-08-03,Bengaluru,12.97,77.59,8,Monsoon,Clear,19.33,0.0,13.48,55.2,1012.5
2024-08-04,Bengaluru,12.97,77.59,8,Monsoon,Monsoon,20.95,8.89,11.75,73.2,1015.9
2024-08-05,Bengaluru,12.97,77.59,8,Monsoon,Clear,21.25,5.47,9.42,64.3,1013.0
2024-08-06,Bengaluru,12.97,77.59,8,Monsoon,Clear,22.56,2.98,9.92,59.9,1011.1
2024-08-07,Bengaluru,12.97,77.59,8,Monsoon,Clear,23.84,6.93,9.17,65.1,1011.4
2024-08-08,Bengaluru,12.97,77.59,8,Monsoon,Clear,23.68,1.1,8.92,52.5,1014.1
2024-08-09,Bengaluru,12.97,77.59,8,Monsoon,Clear,24.97,4.18,13.31,48.9,1011.5
2024-08-10,Bengaluru,12.97,77.59,8,Monsoon,Monsoon,24.77,11.47,14.57,59.3,1015.0
2024-08-11,Bengaluru,12.97,77.59,8,Monsoon,Clear,23.48,3.46,13.5,45.8,1017.1
2024-08-12,Bengaluru,12.97,77.59,8,Monsoon,Clear,25.58,0.0,13.2,59.3,1013.4
2024-08-13,Bengaluru,12.97,77.59,8,Monsoon,Clear,24.92,0.0,13.84,51.1,1013.9
2024-08-14,Bengaluru,12.97,77.59,8,Monsoon,Monsoon,24.4,8.19,12.25,64.8,1015.4
2024-08-15,Bengaluru,12.97,77.59,8,Monsoon,Clear,23.93,0.0,10.9,59.3,1012.3
2024-08-16,Bengaluru,12.97,77.59,8,Monsoon,Clear,22.02,0.0,12.5,51.7,1012.1
2024-08-17,Bengaluru,12.97,77.59,8,Monsoon,Clear,23.55,1.99,12.14,63.5,1013.1
2024-08-18,Bengaluru,12.97,77.59,8,Monsoon,Clear,22.75,3.2,10.12,50.2,1011.0
2024-08-19,Bengaluru,12.97,77.59,8,Monsoon,Clear,22.93,6.43,9.89,67.3,1012.9
2024-08-20,Bengaluru,12.97,77.59,8,Monsoon,Clear,23.84,7.29,12.28,42.2,1012.3
2024-08-21,Bengaluru,12.97,77.59,8,Monsoon,Monsoon,23.25,16.69,13.82,58.8,1012.8
2024-08-22,Bengaluru,12.97,77.59,8,Monsoon,Monsoon,23.94,10.17,14.49,60.0,1014.0
2024-08-23,Bengaluru,12.97,77.59,8,Monsoon,Clear,24.34,0.0,10.04,54.4,1011.2
2024-08-24,Bengaluru,12.97,77.59,8,Monsoon,Clear,24.06,0.0,10.6,53.5,1012.6
2024-08-25,Bengaluru,12.97,77.59,8,Monsoon,Clear,22.88,0.0,13.56,52.0,1013.8
2024-08-26,Bengaluru,12.97,77.59,8,Monsoon,Clear,22.47,0.0,12.99,58.1,1015.6
2024-08-27,Bengaluru,12.97,77.59,8,Monsoon,Clear,21.03,2.02,14.07,53.0,1013.4
2024-08-28,Bengaluru,12.97,77.59,8,Monsoon,Monsoon,21.05,13.73,14.5,66.5,1011.9
2024-08-29,Bengaluru,12.97,77.59,8,Monsoon,Clear,19.5,0.0,13.32,59.2,1009.9
2024-08-30,Bengaluru,12.97,77.59,8,Monsoon,Clear,21.75,0.0,11.01,52.4,1016.3
2024-08-31,Bengaluru,12.97,77.59,8,Monsoon,Clear,19.81,0.0,9.75,59.8,1013.2
2024-09-01,Bengaluru,12.97,77.59,9,Monsoon,Clear,20.63,0.0,8.04,56.8,1010.9
2024-09-02,Bengaluru,12.97,77.59,9,Monsoon,Clear,21.51,0.0,6.56,49.7,1011.9
2024-09-03,Bengaluru,12.97,77.59,9,Monsoon,Clear,21.95,6.0,8.94,54.8,1012.9
2024-09-04,Bengaluru,12.97,77.59,9,Monsoon,Monsoon,21.78,17.1,12.7,58.9,1014.6
2024-09-05,Bengaluru,12.97,77.59,9,Monsoon,Clear,22.9,2.09,9.61,64.1,1008.6
2024-09-06,Bengaluru,12.97,77.59,9,Monsoon,Monsoon,23.06,11.54,9.27,60.5,1010.8
2024-09-07,Bengaluru,12.97,77.59,9,Monsoon,Clear,23.65,5.82,9.16,61.6,1010.9
2024-09-08,Bengaluru,12.97,77.59,9,Monsoon,Clear,23.44,1.55,9.46,58.5,1013.6
2024-09-09,Bengaluru,12.97,77.59,9,Monsoon,Monsoon,22.41,16.95,11.09,52.2,1010.2
2024-09-10,Bengaluru,12.97,77.59,9,Monsoon,Monsoon,21.9,12.22,9.79,68.5,1012.6
2024-09-11,Bengaluru,12.97,77.59,9,Monsoon,Clear,23.42,6.8,9.57,64.2,1013.4
2024-09-12,Bengaluru,12.97,77.59,9,Monsoon,Monsoon,24.11,26.07,12.64,57.7,1011.9
2024-09-13,Bengaluru,12.97,77.59,9,Monsoon,Monsoon,23.97,22.63,8.7,64.2,1009.0
2024-09-14,Bengaluru,12.97,77.59,9,Monsoon,Clear,22.21,4.83,8.52,55.0,1008.6
2024-09-15,Bengaluru,12.97,77.59,9,Monsoon,Monsoon,24.48,15.99,12.09,66.1,1010.2
2024-09-16,Bengaluru,12.97,77.59,9,Monsoon,Clear,22.7,0.89,8.06,40.6,1009.5
2024-09-17,Bengaluru,12.97,77.59,9,Monsoon,Monsoon,24.39,9.72,10.09,43.3,1011.6
2024-09-18,Bengaluru,12.97,77.59,9,Monsoon,Monsoon,23.06,15.89,11.79,72.2,1011.6
2024-09-19,Bengaluru,12.97,77.59,9,Monsoon,Monsoon,24.84,15.89,10.73,57.8,1012.2
2024-09-20,Bengaluru,12.97,77.59,9,Monsoon,Monsoon,26.2,8.06,10.58,64.1,1013.1
2024-09-21,Bengaluru,12.97,77.59,9,Monsoon,Clear,25.12,2.02,11.13,55.3,1010.3
2024-09-22,Bengaluru,12.97,77.59,9,Monsoon,Monsoon,25.44,12.27,14.6,53.2,1011.9
2024-09-23,Bengaluru,12.97,77.59,9,Monsoon,Clear,25.49,0.0,10.95,58.9,1012.9
2024-09-24,Bengaluru,12.97,77.59,9,Monsoon,Monsoon,25.18,18.73,12.69,54.2,1010.4
2024-09-25,Bengaluru,12.97,77.59,9,Monsoon,Clear,24.45,5.09,10.73,68.1,1007.3
2024-09-26,Bengaluru,12.97,77.59,9,Monsoon,Clear,24.9,2.72,9.25,58.4,1014.1
2024-09-27,Bengaluru,12.97,77.59,9,Monsoon,Clear,26.31,3.68,9.63,57.8,1015.5
2024-09-28,Bengaluru,12.97,77.59,9,Monsoon,Clear,27.75,3.02,13.05,53.1,1011.3
2024-09-29,Bengaluru,12.97,77.59,9,Monsoon,Monsoon,25.51,23.57,14.82,58.8,1013.2
2024-09-30,Bengaluru,12.97,77.59,9,Monsoon,Clear,26.23,3.21,11.19,56.8,1014.1
2024-10-01,Bengaluru,12.97,77.59,10,PostMonsoon,Clear,25.15,7.51,9.71,53.7,1013.4
2024-10-02,Bengaluru,12.97,77.59,10,PostMonsoon,Clear,25.54,6.69,11.01,53.5,1012.8
2024-10-03,Bengaluru,12.97,77.59,10,PostMonsoon,Convective,27.21,12.93,12.53,57.8,1011.8
2024-10-04,Bengaluru,12.97,77.59,10,PostMonsoon,Convective,25.23,8.96,11.18,58.9,1010.6
2024-10-05,Bengaluru,12.97,77.59,10,PostMonsoon,Clear,24.04,6.75,8.79,53.2,1011.8
2024-10-06,Bengaluru,12.97,77.59,10,PostMonsoon,Clear,21.98,1.99,5.91,59.5,1014.2
2024-10-07,Bengaluru,12.97,77.59,10,PostMonsoon,Clear,22.9,6.12,5.33,59.4,1012.9
2024-10-08,Bengaluru,12.97,77.59,10,PostMonsoon,Clear,23.37,6.9,6.75,59.9,1012.6
2024-10-09,Bengaluru,12.97,77.59,10,PostMonsoon,Convective,20.83,17.96,9.56,61.6,1010.1
2024-10-10,Bengaluru,12.97,77.59,10,PostMonsoon,Clear,20.92,0.0,3.91,57.0,1015.0
2024-10-11,Bengaluru,12.97,77.59,10,PostMonsoon,Clear,21.71,0.0,2.93,57.9,1012.8
2024-10-12,Bengaluru,12.97,77.59,10,PostMonsoon,Clear,21.78,0.0,4.67,61.4,1015.0
2024-10-13,Bengaluru,12.97,77.59,10,PostMonsoon,Clear,22.97,0.0,5.75,51.7,1012.5
2024-10-14,Bengaluru,12.97,77.59,10,PostMonsoon,Clear,23.85,0.0,7.17,54.9,1013.8
2024-10-15,Bengaluru,12.97,77.59,10,PostMonsoon,Clear,23.91,0.0,7.68,59.5,1013.3
2024-10-16,Bengaluru,12.97,77.59,10,PostMonsoon,Clear,24.57,0.0,7.71,61.4,1015.1
2024-10-17,Bengaluru,12.97,77.59,10,PostMonsoon,Clear,25.63,0.0,9.83,58.4,1010.8
2024-10-18,Bengaluru,12.97,77.59,10,PostMonsoon,Clear,22.98,0.0,9.57,59.1,1013.6
2024-10-19,Bengaluru,12.97,77.59,10,PostMonsoon,Clear,24.44,0.0,7.9,56.0,1013.7
2024-10-20,Bengaluru,12.97,77.59,10,PostMonsoon,Clear,22.86,0.75,8.38,58.4,1012.2
2024-10-21,Bengaluru,12.97,77.59,10,PostMonsoon,Convective,24.23,8.42,9.76,62.2,1012.9
2024-10-22,Bengaluru,12.97,77.59,10,PostMonsoon,Convective,23.64,24.06,13.36,63.8,1010.6
2024-10-23,Bengaluru,12.97,77.59,10,PostMonsoon,Clear,23.33,4.3,10.74,57.4,1013.2
2024-10-24,Bengaluru,12.97,77.59,10,PostMonsoon,Convective,22.57,19.22,10.42,62.6,1007.4
2024-10-25,Bengaluru,12.97,77.59,10,PostMonsoon,Convective,23.95,13.72,9.11,56.1,1010.0
2024-10-26,Bengaluru,12.97,77.59,10,PostMonsoon,Clear,23.05,0.0,6.89,51.8,1013.0
2024-10-27,Bengaluru,12.97,77.59,10,PostMonsoon,Clear,23.08,0.0,7.4,45.8,1012.6
2024-10-28,Bengaluru,12.97,77.59,10,PostMonsoon,Clear,20.09,0.0,7.13,58.9,1012.9
2024-10-29,Bengaluru,12.97,77.59,10,PostMonsoon,Clear,21.99,0.0,7.17,68.9,1014.3
2024-10-30,Bengaluru,12.97,77.59,10,PostMonsoon,Clear,21.69,0.0,6.27,66.3,1012.6
2024-10-31,Bengaluru,12.97,77.59,10,PostMonsoon,Clear,21.48,0.0,8.26,65.1,1011.7
2024-11-01,Bengaluru,12.97,77.59,11,PostMonsoon,Clear,20.14,0.0,3.89,63.4,1012.8
2024-11-02,Bengaluru,12.97,77.59,11,PostMonsoon,Clear,20.27,5.88,4.58,53.8,1012.4
2024-11-03,Bengaluru,12.97,77.59,11,PostMonsoon,Clear,20.97,0.0,3.81,55.4,1017.8
2024-11-04,Bengaluru,12.97,77.59,11,PostMonsoon,Clear,19.97,0.0,5.84,63.6,1014.4
2024-11-05,Bengaluru,12.97,77.59,11,PostMonsoon,Convective,18.66,9.64,10.27,57.1,1009.9
2024-11-06,Bengaluru,12.97,77.59,11,PostMonsoon,Clear,18.57,3.38,7.26,55.2,1010.7
2024-11-07,Bengaluru,12.97,77.59,11,PostMonsoon,Convective,17.55,22.51,14.19,63.7,1011.1
2024-11-08,Bengaluru,12.97,77.59,11,PostMonsoon,Clear,19.02,0.0,6.7,57.8,1014.9
2024-11-09,Bengaluru,12.97,77.59,11,PostMonsoon,Clear,18.61,0.0,6.66,62.9,1013.2
2024-11-10,Bengaluru,12.97,77.59,11,PostMonsoon,Clear,18.25,0.0,6.15,63.8,1016.9
2024-11-11,Bengaluru,12.97,77.59,11,PostMonsoon,Clear,18.25,0.0,7.94,53.2,1013.1
2024-11-12,Bengaluru,12.97,77.59,11,PostMonsoon,Clear,19.76,0.0,8.3,55.0,1012.2
2024-11-13,Bengaluru,12.97,77.59,11,PostMonsoon,Convective,21.09,9.09,10.52,44.0,1012.0
2024-11-14,Bengaluru,12.97,77.59,11,PostMonsoon,Clear,22.33,0.0,6.96,57.0,1011.9
2024-11-15,Bengaluru,12.97,77.59,11,PostMonsoon,Clear,23.36,0.0,6.27,64.7,1014.5
2024-11-16,Bengaluru,12.97,77.59,11,PostMonsoon,Convective,22.69,12.81,7.3,50.3,1014.8
2024-11-17,Bengaluru,12.97,77.59,11,PostMonsoon,Clear,22.38,0.0,4.84,48.7,1010.4
2024-11-18,Bengaluru,12.97,77.59,11,PostMonsoon,Clear,23.01,0.0,5.76,61.4,1010.9
2024-11-19,Bengaluru,12.97,77.59,11,PostMonsoon,Clear,22.76,0.0,4.91,52.5,1013.3
2024-11-20,Bengaluru,12.97,77.59,11,PostMonsoon,Clear,22.3,0.0,5.61,45.3,1014.7
2024-11-21,Bengaluru,12.97,77.59,11,PostMonsoon,Clear,21.55,0.0,10.21,53.6,1012.7
2024-11-22,Bengaluru,12.97,77.59,11,PostMonsoon,Clear,20.23,6.92,9.2,47.7,1014.4
2024-11-23,Bengaluru,12.97,77.59,11,PostMonsoon,Convective,21.16,8.01,7.25,59.5,1012.8
2024-11-24,Bengaluru,12.97,77.59,11,PostMonsoon,Clear,21.14,3.23,5.21,47.7,1014.1
2024-11-25,Bengaluru,12.97,77.59,11,PostMonsoon,Clear,20.12,0.0,5.37,45.4,1011.6
2024-11-26,Bengaluru,12.97,77.59,11,PostMonsoon,Clear,19.61,0.0,8.03,55.1,1011.9
2024-11-27,Bengaluru,12.97,77.59,11,PostMonsoon,Clear,18.82,0.0,6.3,65.1,1010.7
2024-11-28,Bengaluru,12.97,77.59,11,PostMonsoon,Clear,18.74,0.0,6.24,59.1,1009.8
2024-11-29,Bengaluru,12.97,77.59,11,PostMonsoon,Clear,21.49,0.0,3.93,56.8,1016.3
2024-11-30,Bengaluru,12.97,77.59,11,PostMonsoon,Clear,21.82,2.56,7.21,62.4,1014.3
2024-12-01,Bengaluru,12.97,77.59,12,Winter,Clear,20.37,0.0,6.96,56.0,1016.8
2024-12-02,Bengaluru,12.97,77.59,12,Winter,Clear,20.41,0.0,6.09,48.8,1011.7
2024-12-03,Bengaluru,12.97,77.59,12,Winter,Clear,20.78,0.0,5.45,56.2,1014.4
2024-12-04,Bengaluru,12.97,77.59,12,Winter,Clear,19.33,0.0,4.15,63.9,1011.5
2024-12-05,Bengaluru,12.97,77.59,12,Winter,Clear,20.13,0.0,6.88,37.6,1015.8
2024-12-06,Bengaluru,12.97,77.59,12,Winter,Clear,21.66,0.0,7.2,55.6,1012.3
2024-12-07,Bengaluru,12.97,77.59,12,Winter,Clear,22.08,0.0,5.17,55.9,1013.5
2024-12-08,Bengaluru,12.97,77.59,12,Winter,Clear,20.41,0.0,7.68,53.8,1011.2
2024-12-09,Bengaluru,12.97,77.59,12,Winter,Clear,21.56,0.0,7.49,54.4,1014.7
2024-12-10,Bengaluru,12.97,77.59,12,Winter,Clear,20.19,0.0,7.96,52.2,1013.4
2024-12-11,Bengaluru,12.97,77.59,12,Winter,Clear,20.2,0.0,6.34,59.5,1011.7
2024-12-12,Bengaluru,12.97,77.59,12,Winter,Clear,19.74,0.0,7.21,71.3,1013.4
2024-12-13,Bengaluru,12.97,77.59,12,Winter,Clear,22.61,0.0,5.87,41.1,1015.1
2024-12-14,Bengaluru,12.97,77.59,12,Winter,Clear,22.27,0.0,9.69,59.3,1013.7
2024-12-15,Bengaluru,12.97,77.59,12,Winter,Clear,22.5,0.0,8.8,66.3,1013.5
2024-12-16,Bengaluru,12.97,77.59,12,Winter,Clear,21.86,0.0,8.23,63.3,1012.2
2024-12-17,Bengaluru,12.97,77.59,12,Winter,Clear,20.27,0.0,8.5,55.9,1017.7
2024-12-18,Bengaluru,12.97,77.59,12,Winter,Clear,20.42,0.0,10.29,61.6,1013.1
2024-12-19,Bengaluru,12.97,77.59,12,Winter,Clear,20.08,0.0,7.85,54.9,1016.5
2024-12-20,Bengaluru,12.97,77.59,12,Winter,Clear,20.36,0.0,6.28,53.7,1011.5
2024-12-21,Bengaluru,12.97,77.59,12,Winter,Clear,20.22,0.0,7.44,61.1,1015.1
2024-12-22,Bengaluru,12.97,77.59,12,Winter,Clear,20.86,0.0,7.01,49.7,1013.0
2024-12-23,Bengaluru,12.97,77.59,12,Winter,Clear,19.25,0.0,7.41,61.4,1016.1
2024-12-24,Bengaluru,12.97,77.59,12,Winter,Clear,19.49,0.0,6.4,60.7,1013.3
2024-12-25,Bengaluru,12.97,77.59,12,Winter,Clear,20.53,0.0,5.71,46.4,1011.9
2024-12-26,Bengaluru,12.97,77.59,12,Winter,Clear,20.71,0.0,2.75,66.1,1010.5
2024-12-27,Bengaluru,12.97,77.59,12,Winter,Storm,19.45,101.92,18.86,78.5,1006.0
2024-12-28,Bengaluru,12.97,77.59,12,Winter,Clear,21.42,0.0,2.87,54.5,1012.2
2024-12-29,Bengaluru,12.97,77.59,12,Winter,Clear,21.12,0.0,4.38,57.8,1013.6
2024-12-30,Bengaluru,12.97,77.59,12,Winter,Clear,21.33,0.0,4.23,49.4,1013.2
2024-12-31,Bengaluru,12.97,77.59,12,Winter,Clear,19.81,0.0,3.71,69.2,1018.9
2025-01-01,Bengaluru,12.97,77.59,1,Winter,Clear,22.54,0.0,3.63,56.5,1011.4
2025-01-02,Bengaluru,12.97,77.59,1,Winter,Clear,24.22,0.0,6.51,53.1,1014.3
2025-01-03,Bengaluru,12.97,77.59,1,Winter,Clear,22.8,0.0,5.32,57.6,1014.4
2025-01-04,Bengaluru,12.97,77.59,1,Winter,Clear,21.42,0.0,6.13,48.0,1012.9
2025-01-05,Bengaluru,12.97,77.59,1,Winter,Clear,21.31,0.0,7.11,55.7,1019.0
2025-01-06,Bengaluru,12.97,77.59,1,Winter,Clear,21.59,0.0,5.24,63.6,1012.0
2025-01-07,Bengaluru,12.97,77.59,1,Winter,Clear,20.12,0.0,7.94,55.4,1012.0
2025-01-08,Bengaluru,12.97,77.59,1,Winter,Clear,21.06,0.0,8.21,57.9,1010.8
2025-01-09,Bengaluru,12.97,77.59,1,Winter,Clear,20.05,0.0,6.72,64.7,1014.0
2025-01-10,Bengaluru,12.97,77.59,1,Winter,Clear,19.35,0.0,7.67,63.3,1015.6
2025-01-11,Bengaluru,12.97,77.59,1,Winter,Clear,20.35,0.0,4.97,63.5,1008.9
2025-01-12,Bengaluru,12.97,77.59,1,Winter,Clear,19.74,0.0,6.73,50.6,1011.1
2025-01-13,Bengaluru,12.97,77.59,1,Winter,Clear,21.2,0.0,4.72,52.2,1014.1
2025-01-14,Bengaluru,12.97,77.59,1,Winter,Clear,21.66,0.0,4.47,58.9,1011.2
2025-01-15,Bengaluru,12.97,77.59,1,Winter,Clear,20.91,0.0,3.35,53.0,1013.9
2025-01-16,Bengaluru,12.97,77.59,1,Winter,Clear,22.5,0.0,4.58,55.0,1012.7
2025-01-17,Bengaluru,12.97,77.59,1,Winter,Clear,21.09,0.0,7.39,60.6,1011.7
2025-01-18,Bengaluru,12.97,77.59,1,Winter,Clear,22.18,0.0,8.96,47.6,1011.1
2025-01-19,Bengaluru,12.97,77.59,1,Winter,Clear,21.39,0.0,6.94,49.6,1015.4
2025-01-20,Bengaluru,12.97,77.59,1,Winter,Clear,19.97,0.0,6.85,55.3,1010.9
2025-01-21,Bengaluru,12.97,77.59,1,Winter,Clear,19.59,0.0,4.3,67.0,1014.3
2025-01-22,Bengaluru,12.97,77.59,1,Winter,Clear,17.54,0.0,5.49,57.5,1014.9
2025-01-23,Bengaluru,12.97,77.59,1,Winter,Clear,16.74,0.0,3.86,56.9,1009.6
2025-01-24,Bengaluru,12.97,77.59,1,Winter,Clear,18.98,0.0,2.04,65.1,1012.7
2025-01-25,Bengaluru,12.97,77.59,1,Winter,Clear,18.79,0.0,4.76,66.8,1013.3
2025-01-26,Bengaluru,12.97,77.59,1,Winter,Clear,18.23,0.0,4.81,67.3,1015.7
2025-01-27,Bengaluru,12.97,77.59,1,Winter,Clear,19.33,0.0,5.15,52.0,1012.9
2025-01-28,Bengaluru,12.97,77.59,1,Winter,Clear,19.38,0.0,3.42,54.5,1013.9
2025-01-29,Bengaluru,12.97,77.59,1,Winter,Clear,18.76,0.0,4.66,59.2,1013.8
2025-01-30,Bengaluru,12.97,77.59,1,Winter,Clear,19.52,0.0,3.94,63.8,1012.2
2025-01-31,Bengaluru,12.97,77.59,1,Winter,Clear,17.82,0.0,1.5,58.5,1013.7
2025-02-01,Bengaluru,12.97,77.59,2,Winter,Clear,21.88,0.0,1.5,51.1,1011.4
2025-02-02,Bengaluru,12.97,77.59,2,Winter,Clear,22.12,0.0,5.17,60.5,1009.6
2025-02-03,Bengaluru,12.97,77.59,2,Winter,Clear,20.25,0.0,6.22,54.5,1011.7
2025-02-04,Bengaluru,12.97,77.59,2,Winter,Clear,23.32,0.0,8.49,61.7,1014.2
2025-02-05,Bengaluru,12.97,77.59,2,Winter,Clear,22.31,0.0,7.91,64.5,1016.1
2025-02-06,Bengaluru,12.97,77.59,2,Winter,Clear,23.1,0.0,8.45,54.0,1013.5
2025-02-07,Bengaluru,12.97,77.59,2,Winter,Clear,23.13,0.0,7.32,66.8,1011.3
2025-02-08,Bengaluru,12.97,77.59,2,Winter,Clear,22.95,0.0,5.88,59.4,1011.5
2025-02-09,Bengaluru,12.97,77.59,2,Winter,Clear,23.92,0.0,8.1,60.8,1010.1
2025-02-10,Bengaluru,12.97,77.59,2,Winter,Clear,24.47,0.0,7.22,53.7,1012.5
2025-02-11,Bengaluru,12.97,77.59,2,Winter,Clear,26.56,0.0,4.85,36.6,1014.4
2025-02-12,Bengaluru,12.97,77.59,2,Winter,Clear,25.76,0.0,6.19,53.5,1011.1
2025-02-13,Bengaluru,12.97,77.59,2,Winter,Clear,25.65,0.0,8.12,58.5,1015.4
2025-02-14,Bengaluru,12.97,77.59,2,Winter,Clear,25.84,0.0,8.76,55.4,1012.9
2025-02-15,Bengaluru,12.97,77.59,2,Winter,Clear,25.45,0.0,6.98,70.5,1016.0
2025-02-16,Bengaluru,12.97,77.59,2,Winter,Clear,25.1,0.0,5.71,50.3,1016.7
2025-02-17,Bengaluru,12.97,77.59,2,Winter,Clear,24.22,0.0,5.5,59.9,1013.5
2025-02-18,Bengaluru,12.97,77.59,2,Winter,Clear,23.01,0.0,7.39,52.9,1013.5
2025-02-19,Bengaluru,12.97,77.59,2,Winter,Clear,22.06,0.0,7.96,63.9,1014.0
2025-02-20,Bengaluru,12.97,77.59,2,Winter,Clear,22.09,0.0,6.6,54.0,1012.6
2025-02-21,Bengaluru,12.97,77.59,2,Winter,Clear,21.85,0.0,5.87,64.4,1014.2
2025-02-22,Bengaluru,12.97,77.59,2,Winter,Clear,20.17,0.0,8.0,50.4,1010.8
2025-02-23,Bengaluru,12.97,77.59,2,Winter,Clear,19.58,0.0,9.29,60.0,1016.7
2025-02-24,Bengaluru,12.97,77.59,2,Winter,Clear,18.79,0.0,7.17,60.5,1013.0
2025-02-25,Bengaluru,12.97,77.59,2,Winter,Clear,20.31,0.0,5.99,54.6,1012.0
2025-02-26,Bengaluru,12.97,77.59,2,Winter,Clear,21.11,0.0,6.76,62.6,1016.4
2025-02-27,Bengaluru,12.97,77.59,2,Winter,Clear,22.47,0.0,6.29,56.9,1014.2
2025-02-28,Bengaluru,12.97,77.59,2,Winter,Clear,23.04,0.0,6.45,51.8,1012.2
2025-03-01,Bengaluru,12.97,77.59,3,Summer,Clear,25.23,0.0,6.39,59.1,1011.8
2025-03-02,Bengaluru,12.97,77.59,3,Summer,Clear,24.25,0.0,8.12,69.9,1013.6
2025-03-03,Bengaluru,12.97,77.59,3,Summer,Clear,24.7,0.0,5.64,57.4,1013.6
2025-03-04,Bengaluru,12.97,77.59,3,Summer,Clear,27.33,0.0,6.19,57.6,1012.6
2025-03-05,Bengaluru,12.97,77.59,3,Summer,Clear,27.14,0.0,7.62,52.1,1015.4
2025-03-06,Bengaluru,12.97,77.59,3,Summer,Clear,25.98,0.0,6.23,74.5,1012.8
2025-03-07,Bengaluru,12.97,77.59,3,Summer,Clear,25.94,0.0,8.22,62.9,1010.3
2025-03-08,Bengaluru,12.97,77.59,3,Summer,Clear,27.42,0.0,5.84,49.9,1014.3
2025-03-09,Bengaluru,12.97,77.59,3,Summer,Clear,27.66,0.0,8.06,55.1,1009.7
2025-03-10,Bengaluru,12.97,77.59,3,Summer,Clear,26.72,0.0,9.37,63.8,1012.7
2025-03-11,Bengaluru,12.97,77.59,3,Summer,Clear,25.48,0.0,8.2,68.4,1011.7
2025-03-12,Bengaluru,12.97,77.59,3,Summer,Clear,25.2,0.0,5.84,66.3,1013.5
2025-03-13,Bengaluru,12.97,77.59,3,Summer,Clear,21.75,0.0,6.06,53.8,1012.5
2025-03-14,Bengaluru,12.97,77.59,3,Summer,Clear,23.24,0.0,6.84,63.2,1011.9
2025-03-15,Bengaluru,12.97,77.59,3,Summer,Clear,24.14,0.0,7.23,49.5,1014.2
2025-03-16,Bengaluru,12.97,77.59,3,Summer,Clear,21.59,0.0,6.83,79.0,1015.3
2025-03-17,Bengaluru,12.97,77.59,3,Summer,Clear,21.62,0.0,7.76,53.6,1011.3
2025-03-18,Bengaluru,12.97,77.59,3,Summer,Clear,22.57,0.0,9.63,52.3,1011.8
2025-03-19,Bengaluru,12.97,77.59,3,Summer,Clear,26.0,0.0,10.77,61.8,1013.2
2025-03-20,Bengaluru,12.97,77.59,3,Summer,Clear,25.76,0.0,9.3,57.6,1010.6
2025-03-21,Bengaluru,12.97,77.59,3,Summer,Clear,25.76,0.0,9.36,53.8,1014.0
2025-03-22,Bengaluru,12.97,77.59,3,Summer,Clear,25.34,0.0,7.85,53.5,1010.8
2025-03-23,Bengaluru,12.97,77.59,3,Summer,Clear,25.3,0.0,5.44,51.4,1015.0
2025-03-24,Bengaluru,12.97,77.59,3,Summer,Clear,25.85,0.0,6.21,58.1,1013.5
2025-03-25,Bengaluru,12.97,77.59,3,Summer,Clear,24.92,0.0,8.1,62.0,1014.6
2025-03-26,Bengaluru,12.97,77.59,3,Summer,Clear,25.1,0.0,6.29,60.0,1012.2
2025-03-27,Bengaluru,12.97,77.59,3,Summer,Clear,25.27,0.0,9.9,68.6,1011.9
2025-03-28,Bengaluru,12.97,77.59,3,Summer,Clear,26.57,0.0,9.82,49.8,1013.0
2025-03-29,Bengaluru,12.97,77.59,3,Summer,Clear,26.53,0.0,5.92,63.7,1014.0
2025-03-30,Bengaluru,12.97,77.59,3,Summer,Clear,26.79,0.0,5.7,55.7,1012.4
2025-03-31,Bengaluru,12.97,77.59,3,Summer,Clear,25.98,0.0,7.95,64.8,1013.2
2025-04-01,Bengaluru,12.97,77.59,4,Summer,Clear,26.43,0.0,7.77,64.9,1015.0
2025-04-02,Bengaluru,12.97,77.59,4,Summer,Clear,26.94,0.0,8.24,52.0,1012.9
2025-04-03,Bengaluru,12.97,77.59,4,Summer,Clear,27.18,0.0,8.59,48.1,1014.6
2025-04-04,Bengaluru,12.97,77.59,4,Summer,Clear,27.65,0.0,11.54,58.4,1014.0
2025-04-05,Bengaluru,12.97,77.59,4,Summer,Clear,27.63,0.0,11.72,54.1,1011.3
2025-04-06,Bengaluru,12.97,77.59,4,Summer,Clear,27.38,0.0,8.85,64.7,1013.3
2025-04-07,Bengaluru,12.97,77.59,4,Summer,Clear,28.54,0.0,10.18,40.6,1011.8
2025-04-08,Bengaluru,12.97,77.59,4,Summer,Clear,29.56,0.0,13.0,66.9,1011.8
2025-04-09,Bengaluru,12.97,77.59,4,Summer,Clear,26.2,0.0,11.27,61.5,1012.5
2025-04-10,Bengaluru,12.97,77.59,4,Summer,Clear,25.43,0.0,11.02,61.3,1011.5
2025-04-11,Bengaluru,12.97,77.59,4,Summer,Clear,25.09,0.0,12.6,61.6,1013.8
2025-04-12,Bengaluru,12.97,77.59,4,Summer,Clear,27.35,0.0,12.06,47.8,1011.8
2025-04-13,Bengaluru,12.97,77.59,4,Summer,Clear,28.26,0.0,8.35,64.7,1014.0
2025-04-14,Bengaluru,12.97,77.59,4,Summer,Clear,27.58,6.94,10.72,59.8,1010.7
2025-04-15,Bengaluru,12.97,77.59,4,Summer,Convective,29.37,8.57,13.82,57.6,1006.9
2025-04-16,Bengaluru,12.97,77.59,4,Summer,Clear,28.85,0.0,12.75,56.1,1013.6
2025-04-17,Bengaluru,12.97,77.59,4,Summer,Clear,27.65,0.0,12.55,56.2,1009.9
2025-04-18,Bengaluru,12.97,77.59,4,Summer,Clear,27.68,5.49,14.08,62.1,1011.9
2025-04-19,Bengaluru,12.97,77.59,4,Summer,Convective,27.09,14.65,16.56,61.2,1012.5
2025-04-20,Bengaluru,12.97,77.59,4,Summer,Convective,25.41,9.19,14.48,50.6,1013.1
2025-04-21,Bengaluru,12.97,77.59,4,Summer,Clear,23.47,0.0,11.85,60.4,1013.5
2025-04-22,Bengaluru,12.97,77.59,4,Summer,Clear,26.37,0.0,8.64,57.0,1012.7
2025-04-23,Bengaluru,12.97,77.59,4,Summer,Clear,25.44,0.0,10.39,62.5,1010.5
2025-04-24,Bengaluru,12.97,77.59,4,Summer,Convective,26.8,13.09,10.83,69.1,1012.3
2025-04-25,Bengaluru,12.97,77.59,4,Summer,Clear,26.91,1.75,7.17,64.4,1015.2
2025-04-26,Bengaluru,12.97,77.59,4,Summer,Clear,27.14,0.0,6.75,60.2,1012.8
2025-04-27,Bengaluru,12.97,77.59,4,Summer,Heatwave,29.94,0.0,6.8,51.5,1012.6
2025-04-28,Bengaluru,12.97,77.59,4,Summer,Heatwave,29.84,2.09,5.19,68.6,1013.3
2025-04-29,Bengaluru,12.97,77.59,4,Summer,Convective,28.39,20.78,10.73,62.2,1010.0
2025-04-30,Bengaluru,12.97,77.59,4,Summer,Clear,28.41,7.19,13.25,50.1,1011.5
2025-05-01,Bengaluru,12.97,77.59,5,Summer,Clear,27.13,1.93,11.01,41.5,1015.7
2025-05-02,Bengaluru,12.97,77.59,5,Summer,Heatwave,28.96,0.0,8.86,49.8,1010.1
2025-05-03,Bengaluru,12.97,77.59,5,Summer,Clear,28.21,0.0,7.6,49.4,1015.1
2025-05-04,Bengaluru,12.97,77.59,5,Summer,Heatwave,30.13,0.0,11.97,53.5,1012.4
2025-05-05,Bengaluru,12.97,77.59,5,Summer,Clear,27.94,0.0,12.33,61.7,1010.6
2025-05-06,Bengaluru,12.97,77.59,5,Summer,Convective,26.78,28.02,15.72,77.6,1010.5
2025-05-07,Bengaluru,12.97,77.59,5,Summer,Clear,26.99,0.86,11.35,58.8,1014.3
2025-05-08,Bengaluru,12.97,77.59,5,Summer,Convective,27.76,13.09,12.21,53.2,1012.1
2025-05-09,Bengaluru,12.97,77.59,5,Summer,Clear,27.11,0.0,8.93,51.4,1009.9
2025-05-10,Bengaluru,12.97,77.59,5,Summer,Clear,25.66,0.0,8.28,57.8,1011.7
2025-05-11,Bengaluru,12.97,77.59,5,Summer,Clear,25.51,0.0,7.71,60.3,1011.3
2025-05-12,Bengaluru,12.97,77.59,5,Summer,Clear,26.98,0.0,13.3,61.7,1015.0
2025-05-13,Bengaluru,12.97,77.59,5,Summer,Clear,27.6,0.0,10.4,43.3,1014.3
2025-05-14,Bengaluru,12.97,77.59,5,Summer,Clear,25.14,0.0,9.8,61.9,1011.1
2025-05-15,Bengaluru,12.97,77.59,5,Summer,Clear,25.03,6.77,14.6,61.6,1013.4
2025-05-16,Bengaluru,12.97,77.59,5,Summer,Clear,25.58,0.71,12.22,61.4,1014.4
2025-05-17,Bengaluru,12.97,77.59,5,Summer,Clear,25.7,7.01,7.2,57.5,1013.6
2025-05-18,Bengaluru,12.97,77.59,5,Summer,Clear,26.33,2.96,8.52,63.9,1013.1
2025-05-19,Bengaluru,12.97,77.59,5,Summer,Clear,27.96,0.0,9.54,56.0,1013.9
2025-05-20,Bengaluru,12.97,77.59,5,Summer,Convective,27.81,9.36,12.46,61.3,1012.0
2025-05-21,Bengaluru,12.97,77.59,5,Summer,Clear,28.05,0.0,13.48,60.0,1012.9
2025-05-22,Bengaluru,12.97,77.59,5,Summer,Clear,27.87,0.0,13.81,59.8,1011.6
2025-05-23,Bengaluru,12.97,77.59,5,Summer,Clear,26.83,0.0,14.69,58.9,1013.8
2025-05-24,Bengaluru,12.97,77.59,5,Summer,Convective,25.04,20.24,15.61,62.0,1010.0
2025-05-25,Bengaluru,12.97,77.59,5,Summer,Clear,24.71,0.0,10.6,54.7,1013.1
2025-05-26,Bengaluru,12.97,77.59,5,Summer,Clear,24.24,0.0,8.05,55.2,1015.3
2025-05-27,Bengaluru,12.97,77.59,5,Summer,Clear,24.48,0.0,9.34,49.6,1015.9
2025-05-28,Bengaluru,12.97,77.59,5,Summer,Convective,24.75,9.34,12.81,65.8,1010.0
2025-05-29,Bengaluru,12.97,77.59,5,Summer,Clear,27.44,3.65,9.29,58.3,1013.6
2025-05-30,Bengaluru,12.97,77.59,5,Summer,Clear,28.67,0.0,8.41,57.5,1015.0
2025-05-31,Bengaluru,12.97,77.59,5,Summer,Clear,28.48,0.0,9.47,55.2,1017.7
2025-06-01,Bengaluru,12.97,77.59,6,Monsoon,Clear,26.78,0.0,14.59,56.5,1013.3
2025-06-02,Bengaluru,12.97,77.59,6,Monsoon,Clear,26.01,0.0,12.42,68.5,1016.2
2025-06-03,Bengaluru,12.97,77.59,6,Monsoon,Clear,26.77,0.0,10.99,54.6,1014.1
2025-06-04,Bengaluru,12.97,77.59,6,Monsoon,Monsoon,24.64,21.27,16.85,57.3,1009.0
2025-06-05,Bengaluru,12.97,77.59,6,Monsoon,Clear,24.9,0.0,11.42,50.6,1012.9
2025-06-06,Bengaluru,12.97,77.59,6,Monsoon,Clear,25.97,0.0,11.55,54.5,1016.6
2025-06-07,Bengaluru,12.97,77.59,6,Monsoon,Clear,25.88,0.0,12.22,52.1,1012.6
2025-06-08,Bengaluru,12.97,77.59,6,Monsoon,Clear,28.3,0.0,12.12,48.2,1013.4
2025-06-09,Bengaluru,12.97,77.59,6,Monsoon,Clear,26.51,0.0,10.48,50.7,1011.6
2025-06-10,Bengaluru,12.97,77.59,6,Monsoon,Clear,26.3,0.0,12.49,58.6,1012.6
2025-06-11,Bengaluru,12.97,77.59,6,Monsoon,Clear,25.9,0.0,11.81,45.1,1013.5
2025-06-12,Bengaluru,12.97,77.59,6,Monsoon,Clear,26.37,0.0,14.47,63.0,1010.2
2025-06-13,Bengaluru,12.97,77.59,6,Monsoon,Clear,24.17,0.0,13.86,50.0,1015.0
2025-06-14,Bengaluru,12.97,77.59,6,Monsoon,Clear,23.48,0.0,9.65,67.7,1010.9
2025-06-15,Bengaluru,12.97,77.59,6,Monsoon,Clear,23.13,0.0,13.08,54.7,1014.3
2025-06-16,Bengaluru,12.97,77.59,6,Monsoon,Clear,22.03,0.0,14.36,63.5,1014.3
2025-06-17,Bengaluru,12.97,77.59,6,Monsoon,Clear,21.61,0.0,14.63,56.5,1011.1
2025-06-18,Bengaluru,12.97,77.59,6,Monsoon,Clear,22.46,0.0,10.87,50.8,1011.7
2025-06-19,Bengaluru,12.97,77.59,6,Monsoon,Clear,22.48,0.0,11.94,60.0,1016.1
2025-06-20,Bengaluru,12.97,77.59,6,Monsoon,Clear,22.91,0.0,9.4,56.5,1014.9
2025-06-21,Bengaluru,12.97,77.59,6,Monsoon,Clear,22.79,2.75,9.71,60.3,1015.1
2025-06-22,Bengaluru,12.97,77.59,6,Monsoon,Clear,23.34,0.0,11.96,56.4,1013.0
2025-06-23,Bengaluru,12.97,77.59,6,Monsoon,Clear,23.59,0.0,10.68,64.9,1012.0
2025-06-24,Bengaluru,12.97,77.59,6,Monsoon,Clear,23.1,0.0,11.85,57.2,1017.7
2025-06-25,Bengaluru,12.97,77.59,6,Monsoon,Clear,22.31,0.0,12.57,57.1,1012.9
2025-06-26,Bengaluru,12.97,77.59,6,Monsoon,Clear,21.4,0.0,13.04,56.6,1015.1
2025-06-27,Bengaluru,12.97,77.59,6,Monsoon,Clear,21.87,0.0,13.32,70.8,1012.9
2025-06-28,Bengaluru,12.97,77.59,6,Monsoon,Clear,23.52,0.0,14.28,64.2,1012.7
2025-06-29,Bengaluru,12.97,77.59,6,Monsoon,Clear,24.21,0.0,12.47,54.9,1012.7
2025-06-30,Bengaluru,12.97,77.59,6,Monsoon,Clear,26.26,2.15,12.5,60.0,1016.9
2025-07-01,Bengaluru,12.97,77.59,7,Monsoon,Monsoon,24.06,11.13,14.16,56.6,1011.3
2025-07-02,Bengaluru,12.97,77.59,7,Monsoon,Clear,23.25,0.0,11.6,53.5,1013.0
2025-07-03,Bengaluru,12.97,77.59,7,Monsoon,Clear,24.58,0.0,12.98,48.4,1013.2
2025-07-04,Bengaluru,12.97,77.59,7,Monsoon,Clear,22.38,0.0,11.92,63.6,1010.2
2025-07-05,Bengaluru,12.97,77.59,7,Monsoon,Clear,19.69,0.0,13.89,58.5,1012.9
2025-07-06,Bengaluru,12.97,77.59,7,Monsoon,Clear,22.35,0.0,10.9,62.9,1016.6
2025-07-07,Bengaluru,12.97,77.59,7,Monsoon,Clear,23.65,0.0,12.02,53.4,1014.3
2025-07-08,Bengaluru,12.97,77.59,7,Monsoon,Clear,21.21,5.06,12.84,60.9,1012.3
2025-07-09,Bengaluru,12.97,77.59,7,Monsoon,Monsoon,21.83,35.38,18.67,72.1,1008.7
2025-07-10,Bengaluru,12.97,77.59,7,Monsoon,Clear,21.49,0.0,12.46,61.0,1010.6
2025-07-11,Bengaluru,12.97,77.59,7,Monsoon,Clear,20.85,6.18,9.74,55.3,1014.4
2025-07-12,Bengaluru,12.97,77.59,7,Monsoon,Clear,21.68,1.61,12.94,64.6,1012.0
2025-07-13,Bengaluru,12.97,77.59,7,Monsoon,Monsoon,21.69,14.04,16.69,67.9,1008.4
2025-07-14,Bengaluru,12.97,77.59,7,Monsoon,Clear,21.99,0.0,17.09,55.7,1014.6
2025-07-15,Bengaluru,12.97,77.59,7,Monsoon,Clear,21.63,0.0,13.07,53.0,1014.4
2025-07-16,Bengaluru,12.97,77.59,7,Monsoon,Clear,21.7,0.0,11.44,67.6,1011.3
2025-07-17,Bengaluru,12.97,77.59,7,Monsoon,Monsoon,21.93,21.24,15.31,68.9,1011.4
2025-07-18,Bengaluru,12.97,77.59,7,Monsoon,Clear,21.16,3.45,11.25,64.1,1012.3
2025-07-19,Bengaluru,12.97,77.59,7,Monsoon,Clear,23.03,0.0,12.49,54.6,1013.4
2025-07-20,Bengaluru,12.97,77.59,7,Monsoon,Clear,22.76,0.0,12.47,68.9,1015.0
2025-07-21,Bengaluru,12.97,77.59,7,Monsoon,Clear,22.36,0.0,11.9,60.4,1012.6
2025-07-22,Bengaluru,12.97,77.59,7,Monsoon,Clear,24.74,5.44,14.59,54.3,1015.9
2025-07-23,Bengaluru,12.97,77.59,7,Monsoon,Monsoon,24.52,13.94,14.79,54.0,1012.3
2025-07-24,Bengaluru,12.97,77.59,7,Monsoon,Monsoon,25.31,13.46,14.01,53.6,1012.0
2025-07-25,Bengaluru,12.97,77.59,7,Monsoon,Clear,23.85,0.0,11.79,47.1,1012.2
2025-07-26,Bengaluru,12.97,77.59,7,Monsoon,Clear,24.71,0.0,13.07,47.8,1010.9
2025-07-27,Bengaluru,12.97,77.59,7,Monsoon,Clear,21.99,0.0,10.48,76.7,1013.0
2025-07-28,Bengaluru,12.97,77.59,7,Monsoon,Clear,22.09,5.16,11.52,55.8,1007.4
2025-07-29,Bengaluru,12.97,77.59,7,Monsoon,Clear,23.54,0.0,12.98,37.2,1011.3
2025-07-30,Bengaluru,12.97,77.59,7,Monsoon,Clear,22.48,0.0,15.16,58.2,1012.1
2025-07-31,Bengaluru,12.97,77.59,7,Monsoon,Clear,24.08,0.55,11.54,49.7,1014.7
2025-08-01,Bengaluru,12.97,77.59,8,Monsoon,Monsoon,24.42,38.78,17.8,73.2,1011.7
2025-08-02,Bengaluru,12.97,77.59,8,Monsoon,Clear,24.77,0.0,8.73,64.5,1010.9
2025-08-03,Bengaluru,12.97,77.59,8,Monsoon,Clear,24.73,0.0,7.03,54.3,1013.7
2025-08-04,Bengaluru,12.97,77.59,8,Monsoon,Clear,23.65,0.0,8.07,59.1,1012.9
2025-08-05,Bengaluru,12.97,77.59,8,Monsoon,Clear,23.05,0.0,8.52,54.2,1013.7
2025-08-06,Bengaluru,12.97,77.59,8,Monsoon,Clear,22.9,0.0,11.7,51.4,1016.5
2025-08-07,Bengaluru,12.97,77.59,8,Monsoon,Clear,22.89,0.0,8.69,60.0,1013.1
2025-08-08,Bengaluru,12.97,77.59,8,Monsoon,Clear,24.19,0.0,10.37,61.5,1014.2
2025-08-09,Bengaluru,12.97,77.59,8,Monsoon,Clear,22.84,0.0,6.88,57.6,1011.8
2025-08-10,Bengaluru,12.97,77.59,8,Monsoon,Clear,23.26,0.0,10.77,48.6,1012.2
2025-08-11,Bengaluru,12.97,77.59,8,Monsoon,Clear,21.56,0.0,11.17,59.5,1013.7
2025-08-12,Bengaluru,12.97,77.59,8,Monsoon,Clear,22.77,0.0,12.6,64.7,1009.5
2025-08-13,Bengaluru,12.97,77.59,8,Monsoon,Clear,22.41,0.0,14.29,61.4,1014.3
2025-08-14,Bengaluru,12.97,77.59,8,Monsoon,Clear,20.34,2.59,15.29,55.0,1014.0
2025-08-15,Bengaluru,12.97,77.59,8,Monsoon,Monsoon,22.1,21.31,16.28,66.7,1011.9
2025-08-16,Bengaluru,12.97,77.59,8,Monsoon,Clear,22.51,3.54,14.69,62.9,1014.6
2025-08-17,Bengaluru,12.97,77.59,8,Monsoon,Monsoon,23.09,9.41,13.21,53.8,1012.4
2025-08-18,Bengaluru,12.97,77.59,8,Monsoon,Clear,22.77,4.87,14.79,58.4,1012.0
2025-08-19,Bengaluru,12.97,77.59,8,Monsoon,Monsoon,22.49,9.24,14.09,59.4,1011.8
2025-08-20,Bengaluru,12.97,77.59,8,Monsoon,Clear,24.17,0.0,13.0,52.3,1014.8
2025-08-21,Bengaluru,12.97,77.59,8,Monsoon,Clear,24.47,0.0,13.44,39.6,1010.8
2025-08-22,Bengaluru,12.97,77.59,8,Monsoon,Clear,25.18,0.0,13.26,54.1,1012.6
2025-08-23,Bengaluru,12.97,77.59,8,Monsoon,Clear,23.04,0.0,10.48,61.9,1011.0
2025-08-24,Bengaluru,12.97,77.59,8,Monsoon,Clear,21.75,0.0,10.7,62.0,1012.1
2025-08-25,Bengaluru,12.97,77.59,8,Monsoon,Clear,19.16,0.0,11.23,53.6,1013.8
2025-08-26,Bengaluru,12.97,77.59,8,Monsoon,Clear,20.87,0.0,9.45,69.6,1015.1
2025-08-27,Bengaluru,12.97,77.59,8,Monsoon,Clear,22.47,6.81,12.95,56.1,1008.1
2025-08-28,Bengaluru,12.97,77.59,8,Monsoon,Clear,22.0,0.0,11.31,63.6,1013.3
2025-08-29,Bengaluru,12.97,77.59,8,Monsoon,Clear,22.06,0.0,10.4,52.1,1012.0
2025-08-30,Bengaluru,12.97,77.59,8,Monsoon,Clear,22.01,0.0,11.33,64.5,1013.0
2025-08-31,Bengaluru,12.97,77.59,8,Monsoon,Clear,21.6,0.0,10.31,54.5,1011.5
2025-09-01,Bengaluru,12.97,77.59,9,Monsoon,Clear,23.0,0.0,7.62,58.5,1014.4
2025-09-02,Bengaluru,12.97,77.59,9,Monsoon,Clear,23.91,0.0,9.1,54.8,1015.2
2025-09-03,Bengaluru,12.97,77.59,9,Monsoon,Clear,24.35,0.0,11.37,61.5,1011.6
2025-09-04,Bengaluru,12.97,77.59,9,Monsoon,Clear,24.59,0.0,11.73,52.8,1014.3
2025-09-05,Bengaluru,12.97,77.59,9,Monsoon,Clear,24.05,0.0,9.9,55.5,1011.6
2025-09-06,Bengaluru,12.97,77.59,9,Monsoon,Clear,23.96,0.0,11.54,65.4,1012.7
2025-09-07,Bengaluru,12.97,77.59,9,Monsoon,Clear,23.44,0.0,11.78,61.4,1013.2
2025-09-08,Bengaluru,12.97,77.59,9,Monsoon,Clear,22.23,0.0,10.62,59.2,1012.8
2025-09-09,Bengaluru,12.97,77.59,9,Monsoon,Clear,24.89,0.0,11.71,59.8,1014.8
2025-09-10,Bengaluru,12.97,77.59,9,Monsoon,Clear,23.98,0.0,10.34,66.5,1012.3
2025-09-11,Bengaluru,12.97,77.59,9,Monsoon,Clear,24.47,0.0,13.24,57.2,1013.1
2025-09-12,Bengaluru,12.97,77.59,9,Monsoon,Clear,24.89,0.0,10.55,41.3,1012.9
2025-09-13,Bengaluru,12.97,77.59,9,Monsoon,Clear,23.87,0.0,11.11,44.8,1008.7
2025-09-14,Bengaluru,12.97,77.59,9,Monsoon,Clear,22.77,0.0,11.79,56.8,1013.4
2025-09-15,Bengaluru,12.97,77.59,9,Monsoon,Clear,19.71,0.0,9.03,61.7,1011.7
2025-09-16,Bengaluru,12.97,77.59,9,Monsoon,Clear,21.81,0.0,9.06,65.3,1014.9
2025-09-17,Bengaluru,12.97,77.59,9,Monsoon,Clear,22.29,0.0,9.33,57.5,1014.1
2025-09-18,Bengaluru,12.97,77.59,9,Monsoon,Clear,22.36,0.0,6.96,65.8,1012.3
2025-09-19,Bengaluru,12.97,77.59,9,Monsoon,Monsoon,22.65,14.47,9.94,64.4,1009.6
2025-09-20,Bengaluru,12.97,77.59,9,Monsoon,Monsoon,21.02,25.42,14.66,65.6,1010.3
2025-09-21,Bengaluru,12.97,77.59,9,Monsoon,Monsoon,22.93,14.59,11.17,64.6,1011.1
2025-09-22,Bengaluru,12.97,77.59,9,Monsoon,Clear,22.94,0.0,8.63,64.8,1013.0
2025-09-23,Bengaluru,12.97,77.59,9,Monsoon,Clear,21.35,0.0,8.78,59.3,1014.0
2025-09-24,Bengaluru,12.97,77.59,9,Monsoon,Clear,19.87,0.0,10.57,53.1,1012.7
2025-09-25,Bengaluru,12.97,77.59,9,Monsoon,Clear,19.78,0.0,9.05,64.8,1015.3
2025-09-26,Bengaluru,12.97,77.59,9,Monsoon,Clear,19.9,0.0,10.31,57.1,1013.9
2025-09-27,Bengaluru,12.97,77.59,9,Monsoon,Clear,21.62,0.0,11.13,65.6,1011.3
2025-09-28,Bengaluru,12.97,77.59,9,Monsoon,Clear,20.99,1.17,10.66,60.6,1013.9
2025-09-29,Bengaluru,12.97,77.59,9,Monsoon,Clear,19.96,5.34,11.87,55.5,1013.0
2025-09-30,Bengaluru,12.97,77.59,9,Monsoon,Monsoon,22.5,8.11,13.58,60.9,1009.9
