date,region,forecast_lead_time_hours,nwp_temp,nwp_rain,nwp_wind
2023-01-01,Pune,24,19.61,0.0,5.49
2023-01-02,Pune,24,21.19,0.0,11.02
2023-01-03,Pune,24,22.0,0.0,11.52
2023-01-04,Pune,24,20.74,0.0,9.48
2023-01-05,Pune,24,20.91,0.0,6.65
2023-01-06,Pune,24,19.75,0.0,5.91
2023-01-07,Pune,24,20.16,0.0,9.4
2023-01-08,Pune,24,19.8,0.0,12.61
2023-01-09,Pune,24,20.54,0.0,12.02
2023-01-10,Pune,24,20.24,0.0,8.14
2023-01-11,Pune,24,18.91,0.0,6.97
2023-01-12,Pune,24,19.51,0.0,5.68
2023-01-13,Pune,24,21.51,0.0,6.63
2023-01-14,Pune,24,22.03,0.0,6.63
2023-01-15,Pune,24,21.77,0.0,7.77
2023-01-16,Pune,24,20.35,0.0,5.71
2023-01-17,Pune,24,21.12,1.63,12.29
2023-01-18,Pune,24,18.87,0.0,9.49
2023-01-19,Pune,24,20.34,0.0,4.83
2023-01-20,Pune,24,18.14,0.0,6.1
2023-01-21,Pune,24,16.73,0.0,5.05
2023-01-22,Pune,24,16.67,0.0,9.27
2023-01-23,Pune,24,17.53,0.0,9.79
2023-01-24,Pune,24,15.19,0.0,6.9
2023-01-25,Pune,24,18.64,0.0,8.66
2023-01-26,Pune,24,19.07,0.0,4.98
2023-01-27,Pune,24,18.96,0.0,9.91
2023-01-28,Pune,24,16.6,0.0,8.55
2023-01-29,Pune,24,18.74,0.0,8.68
2023-01-30,Pune,24,19.42,0.0,9.93
2023-01-31,Pune,24,20.47,0.0,5.77
2023-02-01,Pune,24,18.93,0.0,5.65
2023-02-02,Pune,24,19.59,0.0,4.78
2023-02-03,Pune,24,20.47,0.0,6.94
2023-02-04,Pune,24,18.73,0.0,5.57
2023-02-05,Pune,24,21.1,0.0,7.74
2023-02-06,Pune,24,19.69,0.0,8.14
2023-02-07,Pune,24,23.01,0.0,8.91
2023-02-08,Pune,24,23.73,0.0,6.74
2023-02-09,Pune,24,22.63,0.0,8.31
2023-02-10,Pune,24,22.5,0.0,9.74
2023-02-11,Pune,24,22.29,0.0,7.97
2023-02-12,Pune,24,22.48,0.0,11.84
2023-02-13,Pune,24,21.98,0.0,7.52
2023-02-14,Pune,24,21.39,0.0,6.28
2023-02-15,Pune,24,24.68,0.0,7.19
2023-02-16,Pune,24,21.44,0.0,9.42
2023-02-17,Pune,24,22.38,0.0,8.03
2023-02-18,Pune,24,24.21,0.0,9.64
2023-02-19,Pune,24,22.32,0.0,9.08
2023-02-20,Pune,24,25.21,0.0,10.82
2023-02-21,Pune,24,24.84,0.0,12.84
2023-02-22,Pune,24,21.53,0.0,10.64
2023-02-23,Pune,24,23.74,0.0,7.81
2023-02-24,Pune,24,22.81,0.0,10.46
2023-02-25,Pune,24,24.29,0.0,6.14
2023-02-26,Pune,24,22.85,0.0,9.66
2023-02-27,Pune,24,22.27,0.0,4.91
2023-02-28,Pune,24,24.53,0.0,8.73
2023-03-01,Pune,24,29.89,0.0,7.58
2023-03-02,Pune,24,28.25,0.0,9.33
2023-03-03,Pune,24,27.14,0.0,3.93
2023-03-04,Pune,24,28.02,0.0,6.98
2023-03-05,Pune,24,26.22,0.0,11.3
2023-03-06,Pune,24,25.61,0.0,9.4
2023-03-07,Pune,24,24.98,0.0,4.32
2023-03-08,Pune,24,25.43,0.0,7.15
2023-03-09,Pune,24,27.71,0.0,10.65
2023-03-10,Pune,24,27.79,0.0,13.19
2023-03-11,Pune,24,26.96,0.0,11.59
2023-03-12,Pune,24,26.31,0.0,9.78
2023-03-13,Pune,24,25.43,0.0,13.37
2023-03-14,Pune,24,23.72,0.0,12.28
2023-03-15,Pune,24,24.42,4.54,15.7
2023-03-16,Pune,24,24.72,0.0,13.83
2023-03-17,Pune,24,27.26,0.0,10.36
2023-03-18,Pune,24,26.24,0.0,12.91
2023-03-19,Pune,24,27.79,0.0,9.34
2023-03-20,Pune,24,27.35,0.0,10.82
2023-03-21,Pune,24,26.42,0.0,8.92
2023-03-22,Pune,24,27.24,0.0,7.89
2023-03-23,Pune,24,27.53,0.0,4.83
2023-03-24,Pune,24,26.64,0.0,4.78
2023-03-25,Pune,24,27.89,0.0,4.41
2023-03-26,Pune,24,27.12,0.0,8.49
2023-03-27,Pune,24,27.51,0.0,10.57
2023-03-28,Pune,24,25.38,0.0,7.85
2023-03-29,Pune,24,27.17,0.0,7.91
2023-03-30,Pune,24,23.96,0.0,12.29
2023-03-31,Pune,24,26.57,0.0,10.35
2023-04-01,Pune,24,32.39,0.0,16.94
2023-04-02,Pune,24,30.53,0.0,13.64
2023-04-03,Pune,24,32.86,0.0,14.03
2023-04-04,Pune,24,30.62,0.0,12.04
2023-04-05,Pune,24,32.66,0.0,14.68
2023-04-06,Pune,24,31.47,0.0,11.91
2023-04-07,Pune,24,32.18,0.0,14.88
2023-04-08,Pune,24,30.87,0.0,10.73
2023-04-09,Pune,24,31.1,0.0,7.12
2023-04-10,Pune,24,28.98,0.0,7.65
2023-04-11,Pune,24,29.17,0.0,8.42
2023-04-12,Pune,24,28.03,0.0,9.68
2023-04-13,Pune,24,27.0,0.0,4.32
2023-04-14,Pune,24,29.49,0.0,5.71
2023-04-15,Pune,24,32.44,0.0,8.89
2023-04-16,Pune,24,31.65,0.0,10.04
2023-04-17,Pune,24,31.48,0.0,11.63
2023-04-18,Pune,24,29.79,0.0,6.81
2023-04-19,Pune,24,32.03,0.0,5.72
2023-04-20,Pune,24,31.85,0.0,9.04
2023-04-21,Pune,24,30.73,0.0,9.17
2023-04-22,Pune,24,31.76,0.0,10.78
2023-04-23,Pune,24,29.63,35.5,17.49
2023-04-24,Pune,24,30.16,0.0,12.27
2023-04-25,Pune,24,32.03,0.0,9.71
2023-04-26,Pune,24,29.35,0.0,11.54
2023-04-27,Pune,24,29.24,0.0,12.34
2023-04-28,Pune,24,30.51,0.0,11.63
2023-04-29,Pune,24,29.97,0.0,11.23
2023-04-30,Pune,24,32.25,0.0,12.49
2023-05-01,Pune,24,30.79,0.0,12.81
2023-05-02,Pune,24,32.26,0.0,13.45
2023-05-03,Pune,24,32.2,0.0,15.23
2023-05-04,Pune,24,30.47,0.0,20.11
2023-05-05,Pune,24,29.41,0.0,15.84
2023-05-06,Pune,24,30.32,5.71,17.02
2023-05-07,Pune,24,31.06,0.0,15.75
2023-05-08,Pune,24,28.61,0.0,16.43
2023-05-09,Pune,24,27.99,0.0,16.64
2023-05-10,Pune,24,28.53,0.0,16.23
2023-05-11,Pune,24,30.61,0.0,11.1
2023-05-12,Pune,24,29.56,0.0,17.65
2023-05-13,Pune,24,31.15,0.0,15.82
2023-05-14,Pune,24,33.99,0.0,8.72
2023-05-15,Pune,24,29.8,0.0,12.32
2023-05-16,Pune,24,31.08,0.0,11.07
2023-05-17,Pune,24,33.66,0.0,11.68
2023-05-18,Pune,24,32.78,0.0,13.64
2023-05-19,Pune,24,32.23,0.0,10.86
2023-05-20,Pune,24,32.11,0.0,11.93
2023-05-21,Pune,24,31.67,0.0,12.63
2023-05-22,Pune,24,32.69,0.0,12.87
2023-05-23,Pune,24,30.83,0.0,14.04
2023-05-24,Pune,24,31.68,0.0,10.56
2023-05-25,Pune,24,31.33,0.0,11.65
2023-05-26,Pune,24,30.16,0.0,10.85
2023-05-27,Pune,24,30.4,0.0,11.46
2023-05-28,Pune,24,32.11,0.0,7.98
2023-05-29,Pune,24,30.68,0.0,13.18
2023-05-30,Pune,24,32.91,0.0,15.58
2023-05-31,Pune,24,34.08,0.0,14.12
2023-06-01,Pune,24,27.85,0.0,15.15
2023-06-02,Pune,24,26.31,0.0,16.83
2023-06-03,Pune,24,26.61,3.57,18.71
2023-06-04,Pune,24,25.65,0.0,17.34
2023-06-05,Pune,24,24.83,0.0,14.47
2023-06-06,Pune,24,26.34,2.71,18.69
2023-06-07,Pune,24,24.85,9.4,21.29
2023-06-08,Pune,24,24.77,0.73,16.39
2023-06-09,Pune,24,26.82,7.36,22.52
2023-06-10,Pune,24,26.4,30.26,17.03
2023-06-11,Pune,24,24.79,0.0,12.69
2023-06-12,Pune,24,26.39,0.0,18.09
2023-06-13,Pune,24,28.47,3.7,16.13
2023-06-14,Pune,24,25.96,12.66,15.04
2023-06-15,Pune,24,26.67,1.15,15.91
2023-06-16,Pune,24,24.18,0.0,13.38
2023-06-17,Pune,24,23.37,46.34,17.68
2023-06-18,Pune,24,26.69,2.18,13.93
2023-06-19,Pune,24,27.28,0.0,11.61
2023-06-20,Pune,24,26.45,0.0,14.55
2023-06-21,Pune,24,25.53,0.0,18.14
2023-06-22,Pune,24,25.46,0.0,14.15
2023-06-23,Pune,24,26.29,0.0,16.31
2023-06-24,Pune,24,26.7,0.0,15.38
2023-06-25,Pune,24,23.93,5.2,15.12
2023-06-26,Pune,24,24.68,21.05,21.02
2023-06-27,Pune,24,26.79,8.12,14.71
2023-06-28,Pune,24,26.34,4.34,16.21
2023-06-29,Pune,24,25.67,11.13,18.61
2023-06-30,Pune,24,27.07,0.0,16.03
2023-07-01,Pune,24,23.06,0.0,16.03
2023-07-02,Pune,24,25.05,0.0,13.02
2023-07-03,Pune,24,24.96,21.67,16.78
2023-07-04,Pune,24,23.63,3.74,16.66
2023-07-05,Pune,24,25.56,44.05,17.38
2023-07-06,Pune,24,25.56,0.0,16.49
2023-07-07,Pune,24,25.52,0.0,13.5
2023-07-08,Pune,24,28.26,71.62,23.53
2023-07-09,Pune,24,25.77,20.73,16.21
2023-07-10,Pune,24,25.8,0.0,16.77
2023-07-11,Pune,24,24.82,0.0,17.82
2023-07-12,Pune,24,23.42,0.0,16.77
2023-07-13,Pune,24,27.01,0.0,17.58
2023-07-14,Pune,24,25.71,0.0,15.82
2023-07-15,Pune,24,26.16,0.0,11.41
2023-07-16,Pune,24,25.89,100.24,23.21
2023-07-17,Pune,24,27.48,0.23,14.99
2023-07-18,Pune,24,26.8,7.62,20.07
2023-07-19,Pune,24,25.74,7.54,18.02
2023-07-20,Pune,24,27.45,0.0,18.53
2023-07-21,Pune,24,24.76,0.0,18.6
2023-07-22,Pune,24,27.73,0.0,16.31
2023-07-23,Pune,24,25.61,0.0,21.08
2023-07-24,Pune,24,26.61,0.0,18.7
2023-07-25,Pune,24,28.47,0.0,22.72
2023-07-26,Pune,24,29.42,0.0,20.27
2023-07-27,Pune,24,27.69,0.0,17.19
2023-07-28,Pune,24,25.34,0.0,17.89
2023-07-29,Pune,24,25.42,9.47,22.34
2023-07-30,Pune,24,24.08,0.0,14.06
2023-07-31,Pune,24,24.55,9.4,13.36
2023-08-01,Pune,24,25.22,6.46,13.75
2023-08-02,Pune,24,23.17,0.0,14.35
2023-08-03,Pune,24,20.23,0.0,16.18
2023-08-04,Pune,24,20.14,0.0,15.29
2023-08-05,Pune,24,24.06,0.0,19.48
2023-08-06,Pune,24,23.26,3.64,17.88
2023-08-07,Pune,24,23.13,1.76,17.46
2023-08-08,Pune,24,22.52,2.47,16.39
2023-08-09,Pune,24,20.61,4.9,12.76
2023-08-10,Pune,24,20.79,9.67,13.83
2023-08-11,Pune,24,20.86,0.0,14.51
2023-08-12,Pune,24,19.85,0.0,12.28
2023-08-13,Pune,24,21.09,0.0,17.85
2023-08-14,Pune,24,20.97,13.34,15.13
2023-08-15,Pune,24,22.78,0.54,14.27
2023-08-16,Pune,24,22.65,0.0,15.23
2023-08-17,Pune,24,21.53,0.59,16.78
2023-08-18,Pune,24,21.36,1.69,11.75
2023-08-19,Pune,24,19.39,2.67,12.23
2023-08-20,Pune,24,21.83,0.0,14.67
2023-08-21,Pune,24,21.53,19.68,14.03
2023-08-22,Pune,24,21.64,5.86,12.48
2023-08-23,Pune,24,21.96,2.57,15.63
2023-08-24,Pune,24,26.06,0.0,17.65
2023-08-25,Pune,24,23.12,0.0,13.25
2023-08-26,Pune,24,25.19,0.0,12.59
2023-08-27,Pune,24,24.17,0.0,13.61
2023-08-28,Pune,24,24.85,1.14,14.43
2023-08-29,Pune,24,22.41,0.0,13.5
2023-08-30,Pune,24,21.31,0.0,11.84
2023-08-31,Pune,24,23.62,7.83,22.08
2023-09-01,Pune,24,24.42,0.0,14.49
2023-09-02,Pune,24,25.37,2.61,10.57
2023-09-03,Pune,24,24.21,3.52,11.86
2023-09-04,Pune,24,25.63,9.2,20.52
2023-09-05,Pune,24,26.37,52.54,13.95
2023-09-06,Pune,24,24.01,0.0,12.24
2023-09-07,Pune,24,23.41,0.0,10.19
2023-09-08,Pune,24,22.01,0.0,12.36
2023-09-09,Pune,24,18.93,0.0,11.48
2023-09-10,Pune,24,20.2,0.0,8.62
2023-09-11,Pune,24,23.1,0.0,11.04
2023-09-12,Pune,24,23.43,0.0,12.31
2023-09-13,Pune,24,22.34,0.0,10.78
2023-09-14,Pune,24,22.04,0.0,14.15
2023-09-15,Pune,24,25.84,13.0,10.93
2023-09-16,Pune,24,24.39,3.19,8.47
2023-09-17,Pune,24,24.4,8.94,11.42
2023-09-18,Pune,24,24.34,2.65,11.68
2023-09-19,Pune,24,24.74,0.0,12.66
2023-09-20,Pune,24,25.9,0.0,11.17
2023-09-21,Pune,24,25.25,0.0,8.71
2023-09-22,Pune,24,24.53,0.0,12.56
2023-09-23,Pune,24,24.9,0.0,12.39
2023-09-24,Pune,24,24.05,0.0,16.83
2023-09-25,Pune,24,24.68,0.0,12.67
2023-09-26,Pune,24,25.93,0.0,10.51
2023-09-27,Pune,24,25.12,0.0,13.51
2023-09-28,Pune,24,25.58,0.0,10.58
2023-09-29,Pune,24,24.73,8.63,10.5
2023-09-30,Pune,24,22.68,0.0,14.11
2023-10-01,Pune,24,25.55,0.0,9.03
2023-10-02,Pune,24,27.34,0.0,12.99
2023-10-03,Pune,24,27.0,0.0,11.99
2023-10-04,Pune,24,25.94,0.0,9.6
2023-10-05,Pune,24,27.66,0.0,9.73
2023-10-06,Pune,24,24.31,0.0,11.49
2023-10-07,Pune,24,25.53,0.0,9.35
2023-10-08,Pune,24,24.94,0.0,5.82
2023-10-09,Pune,24,25.57,0.0,6.97
2023-10-10,Pune,24,23.85,0.0,12.34
2023-10-11,Pune,24,24.16,8.83,11.22
2023-10-12,Pune,24,23.3,0.0,11.66
2023-10-13,Pune,24,26.43,0.0,9.72
2023-10-14,Pune,24,27.84,0.0,9.19
2023-10-15,Pune,24,26.59,0.0,11.58
2023-10-16,Pune,24,28.31,0.0,11.72
2023-10-17,Pune,24,26.13,9.02,11.59
2023-10-18,Pune,24,27.38,0.0,11.41
2023-10-19,Pune,24,23.58,0.0,10.99
2023-10-20,Pune,24,27.0,0.0,8.29
2023-10-21,Pune,24,27.42,0.0,9.83
2023-10-22,Pune,24,27.25,0.0,6.96
2023-10-23,Pune,24,29.05,0.0,9.3
2023-10-24,Pune,24,27.81,0.0,12.92
2023-10-25,Pune,24,27.73,0.0,7.5
2023-10-26,Pune,24,27.28,0.0,9.67
2023-10-27,Pune,24,26.44,8.6,10.99
2023-10-28,Pune,24,26.11,0.0,8.8
2023-10-29,Pune,24,28.34,0.0,11.72
2023-10-30,Pune,24,27.77,0.0,5.53
2023-10-31,Pune,24,27.55,0.0,6.22
2023-11-01,Pune,24,22.96,0.0,6.4
2023-11-02,Pune,24,21.49,0.0,6.14
2023-11-03,Pune,24,23.98,0.0,5.57
2023-11-04,Pune,24,24.3,0.0,8.03
2023-11-05,Pune,24,24.35,0.0,9.55
2023-11-06,Pune,24,24.57,0.0,11.75
2023-11-07,Pune,24,20.92,0.0,14.52
2023-11-08,Pune,24,22.46,0.0,10.47
2023-11-09,Pune,24,21.73,0.0,7.9
2023-11-10,Pune,24,22.1,0.0,2.48
2023-11-11,Pune,24,22.3,0.0,5.94
2023-11-12,Pune,24,20.75,0.0,4.03
2023-11-13,Pune,24,21.3,0.0,4.88
2023-11-14,Pune,24,21.19,0.0,1.68
2023-11-15,Pune,24,21.36,0.0,7.11
2023-11-16,Pune,24,20.69,0.0,6.79
2023-11-17,Pune,24,21.68,0.0,6.37
2023-11-18,Pune,24,23.33,9.88,3.7
2023-11-19,Pune,24,22.48,0.0,6.39
2023-11-20,Pune,24,23.71,0.0,6.82
2023-11-21,Pune,24,25.02,0.0,3.43
2023-11-22,Pune,24,23.35,0.0,8.22
2023-11-23,Pune,24,22.81,0.0,7.65
2023-11-24,Pune,24,24.02,0.0,10.8
2023-11-25,Pune,24,22.08,0.0,4.23
2023-11-26,Pune,24,23.24,0.0,10.21
2023-11-27,Pune,24,25.2,0.0,10.43
2023-11-28,Pune,24,23.42,0.0,9.2
2023-11-29,Pune,24,24.47,0.0,5.42
2023-11-30,Pune,24,22.5,0.0,8.54
2023-12-01,Pune,24,20.08,0.0,5.65
2023-12-02,Pune,24,18.94,0.0,2.0
2023-12-03,Pune,24,19.44,0.0,8.47
2023-12-04,Pune,24,20.38,0.0,5.78
2023-12-05,Pune,24,19.8,0.0,5.78
2023-12-06,Pune,24,21.78,0.0,9.92
2023-12-07,Pune,24,22.97,0.0,6.14
2023-12-08,Pune,24,21.48,0.0,7.84
2023-12-09,Pune,24,23.37,0.0,7.45
2023-12-10,Pune,24,25.29,0.0,6.18
2023-12-11,Pune,24,24.13,0.0,5.94
2023-12-12,Pune,24,23.46,0.0,3.81
2023-12-13,Pune,24,20.69,0.0,10.25
2023-12-14,Pune,24,21.21,0.0,8.49
2023-12-15,Pune,24,23.58,0.0,10.94
2023-12-16,Pune,24,22.82,0.0,6.84
2023-12-17,Pune,24,22.87,0.0,9.45
2023-12-18,Pune,24,21.8,0.0,5.66
2023-12-19,Pune,24,20.64,0.0,1.99
2023-12-20,Pune,24,22.04,0.0,6.18
2023-12-21,Pune,24,21.13,0.0,8.23
2023-12-22,Pune,24,20.13,0.0,6.46
2023-12-23,Pune,24,22.1,0.0,6.53
2023-12-24,Pune,24,21.08,0.0,5.09
2023-12-25,Pune,24,21.15,0.0,7.38
2023-12-26,Pune,24,21.21,0.0,6.85
2023-12-27,Pune,24,22.05,0.0,8.2
2023-12-28,Pune,24,21.98,0.0,6.37
2023-12-29,Pune,24,22.91,0.0,9.09
2023-12-30,Pune,24,23.88,0.0,11.66
2023-12-31,Pune,24,23.51,0.0,7.78
2024-01-01,Pune,24,20.03,0.0,9.31
2024-01-02,Pune,24,20.78,0.0,6.25
2024-01-03,Pune,24,18.65,0.0,8.03
2024-01-04,Pune,24,17.43,0.0,6.73
2024-01-05,Pune,24,19.91,0.0,6.66
2024-01-06,Pune,24,21.55,0.0,7.66
2024-01-07,Pune,24,22.13,0.0,5.05
2024-01-08,Pune,24,19.79,0.0,8.64
2024-01-09,Pune,24,19.79,0.0,8.68
2024-01-10,Pune,24,19.64,0.0,7.87
2024-01-11,Pune,24,21.05,0.0,7.58
2024-01-12,Pune,24,22.44,0.0,10.19
2024-01-13,Pune,24,23.09,0.0,8.62
2024-01-14,Pune,24,21.55,0.0,7.65
2024-01-15,Pune,24,19.84,0.0,5.68
2024-01-16,Pune,24,19.78,0.0,4.45
2024-01-17,Pune,24,19.76,0.0,7.22
2024-01-18,Pune,24,18.89,0.0,7.12
2024-01-19,Pune,24,18.73,0.0,7.41
2024-01-20,Pune,24,19.17,0.0,8.91
2024-01-21,Pune,24,20.53,0.0,10.51
2024-01-22,Pune,24,21.91,0.0,10.14
2024-01-23,Pune,24,23.08,0.0,8.96
2024-01-24,Pune,24,22.41,0.0,3.81
2024-01-25,Pune,24,21.73,0.0,5.27
2024-01-26,Pune,24,21.67,0.0,8.12
2024-01-27,Pune,24,19.87,0.0,5.27
2024-01-28,Pune,24,18.98,0.0,8.83
2024-01-29,Pune,24,17.84,0.0,6.41
2024-01-30,Pune,24,19.4,0.0,4.0
2024-01-31,Pune,24,18.32,0.0,3.86
2024-02-01,Pune,24,22.23,0.0,9.22
2024-02-02,Pune,24,23.56,0.0,6.47
2024-02-03,Pune,24,23.28,0.0,7.96
2024-02-04,Pune,24,22.86,0.0,6.02
2024-02-05,Pune,24,22.53,0.0,9.2
2024-02-06,Pune,24,22.49,0.0,8.37
2024-02-07,Pune,24,24.36,0.0,11.69
2024-02-08,Pune,24,22.69,0.0,10.08
2024-02-09,Pune,24,22.95,0.0,11.57
2024-02-10,Pune,24,24.04,0.0,12.63
2024-02-11,Pune,24,21.79,0.0,14.21
2024-02-12,Pune,24,20.3,0.0,9.74
2024-02-13,Pune,24,21.62,0.0,8.84
2024-02-14,Pune,24,25.07,0.0,12.6
2024-02-15,Pune,24,20.67,0.0,10.68
2024-02-16,Pune,24,23.04,0.0,9.29
2024-02-17,Pune,24,23.17,0.0,12.7
2024-02-18,Pune,24,25.11,0.0,7.59
2024-02-19,Pune,24,23.9,0.0,4.64
2024-02-20,Pune,24,23.16,0.0,13.62
2024-02-21,Pune,24,21.17,0.0,9.82
2024-02-22,Pune,24,24.02,0.0,4.89
2024-02-23,Pune,24,23.83,0.0,8.87
2024-02-24,Pune,24,26.04,0.0,11.47
2024-02-25,Pune,24,26.04,0.0,9.72
2024-02-26,Pune,24,25.06,0.0,9.7
2024-02-27,Pune,24,23.53,0.0,14.07
2024-02-28,Pune,24,22.28,0.0,13.0
2024-02-29,Pune,24,23.19,0.0,12.83
2024-03-01,Pune,24,24.78,0.0,9.72
2024-03-02,Pune,24,27.3,0.0,8.03
2024-03-03,Pune,24,25.91,0.0,9.14
2024-03-04,Pune,24,26.07,0.0,5.96
2024-03-05,Pune,24,27.22,0.0,4.97
2024-03-06,Pune,24,25.95,0.0,7.39
2024-03-07,Pune,24,26.87,0.0,11.68
2024-03-08,Pune,24,25.34,0.0,7.84
2024-03-09,Pune,24,23.99,0.0,8.13
2024-03-10,Pune,24,24.85,0.0,10.41
2024-03-11,Pune,24,24.23,0.0,14.16
2024-03-12,Pune,24,24.7,0.0,11.92
2024-03-13,Pune,24,26.07,0.0,8.2
2024-03-14,Pune,24,25.52,0.0,11.13
2024-03-15,Pune,24,24.37,0.0,10.44
2024-03-16,Pune,24,25.13,0.0,7.34
2024-03-17,Pune,24,24.7,0.0,7.92
2024-03-18,Pune,24,23.43,0.0,10.46
2024-03-19,Pune,24,26.07,0.0,8.9
2024-03-20,Pune,24,25.98,0.0,3.63
2024-03-21,Pune,24,27.97,0.0,2.42
2024-03-22,Pune,24,25.7,0.0,4.59
2024-03-23,Pune,24,27.08,2.23,8.43
2024-03-24,Pune,24,25.51,0.0,9.84
2024-03-25,Pune,24,26.81,0.0,8.34
2024-03-26,Pune,24,26.17,0.0,10.82
2024-03-27,Pune,24,26.59,0.0,7.41
2024-03-28,Pune,24,27.18,0.0,7.22
2024-03-29,Pune,24,26.89,0.0,5.91
2024-03-30,Pune,24,25.24,0.0,8.78
2024-03-31,Pune,24,24.81,0.0,12.36
2024-04-01,Pune,24,31.83,0.0,11.67
2024-04-02,Pune,24,31.85,0.0,10.26
2024-04-03,Pune,24,30.71,0.0,12.65
2024-04-04,Pune,24,32.25,0.0,10.86
2024-04-05,Pune,24,28.72,0.0,7.91
2024-04-06,Pune,24,30.51,0.0,9.47
2024-04-07,Pune,24,29.14,0.0,5.76
2024-04-08,Pune,24,28.55,0.0,9.69
2024-04-09,Pune,24,28.8,0.0,8.28
2024-04-10,Pune,24,30.52,0.0,8.15
2024-04-11,Pune,24,28.58,0.0,7.48
2024-04-12,Pune,24,28.37,0.0,8.43
2024-04-13,Pune,24,28.96,0.0,10.69
2024-04-14,Pune,24,25.91,0.0,11.23
2024-04-15,Pune,24,28.73,0.0,16.42
2024-04-16,Pune,24,28.17,0.0,9.91
2024-04-17,Pune,24,28.1,0.0,12.56
2024-04-18,Pune,24,28.08,0.0,13.17
2024-04-19,Pune,24,29.74,0.0,10.5
2024-04-20,Pune,24,29.44,0.0,7.85
2024-04-21,Pune,24,29.09,0.0,8.17
2024-04-22,Pune,24,27.98,0.0,8.94
2024-04-23,Pune,24,25.7,0.0,13.69
2024-04-24,Pune,24,29.71,0.0,14.41
2024-04-25,Pune,24,28.5,0.0,11.32
2024-04-26,Pune,24,29.74,0.0,7.94
2024-04-27,Pune,24,30.34,0.0,10.91
2024-04-28,Pune,24,30.87,0.0,8.24
2024-04-29,Pune,24,31.01,0.0,12.29
2024-04-30,Pune,24,32.98,0.0,11.45
2024-05-01,Pune,24,34.11,7.56,14.98
2024-05-02,Pune,24,30.96,0.0,14.52
2024-05-03,Pune,24,28.89,0.0,15.1
2024-05-04,Pune,24,28.44,0.0,13.46
2024-05-05,Pune,24,30.01,0.0,10.44
2024-05-06,Pune,24,31.67,0.0,11.48
2024-05-07,Pune,24,30.32,0.0,11.35
2024-05-08,Pune,24,28.9,0.0,12.81
2024-05-09,Pune,24,31.1,0.0,16.17
2024-05-10,Pune,24,31.92,0.0,15.28
2024-05-11,Pune,24,28.55,0.0,13.81
2024-05-12,Pune,24,30.0,3.7,12.7
2024-05-13,Pune,24,29.31,14.15,13.4
2024-05-14,Pune,24,32.36,0.0,8.94
2024-05-15,Pune,24,30.64,0.0,9.69
2024-05-16,Pune,24,31.27,0.0,9.49
2024-05-17,Pune,24,26.68,0.0,10.88
2024-05-18,Pune,24,29.04,0.0,10.94
2024-05-19,Pune,24,31.96,0.0,12.21
2024-05-20,Pune,24,33.81,0.0,10.94
2024-05-21,Pune,24,31.78,0.0,12.58
2024-05-22,Pune,24,29.51,0.0,14.45
2024-05-23,Pune,24,29.54,0.0,12.52
2024-05-24,Pune,24,28.9,0.0,14.74
2024-05-25,Pune,24,28.59,0.0,14.7
2024-05-26,Pune,24,29.93,0.0,14.52
2024-05-27,Pune,24,31.55,0.0,14.63
2024-05-28,Pune,24,30.76,0.0,14.29
2024-05-29,Pune,24,30.87,0.0,14.08
2024-05-30,Pune,24,29.86,0.0,13.53
2024-05-31,Pune,24,34.43,0.0,12.03
2024-06-01,Pune,24,28.46,2.72,17.26
2024-06-02,Pune,24,28.59,3.02,13.21
2024-06-03,Pune,24,26.26,15.37,22.3
2024-06-04,Pune,24,28.28,21.17,18.79
2024-06-05,Pune,24,26.87,29.25,15.01
2024-06-06,Pune,24,26.53,19.12,16.0
2024-06-07,Pune,24,26.13,3.53,14.53
2024-06-08,Pune,24,25.11,0.0,12.16
2024-06-09,Pune,24,26.43,1.71,13.44
2024-06-10,Pune,24,24.87,27.18,11.88
2024-06-11,Pune,24,27.59,0.0,13.48
2024-06-12,Pune,24,27.38,0.0,12.99
2024-06-13,Pune,24,25.64,0.0,14.11
2024-06-14,Pune,24,25.17,0.0,19.7
2024-06-15,Pune,24,25.62,0.0,11.93
2024-06-16,Pune,24,26.43,2.8,17.47
2024-06-17,Pune,24,26.25,0.0,16.61
2024-06-18,Pune,24,26.22,0.0,17.43
2024-06-19,Pune,24,24.5,0.0,15.23
2024-06-20,Pune,24,24.32,10.65,18.42
2024-06-21,Pune,24,23.94,0.0,12.24
2024-06-22,Pune,24,24.45,0.0,15.69
2024-06-23,Pune,24,24.52,0.0,13.78
2024-06-24,Pune,24,23.08,0.0,14.67
2024-06-25,Pune,24,24.71,0.0,12.58
2024-06-26,Pune,24,25.36,0.0,10.9
2024-06-27,Pune,24,25.56,0.0,12.32
2024-06-28,Pune,24,25.82,0.0,14.2
2024-06-29,Pune,24,25.47,0.0,12.82
2024-06-30,Pune,24,24.65,0.0,15.85
2024-07-01,Pune,24,23.35,0.0,20.05
2024-07-02,Pune,24,21.51,0.0,15.07
2024-07-03,Pune,24,24.51,0.0,15.77
2024-07-04,Pune,24,21.56,0.0,13.34
2024-07-05,Pune,24,24.11,19.88,17.75
2024-07-06,Pune,24,24.02,3.38,17.83
2024-07-07,Pune,24,24.98,4.83,15.92
2024-07-08,Pune,24,23.89,1.77,16.69
2024-07-09,Pune,24,24.01,0.0,16.19
2024-07-10,Pune,24,23.85,0.0,19.54
2024-07-11,Pune,24,24.16,0.0,15.27
2024-07-12,Pune,24,24.63,0.0,14.22
2024-07-13,Pune,24,25.04,0.0,17.34
2024-07-14,Pune,24,26.2,0.0,16.37
2024-07-15,Pune,24,25.25,0.0,13.34
2024-07-16,Pune,24,24.61,0.0,18.61
2024-07-17,Pune,24,24.05,0.0,21.68
2024-07-18,Pune,24,25.37,0.0,19.36
2024-07-19,Pune,24,25.84,5.62,19.07
2024-07-20,Pune,24,25.33,11.04,20.51
2024-07-21,Pune,24,25.09,4.17,20.11
2024-07-22,Pune,24,26.07,6.69,17.19
2024-07-23,Pune,24,27.92,1.09,16.21
2024-07-24,Pune,24,26.66,12.43,21.06
2024-07-25,Pune,24,24.59,0.0,18.29
2024-07-26,Pune,24,25.88,0.0,16.49
2024-07-27,Pune,24,24.23,0.0,14.98
2024-07-28,Pune,24,23.29,0.0,15.97
2024-07-29,Pune,24,23.91,48.82,21.76
2024-07-30,Pune,24,22.08,0.0,14.54
2024-07-31,Pune,24,20.66,0.0,19.58
2024-08-01,Pune,24,20.9,0.0,13.04
2024-08-02,Pune,24,24.07,20.63,15.84
2024-08-03,Pune,24,22.32,2.03,10.55
2024-08-04,Pune,24,22.58,5.38,10.52
2024-08-05,Pune,24,25.84,36.12,16.0
2024-08-06,Pune,24,25.63,11.52,15.6
2024-08-07,Pune,24,24.31,3.18,12.21
2024-08-08,Pune,24,24.94,0.0,14.7
2024-08-09,Pune,24,23.05,0.0,12.62
2024-08-10,Pune,24,22.73,0.05,11.86
2024-08-11,Pune,24,23.25,31.05,19.24
2024-08-12,Pune,24,24.48,12.1,11.59
2024-08-13,Pune,24,24.12,5.13,15.09
2024-08-14,Pune,24,24.85,3.47,10.64
2024-08-15,Pune,24,23.79,2.27,13.33
2024-08-16,Pune,24,24.56,0.0,14.32
2024-08-17,Pune,24,25.62,0.0,13.63
2024-08-18,Pune,24,26.02,0.0,18.4
2024-08-19,Pune,24,26.72,0.0,15.51
2024-08-20,Pune,24,23.47,0.0,16.93
2024-08-21,Pune,24,24.43,0.0,17.4
2024-08-22,Pune,24,25.08,0.0,14.84
2024-08-23,Pune,24,24.07,0.0,16.0
2024-08-24,Pune,24,20.86,0.0,16.22
2024-08-25,Pune,24,24.38,0.27,13.56
2024-08-26,Pune,24,23.63,0.0,16.41
2024-08-27,Pune,24,23.41,0.0,15.15
2024-08-28,Pune,24,22.2,0.0,13.71
2024-08-29,Pune,24,21.88,4.94,17.46
2024-08-30,Pune,24,21.37,2.69,13.35
2024-08-31,Pune,24,21.94,1.03,12.6
2024-09-01,Pune,24,20.33,21.35,14.17
2024-09-02,Pune,24,20.29,15.72,16.48
2024-09-03,Pune,24,22.81,0.0,7.51
2024-09-04,Pune,24,24.07,2.79,9.87
2024-09-05,Pune,24,22.86,26.67,14.18
2024-09-06,Pune,24,25.03,0.0,5.98
2024-09-07,Pune,24,24.26,15.81,10.29
2024-09-08,Pune,24,23.46,4.87,6.35
2024-09-09,Pune,24,23.39,0.0,7.02
2024-09-10,Pune,24,23.12,4.86,11.37
2024-09-11,Pune,24,25.01,16.45,13.69
2024-09-12,Pune,24,27.75,43.11,15.53
2024-09-13,Pune,24,27.48,5.57,10.42
2024-09-14,Pune,24,26.39,4.88,9.98
2024-09-15,Pune,24,27.18,5.51,8.47
2024-09-16,Pune,24,29.01,4.9,9.34
2024-09-17,Pune,24,25.07,19.1,10.11
2024-09-18,Pune,24,26.35,11.8,8.61
2024-09-19,Pune,24,26.7,4.23,8.28
2024-09-20,Pune,24,28.34,14.68,11.3
2024-09-21,Pune,24,27.1,17.64,9.79
2024-09-22,Pune,24,26.52,0.0,7.15
2024-09-23,Pune,24,27.38,0.0,11.6
2024-09-24,Pune,24,28.13,0.0,11.46
2024-09-25,Pune,24,26.19,0.0,7.75
2024-09-26,Pune,24,29.34,0.0,8.97
2024-09-27,Pune,24,25.26,0.0,10.29
2024-09-28,Pune,24,26.3,0.0,12.11
2024-09-29,Pune,24,25.52,0.0,9.8
2024-09-30,Pune,24,27.11,0.0,11.56
2024-10-01,Pune,24,28.32,0.0,5.0
2024-10-02,Pune,24,26.71,0.0,5.13
2024-10-03,Pune,24,24.9,2.22,5.06
2024-10-04,Pune,24,26.34,0.0,6.66
2024-10-05,Pune,24,25.24,0.0,10.14
2024-10-06,Pune,24,25.26,23.17,12.96
2024-10-07,Pune,24,24.78,0.0,9.58
2024-10-08,Pune,24,27.0,0.0,9.96
2024-10-09,Pune,24,26.96,0.0,8.58
2024-10-10,Pune,24,26.08,0.0,10.53
2024-10-11,Pune,24,26.65,2.29,6.48
2024-10-12,Pune,24,26.93,0.0,4.28
2024-10-13,Pune,24,26.49,0.0,6.15
2024-10-14,Pune,24,25.17,0.0,5.37
2024-10-15,Pune,24,25.83,0.0,5.97
2024-10-16,Pune,24,24.46,0.0,9.64
2024-10-17,Pune,24,26.14,0.0,7.38
2024-10-18,Pune,24,25.8,0.0,5.85
2024-10-19,Pune,24,26.51,0.0,10.55
2024-10-20,Pune,24,25.29,0.0,3.93
2024-10-21,Pune,24,25.85,0.0,9.13
2024-10-22,Pune,24,25.05,5.14,13.78
2024-10-23,Pune,24,26.18,20.18,17.87
2024-10-24,Pune,24,25.57,0.0,7.3
2024-10-25,Pune,24,26.12,0.0,9.56
2024-10-26,Pune,24,27.7,0.0,11.65
2024-10-27,Pune,24,30.1,0.0,8.64
2024-10-28,Pune,24,30.82,0.0,9.32
2024-10-29,Pune,24,29.32,44.64,17.63
2024-10-30,Pune,24,27.54,3.94,8.49
2024-10-31,Pune,24,30.36,8.06,9.97
2024-11-01,Pune,24,26.43,0.0,9.89
2024-11-02,Pune,24,23.7,0.0,5.32
2024-11-03,Pune,24,24.55,19.45,8.84
2024-11-04,Pune,24,25.21,0.0,7.73
2024-11-05,Pune,24,23.07,0.0,6.64
2024-11-06,Pune,24,22.04,0.0,7.52
2024-11-07,Pune,24,20.33,0.0,4.6
2024-11-08,Pune,24,20.19,0.0,4.3
2024-11-09,Pune,24,20.73,0.0,8.53
2024-11-10,Pune,24,21.12,0.0,8.09
2024-11-11,Pune,24,22.5,0.0,4.8
2024-11-12,Pune,24,22.32,0.0,7.55
2024-11-13,Pune,24,22.3,0.0,7.69
2024-11-14,Pune,24,22.54,0.0,6.63
2024-11-15,Pune,24,22.23,0.0,6.27
2024-11-16,Pune,24,22.12,0.0,6.78
2024-11-17,Pune,24,21.96,0.0,6.71
2024-11-18,Pune,24,23.53,0.0,6.53
2024-11-19,Pune,24,23.04,0.0,6.34
2024-11-20,Pune,24,22.32,0.0,9.37
2024-11-21,Pune,24,22.07,0.0,7.27
2024-11-22,Pune,24,22.09,0.0,6.48
2024-11-23,Pune,24,24.26,0.0,6.62
2024-11-24,Pune,24,19.33,0.0,7.31
2024-11-25,Pune,24,20.45,0.0,3.04
2024-11-26,Pune,24,21.04,0.0,8.71
2024-11-27,Pune,24,25.03,0.0,7.18
2024-11-28,Pune,24,24.06,0.0,9.59
2024-11-29,Pune,24,24.61,0.0,9.15
2024-11-30,Pune,24,25.48,0.0,8.73
2024-12-01,Pune,24,24.28,0.0,6.42
2024-12-02,Pune,24,21.97,0.0,8.29
2024-12-03,Pune,24,22.19,0.0,10.28
2024-12-04,Pune,24,22.5,0.0,9.69
2024-12-05,Pune,24,23.92,0.0,8.91
2024-12-06,Pune,24,22.88,0.0,11.65
2024-12-07,Pune,24,23.78,0.0,10.74
2024-12-08,Pune,24,24.27,0.0,9.56
2024-12-09,Pune,24,24.62,0.0,6.71
2024-12-10,Pune,24,24.44,0.0,5.9
2024-12-11,Pune,24,23.78,0.0,7.57
2024-12-12,Pune,24,21.83,0.0,5.47
2024-12-13,Pune,24,23.29,0.0,8.09
2024-12-14,Pune,24,21.46,0.0,3.08
2024-12-15,Pune,24,22.7,0.0,6.3
2024-12-16,Pune,24,21.75,0.0,7.5
2024-12-17,Pune,24,22.0,0.0,6.68
2024-12-18,Pune,24,21.54,0.0,8.73
2024-12-19,Pune,24,19.35,0.0,11.56
2024-12-20,Pune,24,20.77,0.0,7.92
2024-12-21,Pune,24,20.68,0.0,16.66
2024-12-22,Pune,24,17.93,0.0,13.03
2024-12-23,Pune,24,18.32,0.0,9.99
2024-12-24,Pune,24,16.54,0.0,7.36
2024-12-25,Pune,24,20.36,0.0,1.92
2024-12-26,Pune,24,19.89,0.0,4.95
2024-12-27,Pune,24,21.53,0.0,6.01
2024-12-28,Pune,24,24.25,0.0,7.3
2024-12-29,Pune,24,23.15,0.0,4.53
2024-12-30,Pune,24,20.76,0.0,8.44
2024-12-31,Pune,24,19.46,0.0,7.36
2025-01-01,Pune,24,19.61,0.0,9.11
2025-01-02,Pune,24,18.14,0.0,3.8
2025-01-03,Pune,24,20.74,0.0,7.43
2025-01-04,Pune,24,17.36,0.0,8.02
2025-01-05,Pune,24,18.23,0.0,8.39
2025-01-06,Pune,24,18.26,1.04,5.45
2025-01-07,Pune,24,19.26,0.0,6.05
2025-01-08,Pune,24,17.76,0.0,9.4
2025-01-09,Pune,24,19.58,14.21,11.97
2025-01-10,Pune,24,18.67,0.0,10.1
2025-01-11,Pune,24,18.82,0.0,10.68
2025-01-12,Pune,24,19.82,0.0,8.85
2025-01-13,Pune,24,17.13,0.0,5.8
2025-01-14,Pune,24,18.87,0.0,7.65
2025-01-15,Pune,24,20.94,0.0,4.26
2025-01-16,Pune,24,24.9,0.0,9.14
2025-01-17,Pune,24,24.17,0.0,8.93
2025-01-18,Pune,24,23.3,0.0,8.64
2025-01-19,Pune,24,21.81,0.0,9.85
2025-01-20,Pune,24,23.15,0.0,6.08
2025-01-21,Pune,24,23.21,0.0,7.94
2025-01-22,Pune,24,22.51,0.0,5.75
2025-01-23,Pune,24,22.59,0.0,6.64
2025-01-24,Pune,24,21.87,0.0,11.35
2025-01-25,Pune,24,21.19,0.0,10.77
2025-01-26,Pune,24,21.24,0.0,8.21
2025-01-27,Pune,24,19.71,0.0,3.78
2025-01-28,Pune,24,19.94,0.0,6.02
2025-01-29,Pune,24,23.17,0.0,9.18
2025-01-30,Pune,24,22.72,0.0,10.6
2025-01-31,Pune,24,21.14,0.0,11.47
2025-02-01,Pune,24,22.64,0.0,10.03
2025-02-02,Pune,24,23.92,0.0,7.03
2025-02-03,Pune,24,23.18,0.0,6.18
2025-02-04,Pune,24,20.79,0.0,10.07
2025-02-05,Pune,24,23.47,0.0,11.68
2025-02-06,Pune,24,24.3,0.0,11.79
2025-02-07,Pune,24,23.4,0.0,11.65
2025-02-08,Pune,24,24.48,0.0,10.43
2025-02-09,Pune,24,25.42,0.09,9.34
2025-02-10,Pune,24,24.97,0.0,10.4
2025-02-11,Pune,24,22.89,0.0,5.86
2025-02-12,Pune,24,25.77,0.0,6.35
2025-02-13,Pune,24,23.18,0.0,7.22
2025-02-14,Pune,24,20.76,0.0,9.16
2025-02-15,Pune,24,23.53,0.0,6.92
2025-02-16,Pune,24,21.81,0.0,11.22
2025-02-17,Pune,24,23.13,0.0,8.04
2025-02-18,Pune,24,23.94,0.0,10.16
2025-02-19,Pune,24,22.7,0.0,9.13
2025-02-20,Pune,24,22.52,0.0,11.5
2025-02-21,Pune,24,23.1,0.0,10.73
2025-02-22,Pune,24,23.22,0.0,10.21
2025-02-23,Pune,24,23.29,0.0,8.78
2025-02-24,Pune,24,21.89,0.0,10.37
2025-02-25,Pune,24,21.26,0.0,8.22
2025-02-26,Pune,24,19.68,0.0,10.2
2025-02-27,Pune,24,20.17,0.0,1.95
2025-02-28,Pune,24,19.36,0.0,8.74
2025-03-01,Pune,24,25.04,0.0,5.76
2025-03-02,Pune,24,25.78,0.0,13.36
2025-03-03,Pune,24,27.92,0.0,9.38
2025-03-04,Pune,24,27.37,0.0,13.66
2025-03-05,Pune,24,25.01,0.0,11.49
2025-03-06,Pune,24,24.7,0.0,14.03
2025-03-07,Pune,24,24.96,0.0,10.17
2025-03-08,Pune,24,23.79,0.0,10.94
2025-03-09,Pune,24,24.23,0.0,9.29
2025-03-10,Pune,24,24.35,0.0,3.02
2025-03-11,Pune,24,22.72,0.0,7.83
2025-03-12,Pune,24,24.93,0.0,8.2
2025-03-13,Pune,24,25.51,0.0,10.51
2025-03-14,Pune,24,26.25,0.0,12.99
2025-03-15,Pune,24,25.99,0.0,10.26
2025-03-16,Pune,24,27.35,0.0,10.03
2025-03-17,Pune,24,26.22,0.0,9.08
2025-03-18,Pune,24,26.32,0.0,6.85
2025-03-19,Pune,24,28.63,0.0,11.91
2025-03-20,Pune,24,27.39,0.0,9.33
2025-03-21,Pune,24,27.98,0.0,11.32
2025-03-22,Pune,24,25.75,0.0,9.15
2025-03-23,Pune,24,27.1,0.0,10.2
2025-03-24,Pune,24,25.46,0.0,9.82
2025-03-25,Pune,24,27.02,0.0,6.88
2025-03-26,Pune,24,24.98,0.0,7.09
2025-03-27,Pune,24,26.6,0.0,6.88
2025-03-28,Pune,24,26.31,0.0,7.66
2025-03-29,Pune,24,26.45,0.0,9.14
2025-03-30,Pune,24,24.75,0.0,9.36
2025-03-31,Pune,24,25.38,0.0,10.33
2025-04-01,Pune,24,30.69,0.0,12.64
2025-04-02,Pune,24,29.11,0.0,14.18
2025-04-03,Pune,24,29.75,0.0,13.07
2025-04-04,Pune,24,29.09,0.0,12.86
2025-04-05,Pune,24,30.34,0.0,11.66
2025-04-06,Pune,24,29.37,0.0,10.55
2025-04-07,Pune,24,29.24,0.0,13.07
2025-04-08,Pune,24,32.86,0.0,17.53
2025-04-09,Pune,24,32.57,0.0,11.14
2025-04-10,Pune,24,32.38,0.0,11.22
2025-04-11,Pune,24,31.72,0.0,10.5
2025-04-12,Pune,24,30.48,0.0,8.82
2025-04-13,Pune,24,30.63,0.0,11.4
2025-04-14,Pune,24,29.88,0.0,12.3
2025-04-15,Pune,24,29.38,0.0,9.41
2025-04-16,Pune,24,29.18,0.0,16.63
2025-04-17,Pune,24,29.16,0.0,15.04
2025-04-18,Pune,24,28.28,0.0,12.82
2025-04-19,Pune,24,28.24,0.0,14.41
2025-04-20,Pune,24,27.49,0.0,15.19
2025-04-21,Pune,24,25.53,0.0,14.32
2025-04-22,Pune,24,27.42,0.0,14.14
2025-04-23,Pune,24,27.73,0.0,13.88
2025-04-24,Pune,24,29.05,0.0,13.81
2025-04-25,Pune,24,27.39,0.0,14.78
2025-04-26,Pune,24,27.93,0.0,15.32
2025-04-27,Pune,24,28.66,0.0,12.92
2025-04-28,Pune,24,29.82,0.0,11.97
2025-04-29,Pune,24,29.81,0.0,11.89
2025-04-30,Pune,24,29.78,0.0,14.99
2025-05-01,Pune,24,32.26,0.0,18.7
2025-05-02,Pune,24,31.97,0.0,15.35
2025-05-03,Pune,24,29.65,0.0,14.81
2025-05-04,Pune,24,29.72,0.0,13.13
2025-05-05,Pune,24,30.56,0.0,13.71
2025-05-06,Pune,24,30.37,10.68,9.87
2025-05-07,Pune,24,32.67,0.0,11.11
2025-05-08,Pune,24,31.97,0.0,12.42
2025-05-09,Pune,24,32.17,0.0,10.1
2025-05-10,Pune,24,30.98,0.0,11.27
2025-05-11,Pune,24,32.53,0.0,12.53
2025-05-12,Pune,24,34.19,0.0,13.7
2025-05-13,Pune,24,33.63,0.0,7.68
2025-05-14,Pune,24,35.49,0.0,18.94
2025-05-15,Pune,24,33.29,0.0,13.82
2025-05-16,Pune,24,32.97,0.0,12.13
2025-05-17,Pune,24,34.77,0.0,9.03
2025-05-18,Pune,24,32.54,0.0,11.97
2025-05-19,Pune,24,32.19,0.0,16.78
2025-05-20,Pune,24,29.67,0.0,17.98
2025-05-21,Pune,24,30.15,0.0,14.65
2025-05-22,Pune,24,31.4,0.0,10.03
2025-05-23,Pune,24,32.47,0.0,11.6
2025-05-24,Pune,24,34.25,0.0,10.19
2025-05-25,Pune,24,32.49,0.0,12.71
2025-05-26,Pune,24,31.52,0.0,7.33
2025-05-27,Pune,24,33.21,0.0,10.83
2025-05-28,Pune,24,35.51,0.0,13.4
2025-05-29,Pune,24,35.93,0.0,12.03
2025-05-30,Pune,24,34.9,0.0,15.19
2025-05-31,Pune,24,35.87,0.0,10.07
2025-06-01,Pune,24,30.18,1.31,10.51
2025-06-02,Pune,24,28.79,0.77,11.94
2025-06-03,Pune,24,28.78,3.4,18.36
2025-06-04,Pune,24,28.08,0.0,16.38
2025-06-05,Pune,24,28.57,0.0,14.37
2025-06-06,Pune,24,27.5,0.0,18.29
2025-06-07,Pune,24,27.48,0.0,15.95
2025-06-08,Pune,24,26.53,0.0,16.94
2025-06-09,Pune,24,27.01,0.0,17.46
2025-06-10,Pune,24,25.96,0.0,15.15
2025-06-11,Pune,24,26.17,0.0,17.48
2025-06-12,Pune,24,24.87,0.0,14.82
2025-06-13,Pune,24,28.93,0.0,12.05
2025-06-14,Pune,24,27.49,3.3,11.5
2025-06-15,Pune,24,26.96,0.0,12.96
2025-06-16,Pune,24,26.87,0.0,14.7
2025-06-17,Pune,24,25.39,0.0,14.96
2025-06-18,Pune,24,27.29,0.0,12.72
2025-06-19,Pune,24,25.46,0.0,16.44
2025-06-20,Pune,24,27.42,0.0,15.73
2025-06-21,Pune,24,28.95,53.15,22.64
2025-06-22,Pune,24,31.94,27.95,22.55
2025-06-23,Pune,24,29.2,6.16,22.19
2025-06-24,Pune,24,30.01,0.0,17.24
2025-06-25,Pune,24,27.95,0.0,14.54
2025-06-26,Pune,24,28.33,0.0,12.65
2025-06-27,Pune,24,30.47,0.0,13.43
2025-06-28,Pune,24,27.49,0.0,15.15
2025-06-29,Pune,24,28.43,0.0,18.21
2025-06-30,Pune,24,28.89,0.0,14.66
2025-07-01,Pune,24,27.43,0.0,16.83
2025-07-02,Pune,24,28.05,0.0,14.81
2025-07-03,Pune,24,23.9,1.34,16.72
2025-07-04,Pune,24,26.34,26.36,25.95
2025-07-05,Pune,24,26.87,3.49,20.56
2025-07-06,Pune,24,24.92,6.43,19.81
2025-07-07,Pune,24,25.36,46.11,13.39
2025-07-08,Pune,24,26.14,0.0,13.92
2025-07-09,Pune,24,22.14,0.0,15.02
2025-07-10,Pune,24,23.96,0.0,14.84
2025-07-11,Pune,24,25.83,46.26,22.39
2025-07-12,Pune,24,25.16,27.97,21.38
2025-07-13,Pune,24,25.75,6.02,20.02
2025-07-14,Pune,24,25.74,4.99,15.87
2025-07-15,Pune,24,25.78,9.37,17.75
2025-07-16,Pune,24,25.47,1.62,13.19
2025-07-17,Pune,24,24.75,21.08,19.11
2025-07-18,Pune,24,24.19,1.59,20.12
2025-07-19,Pune,24,24.67,22.28,18.0
2025-07-20,Pune,24,25.71,17.32,18.95
2025-07-21,Pune,24,24.08,0.35,10.69
2025-07-22,Pune,24,24.71,10.74,14.58
2025-07-23,Pune,24,23.97,0.0,12.6
2025-07-24,Pune,24,26.61,0.0,13.83
2025-07-25,Pune,24,23.16,0.0,13.98
2025-07-26,Pune,24,24.83,0.0,13.61
2025-07-27,Pune,24,24.92,0.0,11.05
2025-07-28,Pune,24,25.22,3.57,17.58
2025-07-29,Pune,24,25.54,8.94,16.65
2025-07-30,Pune,24,26.05,0.0,18.57
2025-07-31,Pune,24,26.79,28.81,18.95
2025-08-01,Pune,24,25.14,2.31,12.27
2025-08-02,Pune,24,23.9,47.88,19.47
2025-08-03,Pune,24,24.79,2.67,17.03
2025-08-04,Pune,24,24.29,0.0,15.94
2025-08-05,Pune,24,23.01,0.0,14.23
2025-08-06,Pune,24,22.75,0.0,15.0
2025-08-07,Pune,24,22.88,0.0,14.4
2025-08-08,Pune,24,23.69,0.0,12.13
2025-08-09,Pune,24,23.47,0.0,12.05
2025-08-10,Pune,24,23.69,0.0,14.05
2025-08-11,Pune,24,23.43,0.0,18.71
2025-08-12,Pune,24,26.3,0.0,13.59
2025-08-13,Pune,24,25.08,0.0,16.12
2025-08-14,Pune,24,26.49,0.0,16.74
2025-08-15,Pune,24,27.62,0.0,12.14
2025-08-16,Pune,24,24.9,0.0,12.83
2025-08-17,Pune,24,26.68,0.0,17.77
2025-08-18,Pune,24,25.43,0.0,16.27
2025-08-19,Pune,24,28.35,0.0,15.53
2025-08-20,Pune,24,30.05,27.65,16.87
2025-08-21,Pune,24,24.9,12.02,16.92
2025-08-22,Pune,24,24.51,8.99,12.03
2025-08-23,Pune,24,25.32,21.17,17.03
2025-08-24,Pune,24,24.82,0.0,10.94
2025-08-25,Pune,24,25.04,2.43,9.69
2025-08-26,Pune,24,26.47,4.51,12.22
2025-08-27,Pune,24,25.11,5.13,16.27
2025-08-28,Pune,24,25.74,0.0,13.44
2025-08-29,Pune,24,24.99,0.0,11.2
2025-08-30,Pune,24,25.93,0.0,13.62
2025-08-31,Pune,24,22.55,0.0,14.58
2025-09-01,Pune,24,25.54,0.0,9.64
2025-09-02,Pune,24,24.8,8.42,12.54
2025-09-03,Pune,24,24.86,0.39,10.68
2025-09-04,Pune,24,23.77,4.75,10.31
2025-09-05,Pune,24,23.95,5.81,18.66
2025-09-06,Pune,24,23.41,0.0,10.99
2025-09-07,Pune,24,23.16,0.0,11.17
2025-09-08,Pune,24,23.95,0.0,15.7
2025-09-09,Pune,24,23.58,0.0,9.0
2025-09-10,Pune,24,22.82,0.0,8.73
2025-09-11,Pune,24,22.84,0.0,12.0
2025-09-12,Pune,24,25.74,0.0,13.05
2025-09-13,Pune,24,23.16,7.11,13.42
2025-09-14,Pune,24,25.54,9.73,14.38
2025-09-15,Pune,24,27.02,0.0,10.55
2025-09-16,Pune,24,26.09,0.0,10.98
2025-09-17,Pune,24,24.91,0.0,12.1
2025-09-18,Pune,24,25.6,16.84,12.29
2025-09-19,Pune,24,26.71,0.0,10.0
2025-09-20,Pune,24,25.46,0.0,12.09
2025-09-21,Pune,24,24.72,0.0,12.71
2025-09-22,Pune,24,25.54,0.0,12.51
2025-09-23,Pune,24,23.71,0.0,15.65
2025-09-24,Pune,24,23.99,0.0,11.79
2025-09-25,Pune,24,25.55,0.0,10.67
2025-09-26,Pune,24,24.93,0.0,9.68
2025-09-27,Pune,24,23.62,4.53,11.34
2025-09-28,Pune,24,23.89,11.88,13.75
2025-09-29,Pune,24,25.57,4.8,13.33
2025-09-30,Pune,24,24.17,18.68,12.65
2023-01-01,Pune,72,20.52,0.0,13.65
2023-01-02,Pune,72,18.0,0.0,7.3
2023-01-03,Pune,72,20.6,0.0,12.13
2023-01-04,Pune,72,21.45,0.0,6.28
2023-01-05,Pune,72,19.92,0.0,13.16
2023-01-06,Pune,72,19.79,0.0,6.57
2023-01-07,Pune,72,17.54,0.0,10.34
2023-01-08,Pune,72,20.26,0.0,11.79
2023-01-09,Pune,72,20.23,0.0,8.99
2023-01-10,Pune,72,21.89,0.0,7.52
2023-01-11,Pune,72,20.39,0.0,2.11
2023-01-12,Pune,72,20.39,0.0,6.59
2023-01-13,Pune,72,23.19,0.0,5.4
2023-01-14,Pune,72,20.84,0.0,9.88
2023-01-15,Pune,72,21.53,0.0,12.33
2023-01-16,Pune,72,20.52,0.0,8.58
2023-01-17,Pune,72,21.31,0.0,7.03
2023-01-18,Pune,72,21.02,0.0,6.3
2023-01-19,Pune,72,20.12,0.0,10.23
2023-01-20,Pune,72,17.82,0.0,7.33
2023-01-21,Pune,72,17.05,0.0,6.7
2023-01-22,Pune,72,16.4,0.0,6.19
2023-01-23,Pune,72,17.2,0.0,8.87
2023-01-24,Pune,72,16.26,0.0,9.21
2023-01-25,Pune,72,16.73,0.0,9.95
2023-01-26,Pune,72,15.67,0.0,3.13
2023-01-27,Pune,72,19.13,0.0,8.14
2023-01-28,Pune,72,16.62,0.0,2.77
2023-01-29,Pune,72,18.9,0.0,8.95
2023-01-30,Pune,72,18.78,0.0,8.96
2023-01-31,Pune,72,20.48,0.0,4.98
2023-02-01,Pune,72,22.05,0.0,8.82
2023-02-02,Pune,72,19.97,0.0,3.5
2023-02-03,Pune,72,18.68,0.0,10.72
2023-02-04,Pune,72,20.72,0.0,6.96
2023-02-05,Pune,72,20.91,0.0,10.08
2023-02-06,Pune,72,20.8,0.0,9.2
2023-02-07,Pune,72,23.38,0.0,7.56
2023-02-08,Pune,72,23.59,0.0,7.15
2023-02-09,Pune,72,23.67,0.0,11.9
2023-02-10,Pune,72,20.62,0.0,8.06
2023-02-11,Pune,72,22.67,0.0,9.4
2023-02-12,Pune,72,24.21,0.0,8.86
2023-02-13,Pune,72,19.86,0.0,11.83
2023-02-14,Pune,72,22.2,0.0,10.42
2023-02-15,Pune,72,24.23,0.0,3.77
2023-02-16,Pune,72,18.9,0.0,13.55
2023-02-17,Pune,72,25.1,0.0,12.06
2023-02-18,Pune,72,22.28,0.0,11.05
2023-02-19,Pune,72,22.26,0.0,8.66
2023-02-20,Pune,72,26.91,0.0,9.16
2023-02-21,Pune,72,22.9,0.0,15.51
2023-02-22,Pune,72,23.9,0.0,17.77
2023-02-23,Pune,72,22.75,0.0,10.48
2023-02-24,Pune,72,23.93,0.0,7.75
2023-02-25,Pune,72,22.4,0.0,5.82
2023-02-26,Pune,72,25.82,0.0,7.79
2023-02-27,Pune,72,22.32,0.0,9.72
2023-02-28,Pune,72,24.75,0.0,7.08
2023-03-01,Pune,72,30.24,0.0,8.26
2023-03-02,Pune,72,28.06,0.0,7.25
2023-03-03,Pune,72,27.76,0.0,10.82
2023-03-04,Pune,72,26.99,0.0,11.87
2023-03-05,Pune,72,28.68,0.0,8.7
2023-03-06,Pune,72,26.56,0.0,11.37
2023-03-07,Pune,72,25.5,0.0,6.96
2023-03-08,Pune,72,24.35,0.0,7.72
2023-03-09,Pune,72,27.25,0.0,3.46
2023-03-10,Pune,72,28.97,0.0,10.13
2023-03-11,Pune,72,26.47,0.0,9.18
2023-03-12,Pune,72,27.59,0.0,12.43
2023-03-13,Pune,72,24.36,0.0,12.4
2023-03-14,Pune,72,27.81,0.0,9.62
2023-03-15,Pune,72,24.49,7.59,14.66
2023-03-16,Pune,72,23.75,0.0,13.01
2023-03-17,Pune,72,24.81,0.0,12.29
2023-03-18,Pune,72,28.88,0.0,9.27
2023-03-19,Pune,72,27.95,0.0,8.4
2023-03-20,Pune,72,26.49,0.0,13.46
2023-03-21,Pune,72,26.49,0.0,9.38
2023-03-22,Pune,72,28.55,0.0,11.06
2023-03-23,Pune,72,27.0,0.0,3.03
2023-03-24,Pune,72,28.53,0.0,5.38
2023-03-25,Pune,72,28.24,0.0,3.3
2023-03-26,Pune,72,27.04,0.0,3.93
2023-03-27,Pune,72,24.85,0.0,9.55
2023-03-28,Pune,72,27.47,0.0,2.11
2023-03-29,Pune,72,25.43,0.0,8.92
2023-03-30,Pune,72,24.47,0.0,4.44
2023-03-31,Pune,72,29.01,0.0,11.59
2023-04-01,Pune,72,32.64,0.0,14.25
2023-04-02,Pune,72,29.17,0.0,18.73
2023-04-03,Pune,72,30.17,0.0,17.03
2023-04-04,Pune,72,31.08,0.0,11.32
2023-04-05,Pune,72,31.0,0.0,12.93
2023-04-06,Pune,72,32.0,0.0,9.38
2023-04-07,Pune,72,35.86,0.0,12.3
2023-04-08,Pune,72,34.52,0.0,11.43
2023-04-09,Pune,72,31.13,0.0,10.33
2023-04-10,Pune,72,30.31,0.0,11.36
2023-04-11,Pune,72,28.61,0.0,10.2
2023-04-12,Pune,72,27.88,0.0,12.29
2023-04-13,Pune,72,25.9,0.0,6.23
2023-04-14,Pune,72,30.13,0.0,8.1
2023-04-15,Pune,72,31.57,0.0,7.43
2023-04-16,Pune,72,31.27,0.0,10.01
2023-04-17,Pune,72,30.98,0.0,4.2
2023-04-18,Pune,72,29.51,0.0,7.93
2023-04-19,Pune,72,33.34,0.0,8.37
2023-04-20,Pune,72,31.06,0.0,7.41
2023-04-21,Pune,72,31.03,0.0,8.72
2023-04-22,Pune,72,31.03,0.0,4.95
2023-04-23,Pune,72,32.91,4.97,16.7
2023-04-24,Pune,72,31.91,0.0,9.73
2023-04-25,Pune,72,29.92,0.0,11.78
2023-04-26,Pune,72,31.51,0.0,12.36
2023-04-27,Pune,72,29.12,0.0,11.09
2023-04-28,Pune,72,28.73,0.0,10.58
2023-04-29,Pune,72,29.11,0.0,13.72
2023-04-30,Pune,72,31.75,0.0,10.41
2023-05-01,Pune,72,32.89,0.0,16.87
2023-05-02,Pune,72,33.62,0.0,19.07
2023-05-03,Pune,72,30.67,0.0,15.27
2023-05-04,Pune,72,31.14,0.0,14.09
2023-05-05,Pune,72,29.55,0.0,16.4
2023-05-06,Pune,72,29.63,4.06,18.96
2023-05-07,Pune,72,29.88,0.0,18.93
2023-05-08,Pune,72,26.98,0.0,11.15
2023-05-09,Pune,72,28.1,0.0,16.78
2023-05-10,Pune,72,30.14,0.0,12.7
2023-05-11,Pune,72,31.67,0.0,9.43
2023-05-12,Pune,72,28.97,0.0,14.53
2023-05-13,Pune,72,33.1,0.0,15.04
2023-05-14,Pune,72,31.48,0.0,10.78
2023-05-15,Pune,72,30.56,0.0,9.67
2023-05-16,Pune,72,33.47,0.0,10.47
2023-05-17,Pune,72,32.87,0.0,12.59
2023-05-18,Pune,72,32.06,0.0,19.59
2023-05-19,Pune,72,30.28,0.0,7.59
2023-05-20,Pune,72,32.59,0.0,14.71
2023-05-21,Pune,72,31.65,0.0,12.75
2023-05-22,Pune,72,33.62,0.0,15.81
2023-05-23,Pune,72,32.57,0.0,10.15
2023-05-24,Pune,72,31.93,0.0,8.07
2023-05-25,Pune,72,32.44,0.0,10.24
2023-05-26,Pune,72,29.24,0.0,10.01
2023-05-27,Pune,72,30.01,0.0,10.85
2023-05-28,Pune,72,32.17,0.0,9.03
2023-05-29,Pune,72,31.33,0.0,10.2
2023-05-30,Pune,72,34.88,0.0,15.93
2023-05-31,Pune,72,33.09,0.0,12.83
2023-06-01,Pune,72,28.36,0.0,14.36
2023-06-02,Pune,72,27.51,0.0,16.41
2023-06-03,Pune,72,25.69,9.32,19.8
2023-06-04,Pune,72,28.66,0.0,16.17
2023-06-05,Pune,72,27.4,0.0,17.37
2023-06-06,Pune,72,25.94,4.48,20.74
2023-06-07,Pune,72,24.53,12.69,20.56
2023-06-08,Pune,72,23.06,0.74,10.66
2023-06-09,Pune,72,26.67,24.86,22.14
2023-06-10,Pune,72,25.86,0.0,19.7
2023-06-11,Pune,72,25.49,0.0,9.19
2023-06-12,Pune,72,25.5,0.0,16.3
2023-06-13,Pune,72,28.56,6.01,17.42
2023-06-14,Pune,72,25.93,0.0,9.77
2023-06-15,Pune,72,24.04,1.32,17.35
2023-06-16,Pune,72,24.96,0.0,14.43
2023-06-17,Pune,72,22.86,40.53,18.52
2023-06-18,Pune,72,23.95,0.92,16.44
2023-06-19,Pune,72,25.59,0.0,9.93
2023-06-20,Pune,72,27.44,0.0,16.27
2023-06-21,Pune,72,24.21,0.0,22.03
2023-06-22,Pune,72,23.93,0.0,9.01
2023-06-23,Pune,72,25.82,0.0,14.73
2023-06-24,Pune,72,29.92,0.0,18.16
2023-06-25,Pune,72,24.37,5.32,12.94
2023-06-26,Pune,72,24.61,40.37,13.44
2023-06-27,Pune,72,25.9,11.28,15.2
2023-06-28,Pune,72,27.11,17.5,18.15
2023-06-29,Pune,72,28.42,3.86,16.12
2023-06-30,Pune,72,26.46,0.0,16.26
2023-07-01,Pune,72,25.77,0.0,16.56
2023-07-02,Pune,72,22.51,0.0,17.77
2023-07-03,Pune,72,25.14,8.35,19.28
2023-07-04,Pune,72,22.96,2.89,13.5
2023-07-05,Pune,72,24.76,14.4,19.0
2023-07-06,Pune,72,23.89,0.0,8.68
2023-07-07,Pune,72,26.36,0.0,13.91
2023-07-08,Pune,72,25.12,0.0,25.21
2023-07-09,Pune,72,26.88,6.85,19.93
2023-07-10,Pune,72,25.72,0.0,17.68
2023-07-11,Pune,72,23.19,0.0,16.41
2023-07-12,Pune,72,24.21,0.0,10.63
2023-07-13,Pune,72,24.73,0.0,12.67
2023-07-14,Pune,72,25.28,0.0,11.77
2023-07-15,Pune,72,26.71,0.0,13.04
2023-07-16,Pune,72,26.6,6.78,21.07
2023-07-17,Pune,72,27.45,0.34,23.53
2023-07-18,Pune,72,29.32,8.01,23.4
2023-07-19,Pune,72,26.13,7.69,15.88
2023-07-20,Pune,72,28.2,0.0,17.56
2023-07-21,Pune,72,26.82,0.0,16.28
2023-07-22,Pune,72,27.18,0.0,15.97
2023-07-23,Pune,72,27.18,0.0,16.83
2023-07-24,Pune,72,27.34,0.0,12.31
2023-07-25,Pune,72,31.21,0.0,23.75
2023-07-26,Pune,72,29.35,0.0,20.7
2023-07-27,Pune,72,26.6,0.0,17.31
2023-07-28,Pune,72,25.47,0.0,18.11
2023-07-29,Pune,72,27.78,9.07,20.27
2023-07-30,Pune,72,26.22,0.0,14.69
2023-07-31,Pune,72,24.59,0.0,7.35
2023-08-01,Pune,72,25.66,1.42,13.93
2023-08-02,Pune,72,23.29,0.0,14.65
2023-08-03,Pune,72,20.77,0.0,12.11
2023-08-04,Pune,72,22.63,0.0,10.51
2023-08-05,Pune,72,23.19,0.0,20.91
2023-08-06,Pune,72,22.72,2.13,13.82
2023-08-07,Pune,72,25.15,2.97,16.63
2023-08-08,Pune,72,21.8,3.88,13.25
2023-08-09,Pune,72,22.83,5.32,18.67
2023-08-10,Pune,72,24.29,7.08,12.7
2023-08-11,Pune,72,23.85,0.0,18.04
2023-08-12,Pune,72,20.41,0.0,5.92
2023-08-13,Pune,72,21.38,0.0,16.11
2023-08-14,Pune,72,20.12,4.94,14.05
2023-08-15,Pune,72,22.99,0.7,6.59
2023-08-16,Pune,72,25.33,0.0,13.87
2023-08-17,Pune,72,19.96,0.61,13.05
2023-08-18,Pune,72,19.4,1.37,7.2
2023-08-19,Pune,72,22.13,4.2,11.95
2023-08-20,Pune,72,22.81,0.0,14.75
2023-08-21,Pune,72,19.34,0.0,16.51
2023-08-22,Pune,72,22.57,2.66,10.28
2023-08-23,Pune,72,23.8,20.58,14.76
2023-08-24,Pune,72,23.83,0.0,12.68
2023-08-25,Pune,72,25.02,0.0,12.95
2023-08-26,Pune,72,23.14,0.0,11.29
2023-08-27,Pune,72,25.98,0.0,10.8
2023-08-28,Pune,72,24.65,1.67,18.77
2023-08-29,Pune,72,21.82,0.0,12.0
2023-08-30,Pune,72,20.48,0.0,14.6
2023-08-31,Pune,72,23.29,10.21,23.05
2023-09-01,Pune,72,24.59,0.0,10.98
2023-09-02,Pune,72,24.72,1.99,8.23
2023-09-03,Pune,72,23.85,1.09,11.85
2023-09-04,Pune,72,25.7,1.56,19.92
2023-09-05,Pune,72,26.83,6.68,18.49
2023-09-06,Pune,72,21.96,0.0,13.5
2023-09-07,Pune,72,22.57,0.0,10.89
2023-09-08,Pune,72,21.81,0.0,8.78
2023-09-09,Pune,72,18.57,0.0,8.47
2023-09-10,Pune,72,20.72,0.0,17.22
2023-09-11,Pune,72,24.42,0.0,13.06
2023-09-12,Pune,72,22.69,0.0,7.01
2023-09-13,Pune,72,22.6,0.0,10.79
2023-09-14,Pune,72,18.22,0.0,12.22
2023-09-15,Pune,72,23.53,6.59,5.42
2023-09-16,Pune,72,25.26,0.32,9.25
2023-09-17,Pune,72,23.19,19.79,14.0
2023-09-18,Pune,72,26.35,0.56,16.09
2023-09-19,Pune,72,22.4,0.0,17.08
2023-09-20,Pune,72,27.46,0.0,9.1
2023-09-21,Pune,72,25.51,0.0,7.17
2023-09-22,Pune,72,24.82,0.0,8.46
2023-09-23,Pune,72,24.08,0.0,11.54
2023-09-24,Pune,72,25.01,0.0,16.55
2023-09-25,Pune,72,23.21,0.0,11.02
2023-09-26,Pune,72,24.09,0.0,10.59
2023-09-27,Pune,72,23.57,0.0,10.73
2023-09-28,Pune,72,25.49,0.0,8.26
2023-09-29,Pune,72,24.98,6.14,8.01
2023-09-30,Pune,72,24.86,0.0,18.37
2023-10-01,Pune,72,25.73,0.0,14.45
2023-10-02,Pune,72,27.54,0.0,13.97
2023-10-03,Pune,72,26.57,0.0,5.67
2023-10-04,Pune,72,27.78,0.0,12.76
2023-10-05,Pune,72,28.21,0.0,16.88
2023-10-06,Pune,72,26.58,0.0,12.41
2023-10-07,Pune,72,25.94,0.0,6.26
2023-10-08,Pune,72,25.43,0.0,7.36
2023-10-09,Pune,72,27.24,0.0,8.34
2023-10-10,Pune,72,23.45,0.0,9.82
2023-10-11,Pune,72,22.88,7.8,12.09
2023-10-12,Pune,72,25.57,0.0,10.85
2023-10-13,Pune,72,26.56,0.0,8.65
2023-10-14,Pune,72,26.79,0.0,7.4
2023-10-15,Pune,72,27.67,0.0,7.43
2023-10-16,Pune,72,27.61,0.0,10.05
2023-10-17,Pune,72,26.79,14.08,14.15
2023-10-18,Pune,72,26.75,0.0,9.88
2023-10-19,Pune,72,25.04,0.0,10.06
2023-10-20,Pune,72,27.64,0.0,6.36
2023-10-21,Pune,72,27.51,0.0,13.28
2023-10-22,Pune,72,28.37,0.0,4.31
2023-10-23,Pune,72,25.18,0.0,10.2
2023-10-24,Pune,72,29.38,0.0,10.74
2023-10-25,Pune,72,25.61,0.0,11.25
2023-10-26,Pune,72,26.88,0.0,11.11
2023-10-27,Pune,72,29.71,4.64,10.13
2023-10-28,Pune,72,26.01,0.0,2.39
2023-10-29,Pune,72,25.97,0.0,4.88
2023-10-30,Pune,72,30.16,0.0,4.04
2023-10-31,Pune,72,26.81,0.0,5.56
2023-11-01,Pune,72,23.3,0.0,5.82
2023-11-02,Pune,72,22.47,0.0,9.77
2023-11-03,Pune,72,25.46,0.0,8.24
2023-11-04,Pune,72,25.69,0.0,5.84
2023-11-05,Pune,72,24.2,0.0,11.36
2023-11-06,Pune,72,25.06,0.0,11.94
2023-11-07,Pune,72,21.12,0.0,13.45
2023-11-08,Pune,72,23.23,0.0,11.4
2023-11-09,Pune,72,22.7,0.0,2.33
2023-11-10,Pune,72,23.83,0.0,8.7
2023-11-11,Pune,72,21.86,0.0,9.41
2023-11-12,Pune,72,21.98,0.0,3.99
2023-11-13,Pune,72,24.66,0.0,6.07
2023-11-14,Pune,72,19.65,0.0,5.64
2023-11-15,Pune,72,19.82,0.0,4.43
2023-11-16,Pune,72,21.52,0.0,3.35
2023-11-17,Pune,72,21.98,0.0,5.85
2023-11-18,Pune,72,21.09,18.14,6.61
2023-11-19,Pune,72,22.44,0.0,3.91
2023-11-20,Pune,72,27.1,0.0,8.36
2023-11-21,Pune,72,22.38,0.0,10.57
2023-11-22,Pune,72,22.53,0.0,13.36
2023-11-23,Pune,72,23.32,0.0,6.13
2023-11-24,Pune,72,21.89,0.0,4.9
2023-11-25,Pune,72,21.92,0.0,8.29
2023-11-26,Pune,72,23.36,0.0,5.73
2023-11-27,Pune,72,23.86,0.0,9.32
2023-11-28,Pune,72,25.66,0.0,7.92
2023-11-29,Pune,72,22.25,0.0,10.44
2023-11-30,Pune,72,22.19,0.0,7.07
2023-12-01,Pune,72,21.31,0.0,0.8
2023-12-02,Pune,72,23.59,0.0,3.98
2023-12-03,Pune,72,16.47,0.0,10.04
2023-12-04,Pune,72,21.03,0.0,2.11
2023-12-05,Pune,72,22.97,0.0,2.64
2023-12-06,Pune,72,20.51,0.0,10.68
2023-12-07,Pune,72,24.26,0.0,6.17
2023-12-08,Pune,72,22.97,0.0,4.13
2023-12-09,Pune,72,21.06,0.0,5.52
2023-12-10,Pune,72,25.06,0.0,5.28
2023-12-11,Pune,72,22.32,0.0,3.65
2023-12-12,Pune,72,22.29,0.0,3.7
2023-12-13,Pune,72,18.5,0.0,12.83
2023-12-14,Pune,72,21.53,0.0,7.98
2023-12-15,Pune,72,19.26,0.0,13.17
2023-12-16,Pune,72,22.84,0.0,6.91
2023-12-17,Pune,72,23.14,0.0,6.48
2023-12-18,Pune,72,21.09,0.0,6.37
2023-12-19,Pune,72,19.58,0.0,1.64
2023-12-20,Pune,72,20.3,0.0,6.56
2023-12-21,Pune,72,19.92,0.0,6.48
2023-12-22,Pune,72,24.29,0.0,4.32
2023-12-23,Pune,72,21.14,0.0,7.11
2023-12-24,Pune,72,20.8,0.0,3.66
2023-12-25,Pune,72,19.89,0.0,10.29
2023-12-26,Pune,72,20.49,0.0,3.47
2023-12-27,Pune,72,21.76,0.0,8.74
2023-12-28,Pune,72,20.77,0.0,1.41
2023-12-29,Pune,72,22.44,0.0,10.68
2023-12-30,Pune,72,22.8,0.0,8.02
2023-12-31,Pune,72,22.48,0.0,7.65
2024-01-01,Pune,72,20.82,0.0,7.66
2024-01-02,Pune,72,20.5,0.0,5.34
2024-01-03,Pune,72,18.71,0.0,4.29
2024-01-04,Pune,72,16.96,0.0,7.5
2024-01-05,Pune,72,21.2,0.0,7.54
2024-01-06,Pune,72,20.87,0.0,4.21
2024-01-07,Pune,72,20.24,0.0,4.93
2024-01-08,Pune,72,19.22,0.0,8.58
2024-01-09,Pune,72,18.92,0.0,6.24
2024-01-10,Pune,72,16.75,0.0,5.68
2024-01-11,Pune,72,19.77,0.0,13.09
2024-01-12,Pune,72,24.84,0.0,5.85
2024-01-13,Pune,72,23.18,0.0,13.34
2024-01-14,Pune,72,22.8,0.0,6.14
2024-01-15,Pune,72,19.09,0.0,6.84
2024-01-16,Pune,72,18.25,0.0,4.58
2024-01-17,Pune,72,19.27,0.0,4.85
2024-01-18,Pune,72,20.82,0.0,7.61
2024-01-19,Pune,72,18.44,0.0,11.96
2024-01-20,Pune,72,17.75,0.0,8.29
2024-01-21,Pune,72,21.95,0.0,8.58
2024-01-22,Pune,72,21.51,0.0,7.29
2024-01-23,Pune,72,22.56,0.0,12.03
2024-01-24,Pune,72,22.32,0.0,6.89
2024-01-25,Pune,72,22.31,0.0,7.78
2024-01-26,Pune,72,21.36,0.0,4.8
2024-01-27,Pune,72,21.46,0.0,0.19
2024-01-28,Pune,72,19.82,0.0,7.21
2024-01-29,Pune,72,19.32,0.0,0.22
2024-01-30,Pune,72,19.02,0.0,2.84
2024-01-31,Pune,72,18.41,0.0,8.4
2024-02-01,Pune,72,21.59,0.0,6.48
2024-02-02,Pune,72,20.94,0.0,5.59
2024-02-03,Pune,72,24.59,0.0,3.33
2024-02-04,Pune,72,22.35,0.0,10.42
2024-02-05,Pune,72,22.27,0.0,8.18
2024-02-06,Pune,72,23.05,0.0,6.72
2024-02-07,Pune,72,23.79,0.0,12.38
2024-02-08,Pune,72,23.11,0.0,5.04
2024-02-09,Pune,72,22.54,0.0,8.53
2024-02-10,Pune,72,24.82,0.0,12.77
2024-02-11,Pune,72,20.98,0.0,15.45
2024-02-12,Pune,72,24.29,0.0,9.87
2024-02-13,Pune,72,23.0,0.0,9.52
2024-02-14,Pune,72,23.99,0.0,9.92
2024-02-15,Pune,72,19.52,0.0,12.68
2024-02-16,Pune,72,24.41,0.0,7.47
2024-02-17,Pune,72,25.18,0.0,10.61
2024-02-18,Pune,72,23.01,0.0,10.7
2024-02-19,Pune,72,23.37,0.0,7.58
2024-02-20,Pune,72,22.88,0.0,11.09
2024-02-21,Pune,72,21.3,0.0,4.26
2024-02-22,Pune,72,26.88,0.0,5.76
2024-02-23,Pune,72,27.16,0.0,9.37
2024-02-24,Pune,72,24.45,0.0,11.9
2024-02-25,Pune,72,25.72,0.0,14.8
2024-02-26,Pune,72,23.89,0.0,7.34
2024-02-27,Pune,72,23.82,0.0,11.7
2024-02-28,Pune,72,18.78,0.0,10.22
2024-02-29,Pune,72,22.7,0.0,10.6
2024-03-01,Pune,72,27.35,0.0,6.95
2024-03-02,Pune,72,26.32,0.0,9.15
2024-03-03,Pune,72,29.1,0.0,8.71
2024-03-04,Pune,72,25.64,0.0,4.3
2024-03-05,Pune,72,27.36,0.0,13.44
2024-03-06,Pune,72,26.42,0.0,9.22
2024-03-07,Pune,72,25.42,0.0,10.1
2024-03-08,Pune,72,24.66,0.0,6.77
2024-03-09,Pune,72,24.84,0.0,16.77
2024-03-10,Pune,72,26.68,0.0,5.03
2024-03-11,Pune,72,24.52,0.0,10.63
2024-03-12,Pune,72,22.88,0.0,9.59
2024-03-13,Pune,72,28.71,0.0,12.03
2024-03-14,Pune,72,24.08,0.0,10.43
2024-03-15,Pune,72,24.35,0.0,6.21
2024-03-16,Pune,72,25.91,0.0,11.72
2024-03-17,Pune,72,23.63,0.0,11.26
2024-03-18,Pune,72,24.37,0.0,11.09
2024-03-19,Pune,72,25.44,0.0,7.98
2024-03-20,Pune,72,23.78,0.0,3.95
2024-03-21,Pune,72,28.22,0.0,4.64
2024-03-22,Pune,72,25.18,0.0,0.27
2024-03-23,Pune,72,26.19,1.33,7.04
2024-03-24,Pune,72,28.42,0.0,6.92
2024-03-25,Pune,72,24.64,0.0,9.71
2024-03-26,Pune,72,27.71,0.0,8.4
2024-03-27,Pune,72,28.29,0.0,5.67
2024-03-28,Pune,72,28.77,0.0,10.59
2024-03-29,Pune,72,27.92,0.0,9.79
2024-03-30,Pune,72,25.75,0.0,4.95
2024-03-31,Pune,72,24.39,0.0,9.58
2024-04-01,Pune,72,30.62,0.0,12.31
2024-04-02,Pune,72,32.19,0.0,12.21
2024-04-03,Pune,72,29.82,0.0,12.81
2024-04-04,Pune,72,29.31,0.0,7.12
2024-04-05,Pune,72,29.88,0.0,5.46
2024-04-06,Pune,72,28.7,0.0,9.18
2024-04-07,Pune,72,29.65,0.0,7.91
2024-04-08,Pune,72,26.97,0.0,10.6
2024-04-09,Pune,72,26.23,0.0,9.82
2024-04-10,Pune,72,32.29,0.0,8.37
2024-04-11,Pune,72,29.52,0.0,12.36
2024-04-12,Pune,72,28.8,0.0,9.86
2024-04-13,Pune,72,26.21,0.0,7.97
2024-04-14,Pune,72,27.35,0.0,12.67
2024-04-15,Pune,72,29.15,0.0,16.79
2024-04-16,Pune,72,27.51,0.0,11.66
2024-04-17,Pune,72,30.39,0.0,13.13
2024-04-18,Pune,72,27.03,0.0,10.84
2024-04-19,Pune,72,30.02,0.0,11.87
2024-04-20,Pune,72,27.65,0.0,8.62
2024-04-21,Pune,72,27.22,0.0,10.64
2024-04-22,Pune,72,26.7,0.0,7.64
2024-04-23,Pune,72,27.69,0.0,8.47
2024-04-24,Pune,72,29.1,0.0,10.9
2024-04-25,Pune,72,29.04,0.0,13.79
2024-04-26,Pune,72,29.27,0.0,6.12
2024-04-27,Pune,72,28.64,0.0,10.0
2024-04-28,Pune,72,29.67,0.0,7.54
2024-04-29,Pune,72,29.64,0.0,8.85
2024-04-30,Pune,72,32.61,0.0,12.26
2024-05-01,Pune,72,31.87,6.39,17.25
2024-05-02,Pune,72,27.49,0.0,8.95
2024-05-03,Pune,72,28.95,0.0,14.13
2024-05-04,Pune,72,30.39,0.0,13.33
2024-05-05,Pune,72,29.84,0.0,13.71
2024-05-06,Pune,72,31.62,0.0,15.18
2024-05-07,Pune,72,29.78,0.0,12.91
2024-05-08,Pune,72,28.6,0.0,16.11
2024-05-09,Pune,72,29.6,0.0,16.87
2024-05-10,Pune,72,30.06,0.0,13.44
2024-05-11,Pune,72,28.49,0.0,9.33
2024-05-12,Pune,72,27.97,2.91,13.15
2024-05-13,Pune,72,29.79,6.14,16.29
2024-05-14,Pune,72,29.13,0.0,13.43
2024-05-15,Pune,72,30.97,0.0,6.98
2024-05-16,Pune,72,31.55,0.0,11.4
2024-05-17,Pune,72,26.96,0.0,4.88
2024-05-18,Pune,72,29.52,0.0,10.96
2024-05-19,Pune,72,30.48,0.0,11.42
2024-05-20,Pune,72,33.59,0.0,8.82
2024-05-21,Pune,72,30.94,0.0,10.89
2024-05-22,Pune,72,30.37,0.0,9.81
2024-05-23,Pune,72,28.56,0.0,11.22
2024-05-24,Pune,72,30.83,0.0,16.78
2024-05-25,Pune,72,27.4,0.0,11.18
2024-05-26,Pune,72,31.24,0.0,15.59
2024-05-27,Pune,72,30.69,0.0,16.45
2024-05-28,Pune,72,29.04,0.0,12.81
2024-05-29,Pune,72,29.84,0.0,12.6
2024-05-30,Pune,72,31.72,0.0,10.52
2024-05-31,Pune,72,33.33,0.0,9.23
2024-06-01,Pune,72,31.39,1.25,13.82
2024-06-02,Pune,72,27.68,5.25,12.65
2024-06-03,Pune,72,24.84,30.08,21.15
2024-06-04,Pune,72,26.38,40.49,16.37
2024-06-05,Pune,72,26.12,26.21,13.1
2024-06-06,Pune,72,25.11,0.0,16.97
2024-06-07,Pune,72,27.45,0.0,15.46
2024-06-08,Pune,72,27.9,0.0,14.49
2024-06-09,Pune,72,26.61,1.83,15.56
2024-06-10,Pune,72,23.93,1.96,13.75
2024-06-11,Pune,72,27.96,0.0,8.96
2024-06-12,Pune,72,25.68,0.0,13.53
2024-06-13,Pune,72,25.84,0.0,13.49
2024-06-14,Pune,72,26.09,0.0,19.25
2024-06-15,Pune,72,25.68,0.0,15.48
2024-06-16,Pune,72,24.94,4.92,12.48
2024-06-17,Pune,72,26.11,0.0,21.71
2024-06-18,Pune,72,26.98,0.0,18.82
2024-06-19,Pune,72,25.53,0.0,20.1
2024-06-20,Pune,72,27.97,15.15,17.25
2024-06-21,Pune,72,20.44,0.0,17.21
2024-06-22,Pune,72,23.23,0.0,15.6
2024-06-23,Pune,72,23.81,0.0,10.73
2024-06-24,Pune,72,23.9,0.0,14.42
2024-06-25,Pune,72,24.24,0.0,14.42
2024-06-26,Pune,72,25.93,0.0,13.4
2024-06-27,Pune,72,23.36,0.0,14.83
2024-06-28,Pune,72,24.86,0.0,16.31
2024-06-29,Pune,72,25.97,0.0,14.04
2024-06-30,Pune,72,24.44,0.0,17.79
2024-07-01,Pune,72,22.3,0.0,12.61
2024-07-02,Pune,72,23.05,0.0,16.77
2024-07-03,Pune,72,25.44,0.0,12.46
2024-07-04,Pune,72,19.73,0.0,14.11
2024-07-05,Pune,72,25.29,3.38,15.22
2024-07-06,Pune,72,24.19,7.44,13.51
2024-07-07,Pune,72,22.85,2.18,16.89
2024-07-08,Pune,72,24.52,1.78,14.02
2024-07-09,Pune,72,24.63,0.0,13.53
2024-07-10,Pune,72,24.36,0.0,20.63
2024-07-11,Pune,72,22.82,0.0,10.49
2024-07-12,Pune,72,25.59,0.0,13.08
2024-07-13,Pune,72,23.65,0.0,18.25
2024-07-14,Pune,72,25.64,0.0,13.9
2024-07-15,Pune,72,25.31,0.0,15.5
2024-07-16,Pune,72,24.15,42.61,19.06
2024-07-17,Pune,72,25.92,0.0,15.82
2024-07-18,Pune,72,24.76,0.0,21.67
2024-07-19,Pune,72,26.93,2.82,18.97
2024-07-20,Pune,72,23.09,26.45,19.62
2024-07-21,Pune,72,23.72,6.13,19.68
2024-07-22,Pune,72,25.82,4.39,15.1
2024-07-23,Pune,72,26.73,1.16,12.89
2024-07-24,Pune,72,25.51,11.29,16.08
2024-07-25,Pune,72,25.45,0.0,21.16
2024-07-26,Pune,72,25.42,0.0,21.03
2024-07-27,Pune,72,26.0,0.0,17.87
2024-07-28,Pune,72,20.46,0.0,15.79
2024-07-29,Pune,72,21.72,13.5,20.09
2024-07-30,Pune,72,21.79,0.0,13.61
2024-07-31,Pune,72,20.12,0.0,17.87
2024-08-01,Pune,72,20.39,0.0,16.98
2024-08-02,Pune,72,23.5,21.21,15.82
2024-08-03,Pune,72,24.06,2.13,13.17
2024-08-04,Pune,72,25.11,1.62,2.68
2024-08-05,Pune,72,26.32,38.57,18.56
2024-08-06,Pune,72,25.82,3.5,9.92
2024-08-07,Pune,72,26.58,5.39,11.54
2024-08-08,Pune,72,24.45,4.07,14.6
2024-08-09,Pune,72,24.1,2.29,15.51
2024-08-10,Pune,72,21.43,0.15,15.55
2024-08-11,Pune,72,25.21,37.71,23.28
2024-08-12,Pune,72,24.56,1.15,7.67
2024-08-13,Pune,72,23.75,11.75,9.07
2024-08-14,Pune,72,23.42,2.54,15.37
2024-08-15,Pune,72,24.33,4.72,14.17
2024-08-16,Pune,72,23.22,0.0,11.81
2024-08-17,Pune,72,25.01,0.0,13.01
2024-08-18,Pune,72,24.22,0.0,17.03
2024-08-19,Pune,72,25.3,0.0,19.14
2024-08-20,Pune,72,26.69,0.0,15.36
2024-08-21,Pune,72,26.93,0.0,15.34
2024-08-22,Pune,72,23.54,0.0,10.89
2024-08-23,Pune,72,23.48,0.0,19.46
2024-08-24,Pune,72,22.45,0.0,17.77
2024-08-25,Pune,72,22.88,0.19,12.11
2024-08-26,Pune,72,22.65,0.0,11.73
2024-08-27,Pune,72,26.47,0.0,15.35
2024-08-28,Pune,72,20.82,0.0,18.52
2024-08-29,Pune,72,22.44,4.28,23.05
2024-08-30,Pune,72,21.17,2.77,18.44
2024-08-31,Pune,72,21.24,1.06,10.77
2024-09-01,Pune,72,17.61,6.49,12.91
2024-09-02,Pune,72,22.36,22.65,11.35
2024-09-03,Pune,72,22.86,0.0,10.5
2024-09-04,Pune,72,22.75,7.44,9.33
2024-09-05,Pune,72,25.65,19.3,14.55
2024-09-06,Pune,72,23.51,0.0,8.35
2024-09-07,Pune,72,24.16,61.52,10.77
2024-09-08,Pune,72,20.82,3.75,3.76
2024-09-09,Pune,72,23.86,12.9,13.02
2024-09-10,Pune,72,23.73,5.29,9.72
2024-09-11,Pune,72,24.34,12.63,8.29
2024-09-12,Pune,72,24.96,37.93,15.03
2024-09-13,Pune,72,26.3,4.89,13.01
2024-09-14,Pune,72,27.59,5.41,8.82
2024-09-15,Pune,72,26.88,3.71,12.49
2024-09-16,Pune,72,24.71,7.32,12.59
2024-09-17,Pune,72,24.96,0.82,15.32
2024-09-18,Pune,72,26.02,17.11,9.53
2024-09-19,Pune,72,29.92,17.27,14.05
2024-09-20,Pune,72,27.3,8.67,4.73
2024-09-21,Pune,72,24.41,6.0,14.69
2024-09-22,Pune,72,27.56,0.0,8.39
2024-09-23,Pune,72,25.77,0.0,16.08
2024-09-24,Pune,72,25.8,0.0,9.64
2024-09-25,Pune,72,27.51,0.0,9.26
2024-09-26,Pune,72,27.64,0.0,11.3
2024-09-27,Pune,72,24.88,0.0,9.6
2024-09-28,Pune,72,23.93,0.0,10.31
2024-09-29,Pune,72,25.04,0.0,2.08
2024-09-30,Pune,72,26.09,0.0,13.25
2024-10-01,Pune,72,25.59,0.0,6.74
2024-10-02,Pune,72,26.94,0.0,5.09
2024-10-03,Pune,72,23.12,1.57,9.2
2024-10-04,Pune,72,27.17,0.0,7.44
2024-10-05,Pune,72,25.2,0.0,8.91
2024-10-06,Pune,72,23.14,17.12,6.51
2024-10-07,Pune,72,25.57,0.0,8.96
2024-10-08,Pune,72,25.12,0.0,9.0
2024-10-09,Pune,72,26.33,0.0,11.62
2024-10-10,Pune,72,27.84,0.0,8.69
2024-10-11,Pune,72,26.19,4.26,4.01
2024-10-12,Pune,72,27.43,0.0,4.19
2024-10-13,Pune,72,26.33,0.0,12.26
2024-10-14,Pune,72,26.04,0.0,3.16
2024-10-15,Pune,72,26.31,0.0,9.43
2024-10-16,Pune,72,23.98,0.0,6.3
2024-10-17,Pune,72,25.25,0.0,1.21
2024-10-18,Pune,72,23.1,0.0,8.04
2024-10-19,Pune,72,24.67,0.0,15.48
2024-10-20,Pune,72,24.51,0.0,5.83
2024-10-21,Pune,72,26.45,0.0,4.75
2024-10-22,Pune,72,25.99,4.64,11.98
2024-10-23,Pune,72,25.12,15.04,11.04
2024-10-24,Pune,72,25.32,0.0,16.46
2024-10-25,Pune,72,25.34,0.0,11.11
2024-10-26,Pune,72,24.64,0.0,5.62
2024-10-27,Pune,72,29.44,0.0,10.31
2024-10-28,Pune,72,32.06,0.0,9.38
2024-10-29,Pune,72,30.87,105.65,16.46
2024-10-30,Pune,72,27.93,5.11,8.0
2024-10-31,Pune,72,29.14,5.36,9.3
2024-11-01,Pune,72,24.39,0.0,12.88
2024-11-02,Pune,72,23.2,0.0,5.67
2024-11-03,Pune,72,23.4,27.28,9.25
2024-11-04,Pune,72,24.87,0.0,8.44
2024-11-05,Pune,72,22.92,0.0,3.66
2024-11-06,Pune,72,19.83,0.0,3.09
2024-11-07,Pune,72,20.94,0.0,5.73
2024-11-08,Pune,72,22.49,0.0,6.74
2024-11-09,Pune,72,20.14,0.0,8.55
2024-11-10,Pune,72,20.94,0.0,6.41
2024-11-11,Pune,72,21.76,0.0,8.73
2024-11-12,Pune,72,20.72,0.0,11.25
2024-11-13,Pune,72,22.63,0.0,1.92
2024-11-14,Pune,72,23.97,0.0,4.26
2024-11-15,Pune,72,24.55,0.0,4.69
2024-11-16,Pune,72,22.12,0.0,6.86
2024-11-17,Pune,72,20.64,0.0,7.92
2024-11-18,Pune,72,22.53,0.0,6.1
2024-11-19,Pune,72,23.5,0.0,6.84
2024-11-20,Pune,72,22.96,0.0,11.21
2024-11-21,Pune,72,20.7,0.0,1.7
2024-11-22,Pune,72,22.06,0.0,0.29
2024-11-23,Pune,72,23.69,0.0,7.89
2024-11-24,Pune,72,18.56,0.0,8.61
2024-11-25,Pune,72,22.15,0.0,4.38
2024-11-26,Pune,72,20.33,0.0,7.62
2024-11-27,Pune,72,25.06,0.0,8.78
2024-11-28,Pune,72,24.68,0.0,9.62
2024-11-29,Pune,72,23.85,0.0,6.34
2024-11-30,Pune,72,24.52,0.0,7.6
2024-12-01,Pune,72,24.81,0.0,10.61
2024-12-02,Pune,72,24.4,0.0,9.73
2024-12-03,Pune,72,21.95,0.0,11.68
2024-12-04,Pune,72,21.85,0.0,7.96
2024-12-05,Pune,72,22.33,0.0,9.91
2024-12-06,Pune,72,22.13,0.0,11.78
2024-12-07,Pune,72,23.16,0.0,8.86
2024-12-08,Pune,72,22.76,0.0,8.49
2024-12-09,Pune,72,27.01,0.0,10.11
2024-12-10,Pune,72,24.83,0.0,6.18
2024-12-11,Pune,72,24.35,0.0,3.87
2024-12-12,Pune,72,23.0,0.0,4.85
2024-12-13,Pune,72,21.47,0.0,9.22
2024-12-14,Pune,72,21.08,0.0,5.74
2024-12-15,Pune,72,22.78,0.0,10.21
2024-12-16,Pune,72,23.25,0.0,8.42
2024-12-17,Pune,72,20.32,0.0,9.12
2024-12-18,Pune,72,22.67,0.0,10.55
2024-12-19,Pune,72,21.01,0.0,9.15
2024-12-20,Pune,72,18.03,0.0,11.71
2024-12-21,Pune,72,19.36,0.0,12.93
2024-12-22,Pune,72,20.41,0.0,11.32
2024-12-23,Pune,72,19.56,0.0,11.56
2024-12-24,Pune,72,18.23,0.0,6.92
2024-12-25,Pune,72,22.42,0.0,0.16
2024-12-26,Pune,72,21.24,0.0,2.26
2024-12-27,Pune,72,24.04,0.0,7.3
2024-12-28,Pune,72,24.39,0.0,10.27
2024-12-29,Pune,72,22.05,0.0,6.37
2024-12-30,Pune,72,22.34,0.0,11.45
2024-12-31,Pune,72,18.66,0.0,5.7
2025-01-01,Pune,72,19.77,0.0,8.64
2025-01-02,Pune,72,19.42,0.0,9.1
2025-01-03,Pune,72,18.19,0.0,4.03
2025-01-04,Pune,72,16.58,0.0,9.95
2025-01-05,Pune,72,18.48,0.0,7.64
2025-01-06,Pune,72,18.11,4.64,10.21
2025-01-07,Pune,72,20.44,0.0,6.96
2025-01-08,Pune,72,19.27,0.0,7.95
2025-01-09,Pune,72,21.68,19.3,12.44
2025-01-10,Pune,72,20.71,0.0,12.24
2025-01-11,Pune,72,18.53,0.0,8.77
2025-01-12,Pune,72,18.28,0.0,8.72
2025-01-13,Pune,72,17.78,0.0,11.95
2025-01-14,Pune,72,17.8,0.0,5.74
2025-01-15,Pune,72,21.0,0.0,4.67
2025-01-16,Pune,72,24.23,0.0,8.09
2025-01-17,Pune,72,24.46,0.0,8.35
2025-01-18,Pune,72,25.35,0.0,4.29
2025-01-19,Pune,72,21.69,0.0,7.58
2025-01-20,Pune,72,22.65,0.0,6.76
2025-01-21,Pune,72,21.21,0.0,4.53
2025-01-22,Pune,72,20.14,0.0,6.02
2025-01-23,Pune,72,21.15,0.0,7.21
2025-01-24,Pune,72,21.71,0.0,15.18
2025-01-25,Pune,72,20.72,0.0,8.44
2025-01-26,Pune,72,20.89,0.0,11.52
2025-01-27,Pune,72,22.31,0.0,4.77
2025-01-28,Pune,72,18.23,0.0,6.92
2025-01-29,Pune,72,22.11,0.0,7.24
2025-01-30,Pune,72,21.38,0.0,11.09
2025-01-31,Pune,72,20.32,0.0,8.65
2025-02-01,Pune,72,25.65,0.0,8.24
2025-02-02,Pune,72,24.43,0.0,4.66
2025-02-03,Pune,72,24.46,0.0,9.6
2025-02-04,Pune,72,21.23,0.0,6.12
2025-02-05,Pune,72,26.13,0.0,8.59
2025-02-06,Pune,72,26.73,0.0,18.18
2025-02-07,Pune,72,22.65,0.0,10.95
2025-02-08,Pune,72,25.26,0.0,9.73
2025-02-09,Pune,72,23.79,0.07,11.06
2025-02-10,Pune,72,24.5,0.0,10.19
2025-02-11,Pune,72,21.36,0.0,6.21
2025-02-12,Pune,72,25.24,0.0,7.32
2025-02-13,Pune,72,23.0,0.0,7.34
2025-02-14,Pune,72,20.8,0.0,8.02
2025-02-15,Pune,72,18.46,0.0,10.0
2025-02-16,Pune,72,21.6,0.0,12.14
2025-02-17,Pune,72,22.76,0.0,12.33
2025-02-18,Pune,72,25.7,0.0,13.32
2025-02-19,Pune,72,21.77,0.0,14.9
2025-02-20,Pune,72,22.02,0.0,13.64
2025-02-21,Pune,72,23.81,0.0,10.27
2025-02-22,Pune,72,22.76,0.0,8.22
2025-02-23,Pune,72,23.98,0.0,13.19
2025-02-24,Pune,72,22.08,0.0,10.71
2025-02-25,Pune,72,21.31,0.0,11.27
2025-02-26,Pune,72,20.96,0.0,6.0
2025-02-27,Pune,72,17.07,0.0,8.48
2025-02-28,Pune,72,19.79,0.0,5.88
2025-03-01,Pune,72,25.79,0.0,10.04
2025-03-02,Pune,72,25.73,0.0,8.43
2025-03-03,Pune,72,29.61,0.0,15.92
2025-03-04,Pune,72,26.77,0.0,10.69
2025-03-05,Pune,72,26.45,0.0,7.05
2025-03-06,Pune,72,23.52,0.0,15.8
2025-03-07,Pune,72,24.55,0.0,12.49
2025-03-08,Pune,72,23.12,0.0,12.82
2025-03-09,Pune,72,23.82,0.0,6.5
2025-03-10,Pune,72,23.19,0.0,8.65
2025-03-11,Pune,72,23.49,0.0,12.46
2025-03-12,Pune,72,25.46,0.0,10.25
2025-03-13,Pune,72,24.5,0.0,10.22
2025-03-14,Pune,72,24.55,0.0,11.77
2025-03-15,Pune,72,25.33,0.0,9.61
2025-03-16,Pune,72,28.24,0.0,13.04
2025-03-17,Pune,72,25.72,0.0,6.95
2025-03-18,Pune,72,29.98,0.0,7.97
2025-03-19,Pune,72,26.5,0.0,10.58
2025-03-20,Pune,72,28.99,0.0,9.24
2025-03-21,Pune,72,29.53,0.0,13.94
2025-03-22,Pune,72,28.2,0.0,6.46
2025-03-23,Pune,72,26.0,0.0,14.24
2025-03-24,Pune,72,25.4,0.0,6.93
2025-03-25,Pune,72,24.94,0.0,6.77
2025-03-26,Pune,72,26.48,0.0,7.1
2025-03-27,Pune,72,27.37,0.0,8.34
2025-03-28,Pune,72,26.93,0.0,9.06
2025-03-29,Pune,72,25.51,0.0,8.21
2025-03-30,Pune,72,24.72,0.0,13.65
2025-03-31,Pune,72,24.77,0.0,17.1
2025-04-01,Pune,72,30.7,0.0,12.37
2025-04-02,Pune,72,26.12,0.0,11.33
2025-04-03,Pune,72,30.57,0.0,11.0
2025-04-04,Pune,72,28.48,0.0,9.79
2025-04-05,Pune,72,30.12,0.0,10.46
2025-04-06,Pune,72,29.21,0.0,10.11
2025-04-07,Pune,72,29.81,0.0,13.84
2025-04-08,Pune,72,32.21,0.0,14.49
2025-04-09,Pune,72,34.3,0.0,11.43
2025-04-10,Pune,72,30.32,0.0,11.75
2025-04-11,Pune,72,31.26,0.0,8.46
2025-04-12,Pune,72,30.21,0.0,15.37
2025-04-13,Pune,72,31.84,0.0,15.48
2025-04-14,Pune,72,30.06,0.0,11.51
2025-04-15,Pune,72,29.62,0.0,7.43
2025-04-16,Pune,72,31.31,0.0,12.97
2025-04-17,Pune,72,27.8,0.0,14.59
2025-04-18,Pune,72,31.35,0.0,10.61
2025-04-19,Pune,72,27.94,0.0,8.18
2025-04-20,Pune,72,25.61,0.0,12.21
2025-04-21,Pune,72,27.34,0.0,11.55
2025-04-22,Pune,72,28.42,0.0,11.22
2025-04-23,Pune,72,29.79,0.0,8.76
2025-04-24,Pune,72,30.55,0.0,15.08
2025-04-25,Pune,72,27.93,0.0,11.56
2025-04-26,Pune,72,27.81,0.0,7.32
2025-04-27,Pune,72,29.9,0.0,11.54
2025-04-28,Pune,72,30.42,0.0,16.25
2025-04-29,Pune,72,29.79,0.0,16.58
2025-04-30,Pune,72,31.67,0.0,10.04
2025-05-01,Pune,72,33.97,0.0,16.46
2025-05-02,Pune,72,31.13,0.0,17.4
2025-05-03,Pune,72,29.75,0.0,16.86
2025-05-04,Pune,72,29.03,0.0,11.3
2025-05-05,Pune,72,29.7,0.0,12.92
2025-05-06,Pune,72,31.26,13.93,11.7
2025-05-07,Pune,72,32.7,0.0,7.42
2025-05-08,Pune,72,32.47,0.0,15.22
2025-05-09,Pune,72,32.13,0.0,9.5
2025-05-10,Pune,72,29.97,0.0,12.28
2025-05-11,Pune,72,32.95,0.0,12.54
2025-05-12,Pune,72,37.02,0.0,11.08
2025-05-13,Pune,72,32.26,0.0,10.41
2025-05-14,Pune,72,33.5,0.0,15.17
2025-05-15,Pune,72,34.25,0.0,9.37
2025-05-16,Pune,72,31.75,0.0,14.77
2025-05-17,Pune,72,32.43,0.0,15.9
2025-05-18,Pune,72,33.19,0.0,5.58
2025-05-19,Pune,72,30.66,0.0,16.04
2025-05-20,Pune,72,30.09,0.0,14.14
2025-05-21,Pune,72,33.28,0.0,16.14
2025-05-22,Pune,72,33.43,0.0,12.46
2025-05-23,Pune,72,33.93,0.0,10.93
2025-05-24,Pune,72,33.08,0.0,13.0
2025-05-25,Pune,72,33.36,0.0,11.7
2025-05-26,Pune,72,33.24,0.0,13.12
2025-05-27,Pune,72,32.75,0.0,12.01
2025-05-28,Pune,72,36.99,0.0,9.38
2025-05-29,Pune,72,36.76,0.0,12.38
2025-05-30,Pune,72,33.9,0.0,13.65
2025-05-31,Pune,72,35.15,0.0,10.42
2025-06-01,Pune,72,32.59,3.59,9.34
2025-06-02,Pune,72,29.53,0.05,17.54
2025-06-03,Pune,72,26.95,16.34,16.98
2025-06-04,Pune,72,28.04,0.0,16.83
2025-06-05,Pune,72,28.43,0.0,11.2
2025-06-06,Pune,72,28.07,0.0,18.55
2025-06-07,Pune,72,28.08,0.0,15.38
2025-06-08,Pune,72,27.04,0.0,20.61
2025-06-09,Pune,72,28.6,0.0,21.66
2025-06-10,Pune,72,28.97,0.0,13.95
2025-06-11,Pune,72,25.23,0.0,14.78
2025-06-12,Pune,72,24.32,0.0,17.64
2025-06-13,Pune,72,27.85,0.0,16.1
2025-06-14,Pune,72,26.24,4.18,13.12
2025-06-15,Pune,72,26.71,0.0,15.53
2025-06-16,Pune,72,26.26,0.0,13.42
2025-06-17,Pune,72,26.31,0.0,14.41
2025-06-18,Pune,72,25.26,0.0,14.08
2025-06-19,Pune,72,26.79,0.0,11.39
2025-06-20,Pune,72,29.21,0.0,17.23
2025-06-21,Pune,72,28.43,31.35,23.04
2025-06-22,Pune,72,27.91,27.48,19.91
2025-06-23,Pune,72,29.31,4.06,17.9
2025-06-24,Pune,72,29.36,0.0,18.05
2025-06-25,Pune,72,29.67,0.0,15.34
2025-06-26,Pune,72,28.98,0.0,13.28
2025-06-27,Pune,72,30.81,0.0,13.88
2025-06-28,Pune,72,31.4,0.0,16.15
2025-06-29,Pune,72,28.19,0.0,17.88
2025-06-30,Pune,72,27.92,0.0,11.72
2025-07-01,Pune,72,28.16,0.0,15.88
2025-07-02,Pune,72,24.84,0.0,14.47
2025-07-03,Pune,72,26.92,1.05,19.75
2025-07-04,Pune,72,25.23,41.19,23.17
2025-07-05,Pune,72,24.77,4.11,17.88
2025-07-06,Pune,72,25.18,8.16,17.45
2025-07-07,Pune,72,27.15,32.26,18.59
2025-07-08,Pune,72,26.65,0.0,19.1
2025-07-09,Pune,72,24.7,0.0,13.0
2025-07-10,Pune,72,25.15,0.0,15.67
2025-07-11,Pune,72,24.58,9.73,23.86
2025-07-12,Pune,72,26.26,16.46,23.72
2025-07-13,Pune,72,25.42,18.16,25.18
2025-07-14,Pune,72,29.53,0.02,17.55
2025-07-15,Pune,72,23.08,1.09,14.58
2025-07-16,Pune,72,26.81,2.71,14.06
2025-07-17,Pune,72,25.62,7.2,24.22
2025-07-18,Pune,72,26.58,6.24,25.37
2025-07-19,Pune,72,24.19,9.04,23.38
2025-07-20,Pune,72,25.1,16.65,25.06
2025-07-21,Pune,72,23.71,0.69,14.8
2025-07-22,Pune,72,21.79,5.96,12.26
2025-07-23,Pune,72,28.08,0.0,12.91
2025-07-24,Pune,72,26.48,0.0,15.53
2025-07-25,Pune,72,24.67,0.0,17.86
2025-07-26,Pune,72,24.21,0.0,16.67
2025-07-27,Pune,72,22.68,0.0,12.34
2025-07-28,Pune,72,26.08,5.23,21.28
2025-07-29,Pune,72,25.78,13.72,15.14
2025-07-30,Pune,72,27.42,10.25,17.52
2025-07-31,Pune,72,25.26,24.72,21.49
2025-08-01,Pune,72,24.82,3.23,14.42
2025-08-02,Pune,72,24.47,25.74,18.75
2025-08-03,Pune,72,24.61,3.96,13.08
2025-08-04,Pune,72,22.89,0.0,16.45
2025-08-05,Pune,72,23.86,0.0,15.09
2025-08-06,Pune,72,23.76,0.0,12.13
2025-08-07,Pune,72,21.43,0.0,10.72
2025-08-08,Pune,72,24.81,0.0,7.26
2025-08-09,Pune,72,25.8,0.0,13.62
2025-08-10,Pune,72,23.41,0.0,10.95
2025-08-11,Pune,72,26.12,0.0,15.22
2025-08-12,Pune,72,24.26,0.0,11.22
2025-08-13,Pune,72,25.81,0.0,12.67
2025-08-14,Pune,72,28.78,0.0,12.96
2025-08-15,Pune,72,28.69,0.0,16.55
2025-08-16,Pune,72,28.39,0.0,11.59
2025-08-17,Pune,72,27.14,0.0,12.49
2025-08-18,Pune,72,27.05,0.0,15.12
2025-08-19,Pune,72,27.19,0.0,16.86
2025-08-20,Pune,72,30.28,0.0,14.63
2025-08-21,Pune,72,27.51,23.8,17.32
2025-08-22,Pune,72,24.76,0.66,13.1
2025-08-23,Pune,72,23.97,18.38,14.53
2025-08-24,Pune,72,24.96,0.0,8.03
2025-08-25,Pune,72,24.72,0.98,12.75
2025-08-26,Pune,72,26.17,0.68,11.4
2025-08-27,Pune,72,26.26,3.46,14.64
2025-08-28,Pune,72,25.07,0.0,12.52
2025-08-29,Pune,72,26.58,0.0,11.04
2025-08-30,Pune,72,25.5,0.0,9.67
2025-08-31,Pune,72,25.54,0.0,14.7
2025-09-01,Pune,72,26.21,0.0,14.73
2025-09-02,Pune,72,26.04,4.9,14.63
2025-09-03,Pune,72,24.46,6.13,13.17
2025-09-04,Pune,72,23.8,4.55,12.08
2025-09-05,Pune,72,21.8,18.12,19.46
2025-09-06,Pune,72,25.61,0.0,9.4
2025-09-07,Pune,72,22.45,0.0,7.16
2025-09-08,Pune,72,24.9,0.0,9.48
2025-09-09,Pune,72,22.15,0.0,8.3
2025-09-10,Pune,72,23.71,0.0,10.55
2025-09-11,Pune,72,22.26,0.0,13.35
2025-09-12,Pune,72,24.59,0.0,13.1
2025-09-13,Pune,72,25.38,3.69,10.36
2025-09-14,Pune,72,27.24,0.0,14.92
2025-09-15,Pune,72,24.41,0.0,14.99
2025-09-16,Pune,72,26.16,0.0,9.85
2025-09-17,Pune,72,25.17,0.0,11.47
2025-09-18,Pune,72,28.16,5.85,13.49
2025-09-19,Pune,72,25.97,0.0,9.83
2025-09-20,Pune,72,25.34,0.0,11.43
2025-09-21,Pune,72,25.96,0.0,11.03
2025-09-22,Pune,72,26.9,0.0,9.49
2025-09-23,Pune,72,24.08,0.0,9.58
2025-09-24,Pune,72,27.27,0.0,10.77
2025-09-25,Pune,72,23.87,0.0,10.95
2025-09-26,Pune,72,26.02,0.0,11.34
2025-09-27,Pune,72,23.21,6.95,13.91
2025-09-28,Pune,72,25.43,42.82,13.85
2025-09-29,Pune,72,24.44,0.25,11.85
2025-09-30,Pune,72,25.07,14.02,9.62
2023-01-01,Pune,120,20.92,0.0,7.05
2023-01-02,Pune,120,20.58,0.0,2.93
2023-01-03,Pune,120,21.36,0.0,4.95
2023-01-04,Pune,120,20.1,0.0,9.71
2023-01-05,Pune,120,20.07,0.0,4.17
2023-01-06,Pune,120,20.17,0.0,7.09
2023-01-07,Pune,120,17.88,0.0,10.58
2023-01-08,Pune,120,21.44,0.0,13.08
2023-01-09,Pune,120,21.56,0.0,12.94
2023-01-10,Pune,120,18.86,0.0,11.34
2023-01-11,Pune,120,20.93,0.0,7.37
2023-01-12,Pune,120,21.79,0.0,6.27
2023-01-13,Pune,120,18.85,0.0,11.64
2023-01-14,Pune,120,21.86,0.0,3.45
2023-01-15,Pune,120,19.6,0.0,5.16
2023-01-16,Pune,120,20.85,0.0,3.01
2023-01-17,Pune,120,21.03,5.07,6.59
2023-01-18,Pune,120,20.43,0.0,13.39
2023-01-19,Pune,120,19.9,0.0,12.87
2023-01-20,Pune,120,13.93,0.0,6.14
2023-01-21,Pune,120,17.35,0.0,1.86
2023-01-22,Pune,120,17.09,0.0,6.0
2023-01-23,Pune,120,18.35,0.0,8.62
2023-01-24,Pune,120,18.82,0.0,14.03
2023-01-25,Pune,120,18.65,0.0,6.76
2023-01-26,Pune,120,21.24,0.0,8.72
2023-01-27,Pune,120,20.77,0.0,10.8
2023-01-28,Pune,120,16.13,0.0,1.01
2023-01-29,Pune,120,16.18,0.0,12.23
2023-01-30,Pune,120,20.43,0.0,13.37
2023-01-31,Pune,120,20.26,0.0,7.75
2023-02-01,Pune,120,16.84,0.0,5.88
2023-02-02,Pune,120,18.31,0.0,10.98
2023-02-03,Pune,120,21.77,0.0,8.41
2023-02-04,Pune,120,19.97,0.0,6.27
2023-02-05,Pune,120,18.71,0.0,9.95
2023-02-06,Pune,120,21.9,0.0,13.51
2023-02-07,Pune,120,23.28,0.0,5.7
2023-02-08,Pune,120,24.03,0.0,7.67
2023-02-09,Pune,120,22.21,0.0,7.42
2023-02-10,Pune,120,22.01,0.0,8.8
2023-02-11,Pune,120,21.72,0.0,8.9
2023-02-12,Pune,120,21.92,0.0,8.19
2023-02-13,Pune,120,21.98,0.0,10.29
2023-02-14,Pune,120,26.32,0.0,8.02
2023-02-15,Pune,120,28.19,0.0,11.57
2023-02-16,Pune,120,21.56,0.0,12.13
2023-02-17,Pune,120,20.53,0.0,8.92
2023-02-18,Pune,120,23.04,0.0,8.96
2023-02-19,Pune,120,21.96,0.0,6.42
2023-02-20,Pune,120,24.35,0.0,6.02
2023-02-21,Pune,120,22.3,0.0,14.58
2023-02-22,Pune,120,23.2,0.0,14.25
2023-02-23,Pune,120,22.2,0.0,3.66
2023-02-24,Pune,120,23.97,0.0,6.81
2023-02-25,Pune,120,20.78,0.0,9.58
2023-02-26,Pune,120,24.16,0.0,12.39
2023-02-27,Pune,120,21.66,0.0,3.62
2023-02-28,Pune,120,22.86,0.0,6.02
2023-03-01,Pune,120,28.44,0.0,3.99
2023-03-02,Pune,120,27.23,0.0,11.6
2023-03-03,Pune,120,27.17,0.0,8.56
2023-03-04,Pune,120,26.36,0.0,8.24
2023-03-05,Pune,120,26.33,0.0,4.92
2023-03-06,Pune,120,24.78,0.0,10.92
2023-03-07,Pune,120,24.62,0.0,4.77
2023-03-08,Pune,120,25.14,0.0,12.13
2023-03-09,Pune,120,30.31,0.0,8.47
2023-03-10,Pune,120,29.89,0.0,15.23
2023-03-11,Pune,120,25.49,0.0,13.79
2023-03-12,Pune,120,23.4,0.0,11.49
2023-03-13,Pune,120,28.75,0.0,10.86
2023-03-14,Pune,120,24.63,0.0,18.44
2023-03-15,Pune,120,25.34,0.82,18.93
2023-03-16,Pune,120,27.21,0.0,9.61
2023-03-17,Pune,120,23.74,0.0,17.12
2023-03-18,Pune,120,26.73,0.0,5.89
2023-03-19,Pune,120,27.56,0.0,12.16
2023-03-20,Pune,120,29.18,0.0,12.6
2023-03-21,Pune,120,26.42,0.0,9.94
2023-03-22,Pune,120,28.48,0.0,4.63
2023-03-23,Pune,120,27.48,0.0,1.89
2023-03-24,Pune,120,27.0,0.0,9.02
2023-03-25,Pune,120,27.71,0.0,1.26
2023-03-26,Pune,120,26.21,0.0,6.38
2023-03-27,Pune,120,25.71,0.0,8.3
2023-03-28,Pune,120,25.07,0.0,3.17
2023-03-29,Pune,120,27.12,0.0,4.31
2023-03-30,Pune,120,27.81,0.0,5.37
2023-03-31,Pune,120,27.61,0.0,8.18
2023-04-01,Pune,120,31.54,0.0,17.72
2023-04-02,Pune,120,33.86,0.0,15.22
2023-04-03,Pune,120,33.26,0.0,10.61
2023-04-04,Pune,120,32.87,0.0,19.17
2023-04-05,Pune,120,32.39,0.0,17.78
2023-04-06,Pune,120,31.48,0.0,15.72
2023-04-07,Pune,120,33.39,0.0,14.95
2023-04-08,Pune,120,30.47,0.0,13.23
2023-04-09,Pune,120,33.22,0.0,13.72
2023-04-10,Pune,120,27.77,0.0,10.25
2023-04-11,Pune,120,28.06,0.0,12.28
2023-04-12,Pune,120,28.07,0.0,10.5
2023-04-13,Pune,120,26.03,0.0,11.54
2023-04-14,Pune,120,28.17,0.0,2.75
2023-04-15,Pune,120,30.0,0.0,6.23
2023-04-16,Pune,120,30.09,0.0,15.72
2023-04-17,Pune,120,29.62,0.0,15.98
2023-04-18,Pune,120,35.12,0.0,5.14
2023-04-19,Pune,120,29.41,0.0,4.34
2023-04-20,Pune,120,32.08,0.0,12.32
2023-04-21,Pune,120,29.95,0.0,8.85
2023-04-22,Pune,120,32.22,0.0,9.64
2023-04-23,Pune,120,31.44,11.72,23.22
2023-04-24,Pune,120,29.24,0.0,13.27
2023-04-25,Pune,120,33.1,0.0,11.48
2023-04-26,Pune,120,32.71,0.0,15.8
2023-04-27,Pune,120,26.67,0.0,6.19
2023-04-28,Pune,120,30.05,0.0,8.67
2023-04-29,Pune,120,28.92,0.0,23.63
2023-04-30,Pune,120,28.23,0.0,15.4
2023-05-01,Pune,120,32.49,0.0,19.9
2023-05-02,Pune,120,33.12,0.0,10.71
2023-05-03,Pune,120,31.62,0.0,21.39
2023-05-04,Pune,120,32.32,0.0,10.72
2023-05-05,Pune,120,32.51,0.0,17.91
2023-05-06,Pune,120,28.07,4.51,17.08
2023-05-07,Pune,120,32.2,0.0,12.3
2023-05-08,Pune,120,31.97,0.0,16.72
2023-05-09,Pune,120,25.07,0.0,4.87
2023-05-10,Pune,120,28.26,0.0,17.4
2023-05-11,Pune,120,32.66,0.0,10.44
2023-05-12,Pune,120,30.41,0.0,11.42
2023-05-13,Pune,120,30.17,0.0,8.33
2023-05-14,Pune,120,34.04,0.0,6.65
2023-05-15,Pune,120,31.53,0.0,7.65
2023-05-16,Pune,120,29.11,0.0,7.1
2023-05-17,Pune,120,34.92,0.0,15.08
2023-05-18,Pune,120,32.75,0.0,9.53
2023-05-19,Pune,120,32.85,0.0,8.89
2023-05-20,Pune,120,30.18,0.0,6.51
2023-05-21,Pune,120,32.03,0.0,19.66
2023-05-22,Pune,120,32.82,0.0,17.38
2023-05-23,Pune,120,30.19,0.0,3.25
2023-05-24,Pune,120,31.23,0.0,11.57
2023-05-25,Pune,120,33.45,0.0,20.61
2023-05-26,Pune,120,33.21,0.0,12.3
2023-05-27,Pune,120,26.95,0.0,13.12
2023-05-28,Pune,120,32.41,0.0,10.55
2023-05-29,Pune,120,30.98,0.0,18.13
2023-05-30,Pune,120,31.82,0.0,22.58
2023-05-31,Pune,120,32.98,0.0,11.89
2023-06-01,Pune,120,29.28,0.0,8.48
2023-06-02,Pune,120,27.34,0.0,14.09
2023-06-03,Pune,120,24.29,4.9,13.5
2023-06-04,Pune,120,26.32,0.0,12.32
2023-06-05,Pune,120,26.79,0.0,19.72
2023-06-06,Pune,120,27.86,1.57,17.06
2023-06-07,Pune,120,24.59,49.91,19.94
2023-06-08,Pune,120,24.64,0.17,17.17
2023-06-09,Pune,120,27.29,0.0,23.03
2023-06-10,Pune,120,27.31,13.53,13.99
2023-06-11,Pune,120,22.0,0.0,17.47
2023-06-12,Pune,120,28.47,0.0,13.47
2023-06-13,Pune,120,28.42,2.42,18.64
2023-06-14,Pune,120,26.08,3.74,14.85
2023-06-15,Pune,120,24.2,1.01,14.73
2023-06-16,Pune,120,26.09,0.0,11.36
2023-06-17,Pune,120,27.46,53.36,20.1
2023-06-18,Pune,120,24.58,1.34,15.7
2023-06-19,Pune,120,23.13,0.0,12.71
2023-06-20,Pune,120,27.06,0.0,18.07
2023-06-21,Pune,120,25.71,0.0,11.19
2023-06-22,Pune,120,26.43,0.0,16.45
2023-06-23,Pune,120,23.42,0.0,10.79
2023-06-24,Pune,120,26.87,0.0,6.29
2023-06-25,Pune,120,26.26,7.77,8.89
2023-06-26,Pune,120,16.83,40.73,21.16
2023-06-27,Pune,120,26.73,0.0,13.91
2023-06-28,Pune,120,27.37,18.26,18.1
2023-06-29,Pune,120,25.06,9.69,14.79
2023-06-30,Pune,120,23.0,0.0,12.96
2023-07-01,Pune,120,24.45,0.0,9.85
2023-07-02,Pune,120,27.63,0.0,14.66
2023-07-03,Pune,120,25.53,13.69,18.81
2023-07-04,Pune,120,28.51,1.5,16.64
2023-07-05,Pune,120,25.14,46.67,19.54
2023-07-06,Pune,120,24.33,0.0,13.8
2023-07-07,Pune,120,24.74,0.0,17.0
2023-07-08,Pune,120,29.03,163.41,27.23
2023-07-09,Pune,120,24.31,0.0,15.45
2023-07-10,Pune,120,24.55,0.0,19.57
2023-07-11,Pune,120,23.22,0.0,20.44
2023-07-12,Pune,120,25.78,0.0,10.8
2023-07-13,Pune,120,26.36,0.0,13.22
2023-07-14,Pune,120,23.25,0.0,13.46
2023-07-15,Pune,120,24.19,0.0,10.77
2023-07-16,Pune,120,29.77,135.62,20.89
2023-07-17,Pune,120,27.43,0.0,15.64
2023-07-18,Pune,120,27.74,6.01,26.67
2023-07-19,Pune,120,25.97,3.25,19.65
2023-07-20,Pune,120,28.35,0.0,24.91
2023-07-21,Pune,120,24.49,0.0,17.17
2023-07-22,Pune,120,28.48,0.0,17.55
2023-07-23,Pune,120,28.21,0.0,17.73
2023-07-24,Pune,120,27.25,0.0,16.89
2023-07-25,Pune,120,30.37,0.0,30.43
2023-07-26,Pune,120,29.2,0.0,23.52
2023-07-27,Pune,120,26.39,0.0,16.3
2023-07-28,Pune,120,26.47,0.0,10.38
2023-07-29,Pune,120,25.56,21.31,17.54
2023-07-30,Pune,120,23.03,0.0,19.18
2023-07-31,Pune,120,27.34,13.21,13.75
2023-08-01,Pune,120,24.31,5.5,12.67
2023-08-02,Pune,120,23.47,0.0,17.67
2023-08-03,Pune,120,23.33,0.0,16.69
2023-08-04,Pune,120,19.63,0.0,13.75
2023-08-05,Pune,120,21.9,0.0,18.76
2023-08-06,Pune,120,24.26,1.45,19.31
2023-08-07,Pune,120,22.47,1.09,20.03
2023-08-08,Pune,120,21.54,8.5,14.58
2023-08-09,Pune,120,20.83,0.24,12.31
2023-08-10,Pune,120,21.12,3.43,16.45
2023-08-11,Pune,120,20.65,0.0,17.59
2023-08-12,Pune,120,20.8,0.0,13.73
2023-08-13,Pune,120,21.81,0.0,17.97
2023-08-14,Pune,120,25.18,0.0,14.2
2023-08-15,Pune,120,23.67,1.47,12.42
2023-08-16,Pune,120,25.16,0.0,13.19
2023-08-17,Pune,120,22.23,0.73,14.82
2023-08-18,Pune,120,24.43,1.27,7.6
2023-08-19,Pune,120,20.88,3.02,15.82
2023-08-20,Pune,120,24.19,0.0,13.98
2023-08-21,Pune,120,21.99,41.52,20.5
2023-08-22,Pune,120,25.49,0.0,19.36
2023-08-23,Pune,120,22.05,10.33,11.94
2023-08-24,Pune,120,25.01,0.0,16.27
2023-08-25,Pune,120,24.52,0.0,14.87
2023-08-26,Pune,120,23.22,0.0,12.71
2023-08-27,Pune,120,27.12,0.0,15.7
2023-08-28,Pune,120,24.14,2.24,12.23
2023-08-29,Pune,120,23.68,0.0,17.07
2023-08-30,Pune,120,24.37,0.0,12.86
2023-08-31,Pune,120,24.82,52.05,20.25
2023-09-01,Pune,120,23.5,0.0,3.99
2023-09-02,Pune,120,22.64,5.0,16.09
2023-09-03,Pune,120,21.76,1.29,6.31
2023-09-04,Pune,120,24.46,0.0,23.47
2023-09-05,Pune,120,24.48,35.06,19.4
2023-09-06,Pune,120,21.8,0.0,7.84
2023-09-07,Pune,120,23.68,0.0,4.52
2023-09-08,Pune,120,18.92,0.0,12.13
2023-09-09,Pune,120,15.85,0.0,15.18
2023-09-10,Pune,120,19.98,0.0,9.84
2023-09-11,Pune,120,25.58,0.0,11.27
2023-09-12,Pune,120,21.59,0.0,11.23
2023-09-13,Pune,120,22.16,0.0,16.28
2023-09-14,Pune,120,21.92,0.0,13.12
2023-09-15,Pune,120,25.9,15.55,5.81
2023-09-16,Pune,120,25.95,4.89,15.18
2023-09-17,Pune,120,23.9,3.34,16.42
2023-09-18,Pune,120,26.3,6.69,11.86
2023-09-19,Pune,120,24.96,0.0,12.42
2023-09-20,Pune,120,27.18,0.0,15.52
2023-09-21,Pune,120,29.35,0.0,10.43
2023-09-22,Pune,120,22.38,0.0,9.07
2023-09-23,Pune,120,22.28,0.0,15.6
2023-09-24,Pune,120,23.05,0.0,13.26
2023-09-25,Pune,120,22.4,0.0,13.22
2023-09-26,Pune,120,26.07,0.0,4.92
2023-09-27,Pune,120,24.49,0.0,11.11
2023-09-28,Pune,120,27.33,0.0,20.24
2023-09-29,Pune,120,26.95,7.38,3.67
2023-09-30,Pune,120,23.68,0.0,8.94
2023-10-01,Pune,120,26.32,0.0,13.6
2023-10-02,Pune,120,29.18,0.0,7.48
2023-10-03,Pune,120,27.77,0.0,13.54
2023-10-04,Pune,120,26.81,0.0,18.26
2023-10-05,Pune,120,28.85,0.0,9.52
2023-10-06,Pune,120,23.5,0.0,9.4
2023-10-07,Pune,120,24.91,0.0,12.24
2023-10-08,Pune,120,24.99,0.0,8.07
2023-10-09,Pune,120,24.51,0.0,14.7
2023-10-10,Pune,120,23.36,0.0,10.37
2023-10-11,Pune,120,24.69,15.05,13.31
2023-10-12,Pune,120,24.54,0.0,7.48
2023-10-13,Pune,120,24.25,0.0,5.2
2023-10-14,Pune,120,29.54,0.0,3.89
2023-10-15,Pune,120,29.44,0.0,6.74
2023-10-16,Pune,120,30.9,0.0,16.18
2023-10-17,Pune,120,28.98,18.8,15.75
2023-10-18,Pune,120,26.13,0.0,10.21
2023-10-19,Pune,120,22.6,0.0,10.27
2023-10-20,Pune,120,24.66,0.0,9.76
2023-10-21,Pune,120,24.38,0.0,15.02
2023-10-22,Pune,120,27.48,0.0,7.47
2023-10-23,Pune,120,25.3,0.0,2.39
2023-10-24,Pune,120,28.02,0.0,11.32
2023-10-25,Pune,120,28.08,0.0,2.59
2023-10-26,Pune,120,26.02,0.0,6.72
2023-10-27,Pune,120,25.56,0.0,8.06
2023-10-28,Pune,120,26.33,0.0,3.97
2023-10-29,Pune,120,28.97,0.0,4.04
2023-10-30,Pune,120,27.53,0.0,6.63
2023-10-31,Pune,120,30.44,0.0,9.9
2023-11-01,Pune,120,21.98,0.0,6.82
2023-11-02,Pune,120,21.63,0.0,1.39
2023-11-03,Pune,120,23.7,0.0,3.16
2023-11-04,Pune,120,24.36,0.0,6.76
2023-11-05,Pune,120,24.73,0.0,11.35
2023-11-06,Pune,120,24.58,0.0,16.01
2023-11-07,Pune,120,21.7,0.0,11.5
2023-11-08,Pune,120,25.1,0.0,6.99
2023-11-09,Pune,120,20.3,0.0,9.87
2023-11-10,Pune,120,23.4,0.0,7.34
2023-11-11,Pune,120,22.78,0.0,2.83
2023-11-12,Pune,120,20.2,0.0,1.04
2023-11-13,Pune,120,20.32,0.0,2.15
2023-11-14,Pune,120,21.25,0.0,8.52
2023-11-15,Pune,120,23.26,0.0,9.92
2023-11-16,Pune,120,21.46,0.0,3.18
2023-11-17,Pune,120,22.16,0.0,3.98
2023-11-18,Pune,120,21.07,33.06,14.08
2023-11-19,Pune,120,21.75,0.0,0.36
2023-11-20,Pune,120,23.69,0.0,4.35
2023-11-21,Pune,120,24.76,0.0,7.34
2023-11-22,Pune,120,24.67,0.0,10.56
2023-11-23,Pune,120,24.01,0.0,1.64
2023-11-24,Pune,120,21.88,0.0,9.97
2023-11-25,Pune,120,22.91,0.0,0.05
2023-11-26,Pune,120,24.46,0.0,13.01
2023-11-27,Pune,120,21.85,0.0,10.09
2023-11-28,Pune,120,24.74,0.0,6.69
2023-11-29,Pune,120,22.75,0.0,9.03
2023-11-30,Pune,120,22.53,0.0,7.1
2023-12-01,Pune,120,18.67,0.0,0.54
2023-12-02,Pune,120,17.7,0.0,7.34
2023-12-03,Pune,120,18.46,0.0,5.53
2023-12-04,Pune,120,19.69,0.0,7.89
2023-12-05,Pune,120,18.88,0.0,10.84
2023-12-06,Pune,120,19.72,0.0,2.77
2023-12-07,Pune,120,23.57,0.0,8.41
2023-12-08,Pune,120,24.47,0.0,9.99
2023-12-09,Pune,120,21.19,0.0,14.05
2023-12-10,Pune,120,24.95,0.0,0.0
2023-12-11,Pune,120,22.65,0.0,9.58
2023-12-12,Pune,120,22.57,0.0,13.21
2023-12-13,Pune,120,22.25,0.0,10.39
2023-12-14,Pune,120,20.99,0.0,7.3
2023-12-15,Pune,120,22.06,0.0,8.96
2023-12-16,Pune,120,21.22,0.0,0.83
2023-12-17,Pune,120,23.36,0.0,12.76
2023-12-18,Pune,120,23.17,0.0,0.96
2023-12-19,Pune,120,16.71,0.0,0.0
2023-12-20,Pune,120,21.52,0.0,8.43
2023-12-21,Pune,120,20.11,0.0,11.01
2023-12-22,Pune,120,18.61,0.0,8.2
2023-12-23,Pune,120,24.09,0.0,10.83
2023-12-24,Pune,120,21.66,0.0,2.63
2023-12-25,Pune,120,24.32,0.0,6.41
2023-12-26,Pune,120,19.7,0.0,6.08
2023-12-27,Pune,120,20.13,0.0,4.95
2023-12-28,Pune,120,18.94,0.0,6.0
2023-12-29,Pune,120,23.53,0.0,4.43
2023-12-30,Pune,120,20.58,0.0,7.93
2023-12-31,Pune,120,22.33,0.0,12.38
2024-01-01,Pune,120,22.49,0.0,6.0
2024-01-02,Pune,120,21.97,0.0,3.75
2024-01-03,Pune,120,20.53,0.0,6.62
2024-01-04,Pune,120,18.07,0.0,1.96
2024-01-05,Pune,120,20.87,0.0,7.77
2024-01-06,Pune,120,20.49,0.0,9.59
2024-01-07,Pune,120,18.43,0.0,7.8
2024-01-08,Pune,120,19.61,0.0,6.39
2024-01-09,Pune,120,18.82,0.0,11.14
2024-01-10,Pune,120,17.33,0.0,5.49
2024-01-11,Pune,120,18.06,0.0,12.47
2024-01-12,Pune,120,24.74,0.0,5.92
2024-01-13,Pune,120,19.68,0.0,4.82
2024-01-14,Pune,120,19.82,0.0,13.07
2024-01-15,Pune,120,20.49,0.0,4.43
2024-01-16,Pune,120,21.11,0.0,3.8
2024-01-17,Pune,120,20.5,0.0,0.54
2024-01-18,Pune,120,16.47,0.0,4.19
2024-01-19,Pune,120,21.49,0.0,12.75
2024-01-20,Pune,120,18.51,0.0,10.33
2024-01-21,Pune,120,17.99,0.0,8.46
2024-01-22,Pune,120,23.6,0.0,1.75
2024-01-23,Pune,120,22.58,0.0,9.61
2024-01-24,Pune,120,18.66,0.0,5.28
2024-01-25,Pune,120,17.62,0.0,8.96
2024-01-26,Pune,120,21.41,0.0,3.02
2024-01-27,Pune,120,20.0,0.0,6.97
2024-01-28,Pune,120,21.12,0.0,3.67
2024-01-29,Pune,120,19.56,0.0,0.0
2024-01-30,Pune,120,16.8,0.0,0.0
2024-01-31,Pune,120,20.42,0.0,8.36
2024-02-01,Pune,120,22.18,0.0,6.55
2024-02-02,Pune,120,20.52,0.0,6.87
2024-02-03,Pune,120,24.91,0.0,2.79
2024-02-04,Pune,120,21.84,0.0,14.48
2024-02-05,Pune,120,20.69,0.0,4.8
2024-02-06,Pune,120,22.27,0.0,1.26
2024-02-07,Pune,120,21.05,0.0,6.34
2024-02-08,Pune,120,20.78,0.0,6.8
2024-02-09,Pune,120,23.28,0.0,14.27
2024-02-10,Pune,120,21.96,0.0,13.67
2024-02-11,Pune,120,24.65,0.0,14.74
2024-02-12,Pune,120,21.69,0.0,7.21
2024-02-13,Pune,120,23.8,0.0,15.55
2024-02-14,Pune,120,26.23,0.0,10.86
2024-02-15,Pune,120,23.49,0.0,13.38
2024-02-16,Pune,120,26.57,0.0,5.9
2024-02-17,Pune,120,22.18,0.0,7.41
2024-02-18,Pune,120,27.76,0.0,6.18
2024-02-19,Pune,120,23.34,0.0,6.44
2024-02-20,Pune,120,23.09,0.0,7.72
2024-02-21,Pune,120,22.44,0.0,10.56
2024-02-22,Pune,120,25.24,0.0,5.41
2024-02-23,Pune,120,24.35,0.0,3.38
2024-02-24,Pune,120,26.31,0.0,8.34
2024-02-25,Pune,120,26.96,0.0,8.65
2024-02-26,Pune,120,20.48,0.0,2.15
2024-02-27,Pune,120,19.58,0.0,10.79
2024-02-28,Pune,120,19.67,0.0,10.82
2024-02-29,Pune,120,23.74,0.0,12.28
2024-03-01,Pune,120,25.99,0.0,14.06
2024-03-02,Pune,120,27.94,0.0,3.46
2024-03-03,Pune,120,30.81,0.0,10.76
2024-03-04,Pune,120,26.34,0.0,6.96
2024-03-05,Pune,120,23.49,0.0,2.46
2024-03-06,Pune,120,26.41,0.0,13.74
2024-03-07,Pune,120,29.05,0.0,3.81
2024-03-08,Pune,120,29.0,0.0,7.85
2024-03-09,Pune,120,24.95,0.0,11.43
2024-03-10,Pune,120,25.47,0.0,9.34
2024-03-11,Pune,120,25.09,0.0,8.83
2024-03-12,Pune,120,24.75,0.0,12.16
2024-03-13,Pune,120,24.25,0.0,12.92
2024-03-14,Pune,120,25.28,0.0,8.5
2024-03-15,Pune,120,27.29,0.0,13.3
2024-03-16,Pune,120,27.84,0.0,8.63
2024-03-17,Pune,120,25.0,0.0,5.07
2024-03-18,Pune,120,23.4,0.0,14.45
2024-03-19,Pune,120,24.92,0.0,8.06
2024-03-20,Pune,120,23.72,0.0,2.84
2024-03-21,Pune,120,25.56,0.0,5.48
2024-03-22,Pune,120,26.17,0.0,5.9
2024-03-23,Pune,120,25.92,0.67,3.74
2024-03-24,Pune,120,27.33,0.0,6.36
2024-03-25,Pune,120,25.2,0.0,10.66
2024-03-26,Pune,120,25.38,0.0,10.14
2024-03-27,Pune,120,26.13,0.0,14.68
2024-03-28,Pune,120,23.25,0.0,6.84
2024-03-29,Pune,120,27.95,0.0,8.33
2024-03-30,Pune,120,25.63,0.0,4.35
2024-03-31,Pune,120,28.51,0.0,19.44
2024-04-01,Pune,120,29.67,0.0,14.94
2024-04-02,Pune,120,31.37,0.0,12.96
2024-04-03,Pune,120,28.93,0.0,14.2
2024-04-04,Pune,120,34.11,0.0,12.1
2024-04-05,Pune,120,29.24,0.0,4.69
2024-04-06,Pune,120,32.12,0.0,6.68
2024-04-07,Pune,120,28.52,0.0,12.22
2024-04-08,Pune,120,28.59,0.0,11.94
2024-04-09,Pune,120,26.76,0.0,8.33
2024-04-10,Pune,120,29.19,0.0,8.39
2024-04-11,Pune,120,28.24,0.0,11.72
2024-04-12,Pune,120,26.59,0.0,2.98
2024-04-13,Pune,120,29.25,0.0,8.28
2024-04-14,Pune,120,28.94,0.0,13.51
2024-04-15,Pune,120,30.82,0.0,15.68
2024-04-16,Pune,120,26.9,0.0,6.68
2024-04-17,Pune,120,27.3,0.0,11.93
2024-04-18,Pune,120,29.53,0.0,13.42
2024-04-19,Pune,120,30.23,0.0,12.51
2024-04-20,Pune,120,27.91,0.0,7.21
2024-04-21,Pune,120,28.76,0.0,5.2
2024-04-22,Pune,120,30.07,0.0,9.11
2024-04-23,Pune,120,27.13,0.0,13.24
2024-04-24,Pune,120,29.83,0.0,12.3
2024-04-25,Pune,120,27.98,0.0,18.88
2024-04-26,Pune,120,29.86,0.0,12.68
2024-04-27,Pune,120,31.71,0.0,13.25
2024-04-28,Pune,120,32.54,0.0,11.89
2024-04-29,Pune,120,28.05,0.0,10.68
2024-04-30,Pune,120,33.7,0.0,15.05
2024-05-01,Pune,120,31.73,3.87,12.23
2024-05-02,Pune,120,28.95,0.0,16.33
2024-05-03,Pune,120,32.91,0.0,15.99
2024-05-04,Pune,120,29.98,0.0,11.99
2024-05-05,Pune,120,28.61,0.0,15.11
2024-05-06,Pune,120,29.99,0.0,13.65
2024-05-07,Pune,120,31.01,0.0,17.54
2024-05-08,Pune,120,26.98,0.0,10.2
2024-05-09,Pune,120,29.35,0.0,16.6
2024-05-10,Pune,120,32.64,0.0,20.99
2024-05-11,Pune,120,26.47,0.0,12.57
2024-05-12,Pune,120,30.39,1.23,7.98
2024-05-13,Pune,120,30.11,24.75,12.96
2024-05-14,Pune,120,30.04,0.0,13.28
2024-05-15,Pune,120,30.79,0.0,8.17
2024-05-16,Pune,120,31.4,0.0,6.69
2024-05-17,Pune,120,29.76,0.0,7.66
2024-05-18,Pune,120,27.54,0.0,10.44
2024-05-19,Pune,120,32.46,0.0,3.9
2024-05-20,Pune,120,31.57,0.0,8.72
2024-05-21,Pune,120,31.99,0.0,10.58
2024-05-22,Pune,120,30.86,0.0,10.65
2024-05-23,Pune,120,28.95,0.0,11.82
2024-05-24,Pune,120,25.85,0.0,20.74
2024-05-25,Pune,120,31.65,0.0,10.02
2024-05-26,Pune,120,31.11,0.0,13.5
2024-05-27,Pune,120,30.82,0.0,17.43
2024-05-28,Pune,120,30.73,0.0,14.8
2024-05-29,Pune,120,29.47,0.0,8.85
2024-05-30,Pune,120,30.32,0.0,14.2
2024-05-31,Pune,120,33.17,0.0,3.6
2024-06-01,Pune,120,25.61,0.94,13.49
2024-06-02,Pune,120,27.27,8.33,17.91
2024-06-03,Pune,120,26.26,116.51,16.86
2024-06-04,Pune,120,26.6,50.07,20.24
2024-06-05,Pune,120,25.48,5.94,16.27
2024-06-06,Pune,120,24.39,23.02,16.78
2024-06-07,Pune,120,26.34,4.22,22.27
2024-06-08,Pune,120,26.36,0.0,15.31
2024-06-09,Pune,120,26.93,3.41,16.8
2024-06-10,Pune,120,27.96,32.21,7.77
2024-06-11,Pune,120,27.54,0.0,6.08
2024-06-12,Pune,120,29.03,0.0,12.72
2024-06-13,Pune,120,28.51,0.0,12.03
2024-06-14,Pune,120,24.27,0.0,19.58
2024-06-15,Pune,120,23.88,0.0,8.56
2024-06-16,Pune,120,24.06,2.84,14.74
2024-06-17,Pune,120,25.19,0.0,19.55
2024-06-18,Pune,120,27.29,0.0,12.43
2024-06-19,Pune,120,25.66,0.0,15.8
2024-06-20,Pune,120,25.74,5.41,20.73
2024-06-21,Pune,120,23.15,0.0,12.74
2024-06-22,Pune,120,23.56,0.0,16.43
2024-06-23,Pune,120,24.26,0.0,13.92
2024-06-24,Pune,120,23.27,0.0,15.34
2024-06-25,Pune,120,18.89,0.0,17.37
2024-06-26,Pune,120,25.31,0.0,13.01
2024-06-27,Pune,120,26.05,0.0,12.15
2024-06-28,Pune,120,23.95,0.0,13.28
2024-06-29,Pune,120,27.61,0.0,14.54
2024-06-30,Pune,120,25.85,0.0,12.2
2024-07-01,Pune,120,24.03,0.0,21.52
2024-07-02,Pune,120,20.05,0.0,4.69
2024-07-03,Pune,120,24.73,0.0,16.73
2024-07-04,Pune,120,22.71,0.0,20.12
2024-07-05,Pune,120,23.65,28.92,16.83
2024-07-06,Pune,120,19.98,21.55,18.94
2024-07-07,Pune,120,21.34,5.91,16.12
2024-07-08,Pune,120,23.21,4.33,26.79
2024-07-09,Pune,120,22.35,0.0,18.58
2024-07-10,Pune,120,25.09,0.0,22.49
2024-07-11,Pune,120,21.97,0.0,14.5
2024-07-12,Pune,120,25.67,0.0,17.92
2024-07-13,Pune,120,25.46,0.0,14.37
2024-07-14,Pune,120,30.08,0.0,13.94
2024-07-15,Pune,120,24.56,0.0,11.34
2024-07-16,Pune,120,26.83,59.75,19.76
2024-07-17,Pune,120,24.41,0.0,14.02
2024-07-18,Pune,120,23.62,0.0,23.03
2024-07-19,Pune,120,26.24,6.87,21.45
2024-07-20,Pune,120,25.96,44.6,23.69
2024-07-21,Pune,120,23.75,11.91,16.83
2024-07-22,Pune,120,27.79,6.82,19.7
2024-07-23,Pune,120,27.85,0.0,25.8
2024-07-24,Pune,120,26.66,8.19,23.97
2024-07-25,Pune,120,24.85,0.0,21.28
2024-07-26,Pune,120,25.87,0.0,19.53
2024-07-27,Pune,120,24.27,0.0,19.76
2024-07-28,Pune,120,22.67,0.0,22.71
2024-07-29,Pune,120,24.18,4.95,19.89
2024-07-30,Pune,120,20.94,0.0,15.09
2024-07-31,Pune,120,17.01,0.0,19.28
2024-08-01,Pune,120,21.72,0.0,20.11
2024-08-02,Pune,120,21.69,22.39,19.68
2024-08-03,Pune,120,23.66,3.58,12.01
2024-08-04,Pune,120,21.85,5.8,13.55
2024-08-05,Pune,120,26.05,7.02,20.12
2024-08-06,Pune,120,26.39,11.63,11.97
2024-08-07,Pune,120,25.4,2.59,10.35
2024-08-08,Pune,120,25.09,29.33,7.44
2024-08-09,Pune,120,24.09,20.45,10.29
2024-08-10,Pune,120,19.84,0.0,10.44
2024-08-11,Pune,120,25.69,25.75,25.7
2024-08-12,Pune,120,25.83,48.5,14.52
2024-08-13,Pune,120,24.73,10.8,17.18
2024-08-14,Pune,120,22.42,2.96,12.33
2024-08-15,Pune,120,25.48,0.0,12.61
2024-08-16,Pune,120,23.96,0.0,19.65
2024-08-17,Pune,120,27.56,0.0,13.57
2024-08-18,Pune,120,24.41,0.0,20.26
2024-08-19,Pune,120,25.73,0.0,17.72
2024-08-20,Pune,120,27.64,0.0,14.13
2024-08-21,Pune,120,21.46,0.0,13.86
2024-08-22,Pune,120,24.54,0.0,16.82
2024-08-23,Pune,120,23.49,0.0,14.56
2024-08-24,Pune,120,18.07,0.0,21.42
2024-08-25,Pune,120,21.53,0.28,12.32
2024-08-26,Pune,120,23.67,0.0,17.81
2024-08-27,Pune,120,24.36,0.0,15.87
2024-08-28,Pune,120,24.78,0.0,16.13
2024-08-29,Pune,120,23.67,2.71,19.01
2024-08-30,Pune,120,19.57,1.04,12.6
2024-08-31,Pune,120,22.77,0.72,9.63
2024-09-01,Pune,120,21.24,15.71,11.97
2024-09-02,Pune,120,21.48,0.0,14.85
2024-09-03,Pune,120,21.25,0.0,10.19
2024-09-04,Pune,120,27.24,4.91,15.75
2024-09-05,Pune,120,26.62,13.44,14.48
2024-09-06,Pune,120,24.45,0.0,10.73
2024-09-07,Pune,120,23.62,17.2,13.19
2024-09-08,Pune,120,20.01,0.0,5.95
2024-09-09,Pune,120,20.66,13.62,14.13
2024-09-10,Pune,120,25.29,6.31,8.44
2024-09-11,Pune,120,21.89,14.47,5.02
2024-09-12,Pune,120,28.67,36.08,4.54
2024-09-13,Pune,120,27.23,12.48,12.03
2024-09-14,Pune,120,27.83,2.85,12.76
2024-09-15,Pune,120,28.29,9.12,8.61
2024-09-16,Pune,120,31.44,5.73,0.0
2024-09-17,Pune,120,27.42,0.0,14.49
2024-09-18,Pune,120,25.52,0.0,14.78
2024-09-19,Pune,120,27.24,0.0,8.08
2024-09-20,Pune,120,28.57,7.1,13.05
2024-09-21,Pune,120,27.38,0.0,14.85
2024-09-22,Pune,120,26.85,0.0,6.03
2024-09-23,Pune,120,24.76,0.0,10.35
2024-09-24,Pune,120,28.11,0.0,11.41
2024-09-25,Pune,120,24.56,0.0,10.92
2024-09-26,Pune,120,29.96,0.0,9.57
2024-09-27,Pune,120,25.54,0.0,12.76
2024-09-28,Pune,120,23.68,0.0,13.17
2024-09-29,Pune,120,26.41,0.0,11.33
2024-09-30,Pune,120,27.24,0.0,13.4
2024-10-01,Pune,120,28.12,0.0,3.98
2024-10-02,Pune,120,23.19,0.0,0.0
2024-10-03,Pune,120,22.59,1.15,4.35
2024-10-04,Pune,120,26.41,0.0,3.75
2024-10-05,Pune,120,28.74,0.0,0.9
2024-10-06,Pune,120,23.91,34.78,16.42
2024-10-07,Pune,120,25.74,0.0,6.03
2024-10-08,Pune,120,26.97,0.0,13.11
2024-10-09,Pune,120,25.02,0.0,6.27
2024-10-10,Pune,120,27.75,0.0,11.04
2024-10-11,Pune,120,25.94,3.46,8.37
2024-10-12,Pune,120,26.56,0.0,6.05
2024-10-13,Pune,120,26.18,0.0,6.83
2024-10-14,Pune,120,24.09,0.0,4.52
2024-10-15,Pune,120,23.87,0.0,5.9
2024-10-16,Pune,120,24.01,0.0,16.73
2024-10-17,Pune,120,24.23,0.0,11.43
2024-10-18,Pune,120,28.57,0.0,3.73
2024-10-19,Pune,120,26.73,0.0,8.76
2024-10-20,Pune,120,24.18,0.0,0.4
2024-10-21,Pune,120,26.14,0.0,13.6
2024-10-22,Pune,120,24.21,8.5,15.54
2024-10-23,Pune,120,28.32,35.9,12.7
2024-10-24,Pune,120,26.95,0.0,4.95
2024-10-25,Pune,120,24.6,0.0,6.1
2024-10-26,Pune,120,26.65,0.0,10.36
2024-10-27,Pune,120,29.14,0.0,6.53
2024-10-28,Pune,120,28.71,0.0,6.99
2024-10-29,Pune,120,27.43,41.15,18.39
2024-10-30,Pune,120,28.56,0.0,5.31
2024-10-31,Pune,120,28.23,4.67,10.24
2024-11-01,Pune,120,25.65,0.0,8.15
2024-11-02,Pune,120,25.4,0.0,9.37
2024-11-03,Pune,120,23.46,13.83,6.41
2024-11-04,Pune,120,25.12,0.0,8.65
2024-11-05,Pune,120,25.94,0.0,9.12
2024-11-06,Pune,120,20.39,0.0,7.1
2024-11-07,Pune,120,22.48,0.0,3.13
2024-11-08,Pune,120,20.08,0.0,1.6
2024-11-09,Pune,120,19.07,0.0,7.78
2024-11-10,Pune,120,21.68,0.0,8.53
2024-11-11,Pune,120,21.74,0.0,6.73
2024-11-12,Pune,120,20.42,0.0,7.82
2024-11-13,Pune,120,24.8,0.0,0.13
2024-11-14,Pune,120,24.7,0.0,6.2
2024-11-15,Pune,120,20.53,0.0,6.96
2024-11-16,Pune,120,21.66,0.0,5.47
2024-11-17,Pune,120,20.99,0.0,8.89
2024-11-18,Pune,120,20.72,0.0,10.26
2024-11-19,Pune,120,23.41,0.0,2.38
2024-11-20,Pune,120,19.75,0.0,11.81
2024-11-21,Pune,120,18.96,0.0,2.03
2024-11-22,Pune,120,24.41,0.0,2.63
2024-11-23,Pune,120,21.9,0.0,6.06
2024-11-24,Pune,120,19.93,0.0,12.05
2024-11-25,Pune,120,20.14,0.0,5.94
2024-11-26,Pune,120,19.5,0.0,7.88
2024-11-27,Pune,120,27.75,0.0,11.47
2024-11-28,Pune,120,25.65,0.0,10.75
2024-11-29,Pune,120,25.71,0.0,11.34
2024-11-30,Pune,120,26.26,0.0,4.8
2024-12-01,Pune,120,28.22,0.0,4.92
2024-12-02,Pune,120,19.59,0.0,3.47
2024-12-03,Pune,120,23.74,0.0,13.1
2024-12-04,Pune,120,23.69,0.0,4.13
2024-12-05,Pune,120,23.48,0.0,13.42
2024-12-06,Pune,120,25.49,0.0,2.98
2024-12-07,Pune,120,23.38,0.0,9.55
2024-12-08,Pune,120,21.14,0.0,10.42
2024-12-09,Pune,120,25.63,0.0,2.56
2024-12-10,Pune,120,24.5,0.0,0.0
2024-12-11,Pune,120,26.49,0.0,4.84
2024-12-12,Pune,120,17.89,0.0,11.57
2024-12-13,Pune,120,23.15,0.0,10.79
2024-12-14,Pune,120,21.82,0.0,0.0
2024-12-15,Pune,120,23.04,0.0,5.35
2024-12-16,Pune,120,23.1,0.0,5.79
2024-12-17,Pune,120,18.12,0.0,12.43
2024-12-18,Pune,120,20.85,0.0,8.99
2024-12-19,Pune,120,20.34,0.0,7.4
2024-12-20,Pune,120,18.39,0.0,16.98
2024-12-21,Pune,120,21.31,0.0,15.92
2024-12-22,Pune,120,19.28,0.0,8.94
2024-12-23,Pune,120,22.23,0.0,14.76
2024-12-24,Pune,120,19.1,0.0,11.08
2024-12-25,Pune,120,17.62,0.0,7.5
2024-12-26,Pune,120,21.51,0.0,0.33
2024-12-27,Pune,120,21.6,0.0,6.52
2024-12-28,Pune,120,23.58,0.0,6.97
2024-12-29,Pune,120,22.74,0.0,5.48
2024-12-30,Pune,120,22.27,0.0,8.76
2024-12-31,Pune,120,18.27,0.0,9.44
2025-01-01,Pune,120,19.41,0.0,6.01
2025-01-02,Pune,120,16.05,0.0,8.53
2025-01-03,Pune,120,19.92,0.0,4.87
2025-01-04,Pune,120,15.4,0.0,8.02
2025-01-05,Pune,120,16.61,0.0,7.9
2025-01-06,Pune,120,17.61,3.7,9.85
2025-01-07,Pune,120,16.91,0.0,9.02
2025-01-08,Pune,120,21.15,0.0,7.23
2025-01-09,Pune,120,17.46,0.0,15.27
2025-01-10,Pune,120,22.43,0.0,8.14
2025-01-11,Pune,120,20.83,0.0,11.95
2025-01-12,Pune,120,19.31,0.0,10.71
2025-01-13,Pune,120,18.84,0.0,7.15
2025-01-14,Pune,120,18.89,0.0,0.0
2025-01-15,Pune,120,25.24,0.0,2.05
2025-01-16,Pune,120,24.17,0.0,6.06
2025-01-17,Pune,120,23.18,0.0,7.57
2025-01-18,Pune,120,24.83,0.0,13.47
2025-01-19,Pune,120,22.05,0.0,4.15
2025-01-20,Pune,120,23.7,0.0,10.04
2025-01-21,Pune,120,22.04,0.0,17.46
2025-01-22,Pune,120,21.55,0.0,4.07
2025-01-23,Pune,120,23.22,0.0,8.07
2025-01-24,Pune,120,21.61,0.0,13.29
2025-01-25,Pune,120,22.36,0.0,9.92
2025-01-26,Pune,120,20.41,0.0,8.6
2025-01-27,Pune,120,19.61,0.0,8.34
2025-01-28,Pune,120,18.85,0.0,14.48
2025-01-29,Pune,120,24.72,0.0,5.33
2025-01-30,Pune,120,24.88,0.0,10.97
2025-01-31,Pune,120,21.38,0.0,8.94
2025-02-01,Pune,120,25.53,0.0,16.87
2025-02-02,Pune,120,22.05,0.0,14.2
2025-02-03,Pune,120,20.74,0.0,14.1
2025-02-04,Pune,120,23.98,0.0,12.07
2025-02-05,Pune,120,20.81,0.0,11.6
2025-02-06,Pune,120,28.7,0.0,13.78
2025-02-07,Pune,120,25.55,0.0,9.03
2025-02-08,Pune,120,28.31,0.0,6.71
2025-02-09,Pune,120,23.86,0.18,12.05
2025-02-10,Pune,120,21.52,0.0,12.35
2025-02-11,Pune,120,21.55,0.0,8.26
2025-02-12,Pune,120,23.2,0.0,0.84
2025-02-13,Pune,120,23.59,0.0,9.67
2025-02-14,Pune,120,19.84,0.0,18.83
2025-02-15,Pune,120,19.99,0.0,8.53
2025-02-16,Pune,120,25.23,0.0,6.67
2025-02-17,Pune,120,21.22,0.0,16.12
2025-02-18,Pune,120,23.69,0.0,7.25
2025-02-19,Pune,120,24.98,0.0,10.54
2025-02-20,Pune,120,27.86,0.0,10.24
2025-02-21,Pune,120,20.25,0.0,8.07
2025-02-22,Pune,120,18.16,0.0,7.69
2025-02-23,Pune,120,21.9,0.0,11.26
2025-02-24,Pune,120,22.44,0.0,6.26
2025-02-25,Pune,120,19.95,0.0,10.64
2025-02-26,Pune,120,19.4,0.0,8.64
2025-02-27,Pune,120,17.16,0.0,2.19
2025-02-28,Pune,120,21.06,0.0,11.33
2025-03-01,Pune,120,23.97,0.0,5.01
2025-03-02,Pune,120,24.61,0.0,12.7
2025-03-03,Pune,120,27.88,0.0,8.03
2025-03-04,Pune,120,29.93,0.0,6.93
2025-03-05,Pune,120,25.94,0.0,10.56
2025-03-06,Pune,120,29.64,0.0,13.02
2025-03-07,Pune,120,24.05,0.0,12.5
2025-03-08,Pune,120,24.94,0.0,11.42
2025-03-09,Pune,120,21.43,0.0,6.21
2025-03-10,Pune,120,23.78,0.0,7.21
2025-03-11,Pune,120,23.23,0.0,0.0
2025-03-12,Pune,120,23.76,0.0,13.55
2025-03-13,Pune,120,24.01,0.0,9.1
2025-03-14,Pune,120,25.21,0.0,11.66
2025-03-15,Pune,120,24.82,0.0,9.29
2025-03-16,Pune,120,26.41,0.0,2.52
2025-03-17,Pune,120,27.45,0.0,9.93
2025-03-18,Pune,120,29.26,0.0,8.28
2025-03-19,Pune,120,26.81,0.0,8.68
2025-03-20,Pune,120,28.35,0.0,12.71
2025-03-21,Pune,120,27.35,0.0,11.12
2025-03-22,Pune,120,28.31,0.0,9.52
2025-03-23,Pune,120,29.65,0.0,15.26
2025-03-24,Pune,120,26.78,0.0,9.0
2025-03-25,Pune,120,27.55,0.0,4.1
2025-03-26,Pune,120,24.93,0.0,0.0
2025-03-27,Pune,120,28.46,0.0,5.35
2025-03-28,Pune,120,27.23,0.0,7.88
2025-03-29,Pune,120,23.91,0.0,5.21
2025-03-30,Pune,120,26.65,0.0,13.37
2025-03-31,Pune,120,28.74,0.0,5.72
2025-04-01,Pune,120,30.38,0.0,13.42
2025-04-02,Pune,120,28.93,0.0,13.04
2025-04-03,Pune,120,30.41,0.0,15.94
2025-04-04,Pune,120,32.17,0.0,12.72
2025-04-05,Pune,120,29.5,0.0,12.42
2025-04-06,Pune,120,30.99,0.0,14.84
2025-04-07,Pune,120,30.31,0.0,16.87
2025-04-08,Pune,120,27.54,0.0,16.55
2025-04-09,Pune,120,33.48,0.0,10.31
2025-04-10,Pune,120,33.24,0.0,13.67
2025-04-11,Pune,120,32.06,0.0,6.22
2025-04-12,Pune,120,30.22,0.0,12.95
2025-04-13,Pune,120,29.27,0.0,12.34
2025-04-14,Pune,120,30.55,0.0,8.03
2025-04-15,Pune,120,30.12,0.0,18.32
2025-04-16,Pune,120,31.06,0.0,9.19
2025-04-17,Pune,120,32.41,0.0,20.55
2025-04-18,Pune,120,28.75,0.0,11.53
2025-04-19,Pune,120,30.68,0.0,11.82
2025-04-20,Pune,120,27.89,0.0,7.93
2025-04-21,Pune,120,31.29,0.0,6.03
2025-04-22,Pune,120,28.05,0.0,13.66
2025-04-23,Pune,120,32.94,0.0,8.4
2025-04-24,Pune,120,27.06,0.0,17.8
2025-04-25,Pune,120,25.31,0.0,13.5
2025-04-26,Pune,120,28.69,0.0,14.22
2025-04-27,Pune,120,29.3,0.0,20.96
2025-04-28,Pune,120,32.84,0.0,8.09
2025-04-29,Pune,120,32.03,0.0,13.88
2025-04-30,Pune,120,31.21,0.0,11.29
2025-05-01,Pune,120,30.43,0.0,19.24
2025-05-02,Pune,120,31.2,0.0,15.29
2025-05-03,Pune,120,31.67,0.0,12.52
2025-05-04,Pune,120,28.81,0.0,9.5
2025-05-05,Pune,120,32.01,0.0,11.3
2025-05-06,Pune,120,34.4,22.64,7.55
2025-05-07,Pune,120,33.44,0.0,14.23
2025-05-08,Pune,120,33.07,0.0,2.75
2025-05-09,Pune,120,35.69,0.0,11.45
2025-05-10,Pune,120,33.34,0.0,12.93
2025-05-11,Pune,120,29.72,0.0,13.23
2025-05-12,Pune,120,35.2,0.0,12.06
2025-05-13,Pune,120,35.17,0.0,14.93
2025-05-14,Pune,120,34.43,0.0,16.94
2025-05-15,Pune,120,37.34,0.0,15.41
2025-05-16,Pune,120,35.4,0.0,9.25
2025-05-17,Pune,120,34.68,0.0,11.59
2025-05-18,Pune,120,32.16,0.0,10.94
2025-05-19,Pune,120,32.61,0.0,11.83
2025-05-20,Pune,120,31.4,0.0,19.04
2025-05-21,Pune,120,33.66,0.0,9.65
2025-05-22,Pune,120,32.25,0.0,10.93
2025-05-23,Pune,120,35.02,0.0,6.67
2025-05-24,Pune,120,31.92,0.0,3.95
2025-05-25,Pune,120,33.63,0.0,15.82
2025-05-26,Pune,120,32.37,0.0,11.68
2025-05-27,Pune,120,31.77,0.0,12.12
2025-05-28,Pune,120,35.94,0.0,8.71
2025-05-29,Pune,120,34.67,0.0,12.62
2025-05-30,Pune,120,34.18,0.0,16.1
2025-05-31,Pune,120,33.1,0.0,4.72
2025-06-01,Pune,120,30.58,2.47,14.83
2025-06-02,Pune,120,25.96,1.12,13.86
2025-06-03,Pune,120,29.86,18.37,23.55
2025-06-04,Pune,120,29.23,0.0,13.43
2025-06-05,Pune,120,29.99,0.0,21.86
2025-06-06,Pune,120,30.25,0.0,17.33
2025-06-07,Pune,120,28.65,0.0,16.9
2025-06-08,Pune,120,27.08,0.0,20.8
2025-06-09,Pune,120,29.96,0.0,25.52
2025-06-10,Pune,120,26.69,0.0,19.12
2025-06-11,Pune,120,26.33,0.0,23.22
2025-06-12,Pune,120,22.51,0.0,14.85
2025-06-13,Pune,120,26.52,0.0,15.82
2025-06-14,Pune,120,26.28,1.17,15.43
2025-06-15,Pune,120,27.4,0.0,8.83
2025-06-16,Pune,120,28.12,0.0,15.0
2025-06-17,Pune,120,27.7,0.0,15.17
2025-06-18,Pune,120,25.51,0.0,16.11
2025-06-19,Pune,120,24.49,0.0,22.6
2025-06-20,Pune,120,27.5,0.0,17.73
2025-06-21,Pune,120,28.27,97.74,22.05
2025-06-22,Pune,120,30.55,5.99,22.59
2025-06-23,Pune,120,30.07,4.99,19.51
2025-06-24,Pune,120,26.57,0.0,12.33
2025-06-25,Pune,120,26.67,0.0,12.68
2025-06-26,Pune,120,29.69,0.0,10.0
2025-06-27,Pune,120,28.94,0.0,10.1
2025-06-28,Pune,120,29.28,0.0,18.65
2025-06-29,Pune,120,28.05,0.0,14.14
2025-06-30,Pune,120,26.57,0.0,10.48
2025-07-01,Pune,120,28.68,0.0,10.68
2025-07-02,Pune,120,26.72,0.0,19.47
2025-07-03,Pune,120,26.55,0.44,23.07
2025-07-04,Pune,120,24.81,80.87,27.84
2025-07-05,Pune,120,25.16,12.12,18.71
2025-07-06,Pune,120,25.65,6.97,20.22
2025-07-07,Pune,120,25.09,35.38,20.32
2025-07-08,Pune,120,25.21,0.0,13.33
2025-07-09,Pune,120,21.3,0.0,14.33
2025-07-10,Pune,120,25.15,0.0,6.9
2025-07-11,Pune,120,26.8,57.62,22.33
2025-07-12,Pune,120,26.31,10.81,18.82
2025-07-13,Pune,120,23.24,12.19,19.96
2025-07-14,Pune,120,28.65,2.89,15.61
2025-07-15,Pune,120,22.57,9.69,11.95
2025-07-16,Pune,120,25.06,1.62,15.79
2025-07-17,Pune,120,24.75,0.0,22.58
2025-07-18,Pune,120,27.32,3.87,12.02
2025-07-19,Pune,120,23.05,0.0,14.54
2025-07-20,Pune,120,24.86,0.0,24.04
2025-07-21,Pune,120,26.88,0.0,7.57
2025-07-22,Pune,120,25.67,20.56,16.85
2025-07-23,Pune,120,23.63,0.0,15.68
2025-07-24,Pune,120,24.72,0.0,21.36
2025-07-25,Pune,120,22.36,0.0,14.3
2025-07-26,Pune,120,19.12,0.0,11.64
2025-07-27,Pune,120,27.01,0.0,11.88
2025-07-28,Pune,120,25.19,0.52,15.49
2025-07-29,Pune,120,25.64,2.47,10.47
2025-07-30,Pune,120,26.29,2.03,12.66
2025-07-31,Pune,120,24.19,0.0,17.74
2025-08-01,Pune,120,25.96,2.04,10.82
2025-08-02,Pune,120,23.51,46.79,19.93
2025-08-03,Pune,120,21.93,4.51,16.93
2025-08-04,Pune,120,24.36,0.0,16.8
2025-08-05,Pune,120,23.58,0.0,6.07
2025-08-06,Pune,120,22.61,0.0,15.18
2025-08-07,Pune,120,23.61,0.0,12.49
2025-08-08,Pune,120,26.12,0.0,6.81
2025-08-09,Pune,120,24.12,0.0,11.46
2025-08-10,Pune,120,24.43,0.0,10.22
2025-08-11,Pune,120,23.92,0.0,15.01
2025-08-12,Pune,120,28.61,0.0,14.97
2025-08-13,Pune,120,25.61,0.0,19.43
2025-08-14,Pune,120,23.02,0.0,11.29
2025-08-15,Pune,120,30.46,0.0,14.48
2025-08-16,Pune,120,25.48,0.0,9.86
2025-08-17,Pune,120,22.86,0.0,13.28
2025-08-18,Pune,120,23.2,0.0,9.86
2025-08-19,Pune,120,24.91,0.0,14.31
2025-08-20,Pune,120,24.49,0.0,18.72
2025-08-21,Pune,120,23.79,0.0,14.65
2025-08-22,Pune,120,22.73,12.19,17.89
2025-08-23,Pune,120,27.42,6.76,12.83
2025-08-24,Pune,120,25.15,0.0,15.7
2025-08-25,Pune,120,24.77,2.59,11.28
2025-08-26,Pune,120,24.97,5.05,11.76
2025-08-27,Pune,120,25.8,12.78,20.07
2025-08-28,Pune,120,27.55,0.0,10.75
2025-08-29,Pune,120,27.57,0.0,13.6
2025-08-30,Pune,120,22.68,0.0,9.21
2025-08-31,Pune,120,20.51,0.0,13.73
2025-09-01,Pune,120,24.98,0.0,14.35
2025-09-02,Pune,120,27.23,7.01,21.84
2025-09-03,Pune,120,24.35,10.33,15.89
2025-09-04,Pune,120,26.82,4.61,11.82
2025-09-05,Pune,120,22.99,21.43,14.76
2025-09-06,Pune,120,23.66,0.0,9.8
2025-09-07,Pune,120,23.28,0.0,11.06
2025-09-08,Pune,120,25.48,0.0,12.51
2025-09-09,Pune,120,20.98,0.0,14.45
2025-09-10,Pune,120,22.72,0.0,7.16
2025-09-11,Pune,120,24.32,0.0,7.95
2025-09-12,Pune,120,26.8,0.0,18.77
2025-09-13,Pune,120,25.1,8.8,15.19
2025-09-14,Pune,120,27.72,4.39,11.03
2025-09-15,Pune,120,28.87,0.0,11.46
2025-09-16,Pune,120,26.97,0.0,13.69
2025-09-17,Pune,120,25.42,0.0,8.49
2025-09-18,Pune,120,26.74,0.0,11.36
2025-09-19,Pune,120,26.6,0.0,11.5
2025-09-20,Pune,120,25.11,0.0,14.26
2025-09-21,Pune,120,23.31,0.0,9.81
2025-09-22,Pune,120,23.66,0.0,12.21
2025-09-23,Pune,120,23.27,0.0,15.18
2025-09-24,Pune,120,22.14,0.0,6.3
2025-09-25,Pune,120,30.09,0.0,9.11
2025-09-26,Pune,120,27.02,0.0,13.47
2025-09-27,Pune,120,23.5,4.17,8.5
2025-09-28,Pune,120,23.72,30.89,18.03
2025-09-29,Pune,120,27.61,5.8,20.35
2025-09-30,Pune,120,22.42,29.53,15.68
2023-01-01,Pune,168,23.72,0.0,3.49
2023-01-02,Pune,168,19.39,0.0,2.49
2023-01-03,Pune,168,21.91,0.0,11.3
2023-01-04,Pune,168,20.18,0.0,11.93
2023-01-05,Pune,168,21.23,0.0,9.71
2023-01-06,Pune,168,16.68,0.0,6.27
2023-01-07,Pune,168,16.02,0.0,4.18
2023-01-08,Pune,168,17.33,0.0,20.57
2023-01-09,Pune,168,25.73,0.0,2.79
2023-01-10,Pune,168,25.06,0.0,8.96
2023-01-11,Pune,168,24.09,0.0,0.94
2023-01-12,Pune,168,19.52,0.0,8.88
2023-01-13,Pune,168,19.17,0.0,8.02
2023-01-14,Pune,168,22.18,0.0,9.97
2023-01-15,Pune,168,19.47,0.0,3.84
2023-01-16,Pune,168,17.81,0.0,3.74
2023-01-17,Pune,168,22.43,3.16,0.0
2023-01-18,Pune,168,17.38,0.0,5.12
2023-01-19,Pune,168,22.04,0.0,2.87
2023-01-20,Pune,168,18.34,0.0,6.03
2023-01-21,Pune,168,16.36,0.0,2.3
2023-01-22,Pune,168,13.11,0.0,10.21
2023-01-23,Pune,168,16.92,0.0,8.2
2023-01-24,Pune,168,16.59,0.0,12.25
2023-01-25,Pune,168,19.4,0.0,12.09
2023-01-26,Pune,168,19.11,0.0,3.34
2023-01-27,Pune,168,19.13,0.0,12.49
2023-01-28,Pune,168,13.92,0.0,9.38
2023-01-29,Pune,168,15.94,0.0,0.91
2023-01-30,Pune,168,18.2,0.0,15.39
2023-01-31,Pune,168,19.94,0.0,1.38
2023-02-01,Pune,168,19.16,0.0,5.91
2023-02-02,Pune,168,16.78,0.0,13.25
2023-02-03,Pune,168,17.2,0.0,4.21
2023-02-04,Pune,168,18.51,0.0,10.46
2023-02-05,Pune,168,22.86,0.0,5.51
2023-02-06,Pune,168,20.32,0.0,5.73
2023-02-07,Pune,168,19.0,0.0,14.73
2023-02-08,Pune,168,22.51,0.0,7.15
2023-02-09,Pune,168,21.79,0.0,14.29
2023-02-10,Pune,168,25.29,0.0,15.06
2023-02-11,Pune,168,22.48,0.0,11.63
2023-02-12,Pune,168,21.43,0.0,12.46
2023-02-13,Pune,168,21.3,0.0,6.61
2023-02-14,Pune,168,22.91,0.0,5.6
2023-02-15,Pune,168,19.43,0.0,7.85
2023-02-16,Pune,168,20.82,0.0,10.68
2023-02-17,Pune,168,20.61,0.0,2.6
2023-02-18,Pune,168,21.67,0.0,6.6
2023-02-19,Pune,168,21.45,0.0,7.84
2023-02-20,Pune,168,27.7,0.0,13.36
2023-02-21,Pune,168,26.67,0.0,12.53
2023-02-22,Pune,168,23.83,0.0,6.07
2023-02-23,Pune,168,20.85,0.0,11.05
2023-02-24,Pune,168,24.4,0.0,6.6
2023-02-25,Pune,168,24.55,0.0,2.72
2023-02-26,Pune,168,20.47,0.0,9.27
2023-02-27,Pune,168,19.85,0.0,18.16
2023-02-28,Pune,168,27.03,0.0,20.21
2023-03-01,Pune,168,31.76,0.0,3.09
2023-03-02,Pune,168,28.2,0.0,19.24
2023-03-03,Pune,168,30.25,0.0,0.85
2023-03-04,Pune,168,29.28,0.0,6.68
2023-03-05,Pune,168,32.56,0.0,5.09
2023-03-06,Pune,168,19.76,0.0,14.59
2023-03-07,Pune,168,26.27,0.0,4.36
2023-03-08,Pune,168,28.23,0.0,11.92
2023-03-09,Pune,168,27.67,0.0,7.18
2023-03-10,Pune,168,26.69,0.0,11.55
2023-03-11,Pune,168,23.46,0.0,8.98
2023-03-12,Pune,168,28.62,0.0,10.24
2023-03-13,Pune,168,31.23,0.0,9.04
2023-03-14,Pune,168,20.17,0.0,22.63
2023-03-15,Pune,168,22.18,4.91,21.9
2023-03-16,Pune,168,26.5,0.0,18.52
2023-03-17,Pune,168,28.78,0.0,22.83
2023-03-18,Pune,168,26.4,0.0,9.98
2023-03-19,Pune,168,23.92,0.0,6.63
2023-03-20,Pune,168,29.09,0.0,6.35
2023-03-21,Pune,168,29.44,0.0,2.79
2023-03-22,Pune,168,24.05,0.0,6.89
2023-03-23,Pune,168,27.5,0.0,6.6
2023-03-24,Pune,168,28.02,0.0,1.04
2023-03-25,Pune,168,27.17,0.0,5.14
2023-03-26,Pune,168,30.08,0.0,7.07
2023-03-27,Pune,168,27.52,0.0,4.51
2023-03-28,Pune,168,26.78,0.0,0.0
2023-03-29,Pune,168,26.51,0.0,9.04
2023-03-30,Pune,168,22.53,0.0,9.32
2023-03-31,Pune,168,32.26,0.0,5.7
2023-04-01,Pune,168,30.64,0.0,6.58
2023-04-02,Pune,168,31.62,0.0,23.43
2023-04-03,Pune,168,35.1,0.0,15.69
2023-04-04,Pune,168,33.06,0.0,11.03
2023-04-05,Pune,168,32.11,0.0,9.29
2023-04-06,Pune,168,27.27,0.0,16.08
2023-04-07,Pune,168,32.5,0.0,10.85
2023-04-08,Pune,168,33.17,0.0,12.52
2023-04-09,Pune,168,30.74,0.0,0.0
2023-04-10,Pune,168,25.96,0.0,10.37
2023-04-11,Pune,168,30.14,0.0,12.94
2023-04-12,Pune,168,32.87,0.0,15.07
2023-04-13,Pune,168,29.96,0.0,10.31
2023-04-14,Pune,168,31.13,0.0,11.54
2023-04-15,Pune,168,27.86,0.0,11.73
2023-04-16,Pune,168,29.37,0.0,10.9
2023-04-17,Pune,168,24.77,0.0,9.95
2023-04-18,Pune,168,32.73,0.0,0.0
2023-04-19,Pune,168,32.41,0.0,3.43
2023-04-20,Pune,168,25.22,0.0,10.16
2023-04-21,Pune,168,32.11,0.0,0.42
2023-04-22,Pune,168,33.82,0.0,14.96
2023-04-23,Pune,168,30.06,0.0,22.38
2023-04-24,Pune,168,29.98,0.0,5.37
2023-04-25,Pune,168,33.92,0.0,15.23
2023-04-26,Pune,168,27.54,0.0,9.55
2023-04-27,Pune,168,30.57,0.0,19.71
2023-04-28,Pune,168,32.49,0.0,7.84
2023-04-29,Pune,168,30.06,0.0,18.28
2023-04-30,Pune,168,30.11,0.0,6.53
2023-05-01,Pune,168,32.6,0.0,8.8
2023-05-02,Pune,168,33.28,0.0,3.3
2023-05-03,Pune,168,33.26,0.0,15.13
2023-05-04,Pune,168,35.13,0.0,9.62
2023-05-05,Pune,168,26.1,0.0,22.52
2023-05-06,Pune,168,28.68,0.19,8.46
2023-05-07,Pune,168,29.7,0.0,18.88
2023-05-08,Pune,168,31.72,0.0,17.71
2023-05-09,Pune,168,27.39,0.0,12.39
2023-05-10,Pune,168,32.49,0.0,14.21
2023-05-11,Pune,168,28.4,0.0,21.09
2023-05-12,Pune,168,27.97,0.0,11.62
2023-05-13,Pune,168,28.08,0.0,18.46
2023-05-14,Pune,168,31.1,0.0,15.65
2023-05-15,Pune,168,28.88,0.0,13.43
2023-05-16,Pune,168,32.04,0.0,1.92
2023-05-17,Pune,168,33.03,0.0,12.67
2023-05-18,Pune,168,34.52,0.0,16.44
2023-05-19,Pune,168,33.38,0.0,16.53
2023-05-20,Pune,168,26.68,0.0,9.47
2023-05-21,Pune,168,33.62,0.0,3.3
2023-05-22,Pune,168,32.47,0.0,7.71
2023-05-23,Pune,168,31.62,0.0,12.78
2023-05-24,Pune,168,30.57,0.0,5.09
2023-05-25,Pune,168,32.93,0.0,14.11
2023-05-26,Pune,168,29.68,0.0,13.56
2023-05-27,Pune,168,31.91,0.0,9.64
2023-05-28,Pune,168,28.86,0.0,1.46
2023-05-29,Pune,168,35.05,0.0,11.27
2023-05-30,Pune,168,35.49,0.0,16.38
2023-05-31,Pune,168,29.71,0.0,10.83
2023-06-01,Pune,168,28.34,0.0,18.87
2023-06-02,Pune,168,25.09,0.0,11.29
2023-06-03,Pune,168,23.13,7.46,22.81
2023-06-04,Pune,168,24.99,0.0,20.79
2023-06-05,Pune,168,26.19,0.0,15.6
2023-06-06,Pune,168,24.36,5.88,17.35
2023-06-07,Pune,168,25.72,51.71,18.12
2023-06-08,Pune,168,26.99,1.07,13.24
2023-06-09,Pune,168,23.57,67.38,16.13
2023-06-10,Pune,168,21.66,2.04,22.61
2023-06-11,Pune,168,24.95,0.0,12.65
2023-06-12,Pune,168,26.35,0.0,10.63
2023-06-13,Pune,168,27.92,5.13,15.17
2023-06-14,Pune,168,27.58,0.0,22.13
2023-06-15,Pune,168,27.25,0.0,22.69
2023-06-16,Pune,168,21.15,0.0,18.38
2023-06-17,Pune,168,23.86,0.0,10.29
2023-06-18,Pune,168,23.53,3.11,15.97
2023-06-19,Pune,168,25.37,0.0,6.33
2023-06-20,Pune,168,22.99,0.0,22.5
2023-06-21,Pune,168,26.62,0.0,25.54
2023-06-22,Pune,168,26.04,0.0,8.81
2023-06-23,Pune,168,24.48,0.0,16.92
2023-06-24,Pune,168,22.77,0.0,10.0
2023-06-25,Pune,168,28.58,0.73,15.71
2023-06-26,Pune,168,26.15,8.39,15.02
2023-06-27,Pune,168,27.64,13.23,9.32
2023-06-28,Pune,168,24.27,13.04,22.32
2023-06-29,Pune,168,24.39,8.36,18.71
2023-06-30,Pune,168,29.87,0.0,20.26
2023-07-01,Pune,168,23.01,0.0,16.53
2023-07-02,Pune,168,25.64,0.0,9.98
2023-07-03,Pune,168,29.2,41.12,14.88
2023-07-04,Pune,168,20.72,3.23,21.69
2023-07-05,Pune,168,21.42,0.0,25.09
2023-07-06,Pune,168,25.49,0.0,12.59
2023-07-07,Pune,168,22.28,0.0,26.87
2023-07-08,Pune,168,25.65,0.0,27.75
2023-07-09,Pune,168,25.29,0.0,26.64
2023-07-10,Pune,168,27.45,0.0,20.59
2023-07-11,Pune,168,20.82,0.0,23.05
2023-07-12,Pune,168,25.5,0.0,13.24
2023-07-13,Pune,168,27.54,0.0,15.86
2023-07-14,Pune,168,23.17,0.0,7.12
2023-07-15,Pune,168,23.8,0.0,15.71
2023-07-16,Pune,168,28.85,2.57,16.66
2023-07-17,Pune,168,28.95,0.18,19.45
2023-07-18,Pune,168,24.09,3.33,18.5
2023-07-19,Pune,168,23.08,7.6,13.74
2023-07-20,Pune,168,31.52,0.0,17.46
2023-07-21,Pune,168,26.0,0.0,15.1
2023-07-22,Pune,168,25.06,0.0,12.02
2023-07-23,Pune,168,26.78,0.0,25.75
2023-07-24,Pune,168,26.91,0.0,12.94
2023-07-25,Pune,168,29.71,0.0,26.35
2023-07-26,Pune,168,32.85,0.0,25.49
2023-07-27,Pune,168,30.17,0.0,20.02
2023-07-28,Pune,168,23.09,0.0,15.68
2023-07-29,Pune,168,24.47,18.8,15.31
2023-07-30,Pune,168,23.53,0.0,9.38
2023-07-31,Pune,168,28.17,12.34,6.48
2023-08-01,Pune,168,27.02,3.91,7.44
2023-08-02,Pune,168,18.31,0.0,11.82
2023-08-03,Pune,168,19.66,0.0,16.32
2023-08-04,Pune,168,20.62,0.0,20.54
2023-08-05,Pune,168,24.93,0.0,11.87
2023-08-06,Pune,168,25.18,1.74,20.71
2023-08-07,Pune,168,21.73,3.83,12.6
2023-08-08,Pune,168,19.97,5.01,26.84
2023-08-09,Pune,168,21.31,0.0,20.5
2023-08-10,Pune,168,22.69,9.52,26.29
2023-08-11,Pune,168,21.63,0.0,17.09
2023-08-12,Pune,168,17.43,0.0,8.31
2023-08-13,Pune,168,20.95,0.0,6.4
2023-08-14,Pune,168,23.34,12.32,16.08
2023-08-15,Pune,168,23.77,1.02,5.04
2023-08-16,Pune,168,23.44,0.0,16.91
2023-08-17,Pune,168,19.96,0.63,16.48
2023-08-18,Pune,168,20.34,6.97,7.37
2023-08-19,Pune,168,21.22,3.05,16.43
2023-08-20,Pune,168,15.29,0.0,15.4
2023-08-21,Pune,168,20.97,37.74,16.85
2023-08-22,Pune,168,23.74,0.0,16.98
2023-08-23,Pune,168,24.23,13.56,12.79
2023-08-24,Pune,168,24.67,0.0,14.92
2023-08-25,Pune,168,23.33,0.0,7.75
2023-08-26,Pune,168,26.34,0.0,15.13
2023-08-27,Pune,168,24.18,0.0,9.58
2023-08-28,Pune,168,20.97,0.35,21.5
2023-08-29,Pune,168,23.65,0.0,18.36
2023-08-30,Pune,168,18.65,0.0,8.56
2023-08-31,Pune,168,21.74,12.42,20.44
2023-09-01,Pune,168,29.33,0.0,12.4
2023-09-02,Pune,168,25.51,0.0,19.55
2023-09-03,Pune,168,26.41,2.55,13.73
2023-09-04,Pune,168,27.2,30.03,19.32
2023-09-05,Pune,168,27.43,12.05,26.3
2023-09-06,Pune,168,23.32,0.0,13.19
2023-09-07,Pune,168,24.57,0.0,10.93
2023-09-08,Pune,168,21.4,0.0,10.52
2023-09-09,Pune,168,16.62,0.0,12.42
2023-09-10,Pune,168,20.38,0.0,3.61
2023-09-11,Pune,168,22.7,0.0,17.01
2023-09-12,Pune,168,25.14,0.0,5.77
2023-09-13,Pune,168,24.89,0.0,2.94
2023-09-14,Pune,168,25.1,0.0,15.66
2023-09-15,Pune,168,21.95,8.51,16.2
2023-09-16,Pune,168,25.09,0.0,10.53
2023-09-17,Pune,168,28.48,0.0,9.23
2023-09-18,Pune,168,23.44,5.18,1.38
2023-09-19,Pune,168,23.25,0.0,16.95
2023-09-20,Pune,168,24.68,0.0,5.74
2023-09-21,Pune,168,24.83,0.0,9.78
2023-09-22,Pune,168,24.31,0.0,7.2
2023-09-23,Pune,168,28.26,0.0,15.14
2023-09-24,Pune,168,24.16,0.0,11.05
2023-09-25,Pune,168,24.74,0.0,15.54
2023-09-26,Pune,168,23.53,0.0,8.95
2023-09-27,Pune,168,28.93,0.0,10.85
2023-09-28,Pune,168,21.99,0.0,5.99
2023-09-29,Pune,168,21.52,16.21,15.08
2023-09-30,Pune,168,25.24,0.0,4.62
2023-10-01,Pune,168,25.02,0.0,13.31
2023-10-02,Pune,168,28.24,0.0,5.38
2023-10-03,Pune,168,30.55,0.0,8.06
2023-10-04,Pune,168,24.82,0.0,16.76
2023-10-05,Pune,168,31.41,0.0,4.08
2023-10-06,Pune,168,23.17,0.0,16.08
2023-10-07,Pune,168,18.88,0.0,5.82
2023-10-08,Pune,168,25.47,0.0,9.9
2023-10-09,Pune,168,24.34,0.0,13.04
2023-10-10,Pune,168,21.34,0.0,15.87
2023-10-11,Pune,168,29.99,0.0,9.71
2023-10-12,Pune,168,23.65,0.0,11.17
2023-10-13,Pune,168,22.15,0.0,6.01
2023-10-14,Pune,168,26.46,0.0,8.08
2023-10-15,Pune,168,28.75,0.0,8.32
2023-10-16,Pune,168,29.9,0.0,14.1
2023-10-17,Pune,168,26.34,13.65,25.91
2023-10-18,Pune,168,25.28,0.0,14.24
2023-10-19,Pune,168,23.52,0.0,5.63
2023-10-20,Pune,168,23.63,0.0,10.02
2023-10-21,Pune,168,28.26,0.0,9.6
2023-10-22,Pune,168,28.73,0.0,0.54
2023-10-23,Pune,168,31.31,0.0,3.29
2023-10-24,Pune,168,25.54,0.0,14.08
2023-10-25,Pune,168,31.34,0.0,2.53
2023-10-26,Pune,168,29.53,0.0,18.75
2023-10-27,Pune,168,28.49,4.47,2.74
2023-10-28,Pune,168,25.92,0.0,9.59
2023-10-29,Pune,168,29.52,0.0,18.28
2023-10-30,Pune,168,27.38,0.0,8.8
2023-10-31,Pune,168,29.76,0.0,12.34
2023-11-01,Pune,168,23.43,0.0,0.0
2023-11-02,Pune,168,20.93,0.0,2.56
2023-11-03,Pune,168,24.04,0.0,0.0
2023-11-04,Pune,168,22.55,0.0,2.74
2023-11-05,Pune,168,25.98,0.0,8.6
2023-11-06,Pune,168,23.1,0.0,7.96
2023-11-07,Pune,168,20.37,0.0,15.46
2023-11-08,Pune,168,27.85,0.0,5.38
2023-11-09,Pune,168,23.56,0.0,7.76
2023-11-10,Pune,168,25.8,0.0,3.63
2023-11-11,Pune,168,21.35,0.0,0.0
2023-11-12,Pune,168,23.58,0.0,0.0
2023-11-13,Pune,168,21.58,0.0,1.04
2023-11-14,Pune,168,22.6,0.0,10.71
2023-11-15,Pune,168,22.12,0.0,0.0
2023-11-16,Pune,168,25.97,0.0,6.14
2023-11-17,Pune,168,17.28,0.0,0.0
2023-11-18,Pune,168,21.8,0.0,11.08
2023-11-19,Pune,168,26.24,0.0,1.14
2023-11-20,Pune,168,20.24,0.0,3.91
2023-11-21,Pune,168,25.69,0.0,9.74
2023-11-22,Pune,168,23.01,0.0,8.55
2023-11-23,Pune,168,24.01,0.0,9.25
2023-11-24,Pune,168,21.71,0.0,7.4
2023-11-25,Pune,168,20.92,0.0,6.04
2023-11-26,Pune,168,18.62,0.0,2.7
2023-11-27,Pune,168,23.93,0.0,7.9
2023-11-28,Pune,168,23.6,0.0,6.41
2023-11-29,Pune,168,21.95,0.0,0.0
2023-11-30,Pune,168,25.87,0.0,8.29
2023-12-01,Pune,168,21.13,0.0,4.74
2023-12-02,Pune,168,22.26,0.0,0.0
2023-12-03,Pune,168,19.52,0.0,5.58
2023-12-04,Pune,168,18.33,0.0,8.28
2023-12-05,Pune,168,19.39,0.0,3.13
2023-12-06,Pune,168,20.88,0.0,9.96
2023-12-07,Pune,168,21.85,0.0,8.42
2023-12-08,Pune,168,24.74,0.0,0.78
2023-12-09,Pune,168,24.35,0.0,9.61
2023-12-10,Pune,168,23.84,0.0,11.33
2023-12-11,Pune,168,24.55,0.0,2.52
2023-12-12,Pune,168,20.25,0.0,7.79
2023-12-13,Pune,168,19.33,0.0,0.0
2023-12-14,Pune,168,23.53,0.0,0.0
2023-12-15,Pune,168,24.8,0.0,9.58
2023-12-16,Pune,168,25.13,0.0,1.27
2023-12-17,Pune,168,25.1,0.0,11.42
2023-12-18,Pune,168,20.56,0.0,13.36
2023-12-19,Pune,168,19.48,0.0,2.01
2023-12-20,Pune,168,21.27,0.0,1.94
2023-12-21,Pune,168,22.79,0.0,9.65
2023-12-22,Pune,168,24.05,0.0,7.69
2023-12-23,Pune,168,21.31,0.0,10.09
2023-12-24,Pune,168,20.78,0.0,1.25
2023-12-25,Pune,168,23.49,0.0,8.68
2023-12-26,Pune,168,22.41,0.0,7.63
2023-12-27,Pune,168,21.52,0.0,0.67
2023-12-28,Pune,168,19.99,0.0,1.58
2023-12-29,Pune,168,23.2,0.0,12.13
2023-12-30,Pune,168,23.86,0.0,5.37
2023-12-31,Pune,168,23.5,0.0,0.0
2024-01-01,Pune,168,20.73,0.0,8.68
2024-01-02,Pune,168,23.56,0.0,7.69
2024-01-03,Pune,168,19.31,0.0,0.69
2024-01-04,Pune,168,17.48,0.0,5.11
2024-01-05,Pune,168,18.96,0.0,7.25
2024-01-06,Pune,168,21.61,0.0,0.0
2024-01-07,Pune,168,21.88,0.0,5.96
2024-01-08,Pune,168,20.18,0.0,14.97
2024-01-09,Pune,168,20.24,0.0,10.98
2024-01-10,Pune,168,17.66,0.0,6.82
2024-01-11,Pune,168,22.83,0.0,6.88
2024-01-12,Pune,168,20.36,0.0,19.79
2024-01-13,Pune,168,17.92,0.0,0.0
2024-01-14,Pune,168,22.93,0.0,6.14
2024-01-15,Pune,168,21.53,0.0,0.99
2024-01-16,Pune,168,18.48,0.0,0.0
2024-01-17,Pune,168,19.15,0.0,3.5
2024-01-18,Pune,168,21.22,0.0,3.96
2024-01-19,Pune,168,21.88,0.0,13.57
2024-01-20,Pune,168,17.49,0.0,15.77
2024-01-21,Pune,168,19.15,0.0,13.83
2024-01-22,Pune,168,23.08,0.0,10.92
2024-01-23,Pune,168,25.78,0.0,3.97
2024-01-24,Pune,168,26.67,0.0,0.76
2024-01-25,Pune,168,22.46,0.0,11.87
2024-01-26,Pune,168,22.72,0.0,6.91
2024-01-27,Pune,168,19.25,0.0,0.0
2024-01-28,Pune,168,20.29,0.0,2.87
2024-01-29,Pune,168,13.88,0.0,0.0
2024-01-30,Pune,168,13.92,0.0,4.38
2024-01-31,Pune,168,22.41,0.0,9.98
2024-02-01,Pune,168,22.62,0.0,13.6
2024-02-02,Pune,168,20.85,0.0,6.26
2024-02-03,Pune,168,26.1,0.0,8.32
2024-02-04,Pune,168,21.21,0.0,6.87
2024-02-05,Pune,168,19.91,0.0,0.0
2024-02-06,Pune,168,19.97,0.0,4.72
2024-02-07,Pune,168,22.09,0.0,9.97
2024-02-08,Pune,168,25.69,0.0,9.89
2024-02-09,Pune,168,22.49,0.0,12.65
2024-02-10,Pune,168,28.1,0.0,10.88
2024-02-11,Pune,168,23.59,0.0,14.78
2024-02-12,Pune,168,23.93,0.0,1.6
2024-02-13,Pune,168,22.7,0.0,12.66
2024-02-14,Pune,168,20.43,0.0,10.16
2024-02-15,Pune,168,23.31,0.0,17.8
2024-02-16,Pune,168,20.67,0.0,5.39
2024-02-17,Pune,168,26.19,0.0,14.88
2024-02-18,Pune,168,27.03,0.0,8.31
2024-02-19,Pune,168,23.86,0.0,9.12
2024-02-20,Pune,168,21.65,0.0,11.87
2024-02-21,Pune,168,20.54,0.0,12.41
2024-02-22,Pune,168,26.54,0.0,0.0
2024-02-23,Pune,168,22.51,0.0,0.0
2024-02-24,Pune,168,19.35,0.0,15.68
2024-02-25,Pune,168,21.24,0.0,14.62
2024-02-26,Pune,168,26.5,0.0,13.78
2024-02-27,Pune,168,23.03,0.0,8.31
2024-02-28,Pune,168,19.86,0.0,16.28
2024-02-29,Pune,168,22.35,0.0,2.82
2024-03-01,Pune,168,25.05,0.0,0.0
2024-03-02,Pune,168,32.61,0.0,0.0
2024-03-03,Pune,168,24.9,0.0,13.71
2024-03-04,Pune,168,24.15,0.0,6.39
2024-03-05,Pune,168,25.85,0.0,8.04
2024-03-06,Pune,168,26.56,0.0,6.24
2024-03-07,Pune,168,24.85,0.0,3.02
2024-03-08,Pune,168,27.49,0.0,9.1
2024-03-09,Pune,168,25.13,0.0,3.75
2024-03-10,Pune,168,23.83,0.0,9.22
2024-03-11,Pune,168,23.13,0.0,10.83
2024-03-12,Pune,168,23.31,0.0,16.16
2024-03-13,Pune,168,24.26,0.0,13.65
2024-03-14,Pune,168,26.96,0.0,11.59
2024-03-15,Pune,168,27.4,0.0,9.57
2024-03-16,Pune,168,24.72,0.0,0.0
2024-03-17,Pune,168,26.74,0.0,12.96
2024-03-18,Pune,168,26.22,0.0,13.26
2024-03-19,Pune,168,24.79,0.0,10.89
2024-03-20,Pune,168,20.83,0.0,3.3
2024-03-21,Pune,168,27.82,0.0,2.93
2024-03-22,Pune,168,27.23,0.0,7.54
2024-03-23,Pune,168,30.02,2.09,5.06
2024-03-24,Pune,168,22.2,0.0,4.43
2024-03-25,Pune,168,27.46,0.0,8.44
2024-03-26,Pune,168,26.52,0.0,7.1
2024-03-27,Pune,168,27.66,0.0,4.94
2024-03-28,Pune,168,30.16,0.0,0.0
2024-03-29,Pune,168,28.13,0.0,12.54
2024-03-30,Pune,168,27.44,0.0,0.0
2024-03-31,Pune,168,26.93,0.0,18.29
2024-04-01,Pune,168,27.9,0.0,13.87
2024-04-02,Pune,168,32.32,0.0,10.67
2024-04-03,Pune,168,29.64,0.0,7.74
2024-04-04,Pune,168,31.4,0.0,7.27
2024-04-05,Pune,168,24.85,0.0,2.82
2024-04-06,Pune,168,31.71,0.0,5.89
2024-04-07,Pune,168,29.68,0.0,4.16
2024-04-08,Pune,168,27.3,0.0,13.76
2024-04-09,Pune,168,27.59,0.0,1.4
2024-04-10,Pune,168,32.49,0.0,5.07
2024-04-11,Pune,168,29.57,0.0,4.08
2024-04-12,Pune,168,29.81,0.0,14.94
2024-04-13,Pune,168,29.09,0.0,10.9
2024-04-14,Pune,168,26.5,0.0,10.32
2024-04-15,Pune,168,29.57,0.0,17.49
2024-04-16,Pune,168,30.41,0.0,6.93
2024-04-17,Pune,168,27.34,0.0,7.17
2024-04-18,Pune,168,30.74,0.0,15.14
2024-04-19,Pune,168,29.51,0.0,9.74
2024-04-20,Pune,168,33.01,0.0,12.19
2024-04-21,Pune,168,29.3,0.0,17.49
2024-04-22,Pune,168,28.18,0.0,11.01
2024-04-23,Pune,168,25.47,0.0,17.16
2024-04-24,Pune,168,28.81,0.0,11.39
2024-04-25,Pune,168,30.91,0.0,11.57
2024-04-26,Pune,168,33.1,0.0,12.29
2024-04-27,Pune,168,26.93,0.0,17.84
2024-04-28,Pune,168,29.77,0.0,10.61
2024-04-29,Pune,168,31.65,0.0,18.38
2024-04-30,Pune,168,34.25,0.0,11.04
2024-05-01,Pune,168,30.74,6.17,10.99
2024-05-02,Pune,168,28.53,0.0,9.72
2024-05-03,Pune,168,29.42,0.0,14.87
2024-05-04,Pune,168,30.15,0.0,12.36
2024-05-05,Pune,168,31.63,0.0,8.33
2024-05-06,Pune,168,30.77,0.0,16.01
2024-05-07,Pune,168,31.7,0.0,13.33
2024-05-08,Pune,168,28.88,0.0,19.02
2024-05-09,Pune,168,29.14,0.0,12.2
2024-05-10,Pune,168,33.79,0.0,23.27
2024-05-11,Pune,168,28.82,0.0,19.12
2024-05-12,Pune,168,31.73,3.74,20.48
2024-05-13,Pune,168,30.66,9.65,19.26
2024-05-14,Pune,168,30.37,0.0,19.41
2024-05-15,Pune,168,28.97,0.0,9.36
2024-05-16,Pune,168,30.85,0.0,9.67
2024-05-17,Pune,168,29.05,0.0,1.64
2024-05-18,Pune,168,32.14,0.0,16.58
2024-05-19,Pune,168,32.02,0.0,15.88
2024-05-20,Pune,168,32.56,0.0,12.4
2024-05-21,Pune,168,29.45,0.0,10.82
2024-05-22,Pune,168,30.09,0.0,15.35
2024-05-23,Pune,168,30.46,0.0,15.43
2024-05-24,Pune,168,26.35,0.0,11.43
2024-05-25,Pune,168,27.15,0.0,21.57
2024-05-26,Pune,168,31.7,0.0,15.27
2024-05-27,Pune,168,31.77,0.0,12.5
2024-05-28,Pune,168,28.64,0.0,16.13
2024-05-29,Pune,168,30.22,0.0,22.06
2024-05-30,Pune,168,29.64,0.0,10.11
2024-05-31,Pune,168,32.24,0.0,11.9
2024-06-01,Pune,168,31.53,4.72,13.28
2024-06-02,Pune,168,30.42,7.75,11.57
2024-06-03,Pune,168,32.4,9.86,13.2
2024-06-04,Pune,168,30.54,41.18,21.04
2024-06-05,Pune,168,27.48,15.13,13.05
2024-06-06,Pune,168,25.49,0.0,18.97
2024-06-07,Pune,168,28.39,6.34,20.82
2024-06-08,Pune,168,25.97,0.0,13.31
2024-06-09,Pune,168,27.03,2.23,16.53
2024-06-10,Pune,168,28.15,0.0,10.52
2024-06-11,Pune,168,26.97,0.0,12.28
2024-06-12,Pune,168,25.44,0.0,8.55
2024-06-13,Pune,168,27.26,0.0,4.37
2024-06-14,Pune,168,24.56,0.0,13.24
2024-06-15,Pune,168,24.04,0.0,12.15
2024-06-16,Pune,168,26.62,5.74,14.36
2024-06-17,Pune,168,23.9,0.0,16.61
2024-06-18,Pune,168,23.43,0.0,14.26
2024-06-19,Pune,168,29.24,0.0,11.83
2024-06-20,Pune,168,27.31,4.46,19.98
2024-06-21,Pune,168,23.92,0.0,18.26
2024-06-22,Pune,168,25.11,0.0,20.64
2024-06-23,Pune,168,24.88,0.0,17.06
2024-06-24,Pune,168,21.62,0.0,13.19
2024-06-25,Pune,168,22.7,0.0,2.94
2024-06-26,Pune,168,22.48,0.0,12.61
2024-06-27,Pune,168,26.45,0.0,17.79
2024-06-28,Pune,168,28.25,0.0,6.9
2024-06-29,Pune,168,28.61,0.0,3.53
2024-06-30,Pune,168,25.19,0.0,15.79
2024-07-01,Pune,168,26.34,0.0,13.76
2024-07-02,Pune,168,23.4,0.0,10.7
2024-07-03,Pune,168,26.11,0.0,19.05
2024-07-04,Pune,168,25.99,0.0,14.54
2024-07-05,Pune,168,22.73,23.17,14.16
2024-07-06,Pune,168,24.63,2.02,13.15
2024-07-07,Pune,168,23.92,1.76,11.32
2024-07-08,Pune,168,22.69,2.45,20.45
2024-07-09,Pune,168,25.32,0.0,14.83
2024-07-10,Pune,168,25.77,0.0,22.46
2024-07-11,Pune,168,27.34,0.0,7.25
2024-07-12,Pune,168,23.63,0.0,20.43
2024-07-13,Pune,168,25.2,0.0,15.65
2024-07-14,Pune,168,29.79,0.0,14.82
2024-07-15,Pune,168,23.63,0.0,16.87
2024-07-16,Pune,168,24.43,4.24,14.03
2024-07-17,Pune,168,29.94,0.0,15.9
2024-07-18,Pune,168,25.51,0.0,19.35
2024-07-19,Pune,168,27.74,13.57,23.64
2024-07-20,Pune,168,24.0,0.0,21.24
2024-07-21,Pune,168,21.69,2.04,18.96
2024-07-22,Pune,168,27.67,8.94,9.86
2024-07-23,Pune,168,23.37,2.57,15.19
2024-07-24,Pune,168,23.69,33.7,19.63
2024-07-25,Pune,168,27.64,0.0,20.73
2024-07-26,Pune,168,27.49,0.0,7.64
2024-07-27,Pune,168,25.36,0.0,16.76
2024-07-28,Pune,168,24.84,0.0,21.93
2024-07-29,Pune,168,26.5,13.13,24.13
2024-07-30,Pune,168,23.42,0.0,17.58
2024-07-31,Pune,168,18.99,0.0,19.05
2024-08-01,Pune,168,18.62,0.0,12.84
2024-08-02,Pune,168,25.54,0.0,8.28
2024-08-03,Pune,168,22.89,2.63,10.51
2024-08-04,Pune,168,26.29,6.41,11.55
2024-08-05,Pune,168,23.65,40.45,14.49
2024-08-06,Pune,168,28.47,6.2,15.89
2024-08-07,Pune,168,22.26,5.68,15.06
2024-08-08,Pune,168,26.96,24.99,6.08
2024-08-09,Pune,168,24.6,0.0,17.69
2024-08-10,Pune,168,25.62,0.25,21.78
2024-08-11,Pune,168,19.62,44.0,15.23
2024-08-12,Pune,168,21.6,0.0,15.87
2024-08-13,Pune,168,22.89,7.47,17.45
2024-08-14,Pune,168,26.47,6.98,5.34
2024-08-15,Pune,168,27.9,5.63,14.27
2024-08-16,Pune,168,26.81,0.0,17.7
2024-08-17,Pune,168,22.01,0.0,10.92
2024-08-18,Pune,168,24.35,0.0,19.14
2024-08-19,Pune,168,29.4,0.0,17.8
2024-08-20,Pune,168,27.76,0.0,20.36
2024-08-21,Pune,168,22.45,0.0,11.35
2024-08-22,Pune,168,26.84,0.0,16.97
2024-08-23,Pune,168,25.42,0.0,24.47
2024-08-24,Pune,168,24.18,0.0,9.22
2024-08-25,Pune,168,23.55,0.81,16.35
2024-08-26,Pune,168,24.45,0.0,23.89
2024-08-27,Pune,168,26.28,0.0,18.22
2024-08-28,Pune,168,23.01,0.0,19.56
2024-08-29,Pune,168,24.71,11.43,20.05
2024-08-30,Pune,168,24.05,4.72,9.9
2024-08-31,Pune,168,23.32,3.21,4.65
2024-09-01,Pune,168,20.14,6.34,9.57
2024-09-02,Pune,168,23.18,3.82,13.63
2024-09-03,Pune,168,25.61,0.0,11.13
2024-09-04,Pune,168,23.15,8.69,8.5
2024-09-05,Pune,168,21.97,58.89,17.5
2024-09-06,Pune,168,25.26,0.0,12.66
2024-09-07,Pune,168,26.79,13.5,7.28
2024-09-08,Pune,168,20.59,4.55,5.14
2024-09-09,Pune,168,23.73,20.9,0.0
2024-09-10,Pune,168,28.62,1.82,9.46
2024-09-11,Pune,168,20.76,23.78,11.94
2024-09-12,Pune,168,27.92,46.04,25.0
2024-09-13,Pune,168,28.37,6.16,9.71
2024-09-14,Pune,168,27.69,7.74,14.97
2024-09-15,Pune,168,27.14,1.55,13.94
2024-09-16,Pune,168,28.6,2.09,12.11
2024-09-17,Pune,168,26.18,31.75,13.32
2024-09-18,Pune,168,25.05,9.14,14.37
2024-09-19,Pune,168,28.57,2.22,11.38
2024-09-20,Pune,168,32.93,8.16,16.3
2024-09-21,Pune,168,27.3,0.0,0.32
2024-09-22,Pune,168,28.63,0.0,9.19
2024-09-23,Pune,168,29.38,0.0,13.87
2024-09-24,Pune,168,25.47,0.0,17.8
2024-09-25,Pune,168,26.34,0.0,11.06
2024-09-26,Pune,168,26.6,0.0,8.42
2024-09-27,Pune,168,25.98,0.0,8.73
2024-09-28,Pune,168,28.24,0.0,8.71
2024-09-29,Pune,168,23.99,0.0,14.59
2024-09-30,Pune,168,29.22,0.0,8.95
2024-10-01,Pune,168,32.82,0.0,7.2
2024-10-02,Pune,168,24.36,0.0,0.0
2024-10-03,Pune,168,25.54,2.46,1.93
2024-10-04,Pune,168,27.46,0.0,3.19
2024-10-05,Pune,168,22.64,0.0,16.02
2024-10-06,Pune,168,19.38,1.94,11.83
2024-10-07,Pune,168,25.54,0.0,5.18
2024-10-08,Pune,168,24.23,0.0,8.96
2024-10-09,Pune,168,26.84,0.0,20.84
2024-10-10,Pune,168,24.36,0.0,9.29
2024-10-11,Pune,168,26.12,3.21,12.22
2024-10-12,Pune,168,25.32,0.0,0.73
2024-10-13,Pune,168,28.0,0.0,5.93
2024-10-14,Pune,168,28.37,0.0,2.58
2024-10-15,Pune,168,25.66,0.0,3.4
2024-10-16,Pune,168,26.82,0.0,15.22
2024-10-17,Pune,168,22.54,0.0,4.11
2024-10-18,Pune,168,29.68,0.0,9.59
2024-10-19,Pune,168,28.9,0.0,4.93
2024-10-20,Pune,168,28.94,0.0,2.06
2024-10-21,Pune,168,25.59,0.0,6.21
2024-10-22,Pune,168,23.78,10.78,15.13
2024-10-23,Pune,168,27.71,12.12,13.19
2024-10-24,Pune,168,23.35,0.0,3.26
2024-10-25,Pune,168,25.29,0.0,6.37
2024-10-26,Pune,168,26.43,0.0,12.1
2024-10-27,Pune,168,28.74,0.0,3.73
2024-10-28,Pune,168,27.2,0.0,11.74
2024-10-29,Pune,168,31.38,0.0,13.23
2024-10-30,Pune,168,25.93,9.54,3.19
2024-10-31,Pune,168,30.11,7.4,10.77
2024-11-01,Pune,168,25.41,0.0,17.12
2024-11-02,Pune,168,19.82,0.0,16.92
2024-11-03,Pune,168,25.45,0.69,17.82
2024-11-04,Pune,168,24.22,0.0,2.89
2024-11-05,Pune,168,26.98,0.0,8.38
2024-11-06,Pune,168,25.18,0.0,0.0
2024-11-07,Pune,168,18.28,0.0,2.76
2024-11-08,Pune,168,17.0,0.0,16.62
2024-11-09,Pune,168,21.08,0.0,11.58
2024-11-10,Pune,168,23.44,0.0,8.78
2024-11-11,Pune,168,21.68,0.0,5.22
2024-11-12,Pune,168,26.95,0.0,9.5
2024-11-13,Pune,168,22.94,0.0,6.93
2024-11-14,Pune,168,21.71,0.0,0.0
2024-11-15,Pune,168,21.73,0.0,18.37
2024-11-16,Pune,168,22.48,0.0,7.77
2024-11-17,Pune,168,23.6,0.0,6.1
2024-11-18,Pune,168,21.69,0.0,3.07
2024-11-19,Pune,168,23.03,0.0,2.6
2024-11-20,Pune,168,23.65,0.0,10.41
2024-11-21,Pune,168,21.25,0.0,6.85
2024-11-22,Pune,168,22.23,0.0,0.43
2024-11-23,Pune,168,25.05,0.0,6.88
2024-11-24,Pune,168,22.43,0.0,0.0
2024-11-25,Pune,168,22.3,0.0,13.14
2024-11-26,Pune,168,19.58,0.0,14.78
2024-11-27,Pune,168,21.0,0.0,4.76
2024-11-28,Pune,168,22.95,0.0,11.08
2024-11-29,Pune,168,23.43,0.0,11.38
2024-11-30,Pune,168,25.88,0.0,3.57
2024-12-01,Pune,168,23.68,0.0,15.16
2024-12-02,Pune,168,21.74,0.0,11.24
2024-12-03,Pune,168,21.47,0.0,4.67
2024-12-04,Pune,168,24.12,0.0,7.02
2024-12-05,Pune,168,22.42,0.0,7.74
2024-12-06,Pune,168,25.96,0.0,4.47
2024-12-07,Pune,168,23.64,0.0,4.79
2024-12-08,Pune,168,24.83,0.0,5.52
2024-12-09,Pune,168,23.84,0.0,0.0
2024-12-10,Pune,168,28.61,0.0,11.49
2024-12-11,Pune,168,25.47,0.0,7.45
2024-12-12,Pune,168,23.65,0.0,0.0
2024-12-13,Pune,168,23.3,0.0,1.67
2024-12-14,Pune,168,20.74,0.0,4.66
2024-12-15,Pune,168,21.11,0.0,6.85
2024-12-16,Pune,168,21.72,0.0,11.51
2024-12-17,Pune,168,23.58,0.0,9.63
2024-12-18,Pune,168,20.79,0.0,14.22
2024-12-19,Pune,168,16.82,0.0,14.63
2024-12-20,Pune,168,21.08,0.0,10.64
2024-12-21,Pune,168,16.24,0.0,11.84
2024-12-22,Pune,168,18.08,0.0,22.52
2024-12-23,Pune,168,22.27,0.0,13.22
2024-12-24,Pune,168,17.34,0.0,8.24
2024-12-25,Pune,168,18.98,0.0,4.25
2024-12-26,Pune,168,14.27,0.0,6.93
2024-12-27,Pune,168,23.09,0.0,9.69
2024-12-28,Pune,168,23.02,0.0,10.45
2024-12-29,Pune,168,22.78,0.0,0.0
2024-12-30,Pune,168,17.61,0.0,11.79
2024-12-31,Pune,168,17.46,0.0,1.68
2025-01-01,Pune,168,18.47,0.0,12.92
2025-01-02,Pune,168,14.33,0.0,9.59
2025-01-03,Pune,168,20.92,0.0,8.37
2025-01-04,Pune,168,19.09,0.0,7.31
2025-01-05,Pune,168,16.42,0.0,5.74
2025-01-06,Pune,168,15.59,5.49,4.67
2025-01-07,Pune,168,19.02,0.0,0.0
2025-01-08,Pune,168,19.19,0.0,11.59
2025-01-09,Pune,168,17.42,16.51,16.47
2025-01-10,Pune,168,19.37,0.0,7.21
2025-01-11,Pune,168,16.97,0.0,14.08
2025-01-12,Pune,168,15.53,0.0,14.03
2025-01-13,Pune,168,19.41,0.0,9.94
2025-01-14,Pune,168,19.43,0.0,0.0
2025-01-15,Pune,168,18.2,0.0,7.51
2025-01-16,Pune,168,23.3,0.0,8.4
2025-01-17,Pune,168,24.46,0.0,18.34
2025-01-18,Pune,168,27.56,0.0,10.6
2025-01-19,Pune,168,25.47,0.0,5.41
2025-01-20,Pune,168,27.01,0.0,15.62
2025-01-21,Pune,168,22.26,0.0,8.2
2025-01-22,Pune,168,24.84,0.0,5.74
2025-01-23,Pune,168,20.18,0.0,4.74
2025-01-24,Pune,168,19.41,0.0,10.6
2025-01-25,Pune,168,25.85,0.0,11.52
2025-01-26,Pune,168,18.83,0.0,6.05
2025-01-27,Pune,168,22.71,0.0,4.99
2025-01-28,Pune,168,18.49,0.0,1.66
2025-01-29,Pune,168,21.07,0.0,3.75
2025-01-30,Pune,168,26.2,0.0,9.44
2025-01-31,Pune,168,17.14,0.0,6.22
2025-02-01,Pune,168,24.05,0.0,10.56
2025-02-02,Pune,168,25.55,0.0,6.99
2025-02-03,Pune,168,21.14,0.0,1.83
2025-02-04,Pune,168,20.27,0.0,7.61
2025-02-05,Pune,168,21.56,0.0,10.78
2025-02-06,Pune,168,28.69,0.0,19.89
2025-02-07,Pune,168,19.57,0.0,10.6
2025-02-08,Pune,168,22.66,0.0,4.3
2025-02-09,Pune,168,23.08,0.3,11.04
2025-02-10,Pune,168,20.68,0.0,1.12
2025-02-11,Pune,168,24.66,0.0,9.38
2025-02-12,Pune,168,22.5,0.0,0.0
2025-02-13,Pune,168,20.94,0.0,14.74
2025-02-14,Pune,168,21.24,0.0,11.07
2025-02-15,Pune,168,19.34,0.0,11.46
2025-02-16,Pune,168,23.15,0.0,12.95
2025-02-17,Pune,168,19.92,0.0,8.53
2025-02-18,Pune,168,24.3,0.0,12.87
2025-02-19,Pune,168,24.27,0.0,15.37
2025-02-20,Pune,168,25.59,0.0,10.62
2025-02-21,Pune,168,19.95,0.0,7.07
2025-02-22,Pune,168,18.7,0.0,16.68
2025-02-23,Pune,168,27.49,0.0,14.45
2025-02-24,Pune,168,23.93,0.0,9.15
2025-02-25,Pune,168,15.42,0.0,16.57
2025-02-26,Pune,168,22.31,0.0,11.58
2025-02-27,Pune,168,19.89,0.0,7.21
2025-02-28,Pune,168,20.55,0.0,2.29
2025-03-01,Pune,168,28.17,0.0,14.46
2025-03-02,Pune,168,25.26,0.0,6.58
2025-03-03,Pune,168,29.08,0.0,11.8
2025-03-04,Pune,168,26.22,0.0,4.23
2025-03-05,Pune,168,28.95,0.0,6.29
2025-03-06,Pune,168,26.43,0.0,14.35
2025-03-07,Pune,168,27.35,0.0,0.0
2025-03-08,Pune,168,24.79,0.0,12.0
2025-03-09,Pune,168,22.06,0.0,18.55
2025-03-10,Pune,168,24.69,0.0,9.56
2025-03-11,Pune,168,22.97,0.0,7.43
2025-03-12,Pune,168,25.52,0.0,5.99
2025-03-13,Pune,168,23.32,0.0,5.7
2025-03-14,Pune,168,24.7,0.0,16.71
2025-03-15,Pune,168,24.99,0.0,11.11
2025-03-16,Pune,168,24.46,0.0,8.45
2025-03-17,Pune,168,27.71,0.0,15.2
2025-03-18,Pune,168,26.83,0.0,7.69
2025-03-19,Pune,168,31.53,0.0,7.51
2025-03-20,Pune,168,27.27,0.0,3.2
2025-03-21,Pune,168,24.48,0.0,15.57
2025-03-22,Pune,168,26.77,0.0,5.58
2025-03-23,Pune,168,29.06,0.0,11.77
2025-03-24,Pune,168,28.89,0.0,8.9
2025-03-25,Pune,168,24.87,0.0,11.86
2025-03-26,Pune,168,24.23,0.0,15.24
2025-03-27,Pune,168,26.63,0.0,15.54
2025-03-28,Pune,168,28.39,0.0,9.49
2025-03-29,Pune,168,24.75,0.0,4.85
2025-03-30,Pune,168,18.11,0.0,2.82
2025-03-31,Pune,168,26.88,0.0,21.88
2025-04-01,Pune,168,30.34,0.0,17.9
2025-04-02,Pune,168,26.09,0.0,11.71
2025-04-03,Pune,168,28.91,0.0,17.76
2025-04-04,Pune,168,27.86,0.0,9.44
2025-04-05,Pune,168,27.8,0.0,16.6
2025-04-06,Pune,168,29.85,0.0,8.04
2025-04-07,Pune,168,27.11,0.0,6.39
2025-04-08,Pune,168,30.69,0.0,14.64
2025-04-09,Pune,168,35.3,0.0,13.38
2025-04-10,Pune,168,33.87,0.0,16.92
2025-04-11,Pune,168,35.34,0.0,9.24
2025-04-12,Pune,168,30.45,0.0,17.13
2025-04-13,Pune,168,32.41,0.0,11.65
2025-04-14,Pune,168,31.14,0.0,11.41
2025-04-15,Pune,168,28.19,0.0,5.73
2025-04-16,Pune,168,25.51,0.0,14.48
2025-04-17,Pune,168,26.75,0.0,20.99
2025-04-18,Pune,168,24.3,0.0,9.66
2025-04-19,Pune,168,28.67,0.0,12.42
2025-04-20,Pune,168,30.17,0.0,11.78
2025-04-21,Pune,168,27.76,0.0,17.1
2025-04-22,Pune,168,32.04,0.0,20.58
2025-04-23,Pune,168,28.85,0.0,9.53
2025-04-24,Pune,168,34.36,0.0,15.7
2025-04-25,Pune,168,31.45,0.0,14.68
2025-04-26,Pune,168,29.31,0.0,5.79
2025-04-27,Pune,168,33.43,0.0,18.46
2025-04-28,Pune,168,29.34,0.0,12.67
2025-04-29,Pune,168,27.77,0.0,14.69
2025-04-30,Pune,168,30.69,0.0,8.23
2025-05-01,Pune,168,35.14,0.0,20.23
2025-05-02,Pune,168,32.66,0.0,8.56
2025-05-03,Pune,168,31.73,0.0,18.88
2025-05-04,Pune,168,29.8,0.0,19.28
2025-05-05,Pune,168,30.53,0.0,11.95
2025-05-06,Pune,168,33.59,1.92,7.27
2025-05-07,Pune,168,35.04,0.0,18.4
2025-05-08,Pune,168,31.46,0.0,11.2
2025-05-09,Pune,168,36.34,0.0,6.86
2025-05-10,Pune,168,36.33,0.0,21.85
2025-05-11,Pune,168,27.6,0.0,8.74
2025-05-12,Pune,168,35.76,0.0,10.88
2025-05-13,Pune,168,31.93,0.0,11.11
2025-05-14,Pune,168,32.73,0.0,14.58
2025-05-15,Pune,168,33.34,0.0,7.19
2025-05-16,Pune,168,34.8,0.0,19.58
2025-05-17,Pune,168,35.5,0.0,2.46
2025-05-18,Pune,168,34.76,0.0,8.22
2025-05-19,Pune,168,31.55,0.0,14.68
2025-05-20,Pune,168,29.24,0.0,16.53
2025-05-21,Pune,168,32.01,0.0,10.78
2025-05-22,Pune,168,30.72,0.0,7.09
2025-05-23,Pune,168,34.48,0.0,10.29
2025-05-24,Pune,168,32.94,0.0,6.32
2025-05-25,Pune,168,33.97,0.0,12.02
2025-05-26,Pune,168,28.34,0.0,3.62
2025-05-27,Pune,168,33.77,0.0,8.95
2025-05-28,Pune,168,33.92,0.0,17.88
2025-05-29,Pune,168,35.66,0.0,14.12
2025-05-30,Pune,168,33.77,0.0,18.79
2025-05-31,Pune,168,38.28,0.0,17.27
2025-06-01,Pune,168,33.49,1.66,16.23
2025-06-02,Pune,168,33.41,0.75,12.45
2025-06-03,Pune,168,26.85,0.0,17.12
2025-06-04,Pune,168,29.47,0.0,12.39
2025-06-05,Pune,168,28.49,0.0,25.41
2025-06-06,Pune,168,26.27,0.0,25.16
2025-06-07,Pune,168,29.24,0.0,6.18
2025-06-08,Pune,168,25.8,0.0,24.59
2025-06-09,Pune,168,32.58,0.0,13.49
2025-06-10,Pune,168,26.92,0.0,10.28
2025-06-11,Pune,168,27.5,0.0,14.79
2025-06-12,Pune,168,25.25,0.0,11.42
2025-06-13,Pune,168,26.98,0.0,10.18
2025-06-14,Pune,168,25.25,1.34,6.33
2025-06-15,Pune,168,29.24,0.0,22.99
2025-06-16,Pune,168,29.54,0.0,17.64
2025-06-17,Pune,168,26.98,0.0,21.72
2025-06-18,Pune,168,25.15,0.0,14.76
2025-06-19,Pune,168,25.57,0.0,14.86
2025-06-20,Pune,168,28.43,0.0,15.96
2025-06-21,Pune,168,27.64,128.25,6.77
2025-06-22,Pune,168,32.1,1.89,14.8
2025-06-23,Pune,168,25.93,1.81,10.98
2025-06-24,Pune,168,28.64,0.0,14.52
2025-06-25,Pune,168,28.2,0.0,22.86
2025-06-26,Pune,168,28.26,0.0,14.9
2025-06-27,Pune,168,34.1,0.0,18.7
2025-06-28,Pune,168,24.69,0.0,19.96
2025-06-29,Pune,168,29.25,0.0,17.92
2025-06-30,Pune,168,27.19,0.0,12.43
2025-07-01,Pune,168,25.14,0.0,6.87
2025-07-02,Pune,168,25.6,0.0,12.37
2025-07-03,Pune,168,22.61,2.82,14.76
2025-07-04,Pune,168,26.57,47.5,24.8
2025-07-05,Pune,168,27.35,13.58,22.98
2025-07-06,Pune,168,23.44,8.14,14.57
2025-07-07,Pune,168,26.88,14.9,21.66
2025-07-08,Pune,168,25.36,0.0,15.1
2025-07-09,Pune,168,16.88,0.0,16.87
2025-07-10,Pune,168,24.0,0.0,9.87
2025-07-11,Pune,168,23.72,59.07,32.36
2025-07-12,Pune,168,23.15,4.48,20.88
2025-07-13,Pune,168,22.62,0.0,18.82
2025-07-14,Pune,168,21.44,5.55,23.79
2025-07-15,Pune,168,23.0,1.11,23.15
2025-07-16,Pune,168,19.39,1.04,17.49
2025-07-17,Pune,168,25.77,0.0,20.68
2025-07-18,Pune,168,23.52,28.1,18.98
2025-07-19,Pune,168,25.81,5.43,20.74
2025-07-20,Pune,168,24.72,19.97,23.17
2025-07-21,Pune,168,25.11,0.0,11.17
2025-07-22,Pune,168,22.08,2.91,20.19
2025-07-23,Pune,168,24.23,0.0,10.25
2025-07-24,Pune,168,25.25,0.0,17.24
2025-07-25,Pune,168,22.67,0.0,19.17
2025-07-26,Pune,168,24.64,0.0,13.76
2025-07-27,Pune,168,22.1,0.0,18.03
2025-07-28,Pune,168,24.37,6.56,20.89
2025-07-29,Pune,168,22.15,11.6,13.16
2025-07-30,Pune,168,29.12,8.18,13.37
2025-07-31,Pune,168,29.68,11.1,20.24
2025-08-01,Pune,168,24.26,5.41,19.54
2025-08-02,Pune,168,25.34,10.04,26.06
2025-08-03,Pune,168,23.42,0.0,10.45
2025-08-04,Pune,168,23.08,0.0,18.03
2025-08-05,Pune,168,27.6,0.0,18.58
2025-08-06,Pune,168,24.15,0.0,14.16
2025-08-07,Pune,168,23.52,0.0,19.96
2025-08-08,Pune,168,22.16,0.0,12.17
2025-08-09,Pune,168,23.7,0.0,10.37
2025-08-10,Pune,168,25.65,0.0,11.63
2025-08-11,Pune,168,23.18,0.0,14.01
2025-08-12,Pune,168,24.8,0.0,14.46
2025-08-13,Pune,168,27.78,0.0,0.91
2025-08-14,Pune,168,26.61,0.0,8.59
2025-08-15,Pune,168,27.14,0.0,13.54
2025-08-16,Pune,168,26.78,0.0,11.82
2025-08-17,Pune,168,26.72,0.0,23.49
2025-08-18,Pune,168,25.11,0.0,14.97
2025-08-19,Pune,168,26.1,0.0,12.67
2025-08-20,Pune,168,29.08,7.08,19.35
2025-08-21,Pune,168,23.89,62.87,23.91
2025-08-22,Pune,168,21.11,0.0,5.33
2025-08-23,Pune,168,22.64,1.56,11.96
2025-08-24,Pune,168,24.93,0.0,11.18
2025-08-25,Pune,168,23.96,1.25,12.15
2025-08-26,Pune,168,22.36,1.81,17.26
2025-08-27,Pune,168,27.5,12.12,15.59
2025-08-28,Pune,168,22.4,0.0,17.35
2025-08-29,Pune,168,23.31,0.0,15.43
2025-08-30,Pune,168,28.21,0.0,12.91
2025-08-31,Pune,168,21.41,0.0,8.77
2025-09-01,Pune,168,23.88,0.0,10.09
2025-09-02,Pune,168,20.39,8.76,13.52
2025-09-03,Pune,168,25.03,0.0,10.74
2025-09-04,Pune,168,20.66,1.62,9.04
2025-09-05,Pune,168,25.53,8.92,14.72
2025-09-06,Pune,168,23.37,0.0,11.98
2025-09-07,Pune,168,24.82,0.0,12.83
2025-09-08,Pune,168,21.74,0.0,17.28
2025-09-09,Pune,168,18.69,0.0,11.18
2025-09-10,Pune,168,20.79,0.0,9.06
2025-09-11,Pune,168,26.59,0.0,10.41
2025-09-12,Pune,168,25.5,0.0,14.99
2025-09-13,Pune,168,24.38,10.49,12.94
2025-09-14,Pune,168,28.69,7.53,14.12
2025-09-15,Pune,168,21.97,0.0,16.73
2025-09-16,Pune,168,24.59,0.0,8.9
2025-09-17,Pune,168,28.0,0.0,13.16
2025-09-18,Pune,168,24.75,35.77,6.98
2025-09-19,Pune,168,26.81,0.0,13.83
2025-09-20,Pune,168,24.56,0.0,16.41
2025-09-21,Pune,168,28.18,0.0,9.01
2025-09-22,Pune,168,26.46,0.0,18.65
2025-09-23,Pune,168,24.6,0.0,14.26
2025-09-24,Pune,168,24.83,0.0,13.37
2025-09-25,Pune,168,23.48,0.0,10.89
2025-09-26,Pune,168,22.31,0.0,12.97
2025-09-27,Pune,168,22.17,2.85,6.59
2025-09-28,Pune,168,20.34,42.0,16.47
2025-09-29,Pune,168,24.82,13.76,6.31
2025-09-30,Pune,168,25.48,0.0,10.54
2023-01-01,Mumbai,24,24.07,0.0,11.35
2023-01-02,Mumbai,24,25.39,0.0,5.7
2023-01-03,Mumbai,24,24.08,0.0,10.31
2023-01-04,Mumbai,24,24.14,0.0,9.38
2023-01-05,Mumbai,24,22.94,0.0,10.18
2023-01-06,Mumbai,24,23.76,0.0,10.83
2023-01-07,Mumbai,24,25.78,0.0,11.73
2023-01-08,Mumbai,24,24.9,0.0,10.55
2023-01-09,Mumbai,24,27.19,0.0,10.07
2023-01-10,Mumbai,24,26.25,0.0,9.64
2023-01-11,Mumbai,24,24.16,0.0,7.93
2023-01-12,Mumbai,24,23.8,0.0,13.38
2023-01-13,Mumbai,24,23.11,0.0,10.31
2023-01-14,Mumbai,24,24.3,0.0,7.21
2023-01-15,Mumbai,24,23.69,0.0,9.32
2023-01-16,Mumbai,24,25.45,0.0,6.65
2023-01-17,Mumbai,24,27.35,0.0,11.21
2023-01-18,Mumbai,24,27.03,0.0,7.73
2023-01-19,Mumbai,24,25.78,0.0,12.29
2023-01-20,Mumbai,24,25.01,0.0,15.27
2023-01-21,Mumbai,24,27.07,0.0,8.27
2023-01-22,Mumbai,24,23.52,0.0,11.06
2023-01-23,Mumbai,24,24.47,0.0,2.4
2023-01-24,Mumbai,24,24.96,0.0,10.33
2023-01-25,Mumbai,24,25.73,0.0,11.46
2023-01-26,Mumbai,24,26.42,0.0,9.11
2023-01-27,Mumbai,24,24.28,0.0,9.27
2023-01-28,Mumbai,24,24.8,0.0,8.89
2023-01-29,Mumbai,24,25.68,0.0,7.81
2023-01-30,Mumbai,24,26.15,0.0,7.82
2023-01-31,Mumbai,24,26.82,0.0,8.84
2023-02-01,Mumbai,24,28.5,0.0,9.55
2023-02-02,Mumbai,24,26.39,0.0,5.47
2023-02-03,Mumbai,24,27.46,0.0,6.34
2023-02-04,Mumbai,24,29.36,0.0,10.79
2023-02-05,Mumbai,24,25.43,0.0,10.34
2023-02-06,Mumbai,24,24.94,0.0,6.92
2023-02-07,Mumbai,24,24.08,0.0,9.37
2023-02-08,Mumbai,24,23.86,0.0,5.83
2023-02-09,Mumbai,24,23.33,0.0,8.37
2023-02-10,Mumbai,24,24.9,0.0,12.0
2023-02-11,Mumbai,24,25.71,0.0,9.23
2023-02-12,Mumbai,24,23.66,0.0,10.26
2023-02-13,Mumbai,24,23.44,0.0,10.5
2023-02-14,Mumbai,24,25.39,0.0,9.02
2023-02-15,Mumbai,24,27.02,0.0,10.62
2023-02-16,Mumbai,24,23.88,0.0,11.19
2023-02-17,Mumbai,24,27.61,0.0,12.42
2023-02-18,Mumbai,24,25.93,0.0,13.73
2023-02-19,Mumbai,24,26.88,0.0,8.94
2023-02-20,Mumbai,24,29.35,0.0,6.42
2023-02-21,Mumbai,24,29.21,0.0,9.8
2023-02-22,Mumbai,24,28.14,0.0,10.76
2023-02-23,Mumbai,24,27.7,0.0,10.26
2023-02-24,Mumbai,24,28.37,0.0,11.96
2023-02-25,Mumbai,24,28.98,0.0,10.64
2023-02-26,Mumbai,24,28.01,0.0,12.89
2023-02-27,Mumbai,24,27.61,0.0,14.01
2023-02-28,Mumbai,24,28.38,0.0,11.91
2023-03-01,Mumbai,24,31.87,0.0,13.19
2023-03-02,Mumbai,24,29.84,0.0,8.12
2023-03-03,Mumbai,24,29.13,0.0,12.91
2023-03-04,Mumbai,24,29.83,0.0,9.79
2023-03-05,Mumbai,24,29.41,0.0,9.59
2023-03-06,Mumbai,24,29.36,0.0,6.85
2023-03-07,Mumbai,24,31.86,0.0,9.11
2023-03-08,Mumbai,24,28.59,0.0,10.29
2023-03-09,Mumbai,24,28.09,0.0,9.8
2023-03-10,Mumbai,24,29.97,0.0,9.06
2023-03-11,Mumbai,24,29.11,0.35,12.19
2023-03-12,Mumbai,24,28.17,0.0,14.25
2023-03-13,Mumbai,24,28.8,0.0,12.22
2023-03-14,Mumbai,24,29.91,0.0,11.73
2023-03-15,Mumbai,24,30.84,0.0,12.7
2023-03-16,Mumbai,24,29.14,0.0,8.21
2023-03-17,Mumbai,24,28.55,0.0,11.56
2023-03-18,Mumbai,24,28.47,0.0,7.44
2023-03-19,Mumbai,24,28.16,0.0,5.29
2023-03-20,Mumbai,24,29.19,0.0,10.02
2023-03-21,Mumbai,24,29.98,0.0,8.44
2023-03-22,Mumbai,24,28.31,0.0,7.35
2023-03-23,Mumbai,24,29.46,0.0,10.12
2023-03-24,Mumbai,24,28.26,0.0,11.31
2023-03-25,Mumbai,24,26.46,0.0,7.8
2023-03-26,Mumbai,24,29.05,0.0,12.04
2023-03-27,Mumbai,24,28.88,0.0,9.43
2023-03-28,Mumbai,24,25.47,0.0,12.2
2023-03-29,Mumbai,24,27.65,0.0,10.13
2023-03-30,Mumbai,24,27.64,0.0,11.47
2023-03-31,Mumbai,24,29.06,0.0,12.32
2023-04-01,Mumbai,24,28.61,0.0,18.11
2023-04-02,Mumbai,24,28.4,0.0,11.38
2023-04-03,Mumbai,24,28.0,0.0,10.51
2023-04-04,Mumbai,24,28.12,0.0,12.59
2023-04-05,Mumbai,24,27.42,0.0,11.55
2023-04-06,Mumbai,24,28.15,0.0,13.96
2023-04-07,Mumbai,24,30.03,0.0,14.94
2023-04-08,Mumbai,24,29.72,0.0,11.47
2023-04-09,Mumbai,24,30.22,0.0,12.45
2023-04-10,Mumbai,24,29.66,0.0,14.65
2023-04-11,Mumbai,24,30.27,0.0,14.06
2023-04-12,Mumbai,24,27.21,0.0,9.35
2023-04-13,Mumbai,24,27.71,0.0,9.57
2023-04-14,Mumbai,24,31.09,0.0,9.51
2023-04-15,Mumbai,24,24.35,0.0,9.17
2023-04-16,Mumbai,24,27.06,0.0,9.66
2023-04-17,Mumbai,24,26.91,0.0,11.66
2023-04-18,Mumbai,24,29.05,0.0,12.36
2023-04-19,Mumbai,24,28.8,0.0,12.33
2023-04-20,Mumbai,24,27.81,0.0,14.9
2023-04-21,Mumbai,24,29.41,0.0,12.78
2023-04-22,Mumbai,24,29.83,0.0,14.81
2023-04-23,Mumbai,24,28.17,0.0,14.13
2023-04-24,Mumbai,24,29.87,0.0,17.09
2023-04-25,Mumbai,24,29.28,0.0,10.19
2023-04-26,Mumbai,24,29.66,0.0,14.43
2023-04-27,Mumbai,24,29.7,0.0,15.22
2023-04-28,Mumbai,24,29.92,0.0,14.2
2023-04-29,Mumbai,24,32.1,0.0,17.63
2023-04-30,Mumbai,24,31.02,0.0,14.9
2023-05-01,Mumbai,24,35.31,0.0,20.27
2023-05-02,Mumbai,24,35.96,0.0,16.93
2023-05-03,Mumbai,24,34.08,0.0,14.7
2023-05-04,Mumbai,24,33.86,0.0,13.09
2023-05-05,Mumbai,24,34.32,0.0,15.57
2023-05-06,Mumbai,24,31.75,0.0,16.84
2023-05-07,Mumbai,24,31.7,0.0,17.48
2023-05-08,Mumbai,24,31.89,0.0,12.4
2023-05-09,Mumbai,24,34.07,0.0,13.1
2023-05-10,Mumbai,24,32.35,0.0,13.82
2023-05-11,Mumbai,24,34.04,0.0,14.69
2023-05-12,Mumbai,24,32.84,0.0,14.53
2023-05-13,Mumbai,24,32.65,0.0,15.53
2023-05-14,Mumbai,24,33.05,0.0,13.06
2023-05-15,Mumbai,24,33.69,0.0,13.46
2023-05-16,Mumbai,24,33.94,0.0,13.94
2023-05-17,Mumbai,24,35.45,0.0,15.91
2023-05-18,Mumbai,24,35.09,0.0,15.87
2023-05-19,Mumbai,24,33.87,0.0,18.43
2023-05-20,Mumbai,24,32.5,0.0,14.28
2023-05-21,Mumbai,24,34.65,0.0,14.19
2023-05-22,Mumbai,24,34.49,2.66,16.9
2023-05-23,Mumbai,24,32.33,1.96,12.79
2023-05-24,Mumbai,24,32.55,0.0,13.71
2023-05-25,Mumbai,24,33.87,0.0,14.24
2023-05-26,Mumbai,24,34.72,0.0,15.07
2023-05-27,Mumbai,24,34.72,0.0,16.02
2023-05-28,Mumbai,24,34.37,0.0,15.1
2023-05-29,Mumbai,24,35.48,0.0,14.26
2023-05-30,Mumbai,24,32.2,0.0,15.89
2023-05-31,Mumbai,24,32.28,0.0,15.13
2023-06-01,Mumbai,24,31.61,0.0,24.63
2023-06-02,Mumbai,24,31.67,13.03,31.39
2023-06-03,Mumbai,24,30.76,0.0,33.18
2023-06-04,Mumbai,24,33.56,3.66,26.51
2023-06-05,Mumbai,24,31.24,6.09,25.29
2023-06-06,Mumbai,24,28.72,0.0,27.4
2023-06-07,Mumbai,24,28.45,90.27,36.93
2023-06-08,Mumbai,24,30.0,33.83,29.16
2023-06-09,Mumbai,24,29.77,53.61,25.82
2023-06-10,Mumbai,24,27.44,0.73,27.79
2023-06-11,Mumbai,24,28.83,82.42,25.65
2023-06-12,Mumbai,24,27.77,16.13,26.69
2023-06-13,Mumbai,24,30.11,41.8,27.64
2023-06-14,Mumbai,24,28.48,23.99,22.97
2023-06-15,Mumbai,24,28.89,0.0,21.94
2023-06-16,Mumbai,24,29.52,0.0,23.42
2023-06-17,Mumbai,24,31.38,0.0,22.86
2023-06-18,Mumbai,24,29.82,35.69,26.23
2023-06-19,Mumbai,24,28.9,0.0,22.53
2023-06-20,Mumbai,24,31.58,0.0,22.75
2023-06-21,Mumbai,24,30.66,0.0,22.96
2023-06-22,Mumbai,24,30.62,30.22,24.71
2023-06-23,Mumbai,24,30.93,28.9,23.99
2023-06-24,Mumbai,24,30.62,15.76,22.78
2023-06-25,Mumbai,24,27.74,8.24,26.41
2023-06-26,Mumbai,24,28.82,14.17,24.88
2023-06-27,Mumbai,24,27.11,81.19,33.48
2023-06-28,Mumbai,24,28.58,0.0,28.19
2023-06-29,Mumbai,24,28.83,0.0,23.52
2023-06-30,Mumbai,24,26.02,0.0,24.48
2023-07-01,Mumbai,24,24.56,15.09,32.16
2023-07-02,Mumbai,24,24.9,12.09,29.48
2023-07-03,Mumbai,24,22.71,6.97,28.79
2023-07-04,Mumbai,24,24.06,0.0,22.77
2023-07-05,Mumbai,24,25.4,0.0,27.06
2023-07-06,Mumbai,24,24.72,0.0,25.69
2023-07-07,Mumbai,24,26.14,0.0,25.34
2023-07-08,Mumbai,24,26.11,0.0,19.47
2023-07-09,Mumbai,24,28.43,0.0,21.74
2023-07-10,Mumbai,24,26.79,62.47,32.57
2023-07-11,Mumbai,24,28.92,2.97,22.48
2023-07-12,Mumbai,24,29.52,19.39,32.25
2023-07-13,Mumbai,24,28.5,0.0,21.97
2023-07-14,Mumbai,24,29.86,0.0,20.12
2023-07-15,Mumbai,24,28.54,0.0,24.58
2023-07-16,Mumbai,24,27.09,0.0,22.98
2023-07-17,Mumbai,24,26.99,0.0,26.73
2023-07-18,Mumbai,24,27.85,0.0,21.57
2023-07-19,Mumbai,24,26.69,0.0,25.3
2023-07-20,Mumbai,24,26.48,20.08,22.17
2023-07-21,Mumbai,24,25.64,25.22,27.01
2023-07-22,Mumbai,24,26.45,3.31,24.23
2023-07-23,Mumbai,24,27.33,5.04,30.07
2023-07-24,Mumbai,24,26.98,0.0,25.41
2023-07-25,Mumbai,24,28.05,23.88,35.72
2023-07-26,Mumbai,24,26.62,104.96,37.46
2023-07-27,Mumbai,24,27.59,0.0,24.11
2023-07-28,Mumbai,24,26.82,0.0,27.01
2023-07-29,Mumbai,24,25.25,0.0,30.76
2023-07-30,Mumbai,24,24.17,16.04,39.26
2023-07-31,Mumbai,24,23.1,10.27,25.56
2023-08-01,Mumbai,24,25.85,126.16,38.22
2023-08-02,Mumbai,24,26.49,0.0,23.28
2023-08-03,Mumbai,24,25.2,0.0,23.14
2023-08-04,Mumbai,24,27.06,0.0,22.9
2023-08-05,Mumbai,24,26.47,0.0,21.42
2023-08-06,Mumbai,24,27.7,7.94,22.47
2023-08-07,Mumbai,24,28.56,70.16,29.25
2023-08-08,Mumbai,24,29.86,0.09,23.48
2023-08-09,Mumbai,24,29.18,118.44,26.99
2023-08-10,Mumbai,24,26.01,61.42,22.09
2023-08-11,Mumbai,24,23.77,17.84,24.04
2023-08-12,Mumbai,24,25.03,0.23,18.47
2023-08-13,Mumbai,24,23.27,23.61,24.3
2023-08-14,Mumbai,24,24.73,14.34,21.97
2023-08-15,Mumbai,24,23.05,2.62,17.08
2023-08-16,Mumbai,24,22.57,11.71,22.07
2023-08-17,Mumbai,24,23.33,1.35,18.74
2023-08-18,Mumbai,24,23.84,25.59,29.23
2023-08-19,Mumbai,24,23.7,3.61,19.48
2023-08-20,Mumbai,24,26.01,33.85,26.06
2023-08-21,Mumbai,24,27.03,29.96,21.48
2023-08-22,Mumbai,24,27.51,50.36,25.77
2023-08-23,Mumbai,24,28.06,10.7,20.04
2023-08-24,Mumbai,24,28.18,14.64,19.99
2023-08-25,Mumbai,24,27.39,9.89,23.49
2023-08-26,Mumbai,24,25.45,8.16,26.65
2023-08-27,Mumbai,24,26.51,15.28,32.12
2023-08-28,Mumbai,24,25.95,26.46,23.04
2023-08-29,Mumbai,24,25.23,0.6,24.75
2023-08-30,Mumbai,24,25.11,2.45,24.32
2023-08-31,Mumbai,24,25.91,20.86,29.21
2023-09-01,Mumbai,24,26.83,0.0,20.43
2023-09-02,Mumbai,24,27.49,7.16,19.65
2023-09-03,Mumbai,24,28.17,0.0,16.12
2023-09-04,Mumbai,24,29.0,0.0,13.21
2023-09-05,Mumbai,24,29.15,0.0,13.51
2023-09-06,Mumbai,24,29.17,2.75,16.55
2023-09-07,Mumbai,24,29.59,15.34,16.78
2023-09-08,Mumbai,24,27.45,14.58,21.87
2023-09-09,Mumbai,24,27.23,6.13,19.22
2023-09-10,Mumbai,24,27.41,0.0,17.19
2023-09-11,Mumbai,24,27.06,0.0,17.9
2023-09-12,Mumbai,24,30.37,0.0,13.31
2023-09-13,Mumbai,24,28.21,0.0,12.4
2023-09-14,Mumbai,24,29.06,39.27,18.11
2023-09-15,Mumbai,24,27.69,5.51,19.74
2023-09-16,Mumbai,24,28.19,38.93,16.28
2023-09-17,Mumbai,24,27.93,6.81,14.34
2023-09-18,Mumbai,24,29.04,1.87,12.33
2023-09-19,Mumbai,24,29.8,12.07,18.81
2023-09-20,Mumbai,24,28.05,2.6,17.08
2023-09-21,Mumbai,24,28.74,3.23,15.17
2023-09-22,Mumbai,24,29.9,52.59,21.72
2023-09-23,Mumbai,24,28.54,1.93,15.45
2023-09-24,Mumbai,24,28.2,9.82,22.71
2023-09-25,Mumbai,24,30.75,26.38,21.7
2023-09-26,Mumbai,24,27.66,0.3,17.86
2023-09-27,Mumbai,24,29.79,0.0,18.3
2023-09-28,Mumbai,24,28.59,0.0,15.36
2023-09-29,Mumbai,24,28.0,1.12,11.76
2023-09-30,Mumbai,24,31.94,2.4,12.74
2023-10-01,Mumbai,24,31.26,0.0,8.59
2023-10-02,Mumbai,24,30.86,0.0,12.97
2023-10-03,Mumbai,24,31.83,0.0,13.57
2023-10-04,Mumbai,24,29.9,0.0,11.25
2023-10-05,Mumbai,24,32.06,0.0,11.79
2023-10-06,Mumbai,24,29.74,2.99,13.95
2023-10-07,Mumbai,24,28.14,0.0,11.01
2023-10-08,Mumbai,24,29.35,0.0,11.57
2023-10-09,Mumbai,24,27.67,0.0,11.97
2023-10-10,Mumbai,24,24.88,53.66,15.97
2023-10-11,Mumbai,24,25.85,0.0,12.11
2023-10-12,Mumbai,24,25.79,0.0,12.44
2023-10-13,Mumbai,24,27.51,0.0,10.19
2023-10-14,Mumbai,24,25.67,0.0,12.78
2023-10-15,Mumbai,24,28.24,0.0,8.69
2023-10-16,Mumbai,24,26.47,0.0,9.7
2023-10-17,Mumbai,24,28.43,0.0,7.76
2023-10-18,Mumbai,24,26.67,0.0,7.78
2023-10-19,Mumbai,24,25.81,0.0,10.29
2023-10-20,Mumbai,24,30.31,0.0,7.46
2023-10-21,Mumbai,24,30.78,0.0,10.26
2023-10-22,Mumbai,24,29.83,0.0,8.8
2023-10-23,Mumbai,24,31.15,0.0,11.23
2023-10-24,Mumbai,24,32.36,0.0,9.97
2023-10-25,Mumbai,24,29.63,0.0,11.6
2023-10-26,Mumbai,24,29.29,40.3,21.37
2023-10-27,Mumbai,24,27.59,0.0,11.44
2023-10-28,Mumbai,24,28.49,0.0,11.35
2023-10-29,Mumbai,24,28.71,0.0,14.95
2023-10-30,Mumbai,24,29.54,15.53,15.73
2023-10-31,Mumbai,24,29.91,0.0,6.46
2023-11-01,Mumbai,24,27.19,0.0,8.05
2023-11-02,Mumbai,24,25.38,0.0,4.6
2023-11-03,Mumbai,24,25.92,0.0,5.2
2023-11-04,Mumbai,24,25.5,0.0,2.67
2023-11-05,Mumbai,24,27.61,0.0,8.28
2023-11-06,Mumbai,24,28.02,0.0,9.38
2023-11-07,Mumbai,24,26.94,0.0,7.93
2023-11-08,Mumbai,24,24.19,0.0,9.86
2023-11-09,Mumbai,24,23.85,0.0,11.09
2023-11-10,Mumbai,24,26.13,39.56,13.22
2023-11-11,Mumbai,24,25.75,0.0,8.69
2023-11-12,Mumbai,24,25.51,0.0,9.57
2023-11-13,Mumbai,24,28.28,0.0,5.33
2023-11-14,Mumbai,24,29.44,0.0,6.33
2023-11-15,Mumbai,24,28.22,0.0,5.87
2023-11-16,Mumbai,24,30.44,0.0,4.51
2023-11-17,Mumbai,24,29.41,0.0,2.81
2023-11-18,Mumbai,24,27.75,0.0,5.76
2023-11-19,Mumbai,24,26.91,0.0,7.21
2023-11-20,Mumbai,24,24.37,0.0,7.7
2023-11-21,Mumbai,24,26.9,0.0,6.77
2023-11-22,Mumbai,24,24.51,0.0,9.6
2023-11-23,Mumbai,24,27.94,0.0,5.49
2023-11-24,Mumbai,24,29.3,0.0,10.96
2023-11-25,Mumbai,24,27.77,0.0,12.68
2023-11-26,Mumbai,24,27.15,0.0,9.39
2023-11-27,Mumbai,24,26.03,0.0,11.24
2023-11-28,Mumbai,24,26.73,0.0,5.73
2023-11-29,Mumbai,24,28.27,0.0,6.96
2023-11-30,Mumbai,24,27.68,0.0,5.04
2023-12-01,Mumbai,24,26.61,0.0,9.98
2023-12-02,Mumbai,24,28.52,0.0,10.53
2023-12-03,Mumbai,24,28.96,0.0,13.2
2023-12-04,Mumbai,24,28.39,0.0,11.37
2023-12-05,Mumbai,24,26.83,0.0,10.5
2023-12-06,Mumbai,24,26.02,0.0,9.71
2023-12-07,Mumbai,24,27.53,0.0,11.0
2023-12-08,Mumbai,24,26.34,0.0,7.62
2023-12-09,Mumbai,24,24.73,0.0,6.68
2023-12-10,Mumbai,24,23.77,0.0,6.9
2023-12-11,Mumbai,24,24.28,0.0,4.09
2023-12-12,Mumbai,24,25.31,0.0,8.11
2023-12-13,Mumbai,24,26.56,0.0,9.49
2023-12-14,Mumbai,24,29.09,0.0,7.4
2023-12-15,Mumbai,24,28.87,0.0,6.61
2023-12-16,Mumbai,24,31.27,0.0,7.15
2023-12-17,Mumbai,24,27.68,0.0,5.59
2023-12-18,Mumbai,24,27.02,0.0,7.08
2023-12-19,Mumbai,24,27.42,0.0,10.92
2023-12-20,Mumbai,24,30.49,0.0,10.31
2023-12-21,Mumbai,24,30.94,0.0,6.46
2023-12-22,Mumbai,24,31.77,0.0,7.47
2023-12-23,Mumbai,24,30.8,0.0,9.87
2023-12-24,Mumbai,24,30.22,0.0,8.42
2023-12-25,Mumbai,24,28.06,0.0,10.58
2023-12-26,Mumbai,24,27.84,0.0,11.36
2023-12-27,Mumbai,24,27.37,0.0,11.16
2023-12-28,Mumbai,24,25.95,0.0,10.49
2023-12-29,Mumbai,24,26.25,0.0,7.27
2023-12-30,Mumbai,24,24.69,0.0,7.89
2023-12-31,Mumbai,24,24.61,0.0,9.58
2024-01-01,Mumbai,24,22.38,0.0,9.38
2024-01-02,Mumbai,24,20.48,0.0,6.69
2024-01-03,Mumbai,24,22.09,0.0,8.47
2024-01-04,Mumbai,24,25.21,0.0,9.44
2024-01-05,Mumbai,24,23.71,0.0,9.62
2024-01-06,Mumbai,24,24.26,0.0,10.66
2024-01-07,Mumbai,24,25.03,0.0,13.96
2024-01-08,Mumbai,24,22.88,0.0,8.5
2024-01-09,Mumbai,24,23.11,0.0,11.34
2024-01-10,Mumbai,24,26.77,0.0,15.76
2024-01-11,Mumbai,24,24.59,0.0,13.36
2024-01-12,Mumbai,24,26.56,0.0,9.31
2024-01-13,Mumbai,24,26.36,0.0,6.89
2024-01-14,Mumbai,24,24.27,0.0,10.23
2024-01-15,Mumbai,24,22.31,0.0,6.77
2024-01-16,Mumbai,24,22.18,0.0,12.53
2024-01-17,Mumbai,24,23.18,0.0,11.93
2024-01-18,Mumbai,24,21.04,0.0,5.9
2024-01-19,Mumbai,24,22.42,0.0,9.47
2024-01-20,Mumbai,24,20.04,0.0,6.3
2024-01-21,Mumbai,24,21.71,0.0,9.32
2024-01-22,Mumbai,24,20.3,0.0,11.0
2024-01-23,Mumbai,24,22.48,0.0,12.31
2024-01-24,Mumbai,24,20.77,0.0,8.87
2024-01-25,Mumbai,24,21.5,0.0,12.33
2024-01-26,Mumbai,24,21.63,0.0,10.5
2024-01-27,Mumbai,24,21.17,0.0,9.36
2024-01-28,Mumbai,24,24.21,0.0,8.48
2024-01-29,Mumbai,24,25.06,0.0,4.11
2024-01-30,Mumbai,24,23.13,0.0,7.67
2024-01-31,Mumbai,24,22.15,0.0,10.47
2024-02-01,Mumbai,24,25.12,0.0,9.42
2024-02-02,Mumbai,24,27.78,0.0,5.09
2024-02-03,Mumbai,24,26.57,0.0,9.92
2024-02-04,Mumbai,24,25.27,0.0,5.74
2024-02-05,Mumbai,24,24.54,0.0,4.11
2024-02-06,Mumbai,24,24.2,0.0,10.07
2024-02-07,Mumbai,24,24.1,0.0,5.86
2024-02-08,Mumbai,24,21.26,0.0,6.85
2024-02-09,Mumbai,24,22.92,0.0,11.19
2024-02-10,Mumbai,24,25.06,0.0,10.76
2024-02-11,Mumbai,24,24.06,0.0,7.59
2024-02-12,Mumbai,24,24.39,0.0,10.44
2024-02-13,Mumbai,24,23.94,0.0,12.18
2024-02-14,Mumbai,24,25.1,0.0,11.1
2024-02-15,Mumbai,24,24.63,0.0,9.12
2024-02-16,Mumbai,24,26.8,0.0,4.65
2024-02-17,Mumbai,24,25.79,0.0,9.78
2024-02-18,Mumbai,24,26.93,0.0,11.15
2024-02-19,Mumbai,24,26.79,0.0,11.17
2024-02-20,Mumbai,24,25.05,0.0,7.98
2024-02-21,Mumbai,24,24.02,0.0,9.48
2024-02-22,Mumbai,24,24.8,0.0,12.71
2024-02-23,Mumbai,24,24.33,0.0,14.19
2024-02-24,Mumbai,24,24.77,0.0,8.02
2024-02-25,Mumbai,24,25.51,0.0,12.05
2024-02-26,Mumbai,24,22.77,0.0,7.28
2024-02-27,Mumbai,24,22.07,0.0,8.2
2024-02-28,Mumbai,24,26.02,0.0,3.62
2024-02-29,Mumbai,24,24.77,0.0,8.96
2024-03-01,Mumbai,24,26.85,0.0,14.73
2024-03-02,Mumbai,24,28.86,0.0,10.27
2024-03-03,Mumbai,24,30.47,0.0,11.04
2024-03-04,Mumbai,24,29.52,0.0,10.07
2024-03-05,Mumbai,24,31.57,0.0,9.6
2024-03-06,Mumbai,24,29.34,0.0,11.21
2024-03-07,Mumbai,24,29.96,0.0,10.74
2024-03-08,Mumbai,24,27.96,0.0,11.53
2024-03-09,Mumbai,24,26.74,0.0,13.82
2024-03-10,Mumbai,24,27.48,0.0,8.08
2024-03-11,Mumbai,24,25.91,0.0,10.61
2024-03-12,Mumbai,24,27.66,1.07,10.75
2024-03-13,Mumbai,24,30.15,0.0,9.39
2024-03-14,Mumbai,24,32.95,0.0,12.96
2024-03-15,Mumbai,24,29.2,0.0,12.6
2024-03-16,Mumbai,24,28.87,0.0,10.18
2024-03-17,Mumbai,24,29.06,0.0,6.0
2024-03-18,Mumbai,24,28.69,0.0,12.02
2024-03-19,Mumbai,24,28.96,0.0,14.29
2024-03-20,Mumbai,24,29.03,0.0,10.64
2024-03-21,Mumbai,24,29.56,0.0,14.78
2024-03-22,Mumbai,24,29.88,0.0,13.71
2024-03-23,Mumbai,24,29.61,0.0,13.47
2024-03-24,Mumbai,24,29.43,0.0,9.38
2024-03-25,Mumbai,24,29.68,0.0,12.8
2024-03-26,Mumbai,24,29.22,0.0,7.24
2024-03-27,Mumbai,24,28.05,0.0,9.89
2024-03-28,Mumbai,24,27.35,0.0,9.92
2024-03-29,Mumbai,24,27.32,0.0,9.83
2024-03-30,Mumbai,24,28.69,0.0,12.58
2024-03-31,Mumbai,24,26.86,0.0,11.13
2024-04-01,Mumbai,24,29.49,0.0,14.69
2024-04-02,Mumbai,24,29.43,0.0,13.25
2024-04-03,Mumbai,24,28.36,0.0,11.42
2024-04-04,Mumbai,24,30.98,0.0,14.24
2024-04-05,Mumbai,24,30.07,0.0,18.07
2024-04-06,Mumbai,24,30.55,0.0,10.16
2024-04-07,Mumbai,24,31.47,0.0,8.8
2024-04-08,Mumbai,24,28.91,0.0,11.98
2024-04-09,Mumbai,24,25.59,0.0,12.76
2024-04-10,Mumbai,24,26.82,0.0,10.72
2024-04-11,Mumbai,24,28.06,0.0,10.88
2024-04-12,Mumbai,24,29.43,0.0,13.16
2024-04-13,Mumbai,24,31.06,0.0,11.33
2024-04-14,Mumbai,24,29.26,0.0,7.15
2024-04-15,Mumbai,24,28.72,0.0,8.7
2024-04-16,Mumbai,24,27.64,0.0,12.06
2024-04-17,Mumbai,24,29.28,0.0,14.29
2024-04-18,Mumbai,24,29.81,0.0,10.93
2024-04-19,Mumbai,24,28.69,0.0,13.63
2024-04-20,Mumbai,24,29.79,0.0,13.69
2024-04-21,Mumbai,24,31.77,0.0,12.89
2024-04-22,Mumbai,24,30.96,0.0,13.75
2024-04-23,Mumbai,24,29.61,0.0,15.05
2024-04-24,Mumbai,24,29.86,0.0,13.54
2024-04-25,Mumbai,24,29.56,0.0,15.24
2024-04-26,Mumbai,24,28.73,0.0,10.27
2024-04-27,Mumbai,24,25.27,0.0,11.46
2024-04-28,Mumbai,24,26.28,0.0,14.24
2024-04-29,Mumbai,24,27.83,0.0,13.45
2024-04-30,Mumbai,24,28.45,0.0,12.47
2024-05-01,Mumbai,24,28.16,0.0,13.96
2024-05-02,Mumbai,24,30.2,0.0,15.74
2024-05-03,Mumbai,24,28.69,0.0,13.27
2024-05-04,Mumbai,24,30.12,0.0,15.15
2024-05-05,Mumbai,24,32.69,0.0,16.41
2024-05-06,Mumbai,24,30.78,0.0,16.76
2024-05-07,Mumbai,24,29.44,0.0,13.11
2024-05-08,Mumbai,24,29.86,0.0,10.63
2024-05-09,Mumbai,24,31.56,0.0,10.45
2024-05-10,Mumbai,24,30.73,0.0,12.39
2024-05-11,Mumbai,24,30.22,0.0,12.96
2024-05-12,Mumbai,24,29.2,0.0,12.52
2024-05-13,Mumbai,24,29.01,0.0,9.94
2024-05-14,Mumbai,24,30.75,7.9,17.87
2024-05-15,Mumbai,24,31.42,0.0,16.33
2024-05-16,Mumbai,24,29.87,0.0,13.72
2024-05-17,Mumbai,24,29.25,0.0,18.12
2024-05-18,Mumbai,24,29.94,0.0,17.63
2024-05-19,Mumbai,24,29.28,0.0,15.53
2024-05-20,Mumbai,24,28.95,0.0,19.82
2024-05-21,Mumbai,24,30.91,0.0,18.09
2024-05-22,Mumbai,24,28.92,0.0,17.38
2024-05-23,Mumbai,24,30.66,0.0,13.92
2024-05-24,Mumbai,24,30.74,0.0,13.62
2024-05-25,Mumbai,24,32.09,0.0,14.7
2024-05-26,Mumbai,24,28.78,0.0,18.14
2024-05-27,Mumbai,24,32.07,0.0,16.5
2024-05-28,Mumbai,24,30.18,0.0,14.28
2024-05-29,Mumbai,24,31.71,0.0,20.0
2024-05-30,Mumbai,24,30.87,0.0,15.78
2024-05-31,Mumbai,24,28.78,0.0,20.51
2024-06-01,Mumbai,24,28.52,0.0,24.13
2024-06-02,Mumbai,24,30.25,22.41,29.3
2024-06-03,Mumbai,24,29.9,1.16,23.62
2024-06-04,Mumbai,24,30.16,45.45,27.0
2024-06-05,Mumbai,24,28.61,25.36,26.74
2024-06-06,Mumbai,24,27.69,1.33,21.31
2024-06-07,Mumbai,24,27.38,0.0,20.24
2024-06-08,Mumbai,24,27.79,12.96,26.84
2024-06-09,Mumbai,24,31.2,17.89,27.08
2024-06-10,Mumbai,24,29.58,6.98,28.06
2024-06-11,Mumbai,24,28.37,8.16,25.01
2024-06-12,Mumbai,24,29.1,10.19,23.7
2024-06-13,Mumbai,24,27.84,12.66,28.27
2024-06-14,Mumbai,24,28.52,31.71,31.26
2024-06-15,Mumbai,24,29.57,2.43,25.18
2024-06-16,Mumbai,24,30.57,29.37,23.64
2024-06-17,Mumbai,24,30.62,0.0,29.55
2024-06-18,Mumbai,24,31.65,43.46,28.04
2024-06-19,Mumbai,24,31.0,14.11,25.1
2024-06-20,Mumbai,24,34.15,7.12,24.47
2024-06-21,Mumbai,24,32.53,24.94,26.68
2024-06-22,Mumbai,24,30.93,1.86,27.38
2024-06-23,Mumbai,24,31.0,24.82,24.78
2024-06-24,Mumbai,24,29.7,0.59,35.29
2024-06-25,Mumbai,24,30.27,0.5,19.74
2024-06-26,Mumbai,24,32.85,19.23,20.61
2024-06-27,Mumbai,24,33.8,50.52,27.38
2024-06-28,Mumbai,24,31.01,14.12,27.53
2024-06-29,Mumbai,24,32.6,55.45,27.62
2024-06-30,Mumbai,24,29.76,29.2,29.8
2024-07-01,Mumbai,24,28.86,29.52,27.36
2024-07-02,Mumbai,24,28.87,49.84,28.06
2024-07-03,Mumbai,24,26.08,7.05,27.96
2024-07-04,Mumbai,24,27.53,11.99,32.2
2024-07-05,Mumbai,24,28.64,0.0,33.12
2024-07-06,Mumbai,24,27.5,5.6,29.69
2024-07-07,Mumbai,24,27.39,5.36,26.9
2024-07-08,Mumbai,24,28.83,0.0,27.97
2024-07-09,Mumbai,24,30.06,11.43,24.01
2024-07-10,Mumbai,24,28.48,17.62,24.92
2024-07-11,Mumbai,24,27.18,3.74,26.77
2024-07-12,Mumbai,24,27.56,45.23,29.97
2024-07-13,Mumbai,24,26.96,66.43,33.29
2024-07-14,Mumbai,24,27.98,1.24,22.31
2024-07-15,Mumbai,24,26.64,10.02,31.21
2024-07-16,Mumbai,24,28.32,30.49,23.11
2024-07-17,Mumbai,24,29.64,15.8,28.9
2024-07-18,Mumbai,24,28.87,59.54,29.51
2024-07-19,Mumbai,24,29.01,35.65,31.14
2024-07-20,Mumbai,24,29.47,35.94,25.43
2024-07-21,Mumbai,24,27.93,12.02,25.54
2024-07-22,Mumbai,24,30.01,3.41,28.91
2024-07-23,Mumbai,24,26.78,25.31,29.18
2024-07-24,Mumbai,24,28.02,0.0,24.09
2024-07-25,Mumbai,24,28.29,23.43,34.76
2024-07-26,Mumbai,24,26.01,127.79,40.03
2024-07-27,Mumbai,24,26.4,5.84,26.93
2024-07-28,Mumbai,24,26.78,10.59,28.18
2024-07-29,Mumbai,24,28.45,28.12,26.17
2024-07-30,Mumbai,24,28.71,25.72,27.43
2024-07-31,Mumbai,24,28.23,11.03,25.97
2024-08-01,Mumbai,24,26.35,0.0,26.27
2024-08-02,Mumbai,24,26.94,14.77,20.88
2024-08-03,Mumbai,24,27.95,9.13,25.67
2024-08-04,Mumbai,24,31.06,5.0,15.79
2024-08-05,Mumbai,24,29.27,6.58,19.89
2024-08-06,Mumbai,24,28.22,14.33,24.89
2024-08-07,Mumbai,24,28.44,24.04,26.08
2024-08-08,Mumbai,24,27.23,3.84,23.78
2024-08-09,Mumbai,24,29.85,13.05,24.66
2024-08-10,Mumbai,24,29.48,54.83,31.95
2024-08-11,Mumbai,24,28.34,8.61,21.81
2024-08-12,Mumbai,24,28.73,23.87,27.91
2024-08-13,Mumbai,24,28.36,43.58,27.39
2024-08-14,Mumbai,24,28.69,31.03,24.17
2024-08-15,Mumbai,24,27.65,26.52,30.45
2024-08-16,Mumbai,24,30.25,23.94,25.43
2024-08-17,Mumbai,24,27.05,7.56,21.85
2024-08-18,Mumbai,24,27.67,7.93,27.89
2024-08-19,Mumbai,24,28.67,7.62,21.37
2024-08-20,Mumbai,24,27.06,2.56,21.45
2024-08-21,Mumbai,24,28.28,4.88,22.75
2024-08-22,Mumbai,24,27.06,21.06,19.98
2024-08-23,Mumbai,24,28.24,0.38,21.67
2024-08-24,Mumbai,24,28.37,26.25,28.0
2024-08-25,Mumbai,24,29.81,6.46,25.58
2024-08-26,Mumbai,24,26.99,20.57,29.83
2024-08-27,Mumbai,24,26.31,0.0,28.88
2024-08-28,Mumbai,24,26.29,22.44,27.32
2024-08-29,Mumbai,24,29.02,5.18,25.19
2024-08-30,Mumbai,24,26.83,55.67,30.68
2024-08-31,Mumbai,24,27.01,25.55,25.89
2024-09-01,Mumbai,24,26.03,7.4,20.27
2024-09-02,Mumbai,24,27.5,0.98,14.45
2024-09-03,Mumbai,24,28.26,10.49,12.04
2024-09-04,Mumbai,24,28.42,8.76,18.31
2024-09-05,Mumbai,24,30.64,4.97,18.97
2024-09-06,Mumbai,24,29.76,10.34,14.93
2024-09-07,Mumbai,24,28.53,0.0,12.64
2024-09-08,Mumbai,24,28.85,0.0,12.08
2024-09-09,Mumbai,24,30.65,31.36,18.69
2024-09-10,Mumbai,24,29.74,32.48,19.84
2024-09-11,Mumbai,24,27.72,11.48,17.15
2024-09-12,Mumbai,24,30.79,22.24,19.82
2024-09-13,Mumbai,24,31.17,1.71,18.71
2024-09-14,Mumbai,24,29.46,16.55,23.68
2024-09-15,Mumbai,24,30.31,5.68,18.83
2024-09-16,Mumbai,24,29.18,8.78,18.86
2024-09-17,Mumbai,24,29.46,3.78,17.92
2024-09-18,Mumbai,24,28.76,9.21,16.44
2024-09-19,Mumbai,24,28.97,3.63,19.43
2024-09-20,Mumbai,24,29.38,20.69,15.63
2024-09-21,Mumbai,24,28.96,18.44,14.35
2024-09-22,Mumbai,24,29.22,1.63,14.16
2024-09-23,Mumbai,24,27.51,3.63,15.79
2024-09-24,Mumbai,24,30.63,4.0,16.59
2024-09-25,Mumbai,24,28.6,3.97,17.53
2024-09-26,Mumbai,24,27.9,11.08,20.55
2024-09-27,Mumbai,24,27.1,15.0,22.17
2024-09-28,Mumbai,24,25.23,0.0,20.2
2024-09-29,Mumbai,24,26.31,9.43,12.21
2024-09-30,Mumbai,24,28.49,3.01,18.97
2024-10-01,Mumbai,24,29.22,0.0,12.17
2024-10-02,Mumbai,24,29.29,0.0,11.6
2024-10-03,Mumbai,24,30.97,0.0,10.72
2024-10-04,Mumbai,24,30.9,0.0,9.21
2024-10-05,Mumbai,24,29.39,0.0,9.96
2024-10-06,Mumbai,24,30.15,0.0,7.65
2024-10-07,Mumbai,24,27.24,0.0,10.25
2024-10-08,Mumbai,24,29.08,0.0,11.05
2024-10-09,Mumbai,24,28.32,0.0,13.42
2024-10-10,Mumbai,24,29.71,5.08,11.29
2024-10-11,Mumbai,24,30.04,0.0,12.63
2024-10-12,Mumbai,24,30.23,0.0,11.07
2024-10-13,Mumbai,24,29.18,0.0,12.49
2024-10-14,Mumbai,24,28.79,0.0,12.01
2024-10-15,Mumbai,24,32.48,8.87,14.27
2024-10-16,Mumbai,24,28.97,6.88,11.75
2024-10-17,Mumbai,24,28.96,0.0,9.61
2024-10-18,Mumbai,24,28.98,0.0,8.18
2024-10-19,Mumbai,24,28.45,0.0,8.47
2024-10-20,Mumbai,24,30.76,0.0,9.87
2024-10-21,Mumbai,24,30.65,0.0,7.59
2024-10-22,Mumbai,24,29.27,0.0,7.01
2024-10-23,Mumbai,24,29.17,0.0,11.7
2024-10-24,Mumbai,24,29.79,0.0,9.68
2024-10-25,Mumbai,24,29.39,0.0,6.92
2024-10-26,Mumbai,24,32.39,0.0,7.28
2024-10-27,Mumbai,24,32.83,0.0,7.96
2024-10-28,Mumbai,24,34.25,0.0,6.11
2024-10-29,Mumbai,24,31.91,0.0,8.37
2024-10-30,Mumbai,24,30.39,0.0,12.02
2024-10-31,Mumbai,24,29.11,0.0,12.47
2024-11-01,Mumbai,24,25.98,0.0,7.15
2024-11-02,Mumbai,24,25.51,0.0,9.06
2024-11-03,Mumbai,24,26.6,0.0,5.99
2024-11-04,Mumbai,24,28.12,0.0,8.31
2024-11-05,Mumbai,24,29.47,0.0,2.81
2024-11-06,Mumbai,24,30.03,0.0,11.74
2024-11-07,Mumbai,24,29.86,0.0,9.14
2024-11-08,Mumbai,24,27.98,0.0,15.1
2024-11-09,Mumbai,24,30.08,0.0,11.67
2024-11-10,Mumbai,24,31.64,0.0,8.92
2024-11-11,Mumbai,24,28.39,0.0,11.54
2024-11-12,Mumbai,24,29.0,0.0,11.38
2024-11-13,Mumbai,24,29.73,0.0,6.76
2024-11-14,Mumbai,24,28.47,0.0,11.2
2024-11-15,Mumbai,24,28.03,0.0,9.19
2024-11-16,Mumbai,24,27.14,0.0,11.8
2024-11-17,Mumbai,24,27.65,0.0,11.53
2024-11-18,Mumbai,24,27.54,0.0,10.56
2024-11-19,Mumbai,24,29.13,0.0,8.38
2024-11-20,Mumbai,24,26.25,0.0,12.22
2024-11-21,Mumbai,24,26.9,0.0,6.31
2024-11-22,Mumbai,24,27.46,0.0,10.52
2024-11-23,Mumbai,24,28.54,0.0,8.57
2024-11-24,Mumbai,24,27.87,0.0,3.64
2024-11-25,Mumbai,24,29.54,0.0,10.77
2024-11-26,Mumbai,24,31.46,0.0,6.83
2024-11-27,Mumbai,24,28.08,0.0,8.19
2024-11-28,Mumbai,24,29.46,0.0,12.07
2024-11-29,Mumbai,24,29.91,0.0,10.42
2024-11-30,Mumbai,24,27.78,0.0,10.56
2024-12-01,Mumbai,24,25.93,0.0,9.19
2024-12-02,Mumbai,24,30.06,0.44,8.52
2024-12-03,Mumbai,24,30.76,0.0,8.98
2024-12-04,Mumbai,24,28.91,0.0,10.0
2024-12-05,Mumbai,24,31.36,0.0,11.13
2024-12-06,Mumbai,24,28.1,0.0,8.36
2024-12-07,Mumbai,24,28.37,0.0,8.96
2024-12-08,Mumbai,24,28.07,0.0,10.46
2024-12-09,Mumbai,24,25.56,0.0,9.36
2024-12-10,Mumbai,24,27.94,0.0,11.38
2024-12-11,Mumbai,24,25.6,0.0,10.06
2024-12-12,Mumbai,24,26.03,0.0,9.53
2024-12-13,Mumbai,24,25.23,0.0,6.15
2024-12-14,Mumbai,24,23.7,0.0,5.03
2024-12-15,Mumbai,24,23.99,0.0,6.69
2024-12-16,Mumbai,24,25.19,0.0,5.18
2024-12-17,Mumbai,24,27.95,0.0,7.66
2024-12-18,Mumbai,24,26.41,0.0,9.51
2024-12-19,Mumbai,24,24.22,0.0,11.14
2024-12-20,Mumbai,24,26.1,0.0,8.24
2024-12-21,Mumbai,24,26.34,0.0,8.48
2024-12-22,Mumbai,24,27.6,0.0,11.57
2024-12-23,Mumbai,24,26.91,0.0,7.46
2024-12-24,Mumbai,24,29.28,0.0,8.88
2024-12-25,Mumbai,24,26.68,0.0,6.62
2024-12-26,Mumbai,24,24.84,0.0,12.71
2024-12-27,Mumbai,24,25.79,0.0,9.99
2024-12-28,Mumbai,24,26.05,0.0,4.88
2024-12-29,Mumbai,24,25.73,0.0,4.77
2024-12-30,Mumbai,24,27.27,0.0,8.08
2024-12-31,Mumbai,24,27.92,0.0,6.41
2025-01-01,Mumbai,24,23.05,0.0,9.43
2025-01-02,Mumbai,24,22.67,0.0,10.38
2025-01-03,Mumbai,24,24.71,0.0,13.21
2025-01-04,Mumbai,24,25.43,0.0,12.77
2025-01-05,Mumbai,24,26.75,0.0,13.75
2025-01-06,Mumbai,24,26.18,0.0,11.43
2025-01-07,Mumbai,24,25.76,0.0,12.37
2025-01-08,Mumbai,24,25.27,0.0,12.11
2025-01-09,Mumbai,24,24.56,0.0,6.56
2025-01-10,Mumbai,24,25.32,1.41,6.14
2025-01-11,Mumbai,24,24.07,0.0,7.48
2025-01-12,Mumbai,24,23.66,0.0,8.8
2025-01-13,Mumbai,24,23.62,0.0,6.71
2025-01-14,Mumbai,24,22.48,0.0,11.6
2025-01-15,Mumbai,24,22.5,0.0,9.2
2025-01-16,Mumbai,24,23.75,0.0,7.92
2025-01-17,Mumbai,24,22.54,0.0,8.05
2025-01-18,Mumbai,24,23.83,0.0,8.98
2025-01-19,Mumbai,24,23.36,0.0,8.89
2025-01-20,Mumbai,24,26.05,0.0,10.68
2025-01-21,Mumbai,24,24.4,0.0,11.19
2025-01-22,Mumbai,24,24.45,0.0,11.49
2025-01-23,Mumbai,24,24.44,0.0,8.06
2025-01-24,Mumbai,24,23.79,0.0,3.87
2025-01-25,Mumbai,24,23.69,0.0,4.39
2025-01-26,Mumbai,24,23.83,0.0,6.82
2025-01-27,Mumbai,24,25.46,0.0,11.36
2025-01-28,Mumbai,24,25.78,0.0,9.43
2025-01-29,Mumbai,24,24.55,0.0,12.72
2025-01-30,Mumbai,24,24.34,0.0,8.8
2025-01-31,Mumbai,24,22.33,0.0,5.66
2025-02-01,Mumbai,24,23.45,0.0,8.86
2025-02-02,Mumbai,24,23.61,0.0,9.38
2025-02-03,Mumbai,24,22.74,0.0,13.59
2025-02-04,Mumbai,24,22.57,0.0,10.71
2025-02-05,Mumbai,24,22.4,0.0,9.09
2025-02-06,Mumbai,24,25.08,0.0,7.66
2025-02-07,Mumbai,24,26.24,0.0,6.86
2025-02-08,Mumbai,24,28.08,0.0,6.98
2025-02-09,Mumbai,24,27.18,0.0,7.69
2025-02-10,Mumbai,24,25.48,0.0,10.93
2025-02-11,Mumbai,24,26.36,0.0,11.91
2025-02-12,Mumbai,24,24.78,0.0,6.41
2025-02-13,Mumbai,24,25.73,0.0,13.35
2025-02-14,Mumbai,24,26.85,0.0,7.09
2025-02-15,Mumbai,24,24.12,0.0,5.48
2025-02-16,Mumbai,24,27.06,0.0,8.03
2025-02-17,Mumbai,24,25.99,0.0,11.89
2025-02-18,Mumbai,24,25.66,0.0,9.41
2025-02-19,Mumbai,24,28.35,0.0,11.43
2025-02-20,Mumbai,24,28.48,0.0,9.28
2025-02-21,Mumbai,24,28.36,0.0,10.12
2025-02-22,Mumbai,24,27.3,0.0,9.59
2025-02-23,Mumbai,24,27.93,0.0,10.35
2025-02-24,Mumbai,24,26.76,0.0,13.45
2025-02-25,Mumbai,24,27.82,0.0,6.48
2025-02-26,Mumbai,24,25.2,0.0,8.37
2025-02-27,Mumbai,24,23.8,0.0,6.74
2025-02-28,Mumbai,24,22.8,0.0,10.91
2025-03-01,Mumbai,24,26.78,0.0,5.55
2025-03-02,Mumbai,24,25.89,0.0,6.66
2025-03-03,Mumbai,24,26.4,0.0,7.5
2025-03-04,Mumbai,24,24.09,0.0,9.21
2025-03-05,Mumbai,24,27.48,0.0,9.21
2025-03-06,Mumbai,24,27.29,0.0,11.41
2025-03-07,Mumbai,24,27.77,0.0,10.87
2025-03-08,Mumbai,24,28.08,0.0,9.74
2025-03-09,Mumbai,24,26.33,0.0,8.93
2025-03-10,Mumbai,24,26.48,0.0,6.95
2025-03-11,Mumbai,24,22.71,0.0,8.67
2025-03-12,Mumbai,24,22.34,0.0,11.94
2025-03-13,Mumbai,24,25.75,0.0,10.69
2025-03-14,Mumbai,24,28.2,0.0,8.97
2025-03-15,Mumbai,24,27.25,0.0,10.49
2025-03-16,Mumbai,24,27.74,0.0,14.9
2025-03-17,Mumbai,24,29.11,0.0,11.43
2025-03-18,Mumbai,24,28.61,0.0,11.29
2025-03-19,Mumbai,24,30.42,0.0,10.88
2025-03-20,Mumbai,24,30.09,0.0,14.53
2025-03-21,Mumbai,24,30.87,0.0,9.29
2025-03-22,Mumbai,24,30.24,0.0,12.43
2025-03-23,Mumbai,24,29.44,0.0,8.04
2025-03-24,Mumbai,24,27.61,0.0,9.56
2025-03-25,Mumbai,24,27.01,0.0,11.57
2025-03-26,Mumbai,24,26.62,0.0,9.74
2025-03-27,Mumbai,24,27.9,0.0,9.61
2025-03-28,Mumbai,24,29.53,0.0,7.77
2025-03-29,Mumbai,24,27.95,0.0,9.56
2025-03-30,Mumbai,24,28.39,0.0,10.4
2025-03-31,Mumbai,24,28.56,0.0,9.5
2025-04-01,Mumbai,24,30.69,0.0,11.32
2025-04-02,Mumbai,24,28.78,0.0,12.18
2025-04-03,Mumbai,24,27.46,0.0,9.78
2025-04-04,Mumbai,24,30.29,0.0,9.65
2025-04-05,Mumbai,24,31.38,0.0,13.65
2025-04-06,Mumbai,24,29.71,0.0,8.9
2025-04-07,Mumbai,24,30.45,0.0,12.25
2025-04-08,Mumbai,24,28.57,0.0,10.87
2025-04-09,Mumbai,24,31.14,0.0,12.73
2025-04-10,Mumbai,24,31.75,0.0,10.86
2025-04-11,Mumbai,24,32.52,0.0,11.74
2025-04-12,Mumbai,24,32.96,0.0,12.33
2025-04-13,Mumbai,24,31.05,0.0,13.07
2025-04-14,Mumbai,24,33.81,0.0,12.37
2025-04-15,Mumbai,24,32.12,0.0,14.17
2025-04-16,Mumbai,24,32.09,0.0,12.12
2025-04-17,Mumbai,24,35.54,0.0,13.29
2025-04-18,Mumbai,24,31.16,0.0,11.7
2025-04-19,Mumbai,24,32.59,0.0,6.74
2025-04-20,Mumbai,24,33.4,0.0,12.3
2025-04-21,Mumbai,24,33.44,0.0,12.84
2025-04-22,Mumbai,24,31.43,0.0,10.0
2025-04-23,Mumbai,24,30.49,0.0,13.37
2025-04-24,Mumbai,24,34.04,0.0,12.05
2025-04-25,Mumbai,24,31.69,0.0,14.19
2025-04-26,Mumbai,24,33.78,0.0,15.81
2025-04-27,Mumbai,24,33.32,0.0,11.64
2025-04-28,Mumbai,24,32.23,0.0,13.15
2025-04-29,Mumbai,24,30.97,0.0,11.79
2025-04-30,Mumbai,24,35.2,0.0,14.32
2025-05-01,Mumbai,24,34.3,0.0,17.2
2025-05-02,Mumbai,24,34.49,0.0,15.07
2025-05-03,Mumbai,24,33.62,0.0,20.59
2025-05-04,Mumbai,24,33.09,0.0,18.07
2025-05-05,Mumbai,24,34.77,0.0,14.13
2025-05-06,Mumbai,24,31.61,0.0,15.3
2025-05-07,Mumbai,24,32.04,0.0,13.52
2025-05-08,Mumbai,24,29.89,0.0,18.32
2025-05-09,Mumbai,24,28.72,0.0,13.17
2025-05-10,Mumbai,24,28.21,0.0,14.74
2025-05-11,Mumbai,24,29.56,0.0,12.63
2025-05-12,Mumbai,24,30.81,0.0,12.29
2025-05-13,Mumbai,24,32.82,0.0,10.22
2025-05-14,Mumbai,24,32.16,0.0,13.85
2025-05-15,Mumbai,24,34.35,0.0,14.7
2025-05-16,Mumbai,24,29.47,0.0,13.77
2025-05-17,Mumbai,24,30.6,0.0,16.07
2025-05-18,Mumbai,24,29.94,0.0,15.6
2025-05-19,Mumbai,24,30.95,0.0,16.41
2025-05-20,Mumbai,24,31.06,0.0,14.97
2025-05-21,Mumbai,24,31.28,0.0,16.9
2025-05-22,Mumbai,24,33.08,0.0,16.47
2025-05-23,Mumbai,24,32.63,0.0,12.63
2025-05-24,Mumbai,24,31.93,0.0,14.79
2025-05-25,Mumbai,24,32.82,0.0,13.43
2025-05-26,Mumbai,24,30.47,0.0,10.11
2025-05-27,Mumbai,24,33.95,0.0,12.65
2025-05-28,Mumbai,24,32.26,0.0,13.05
2025-05-29,Mumbai,24,34.5,0.0,14.13
2025-05-30,Mumbai,24,35.73,0.0,15.57
2025-05-31,Mumbai,24,32.14,0.0,13.52
2025-06-01,Mumbai,24,31.67,33.81,25.55
2025-06-02,Mumbai,24,30.09,18.67,21.99
2025-06-03,Mumbai,24,28.72,42.54,25.93
2025-06-04,Mumbai,24,28.53,2.99,23.81
2025-06-05,Mumbai,24,30.81,0.0,23.36
2025-06-06,Mumbai,24,29.25,12.99,21.35
2025-06-07,Mumbai,24,30.47,0.0,24.65
2025-06-08,Mumbai,24,29.33,1.12,25.22
2025-06-09,Mumbai,24,29.63,0.0,23.8
2025-06-10,Mumbai,24,29.1,22.04,26.35
2025-06-11,Mumbai,24,31.24,0.0,23.21
2025-06-12,Mumbai,24,31.81,3.75,19.68
2025-06-13,Mumbai,24,30.9,0.0,20.68
2025-06-14,Mumbai,24,33.06,6.95,22.76
2025-06-15,Mumbai,24,31.73,80.72,29.07
2025-06-16,Mumbai,24,32.94,0.0,22.11
2025-06-17,Mumbai,24,32.2,12.12,20.63
2025-06-18,Mumbai,24,29.27,0.0,22.28
2025-06-19,Mumbai,24,30.08,0.0,26.21
2025-06-20,Mumbai,24,34.06,0.0,34.14
2025-06-21,Mumbai,24,32.66,34.84,32.44
2025-06-22,Mumbai,24,32.37,23.27,28.89
2025-06-23,Mumbai,24,29.34,34.78,29.12
2025-06-24,Mumbai,24,30.65,2.23,21.76
2025-06-25,Mumbai,24,29.32,0.0,19.25
2025-06-26,Mumbai,24,27.75,0.0,18.72
2025-06-27,Mumbai,24,29.05,0.0,21.84
2025-06-28,Mumbai,24,29.05,18.49,23.36
2025-06-29,Mumbai,24,28.14,0.0,25.68
2025-06-30,Mumbai,24,27.41,0.0,28.39
2025-07-01,Mumbai,24,26.78,0.0,33.65
2025-07-02,Mumbai,24,23.88,6.08,27.94
2025-07-03,Mumbai,24,25.3,32.47,30.94
2025-07-04,Mumbai,24,28.4,21.68,27.78
2025-07-05,Mumbai,24,26.15,95.82,38.65
2025-07-06,Mumbai,24,27.4,157.4,36.55
2025-07-07,Mumbai,24,26.33,1.07,25.28
2025-07-08,Mumbai,24,25.63,0.0,26.25
2025-07-09,Mumbai,24,29.58,0.0,25.38
2025-07-10,Mumbai,24,29.12,0.0,23.29
2025-07-11,Mumbai,24,30.0,0.0,21.83
2025-07-12,Mumbai,24,30.08,1.52,21.24
2025-07-13,Mumbai,24,29.4,2.03,25.0
2025-07-14,Mumbai,24,26.32,104.01,36.13
2025-07-15,Mumbai,24,25.92,36.82,25.85
2025-07-16,Mumbai,24,25.56,40.62,27.09
2025-07-17,Mumbai,24,27.51,8.88,24.12
2025-07-18,Mumbai,24,26.7,54.72,28.03
2025-07-19,Mumbai,24,29.0,25.86,26.91
2025-07-20,Mumbai,24,27.02,9.23,30.35
2025-07-21,Mumbai,24,27.23,0.0,29.13
2025-07-22,Mumbai,24,27.93,1.14,27.88
2025-07-23,Mumbai,24,27.64,69.87,33.31
2025-07-24,Mumbai,24,26.88,10.98,23.7
2025-07-25,Mumbai,24,26.51,33.03,33.32
2025-07-26,Mumbai,24,26.36,26.33,32.94
2025-07-27,Mumbai,24,24.6,25.19,33.06
2025-07-28,Mumbai,24,26.71,2.06,24.71
2025-07-29,Mumbai,24,27.96,2.25,22.76
2025-07-30,Mumbai,24,29.04,31.34,34.19
2025-07-31,Mumbai,24,29.47,47.2,37.7
2025-08-01,Mumbai,24,29.88,24.06,22.74
2025-08-02,Mumbai,24,29.06,0.98,23.6
2025-08-03,Mumbai,24,27.05,0.0,24.74
2025-08-04,Mumbai,24,26.11,0.0,22.43
2025-08-05,Mumbai,24,26.88,0.0,21.01
2025-08-06,Mumbai,24,29.74,0.0,22.46
2025-08-07,Mumbai,24,27.34,0.0,17.95
2025-08-08,Mumbai,24,26.42,0.0,20.8
2025-08-09,Mumbai,24,27.82,10.54,25.25
2025-08-10,Mumbai,24,26.66,23.45,27.72
2025-08-11,Mumbai,24,25.15,5.62,17.39
2025-08-12,Mumbai,24,24.15,7.19,20.92
2025-08-13,Mumbai,24,23.95,35.02,24.98
2025-08-14,Mumbai,24,27.3,0.0,16.46
2025-08-15,Mumbai,24,27.17,0.0,23.56
2025-08-16,Mumbai,24,27.37,2.64,19.11
2025-08-17,Mumbai,24,28.29,0.0,22.93
2025-08-18,Mumbai,24,27.86,11.55,20.28
2025-08-19,Mumbai,24,28.61,0.0,23.8
2025-08-20,Mumbai,24,26.81,3.33,18.66
2025-08-21,Mumbai,24,25.53,0.0,15.26
2025-08-22,Mumbai,24,26.79,0.0,18.06
2025-08-23,Mumbai,24,23.92,0.0,20.47
2025-08-24,Mumbai,24,26.5,0.0,18.74
2025-08-25,Mumbai,24,27.38,0.0,17.95
2025-08-26,Mumbai,24,27.48,36.38,23.07
2025-08-27,Mumbai,24,28.27,18.66,24.16
2025-08-28,Mumbai,24,25.93,0.0,23.15
2025-08-29,Mumbai,24,25.91,1.3,19.75
2025-08-30,Mumbai,24,26.87,5.25,16.19
2025-08-31,Mumbai,24,26.0,2.06,19.51
2025-09-01,Mumbai,24,25.05,7.05,11.14
2025-09-02,Mumbai,24,25.51,0.85,16.48
2025-09-03,Mumbai,24,28.6,71.09,22.42
2025-09-04,Mumbai,24,28.11,5.66,15.46
2025-09-05,Mumbai,24,29.59,26.2,15.97
2025-09-06,Mumbai,24,28.78,2.24,18.04
2025-09-07,Mumbai,24,29.06,25.43,19.71
2025-09-08,Mumbai,24,29.77,0.0,9.4
2025-09-09,Mumbai,24,31.34,0.0,9.51
2025-09-10,Mumbai,24,30.6,0.0,13.54
2025-09-11,Mumbai,24,28.19,33.66,14.57
2025-09-12,Mumbai,24,29.9,51.35,19.13
2025-09-13,Mumbai,24,29.2,15.83,14.05
2025-09-14,Mumbai,24,29.66,17.83,16.96
2025-09-15,Mumbai,24,30.83,2.16,18.92
2025-09-16,Mumbai,24,30.4,0.63,13.65
2025-09-17,Mumbai,24,27.34,8.26,17.41
2025-09-18,Mumbai,24,28.97,28.66,21.29
2025-09-19,Mumbai,24,28.87,2.87,14.53
2025-09-20,Mumbai,24,30.41,1.99,11.22
2025-09-21,Mumbai,24,29.47,10.96,14.96
2025-09-22,Mumbai,24,29.36,42.76,25.06
2025-09-23,Mumbai,24,32.06,4.22,14.38
2025-09-24,Mumbai,24,30.66,5.05,14.47
2025-09-25,Mumbai,24,30.29,2.6,15.86
2025-09-26,Mumbai,24,33.29,1.81,19.35
2025-09-27,Mumbai,24,31.33,6.84,20.26
2025-09-28,Mumbai,24,29.37,9.56,17.26
2025-09-29,Mumbai,24,27.54,9.2,15.27
2025-09-30,Mumbai,24,29.94,1.99,12.57
2023-01-01,Mumbai,72,24.37,0.0,12.31
2023-01-02,Mumbai,72,22.4,0.0,3.23
2023-01-03,Mumbai,72,25.6,0.0,6.3
2023-01-04,Mumbai,72,23.12,0.0,6.33
2023-01-05,Mumbai,72,24.53,0.0,14.86
2023-01-06,Mumbai,72,25.66,0.0,7.75
2023-01-07,Mumbai,72,25.39,0.0,8.9
2023-01-08,Mumbai,72,25.39,0.0,6.45
2023-01-09,Mumbai,72,28.33,0.0,10.55
2023-01-10,Mumbai,72,28.11,0.0,9.99
2023-01-11,Mumbai,72,24.49,0.0,14.1
2023-01-12,Mumbai,72,23.41,0.0,11.21
2023-01-13,Mumbai,72,21.21,0.0,14.81
2023-01-14,Mumbai,72,24.57,0.0,5.3
2023-01-15,Mumbai,72,21.53,0.0,13.91
2023-01-16,Mumbai,72,26.56,0.0,7.72
2023-01-17,Mumbai,72,27.1,0.0,10.33
2023-01-18,Mumbai,72,25.38,0.0,7.92
2023-01-19,Mumbai,72,27.18,0.0,12.36
2023-01-20,Mumbai,72,25.26,0.0,11.76
2023-01-21,Mumbai,72,24.78,0.0,8.48
2023-01-22,Mumbai,72,24.12,0.0,10.35
2023-01-23,Mumbai,72,26.52,0.0,4.84
2023-01-24,Mumbai,72,25.12,0.0,6.37
2023-01-25,Mumbai,72,25.16,0.0,11.83
2023-01-26,Mumbai,72,26.65,0.0,1.83
2023-01-27,Mumbai,72,21.89,0.0,6.37
2023-01-28,Mumbai,72,24.41,0.0,8.17
2023-01-29,Mumbai,72,25.85,0.0,8.06
2023-01-30,Mumbai,72,24.82,0.0,6.78
2023-01-31,Mumbai,72,25.78,0.0,14.27
2023-02-01,Mumbai,72,26.43,0.0,8.81
2023-02-02,Mumbai,72,27.86,0.0,8.81
2023-02-03,Mumbai,72,28.25,0.0,10.38
2023-02-04,Mumbai,72,25.39,0.0,9.96
2023-02-05,Mumbai,72,26.26,0.0,9.6
2023-02-06,Mumbai,72,23.59,0.0,8.69
2023-02-07,Mumbai,72,25.09,0.0,5.69
2023-02-08,Mumbai,72,23.09,0.0,8.1
2023-02-09,Mumbai,72,24.46,0.0,4.55
2023-02-10,Mumbai,72,25.04,0.0,9.02
2023-02-11,Mumbai,72,25.09,0.0,14.17
2023-02-12,Mumbai,72,24.89,0.0,12.29
2023-02-13,Mumbai,72,20.41,0.0,3.49
2023-02-14,Mumbai,72,24.71,0.0,10.32
2023-02-15,Mumbai,72,28.02,0.0,6.71
2023-02-16,Mumbai,72,26.03,0.0,5.06
2023-02-17,Mumbai,72,28.94,0.0,11.43
2023-02-18,Mumbai,72,25.84,0.0,17.59
2023-02-19,Mumbai,72,26.65,0.0,10.68
2023-02-20,Mumbai,72,27.07,0.0,10.48
2023-02-21,Mumbai,72,26.61,0.0,10.83
2023-02-22,Mumbai,72,27.79,0.0,11.04
2023-02-23,Mumbai,72,26.71,0.0,15.86
2023-02-24,Mumbai,72,28.4,0.0,13.77
2023-02-25,Mumbai,72,27.97,0.0,10.22
2023-02-26,Mumbai,72,28.23,0.0,14.37
2023-02-27,Mumbai,72,29.27,0.0,13.4
2023-02-28,Mumbai,72,29.06,0.0,12.31
2023-03-01,Mumbai,72,30.06,0.0,12.56
2023-03-02,Mumbai,72,30.51,0.0,15.6
2023-03-03,Mumbai,72,28.87,0.0,13.68
2023-03-04,Mumbai,72,29.84,0.0,9.26
2023-03-05,Mumbai,72,29.7,0.0,12.55
2023-03-06,Mumbai,72,30.5,0.0,9.03
2023-03-07,Mumbai,72,34.33,0.0,12.94
2023-03-08,Mumbai,72,27.13,0.0,10.69
2023-03-09,Mumbai,72,28.74,0.0,9.13
2023-03-10,Mumbai,72,28.87,0.0,14.18
2023-03-11,Mumbai,72,28.95,0.32,16.65
2023-03-12,Mumbai,72,27.11,0.0,15.81
2023-03-13,Mumbai,72,30.6,0.0,16.05
2023-03-14,Mumbai,72,32.09,0.0,11.07
2023-03-15,Mumbai,72,32.42,0.0,10.27
2023-03-16,Mumbai,72,30.24,0.0,11.46
2023-03-17,Mumbai,72,27.75,0.0,11.6
2023-03-18,Mumbai,72,28.45,0.0,10.6
2023-03-19,Mumbai,72,29.14,0.0,7.63
2023-03-20,Mumbai,72,29.68,0.0,11.71
2023-03-21,Mumbai,72,28.63,0.0,9.27
2023-03-22,Mumbai,72,29.19,0.0,4.04
2023-03-23,Mumbai,72,26.56,0.0,12.7
2023-03-24,Mumbai,72,29.3,0.0,12.65
2023-03-25,Mumbai,72,29.86,0.0,6.13
2023-03-26,Mumbai,72,24.84,0.0,7.3
2023-03-27,Mumbai,72,28.01,0.0,7.81
2023-03-28,Mumbai,72,29.14,0.0,7.52
2023-03-29,Mumbai,72,28.43,0.0,15.99
2023-03-30,Mumbai,72,26.24,0.0,13.46
2023-03-31,Mumbai,72,25.2,0.0,10.31
2023-04-01,Mumbai,72,28.63,0.0,16.85
2023-04-02,Mumbai,72,29.08,0.0,13.69
2023-04-03,Mumbai,72,25.09,0.0,13.24
2023-04-04,Mumbai,72,29.25,0.0,12.78
2023-04-05,Mumbai,72,24.59,0.0,13.11
2023-04-06,Mumbai,72,28.99,0.0,14.17
2023-04-07,Mumbai,72,29.27,0.0,12.46
2023-04-08,Mumbai,72,31.41,0.0,9.25
2023-04-09,Mumbai,72,30.11,0.0,15.36
2023-04-10,Mumbai,72,30.73,0.0,14.24
2023-04-11,Mumbai,72,28.34,0.0,12.21
2023-04-12,Mumbai,72,27.52,0.0,10.41
2023-04-13,Mumbai,72,28.46,0.0,11.95
2023-04-14,Mumbai,72,29.25,0.0,8.24
2023-04-15,Mumbai,72,27.79,0.0,12.72
2023-04-16,Mumbai,72,23.59,0.0,6.42
2023-04-17,Mumbai,72,25.01,0.0,13.36
2023-04-18,Mumbai,72,28.93,0.0,14.77
2023-04-19,Mumbai,72,29.45,0.0,5.51
2023-04-20,Mumbai,72,28.3,0.0,11.64
2023-04-21,Mumbai,72,27.84,0.0,7.54
2023-04-22,Mumbai,72,30.29,0.0,15.49
2023-04-23,Mumbai,72,29.05,0.0,15.59
2023-04-24,Mumbai,72,30.12,0.0,14.0
2023-04-25,Mumbai,72,28.82,0.0,11.76
2023-04-26,Mumbai,72,31.29,0.0,7.89
2023-04-27,Mumbai,72,31.36,0.0,14.21
2023-04-28,Mumbai,72,29.45,0.0,14.03
2023-04-29,Mumbai,72,30.81,0.0,14.41
2023-04-30,Mumbai,72,30.85,0.0,16.11
2023-05-01,Mumbai,72,35.34,0.0,21.17
2023-05-02,Mumbai,72,34.58,0.0,14.06
2023-05-03,Mumbai,72,34.8,0.0,17.06
2023-05-04,Mumbai,72,35.89,0.0,11.71
2023-05-05,Mumbai,72,33.41,0.0,16.61
2023-05-06,Mumbai,72,33.27,0.0,22.16
2023-05-07,Mumbai,72,29.42,0.0,12.36
2023-05-08,Mumbai,72,35.47,0.0,13.31
2023-05-09,Mumbai,72,32.71,0.0,15.19
2023-05-10,Mumbai,72,31.27,0.0,13.85
2023-05-11,Mumbai,72,32.55,0.0,13.66
2023-05-12,Mumbai,72,31.63,0.0,11.4
2023-05-13,Mumbai,72,30.24,0.0,18.5
2023-05-14,Mumbai,72,34.28,0.0,18.95
2023-05-15,Mumbai,72,34.02,0.0,14.64
2023-05-16,Mumbai,72,33.43,0.0,14.23
2023-05-17,Mumbai,72,35.6,0.0,14.35
2023-05-18,Mumbai,72,34.26,0.0,13.95
2023-05-19,Mumbai,72,32.74,0.0,14.93
2023-05-20,Mumbai,72,33.19,0.0,11.39
2023-05-21,Mumbai,72,32.87,0.0,8.49
2023-05-22,Mumbai,72,35.74,5.08,15.27
2023-05-23,Mumbai,72,32.29,3.08,14.44
2023-05-24,Mumbai,72,31.39,0.0,12.85
2023-05-25,Mumbai,72,33.61,0.0,13.76
2023-05-26,Mumbai,72,33.09,0.0,19.11
2023-05-27,Mumbai,72,33.94,0.0,12.84
2023-05-28,Mumbai,72,37.45,0.0,16.79
2023-05-29,Mumbai,72,31.67,0.0,16.28
2023-05-30,Mumbai,72,33.49,0.0,13.39
2023-05-31,Mumbai,72,32.31,0.0,16.28
2023-06-01,Mumbai,72,32.77,0.0,26.58
2023-06-02,Mumbai,72,27.51,30.37,27.83
2023-06-03,Mumbai,72,33.15,0.0,34.66
2023-06-04,Mumbai,72,31.26,6.08,31.07
2023-06-05,Mumbai,72,28.6,6.04,22.09
2023-06-06,Mumbai,72,29.09,24.85,26.77
2023-06-07,Mumbai,72,27.79,61.55,35.2
2023-06-08,Mumbai,72,29.06,23.56,31.14
2023-06-09,Mumbai,72,28.23,41.96,26.91
2023-06-10,Mumbai,72,30.2,81.19,25.15
2023-06-11,Mumbai,72,27.72,63.41,29.34
2023-06-12,Mumbai,72,26.5,30.26,29.45
2023-06-13,Mumbai,72,30.26,34.06,28.27
2023-06-14,Mumbai,72,26.74,1.34,28.38
2023-06-15,Mumbai,72,27.47,0.0,18.97
2023-06-16,Mumbai,72,29.89,0.0,23.19
2023-06-17,Mumbai,72,32.18,0.0,21.84
2023-06-18,Mumbai,72,31.98,20.33,28.59
2023-06-19,Mumbai,72,27.05,0.0,23.15
2023-06-20,Mumbai,72,30.8,4.51,22.77
2023-06-21,Mumbai,72,29.88,0.0,20.7
2023-06-22,Mumbai,72,32.29,40.16,23.74
2023-06-23,Mumbai,72,29.51,44.38,24.05
2023-06-24,Mumbai,72,30.92,16.89,21.74
2023-06-25,Mumbai,72,30.31,23.35,24.72
2023-06-26,Mumbai,72,28.95,9.9,26.2
2023-06-27,Mumbai,72,28.71,39.36,32.07
2023-06-28,Mumbai,72,26.9,0.0,30.66
2023-06-29,Mumbai,72,29.7,0.0,30.22
2023-06-30,Mumbai,72,28.09,0.0,25.03
2023-07-01,Mumbai,72,22.98,11.13,33.15
2023-07-02,Mumbai,72,24.88,47.12,31.94
2023-07-03,Mumbai,72,24.33,26.36,24.44
2023-07-04,Mumbai,72,22.26,0.0,22.05
2023-07-05,Mumbai,72,25.28,0.0,31.36
2023-07-06,Mumbai,72,24.73,0.0,22.3
2023-07-07,Mumbai,72,25.38,0.0,30.76
2023-07-08,Mumbai,72,27.82,0.0,23.25
2023-07-09,Mumbai,72,28.52,0.0,23.36
2023-07-10,Mumbai,72,27.48,72.99,34.05
2023-07-11,Mumbai,72,29.78,4.61,23.69
2023-07-12,Mumbai,72,28.52,58.07,30.06
2023-07-13,Mumbai,72,28.65,0.0,18.1
2023-07-14,Mumbai,72,27.77,0.0,21.01
2023-07-15,Mumbai,72,27.2,0.0,26.62
2023-07-16,Mumbai,72,27.76,0.0,24.58
2023-07-17,Mumbai,72,28.48,0.0,24.14
2023-07-18,Mumbai,72,27.58,0.0,19.59
2023-07-19,Mumbai,72,27.29,0.0,22.1
2023-07-20,Mumbai,72,27.48,10.56,24.88
2023-07-21,Mumbai,72,26.62,11.42,24.58
2023-07-22,Mumbai,72,25.42,2.74,23.69
2023-07-23,Mumbai,72,27.31,17.3,26.57
2023-07-24,Mumbai,72,28.2,0.0,27.08
2023-07-25,Mumbai,72,25.91,98.6,30.73
2023-07-26,Mumbai,72,26.7,119.73,38.25
2023-07-27,Mumbai,72,26.71,0.0,25.79
2023-07-28,Mumbai,72,28.18,0.0,25.44
2023-07-29,Mumbai,72,25.6,0.0,26.04
2023-07-30,Mumbai,72,26.47,112.47,42.03
2023-07-31,Mumbai,72,22.92,22.97,24.3
2023-08-01,Mumbai,72,26.38,264.28,30.71
2023-08-02,Mumbai,72,25.22,0.0,25.27
2023-08-03,Mumbai,72,28.89,0.0,21.24
2023-08-04,Mumbai,72,25.76,0.0,19.59
2023-08-05,Mumbai,72,27.1,0.0,24.52
2023-08-06,Mumbai,72,29.53,4.92,24.98
2023-08-07,Mumbai,72,28.4,94.32,31.47
2023-08-08,Mumbai,72,27.27,35.12,24.22
2023-08-09,Mumbai,72,27.02,0.0,30.32
2023-08-10,Mumbai,72,27.17,38.17,25.16
2023-08-11,Mumbai,72,22.2,32.95,25.35
2023-08-12,Mumbai,72,27.83,0.31,19.01
2023-08-13,Mumbai,72,23.23,22.94,23.98
2023-08-14,Mumbai,72,26.21,21.92,19.51
2023-08-15,Mumbai,72,21.01,0.82,17.36
2023-08-16,Mumbai,72,26.76,5.2,23.7
2023-08-17,Mumbai,72,24.95,23.72,18.03
2023-08-18,Mumbai,72,23.71,89.93,25.23
2023-08-19,Mumbai,72,26.95,2.02,20.61
2023-08-20,Mumbai,72,24.63,12.73,25.51
2023-08-21,Mumbai,72,27.86,18.46,23.42
2023-08-22,Mumbai,72,28.71,28.25,20.66
2023-08-23,Mumbai,72,26.84,29.18,18.8
2023-08-24,Mumbai,72,28.91,9.13,23.03
2023-08-25,Mumbai,72,27.25,0.0,20.15
2023-08-26,Mumbai,72,27.24,3.82,26.12
2023-08-27,Mumbai,72,26.13,211.81,32.66
2023-08-28,Mumbai,72,26.33,44.49,25.3
2023-08-29,Mumbai,72,22.01,7.97,24.41
2023-08-30,Mumbai,72,25.52,6.3,25.17
2023-08-31,Mumbai,72,25.88,5.44,25.21
2023-09-01,Mumbai,72,28.33,21.4,21.74
2023-09-02,Mumbai,72,23.49,7.18,20.48
2023-09-03,Mumbai,72,28.07,0.0,16.77
2023-09-04,Mumbai,72,28.8,0.0,14.85
2023-09-05,Mumbai,72,29.07,0.0,14.16
2023-09-06,Mumbai,72,28.95,4.55,19.11
2023-09-07,Mumbai,72,29.59,22.98,17.05
2023-09-08,Mumbai,72,26.59,14.75,21.55
2023-09-09,Mumbai,72,28.02,8.85,22.47
2023-09-10,Mumbai,72,26.59,0.0,20.49
2023-09-11,Mumbai,72,25.07,0.0,20.14
2023-09-12,Mumbai,72,28.66,0.0,13.19
2023-09-13,Mumbai,72,28.64,0.0,12.13
2023-09-14,Mumbai,72,30.41,54.46,14.91
2023-09-15,Mumbai,72,29.51,35.55,20.7
2023-09-16,Mumbai,72,25.81,51.36,17.58
2023-09-17,Mumbai,72,27.53,11.94,12.61
2023-09-18,Mumbai,72,27.42,3.19,14.48
2023-09-19,Mumbai,72,30.37,7.7,18.14
2023-09-20,Mumbai,72,29.55,1.14,14.33
2023-09-21,Mumbai,72,29.87,6.79,14.35
2023-09-22,Mumbai,72,32.4,21.89,21.63
2023-09-23,Mumbai,72,27.54,0.97,16.69
2023-09-24,Mumbai,72,31.43,3.79,18.63
2023-09-25,Mumbai,72,29.92,28.02,19.9
2023-09-26,Mumbai,72,27.85,28.23,20.54
2023-09-27,Mumbai,72,28.16,9.17,15.24
2023-09-28,Mumbai,72,25.77,27.72,10.85
2023-09-29,Mumbai,72,28.27,1.39,15.59
2023-09-30,Mumbai,72,33.08,4.51,17.36
2023-10-01,Mumbai,72,32.39,0.0,1.78
2023-10-02,Mumbai,72,32.23,0.0,16.4
2023-10-03,Mumbai,72,32.01,0.0,13.39
2023-10-04,Mumbai,72,30.41,0.0,7.74
2023-10-05,Mumbai,72,30.9,0.0,9.76
2023-10-06,Mumbai,72,31.34,1.65,9.26
2023-10-07,Mumbai,72,27.72,0.0,14.51
2023-10-08,Mumbai,72,31.36,0.0,5.67
2023-10-09,Mumbai,72,25.05,0.0,8.1
2023-10-10,Mumbai,72,27.17,71.58,8.53
2023-10-11,Mumbai,72,24.56,0.0,12.44
2023-10-12,Mumbai,72,27.6,0.0,14.04
2023-10-13,Mumbai,72,28.44,0.0,11.51
2023-10-14,Mumbai,72,26.17,0.0,14.25
2023-10-15,Mumbai,72,26.57,0.0,8.0
2023-10-16,Mumbai,72,25.87,0.0,11.6
2023-10-17,Mumbai,72,24.96,0.0,11.15
2023-10-18,Mumbai,72,28.57,0.0,11.19
2023-10-19,Mumbai,72,24.63,0.0,10.26
2023-10-20,Mumbai,72,30.81,0.0,11.83
2023-10-21,Mumbai,72,28.84,0.0,9.46
2023-10-22,Mumbai,72,30.63,0.0,17.35
2023-10-23,Mumbai,72,30.23,0.0,11.23
2023-10-24,Mumbai,72,34.29,0.0,11.88
2023-10-25,Mumbai,72,27.44,0.0,10.6
2023-10-26,Mumbai,72,29.55,67.32,13.94
2023-10-27,Mumbai,72,28.75,0.0,10.99
2023-10-28,Mumbai,72,28.4,0.0,13.36
2023-10-29,Mumbai,72,28.69,0.0,14.27
2023-10-30,Mumbai,72,31.47,0.0,11.93
2023-10-31,Mumbai,72,29.19,0.0,8.18
2023-11-01,Mumbai,72,28.38,0.0,6.05
2023-11-02,Mumbai,72,26.34,0.0,4.7
2023-11-03,Mumbai,72,29.47,0.0,10.84
2023-11-04,Mumbai,72,27.03,0.0,3.08
2023-11-05,Mumbai,72,25.28,0.0,9.72
2023-11-06,Mumbai,72,28.7,0.0,8.25
2023-11-07,Mumbai,72,27.06,0.0,11.63
2023-11-08,Mumbai,72,24.74,0.0,15.12
2023-11-09,Mumbai,72,24.39,0.0,17.8
2023-11-10,Mumbai,72,26.56,15.57,13.47
2023-11-11,Mumbai,72,25.11,0.0,11.21
2023-11-12,Mumbai,72,26.3,0.0,6.75
2023-11-13,Mumbai,72,25.68,0.0,5.62
2023-11-14,Mumbai,72,29.95,0.0,4.76
2023-11-15,Mumbai,72,27.6,0.0,6.37
2023-11-16,Mumbai,72,27.68,0.0,5.98
2023-11-17,Mumbai,72,28.15,0.0,6.27
2023-11-18,Mumbai,72,29.84,0.0,7.49
2023-11-19,Mumbai,72,24.03,0.0,7.31
2023-11-20,Mumbai,72,24.27,0.0,9.06
2023-11-21,Mumbai,72,27.07,0.0,8.98
2023-11-22,Mumbai,72,25.2,0.0,7.19
2023-11-23,Mumbai,72,29.18,0.0,3.97
2023-11-24,Mumbai,72,29.08,0.0,10.43
2023-11-25,Mumbai,72,29.06,0.0,8.6
2023-11-26,Mumbai,72,26.36,0.0,10.31
2023-11-27,Mumbai,72,22.52,0.0,8.23
2023-11-28,Mumbai,72,28.73,0.0,7.43
2023-11-29,Mumbai,72,28.34,0.0,6.14
2023-11-30,Mumbai,72,29.36,0.0,10.48
2023-12-01,Mumbai,72,26.22,0.0,9.56
2023-12-02,Mumbai,72,29.23,0.0,12.63
2023-12-03,Mumbai,72,28.37,0.0,16.88
2023-12-04,Mumbai,72,31.32,0.0,8.95
2023-12-05,Mumbai,72,27.31,0.0,8.87
2023-12-06,Mumbai,72,29.0,0.0,7.3
2023-12-07,Mumbai,72,28.1,0.0,10.64
2023-12-08,Mumbai,72,26.19,0.0,5.03
2023-12-09,Mumbai,72,24.43,0.0,10.27
2023-12-10,Mumbai,72,26.24,0.0,3.38
2023-12-11,Mumbai,72,23.34,0.0,8.26
2023-12-12,Mumbai,72,26.57,0.0,10.48
2023-12-13,Mumbai,72,25.32,0.0,9.52
2023-12-14,Mumbai,72,27.22,0.0,9.37
2023-12-15,Mumbai,72,30.19,0.0,4.1
2023-12-16,Mumbai,72,30.83,0.0,7.8
2023-12-17,Mumbai,72,27.75,0.0,5.34
2023-12-18,Mumbai,72,26.11,0.0,6.33
2023-12-19,Mumbai,72,26.54,0.0,10.34
2023-12-20,Mumbai,72,31.9,0.0,12.07
2023-12-21,Mumbai,72,31.53,0.0,6.91
2023-12-22,Mumbai,72,31.76,0.0,11.08
2023-12-23,Mumbai,72,31.46,0.0,10.47
2023-12-24,Mumbai,72,29.74,0.0,0.0
2023-12-25,Mumbai,72,27.62,0.0,3.88
2023-12-26,Mumbai,72,25.63,0.0,9.48
2023-12-27,Mumbai,72,31.68,0.0,14.9
2023-12-28,Mumbai,72,28.97,0.0,7.9
2023-12-29,Mumbai,72,27.6,0.0,9.86
2023-12-30,Mumbai,72,25.48,0.0,6.88
2023-12-31,Mumbai,72,22.44,0.0,5.53
2024-01-01,Mumbai,72,18.55,0.0,8.1
2024-01-02,Mumbai,72,20.49,0.0,9.59
2024-01-03,Mumbai,72,21.01,0.0,8.22
2024-01-04,Mumbai,72,25.7,0.0,7.69
2024-01-05,Mumbai,72,23.08,0.0,8.28
2024-01-06,Mumbai,72,22.02,0.0,9.53
2024-01-07,Mumbai,72,22.5,0.0,6.58
2024-01-08,Mumbai,72,23.57,0.0,11.26
2024-01-09,Mumbai,72,23.76,0.0,11.78
2024-01-10,Mumbai,72,26.85,0.0,13.05
2024-01-11,Mumbai,72,25.91,0.0,16.0
2024-01-12,Mumbai,72,24.03,0.0,9.37
2024-01-13,Mumbai,72,22.62,0.0,8.73
2024-01-14,Mumbai,72,22.79,0.0,10.18
2024-01-15,Mumbai,72,21.97,0.0,4.03
2024-01-16,Mumbai,72,20.28,0.0,9.69
2024-01-17,Mumbai,72,23.29,0.0,8.33
2024-01-18,Mumbai,72,20.0,0.0,11.31
2024-01-19,Mumbai,72,21.69,0.0,9.43
2024-01-20,Mumbai,72,17.7,0.0,5.96
2024-01-21,Mumbai,72,21.65,0.0,3.07
2024-01-22,Mumbai,72,20.76,0.0,13.47
2024-01-23,Mumbai,72,23.72,0.0,7.49
2024-01-24,Mumbai,72,21.22,0.0,6.73
2024-01-25,Mumbai,72,23.32,0.0,14.53
2024-01-26,Mumbai,72,20.13,0.0,6.6
2024-01-27,Mumbai,72,21.95,0.0,8.17
2024-01-28,Mumbai,72,23.3,0.0,3.92
2024-01-29,Mumbai,72,23.8,0.0,2.06
2024-01-30,Mumbai,72,25.5,0.0,13.03
2024-01-31,Mumbai,72,22.68,0.0,4.32
2024-02-01,Mumbai,72,23.44,0.0,7.9
2024-02-02,Mumbai,72,27.34,0.0,7.73
2024-02-03,Mumbai,72,27.5,0.0,8.59
2024-02-04,Mumbai,72,24.4,0.0,8.36
2024-02-05,Mumbai,72,24.26,0.0,0.0
2024-02-06,Mumbai,72,23.58,0.0,2.34
2024-02-07,Mumbai,72,24.98,0.0,9.73
2024-02-08,Mumbai,72,22.14,0.0,7.87
2024-02-09,Mumbai,72,21.46,0.0,6.78
2024-02-10,Mumbai,72,25.92,0.0,12.01
2024-02-11,Mumbai,72,25.12,0.0,5.51
2024-02-12,Mumbai,72,23.36,0.0,15.77
2024-02-13,Mumbai,72,22.26,0.0,9.99
2024-02-14,Mumbai,72,23.33,0.0,17.12
2024-02-15,Mumbai,72,27.79,0.0,9.02
2024-02-16,Mumbai,72,27.44,0.0,2.4
2024-02-17,Mumbai,72,24.89,0.0,7.87
2024-02-18,Mumbai,72,26.38,0.0,12.78
2024-02-19,Mumbai,72,27.03,0.0,11.78
2024-02-20,Mumbai,72,26.58,0.0,13.2
2024-02-21,Mumbai,72,23.73,0.0,7.95
2024-02-22,Mumbai,72,25.11,0.0,6.94
2024-02-23,Mumbai,72,24.47,0.0,5.99
2024-02-24,Mumbai,72,26.71,0.0,8.72
2024-02-25,Mumbai,72,24.52,0.0,10.83
2024-02-26,Mumbai,72,20.55,0.0,11.45
2024-02-27,Mumbai,72,22.95,0.0,9.21
2024-02-28,Mumbai,72,26.15,0.0,2.69
2024-02-29,Mumbai,72,22.73,0.0,5.31
2024-03-01,Mumbai,72,27.07,0.0,11.14
2024-03-02,Mumbai,72,28.66,0.0,9.95
2024-03-03,Mumbai,72,27.06,0.0,11.86
2024-03-04,Mumbai,72,30.28,0.0,12.26
2024-03-05,Mumbai,72,32.47,0.0,4.08
2024-03-06,Mumbai,72,32.54,0.0,9.81
2024-03-07,Mumbai,72,32.56,0.0,9.69
2024-03-08,Mumbai,72,26.94,0.0,11.99
2024-03-09,Mumbai,72,25.5,0.0,14.54
2024-03-10,Mumbai,72,28.01,0.0,8.47
2024-03-11,Mumbai,72,25.78,0.0,7.73
2024-03-12,Mumbai,72,26.63,1.89,8.7
2024-03-13,Mumbai,72,30.36,0.0,8.13
2024-03-14,Mumbai,72,29.2,0.0,13.89
2024-03-15,Mumbai,72,30.72,0.0,13.05
2024-03-16,Mumbai,72,27.53,0.0,7.83
2024-03-17,Mumbai,72,28.47,0.0,9.2
2024-03-18,Mumbai,72,30.2,0.0,12.28
2024-03-19,Mumbai,72,29.47,0.0,10.52
2024-03-20,Mumbai,72,27.83,0.0,11.59
2024-03-21,Mumbai,72,30.78,0.0,11.1
2024-03-22,Mumbai,72,30.9,0.0,15.04
2024-03-23,Mumbai,72,29.4,0.0,7.36
2024-03-24,Mumbai,72,31.13,0.0,4.47
2024-03-25,Mumbai,72,30.52,0.0,11.43
2024-03-26,Mumbai,72,27.11,0.0,12.77
2024-03-27,Mumbai,72,27.21,0.0,8.79
2024-03-28,Mumbai,72,29.76,0.0,9.43
2024-03-29,Mumbai,72,26.91,0.0,6.51
2024-03-30,Mumbai,72,27.26,0.0,13.87
2024-03-31,Mumbai,72,27.49,0.0,11.56
2024-04-01,Mumbai,72,29.08,0.0,15.08
2024-04-02,Mumbai,72,28.9,0.0,10.22
2024-04-03,Mumbai,72,30.88,0.0,14.03
2024-04-04,Mumbai,72,30.42,0.0,17.06
2024-04-05,Mumbai,72,29.69,0.0,21.19
2024-04-06,Mumbai,72,30.82,0.0,11.46
2024-04-07,Mumbai,72,33.1,0.0,10.86
2024-04-08,Mumbai,72,33.3,0.0,15.11
2024-04-09,Mumbai,72,28.75,0.0,20.58
2024-04-10,Mumbai,72,28.69,0.0,9.56
2024-04-11,Mumbai,72,28.41,0.0,15.35
2024-04-12,Mumbai,72,29.29,0.0,11.04
2024-04-13,Mumbai,72,28.81,0.0,11.81
2024-04-14,Mumbai,72,30.34,0.0,8.31
2024-04-15,Mumbai,72,29.02,0.0,14.4
2024-04-16,Mumbai,72,28.2,0.0,14.77
2024-04-17,Mumbai,72,28.74,0.0,17.48
2024-04-18,Mumbai,72,30.03,0.0,17.28
2024-04-19,Mumbai,72,29.72,0.0,6.08
2024-04-20,Mumbai,72,33.39,0.0,9.51
2024-04-21,Mumbai,72,30.66,0.0,13.52
2024-04-22,Mumbai,72,31.06,0.0,11.54
2024-04-23,Mumbai,72,32.43,0.0,13.69
2024-04-24,Mumbai,72,28.08,0.0,17.55
2024-04-25,Mumbai,72,30.45,0.0,13.48
2024-04-26,Mumbai,72,27.57,0.0,10.96
2024-04-27,Mumbai,72,26.67,0.0,11.23
2024-04-28,Mumbai,72,27.38,0.0,9.51
2024-04-29,Mumbai,72,28.91,0.0,10.43
2024-04-30,Mumbai,72,29.66,0.0,15.53
2024-05-01,Mumbai,72,27.36,0.0,13.07
2024-05-02,Mumbai,72,31.82,0.0,14.53
2024-05-03,Mumbai,72,29.58,0.0,16.33
2024-05-04,Mumbai,72,32.52,0.0,15.51
2024-05-05,Mumbai,72,32.08,0.0,11.65
2024-05-06,Mumbai,72,30.62,0.0,18.13
2024-05-07,Mumbai,72,28.85,0.0,12.12
2024-05-08,Mumbai,72,26.55,0.0,9.3
2024-05-09,Mumbai,72,32.71,0.0,12.76
2024-05-10,Mumbai,72,31.59,0.0,15.16
2024-05-11,Mumbai,72,29.62,0.0,9.24
2024-05-12,Mumbai,72,24.68,0.0,12.79
2024-05-13,Mumbai,72,28.1,0.0,11.67
2024-05-14,Mumbai,72,28.53,10.66,16.1
2024-05-15,Mumbai,72,27.48,0.0,17.18
2024-05-16,Mumbai,72,30.57,0.0,17.24
2024-05-17,Mumbai,72,28.68,0.0,17.13
2024-05-18,Mumbai,72,30.5,0.0,16.97
2024-05-19,Mumbai,72,30.56,0.0,20.54
2024-05-20,Mumbai,72,32.16,0.0,18.46
2024-05-21,Mumbai,72,33.93,0.0,21.86
2024-05-22,Mumbai,72,29.1,0.0,16.66
2024-05-23,Mumbai,72,31.03,0.0,16.27
2024-05-24,Mumbai,72,29.86,0.0,14.27
2024-05-25,Mumbai,72,31.65,0.0,15.97
2024-05-26,Mumbai,72,29.25,0.0,25.01
2024-05-27,Mumbai,72,31.33,0.0,14.87
2024-05-28,Mumbai,72,30.26,0.0,12.22
2024-05-29,Mumbai,72,32.79,0.0,15.22
2024-05-30,Mumbai,72,29.71,0.0,19.09
2024-05-31,Mumbai,72,26.56,0.0,14.08
2024-06-01,Mumbai,72,27.41,0.0,27.0
2024-06-02,Mumbai,72,30.27,6.67,30.08
2024-06-03,Mumbai,72,30.75,1.53,22.61
2024-06-04,Mumbai,72,28.58,9.95,27.8
2024-06-05,Mumbai,72,27.0,11.02,26.66
2024-06-06,Mumbai,72,27.37,23.94,20.11
2024-06-07,Mumbai,72,30.6,0.0,20.5
2024-06-08,Mumbai,72,28.78,33.4,22.64
2024-06-09,Mumbai,72,29.32,0.0,26.24
2024-06-10,Mumbai,72,29.65,22.2,29.27
2024-06-11,Mumbai,72,27.25,3.66,22.27
2024-06-12,Mumbai,72,26.63,8.71,26.22
2024-06-13,Mumbai,72,29.55,46.6,31.41
2024-06-14,Mumbai,72,28.24,38.82,30.19
2024-06-15,Mumbai,72,30.72,16.26,27.6
2024-06-16,Mumbai,72,32.05,20.05,27.5
2024-06-17,Mumbai,72,31.14,0.89,29.28
2024-06-18,Mumbai,72,31.79,9.66,27.25
2024-06-19,Mumbai,72,31.82,28.03,28.71
2024-06-20,Mumbai,72,31.16,12.92,21.88
2024-06-21,Mumbai,72,32.6,12.45,28.16
2024-06-22,Mumbai,72,32.72,1.47,23.23
2024-06-23,Mumbai,72,30.68,9.6,28.67
2024-06-24,Mumbai,72,30.79,13.29,35.49
2024-06-25,Mumbai,72,31.57,1.81,20.48
2024-06-26,Mumbai,72,31.06,11.24,19.0
2024-06-27,Mumbai,72,33.72,53.8,30.65
2024-06-28,Mumbai,72,33.81,24.24,28.08
2024-06-29,Mumbai,72,33.62,0.0,24.33
2024-06-30,Mumbai,72,29.36,41.0,26.24
2024-07-01,Mumbai,72,27.79,0.0,21.15
2024-07-02,Mumbai,72,29.91,0.0,28.26
2024-07-03,Mumbai,72,25.62,0.0,25.81
2024-07-04,Mumbai,72,29.37,0.0,30.36
2024-07-05,Mumbai,72,26.82,12.59,34.22
2024-07-06,Mumbai,72,27.72,6.74,27.46
2024-07-07,Mumbai,72,29.16,7.59,26.62
2024-07-08,Mumbai,72,27.74,9.93,28.4
2024-07-09,Mumbai,72,27.09,6.67,26.12
2024-07-10,Mumbai,72,26.67,13.25,29.1
2024-07-11,Mumbai,72,29.01,0.0,28.91
2024-07-12,Mumbai,72,29.11,7.18,29.87
2024-07-13,Mumbai,72,26.82,0.0,33.87
2024-07-14,Mumbai,72,26.29,4.12,19.04
2024-07-15,Mumbai,72,27.69,0.0,28.32
2024-07-16,Mumbai,72,28.31,14.75,20.82
2024-07-17,Mumbai,72,29.99,3.14,21.99
2024-07-18,Mumbai,72,30.62,49.6,26.06
2024-07-19,Mumbai,72,27.07,96.28,29.08
2024-07-20,Mumbai,72,29.16,5.67,28.24
2024-07-21,Mumbai,72,29.02,32.87,25.15
2024-07-22,Mumbai,72,30.07,52.44,29.39
2024-07-23,Mumbai,72,26.5,15.52,26.97
2024-07-24,Mumbai,72,28.26,0.0,20.22
2024-07-25,Mumbai,72,30.2,61.7,29.68
2024-07-26,Mumbai,72,26.57,204.93,40.12
2024-07-27,Mumbai,72,28.03,3.62,25.23
2024-07-28,Mumbai,72,26.28,0.0,23.38
2024-07-29,Mumbai,72,28.63,3.04,29.7
2024-07-30,Mumbai,72,28.04,25.84,32.03
2024-07-31,Mumbai,72,29.68,3.68,27.1
2024-08-01,Mumbai,72,29.86,0.0,24.96
2024-08-02,Mumbai,72,27.6,0.0,24.65
2024-08-03,Mumbai,72,28.66,27.05,22.61
2024-08-04,Mumbai,72,30.46,5.52,21.79
2024-08-05,Mumbai,72,32.0,29.66,15.43
2024-08-06,Mumbai,72,26.53,4.35,19.02
2024-08-07,Mumbai,72,29.74,14.68,23.16
2024-08-08,Mumbai,72,28.71,0.0,24.27
2024-08-09,Mumbai,72,29.61,18.88,20.59
2024-08-10,Mumbai,72,28.84,58.67,26.6
2024-08-11,Mumbai,72,28.54,16.49,20.98
2024-08-12,Mumbai,72,28.98,36.46,29.05
2024-08-13,Mumbai,72,28.97,110.23,29.15
2024-08-14,Mumbai,72,28.73,16.86,22.75
2024-08-15,Mumbai,72,30.23,7.7,27.33
2024-08-16,Mumbai,72,28.11,1.99,27.06
2024-08-17,Mumbai,72,26.73,1.97,25.07
2024-08-18,Mumbai,72,27.08,30.46,22.5
2024-08-19,Mumbai,72,27.9,15.27,20.49
2024-08-20,Mumbai,72,27.34,6.91,26.53
2024-08-21,Mumbai,72,28.87,45.0,23.11
2024-08-22,Mumbai,72,26.79,7.61,22.88
2024-08-23,Mumbai,72,29.33,0.45,22.54
2024-08-24,Mumbai,72,27.16,19.13,24.8
2024-08-25,Mumbai,72,27.97,0.0,25.48
2024-08-26,Mumbai,72,27.19,21.23,27.26
2024-08-27,Mumbai,72,28.5,12.47,26.47
2024-08-28,Mumbai,72,27.17,22.85,28.18
2024-08-29,Mumbai,72,30.63,4.3,34.75
2024-08-30,Mumbai,72,28.34,12.32,26.76
2024-08-31,Mumbai,72,27.68,39.49,23.37
2024-09-01,Mumbai,72,25.01,6.33,25.19
2024-09-02,Mumbai,72,26.16,1.48,13.65
2024-09-03,Mumbai,72,25.99,3.6,16.78
2024-09-04,Mumbai,72,26.85,19.3,13.87
2024-09-05,Mumbai,72,29.63,9.12,19.64
2024-09-06,Mumbai,72,28.17,10.08,18.15
2024-09-07,Mumbai,72,28.57,0.0,17.17
2024-09-08,Mumbai,72,28.6,0.0,14.84
2024-09-09,Mumbai,72,29.18,58.84,21.8
2024-09-10,Mumbai,72,29.1,13.15,27.52
2024-09-11,Mumbai,72,28.62,6.56,12.18
2024-09-12,Mumbai,72,29.94,35.0,18.88
2024-09-13,Mumbai,72,32.49,5.45,17.38
2024-09-14,Mumbai,72,30.46,16.06,25.37
2024-09-15,Mumbai,72,31.07,3.52,20.35
2024-09-16,Mumbai,72,29.25,31.2,22.18
2024-09-17,Mumbai,72,29.27,5.25,16.42
2024-09-18,Mumbai,72,28.5,4.62,18.07
2024-09-19,Mumbai,72,30.42,3.96,16.23
2024-09-20,Mumbai,72,31.12,1.1,18.03
2024-09-21,Mumbai,72,30.18,1.17,10.32
2024-09-22,Mumbai,72,29.18,2.3,14.52
2024-09-23,Mumbai,72,29.17,2.82,15.96
2024-09-24,Mumbai,72,30.45,2.29,16.6
2024-09-25,Mumbai,72,29.78,9.11,20.53
2024-09-26,Mumbai,72,29.26,15.33,20.68
2024-09-27,Mumbai,72,25.78,29.11,16.33
2024-09-28,Mumbai,72,25.99,19.79,19.43
2024-09-29,Mumbai,72,26.66,18.46,10.58
2024-09-30,Mumbai,72,27.78,5.44,16.49
2024-10-01,Mumbai,72,30.89,0.0,17.47
2024-10-02,Mumbai,72,29.99,0.0,11.56
2024-10-03,Mumbai,72,28.75,0.0,11.32
2024-10-04,Mumbai,72,31.67,0.0,14.01
2024-10-05,Mumbai,72,28.59,0.0,8.4
2024-10-06,Mumbai,72,30.1,0.0,14.95
2024-10-07,Mumbai,72,29.13,0.0,12.1
2024-10-08,Mumbai,72,28.4,0.0,10.29
2024-10-09,Mumbai,72,28.15,0.0,12.39
2024-10-10,Mumbai,72,30.9,2.56,9.24
2024-10-11,Mumbai,72,29.39,0.0,13.55
2024-10-12,Mumbai,72,30.78,0.0,8.43
2024-10-13,Mumbai,72,30.31,0.0,12.85
2024-10-14,Mumbai,72,30.5,0.0,8.24
2024-10-15,Mumbai,72,28.23,2.06,9.32
2024-10-16,Mumbai,72,28.89,9.66,7.52
2024-10-17,Mumbai,72,28.24,0.0,14.78
2024-10-18,Mumbai,72,28.07,0.0,8.83
2024-10-19,Mumbai,72,28.91,0.0,9.86
2024-10-20,Mumbai,72,30.94,0.0,12.54
2024-10-21,Mumbai,72,29.7,0.0,8.74
2024-10-22,Mumbai,72,30.14,0.0,7.83
2024-10-23,Mumbai,72,29.3,0.0,10.03
2024-10-24,Mumbai,72,30.74,0.0,10.98
2024-10-25,Mumbai,72,26.47,0.0,6.04
2024-10-26,Mumbai,72,33.15,0.0,11.43
2024-10-27,Mumbai,72,28.25,0.0,10.3
2024-10-28,Mumbai,72,33.4,0.0,4.05
2024-10-29,Mumbai,72,33.72,0.0,13.53
2024-10-30,Mumbai,72,32.02,0.0,13.42
2024-10-31,Mumbai,72,29.98,0.0,10.61
2024-11-01,Mumbai,72,25.59,0.0,4.22
2024-11-02,Mumbai,72,25.49,0.0,3.5
2024-11-03,Mumbai,72,28.17,0.0,5.48
2024-11-04,Mumbai,72,27.66,0.0,8.15
2024-11-05,Mumbai,72,29.77,0.0,5.02
2024-11-06,Mumbai,72,31.0,0.0,6.66
2024-11-07,Mumbai,72,28.56,0.0,8.04
2024-11-08,Mumbai,72,28.71,0.0,10.4
2024-11-09,Mumbai,72,29.32,0.0,9.72
2024-11-10,Mumbai,72,30.16,0.0,7.33
2024-11-11,Mumbai,72,29.73,0.0,11.15
2024-11-12,Mumbai,72,28.39,0.0,8.54
2024-11-13,Mumbai,72,31.12,0.0,3.71
2024-11-14,Mumbai,72,27.78,0.0,5.15
2024-11-15,Mumbai,72,24.8,0.0,9.42
2024-11-16,Mumbai,72,27.79,0.0,13.03
2024-11-17,Mumbai,72,28.38,0.0,15.53
2024-11-18,Mumbai,72,28.38,0.0,11.39
2024-11-19,Mumbai,72,28.49,0.0,11.82
2024-11-20,Mumbai,72,27.29,0.0,11.45
2024-11-21,Mumbai,72,27.7,0.0,8.53
2024-11-22,Mumbai,72,25.07,0.0,11.89
2024-11-23,Mumbai,72,27.04,0.0,8.62
2024-11-24,Mumbai,72,28.12,0.0,7.49
2024-11-25,Mumbai,72,29.31,0.0,10.55
2024-11-26,Mumbai,72,31.68,0.0,7.83
2024-11-27,Mumbai,72,30.24,0.0,10.27
2024-11-28,Mumbai,72,30.07,0.0,5.84
2024-11-29,Mumbai,72,30.98,0.0,8.04
2024-11-30,Mumbai,72,30.92,0.0,14.62
2024-12-01,Mumbai,72,27.01,0.0,12.32
2024-12-02,Mumbai,72,30.44,0.55,7.7
2024-12-03,Mumbai,72,29.81,0.0,13.59
2024-12-04,Mumbai,72,26.51,0.0,14.42
2024-12-05,Mumbai,72,27.4,0.0,11.81
2024-12-06,Mumbai,72,29.14,0.0,3.52
2024-12-07,Mumbai,72,27.81,0.0,11.11
2024-12-08,Mumbai,72,27.84,0.0,7.49
2024-12-09,Mumbai,72,27.17,0.0,8.53
2024-12-10,Mumbai,72,26.49,0.0,5.36
2024-12-11,Mumbai,72,24.87,0.0,6.23
2024-12-12,Mumbai,72,23.73,0.0,10.01
2024-12-13,Mumbai,72,23.83,0.0,2.56
2024-12-14,Mumbai,72,25.24,0.0,3.22
2024-12-15,Mumbai,72,23.93,0.0,6.12
2024-12-16,Mumbai,72,25.61,0.0,7.16
2024-12-17,Mumbai,72,28.22,0.0,10.69
2024-12-18,Mumbai,72,24.41,0.0,12.63
2024-12-19,Mumbai,72,27.17,0.0,11.22
2024-12-20,Mumbai,72,24.65,0.0,5.68
2024-12-21,Mumbai,72,27.4,0.0,4.26
2024-12-22,Mumbai,72,26.31,0.0,8.42
2024-12-23,Mumbai,72,26.29,0.0,8.93
2024-12-24,Mumbai,72,29.91,0.0,8.64
2024-12-25,Mumbai,72,27.58,0.0,6.17
2024-12-26,Mumbai,72,27.42,0.0,9.37
2024-12-27,Mumbai,72,25.04,0.0,6.72
2024-12-28,Mumbai,72,27.37,0.0,9.25
2024-12-29,Mumbai,72,26.73,0.0,10.89
2024-12-30,Mumbai,72,28.96,0.0,5.71
2024-12-31,Mumbai,72,29.49,0.0,4.49
2025-01-01,Mumbai,72,21.78,0.0,11.19
2025-01-02,Mumbai,72,21.29,0.0,10.98
2025-01-03,Mumbai,72,25.8,0.0,13.31
2025-01-04,Mumbai,72,25.99,0.0,15.36
2025-01-05,Mumbai,72,27.33,0.0,13.53
2025-01-06,Mumbai,72,27.54,0.0,13.26
2025-01-07,Mumbai,72,25.87,0.0,11.54
2025-01-08,Mumbai,72,25.63,0.0,13.81
2025-01-09,Mumbai,72,24.42,0.0,8.08
2025-01-10,Mumbai,72,26.71,1.48,8.03
2025-01-11,Mumbai,72,24.88,0.0,11.79
2025-01-12,Mumbai,72,21.39,0.0,6.54
2025-01-13,Mumbai,72,21.59,0.0,10.66
2025-01-14,Mumbai,72,20.75,0.0,9.79
2025-01-15,Mumbai,72,20.81,0.0,12.37
2025-01-16,Mumbai,72,23.57,0.0,11.85
2025-01-17,Mumbai,72,24.16,0.0,9.05
2025-01-18,Mumbai,72,22.53,0.0,11.38
2025-01-19,Mumbai,72,24.27,0.0,9.22
2025-01-20,Mumbai,72,26.02,0.0,12.2
2025-01-21,Mumbai,72,25.91,0.0,8.75
2025-01-22,Mumbai,72,24.99,0.0,12.76
2025-01-23,Mumbai,72,23.07,0.0,5.81
2025-01-24,Mumbai,72,22.32,0.0,3.98
2025-01-25,Mumbai,72,24.51,0.0,4.22
2025-01-26,Mumbai,72,25.91,0.0,11.45
2025-01-27,Mumbai,72,25.8,0.0,6.01
2025-01-28,Mumbai,72,25.96,0.0,12.83
2025-01-29,Mumbai,72,24.47,0.0,11.02
2025-01-30,Mumbai,72,22.7,0.0,10.67
2025-01-31,Mumbai,72,23.52,0.0,4.53
2025-02-01,Mumbai,72,23.73,0.0,7.46
2025-02-02,Mumbai,72,23.42,0.0,12.32
2025-02-03,Mumbai,72,23.92,0.0,14.05
2025-02-04,Mumbai,72,22.85,0.0,9.12
2025-02-05,Mumbai,72,23.19,0.0,8.76
2025-02-06,Mumbai,72,24.47,0.0,5.07
2025-02-07,Mumbai,72,22.52,0.0,5.89
2025-02-08,Mumbai,72,27.23,0.0,5.1
2025-02-09,Mumbai,72,28.28,0.0,15.13
2025-02-10,Mumbai,72,26.05,0.0,17.22
2025-02-11,Mumbai,72,26.9,0.0,11.93
2025-02-12,Mumbai,72,26.09,0.0,3.26
2025-02-13,Mumbai,72,25.2,0.0,11.52
2025-02-14,Mumbai,72,27.46,0.0,13.04
2025-02-15,Mumbai,72,23.17,0.0,9.01
2025-02-16,Mumbai,72,24.11,0.0,11.68
2025-02-17,Mumbai,72,26.83,0.0,10.67
2025-02-18,Mumbai,72,24.38,0.0,11.99
2025-02-19,Mumbai,72,27.46,0.0,8.98
2025-02-20,Mumbai,72,27.75,0.0,9.81
2025-02-21,Mumbai,72,27.87,0.0,9.98
2025-02-22,Mumbai,72,24.75,0.0,7.71
2025-02-23,Mumbai,72,26.6,0.0,10.97
2025-02-24,Mumbai,72,25.55,0.0,10.45
2025-02-25,Mumbai,72,25.43,0.0,5.78
2025-02-26,Mumbai,72,24.97,0.0,9.47
2025-02-27,Mumbai,72,24.75,0.0,9.94
2025-02-28,Mumbai,72,24.49,0.0,11.44
2025-03-01,Mumbai,72,26.91,0.0,11.13
2025-03-02,Mumbai,72,25.11,0.0,8.27
2025-03-03,Mumbai,72,27.12,0.0,9.25
2025-03-04,Mumbai,72,23.73,0.0,5.75
2025-03-05,Mumbai,72,25.88,0.0,8.2
2025-03-06,Mumbai,72,25.44,0.0,10.68
2025-03-07,Mumbai,72,29.33,0.0,10.9
2025-03-08,Mumbai,72,30.0,0.0,11.56
2025-03-09,Mumbai,72,27.65,0.0,5.18
2025-03-10,Mumbai,72,25.81,0.0,7.52
2025-03-11,Mumbai,72,22.53,0.0,8.41
2025-03-12,Mumbai,72,20.36,0.0,10.48
2025-03-13,Mumbai,72,24.05,0.0,4.17
2025-03-14,Mumbai,72,28.28,0.0,16.3
2025-03-15,Mumbai,72,27.51,0.0,8.67
2025-03-16,Mumbai,72,29.27,0.0,13.42
2025-03-17,Mumbai,72,30.22,0.0,11.17
2025-03-18,Mumbai,72,29.92,0.0,16.49
2025-03-19,Mumbai,72,30.42,0.0,12.57
2025-03-20,Mumbai,72,28.7,0.0,12.75
2025-03-21,Mumbai,72,29.55,0.0,11.34
2025-03-22,Mumbai,72,30.88,0.0,8.07
2025-03-23,Mumbai,72,27.6,0.0,13.87
2025-03-24,Mumbai,72,28.52,0.0,10.31
2025-03-25,Mumbai,72,27.29,0.0,13.25
2025-03-26,Mumbai,72,26.72,0.0,8.02
2025-03-27,Mumbai,72,28.4,0.0,7.07
2025-03-28,Mumbai,72,29.58,0.0,9.17
2025-03-29,Mumbai,72,27.07,0.0,10.44
2025-03-30,Mumbai,72,29.87,0.0,10.91
2025-03-31,Mumbai,72,25.78,0.0,8.48
2025-04-01,Mumbai,72,31.29,0.0,15.69
2025-04-02,Mumbai,72,31.03,0.0,14.36
2025-04-03,Mumbai,72,29.75,0.0,14.23
2025-04-04,Mumbai,72,33.36,0.0,12.57
2025-04-05,Mumbai,72,31.53,0.0,8.42
2025-04-06,Mumbai,72,30.87,0.0,8.96
2025-04-07,Mumbai,72,30.25,0.0,9.93
2025-04-08,Mumbai,72,30.14,0.0,10.44
2025-04-09,Mumbai,72,31.01,0.0,15.83
2025-04-10,Mumbai,72,31.19,0.0,11.04
2025-04-11,Mumbai,72,33.87,0.0,12.26
2025-04-12,Mumbai,72,31.5,0.0,12.74
2025-04-13,Mumbai,72,30.76,0.0,9.84
2025-04-14,Mumbai,72,31.37,0.0,12.38
2025-04-15,Mumbai,72,35.86,0.0,9.52
2025-04-16,Mumbai,72,31.76,0.0,15.91
2025-04-17,Mumbai,72,33.43,0.0,14.33
2025-04-18,Mumbai,72,31.62,0.0,10.58
2025-04-19,Mumbai,72,35.06,0.0,6.76
2025-04-20,Mumbai,72,32.0,0.0,12.8
2025-04-21,Mumbai,72,32.41,0.0,9.89
2025-04-22,Mumbai,72,31.47,0.0,4.98
2025-04-23,Mumbai,72,31.95,0.0,13.26
2025-04-24,Mumbai,72,33.16,0.0,13.33
2025-04-25,Mumbai,72,31.32,0.0,14.64
2025-04-26,Mumbai,72,31.79,0.0,16.32
2025-04-27,Mumbai,72,32.91,0.0,12.76
2025-04-28,Mumbai,72,33.38,0.0,15.38
2025-04-29,Mumbai,72,30.74,0.0,12.75
2025-04-30,Mumbai,72,36.68,0.0,17.8
2025-05-01,Mumbai,72,35.96,0.0,18.68
2025-05-02,Mumbai,72,35.19,0.0,10.57
2025-05-03,Mumbai,72,32.88,0.0,16.35
2025-05-04,Mumbai,72,33.76,0.0,17.4
2025-05-05,Mumbai,72,35.5,0.0,15.3
2025-05-06,Mumbai,72,31.12,0.0,15.04
2025-05-07,Mumbai,72,28.32,0.0,15.8
2025-05-08,Mumbai,72,28.04,0.0,16.02
2025-05-09,Mumbai,72,28.93,0.0,16.14
2025-05-10,Mumbai,72,28.03,0.0,11.6
2025-05-11,Mumbai,72,29.42,0.0,14.42
2025-05-12,Mumbai,72,30.7,0.0,14.81
2025-05-13,Mumbai,72,32.61,0.0,16.82
2025-05-14,Mumbai,72,32.18,0.0,13.55
2025-05-15,Mumbai,72,34.26,0.0,12.89
2025-05-16,Mumbai,72,30.87,0.0,11.75
2025-05-17,Mumbai,72,30.21,0.0,13.09
2025-05-18,Mumbai,72,31.66,0.0,13.42
2025-05-19,Mumbai,72,29.67,0.0,18.92
2025-05-20,Mumbai,72,31.3,0.0,16.2
2025-05-21,Mumbai,72,32.86,0.0,20.91
2025-05-22,Mumbai,72,33.92,0.0,16.67
2025-05-23,Mumbai,72,31.51,0.0,12.57
2025-05-24,Mumbai,72,30.76,0.0,13.84
2025-05-25,Mumbai,72,33.7,0.0,16.34
2025-05-26,Mumbai,72,30.54,0.0,11.57
2025-05-27,Mumbai,72,32.46,0.0,16.06
2025-05-28,Mumbai,72,33.51,0.0,13.78
2025-05-29,Mumbai,72,34.43,0.0,16.71
2025-05-30,Mumbai,72,34.66,0.0,18.81
2025-05-31,Mumbai,72,32.47,0.0,14.78
2025-06-01,Mumbai,72,29.63,46.71,28.01
2025-06-02,Mumbai,72,28.9,15.25,24.3
2025-06-03,Mumbai,72,31.13,50.51,25.19
2025-06-04,Mumbai,72,28.84,3.85,19.11
2025-06-05,Mumbai,72,31.35,16.98,21.49
2025-06-06,Mumbai,72,28.29,4.52,22.65
2025-06-07,Mumbai,72,28.7,0.0,27.95
2025-06-08,Mumbai,72,30.49,1.34,22.39
2025-06-09,Mumbai,72,28.16,0.0,27.89
2025-06-10,Mumbai,72,30.66,15.48,23.61
2025-06-11,Mumbai,72,28.97,36.89,22.25
2025-06-12,Mumbai,72,33.6,8.22,16.81
2025-06-13,Mumbai,72,30.6,0.0,20.92
2025-06-14,Mumbai,72,31.94,10.12,24.52
2025-06-15,Mumbai,72,32.52,3.77,36.22
2025-06-16,Mumbai,72,31.71,0.0,28.95
2025-06-17,Mumbai,72,33.32,13.38,19.07
2025-06-18,Mumbai,72,30.29,0.0,25.28
2025-06-19,Mumbai,72,31.86,7.39,24.32
2025-06-20,Mumbai,72,34.03,18.98,31.11
2025-06-21,Mumbai,72,33.0,22.39,30.4
2025-06-22,Mumbai,72,30.13,23.11,27.8
2025-06-23,Mumbai,72,32.3,0.0,25.66
2025-06-24,Mumbai,72,27.51,7.49,21.27
2025-06-25,Mumbai,72,29.03,0.0,23.44
2025-06-26,Mumbai,72,30.47,0.0,15.03
2025-06-27,Mumbai,72,27.72,0.0,21.09
2025-06-28,Mumbai,72,27.02,27.95,25.59
2025-06-29,Mumbai,72,27.41,0.0,29.7
2025-06-30,Mumbai,72,27.87,0.0,25.53
2025-07-01,Mumbai,72,24.14,48.36,28.92
2025-07-02,Mumbai,72,21.82,30.75,30.33
2025-07-03,Mumbai,72,26.07,15.44,35.16
2025-07-04,Mumbai,72,28.86,22.31,31.12
2025-07-05,Mumbai,72,29.37,80.12,36.73
2025-07-06,Mumbai,72,28.18,27.58,33.65
2025-07-07,Mumbai,72,24.99,32.07,27.25
2025-07-08,Mumbai,72,27.97,0.0,25.64
2025-07-09,Mumbai,72,26.64,0.0,22.61
2025-07-10,Mumbai,72,29.48,0.0,19.31
2025-07-11,Mumbai,72,28.73,0.0,23.03
2025-07-12,Mumbai,72,31.0,1.0,21.55
2025-07-13,Mumbai,72,27.8,39.39,22.83
2025-07-14,Mumbai,72,27.23,16.4,30.79
2025-07-15,Mumbai,72,25.63,73.92,28.57
2025-07-16,Mumbai,72,26.49,0.0,29.35
2025-07-17,Mumbai,72,28.3,29.28,26.37
2025-07-18,Mumbai,72,27.59,23.73,25.87
2025-07-19,Mumbai,72,26.95,12.64,26.35
2025-07-20,Mumbai,72,26.98,112.09,33.04
2025-07-21,Mumbai,72,25.52,20.65,30.24
2025-07-22,Mumbai,72,27.38,0.53,22.44
2025-07-23,Mumbai,72,27.66,0.0,30.16
2025-07-24,Mumbai,72,25.88,5.46,26.33
2025-07-25,Mumbai,72,23.73,58.62,33.1
2025-07-26,Mumbai,72,28.53,0.0,36.24
2025-07-27,Mumbai,72,25.65,24.01,30.96
2025-07-28,Mumbai,72,26.3,1.94,24.44
2025-07-29,Mumbai,72,28.82,0.55,19.38
2025-07-30,Mumbai,72,29.46,74.72,29.4
2025-07-31,Mumbai,72,30.02,50.26,30.86
2025-08-01,Mumbai,72,27.5,0.0,21.37
2025-08-02,Mumbai,72,30.0,1.76,21.04
2025-08-03,Mumbai,72,27.55,36.17,30.4
2025-08-04,Mumbai,72,28.68,0.0,25.77
2025-08-05,Mumbai,72,26.49,0.0,19.99
2025-08-06,Mumbai,72,30.47,0.0,20.53
2025-08-07,Mumbai,72,27.46,0.0,15.33
2025-08-08,Mumbai,72,25.7,0.0,23.87
2025-08-09,Mumbai,72,26.48,31.17,26.07
2025-08-10,Mumbai,72,22.99,14.11,24.49
2025-08-11,Mumbai,72,25.9,7.48,21.71
2025-08-12,Mumbai,72,25.64,0.0,18.55
2025-08-13,Mumbai,72,22.79,29.57,25.34
2025-08-14,Mumbai,72,23.88,0.0,22.38
2025-08-15,Mumbai,72,25.41,0.0,19.12
2025-08-16,Mumbai,72,27.67,4.91,21.81
2025-08-17,Mumbai,72,27.15,7.9,21.03
2025-08-18,Mumbai,72,26.57,15.53,14.32
2025-08-19,Mumbai,72,32.34,67.72,20.29
2025-08-20,Mumbai,72,26.52,6.17,18.19
2025-08-21,Mumbai,72,24.41,0.0,18.95
2025-08-22,Mumbai,72,26.28,0.0,19.54
2025-08-23,Mumbai,72,23.64,0.0,22.38
2025-08-24,Mumbai,72,24.8,0.0,20.14
2025-08-25,Mumbai,72,24.66,0.0,19.56
2025-08-26,Mumbai,72,28.9,79.57,22.73
2025-08-27,Mumbai,72,28.36,0.0,26.49
2025-08-28,Mumbai,72,28.16,0.0,21.39
2025-08-29,Mumbai,72,26.37,1.3,16.74
2025-08-30,Mumbai,72,25.56,5.24,20.11
2025-08-31,Mumbai,72,28.52,2.05,22.45
2025-09-01,Mumbai,72,23.81,3.93,20.16
2025-09-02,Mumbai,72,26.86,1.08,13.58
2025-09-03,Mumbai,72,28.77,82.9,22.87
2025-09-04,Mumbai,72,27.73,0.93,15.51
2025-09-05,Mumbai,72,28.47,59.64,16.53
2025-09-06,Mumbai,72,30.98,2.72,17.43
2025-09-07,Mumbai,72,30.37,12.93,17.7
2025-09-08,Mumbai,72,28.78,0.0,12.76
2025-09-09,Mumbai,72,31.7,0.0,14.9
2025-09-10,Mumbai,72,30.61,0.0,18.71
2025-09-11,Mumbai,72,25.44,7.36,16.69
2025-09-12,Mumbai,72,30.07,85.27,19.87
2025-09-13,Mumbai,72,30.45,5.91,15.46
2025-09-14,Mumbai,72,30.84,0.0,17.38
2025-09-15,Mumbai,72,30.54,8.83,15.23
2025-09-16,Mumbai,72,32.33,0.52,14.73
2025-09-17,Mumbai,72,29.1,0.0,20.91
2025-09-18,Mumbai,72,30.84,17.48,20.56
2025-09-19,Mumbai,72,30.51,16.2,16.8
2025-09-20,Mumbai,72,28.37,2.1,10.65
2025-09-21,Mumbai,72,31.89,0.0,16.65
2025-09-22,Mumbai,72,30.59,71.44,21.57
2025-09-23,Mumbai,72,31.43,2.01,15.11
2025-09-24,Mumbai,72,30.07,4.7,10.22
2025-09-25,Mumbai,72,30.68,1.67,15.12
2025-09-26,Mumbai,72,31.46,8.32,15.09
2025-09-27,Mumbai,72,30.88,7.19,20.53
2025-09-28,Mumbai,72,30.63,6.87,11.62
2025-09-29,Mumbai,72,28.55,28.08,18.87
2025-09-30,Mumbai,72,27.45,5.6,14.48
2023-01-01,Mumbai,120,20.98,0.0,10.28
2023-01-02,Mumbai,120,27.85,0.0,10.33
2023-01-03,Mumbai,120,25.01,0.0,12.81
2023-01-04,Mumbai,120,23.91,0.0,10.65
2023-01-05,Mumbai,120,24.63,0.0,12.71
2023-01-06,Mumbai,120,24.93,0.0,11.59
2023-01-07,Mumbai,120,27.92,0.0,13.39
2023-01-08,Mumbai,120,23.29,0.0,9.32
2023-01-09,Mumbai,120,27.04,0.0,10.83
2023-01-10,Mumbai,120,27.04,0.0,9.25
2023-01-11,Mumbai,120,25.04,0.0,11.69
2023-01-12,Mumbai,120,24.78,0.0,5.21
2023-01-13,Mumbai,120,26.22,0.0,6.91
2023-01-14,Mumbai,120,25.25,0.0,8.84
2023-01-15,Mumbai,120,21.31,0.0,9.9
2023-01-16,Mumbai,120,24.9,0.0,3.75
2023-01-17,Mumbai,120,24.59,0.0,14.37
2023-01-18,Mumbai,120,24.96,0.0,7.96
2023-01-19,Mumbai,120,24.72,0.0,11.67
2023-01-20,Mumbai,120,23.99,0.0,9.48
2023-01-21,Mumbai,120,23.88,0.0,7.28
2023-01-22,Mumbai,120,23.35,0.0,7.61
2023-01-23,Mumbai,120,26.65,0.0,3.54
2023-01-24,Mumbai,120,27.76,0.0,16.82
2023-01-25,Mumbai,120,25.57,0.0,10.12
2023-01-26,Mumbai,120,27.51,0.0,13.28
2023-01-27,Mumbai,120,25.2,0.0,10.74
2023-01-28,Mumbai,120,20.84,0.0,4.98
2023-01-29,Mumbai,120,24.46,0.0,11.78
2023-01-30,Mumbai,120,29.14,0.0,8.53
2023-01-31,Mumbai,120,26.98,0.0,6.8
2023-02-01,Mumbai,120,28.57,0.0,9.1
2023-02-02,Mumbai,120,28.78,0.0,3.12
2023-02-03,Mumbai,120,28.06,0.0,14.73
2023-02-04,Mumbai,120,27.16,0.0,9.86
2023-02-05,Mumbai,120,26.76,0.0,14.28
2023-02-06,Mumbai,120,24.8,0.0,13.99
2023-02-07,Mumbai,120,22.12,0.0,8.54
2023-02-08,Mumbai,120,25.12,0.0,9.93
2023-02-09,Mumbai,120,22.46,0.0,6.19
2023-02-10,Mumbai,120,23.59,0.0,6.36
2023-02-11,Mumbai,120,23.48,0.0,10.26
2023-02-12,Mumbai,120,24.31,0.0,12.94
2023-02-13,Mumbai,120,24.65,0.0,12.07
2023-02-14,Mumbai,120,23.12,0.0,11.32
2023-02-15,Mumbai,120,27.58,0.0,6.53
2023-02-16,Mumbai,120,27.84,0.0,3.64
2023-02-17,Mumbai,120,28.6,0.0,11.53
2023-02-18,Mumbai,120,24.0,0.0,24.85
2023-02-19,Mumbai,120,25.82,0.0,13.48
2023-02-20,Mumbai,120,26.59,0.0,7.18
2023-02-21,Mumbai,120,30.63,0.0,10.22
2023-02-22,Mumbai,120,28.65,0.0,14.14
2023-02-23,Mumbai,120,24.62,0.0,8.5
2023-02-24,Mumbai,120,29.53,0.0,6.23
2023-02-25,Mumbai,120,30.37,0.0,13.03
2023-02-26,Mumbai,120,26.3,0.0,15.01
2023-02-27,Mumbai,120,30.69,0.0,19.73
2023-02-28,Mumbai,120,28.62,0.0,12.39
2023-03-01,Mumbai,120,28.41,0.0,15.97
2023-03-02,Mumbai,120,27.8,0.0,11.01
2023-03-03,Mumbai,120,31.89,0.0,10.76
2023-03-04,Mumbai,120,28.49,0.0,10.29
2023-03-05,Mumbai,120,27.35,0.0,8.79
2023-03-06,Mumbai,120,29.07,0.0,9.73
2023-03-07,Mumbai,120,35.68,0.0,15.24
2023-03-08,Mumbai,120,25.97,0.0,10.16
2023-03-09,Mumbai,120,26.09,0.0,9.82
2023-03-10,Mumbai,120,32.49,0.0,8.64
2023-03-11,Mumbai,120,31.11,0.02,14.35
2023-03-12,Mumbai,120,30.44,0.0,10.55
2023-03-13,Mumbai,120,29.72,0.0,12.34
2023-03-14,Mumbai,120,33.05,0.0,12.44
2023-03-15,Mumbai,120,32.09,0.0,6.69
2023-03-16,Mumbai,120,31.04,0.0,5.84
2023-03-17,Mumbai,120,27.18,0.0,7.34
2023-03-18,Mumbai,120,31.06,0.0,13.81
2023-03-19,Mumbai,120,29.53,0.0,4.13
2023-03-20,Mumbai,120,29.89,0.0,11.79
2023-03-21,Mumbai,120,26.72,0.0,10.9
2023-03-22,Mumbai,120,29.62,0.0,9.82
2023-03-23,Mumbai,120,29.23,0.0,15.85
2023-03-24,Mumbai,120,28.41,0.0,17.5
2023-03-25,Mumbai,120,26.77,0.0,7.58
2023-03-26,Mumbai,120,27.09,0.0,13.64
2023-03-27,Mumbai,120,28.37,0.0,8.37
2023-03-28,Mumbai,120,26.42,0.0,10.56
2023-03-29,Mumbai,120,27.32,0.0,16.34
2023-03-30,Mumbai,120,24.59,0.0,10.6
2023-03-31,Mumbai,120,25.11,0.0,5.77
2023-04-01,Mumbai,120,28.19,0.0,12.15
2023-04-02,Mumbai,120,28.06,0.0,7.11
2023-04-03,Mumbai,120,23.9,0.0,8.82
2023-04-04,Mumbai,120,29.27,0.0,10.83
2023-04-05,Mumbai,120,29.33,0.0,14.27
2023-04-06,Mumbai,120,28.01,0.0,11.29
2023-04-07,Mumbai,120,28.63,0.0,12.04
2023-04-08,Mumbai,120,30.51,0.0,8.6
2023-04-09,Mumbai,120,29.79,0.0,15.59
2023-04-10,Mumbai,120,25.28,0.0,14.13
2023-04-11,Mumbai,120,30.45,0.0,10.56
2023-04-12,Mumbai,120,26.44,0.0,11.58
2023-04-13,Mumbai,120,29.11,0.0,14.28
2023-04-14,Mumbai,120,28.29,0.0,3.79
2023-04-15,Mumbai,120,26.49,0.0,8.03
2023-04-16,Mumbai,120,23.62,0.0,12.2
2023-04-17,Mumbai,120,28.71,0.0,8.31
2023-04-18,Mumbai,120,30.81,0.0,10.35
2023-04-19,Mumbai,120,28.73,0.0,8.16
2023-04-20,Mumbai,120,27.32,0.0,14.78
2023-04-21,Mumbai,120,29.57,0.0,14.15
2023-04-22,Mumbai,120,27.51,0.0,18.0
2023-04-23,Mumbai,120,28.58,0.0,17.39
2023-04-24,Mumbai,120,29.36,0.0,10.12
2023-04-25,Mumbai,120,30.89,0.0,15.82
2023-04-26,Mumbai,120,29.29,0.0,5.69
2023-04-27,Mumbai,120,30.82,0.0,15.71
2023-04-28,Mumbai,120,26.9,0.0,10.76
2023-04-29,Mumbai,120,29.53,0.0,9.09
2023-04-30,Mumbai,120,30.56,0.0,18.71
2023-05-01,Mumbai,120,36.39,0.0,21.1
2023-05-02,Mumbai,120,35.6,0.0,12.61
2023-05-03,Mumbai,120,32.45,0.0,11.8
2023-05-04,Mumbai,120,32.29,0.0,14.4
2023-05-05,Mumbai,120,30.36,0.0,17.41
2023-05-06,Mumbai,120,35.29,0.0,23.89
2023-05-07,Mumbai,120,34.83,0.0,11.58
2023-05-08,Mumbai,120,32.2,0.0,11.5
2023-05-09,Mumbai,120,34.85,0.0,12.43
2023-05-10,Mumbai,120,30.74,0.0,18.81
2023-05-11,Mumbai,120,32.08,0.0,13.14
2023-05-12,Mumbai,120,34.55,0.0,12.55
2023-05-13,Mumbai,120,31.48,0.0,13.41
2023-05-14,Mumbai,120,31.99,0.0,8.71
2023-05-15,Mumbai,120,34.97,0.0,13.88
2023-05-16,Mumbai,120,36.03,0.0,14.18
2023-05-17,Mumbai,120,32.23,0.0,17.88
2023-05-18,Mumbai,120,33.75,0.0,9.1
2023-05-19,Mumbai,120,33.91,0.0,14.02
2023-05-20,Mumbai,120,32.98,0.0,13.95
2023-05-21,Mumbai,120,32.69,0.0,14.12
2023-05-22,Mumbai,120,32.71,0.0,17.7
2023-05-23,Mumbai,120,31.91,7.62,11.99
2023-05-24,Mumbai,120,36.7,0.0,13.87
2023-05-25,Mumbai,120,35.44,0.0,6.38
2023-05-26,Mumbai,120,33.24,0.0,21.62
2023-05-27,Mumbai,120,32.19,0.0,14.73
2023-05-28,Mumbai,120,33.63,0.0,13.34
2023-05-29,Mumbai,120,34.36,0.0,11.21
2023-05-30,Mumbai,120,35.98,0.0,16.02
2023-05-31,Mumbai,120,34.3,0.0,15.67
2023-06-01,Mumbai,120,34.24,0.0,27.89
2023-06-02,Mumbai,120,30.24,6.75,25.94
2023-06-03,Mumbai,120,31.42,22.31,27.96
2023-06-04,Mumbai,120,31.98,20.66,31.78
2023-06-05,Mumbai,120,31.61,15.13,29.44
2023-06-06,Mumbai,120,26.86,0.0,26.22
2023-06-07,Mumbai,120,29.42,273.07,37.39
2023-06-08,Mumbai,120,32.78,43.89,25.17
2023-06-09,Mumbai,120,28.6,30.22,22.81
2023-06-10,Mumbai,120,28.13,0.0,18.85
2023-06-11,Mumbai,120,29.05,120.89,34.24
2023-06-12,Mumbai,120,26.51,22.93,26.79
2023-06-13,Mumbai,120,26.77,45.03,23.01
2023-06-14,Mumbai,120,25.73,41.16,27.11
2023-06-15,Mumbai,120,30.61,0.0,21.59
2023-06-16,Mumbai,120,31.58,0.0,22.41
2023-06-17,Mumbai,120,32.3,0.0,27.19
2023-06-18,Mumbai,120,31.1,0.0,20.23
2023-06-19,Mumbai,120,28.55,0.0,21.56
2023-06-20,Mumbai,120,28.81,0.0,22.86
2023-06-21,Mumbai,120,29.17,0.0,20.73
2023-06-22,Mumbai,120,31.46,18.44,27.76
2023-06-23,Mumbai,120,29.73,81.34,22.51
2023-06-24,Mumbai,120,28.14,11.57,22.69
2023-06-25,Mumbai,120,28.66,61.45,27.59
2023-06-26,Mumbai,120,27.73,7.67,28.05
2023-06-27,Mumbai,120,26.3,78.49,34.78
2023-06-28,Mumbai,120,29.22,0.0,25.33
2023-06-29,Mumbai,120,28.78,0.0,30.14
2023-06-30,Mumbai,120,26.59,0.0,23.7
2023-07-01,Mumbai,120,22.66,0.0,41.06
2023-07-02,Mumbai,120,25.18,0.0,29.54
2023-07-03,Mumbai,120,23.21,0.0,29.99
2023-07-04,Mumbai,120,21.95,0.0,25.26
2023-07-05,Mumbai,120,26.08,0.0,24.86
2023-07-06,Mumbai,120,23.8,0.0,24.68
2023-07-07,Mumbai,120,23.94,0.0,27.85
2023-07-08,Mumbai,120,28.48,0.0,18.63
2023-07-09,Mumbai,120,27.99,0.0,22.84
2023-07-10,Mumbai,120,26.39,29.02,37.31
2023-07-11,Mumbai,120,28.46,6.82,21.51
2023-07-12,Mumbai,120,31.59,161.31,31.06
2023-07-13,Mumbai,120,30.73,0.0,16.51
2023-07-14,Mumbai,120,25.05,0.0,24.23
2023-07-15,Mumbai,120,28.08,0.0,32.92
2023-07-16,Mumbai,120,22.97,0.0,24.82
2023-07-17,Mumbai,120,26.99,0.0,21.82
2023-07-18,Mumbai,120,28.59,0.0,27.07
2023-07-19,Mumbai,120,24.99,0.0,26.35
2023-07-20,Mumbai,120,26.58,0.0,23.96
2023-07-21,Mumbai,120,26.01,26.12,31.5
2023-07-22,Mumbai,120,25.18,0.0,31.43
2023-07-23,Mumbai,120,25.08,41.83,25.38
2023-07-24,Mumbai,120,26.91,0.0,19.1
2023-07-25,Mumbai,120,27.44,0.0,28.25
2023-07-26,Mumbai,120,25.42,107.24,40.49
2023-07-27,Mumbai,120,28.76,0.0,26.11
2023-07-28,Mumbai,120,25.19,0.0,16.75
2023-07-29,Mumbai,120,26.71,0.0,23.54
2023-07-30,Mumbai,120,24.09,151.7,38.27
2023-07-31,Mumbai,120,24.96,0.0,18.35
2023-08-01,Mumbai,120,28.52,111.95,38.43
2023-08-02,Mumbai,120,23.32,0.0,20.42
2023-08-03,Mumbai,120,27.45,0.0,20.66
2023-08-04,Mumbai,120,28.08,0.0,15.49
2023-08-05,Mumbai,120,27.29,0.0,18.4
2023-08-06,Mumbai,120,30.03,4.45,19.66
2023-08-07,Mumbai,120,28.43,87.66,30.26
2023-08-08,Mumbai,120,26.61,0.97,20.64
2023-08-09,Mumbai,120,28.49,114.13,31.37
2023-08-10,Mumbai,120,26.98,6.73,23.51
2023-08-11,Mumbai,120,26.63,45.58,20.37
2023-08-12,Mumbai,120,27.05,0.2,18.01
2023-08-13,Mumbai,120,22.79,58.72,25.49
2023-08-14,Mumbai,120,27.5,43.06,24.1
2023-08-15,Mumbai,120,30.35,2.0,18.96
2023-08-16,Mumbai,120,23.7,51.38,14.59
2023-08-17,Mumbai,120,21.18,3.45,15.32
2023-08-18,Mumbai,120,22.17,52.36,27.76
2023-08-19,Mumbai,120,25.21,3.38,15.13
2023-08-20,Mumbai,120,28.51,40.37,29.17
2023-08-21,Mumbai,120,25.0,0.0,24.88
2023-08-22,Mumbai,120,27.47,62.23,24.01
2023-08-23,Mumbai,120,31.71,18.92,23.84
2023-08-24,Mumbai,120,26.76,10.55,21.3
2023-08-25,Mumbai,120,27.22,28.18,25.08
2023-08-26,Mumbai,120,25.3,66.7,26.71
2023-08-27,Mumbai,120,25.43,143.06,35.0
2023-08-28,Mumbai,120,25.63,0.0,20.66
2023-08-29,Mumbai,120,24.95,0.91,19.64
2023-08-30,Mumbai,120,27.2,47.19,28.47
2023-08-31,Mumbai,120,26.66,16.38,25.68
2023-09-01,Mumbai,120,27.01,28.34,16.99
2023-09-02,Mumbai,120,26.34,3.23,19.93
2023-09-03,Mumbai,120,31.14,0.0,14.7
2023-09-04,Mumbai,120,33.13,0.0,17.16
2023-09-05,Mumbai,120,31.68,0.0,11.07
2023-09-06,Mumbai,120,27.74,0.44,18.32
2023-09-07,Mumbai,120,29.67,11.09,17.27
2023-09-08,Mumbai,120,27.41,42.08,23.21
2023-09-09,Mumbai,120,28.5,23.91,17.24
2023-09-10,Mumbai,120,26.2,0.0,18.48
2023-09-11,Mumbai,120,26.16,0.0,16.45
2023-09-12,Mumbai,120,27.91,0.0,14.24
2023-09-13,Mumbai,120,27.56,0.0,10.98
2023-09-14,Mumbai,120,29.32,49.16,11.54
2023-09-15,Mumbai,120,30.0,44.04,15.87
2023-09-16,Mumbai,120,25.58,44.37,13.65
2023-09-17,Mumbai,120,26.67,6.86,12.23
2023-09-18,Mumbai,120,26.39,3.2,16.65
2023-09-19,Mumbai,120,31.15,18.69,25.7
2023-09-20,Mumbai,120,32.77,1.07,20.56
2023-09-21,Mumbai,120,27.01,3.01,17.12
2023-09-22,Mumbai,120,30.23,0.0,25.87
2023-09-23,Mumbai,120,27.56,0.39,19.7
2023-09-24,Mumbai,120,30.12,2.99,19.1
2023-09-25,Mumbai,120,26.65,27.08,21.35
2023-09-26,Mumbai,120,28.69,26.51,14.88
2023-09-27,Mumbai,120,31.61,25.78,17.5
2023-09-28,Mumbai,120,30.5,27.35,16.64
2023-09-29,Mumbai,120,28.24,0.5,14.67
2023-09-30,Mumbai,120,31.19,4.77,11.7
2023-10-01,Mumbai,120,30.61,0.0,1.91
2023-10-02,Mumbai,120,32.51,0.0,9.07
2023-10-03,Mumbai,120,34.86,0.0,9.93
2023-10-04,Mumbai,120,32.08,0.0,10.62
2023-10-05,Mumbai,120,33.88,0.0,11.93
2023-10-06,Mumbai,120,29.14,7.29,7.68
2023-10-07,Mumbai,120,30.86,0.0,7.74
2023-10-08,Mumbai,120,27.24,0.0,7.77
2023-10-09,Mumbai,120,24.61,0.0,17.63
2023-10-10,Mumbai,120,28.59,60.35,11.87
2023-10-11,Mumbai,120,24.15,0.0,12.69
2023-10-12,Mumbai,120,23.3,0.0,11.34
2023-10-13,Mumbai,120,25.32,0.0,11.12
2023-10-14,Mumbai,120,27.33,0.0,5.46
2023-10-15,Mumbai,120,27.32,0.0,6.42
2023-10-16,Mumbai,120,27.09,0.0,3.51
2023-10-17,Mumbai,120,29.39,0.0,9.06
2023-10-18,Mumbai,120,24.84,0.0,18.99
2023-10-19,Mumbai,120,26.3,0.0,8.84
2023-10-20,Mumbai,120,26.49,0.0,7.84
2023-10-21,Mumbai,120,28.1,0.0,15.59
2023-10-22,Mumbai,120,28.69,0.0,6.24
2023-10-23,Mumbai,120,32.9,0.0,11.34
2023-10-24,Mumbai,120,32.8,0.0,2.93
2023-10-25,Mumbai,120,26.95,0.0,5.79
2023-10-26,Mumbai,120,28.62,75.49,17.53
2023-10-27,Mumbai,120,29.73,0.0,10.8
2023-10-28,Mumbai,120,27.62,0.0,18.79
2023-10-29,Mumbai,120,27.64,0.0,19.6
2023-10-30,Mumbai,120,29.86,16.54,14.66
2023-10-31,Mumbai,120,26.49,0.0,6.25
2023-11-01,Mumbai,120,27.51,0.0,11.07
2023-11-02,Mumbai,120,24.31,0.0,3.47
2023-11-03,Mumbai,120,28.73,0.0,0.0
2023-11-04,Mumbai,120,24.04,0.0,7.76
2023-11-05,Mumbai,120,25.65,0.0,0.0
2023-11-06,Mumbai,120,28.17,0.0,13.94
2023-11-07,Mumbai,120,27.75,0.0,10.16
2023-11-08,Mumbai,120,29.54,0.0,10.16
2023-11-09,Mumbai,120,22.59,0.0,11.96
2023-11-10,Mumbai,120,24.86,40.88,10.44
2023-11-11,Mumbai,120,25.78,0.0,11.4
2023-11-12,Mumbai,120,25.56,0.0,12.4
2023-11-13,Mumbai,120,30.45,0.0,4.72
2023-11-14,Mumbai,120,28.29,0.0,8.62
2023-11-15,Mumbai,120,28.37,0.0,9.22
2023-11-16,Mumbai,120,33.31,0.0,8.59
2023-11-17,Mumbai,120,31.67,0.0,3.8
2023-11-18,Mumbai,120,27.46,0.0,6.42
2023-11-19,Mumbai,120,27.72,0.0,0.0
2023-11-20,Mumbai,120,25.83,0.0,7.76
2023-11-21,Mumbai,120,26.38,0.0,9.44
2023-11-22,Mumbai,120,26.52,0.0,3.25
2023-11-23,Mumbai,120,27.74,0.0,4.64
2023-11-24,Mumbai,120,24.11,0.0,3.47
2023-11-25,Mumbai,120,28.28,0.0,10.96
2023-11-26,Mumbai,120,23.89,0.0,14.91
2023-11-27,Mumbai,120,26.3,0.0,12.82
2023-11-28,Mumbai,120,28.37,0.0,1.74
2023-11-29,Mumbai,120,30.47,0.0,5.87
2023-11-30,Mumbai,120,28.83,0.0,7.9
2023-12-01,Mumbai,120,25.16,0.0,5.61
2023-12-02,Mumbai,120,25.01,0.0,14.13
2023-12-03,Mumbai,120,26.49,0.0,9.84
2023-12-04,Mumbai,120,29.74,0.0,5.06
2023-12-05,Mumbai,120,29.93,0.0,11.26
2023-12-06,Mumbai,120,29.28,0.0,3.96
2023-12-07,Mumbai,120,23.88,0.0,3.01
2023-12-08,Mumbai,120,28.97,0.0,13.1
2023-12-09,Mumbai,120,24.14,0.0,6.48
2023-12-10,Mumbai,120,23.21,0.0,6.94
2023-12-11,Mumbai,120,24.71,0.0,8.81
2023-12-12,Mumbai,120,26.62,0.0,11.25
2023-12-13,Mumbai,120,26.86,0.0,12.45
2023-12-14,Mumbai,120,28.06,0.0,8.78
2023-12-15,Mumbai,120,29.1,0.0,1.71
2023-12-16,Mumbai,120,27.05,0.0,2.99
2023-12-17,Mumbai,120,30.46,0.0,5.26
2023-12-18,Mumbai,120,22.32,0.0,9.06
2023-12-19,Mumbai,120,27.59,0.0,9.86
2023-12-20,Mumbai,120,28.48,0.0,12.62
2023-12-21,Mumbai,120,31.63,0.0,0.76
2023-12-22,Mumbai,120,29.44,0.0,11.04
2023-12-23,Mumbai,120,31.86,0.0,9.79
2023-12-24,Mumbai,120,30.22,0.0,6.24
2023-12-25,Mumbai,120,25.8,0.0,11.07
2023-12-26,Mumbai,120,25.73,0.0,9.89
2023-12-27,Mumbai,120,27.34,0.0,14.33
2023-12-28,Mumbai,120,27.44,0.0,6.03
2023-12-29,Mumbai,120,26.29,0.0,9.86
2023-12-30,Mumbai,120,22.22,0.0,0.43
2023-12-31,Mumbai,120,24.68,0.0,3.39
2024-01-01,Mumbai,120,20.03,0.0,9.8
2024-01-02,Mumbai,120,20.87,0.0,8.84
2024-01-03,Mumbai,120,22.89,0.0,16.87
2024-01-04,Mumbai,120,22.94,0.0,17.44
2024-01-05,Mumbai,120,23.74,0.0,12.8
2024-01-06,Mumbai,120,23.26,0.0,16.62
2024-01-07,Mumbai,120,22.98,0.0,10.7
2024-01-08,Mumbai,120,24.69,0.0,10.17
2024-01-09,Mumbai,120,23.08,0.0,15.81
2024-01-10,Mumbai,120,25.79,0.0,21.85
2024-01-11,Mumbai,120,25.84,0.0,10.99
2024-01-12,Mumbai,120,22.02,0.0,9.63
2024-01-13,Mumbai,120,24.38,0.0,7.35
2024-01-14,Mumbai,120,24.5,0.0,12.46
2024-01-15,Mumbai,120,21.0,0.0,6.62
2024-01-16,Mumbai,120,20.84,0.0,9.64
2024-01-17,Mumbai,120,23.05,0.0,1.8
2024-01-18,Mumbai,120,19.68,0.0,5.93
2024-01-19,Mumbai,120,21.87,0.0,9.42
2024-01-20,Mumbai,120,16.97,0.0,9.27
2024-01-21,Mumbai,120,21.18,0.0,7.87
2024-01-22,Mumbai,120,20.88,0.0,3.95
2024-01-23,Mumbai,120,22.15,0.0,7.7
2024-01-24,Mumbai,120,19.05,0.0,7.75
2024-01-25,Mumbai,120,22.52,0.0,15.67
2024-01-26,Mumbai,120,24.89,0.0,10.77
2024-01-27,Mumbai,120,18.36,0.0,2.27
2024-01-28,Mumbai,120,25.15,0.0,0.0
2024-01-29,Mumbai,120,24.16,0.0,7.28
2024-01-30,Mumbai,120,22.89,0.0,5.43
2024-01-31,Mumbai,120,24.53,0.0,5.33
2024-02-01,Mumbai,120,22.73,0.0,7.89
2024-02-02,Mumbai,120,27.05,0.0,3.91
2024-02-03,Mumbai,120,26.82,0.0,6.83
2024-02-04,Mumbai,120,24.47,0.0,4.72
2024-02-05,Mumbai,120,28.1,0.0,5.78
2024-02-06,Mumbai,120,22.67,0.0,7.28
2024-02-07,Mumbai,120,24.33,0.0,5.49
2024-02-08,Mumbai,120,19.83,0.0,12.38
2024-02-09,Mumbai,120,25.2,0.0,11.12
2024-02-10,Mumbai,120,22.88,0.0,7.41
2024-02-11,Mumbai,120,22.14,0.0,10.1
2024-02-12,Mumbai,120,25.45,0.0,11.77
2024-02-13,Mumbai,120,23.68,0.0,5.61
2024-02-14,Mumbai,120,25.46,0.0,16.01
2024-02-15,Mumbai,120,23.0,0.0,5.59
2024-02-16,Mumbai,120,26.73,0.0,5.24
2024-02-17,Mumbai,120,24.75,0.0,12.1
2024-02-18,Mumbai,120,26.0,0.0,9.45
2024-02-19,Mumbai,120,27.04,0.0,13.64
2024-02-20,Mumbai,120,24.36,0.0,7.42
2024-02-21,Mumbai,120,23.36,0.0,10.11
2024-02-22,Mumbai,120,23.95,0.0,6.87
2024-02-23,Mumbai,120,24.22,0.0,6.82
2024-02-24,Mumbai,120,23.63,0.0,7.85
2024-02-25,Mumbai,120,24.0,0.0,9.44
2024-02-26,Mumbai,120,23.78,0.0,6.23
2024-02-27,Mumbai,120,20.41,0.0,4.56
2024-02-28,Mumbai,120,24.03,0.0,2.86
2024-02-29,Mumbai,120,22.22,0.0,10.09
2024-03-01,Mumbai,120,26.34,0.0,9.8
2024-03-02,Mumbai,120,26.76,0.0,11.12
2024-03-03,Mumbai,120,28.33,0.0,15.77
2024-03-04,Mumbai,120,32.36,0.0,8.13
2024-03-05,Mumbai,120,30.02,0.0,13.07
2024-03-06,Mumbai,120,31.01,0.0,9.62
2024-03-07,Mumbai,120,27.68,0.0,7.71
2024-03-08,Mumbai,120,28.63,0.0,6.4
2024-03-09,Mumbai,120,28.08,0.0,10.35
2024-03-10,Mumbai,120,27.92,0.0,13.39
2024-03-11,Mumbai,120,24.57,0.0,12.22
2024-03-12,Mumbai,120,27.65,0.61,10.73
2024-03-13,Mumbai,120,28.8,0.0,5.45
2024-03-14,Mumbai,120,32.69,0.0,13.58
2024-03-15,Mumbai,120,31.56,0.0,16.47
2024-03-16,Mumbai,120,30.09,0.0,6.77
2024-03-17,Mumbai,120,30.06,0.0,8.98
2024-03-18,Mumbai,120,31.09,0.0,7.85
2024-03-19,Mumbai,120,29.18,0.0,6.93
2024-03-20,Mumbai,120,26.11,0.0,2.92
2024-03-21,Mumbai,120,30.24,0.0,13.81
2024-03-22,Mumbai,120,25.83,0.0,12.7
2024-03-23,Mumbai,120,27.23,0.0,8.24
2024-03-24,Mumbai,120,29.99,0.0,3.9
2024-03-25,Mumbai,120,31.94,0.0,8.47
2024-03-26,Mumbai,120,27.81,0.0,11.93
2024-03-27,Mumbai,120,30.19,0.0,21.38
2024-03-28,Mumbai,120,27.72,0.0,11.85
2024-03-29,Mumbai,120,28.93,0.0,10.05
2024-03-30,Mumbai,120,29.16,0.0,16.97
2024-03-31,Mumbai,120,27.16,0.0,16.97
2024-04-01,Mumbai,120,33.36,0.0,9.9
2024-04-02,Mumbai,120,29.65,0.0,9.19
2024-04-03,Mumbai,120,28.55,0.0,16.35
2024-04-04,Mumbai,120,31.41,0.0,10.44
2024-04-05,Mumbai,120,34.34,0.0,16.52
2024-04-06,Mumbai,120,31.78,0.0,8.93
2024-04-07,Mumbai,120,29.32,0.0,8.16
2024-04-08,Mumbai,120,30.67,0.0,15.99
2024-04-09,Mumbai,120,25.63,0.0,13.73
2024-04-10,Mumbai,120,26.94,0.0,10.39
2024-04-11,Mumbai,120,24.77,0.0,15.78
2024-04-12,Mumbai,120,26.65,0.0,9.0
2024-04-13,Mumbai,120,32.01,0.0,15.02
2024-04-14,Mumbai,120,33.05,0.0,7.05
2024-04-15,Mumbai,120,30.55,0.0,5.74
2024-04-16,Mumbai,120,26.62,0.0,13.73
2024-04-17,Mumbai,120,27.28,0.0,20.07
2024-04-18,Mumbai,120,32.23,0.0,14.47
2024-04-19,Mumbai,120,32.2,0.0,10.37
2024-04-20,Mumbai,120,31.51,0.0,12.02
2024-04-21,Mumbai,120,28.49,0.0,11.7
2024-04-22,Mumbai,120,31.28,0.0,13.49
2024-04-23,Mumbai,120,30.84,0.0,17.27
2024-04-24,Mumbai,120,28.96,0.0,8.44
2024-04-25,Mumbai,120,28.82,0.0,13.38
2024-04-26,Mumbai,120,30.38,0.0,12.96
2024-04-27,Mumbai,120,27.01,0.0,16.45
2024-04-28,Mumbai,120,27.0,0.0,14.43
2024-04-29,Mumbai,120,26.98,0.0,14.55
2024-04-30,Mumbai,120,28.68,0.0,15.31
2024-05-01,Mumbai,120,29.7,0.0,13.7
2024-05-02,Mumbai,120,33.92,0.0,12.67
2024-05-03,Mumbai,120,29.77,0.0,13.54
2024-05-04,Mumbai,120,31.01,0.0,4.15
2024-05-05,Mumbai,120,32.08,0.0,14.66
2024-05-06,Mumbai,120,26.92,0.0,13.4
2024-05-07,Mumbai,120,30.0,0.0,18.16
2024-05-08,Mumbai,120,31.63,0.0,9.58
2024-05-09,Mumbai,120,30.33,0.0,11.42
2024-05-10,Mumbai,120,29.08,0.0,10.13
2024-05-11,Mumbai,120,30.37,0.0,15.12
2024-05-12,Mumbai,120,30.34,0.0,18.24
2024-05-13,Mumbai,120,27.88,0.0,9.8
2024-05-14,Mumbai,120,28.41,5.1,14.85
2024-05-15,Mumbai,120,32.18,0.0,15.09
2024-05-16,Mumbai,120,29.39,0.0,21.5
2024-05-17,Mumbai,120,31.73,0.0,17.25
2024-05-18,Mumbai,120,30.05,0.0,12.09
2024-05-19,Mumbai,120,29.25,0.0,15.52
2024-05-20,Mumbai,120,29.86,0.0,21.71
2024-05-21,Mumbai,120,31.91,0.0,27.48
2024-05-22,Mumbai,120,30.06,0.0,17.58
2024-05-23,Mumbai,120,31.46,0.0,12.56
2024-05-24,Mumbai,120,29.21,0.0,12.8
2024-05-25,Mumbai,120,33.43,0.0,15.38
2024-05-26,Mumbai,120,31.07,0.0,19.24
2024-05-27,Mumbai,120,30.8,0.0,19.63
2024-05-28,Mumbai,120,29.18,0.0,15.19
2024-05-29,Mumbai,120,32.02,0.0,17.2
2024-05-30,Mumbai,120,32.01,0.0,17.68
2024-05-31,Mumbai,120,26.42,0.0,12.61
2024-06-01,Mumbai,120,29.77,0.0,21.42
2024-06-02,Mumbai,120,33.09,38.79,25.65
2024-06-03,Mumbai,120,31.85,0.54,22.5
2024-06-04,Mumbai,120,32.96,0.07,31.82
2024-06-05,Mumbai,120,27.67,48.84,25.38
2024-06-06,Mumbai,120,28.67,0.0,22.25
2024-06-07,Mumbai,120,25.21,0.0,13.15
2024-06-08,Mumbai,120,27.46,21.24,23.83
2024-06-09,Mumbai,120,31.6,57.8,28.96
2024-06-10,Mumbai,120,27.82,22.57,26.01
2024-06-11,Mumbai,120,27.13,10.41,27.07
2024-06-12,Mumbai,120,31.09,1.36,21.04
2024-06-13,Mumbai,120,27.08,0.0,32.6
2024-06-14,Mumbai,120,28.51,107.14,31.94
2024-06-15,Mumbai,120,28.43,17.43,29.6
2024-06-16,Mumbai,120,31.73,2.51,28.37
2024-06-17,Mumbai,120,29.7,50.7,34.98
2024-06-18,Mumbai,120,28.83,37.06,31.43
2024-06-19,Mumbai,120,31.39,0.82,27.9
2024-06-20,Mumbai,120,30.57,0.0,22.77
2024-06-21,Mumbai,120,32.55,21.66,23.15
2024-06-22,Mumbai,120,36.11,1.54,26.67
2024-06-23,Mumbai,120,34.32,7.63,18.21
2024-06-24,Mumbai,120,28.13,36.57,35.2
2024-06-25,Mumbai,120,27.75,0.47,22.48
2024-06-26,Mumbai,120,32.77,21.33,24.47
2024-06-27,Mumbai,120,32.83,0.0,26.02
2024-06-28,Mumbai,120,31.75,39.78,25.13
2024-06-29,Mumbai,120,33.12,0.0,24.9
2024-06-30,Mumbai,120,31.18,22.79,32.3
2024-07-01,Mumbai,120,30.69,0.0,29.08
2024-07-02,Mumbai,120,33.44,0.0,33.62
2024-07-03,Mumbai,120,28.16,4.43,28.86
2024-07-04,Mumbai,120,28.76,8.29,33.34
2024-07-05,Mumbai,120,26.93,5.33,27.99
2024-07-06,Mumbai,120,26.89,0.0,28.87
2024-07-07,Mumbai,120,27.49,10.54,22.96
2024-07-08,Mumbai,120,29.27,0.0,25.54
2024-07-09,Mumbai,120,28.66,13.07,19.26
2024-07-10,Mumbai,120,24.3,25.43,22.71
2024-07-11,Mumbai,120,28.94,0.0,30.06
2024-07-12,Mumbai,120,28.38,18.44,27.54
2024-07-13,Mumbai,120,28.21,126.74,31.42
2024-07-14,Mumbai,120,26.35,5.47,22.91
2024-07-15,Mumbai,120,27.61,3.32,32.48
2024-07-16,Mumbai,120,26.46,39.95,28.42
2024-07-17,Mumbai,120,29.73,20.32,18.9
2024-07-18,Mumbai,120,29.77,12.96,27.89
2024-07-19,Mumbai,120,28.34,41.18,34.13
2024-07-20,Mumbai,120,27.99,32.02,25.54
2024-07-21,Mumbai,120,28.38,26.3,22.45
2024-07-22,Mumbai,120,26.68,111.59,28.13
2024-07-23,Mumbai,120,28.22,6.59,24.5
2024-07-24,Mumbai,120,28.05,0.0,23.89
2024-07-25,Mumbai,120,27.03,53.36,33.36
2024-07-26,Mumbai,120,24.18,98.65,38.24
2024-07-27,Mumbai,120,23.08,8.06,30.21
2024-07-28,Mumbai,120,27.81,14.36,25.72
2024-07-29,Mumbai,120,31.24,14.57,22.11
2024-07-30,Mumbai,120,29.66,5.63,27.46
2024-07-31,Mumbai,120,27.56,0.0,26.92
2024-08-01,Mumbai,120,26.21,2.9,17.58
2024-08-02,Mumbai,120,27.41,19.12,30.73
2024-08-03,Mumbai,120,27.69,7.24,20.48
2024-08-04,Mumbai,120,31.3,7.17,11.88
2024-08-05,Mumbai,120,30.04,24.35,23.92
2024-08-06,Mumbai,120,27.96,21.91,26.13
2024-08-07,Mumbai,120,27.3,16.4,17.15
2024-08-08,Mumbai,120,27.03,0.0,29.06
2024-08-09,Mumbai,120,30.83,47.49,23.4
2024-08-10,Mumbai,120,31.51,60.43,30.5
2024-08-11,Mumbai,120,27.35,10.31,22.69
2024-08-12,Mumbai,120,27.34,2.11,30.89
2024-08-13,Mumbai,120,26.61,0.0,28.47
2024-08-14,Mumbai,120,30.69,34.05,15.55
2024-08-15,Mumbai,120,30.28,56.49,27.61
2024-08-16,Mumbai,120,28.97,4.78,23.63
2024-08-17,Mumbai,120,30.59,24.42,25.06
2024-08-18,Mumbai,120,30.77,49.17,23.43
2024-08-19,Mumbai,120,25.43,20.11,23.79
2024-08-20,Mumbai,120,28.18,12.97,17.69
2024-08-21,Mumbai,120,30.1,0.0,18.33
2024-08-22,Mumbai,120,24.68,0.0,21.88
2024-08-23,Mumbai,120,26.53,0.0,24.54
2024-08-24,Mumbai,120,26.01,0.0,28.46
2024-08-25,Mumbai,120,28.1,15.37,31.7
2024-08-26,Mumbai,120,29.54,36.53,29.86
2024-08-27,Mumbai,120,29.04,6.02,31.73
2024-08-28,Mumbai,120,26.65,0.0,32.12
2024-08-29,Mumbai,120,33.44,7.1,23.32
2024-08-30,Mumbai,120,26.35,68.19,38.75
2024-08-31,Mumbai,120,29.54,0.0,26.19
2024-09-01,Mumbai,120,26.83,7.77,22.57
2024-09-02,Mumbai,120,23.51,2.87,9.4
2024-09-03,Mumbai,120,26.75,1.02,14.45
2024-09-04,Mumbai,120,26.51,12.19,16.59
2024-09-05,Mumbai,120,29.43,0.0,16.95
2024-09-06,Mumbai,120,33.75,2.67,13.44
2024-09-07,Mumbai,120,28.23,0.0,15.05
2024-09-08,Mumbai,120,28.79,0.0,16.16
2024-09-09,Mumbai,120,29.66,100.0,23.88
2024-09-10,Mumbai,120,28.68,8.94,16.52
2024-09-11,Mumbai,120,30.14,2.96,19.11
2024-09-12,Mumbai,120,31.65,14.69,22.92
2024-09-13,Mumbai,120,29.67,1.59,19.06
2024-09-14,Mumbai,120,30.87,0.0,23.7
2024-09-15,Mumbai,120,29.64,0.74,20.5
2024-09-16,Mumbai,120,29.08,17.01,23.48
2024-09-17,Mumbai,120,29.71,8.16,15.52
2024-09-18,Mumbai,120,29.5,0.31,17.59
2024-09-19,Mumbai,120,29.11,7.78,22.04
2024-09-20,Mumbai,120,29.96,1.91,13.25
2024-09-21,Mumbai,120,26.91,33.48,15.02
2024-09-22,Mumbai,120,30.47,3.75,18.02
2024-09-23,Mumbai,120,25.3,4.74,13.36
2024-09-24,Mumbai,120,27.74,0.0,20.9
2024-09-25,Mumbai,120,30.86,2.2,16.63
2024-09-26,Mumbai,120,28.96,0.0,16.92
2024-09-27,Mumbai,120,28.09,30.07,12.38
2024-09-28,Mumbai,120,25.53,19.52,21.12
2024-09-29,Mumbai,120,25.13,4.11,10.82
2024-09-30,Mumbai,120,25.05,6.54,12.21
2024-10-01,Mumbai,120,30.21,0.0,10.03
2024-10-02,Mumbai,120,29.88,0.0,13.71
2024-10-03,Mumbai,120,28.03,0.0,13.02
2024-10-04,Mumbai,120,30.97,0.0,11.19
2024-10-05,Mumbai,120,29.17,0.0,9.55
2024-10-06,Mumbai,120,28.83,0.0,2.77
2024-10-07,Mumbai,120,24.71,0.0,16.07
2024-10-08,Mumbai,120,27.69,0.0,10.19
2024-10-09,Mumbai,120,25.96,0.0,10.13
2024-10-10,Mumbai,120,26.09,10.78,7.1
2024-10-11,Mumbai,120,33.8,0.0,7.63
2024-10-12,Mumbai,120,28.75,0.0,4.38
2024-10-13,Mumbai,120,30.75,0.0,2.92
2024-10-14,Mumbai,120,32.3,0.0,5.84
2024-10-15,Mumbai,120,31.08,11.52,10.79
2024-10-16,Mumbai,120,25.82,0.0,6.31
2024-10-17,Mumbai,120,29.91,0.0,19.37
2024-10-18,Mumbai,120,29.42,0.0,8.69
2024-10-19,Mumbai,120,25.05,0.0,5.57
2024-10-20,Mumbai,120,28.97,0.0,11.42
2024-10-21,Mumbai,120,31.67,0.0,10.4
2024-10-22,Mumbai,120,29.57,0.0,9.62
2024-10-23,Mumbai,120,29.16,0.0,11.01
2024-10-24,Mumbai,120,30.36,0.0,12.06
2024-10-25,Mumbai,120,26.64,0.0,11.05
2024-10-26,Mumbai,120,31.9,0.0,11.98
2024-10-27,Mumbai,120,30.05,0.0,10.21
2024-10-28,Mumbai,120,32.63,0.0,10.37
2024-10-29,Mumbai,120,31.61,0.0,10.3
2024-10-30,Mumbai,120,28.84,0.0,10.41
2024-10-31,Mumbai,120,28.65,0.0,10.14
2024-11-01,Mumbai,120,24.5,0.0,8.06
2024-11-02,Mumbai,120,25.59,0.0,7.67
2024-11-03,Mumbai,120,30.81,0.0,7.33
2024-11-04,Mumbai,120,26.52,0.0,8.9
2024-11-05,Mumbai,120,27.63,0.0,8.9
2024-11-06,Mumbai,120,30.35,0.0,7.52
2024-11-07,Mumbai,120,30.36,0.0,7.88
2024-11-08,Mumbai,120,31.13,0.0,7.97
2024-11-09,Mumbai,120,29.42,0.0,16.19
2024-11-10,Mumbai,120,32.65,0.0,12.72
2024-11-11,Mumbai,120,33.06,0.0,12.16
2024-11-12,Mumbai,120,31.13,0.0,8.56
2024-11-13,Mumbai,120,28.72,0.0,7.22
2024-11-14,Mumbai,120,27.71,0.0,13.26
2024-11-15,Mumbai,120,26.81,0.0,11.16
2024-11-16,Mumbai,120,25.12,0.0,13.95
2024-11-17,Mumbai,120,26.13,0.0,11.59
2024-11-18,Mumbai,120,27.77,0.0,10.16
2024-11-19,Mumbai,120,28.26,0.0,5.43
2024-11-20,Mumbai,120,29.74,0.0,8.94
2024-11-21,Mumbai,120,26.25,0.0,5.72
2024-11-22,Mumbai,120,24.11,0.0,6.77
2024-11-23,Mumbai,120,28.62,0.0,6.0
2024-11-24,Mumbai,120,32.33,0.0,12.02
2024-11-25,Mumbai,120,30.23,0.0,6.4
2024-11-26,Mumbai,120,29.67,0.0,10.45
2024-11-27,Mumbai,120,29.41,0.0,4.6
2024-11-28,Mumbai,120,33.23,0.0,6.8
2024-11-29,Mumbai,120,30.37,0.0,2.59
2024-11-30,Mumbai,120,27.92,0.0,9.89
2024-12-01,Mumbai,120,25.04,0.0,10.29
2024-12-02,Mumbai,120,29.79,0.6,5.97
2024-12-03,Mumbai,120,30.99,0.0,10.49
2024-12-04,Mumbai,120,28.16,0.0,6.87
2024-12-05,Mumbai,120,28.18,0.0,9.45
2024-12-06,Mumbai,120,29.39,0.0,11.12
2024-12-07,Mumbai,120,28.26,0.0,13.91
2024-12-08,Mumbai,120,25.38,0.0,5.71
2024-12-09,Mumbai,120,28.65,0.0,4.76
2024-12-10,Mumbai,120,29.04,0.0,1.83
2024-12-11,Mumbai,120,29.83,0.0,3.3
2024-12-12,Mumbai,120,28.93,0.0,11.32
2024-12-13,Mumbai,120,26.98,0.0,4.65
2024-12-14,Mumbai,120,23.81,0.0,1.96
2024-12-15,Mumbai,120,27.49,0.0,9.57
2024-12-16,Mumbai,120,25.35,0.0,5.58
2024-12-17,Mumbai,120,28.24,0.0,6.79
2024-12-18,Mumbai,120,25.65,0.0,12.19
2024-12-19,Mumbai,120,22.21,0.0,8.67
2024-12-20,Mumbai,120,24.19,0.0,12.44
2024-12-21,Mumbai,120,23.63,0.0,9.39
2024-12-22,Mumbai,120,28.88,0.0,4.08
2024-12-23,Mumbai,120,27.11,0.0,8.89
2024-12-24,Mumbai,120,30.18,0.0,2.29
2024-12-25,Mumbai,120,28.39,0.0,11.04
2024-12-26,Mumbai,120,27.03,0.0,10.62
2024-12-27,Mumbai,120,28.08,0.0,8.9
2024-12-28,Mumbai,120,26.93,0.0,6.18
2024-12-29,Mumbai,120,28.52,0.0,11.8
2024-12-30,Mumbai,120,27.71,0.0,10.65
2024-12-31,Mumbai,120,26.53,0.0,0.0
2025-01-01,Mumbai,120,24.79,0.0,16.81
2025-01-02,Mumbai,120,21.07,0.0,6.9
2025-01-03,Mumbai,120,24.15,0.0,13.5
2025-01-04,Mumbai,120,24.39,0.0,17.95
2025-01-05,Mumbai,120,27.22,0.0,15.9
2025-01-06,Mumbai,120,26.6,0.0,9.89
2025-01-07,Mumbai,120,24.24,0.0,11.52
2025-01-08,Mumbai,120,25.72,0.0,10.61
2025-01-09,Mumbai,120,27.89,0.0,14.44
2025-01-10,Mumbai,120,24.9,1.52,7.21
2025-01-11,Mumbai,120,25.11,0.0,2.68
2025-01-12,Mumbai,120,24.25,0.0,11.25
2025-01-13,Mumbai,120,22.75,0.0,12.97
2025-01-14,Mumbai,120,19.74,0.0,6.78
2025-01-15,Mumbai,120,23.33,0.0,11.84
2025-01-16,Mumbai,120,22.82,0.0,14.48
2025-01-17,Mumbai,120,21.63,0.0,12.08
2025-01-18,Mumbai,120,19.76,0.0,7.8
2025-01-19,Mumbai,120,23.3,0.0,14.19
2025-01-20,Mumbai,120,24.35,0.0,10.25
2025-01-21,Mumbai,120,23.41,0.0,7.9
2025-01-22,Mumbai,120,23.12,0.0,11.45
2025-01-23,Mumbai,120,23.72,0.0,0.0
2025-01-24,Mumbai,120,19.36,0.0,4.33
2025-01-25,Mumbai,120,24.16,0.0,3.83
2025-01-26,Mumbai,120,22.12,0.0,11.7
2025-01-27,Mumbai,120,25.71,0.0,3.94
2025-01-28,Mumbai,120,23.11,0.0,16.78
2025-01-29,Mumbai,120,26.38,0.0,12.0
2025-01-30,Mumbai,120,26.92,0.0,11.13
2025-01-31,Mumbai,120,23.38,0.0,4.89
2025-02-01,Mumbai,120,22.81,0.0,3.44
2025-02-02,Mumbai,120,23.02,0.0,9.28
2025-02-03,Mumbai,120,25.04,0.0,10.8
2025-02-04,Mumbai,120,23.27,0.0,8.05
2025-02-05,Mumbai,120,25.67,0.0,9.57
2025-02-06,Mumbai,120,23.04,0.0,9.07
2025-02-07,Mumbai,120,24.27,0.0,7.73
2025-02-08,Mumbai,120,26.48,0.0,6.39
2025-02-09,Mumbai,120,25.53,0.0,11.77
2025-02-10,Mumbai,120,30.13,0.0,4.69
2025-02-11,Mumbai,120,25.72,0.0,12.79
2025-02-12,Mumbai,120,26.74,0.0,14.33
2025-02-13,Mumbai,120,24.6,0.0,6.01
2025-02-14,Mumbai,120,25.11,0.0,13.45
2025-02-15,Mumbai,120,25.01,0.0,11.22
2025-02-16,Mumbai,120,22.28,0.0,13.16
2025-02-17,Mumbai,120,25.31,0.0,16.17
2025-02-18,Mumbai,120,26.79,0.0,7.6
2025-02-19,Mumbai,120,29.04,0.0,5.13
2025-02-20,Mumbai,120,24.51,0.0,10.63
2025-02-21,Mumbai,120,25.57,0.0,12.33
2025-02-22,Mumbai,120,28.08,0.0,13.42
2025-02-23,Mumbai,120,26.94,0.0,16.46
2025-02-24,Mumbai,120,24.05,0.0,6.44
2025-02-25,Mumbai,120,27.79,0.0,5.71
2025-02-26,Mumbai,120,26.48,0.0,6.67
2025-02-27,Mumbai,120,21.32,0.0,4.78
2025-02-28,Mumbai,120,23.81,0.0,6.53
2025-03-01,Mumbai,120,26.66,0.0,3.12
2025-03-02,Mumbai,120,23.26,0.0,7.9
2025-03-03,Mumbai,120,26.73,0.0,5.79
2025-03-04,Mumbai,120,24.58,0.0,8.31
2025-03-05,Mumbai,120,30.37,0.0,9.99
2025-03-06,Mumbai,120,27.3,0.0,11.23
2025-03-07,Mumbai,120,28.86,0.0,8.08
2025-03-08,Mumbai,120,28.51,0.0,12.86
2025-03-09,Mumbai,120,23.54,0.0,6.78
2025-03-10,Mumbai,120,23.24,0.0,10.34
2025-03-11,Mumbai,120,24.93,0.0,8.71
2025-03-12,Mumbai,120,24.22,0.0,10.14
2025-03-13,Mumbai,120,28.13,0.0,12.45
2025-03-14,Mumbai,120,26.5,0.0,14.02
2025-03-15,Mumbai,120,26.8,0.0,8.76
2025-03-16,Mumbai,120,28.89,0.0,12.02
2025-03-17,Mumbai,120,30.03,0.0,3.88
2025-03-18,Mumbai,120,30.16,0.0,15.72
2025-03-19,Mumbai,120,29.66,0.0,14.12
2025-03-20,Mumbai,120,28.43,0.0,14.93
2025-03-21,Mumbai,120,28.71,0.0,15.03
2025-03-22,Mumbai,120,30.56,0.0,10.58
2025-03-23,Mumbai,120,32.0,0.0,14.33
2025-03-24,Mumbai,120,26.49,0.0,12.21
2025-03-25,Mumbai,120,23.06,0.0,14.34
2025-03-26,Mumbai,120,26.95,0.0,10.82
2025-03-27,Mumbai,120,28.61,0.0,13.02
2025-03-28,Mumbai,120,28.03,0.0,5.53
2025-03-29,Mumbai,120,24.88,0.0,14.13
2025-03-30,Mumbai,120,26.24,0.0,11.75
2025-03-31,Mumbai,120,28.58,0.0,8.65
2025-04-01,Mumbai,120,30.06,0.0,7.84
2025-04-02,Mumbai,120,31.02,0.0,13.21
2025-04-03,Mumbai,120,28.5,0.0,15.3
2025-04-04,Mumbai,120,31.75,0.0,8.9
2025-04-05,Mumbai,120,31.6,0.0,19.73
2025-04-06,Mumbai,120,30.33,0.0,4.57
2025-04-07,Mumbai,120,30.9,0.0,6.62
2025-04-08,Mumbai,120,29.69,0.0,15.29
2025-04-09,Mumbai,120,31.16,0.0,10.87
2025-04-10,Mumbai,120,32.53,0.0,9.5
2025-04-11,Mumbai,120,33.07,0.0,8.1
2025-04-12,Mumbai,120,30.84,0.0,11.17
2025-04-13,Mumbai,120,30.27,0.0,5.0
2025-04-14,Mumbai,120,33.14,0.0,12.03
2025-04-15,Mumbai,120,37.05,0.0,16.47
2025-04-16,Mumbai,120,33.89,0.0,17.29
2025-04-17,Mumbai,120,36.01,0.0,14.39
2025-04-18,Mumbai,120,30.19,0.0,12.36
2025-04-19,Mumbai,120,33.58,0.0,9.93
2025-04-20,Mumbai,120,31.66,0.0,6.65
2025-04-21,Mumbai,120,30.09,0.0,13.53
2025-04-22,Mumbai,120,33.71,0.0,13.94
2025-04-23,Mumbai,120,31.01,0.0,13.6
2025-04-24,Mumbai,120,34.77,0.0,13.18
2025-04-25,Mumbai,120,27.4,0.0,13.3
2025-04-26,Mumbai,120,32.28,0.0,10.63
2025-04-27,Mumbai,120,34.24,0.0,17.07
2025-04-28,Mumbai,120,33.27,0.0,16.11
2025-04-29,Mumbai,120,33.26,0.0,15.25
2025-04-30,Mumbai,120,35.49,0.0,17.27
2025-05-01,Mumbai,120,32.59,0.0,9.77
2025-05-02,Mumbai,120,33.2,0.0,13.64
2025-05-03,Mumbai,120,30.72,0.0,14.62
2025-05-04,Mumbai,120,35.38,0.0,22.03
2025-05-05,Mumbai,120,33.58,0.0,14.01
2025-05-06,Mumbai,120,35.11,0.0,14.82
2025-05-07,Mumbai,120,32.45,0.0,11.7
2025-05-08,Mumbai,120,34.39,0.0,14.94
2025-05-09,Mumbai,120,26.79,0.0,13.24
2025-05-10,Mumbai,120,31.33,0.0,8.07
2025-05-11,Mumbai,120,27.38,0.0,16.9
2025-05-12,Mumbai,120,29.92,0.0,11.91
2025-05-13,Mumbai,120,31.08,0.0,7.19
2025-05-14,Mumbai,120,33.4,0.0,14.97
2025-05-15,Mumbai,120,33.0,0.0,19.74
2025-05-16,Mumbai,120,29.87,0.0,11.93
2025-05-17,Mumbai,120,30.66,0.0,14.62
2025-05-18,Mumbai,120,31.91,0.0,14.35
2025-05-19,Mumbai,120,29.89,0.0,20.2
2025-05-20,Mumbai,120,31.42,0.0,14.29
2025-05-21,Mumbai,120,29.05,0.0,21.38
2025-05-22,Mumbai,120,33.69,0.0,10.11
2025-05-23,Mumbai,120,32.69,0.0,17.81
2025-05-24,Mumbai,120,30.46,0.0,15.52
2025-05-25,Mumbai,120,30.28,0.0,10.09
2025-05-26,Mumbai,120,31.98,0.0,11.12
2025-05-27,Mumbai,120,31.56,0.0,13.22
2025-05-28,Mumbai,120,31.78,0.0,10.52
2025-05-29,Mumbai,120,33.62,0.0,16.6
2025-05-30,Mumbai,120,38.8,0.0,13.9
2025-05-31,Mumbai,120,31.59,0.0,8.03
2025-06-01,Mumbai,120,27.44,37.43,22.3
2025-06-02,Mumbai,120,27.89,0.0,24.56
2025-06-03,Mumbai,120,30.02,32.93,34.4
2025-06-04,Mumbai,120,30.1,0.71,26.79
2025-06-05,Mumbai,120,29.25,39.65,27.3
2025-06-06,Mumbai,120,33.16,12.41,28.21
2025-06-07,Mumbai,120,25.86,0.0,26.94
2025-06-08,Mumbai,120,28.39,1.38,14.07
2025-06-09,Mumbai,120,31.58,0.0,17.35
2025-06-10,Mumbai,120,29.1,42.54,31.16
2025-06-11,Mumbai,120,31.4,21.54,27.13
2025-06-12,Mumbai,120,31.7,0.0,22.55
2025-06-13,Mumbai,120,28.49,0.0,31.58
2025-06-14,Mumbai,120,31.43,0.0,25.42
2025-06-15,Mumbai,120,29.19,54.11,33.58
2025-06-16,Mumbai,120,29.64,0.0,24.32
2025-06-17,Mumbai,120,32.88,23.55,19.95
2025-06-18,Mumbai,120,30.6,0.0,21.73
2025-06-19,Mumbai,120,28.12,24.95,21.85
2025-06-20,Mumbai,120,34.55,79.13,27.18
2025-06-21,Mumbai,120,34.05,0.0,32.04
2025-06-22,Mumbai,120,31.54,25.51,22.99
2025-06-23,Mumbai,120,28.34,0.0,24.99
2025-06-24,Mumbai,120,27.86,0.0,25.38
2025-06-25,Mumbai,120,29.81,0.0,15.37
2025-06-26,Mumbai,120,28.96,0.0,15.98
2025-06-27,Mumbai,120,28.46,0.0,21.03
2025-06-28,Mumbai,120,24.83,0.0,27.12
2025-06-29,Mumbai,120,28.88,0.0,20.76
2025-06-30,Mumbai,120,28.84,0.0,23.56
2025-07-01,Mumbai,120,26.34,0.0,41.58
2025-07-02,Mumbai,120,26.46,26.12,27.81
2025-07-03,Mumbai,120,25.68,49.09,35.88
2025-07-04,Mumbai,120,29.82,4.89,32.34
2025-07-05,Mumbai,120,27.19,146.05,43.89
2025-07-06,Mumbai,120,26.69,0.0,34.78
2025-07-07,Mumbai,120,26.43,61.09,27.83
2025-07-08,Mumbai,120,24.19,0.0,26.83
2025-07-09,Mumbai,120,28.48,0.0,25.26
2025-07-10,Mumbai,120,24.98,0.0,20.74
2025-07-11,Mumbai,120,28.53,0.0,16.71
2025-07-12,Mumbai,120,29.77,5.91,20.99
2025-07-13,Mumbai,120,27.28,0.0,26.72
2025-07-14,Mumbai,120,27.23,6.95,43.67
2025-07-15,Mumbai,120,25.5,53.93,28.14
2025-07-16,Mumbai,120,25.64,63.33,26.02
2025-07-17,Mumbai,120,26.57,12.57,26.71
2025-07-18,Mumbai,120,27.83,107.52,32.37
2025-07-19,Mumbai,120,27.08,8.94,26.23
2025-07-20,Mumbai,120,27.83,53.08,21.55
2025-07-21,Mumbai,120,26.03,11.37,36.98
2025-07-22,Mumbai,120,28.02,0.0,24.99
2025-07-23,Mumbai,120,29.67,13.12,28.69
2025-07-24,Mumbai,120,26.74,17.75,26.04
2025-07-25,Mumbai,120,25.4,0.0,30.56
2025-07-26,Mumbai,120,23.46,118.38,39.37
2025-07-27,Mumbai,120,26.42,52.31,35.51
2025-07-28,Mumbai,120,26.97,4.41,27.71
2025-07-29,Mumbai,120,26.9,2.95,22.72
2025-07-30,Mumbai,120,31.35,22.46,25.88
2025-07-31,Mumbai,120,29.04,118.67,34.77
2025-08-01,Mumbai,120,29.22,20.03,30.12
2025-08-02,Mumbai,120,29.9,0.81,22.31
2025-08-03,Mumbai,120,31.85,14.18,23.94
2025-08-04,Mumbai,120,24.06,0.0,18.65
2025-08-05,Mumbai,120,28.73,0.0,18.26
2025-08-06,Mumbai,120,28.64,0.0,18.43
2025-08-07,Mumbai,120,30.82,0.0,14.26
2025-08-08,Mumbai,120,26.53,0.0,19.97
2025-08-09,Mumbai,120,27.81,15.24,30.81
2025-08-10,Mumbai,120,29.12,12.94,27.4
2025-08-11,Mumbai,120,25.91,4.11,21.14
2025-08-12,Mumbai,120,27.56,5.39,22.9
2025-08-13,Mumbai,120,21.3,67.12,23.86
2025-08-14,Mumbai,120,21.92,0.0,19.96
2025-08-15,Mumbai,120,26.07,0.0,20.11
2025-08-16,Mumbai,120,26.27,1.28,25.8
2025-08-17,Mumbai,120,23.66,32.71,22.91
2025-08-18,Mumbai,120,27.95,14.3,22.0
2025-08-19,Mumbai,120,27.76,5.15,22.99
2025-08-20,Mumbai,120,25.28,5.01,15.35
2025-08-21,Mumbai,120,28.25,0.0,13.82
2025-08-22,Mumbai,120,29.29,0.0,26.03
2025-08-23,Mumbai,120,22.87,0.0,22.04
2025-08-24,Mumbai,120,27.87,0.0,22.11
2025-08-25,Mumbai,120,24.08,0.0,16.62
2025-08-26,Mumbai,120,27.4,14.61,24.42
2025-08-27,Mumbai,120,29.32,13.83,24.05
2025-08-28,Mumbai,120,28.61,31.89,21.94
2025-08-29,Mumbai,120,28.68,1.4,23.16
2025-08-30,Mumbai,120,26.03,2.32,15.82
2025-08-31,Mumbai,120,26.5,2.15,20.06
2025-09-01,Mumbai,120,24.77,1.17,17.83
2025-09-02,Mumbai,120,25.11,1.07,17.95
2025-09-03,Mumbai,120,27.73,49.6,23.93
2025-09-04,Mumbai,120,26.46,0.92,19.65
2025-09-05,Mumbai,120,31.11,8.29,7.99
2025-09-06,Mumbai,120,30.16,2.27,18.28
2025-09-07,Mumbai,120,30.1,27.29,19.05
2025-09-08,Mumbai,120,26.35,0.0,10.69
2025-09-09,Mumbai,120,29.63,0.0,10.2
2025-09-10,Mumbai,120,27.62,0.0,9.36
2025-09-11,Mumbai,120,29.8,3.92,16.32
2025-09-12,Mumbai,120,28.44,15.61,18.98
2025-09-13,Mumbai,120,29.49,0.0,18.54
2025-09-14,Mumbai,120,32.98,9.62,21.71
2025-09-15,Mumbai,120,29.62,0.0,17.8
2025-09-16,Mumbai,120,29.93,2.2,11.06
2025-09-17,Mumbai,120,29.81,16.09,16.77
2025-09-18,Mumbai,120,30.74,66.18,22.29
2025-09-19,Mumbai,120,29.19,9.93,10.92
2025-09-20,Mumbai,120,26.59,1.6,14.65
2025-09-21,Mumbai,120,26.57,53.65,15.82
2025-09-22,Mumbai,120,26.09,39.02,27.08
2025-09-23,Mumbai,120,25.49,5.94,16.19
2025-09-24,Mumbai,120,34.48,6.41,19.15
2025-09-25,Mumbai,120,29.45,2.51,14.09
2025-09-26,Mumbai,120,34.02,14.92,16.0
2025-09-27,Mumbai,120,32.75,5.25,22.41
2025-09-28,Mumbai,120,32.02,0.0,16.08
2025-09-29,Mumbai,120,28.73,0.07,20.66
2025-09-30,Mumbai,120,29.26,3.39,15.29
2023-01-01,Mumbai,168,24.51,0.0,16.93
2023-01-02,Mumbai,168,23.27,0.0,15.3
2023-01-03,Mumbai,168,25.06,0.0,5.18
2023-01-04,Mumbai,168,27.01,0.0,3.03
2023-01-05,Mumbai,168,24.13,0.0,10.0
2023-01-06,Mumbai,168,24.77,0.0,9.43
2023-01-07,Mumbai,168,28.3,0.0,8.66
2023-01-08,Mumbai,168,26.21,0.0,8.8
2023-01-09,Mumbai,168,27.56,0.0,2.96
2023-01-10,Mumbai,168,26.16,0.0,6.78
2023-01-11,Mumbai,168,23.11,0.0,18.59
2023-01-12,Mumbai,168,24.13,0.0,20.61
2023-01-13,Mumbai,168,19.45,0.0,12.11
2023-01-14,Mumbai,168,16.2,0.0,8.4
2023-01-15,Mumbai,168,25.85,0.0,5.6
2023-01-16,Mumbai,168,28.72,0.0,10.07
2023-01-17,Mumbai,168,25.63,0.0,11.03
2023-01-18,Mumbai,168,26.06,0.0,10.62
2023-01-19,Mumbai,168,27.61,0.0,16.13
2023-01-20,Mumbai,168,26.84,0.0,7.69
2023-01-21,Mumbai,168,27.03,0.0,6.11
2023-01-22,Mumbai,168,23.07,0.0,8.71
2023-01-23,Mumbai,168,24.31,0.0,0.0
2023-01-24,Mumbai,168,26.91,0.0,8.5
2023-01-25,Mumbai,168,24.67,0.0,16.24
2023-01-26,Mumbai,168,26.11,0.0,3.08
2023-01-27,Mumbai,168,21.39,0.0,10.68
2023-01-28,Mumbai,168,22.75,0.0,5.91
2023-01-29,Mumbai,168,24.05,0.0,7.09
2023-01-30,Mumbai,168,25.01,0.0,0.0
2023-01-31,Mumbai,168,27.5,0.0,4.32
2023-02-01,Mumbai,168,28.31,0.0,6.43
2023-02-02,Mumbai,168,26.11,0.0,11.32
2023-02-03,Mumbai,168,27.53,0.0,5.84
2023-02-04,Mumbai,168,23.31,0.0,4.57
2023-02-05,Mumbai,168,24.87,0.0,13.19
2023-02-06,Mumbai,168,24.15,0.0,14.26
2023-02-07,Mumbai,168,22.3,0.0,14.21
2023-02-08,Mumbai,168,22.23,0.0,12.38
2023-02-09,Mumbai,168,25.83,0.0,4.81
2023-02-10,Mumbai,168,27.01,0.0,11.98
2023-02-11,Mumbai,168,26.51,0.0,14.15
2023-02-12,Mumbai,168,23.0,0.0,20.59
2023-02-13,Mumbai,168,23.57,0.0,7.37
2023-02-14,Mumbai,168,23.14,0.0,9.13
2023-02-15,Mumbai,168,23.37,0.0,8.67
2023-02-16,Mumbai,168,27.12,0.0,12.64
2023-02-17,Mumbai,168,27.66,0.0,12.07
2023-02-18,Mumbai,168,26.49,0.0,10.36
2023-02-19,Mumbai,168,25.27,0.0,16.96
2023-02-20,Mumbai,168,31.56,0.0,6.44
2023-02-21,Mumbai,168,33.79,0.0,12.62
2023-02-22,Mumbai,168,27.52,0.0,6.37
2023-02-23,Mumbai,168,29.93,0.0,14.32
2023-02-24,Mumbai,168,31.82,0.0,10.26
2023-02-25,Mumbai,168,28.15,0.0,9.84
2023-02-26,Mumbai,168,29.31,0.0,7.08
2023-02-27,Mumbai,168,28.67,0.0,9.05
2023-02-28,Mumbai,168,30.82,0.0,7.17
2023-03-01,Mumbai,168,27.78,0.0,12.87
2023-03-02,Mumbai,168,32.27,0.0,7.55
2023-03-03,Mumbai,168,30.15,0.0,12.04
2023-03-04,Mumbai,168,30.95,0.0,8.9
2023-03-05,Mumbai,168,33.18,0.0,5.56
2023-03-06,Mumbai,168,30.57,0.0,21.95
2023-03-07,Mumbai,168,33.47,0.0,8.28
2023-03-08,Mumbai,168,24.65,0.0,16.1
2023-03-09,Mumbai,168,27.43,0.0,11.23
2023-03-10,Mumbai,168,27.88,0.0,1.64
2023-03-11,Mumbai,168,25.29,0.41,11.52
2023-03-12,Mumbai,168,26.87,0.0,20.02
2023-03-13,Mumbai,168,27.71,0.0,21.84
2023-03-14,Mumbai,168,32.29,0.0,8.46
2023-03-15,Mumbai,168,30.05,0.0,8.2
2023-03-16,Mumbai,168,29.7,0.0,10.3
2023-03-17,Mumbai,168,31.52,0.0,0.0
2023-03-18,Mumbai,168,27.34,0.0,17.21
2023-03-19,Mumbai,168,30.95,0.0,6.19
2023-03-20,Mumbai,168,30.23,0.0,9.65
2023-03-21,Mumbai,168,30.0,0.0,5.18
2023-03-22,Mumbai,168,28.03,0.0,7.1
2023-03-23,Mumbai,168,29.75,0.0,7.84
2023-03-24,Mumbai,168,26.45,0.0,13.29
2023-03-25,Mumbai,168,28.6,0.0,11.58
2023-03-26,Mumbai,168,29.82,0.0,10.55
2023-03-27,Mumbai,168,28.56,0.0,13.33
2023-03-28,Mumbai,168,24.69,0.0,16.71
2023-03-29,Mumbai,168,28.13,0.0,7.37
2023-03-30,Mumbai,168,28.15,0.0,15.52
2023-03-31,Mumbai,168,23.54,0.0,7.88
2023-04-01,Mumbai,168,30.46,0.0,8.0
2023-04-02,Mumbai,168,32.3,0.0,24.88
2023-04-03,Mumbai,168,29.44,0.0,2.39
2023-04-04,Mumbai,168,31.57,0.0,17.91
2023-04-05,Mumbai,168,30.68,0.0,8.08
2023-04-06,Mumbai,168,30.9,0.0,15.29
2023-04-07,Mumbai,168,25.45,0.0,7.31
2023-04-08,Mumbai,168,29.04,0.0,3.82
2023-04-09,Mumbai,168,35.25,0.0,18.11
2023-04-10,Mumbai,168,28.08,0.0,14.7
2023-04-11,Mumbai,168,26.39,0.0,13.08
2023-04-12,Mumbai,168,24.48,0.0,12.25
2023-04-13,Mumbai,168,26.92,0.0,16.78
2023-04-14,Mumbai,168,29.73,0.0,14.47
2023-04-15,Mumbai,168,26.25,0.0,10.59
2023-04-16,Mumbai,168,26.43,0.0,2.02
2023-04-17,Mumbai,168,26.48,0.0,6.36
2023-04-18,Mumbai,168,29.36,0.0,9.48
2023-04-19,Mumbai,168,29.42,0.0,16.61
2023-04-20,Mumbai,168,27.27,0.0,6.86
2023-04-21,Mumbai,168,29.46,0.0,6.67
2023-04-22,Mumbai,168,28.64,0.0,15.66
2023-04-23,Mumbai,168,27.92,0.0,12.25
2023-04-24,Mumbai,168,32.21,0.0,12.45
2023-04-25,Mumbai,168,25.47,0.0,4.28
2023-04-26,Mumbai,168,29.99,0.0,19.14
2023-04-27,Mumbai,168,28.06,0.0,12.72
2023-04-28,Mumbai,168,29.26,0.0,7.51
2023-04-29,Mumbai,168,34.79,0.0,7.18
2023-04-30,Mumbai,168,34.84,0.0,9.25
2023-05-01,Mumbai,168,31.08,0.0,8.83
2023-05-02,Mumbai,168,38.02,0.0,15.74
2023-05-03,Mumbai,168,32.98,0.0,12.26
2023-05-04,Mumbai,168,37.66,0.0,10.81
2023-05-05,Mumbai,168,31.87,0.0,13.01
2023-05-06,Mumbai,168,34.36,0.0,11.77
2023-05-07,Mumbai,168,31.19,0.0,16.87
2023-05-08,Mumbai,168,31.19,0.0,14.23
2023-05-09,Mumbai,168,32.6,0.0,14.76
2023-05-10,Mumbai,168,30.71,0.0,6.54
2023-05-11,Mumbai,168,30.7,0.0,6.75
2023-05-12,Mumbai,168,28.86,0.0,18.24
2023-05-13,Mumbai,168,32.55,0.0,17.78
2023-05-14,Mumbai,168,33.83,0.0,16.54
2023-05-15,Mumbai,168,35.82,0.0,9.88
2023-05-16,Mumbai,168,36.25,0.0,22.56
2023-05-17,Mumbai,168,35.46,0.0,14.54
2023-05-18,Mumbai,168,30.93,0.0,20.74
2023-05-19,Mumbai,168,32.24,0.0,15.37
2023-05-20,Mumbai,168,31.26,0.0,15.54
2023-05-21,Mumbai,168,36.56,0.0,9.7
2023-05-22,Mumbai,168,33.64,5.18,10.44
2023-05-23,Mumbai,168,32.79,2.44,19.45
2023-05-24,Mumbai,168,34.31,0.0,15.26
2023-05-25,Mumbai,168,35.74,0.0,8.5
2023-05-26,Mumbai,168,37.28,0.0,15.32
2023-05-27,Mumbai,168,32.36,0.0,12.67
2023-05-28,Mumbai,168,34.86,0.0,16.38
2023-05-29,Mumbai,168,34.97,0.0,6.12
2023-05-30,Mumbai,168,36.41,0.0,15.46
2023-05-31,Mumbai,168,33.56,0.0,20.87
2023-06-01,Mumbai,168,33.23,0.0,30.73
2023-06-02,Mumbai,168,30.6,50.2,27.04
2023-06-03,Mumbai,168,36.22,44.74,30.4
2023-06-04,Mumbai,168,29.72,57.69,25.98
2023-06-05,Mumbai,168,32.7,0.0,27.73
2023-06-06,Mumbai,168,35.68,19.18,28.13
2023-06-07,Mumbai,168,29.04,131.33,30.07
2023-06-08,Mumbai,168,30.05,51.97,26.86
2023-06-09,Mumbai,168,28.49,8.27,22.71
2023-06-10,Mumbai,168,26.44,26.31,28.46
2023-06-11,Mumbai,168,25.54,0.0,25.54
2023-06-12,Mumbai,168,28.09,6.44,37.17
2023-06-13,Mumbai,168,31.54,57.77,26.86
2023-06-14,Mumbai,168,31.84,44.25,28.74
2023-06-15,Mumbai,168,31.25,0.0,25.59
2023-06-16,Mumbai,168,28.31,0.0,22.9
2023-06-17,Mumbai,168,29.45,0.0,26.42
2023-06-18,Mumbai,168,29.52,53.44,25.12
2023-06-19,Mumbai,168,30.88,0.0,15.79
2023-06-20,Mumbai,168,33.82,0.0,22.68
2023-06-21,Mumbai,168,30.26,0.0,12.19
2023-06-22,Mumbai,168,30.51,40.77,26.97
2023-06-23,Mumbai,168,30.63,63.65,18.73
2023-06-24,Mumbai,168,31.9,13.78,19.04
2023-06-25,Mumbai,168,29.08,53.59,25.47
2023-06-26,Mumbai,168,29.43,2.98,26.97
2023-06-27,Mumbai,168,28.08,3.21,32.05
2023-06-28,Mumbai,168,30.32,0.0,30.88
2023-06-29,Mumbai,168,28.6,0.0,24.61
2023-06-30,Mumbai,168,24.54,0.0,23.23
2023-07-01,Mumbai,168,22.57,29.65,19.12
2023-07-02,Mumbai,168,25.67,67.24,32.42
2023-07-03,Mumbai,168,27.09,20.47,25.17
2023-07-04,Mumbai,168,21.23,0.0,23.25
2023-07-05,Mumbai,168,28.1,0.0,29.81
2023-07-06,Mumbai,168,26.47,0.0,28.79
2023-07-07,Mumbai,168,26.31,0.0,24.46
2023-07-08,Mumbai,168,26.33,0.0,19.17
2023-07-09,Mumbai,168,26.13,0.0,25.27
2023-07-10,Mumbai,168,23.67,0.0,26.44
2023-07-11,Mumbai,168,27.26,2.13,26.11
2023-07-12,Mumbai,168,30.48,32.33,32.78
2023-07-13,Mumbai,168,27.72,0.0,17.22
2023-07-14,Mumbai,168,29.99,0.0,19.31
2023-07-15,Mumbai,168,28.71,0.0,22.59
2023-07-16,Mumbai,168,26.41,0.0,17.55
2023-07-17,Mumbai,168,26.41,0.0,26.3
2023-07-18,Mumbai,168,25.19,0.0,18.83
2023-07-19,Mumbai,168,31.82,0.0,22.26
2023-07-20,Mumbai,168,27.37,36.99,28.4
2023-07-21,Mumbai,168,26.22,86.13,28.43
2023-07-22,Mumbai,168,24.45,2.55,22.16
2023-07-23,Mumbai,168,25.31,37.05,28.88
2023-07-24,Mumbai,168,28.52,37.4,31.47
2023-07-25,Mumbai,168,27.82,0.0,40.64
2023-07-26,Mumbai,168,23.74,0.68,37.11
2023-07-27,Mumbai,168,29.69,0.0,26.91
2023-07-28,Mumbai,168,28.92,0.0,20.45
2023-07-29,Mumbai,168,25.53,0.0,24.21
2023-07-30,Mumbai,168,27.05,104.6,38.84
2023-07-31,Mumbai,168,23.19,9.85,17.19
2023-08-01,Mumbai,168,27.39,289.48,28.63
2023-08-02,Mumbai,168,22.21,0.0,21.23
2023-08-03,Mumbai,168,27.47,0.0,24.35
2023-08-04,Mumbai,168,24.04,0.0,22.12
2023-08-05,Mumbai,168,26.45,0.0,22.43
2023-08-06,Mumbai,168,29.64,4.21,17.61
2023-08-07,Mumbai,168,28.23,82.33,34.43
2023-08-08,Mumbai,168,31.26,17.3,23.06
2023-08-09,Mumbai,168,27.89,110.55,24.67
2023-08-10,Mumbai,168,27.68,16.3,17.37
2023-08-11,Mumbai,168,29.97,0.0,23.07
2023-08-12,Mumbai,168,21.93,0.5,22.26
2023-08-13,Mumbai,168,27.57,0.0,24.14
2023-08-14,Mumbai,168,23.43,30.36,20.95
2023-08-15,Mumbai,168,24.85,1.71,10.29
2023-08-16,Mumbai,168,26.35,48.44,22.0
2023-08-17,Mumbai,168,20.13,25.77,15.68
2023-08-18,Mumbai,168,23.14,27.75,30.64
2023-08-19,Mumbai,168,24.88,3.5,19.7
2023-08-20,Mumbai,168,28.0,34.75,25.64
2023-08-21,Mumbai,168,28.34,22.08,27.99
2023-08-22,Mumbai,168,26.11,1.14,20.04
2023-08-23,Mumbai,168,22.55,30.62,18.55
2023-08-24,Mumbai,168,27.35,22.29,23.17
2023-08-25,Mumbai,168,25.96,23.41,18.02
2023-08-26,Mumbai,168,26.33,32.81,30.72
2023-08-27,Mumbai,168,25.14,100.97,34.98
2023-08-28,Mumbai,168,30.59,0.0,27.33
2023-08-29,Mumbai,168,26.22,10.19,23.57
2023-08-30,Mumbai,168,25.88,73.19,38.68
2023-08-31,Mumbai,168,27.54,28.83,33.94
2023-09-01,Mumbai,168,25.41,0.0,24.36
2023-09-02,Mumbai,168,24.73,8.6,23.76
2023-09-03,Mumbai,168,27.66,0.0,12.42
2023-09-04,Mumbai,168,29.71,0.0,19.61
2023-09-05,Mumbai,168,30.04,0.0,13.2
2023-09-06,Mumbai,168,28.22,0.0,17.52
2023-09-07,Mumbai,168,28.61,42.43,16.34
2023-09-08,Mumbai,168,29.03,4.84,15.33
2023-09-09,Mumbai,168,27.51,19.78,15.22
2023-09-10,Mumbai,168,26.47,0.0,16.39
2023-09-11,Mumbai,168,27.65,0.0,12.51
2023-09-12,Mumbai,168,28.72,0.0,14.45
2023-09-13,Mumbai,168,28.8,0.0,0.0
2023-09-14,Mumbai,168,29.89,19.25,17.99
2023-09-15,Mumbai,168,27.54,16.38,22.37
2023-09-16,Mumbai,168,26.6,67.1,16.3
2023-09-17,Mumbai,168,23.79,13.51,7.41
2023-09-18,Mumbai,168,24.44,0.0,17.15
2023-09-19,Mumbai,168,29.66,7.86,14.48
2023-09-20,Mumbai,168,31.08,3.48,12.96
2023-09-21,Mumbai,168,26.35,10.88,24.2
2023-09-22,Mumbai,168,29.6,48.76,22.25
2023-09-23,Mumbai,168,31.18,2.32,18.42
2023-09-24,Mumbai,168,28.24,0.0,12.22
2023-09-25,Mumbai,168,30.61,0.0,20.73
2023-09-26,Mumbai,168,29.14,38.07,13.36
2023-09-27,Mumbai,168,31.25,0.0,13.97
2023-09-28,Mumbai,168,34.46,0.0,18.53
2023-09-29,Mumbai,168,25.3,0.0,9.73
2023-09-30,Mumbai,168,31.19,2.37,6.53
2023-10-01,Mumbai,168,32.15,0.0,2.06
2023-10-02,Mumbai,168,32.66,0.0,10.68
2023-10-03,Mumbai,168,36.39,0.0,21.77
2023-10-04,Mumbai,168,28.36,0.0,13.32
2023-10-05,Mumbai,168,31.27,0.0,9.31
2023-10-06,Mumbai,168,31.1,2.85,9.28
2023-10-07,Mumbai,168,26.11,0.0,11.77
2023-10-08,Mumbai,168,27.73,0.0,10.66
2023-10-09,Mumbai,168,23.13,0.0,13.34
2023-10-10,Mumbai,168,23.51,3.91,11.47
2023-10-11,Mumbai,168,28.24,0.0,15.31
2023-10-12,Mumbai,168,26.36,0.0,9.86
2023-10-13,Mumbai,168,29.69,0.0,5.83
2023-10-14,Mumbai,168,27.23,0.0,14.98
2023-10-15,Mumbai,168,26.97,0.0,24.33
2023-10-16,Mumbai,168,29.5,0.0,14.03
2023-10-17,Mumbai,168,30.06,0.0,13.6
2023-10-18,Mumbai,168,26.48,0.0,9.12
2023-10-19,Mumbai,168,23.38,0.0,12.01
2023-10-20,Mumbai,168,34.82,0.0,12.96
2023-10-21,Mumbai,168,33.61,0.0,11.19
2023-10-22,Mumbai,168,29.93,0.0,11.31
2023-10-23,Mumbai,168,32.63,0.0,16.06
2023-10-24,Mumbai,168,29.47,0.0,3.56
2023-10-25,Mumbai,168,31.68,0.0,4.26
2023-10-26,Mumbai,168,27.87,80.98,12.96
2023-10-27,Mumbai,168,34.07,0.0,23.96
2023-10-28,Mumbai,168,26.71,0.0,8.28
2023-10-29,Mumbai,168,27.44,0.0,21.41
2023-10-30,Mumbai,168,32.49,29.18,10.52
2023-10-31,Mumbai,168,32.38,0.0,11.91
2023-11-01,Mumbai,168,25.1,0.0,2.66
2023-11-02,Mumbai,168,23.67,0.0,10.67
2023-11-03,Mumbai,168,23.59,0.0,13.63
2023-11-04,Mumbai,168,25.39,0.0,0.0
2023-11-05,Mumbai,168,27.62,0.0,1.84
2023-11-06,Mumbai,168,25.68,0.0,0.0
2023-11-07,Mumbai,168,26.88,0.0,2.13
2023-11-08,Mumbai,168,23.96,0.0,3.47
2023-11-09,Mumbai,168,23.89,0.0,7.08
2023-11-10,Mumbai,168,26.09,0.0,17.17
2023-11-11,Mumbai,168,26.52,0.0,5.43
2023-11-12,Mumbai,168,26.96,0.0,6.38
2023-11-13,Mumbai,168,29.51,0.0,5.77
2023-11-14,Mumbai,168,31.54,0.0,7.85
2023-11-15,Mumbai,168,26.11,0.0,9.38
2023-11-16,Mumbai,168,26.15,0.0,0.0
2023-11-17,Mumbai,168,31.62,0.0,11.58
2023-11-18,Mumbai,168,31.0,0.0,1.69
2023-11-19,Mumbai,168,27.56,0.0,11.53
2023-11-20,Mumbai,168,25.01,0.0,11.96
2023-11-21,Mumbai,168,26.66,0.0,3.73
2023-11-22,Mumbai,168,25.63,0.0,0.0
2023-11-23,Mumbai,168,26.43,0.0,7.33
2023-11-24,Mumbai,168,29.0,0.0,12.03
2023-11-25,Mumbai,168,23.96,0.0,0.0
2023-11-26,Mumbai,168,27.14,0.0,6.69
2023-11-27,Mumbai,168,25.82,0.0,10.09
2023-11-28,Mumbai,168,22.99,0.0,3.46
2023-11-29,Mumbai,168,28.89,0.0,10.28
2023-11-30,Mumbai,168,25.35,0.0,5.14
2023-12-01,Mumbai,168,26.62,0.0,7.1
2023-12-02,Mumbai,168,25.4,0.0,10.11
2023-12-03,Mumbai,168,26.6,0.0,12.03
2023-12-04,Mumbai,168,25.46,0.0,5.96
2023-12-05,Mumbai,168,29.6,0.0,4.24
2023-12-06,Mumbai,168,31.03,0.0,9.72
2023-12-07,Mumbai,168,27.21,0.0,4.95
2023-12-08,Mumbai,168,26.52,0.0,4.43
2023-12-09,Mumbai,168,23.09,0.0,5.78
2023-12-10,Mumbai,168,24.62,0.0,16.56
2023-12-11,Mumbai,168,25.34,0.0,8.41
2023-12-12,Mumbai,168,27.12,0.0,6.67
2023-12-13,Mumbai,168,24.37,0.0,12.01
2023-12-14,Mumbai,168,28.43,0.0,19.42
2023-12-15,Mumbai,168,28.01,0.0,3.0
2023-12-16,Mumbai,168,28.58,0.0,3.67
2023-12-17,Mumbai,168,29.68,0.0,4.58
2023-12-18,Mumbai,168,34.78,0.0,7.08
2023-12-19,Mumbai,168,25.52,0.0,4.92
2023-12-20,Mumbai,168,33.59,0.0,16.85
2023-12-21,Mumbai,168,29.88,0.0,0.21
2023-12-22,Mumbai,168,32.96,0.0,5.82
2023-12-23,Mumbai,168,30.93,0.0,8.96
2023-12-24,Mumbai,168,28.45,0.0,10.5
2023-12-25,Mumbai,168,27.17,0.0,11.07
2023-12-26,Mumbai,168,26.5,0.0,14.39
2023-12-27,Mumbai,168,30.49,0.0,20.97
2023-12-28,Mumbai,168,25.88,0.0,8.2
2023-12-29,Mumbai,168,28.0,0.0,9.05
2023-12-30,Mumbai,168,27.39,0.0,3.93
2023-12-31,Mumbai,168,23.9,0.0,6.87
2024-01-01,Mumbai,168,25.97,0.0,6.96
2024-01-02,Mumbai,168,22.07,0.0,13.24
2024-01-03,Mumbai,168,21.29,0.0,11.82
2024-01-04,Mumbai,168,24.06,0.0,3.46
2024-01-05,Mumbai,168,22.68,0.0,12.66
2024-01-06,Mumbai,168,25.74,0.0,7.45
2024-01-07,Mumbai,168,25.48,0.0,16.32
2024-01-08,Mumbai,168,21.58,0.0,14.1
2024-01-09,Mumbai,168,23.51,0.0,12.4
2024-01-10,Mumbai,168,24.85,0.0,16.81
2024-01-11,Mumbai,168,25.31,0.0,15.51
2024-01-12,Mumbai,168,27.02,0.0,9.56
2024-01-13,Mumbai,168,23.06,0.0,10.52
2024-01-14,Mumbai,168,22.8,0.0,10.98
2024-01-15,Mumbai,168,21.53,0.0,6.4
2024-01-16,Mumbai,168,23.67,0.0,2.0
2024-01-17,Mumbai,168,21.68,0.0,6.32
2024-01-18,Mumbai,168,17.89,0.0,14.58
2024-01-19,Mumbai,168,21.35,0.0,8.03
2024-01-20,Mumbai,168,18.87,0.0,0.0
2024-01-21,Mumbai,168,20.81,0.0,7.36
2024-01-22,Mumbai,168,22.8,0.0,11.54
2024-01-23,Mumbai,168,20.33,0.0,6.41
2024-01-24,Mumbai,168,22.52,0.0,10.08
2024-01-25,Mumbai,168,24.16,0.0,19.93
2024-01-26,Mumbai,168,19.91,0.0,10.8
2024-01-27,Mumbai,168,20.43,0.0,0.0
2024-01-28,Mumbai,168,28.16,0.0,8.12
2024-01-29,Mumbai,168,23.32,0.0,7.13
2024-01-30,Mumbai,168,25.41,0.0,10.64
2024-01-31,Mumbai,168,27.97,0.0,8.65
2024-02-01,Mumbai,168,28.45,0.0,8.38
2024-02-02,Mumbai,168,28.32,0.0,11.63
2024-02-03,Mumbai,168,25.72,0.0,5.16
2024-02-04,Mumbai,168,24.47,0.0,12.88
2024-02-05,Mumbai,168,27.09,0.0,5.76
2024-02-06,Mumbai,168,19.36,0.0,8.58
2024-02-07,Mumbai,168,25.7,0.0,8.44
2024-02-08,Mumbai,168,19.85,0.0,13.85
2024-02-09,Mumbai,168,23.25,0.0,0.52
2024-02-10,Mumbai,168,27.16,0.0,5.73
2024-02-11,Mumbai,168,26.35,0.0,14.42
2024-02-12,Mumbai,168,25.19,0.0,8.77
2024-02-13,Mumbai,168,27.87,0.0,8.47
2024-02-14,Mumbai,168,24.79,0.0,16.17
2024-02-15,Mumbai,168,25.36,0.0,7.61
2024-02-16,Mumbai,168,28.26,0.0,0.0
2024-02-17,Mumbai,168,27.22,0.0,11.65
2024-02-18,Mumbai,168,28.39,0.0,7.01
2024-02-19,Mumbai,168,24.64,0.0,4.19
2024-02-20,Mumbai,168,25.2,0.0,10.37
2024-02-21,Mumbai,168,24.11,0.0,14.97
2024-02-22,Mumbai,168,24.21,0.0,16.63
2024-02-23,Mumbai,168,23.54,0.0,7.9
2024-02-24,Mumbai,168,23.14,0.0,12.58
2024-02-25,Mumbai,168,25.47,0.0,11.36
2024-02-26,Mumbai,168,19.4,0.0,12.43
2024-02-27,Mumbai,168,25.23,0.0,0.0
2024-02-28,Mumbai,168,27.41,0.0,1.3
2024-02-29,Mumbai,168,21.24,0.0,10.89
2024-03-01,Mumbai,168,25.99,0.0,9.32
2024-03-02,Mumbai,168,28.92,0.0,12.05
2024-03-03,Mumbai,168,32.64,0.0,6.52
2024-03-04,Mumbai,168,31.42,0.0,4.86
2024-03-05,Mumbai,168,31.87,0.0,12.7
2024-03-06,Mumbai,168,33.49,0.0,10.53
2024-03-07,Mumbai,168,29.44,0.0,17.46
2024-03-08,Mumbai,168,29.4,0.0,8.74
2024-03-09,Mumbai,168,27.05,0.0,5.57
2024-03-10,Mumbai,168,28.0,0.0,8.55
2024-03-11,Mumbai,168,22.8,0.0,4.75
2024-03-12,Mumbai,168,28.59,0.58,10.32
2024-03-13,Mumbai,168,32.04,0.0,8.98
2024-03-14,Mumbai,168,30.64,0.0,14.45
2024-03-15,Mumbai,168,26.7,0.0,13.77
2024-03-16,Mumbai,168,25.84,0.0,11.03
2024-03-17,Mumbai,168,27.02,0.0,9.74
2024-03-18,Mumbai,168,31.54,0.0,6.3
2024-03-19,Mumbai,168,31.71,0.0,16.41
2024-03-20,Mumbai,168,28.33,0.0,10.57
2024-03-21,Mumbai,168,28.08,0.0,12.77
2024-03-22,Mumbai,168,33.16,0.0,14.83
2024-03-23,Mumbai,168,30.67,0.0,23.67
2024-03-24,Mumbai,168,30.47,0.0,6.62
2024-03-25,Mumbai,168,30.89,0.0,9.9
2024-03-26,Mumbai,168,29.57,0.0,3.25
2024-03-27,Mumbai,168,29.87,0.0,9.49
2024-03-28,Mumbai,168,29.05,0.0,6.31
2024-03-29,Mumbai,168,29.33,0.0,11.39
2024-03-30,Mumbai,168,26.22,0.0,11.38
2024-03-31,Mumbai,168,30.16,0.0,13.59
2024-04-01,Mumbai,168,31.19,0.0,16.37
2024-04-02,Mumbai,168,33.21,0.0,11.24
2024-04-03,Mumbai,168,26.8,0.0,9.83
2024-04-04,Mumbai,168,27.2,0.0,17.26
2024-04-05,Mumbai,168,33.44,0.0,25.22
2024-04-06,Mumbai,168,34.84,0.0,23.15
2024-04-07,Mumbai,168,31.58,0.0,11.62
2024-04-08,Mumbai,168,28.6,0.0,12.03
2024-04-09,Mumbai,168,27.67,0.0,8.49
2024-04-10,Mumbai,168,22.24,0.0,12.6
2024-04-11,Mumbai,168,29.14,0.0,5.48
2024-04-12,Mumbai,168,29.6,0.0,10.21
2024-04-13,Mumbai,168,30.37,0.0,13.01
2024-04-14,Mumbai,168,28.77,0.0,0.0
2024-04-15,Mumbai,168,28.41,0.0,8.93
2024-04-16,Mumbai,168,29.37,0.0,3.82
2024-04-17,Mumbai,168,28.63,0.0,6.88
2024-04-18,Mumbai,168,28.01,0.0,17.03
2024-04-19,Mumbai,168,26.73,0.0,6.85
2024-04-20,Mumbai,168,27.73,0.0,11.94
2024-04-21,Mumbai,168,32.23,0.0,20.45
2024-04-22,Mumbai,168,26.71,0.0,17.47
2024-04-23,Mumbai,168,29.96,0.0,17.64
2024-04-24,Mumbai,168,30.07,0.0,17.01
2024-04-25,Mumbai,168,30.83,0.0,10.42
2024-04-26,Mumbai,168,25.85,0.0,12.98
2024-04-27,Mumbai,168,27.78,0.0,10.02
2024-04-28,Mumbai,168,26.06,0.0,8.57
2024-04-29,Mumbai,168,25.67,0.0,6.31
2024-04-30,Mumbai,168,33.02,0.0,16.14
2024-05-01,Mumbai,168,33.15,0.0,11.56
2024-05-02,Mumbai,168,33.12,0.0,7.13
2024-05-03,Mumbai,168,28.16,0.0,15.99
2024-05-04,Mumbai,168,29.82,0.0,17.19
2024-05-05,Mumbai,168,29.69,0.0,13.72
2024-05-06,Mumbai,168,28.85,0.0,8.18
2024-05-07,Mumbai,168,32.34,0.0,6.71
2024-05-08,Mumbai,168,29.67,0.0,8.68
2024-05-09,Mumbai,168,28.83,0.0,3.72
2024-05-10,Mumbai,168,29.23,0.0,17.9
2024-05-11,Mumbai,168,31.99,0.0,15.15
2024-05-12,Mumbai,168,26.75,0.0,7.34
2024-05-13,Mumbai,168,26.73,0.0,13.25
2024-05-14,Mumbai,168,28.12,20.21,9.09
2024-05-15,Mumbai,168,31.34,0.0,18.7
2024-05-16,Mumbai,168,31.56,0.0,10.44
2024-05-17,Mumbai,168,31.99,0.0,16.54
2024-05-18,Mumbai,168,31.12,0.0,12.73
2024-05-19,Mumbai,168,27.37,0.0,14.2
2024-05-20,Mumbai,168,27.84,0.0,19.56
2024-05-21,Mumbai,168,33.79,0.0,18.75
2024-05-22,Mumbai,168,31.1,0.0,18.13
2024-05-23,Mumbai,168,31.14,0.0,17.02
2024-05-24,Mumbai,168,30.68,0.0,19.82
2024-05-25,Mumbai,168,33.33,0.0,18.72
2024-05-26,Mumbai,168,30.97,0.0,25.27
2024-05-27,Mumbai,168,31.02,0.0,19.77
2024-05-28,Mumbai,168,32.45,0.0,13.85
2024-05-29,Mumbai,168,34.7,0.0,18.59
2024-05-30,Mumbai,168,34.69,0.0,12.37
2024-05-31,Mumbai,168,30.05,0.0,15.64
2024-06-01,Mumbai,168,25.08,0.0,21.45
2024-06-02,Mumbai,168,29.04,0.0,23.33
2024-06-03,Mumbai,168,29.86,0.26,18.85
2024-06-04,Mumbai,168,31.04,6.56,22.21
2024-06-05,Mumbai,168,26.82,90.5,32.42
2024-06-06,Mumbai,168,29.17,10.63,20.21
2024-06-07,Mumbai,168,26.73,0.0,26.75
2024-06-08,Mumbai,168,27.64,22.29,27.51
2024-06-09,Mumbai,168,30.58,0.0,24.57
2024-06-10,Mumbai,168,29.33,1.59,31.52
2024-06-11,Mumbai,168,29.8,3.87,20.9
2024-06-12,Mumbai,168,20.65,15.77,27.08
2024-06-13,Mumbai,168,24.37,1.95,33.81
2024-06-14,Mumbai,168,29.42,93.71,26.14
2024-06-15,Mumbai,168,26.75,25.02,19.66
2024-06-16,Mumbai,168,30.59,0.07,29.45
2024-06-17,Mumbai,168,31.25,8.09,30.78
2024-06-18,Mumbai,168,34.2,45.82,25.48
2024-06-19,Mumbai,168,29.05,0.0,30.38
2024-06-20,Mumbai,168,34.03,5.37,29.42
2024-06-21,Mumbai,168,35.47,2.56,21.62
2024-06-22,Mumbai,168,34.1,4.75,21.08
2024-06-23,Mumbai,168,30.27,6.97,26.13
2024-06-24,Mumbai,168,29.33,0.0,33.07
2024-06-25,Mumbai,168,31.03,1.1,24.77
2024-06-26,Mumbai,168,33.43,8.98,26.88
2024-06-27,Mumbai,168,32.39,38.43,33.48
2024-06-28,Mumbai,168,30.12,0.56,24.51
2024-06-29,Mumbai,168,28.03,72.68,26.35
2024-06-30,Mumbai,168,28.66,0.0,23.86
2024-07-01,Mumbai,168,30.36,14.33,21.99
2024-07-02,Mumbai,168,29.27,52.83,25.43
2024-07-03,Mumbai,168,29.72,23.62,31.85
2024-07-04,Mumbai,168,26.07,72.56,29.62
2024-07-05,Mumbai,168,25.94,31.72,35.58
2024-07-06,Mumbai,168,22.98,17.11,29.81
2024-07-07,Mumbai,168,27.15,0.32,31.36
2024-07-08,Mumbai,168,28.96,0.0,22.54
2024-07-09,Mumbai,168,31.51,0.0,26.67
2024-07-10,Mumbai,168,28.75,0.0,25.42
2024-07-11,Mumbai,168,29.29,85.57,24.44
2024-07-12,Mumbai,168,29.24,51.78,27.61
2024-07-13,Mumbai,168,28.07,53.62,34.16
2024-07-14,Mumbai,168,28.02,1.21,29.56
2024-07-15,Mumbai,168,27.82,49.78,27.77
2024-07-16,Mumbai,168,25.81,0.0,25.2
2024-07-17,Mumbai,168,27.93,0.0,24.67
2024-07-18,Mumbai,168,28.3,0.0,25.25
2024-07-19,Mumbai,168,29.27,27.42,29.4
2024-07-20,Mumbai,168,29.24,76.47,28.52
2024-07-21,Mumbai,168,28.9,3.99,12.14
2024-07-22,Mumbai,168,32.43,89.56,39.95
2024-07-23,Mumbai,168,30.13,18.7,24.29
2024-07-24,Mumbai,168,29.99,0.0,34.04
2024-07-25,Mumbai,168,27.61,72.67,33.63
2024-07-26,Mumbai,168,27.37,224.47,41.14
2024-07-27,Mumbai,168,23.6,3.44,19.9
2024-07-28,Mumbai,168,28.36,7.91,22.42
2024-07-29,Mumbai,168,31.31,0.0,19.9
2024-07-30,Mumbai,168,27.66,0.0,34.86
2024-07-31,Mumbai,168,29.12,0.0,26.82
2024-08-01,Mumbai,168,25.65,0.0,22.92
2024-08-02,Mumbai,168,27.12,21.42,20.33
2024-08-03,Mumbai,168,28.72,26.89,31.09
2024-08-04,Mumbai,168,33.39,2.97,16.74
2024-08-05,Mumbai,168,34.07,3.02,22.78
2024-08-06,Mumbai,168,31.45,7.37,23.0
2024-08-07,Mumbai,168,29.9,29.11,23.21
2024-08-08,Mumbai,168,24.57,0.0,18.93
2024-08-09,Mumbai,168,28.75,12.96,23.21
2024-08-10,Mumbai,168,29.34,37.71,29.55
2024-08-11,Mumbai,168,29.54,4.01,24.94
2024-08-12,Mumbai,168,27.32,87.94,28.82
2024-08-13,Mumbai,168,29.52,27.39,28.63
2024-08-14,Mumbai,168,29.53,29.19,16.35
2024-08-15,Mumbai,168,27.59,44.56,35.23
2024-08-16,Mumbai,168,25.93,0.0,35.12
2024-08-17,Mumbai,168,27.89,55.95,19.65
2024-08-18,Mumbai,168,25.17,11.85,31.47
2024-08-19,Mumbai,168,23.46,3.86,18.58
2024-08-20,Mumbai,168,27.61,25.5,14.17
2024-08-21,Mumbai,168,26.23,0.0,25.85
2024-08-22,Mumbai,168,26.63,16.83,15.46
2024-08-23,Mumbai,168,26.4,0.6,17.56
2024-08-24,Mumbai,168,30.33,42.77,26.53
2024-08-25,Mumbai,168,25.87,0.0,29.55
2024-08-26,Mumbai,168,20.58,0.0,21.75
2024-08-27,Mumbai,168,27.46,0.0,36.83
2024-08-28,Mumbai,168,23.44,17.49,34.14
2024-08-29,Mumbai,168,29.12,21.84,23.65
2024-08-30,Mumbai,168,29.52,29.81,25.82
2024-08-31,Mumbai,168,21.97,23.85,34.77
2024-09-01,Mumbai,168,25.34,25.98,26.02
2024-09-02,Mumbai,168,24.24,1.21,8.71
2024-09-03,Mumbai,168,28.82,0.0,21.56
2024-09-04,Mumbai,168,28.26,10.43,18.31
2024-09-05,Mumbai,168,34.12,8.81,17.02
2024-09-06,Mumbai,168,31.28,0.0,18.43
2024-09-07,Mumbai,168,29.38,0.0,15.7
2024-09-08,Mumbai,168,27.91,0.0,13.22
2024-09-09,Mumbai,168,30.18,52.77,18.95
2024-09-10,Mumbai,168,32.94,15.57,33.31
2024-09-11,Mumbai,168,28.72,36.9,15.94
2024-09-12,Mumbai,168,31.87,5.71,23.67
2024-09-13,Mumbai,168,28.67,4.04,16.02
2024-09-14,Mumbai,168,28.56,51.01,25.49
2024-09-15,Mumbai,168,26.47,16.5,17.77
2024-09-16,Mumbai,168,29.97,13.89,15.36
2024-09-17,Mumbai,168,29.76,9.57,20.32
2024-09-18,Mumbai,168,26.3,17.17,10.07
2024-09-19,Mumbai,168,28.58,6.87,13.32
2024-09-20,Mumbai,168,30.78,6.14,14.35
2024-09-21,Mumbai,168,30.49,0.0,18.04
2024-09-22,Mumbai,168,28.19,1.73,18.42
2024-09-23,Mumbai,168,27.04,4.3,13.3
2024-09-24,Mumbai,168,28.37,6.23,11.65
2024-09-25,Mumbai,168,28.65,4.22,18.43
2024-09-26,Mumbai,168,29.69,2.88,18.85
2024-09-27,Mumbai,168,29.62,13.2,15.32
2024-09-28,Mumbai,168,25.96,0.46,15.58
2024-09-29,Mumbai,168,24.92,0.0,13.49
2024-09-30,Mumbai,168,30.25,9.66,11.09
2024-10-01,Mumbai,168,32.24,0.0,8.38
2024-10-02,Mumbai,168,33.87,0.0,16.38
2024-10-03,Mumbai,168,31.29,0.0,14.71
2024-10-04,Mumbai,168,27.39,0.0,12.21
2024-10-05,Mumbai,168,28.85,0.0,15.58
2024-10-06,Mumbai,168,27.98,0.0,11.58
2024-10-07,Mumbai,168,29.02,0.0,21.81
2024-10-08,Mumbai,168,26.22,0.0,17.52
2024-10-09,Mumbai,168,24.91,0.0,8.89
2024-10-10,Mumbai,168,23.37,11.94,6.91
2024-10-11,Mumbai,168,28.51,0.0,13.59
2024-10-12,Mumbai,168,28.24,0.0,13.9
2024-10-13,Mumbai,168,32.2,0.0,7.88
2024-10-14,Mumbai,168,28.93,0.0,11.42
2024-10-15,Mumbai,168,27.92,8.05,12.78
2024-10-16,Mumbai,168,24.58,0.0,12.18
2024-10-17,Mumbai,168,28.76,0.0,8.49
2024-10-18,Mumbai,168,29.33,0.0,4.54
2024-10-19,Mumbai,168,22.98,0.0,10.01
2024-10-20,Mumbai,168,29.23,0.0,12.58
2024-10-21,Mumbai,168,32.21,0.0,13.57
2024-10-22,Mumbai,168,27.44,0.0,8.7
2024-10-23,Mumbai,168,30.4,0.0,13.87
2024-10-24,Mumbai,168,29.41,0.0,16.37
2024-10-25,Mumbai,168,30.55,0.0,2.22
2024-10-26,Mumbai,168,31.88,0.0,5.48
2024-10-27,Mumbai,168,34.67,0.0,16.53
2024-10-28,Mumbai,168,33.84,0.0,5.89
2024-10-29,Mumbai,168,33.81,0.0,15.44
2024-10-30,Mumbai,168,25.79,0.0,13.37
2024-10-31,Mumbai,168,31.9,0.0,17.3
2024-11-01,Mumbai,168,26.54,0.0,5.91
2024-11-02,Mumbai,168,22.87,0.0,7.12
2024-11-03,Mumbai,168,28.93,0.0,10.96
2024-11-04,Mumbai,168,31.02,0.0,9.85
2024-11-05,Mumbai,168,28.89,0.0,1.93
2024-11-06,Mumbai,168,31.57,0.0,5.94
2024-11-07,Mumbai,168,25.06,0.0,4.48
2024-11-08,Mumbai,168,26.93,0.0,8.55
2024-11-09,Mumbai,168,31.31,0.0,5.44
2024-11-10,Mumbai,168,28.41,0.0,12.09
2024-11-11,Mumbai,168,30.94,0.0,14.03
2024-11-12,Mumbai,168,26.64,0.0,12.98
2024-11-13,Mumbai,168,32.73,0.0,11.99
2024-11-14,Mumbai,168,28.68,0.0,5.01
2024-11-15,Mumbai,168,29.25,0.0,2.3
2024-11-16,Mumbai,168,27.17,0.0,14.72
2024-11-17,Mumbai,168,27.79,0.0,0.0
2024-11-18,Mumbai,168,28.61,0.0,10.12
2024-11-19,Mumbai,168,30.81,0.0,13.27
2024-11-20,Mumbai,168,26.94,0.0,7.68
2024-11-21,Mumbai,168,30.82,0.0,5.62
2024-11-22,Mumbai,168,28.66,0.0,10.4
2024-11-23,Mumbai,168,29.29,0.0,13.73
2024-11-24,Mumbai,168,28.57,0.0,3.49
2024-11-25,Mumbai,168,30.16,0.0,3.65
2024-11-26,Mumbai,168,29.42,0.0,1.04
2024-11-27,Mumbai,168,31.87,0.0,15.5
2024-11-28,Mumbai,168,27.33,0.0,5.39
2024-11-29,Mumbai,168,35.91,0.0,4.47
2024-11-30,Mumbai,168,33.01,0.0,17.02
2024-12-01,Mumbai,168,24.01,0.0,7.86
2024-12-02,Mumbai,168,28.29,0.45,10.49
2024-12-03,Mumbai,168,30.16,0.0,15.46
2024-12-04,Mumbai,168,25.44,0.0,2.7
2024-12-05,Mumbai,168,28.53,0.0,10.39
2024-12-06,Mumbai,168,27.82,0.0,5.38
2024-12-07,Mumbai,168,27.03,0.0,1.18
2024-12-08,Mumbai,168,33.57,0.0,5.08
2024-12-09,Mumbai,168,22.37,0.0,9.35
2024-12-10,Mumbai,168,28.39,0.0,10.3
2024-12-11,Mumbai,168,29.57,0.0,6.58
2024-12-12,Mumbai,168,25.16,0.0,3.39
2024-12-13,Mumbai,168,22.95,0.0,11.6
2024-12-14,Mumbai,168,27.39,0.0,3.79
2024-12-15,Mumbai,168,22.79,0.0,11.62
2024-12-16,Mumbai,168,25.49,0.0,6.04
2024-12-17,Mumbai,168,29.82,0.0,7.79
2024-12-18,Mumbai,168,25.04,0.0,3.86
2024-12-19,Mumbai,168,29.1,0.0,13.0
2024-12-20,Mumbai,168,25.28,0.0,8.27
2024-12-21,Mumbai,168,26.93,0.0,0.0
2024-12-22,Mumbai,168,24.83,0.0,10.1
2024-12-23,Mumbai,168,29.6,0.0,7.17
2024-12-24,Mumbai,168,23.87,0.0,0.1
2024-12-25,Mumbai,168,30.06,0.0,3.99
2024-12-26,Mumbai,168,24.38,0.0,4.43
2024-12-27,Mumbai,168,24.86,0.0,1.94
2024-12-28,Mumbai,168,23.85,0.0,8.59
2024-12-29,Mumbai,168,29.21,0.0,3.76
2024-12-30,Mumbai,168,26.51,0.0,0.0
2024-12-31,Mumbai,168,30.4,0.0,0.39
2025-01-01,Mumbai,168,25.72,0.0,12.64
2025-01-02,Mumbai,168,20.94,0.0,9.57
2025-01-03,Mumbai,168,21.72,0.0,18.7
2025-01-04,Mumbai,168,24.93,0.0,7.64
2025-01-05,Mumbai,168,27.06,0.0,16.2
2025-01-06,Mumbai,168,25.05,0.0,5.76
2025-01-07,Mumbai,168,27.37,0.0,11.63
2025-01-08,Mumbai,168,23.52,0.0,8.55
2025-01-09,Mumbai,168,27.8,0.0,13.3
2025-01-10,Mumbai,168,22.21,1.24,11.42
2025-01-11,Mumbai,168,24.47,0.0,2.61
2025-01-12,Mumbai,168,21.51,0.0,9.95
2025-01-13,Mumbai,168,22.97,0.0,4.53
2025-01-14,Mumbai,168,21.26,0.0,7.78
2025-01-15,Mumbai,168,22.11,0.0,7.8
2025-01-16,Mumbai,168,20.53,0.0,13.29
2025-01-17,Mumbai,168,20.63,0.0,13.65
2025-01-18,Mumbai,168,22.69,0.0,10.66
2025-01-19,Mumbai,168,24.1,0.0,2.3
2025-01-20,Mumbai,168,29.2,0.0,8.53
2025-01-21,Mumbai,168,23.51,0.0,11.62
2025-01-22,Mumbai,168,24.67,0.0,12.45
2025-01-23,Mumbai,168,23.9,0.0,9.39
2025-01-24,Mumbai,168,26.09,0.0,1.8
2025-01-25,Mumbai,168,24.65,0.0,11.11
2025-01-26,Mumbai,168,26.05,0.0,10.9
2025-01-27,Mumbai,168,25.42,0.0,5.48
2025-01-28,Mumbai,168,30.75,0.0,11.8
2025-01-29,Mumbai,168,26.37,0.0,11.3
2025-01-30,Mumbai,168,23.43,0.0,8.25
2025-01-31,Mumbai,168,23.39,0.0,7.58
2025-02-01,Mumbai,168,26.4,0.0,5.21
2025-02-02,Mumbai,168,22.5,0.0,7.01
2025-02-03,Mumbai,168,25.86,0.0,13.35
2025-02-04,Mumbai,168,25.35,0.0,4.76
2025-02-05,Mumbai,168,22.3,0.0,5.33
2025-02-06,Mumbai,168,22.43,0.0,6.99
2025-02-07,Mumbai,168,22.36,0.0,14.81
2025-02-08,Mumbai,168,27.73,0.0,4.93
2025-02-09,Mumbai,168,25.59,0.0,9.44
2025-02-10,Mumbai,168,23.35,0.0,9.55
2025-02-11,Mumbai,168,26.36,0.0,0.0
2025-02-12,Mumbai,168,28.68,0.0,4.15
2025-02-13,Mumbai,168,21.56,0.0,15.29
2025-02-14,Mumbai,168,31.28,0.0,13.21
2025-02-15,Mumbai,168,22.99,0.0,3.02
2025-02-16,Mumbai,168,24.92,0.0,4.21
2025-02-17,Mumbai,168,31.03,0.0,16.72
2025-02-18,Mumbai,168,27.73,0.0,8.87
2025-02-19,Mumbai,168,32.46,0.0,13.75
2025-02-20,Mumbai,168,23.62,0.0,5.49
2025-02-21,Mumbai,168,25.27,0.0,11.32
2025-02-22,Mumbai,168,26.87,0.0,10.61
2025-02-23,Mumbai,168,25.85,0.0,9.38
2025-02-24,Mumbai,168,28.25,0.0,17.96
2025-02-25,Mumbai,168,27.93,0.0,1.22
2025-02-26,Mumbai,168,25.08,0.0,7.61
2025-02-27,Mumbai,168,20.96,0.0,9.03
2025-02-28,Mumbai,168,22.11,0.0,11.45
2025-03-01,Mumbai,168,28.15,0.0,12.0
2025-03-02,Mumbai,168,24.18,0.0,11.16
2025-03-03,Mumbai,168,24.87,0.0,14.84
2025-03-04,Mumbai,168,24.89,0.0,10.8
2025-03-05,Mumbai,168,30.2,0.0,6.59
2025-03-06,Mumbai,168,29.64,0.0,11.01
2025-03-07,Mumbai,168,24.61,0.0,9.98
2025-03-08,Mumbai,168,29.67,0.0,9.88
2025-03-09,Mumbai,168,28.88,0.0,2.51
2025-03-10,Mumbai,168,26.28,0.0,9.45
2025-03-11,Mumbai,168,22.5,0.0,13.14
2025-03-12,Mumbai,168,21.26,0.0,14.15
2025-03-13,Mumbai,168,25.93,0.0,7.88
2025-03-14,Mumbai,168,23.97,0.0,16.24
2025-03-15,Mumbai,168,28.78,0.0,11.18
2025-03-16,Mumbai,168,25.47,0.0,4.57
2025-03-17,Mumbai,168,31.55,0.0,11.36
2025-03-18,Mumbai,168,25.46,0.0,2.31
2025-03-19,Mumbai,168,29.33,0.0,13.37
2025-03-20,Mumbai,168,31.79,0.0,17.55
2025-03-21,Mumbai,168,30.36,0.0,3.69
2025-03-22,Mumbai,168,27.66,0.0,12.3
2025-03-23,Mumbai,168,26.98,0.0,9.48
2025-03-24,Mumbai,168,28.41,0.0,4.52
2025-03-25,Mumbai,168,30.93,0.0,9.64
2025-03-26,Mumbai,168,30.39,0.0,0.65
2025-03-27,Mumbai,168,27.91,0.0,15.38
2025-03-28,Mumbai,168,22.6,0.0,1.46
2025-03-29,Mumbai,168,26.35,0.0,9.17
2025-03-30,Mumbai,168,27.24,0.0,13.27
2025-03-31,Mumbai,168,27.7,0.0,10.16
2025-04-01,Mumbai,168,29.31,0.0,10.7
2025-04-02,Mumbai,168,27.99,0.0,10.79
2025-04-03,Mumbai,168,26.73,0.0,16.75
2025-04-04,Mumbai,168,26.75,0.0,11.74
2025-04-05,Mumbai,168,34.46,0.0,7.74
2025-04-06,Mumbai,168,33.91,0.0,7.79
2025-04-07,Mumbai,168,27.69,0.0,5.87
2025-04-08,Mumbai,168,28.86,0.0,11.51
2025-04-09,Mumbai,168,30.62,0.0,7.22
2025-04-10,Mumbai,168,31.16,0.0,12.56
2025-04-11,Mumbai,168,34.98,0.0,14.01
2025-04-12,Mumbai,168,31.98,0.0,9.97
2025-04-13,Mumbai,168,31.1,0.0,17.94
2025-04-14,Mumbai,168,34.0,0.0,8.56
2025-04-15,Mumbai,168,32.61,0.0,16.91
2025-04-16,Mumbai,168,34.38,0.0,12.8
2025-04-17,Mumbai,168,36.67,0.0,16.54
2025-04-18,Mumbai,168,31.0,0.0,11.31
2025-04-19,Mumbai,168,34.54,0.0,13.05
2025-04-20,Mumbai,168,34.87,0.0,17.64
2025-04-21,Mumbai,168,35.43,0.0,22.12
2025-04-22,Mumbai,168,28.42,0.0,4.89
2025-04-23,Mumbai,168,30.44,0.0,12.91
2025-04-24,Mumbai,168,34.42,0.0,19.42
2025-04-25,Mumbai,168,25.02,0.0,18.29
2025-04-26,Mumbai,168,33.32,0.0,9.45
2025-04-27,Mumbai,168,30.87,0.0,14.63
2025-04-28,Mumbai,168,31.18,0.0,16.39
2025-04-29,Mumbai,168,31.4,0.0,15.96
2025-04-30,Mumbai,168,33.24,0.0,15.12
2025-05-01,Mumbai,168,35.72,0.0,16.51
2025-05-02,Mumbai,168,34.91,0.0,8.7
2025-05-03,Mumbai,168,31.37,0.0,16.56
2025-05-04,Mumbai,168,32.19,0.0,20.31
2025-05-05,Mumbai,168,36.02,0.0,13.42
2025-05-06,Mumbai,168,34.32,0.0,18.46
2025-05-07,Mumbai,168,34.1,0.0,15.53
2025-05-08,Mumbai,168,29.8,0.0,9.39
2025-05-09,Mumbai,168,28.42,0.0,6.75
2025-05-10,Mumbai,168,28.34,0.0,14.8
2025-05-11,Mumbai,168,30.57,0.0,12.49
2025-05-12,Mumbai,168,30.3,0.0,16.73
2025-05-13,Mumbai,168,27.27,0.0,17.3
2025-05-14,Mumbai,168,32.03,0.0,15.55
2025-05-15,Mumbai,168,33.49,0.0,11.63
2025-05-16,Mumbai,168,26.69,0.0,7.53
2025-05-17,Mumbai,168,28.99,0.0,17.08
2025-05-18,Mumbai,168,33.49,0.0,19.54
2025-05-19,Mumbai,168,31.58,0.0,5.79
2025-05-20,Mumbai,168,33.05,0.0,23.34
2025-05-21,Mumbai,168,27.93,0.0,12.21
2025-05-22,Mumbai,168,31.99,0.0,10.97
2025-05-23,Mumbai,168,26.18,0.0,15.75
2025-05-24,Mumbai,168,27.09,0.0,13.11
2025-05-25,Mumbai,168,33.61,0.0,14.55
2025-05-26,Mumbai,168,30.74,0.0,14.67
2025-05-27,Mumbai,168,33.52,0.0,11.54
2025-05-28,Mumbai,168,33.9,0.0,10.06
2025-05-29,Mumbai,168,35.82,0.0,17.89
2025-05-30,Mumbai,168,38.38,0.0,16.2
2025-05-31,Mumbai,168,35.05,0.0,15.43
2025-06-01,Mumbai,168,30.4,3.39,25.03
2025-06-02,Mumbai,168,30.88,20.66,22.62
2025-06-03,Mumbai,168,32.71,2.02,28.67
2025-06-04,Mumbai,168,28.44,1.75,30.15
2025-06-05,Mumbai,168,30.84,39.26,28.9
2025-06-06,Mumbai,168,27.35,9.83,24.19
2025-06-07,Mumbai,168,27.06,0.0,21.75
2025-06-08,Mumbai,168,29.67,1.57,19.64
2025-06-09,Mumbai,168,31.04,0.0,23.75
2025-06-10,Mumbai,168,32.16,57.75,17.16
2025-06-11,Mumbai,168,34.72,25.56,19.28
2025-06-12,Mumbai,168,33.37,0.0,31.42
2025-06-13,Mumbai,168,33.6,0.0,25.03
2025-06-14,Mumbai,168,28.94,0.09,24.8
2025-06-15,Mumbai,168,35.43,141.45,33.0
2025-06-16,Mumbai,168,30.12,0.0,18.3
2025-06-17,Mumbai,168,30.21,0.0,24.04
2025-06-18,Mumbai,168,28.33,0.0,19.38
2025-06-19,Mumbai,168,30.7,9.93,25.33
2025-06-20,Mumbai,168,32.02,216.89,38.21
2025-06-21,Mumbai,168,32.69,41.15,33.49
2025-06-22,Mumbai,168,31.85,17.59,24.2
2025-06-23,Mumbai,168,30.53,0.0,21.94
2025-06-24,Mumbai,168,31.05,2.86,31.78
2025-06-25,Mumbai,168,31.36,0.0,25.98
2025-06-26,Mumbai,168,29.97,0.0,19.04
2025-06-27,Mumbai,168,31.77,0.0,19.96
2025-06-28,Mumbai,168,34.47,0.0,25.89
2025-06-29,Mumbai,168,28.92,0.0,24.62
2025-06-30,Mumbai,168,24.97,0.0,27.16
2025-07-01,Mumbai,168,24.83,83.49,35.35
2025-07-02,Mumbai,168,19.93,23.6,37.85
2025-07-03,Mumbai,168,22.37,41.0,24.33
2025-07-04,Mumbai,168,28.12,30.8,29.1
2025-07-05,Mumbai,168,26.68,64.74,37.93
2025-07-06,Mumbai,168,24.33,32.85,29.41
2025-07-07,Mumbai,168,27.94,27.98,23.14
2025-07-08,Mumbai,168,21.92,0.0,21.83
2025-07-09,Mumbai,168,29.83,0.0,24.43
2025-07-10,Mumbai,168,27.88,0.0,21.52
2025-07-11,Mumbai,168,29.83,0.0,23.21
2025-07-12,Mumbai,168,30.48,3.01,16.49
2025-07-13,Mumbai,168,27.77,28.71,15.21
2025-07-14,Mumbai,168,27.6,18.65,38.88
2025-07-15,Mumbai,168,27.11,0.0,21.35
2025-07-16,Mumbai,168,25.71,26.54,32.47
2025-07-17,Mumbai,168,26.84,0.0,29.14
2025-07-18,Mumbai,168,27.17,0.0,21.17
2025-07-19,Mumbai,168,29.88,0.21,27.69
2025-07-20,Mumbai,168,29.64,0.0,22.44
2025-07-21,Mumbai,168,22.92,0.0,25.24
2025-07-22,Mumbai,168,30.71,1.67,32.18
2025-07-23,Mumbai,168,25.6,1.55,35.19
2025-07-24,Mumbai,168,25.25,1.4,32.82
2025-07-25,Mumbai,168,26.14,18.43,23.71
2025-07-26,Mumbai,168,24.08,73.86,42.63
2025-07-27,Mumbai,168,22.56,69.7,33.98
2025-07-28,Mumbai,168,26.45,2.22,24.85
2025-07-29,Mumbai,168,29.02,3.05,21.0
2025-07-30,Mumbai,168,29.7,35.0,29.73
2025-07-31,Mumbai,168,34.13,0.0,39.56
2025-08-01,Mumbai,168,28.42,25.52,25.18
2025-08-02,Mumbai,168,29.97,1.79,12.95
2025-08-03,Mumbai,168,26.3,0.0,22.51
2025-08-04,Mumbai,168,30.87,0.0,12.17
2025-08-05,Mumbai,168,29.21,0.0,20.64
2025-08-06,Mumbai,168,28.82,0.0,16.83
2025-08-07,Mumbai,168,30.26,0.0,17.64
2025-08-08,Mumbai,168,29.32,0.0,12.68
2025-08-09,Mumbai,168,26.75,37.88,25.86
2025-08-10,Mumbai,168,23.67,40.64,20.08
2025-08-11,Mumbai,168,24.67,7.16,21.53
2025-08-12,Mumbai,168,21.36,2.42,19.63
2025-08-13,Mumbai,168,24.67,12.65,32.61
2025-08-14,Mumbai,168,26.08,0.0,12.97
2025-08-15,Mumbai,168,28.13,0.0,29.62
2025-08-16,Mumbai,168,27.78,6.7,23.69
2025-08-17,Mumbai,168,28.28,11.12,28.31
2025-08-18,Mumbai,168,28.5,16.84,14.18
2025-08-19,Mumbai,168,29.49,92.48,22.74
2025-08-20,Mumbai,168,25.09,3.9,13.45
2025-08-21,Mumbai,168,27.25,0.0,19.15
2025-08-22,Mumbai,168,27.42,0.0,23.06
2025-08-23,Mumbai,168,25.87,0.0,21.52
2025-08-24,Mumbai,168,23.88,0.0,25.38
2025-08-25,Mumbai,168,29.28,0.0,20.49
2025-08-26,Mumbai,168,26.92,43.69,20.72
2025-08-27,Mumbai,168,31.99,0.0,24.62
2025-08-28,Mumbai,168,26.42,7.2,19.82
2025-08-29,Mumbai,168,25.52,3.19,22.1
2025-08-30,Mumbai,168,26.74,5.01,14.87
2025-08-31,Mumbai,168,27.04,5.51,31.17
2025-09-01,Mumbai,168,23.74,0.0,17.88
2025-09-02,Mumbai,168,29.1,1.78,7.21
2025-09-03,Mumbai,168,26.04,0.0,13.75
2025-09-04,Mumbai,168,30.84,4.02,8.25
2025-09-05,Mumbai,168,27.22,59.02,14.28
2025-09-06,Mumbai,168,28.59,0.05,18.74
2025-09-07,Mumbai,168,26.25,0.0,19.93
2025-09-08,Mumbai,168,33.8,0.0,12.63
2025-09-09,Mumbai,168,31.63,0.0,3.82
2025-09-10,Mumbai,168,30.8,0.0,19.16
2025-09-11,Mumbai,168,26.8,59.22,23.03
2025-09-12,Mumbai,168,28.66,75.55,23.75
2025-09-13,Mumbai,168,27.24,16.92,16.91
2025-09-14,Mumbai,168,31.05,7.88,18.48
2025-09-15,Mumbai,168,31.85,2.23,16.45
2025-09-16,Mumbai,168,34.53,1.77,14.08
2025-09-17,Mumbai,168,26.9,7.51,15.28
2025-09-18,Mumbai,168,32.4,24.55,28.4
2025-09-19,Mumbai,168,28.47,31.42,13.91
2025-09-20,Mumbai,168,25.44,2.35,7.82
2025-09-21,Mumbai,168,28.52,19.79,24.71
2025-09-22,Mumbai,168,28.03,0.0,25.21
2025-09-23,Mumbai,168,30.15,1.9,24.21
2025-09-24,Mumbai,168,29.07,6.64,9.12
2025-09-25,Mumbai,168,30.62,3.85,21.82
2025-09-26,Mumbai,168,33.97,0.0,24.66
2025-09-27,Mumbai,168,30.0,9.07,14.95
2025-09-28,Mumbai,168,28.08,16.15,18.48
2025-09-29,Mumbai,168,27.57,40.44,15.57
2025-09-30,Mumbai,168,31.43,0.0,3.11
2023-01-01,Delhi,24,13.55,0.0,3.46
2023-01-02,Delhi,24,12.54,0.0,6.3
2023-01-03,Delhi,24,13.71,11.43,8.63
2023-01-04,Delhi,24,15.22,0.0,4.45
2023-01-05,Delhi,24,11.28,0.0,3.08
2023-01-06,Delhi,24,13.02,0.0,5.02
2023-01-07,Delhi,24,11.41,0.0,3.64
2023-01-08,Delhi,24,12.22,0.0,8.4
2023-01-09,Delhi,24,15.2,0.0,9.09
2023-01-10,Delhi,24,12.98,0.0,8.63
2023-01-11,Delhi,24,13.44,0.0,7.61
2023-01-12,Delhi,24,11.43,0.0,7.34
2023-01-13,Delhi,24,14.74,0.0,9.73
2023-01-14,Delhi,24,12.07,0.0,10.6
2023-01-15,Delhi,24,14.19,0.0,5.85
2023-01-16,Delhi,24,14.74,0.0,10.19
2023-01-17,Delhi,24,14.87,0.0,8.1
2023-01-18,Delhi,24,11.78,15.99,14.04
2023-01-19,Delhi,24,13.11,17.27,12.31
2023-01-20,Delhi,24,14.84,0.0,7.74
2023-01-21,Delhi,24,14.23,0.0,9.38
2023-01-22,Delhi,24,16.78,0.0,8.79
2023-01-23,Delhi,24,15.36,0.0,8.74
2023-01-24,Delhi,24,12.7,0.0,8.61
2023-01-25,Delhi,24,12.39,0.0,11.7
2023-01-26,Delhi,24,9.76,0.0,8.9
2023-01-27,Delhi,24,11.48,0.0,7.1
2023-01-28,Delhi,24,14.0,0.0,5.77
2023-01-29,Delhi,24,15.69,0.0,5.3
2023-01-30,Delhi,24,12.62,0.0,5.81
2023-01-31,Delhi,24,15.43,0.0,6.03
2023-02-01,Delhi,24,18.67,0.0,4.94
2023-02-02,Delhi,24,19.52,0.0,5.42
2023-02-03,Delhi,24,17.54,0.0,10.74
2023-02-04,Delhi,24,16.7,0.0,8.15
2023-02-05,Delhi,24,17.04,0.0,7.53
2023-02-06,Delhi,24,17.99,0.0,8.15
2023-02-07,Delhi,24,18.22,0.0,7.52
2023-02-08,Delhi,24,16.58,0.0,8.91
2023-02-09,Delhi,24,17.85,0.0,7.12
2023-02-10,Delhi,24,15.97,0.0,6.64
2023-02-11,Delhi,24,16.23,0.0,10.87
2023-02-12,Delhi,24,17.38,0.0,6.14
2023-02-13,Delhi,24,17.54,0.0,7.33
2023-02-14,Delhi,24,15.81,0.0,6.66
2023-02-15,Delhi,24,16.0,0.0,9.92
2023-02-16,Delhi,24,16.41,0.0,7.04
2023-02-17,Delhi,24,16.09,0.0,7.42
2023-02-18,Delhi,24,15.56,0.0,10.41
2023-02-19,Delhi,24,17.93,12.92,15.08
2023-02-20,Delhi,24,20.61,0.0,9.24
2023-02-21,Delhi,24,17.96,0.0,9.6
2023-02-22,Delhi,24,18.4,0.0,9.55
2023-02-23,Delhi,24,16.11,0.0,6.43
2023-02-24,Delhi,24,16.45,0.0,6.43
2023-02-25,Delhi,24,16.49,0.0,7.43
2023-02-26,Delhi,24,16.66,0.0,9.34
2023-02-27,Delhi,24,14.32,15.51,8.18
2023-02-28,Delhi,24,17.02,0.0,5.6
2023-03-01,Delhi,24,23.52,0.0,9.07
2023-03-02,Delhi,24,25.62,0.0,4.26
2023-03-03,Delhi,24,23.64,0.0,7.64
2023-03-04,Delhi,24,23.41,0.0,12.88
2023-03-05,Delhi,24,21.74,0.0,9.11
2023-03-06,Delhi,24,22.22,0.0,13.95
2023-03-07,Delhi,24,23.84,0.0,6.89
2023-03-08,Delhi,24,19.57,0.0,9.6
2023-03-09,Delhi,24,21.39,0.0,4.33
2023-03-10,Delhi,24,24.32,0.0,7.56
2023-03-11,Delhi,24,26.22,0.0,8.91
2023-03-12,Delhi,24,22.15,0.0,12.69
2023-03-13,Delhi,24,23.53,0.0,9.69
2023-03-14,Delhi,24,24.86,0.0,9.72
2023-03-15,Delhi,24,22.84,0.0,9.91
2023-03-16,Delhi,24,22.69,0.0,8.01
2023-03-17,Delhi,24,24.8,3.77,11.76
2023-03-18,Delhi,24,23.51,17.21,14.6
2023-03-19,Delhi,24,24.9,0.0,15.02
2023-03-20,Delhi,24,24.06,0.0,12.46
2023-03-21,Delhi,24,24.51,0.0,10.11
2023-03-22,Delhi,24,24.06,0.0,11.23
2023-03-23,Delhi,24,24.1,0.0,9.6
2023-03-24,Delhi,24,23.28,0.0,8.05
2023-03-25,Delhi,24,22.81,0.0,8.98
2023-03-26,Delhi,24,23.97,0.0,13.6
2023-03-27,Delhi,24,22.92,0.0,10.3
2023-03-28,Delhi,24,24.6,0.0,9.36
2023-03-29,Delhi,24,24.75,0.0,12.36
2023-03-30,Delhi,24,24.7,31.04,15.99
2023-03-31,Delhi,24,26.28,0.0,11.26
2023-04-01,Delhi,24,29.53,0.0,7.48
2023-04-02,Delhi,24,29.78,0.0,11.24
2023-04-03,Delhi,24,28.76,0.0,7.09
2023-04-04,Delhi,24,28.54,0.0,6.33
2023-04-05,Delhi,24,29.07,0.0,5.66
2023-04-06,Delhi,24,30.02,0.0,8.29
2023-04-07,Delhi,24,29.08,0.0,5.9
2023-04-08,Delhi,24,30.76,0.0,11.95
2023-04-09,Delhi,24,27.94,0.0,7.39
2023-04-10,Delhi,24,30.47,0.0,5.23
2023-04-11,Delhi,24,29.05,0.0,5.58
2023-04-12,Delhi,24,31.47,0.0,7.99
2023-04-13,Delhi,24,30.41,0.0,4.32
2023-04-14,Delhi,24,30.59,0.0,9.55
2023-04-15,Delhi,24,28.24,0.0,8.14
2023-04-16,Delhi,24,29.62,0.0,8.01
2023-04-17,Delhi,24,29.24,0.0,7.49
2023-04-18,Delhi,24,31.88,0.0,10.15
2023-04-19,Delhi,24,31.57,0.0,11.55
2023-04-20,Delhi,24,32.0,0.0,11.28
2023-04-21,Delhi,24,30.05,0.0,11.7
2023-04-22,Delhi,24,28.24,0.0,13.08
2023-04-23,Delhi,24,30.33,0.0,11.07
2023-04-24,Delhi,24,31.06,0.0,13.39
2023-04-25,Delhi,24,28.95,0.0,13.13
2023-04-26,Delhi,24,30.67,0.0,12.13
2023-04-27,Delhi,24,31.33,0.0,9.47
2023-04-28,Delhi,24,32.11,0.0,9.65
2023-04-29,Delhi,24,31.82,0.0,14.9
2023-04-30,Delhi,24,31.75,0.0,11.24
2023-05-01,Delhi,24,36.14,0.0,13.53
2023-05-02,Delhi,24,35.82,0.0,11.62
2023-05-03,Delhi,24,32.94,0.0,9.77
2023-05-04,Delhi,24,34.48,0.0,13.57
2023-05-05,Delhi,24,33.09,0.0,8.52
2023-05-06,Delhi,24,33.4,0.0,9.27
2023-05-07,Delhi,24,33.77,0.0,9.18
2023-05-08,Delhi,24,32.67,0.0,11.99
2023-05-09,Delhi,24,32.17,0.0,13.4
2023-05-10,Delhi,24,34.25,0.0,12.03
2023-05-11,Delhi,24,34.86,0.0,14.98
2023-05-12,Delhi,24,36.1,0.0,10.78
2023-05-13,Delhi,24,36.86,0.0,16.12
2023-05-14,Delhi,24,35.27,0.0,10.85
2023-05-15,Delhi,24,35.37,14.5,21.09
2023-05-16,Delhi,24,33.6,0.0,12.66
2023-05-17,Delhi,24,33.81,0.0,10.81
2023-05-18,Delhi,24,34.61,0.0,12.72
2023-05-19,Delhi,24,33.45,0.0,9.83
2023-05-20,Delhi,24,33.94,0.0,10.66
2023-05-21,Delhi,24,34.93,0.0,9.19
2023-05-22,Delhi,24,34.21,0.0,10.22
2023-05-23,Delhi,24,35.11,0.0,11.75
2023-05-24,Delhi,24,35.96,0.0,11.02
2023-05-25,Delhi,24,34.78,0.0,14.67
2023-05-26,Delhi,24,33.85,0.0,12.27
2023-05-27,Delhi,24,34.0,0.0,8.91
2023-05-28,Delhi,24,33.93,0.0,11.4
2023-05-29,Delhi,24,31.34,0.0,9.37
2023-05-30,Delhi,24,32.22,0.0,10.28
2023-05-31,Delhi,24,33.6,0.0,10.27
2023-06-01,Delhi,24,33.57,0.0,13.42
2023-06-02,Delhi,24,33.57,0.0,13.06
2023-06-03,Delhi,24,32.19,0.0,12.85
2023-06-04,Delhi,24,34.22,0.0,15.41
2023-06-05,Delhi,24,36.16,0.0,13.27
2023-06-06,Delhi,24,35.54,0.0,16.37
2023-06-07,Delhi,24,36.64,0.0,13.64
2023-06-08,Delhi,24,37.03,0.0,8.85
2023-06-09,Delhi,24,37.79,0.0,10.66
2023-06-10,Delhi,24,36.35,0.0,9.13
2023-06-11,Delhi,24,37.65,0.0,14.59
2023-06-12,Delhi,24,35.23,0.0,8.41
2023-06-13,Delhi,24,35.79,0.0,13.31
2023-06-14,Delhi,24,36.0,3.56,16.24
2023-06-15,Delhi,24,34.5,2.67,13.34
2023-06-16,Delhi,24,35.69,0.0,11.61
2023-06-17,Delhi,24,37.09,0.0,12.85
2023-06-18,Delhi,24,34.93,0.0,9.71
2023-06-19,Delhi,24,35.77,0.0,12.01
2023-06-20,Delhi,24,33.76,0.0,11.22
2023-06-21,Delhi,24,35.53,0.0,13.57
2023-06-22,Delhi,24,35.39,0.0,11.89
2023-06-23,Delhi,24,34.87,17.5,20.39
2023-06-24,Delhi,24,34.16,1.68,13.77
2023-06-25,Delhi,24,30.97,0.0,11.31
2023-06-26,Delhi,24,30.75,2.07,13.35
2023-06-27,Delhi,24,31.7,0.0,14.18
2023-06-28,Delhi,24,33.22,0.0,17.25
2023-06-29,Delhi,24,33.19,0.0,17.75
2023-06-30,Delhi,24,33.43,0.0,12.79
2023-07-01,Delhi,24,30.33,3.71,13.18
2023-07-02,Delhi,24,28.76,4.86,12.58
2023-07-03,Delhi,24,28.47,0.0,11.85
2023-07-04,Delhi,24,30.18,10.55,11.01
2023-07-05,Delhi,24,29.87,0.48,12.2
2023-07-06,Delhi,24,32.57,0.0,13.1
2023-07-07,Delhi,24,32.85,2.58,13.24
2023-07-08,Delhi,24,31.74,0.0,15.63
2023-07-09,Delhi,24,29.7,44.02,17.25
2023-07-10,Delhi,24,33.47,34.9,18.7
2023-07-11,Delhi,24,32.02,4.73,13.73
2023-07-12,Delhi,24,30.91,7.38,12.56
2023-07-13,Delhi,24,30.11,19.22,10.69
2023-07-14,Delhi,24,28.84,55.57,18.02
2023-07-15,Delhi,24,28.99,11.11,13.43
2023-07-16,Delhi,24,30.78,1.87,12.02
2023-07-17,Delhi,24,29.29,2.29,11.71
2023-07-18,Delhi,24,32.05,17.95,11.38
2023-07-19,Delhi,24,32.86,7.51,10.09
2023-07-20,Delhi,24,32.79,53.12,12.86
2023-07-21,Delhi,24,32.26,5.67,8.46
2023-07-22,Delhi,24,31.98,0.0,8.53
2023-07-23,Delhi,24,31.47,0.0,8.96
2023-07-24,Delhi,24,31.1,0.0,12.03
2023-07-25,Delhi,24,31.83,0.0,6.41
2023-07-26,Delhi,24,33.89,0.0,8.22
2023-07-27,Delhi,24,31.58,0.0,7.9
2023-07-28,Delhi,24,31.91,0.0,9.82
2023-07-29,Delhi,24,32.35,0.0,7.6
2023-07-30,Delhi,24,32.79,3.58,13.47
2023-07-31,Delhi,24,31.1,4.56,18.34
2023-08-01,Delhi,24,29.22,27.07,14.57
2023-08-02,Delhi,24,29.83,52.59,19.64
2023-08-03,Delhi,24,29.67,4.65,12.46
2023-08-04,Delhi,24,31.58,2.6,12.7
2023-08-05,Delhi,24,30.86,5.38,10.49
2023-08-06,Delhi,24,31.11,0.0,9.21
2023-08-07,Delhi,24,32.57,4.51,13.01
2023-08-08,Delhi,24,31.92,5.96,14.74
2023-08-09,Delhi,24,30.12,6.0,13.38
2023-08-10,Delhi,24,32.32,5.89,12.4
2023-08-11,Delhi,24,32.05,13.66,12.85
2023-08-12,Delhi,24,33.38,3.48,10.17
2023-08-13,Delhi,24,33.29,1.36,13.1
2023-08-14,Delhi,24,31.36,13.64,12.17
2023-08-15,Delhi,24,31.66,1.79,14.04
2023-08-16,Delhi,24,29.73,9.36,14.14
2023-08-17,Delhi,24,30.1,6.72,12.16
2023-08-18,Delhi,24,31.66,5.9,11.49
2023-08-19,Delhi,24,31.88,13.36,13.92
2023-08-20,Delhi,24,29.33,13.61,11.01
2023-08-21,Delhi,24,28.82,1.87,11.14
2023-08-22,Delhi,24,27.29,0.48,8.76
2023-08-23,Delhi,24,29.46,20.19,12.86
2023-08-24,Delhi,24,30.0,0.0,2.55
2023-08-25,Delhi,24,28.25,0.0,8.02
2023-08-26,Delhi,24,29.94,0.0,8.92
2023-08-27,Delhi,24,29.12,15.58,11.81
2023-08-28,Delhi,24,31.22,2.3,9.05
2023-08-29,Delhi,24,26.92,7.08,15.21
2023-08-30,Delhi,24,28.22,7.22,12.22
2023-08-31,Delhi,24,25.16,21.43,15.89
2023-09-01,Delhi,24,24.96,10.89,16.5
2023-09-02,Delhi,24,27.46,12.83,11.02
2023-09-03,Delhi,24,27.19,2.77,10.19
2023-09-04,Delhi,24,27.21,0.0,7.16
2023-09-05,Delhi,24,27.68,0.0,4.02
2023-09-06,Delhi,24,28.7,0.0,8.35
2023-09-07,Delhi,24,29.19,0.0,4.93
2023-09-08,Delhi,24,30.41,0.0,7.24
2023-09-09,Delhi,24,33.18,1.32,4.54
2023-09-10,Delhi,24,33.4,7.04,10.37
2023-09-11,Delhi,24,31.38,8.71,12.05
2023-09-12,Delhi,24,31.38,24.04,10.54
2023-09-13,Delhi,24,30.36,0.0,5.93
2023-09-14,Delhi,24,31.6,0.0,7.07
2023-09-15,Delhi,24,30.41,0.0,5.9
2023-09-16,Delhi,24,30.71,0.0,5.2
2023-09-17,Delhi,24,29.38,0.0,4.33
2023-09-18,Delhi,24,28.82,0.0,8.86
2023-09-19,Delhi,24,26.91,0.0,2.58
2023-09-20,Delhi,24,30.71,4.58,5.79
2023-09-21,Delhi,24,30.53,0.0,8.87
2023-09-22,Delhi,24,29.22,0.0,4.11
2023-09-23,Delhi,24,30.06,0.0,5.87
2023-09-24,Delhi,24,30.86,0.0,5.63
2023-09-25,Delhi,24,29.47,0.0,8.73
2023-09-26,Delhi,24,30.41,8.48,7.81
2023-09-27,Delhi,24,29.7,0.0,7.72
2023-09-28,Delhi,24,30.33,0.0,6.35
2023-09-29,Delhi,24,30.36,3.65,6.7
2023-09-30,Delhi,24,30.72,22.16,6.52
2023-10-01,Delhi,24,25.3,0.0,3.12
2023-10-02,Delhi,24,27.16,0.0,5.07
2023-10-03,Delhi,24,24.18,0.0,6.82
2023-10-04,Delhi,24,25.01,0.0,8.09
2023-10-05,Delhi,24,26.36,0.0,8.97
2023-10-06,Delhi,24,23.03,0.0,4.99
2023-10-07,Delhi,24,21.59,0.0,4.61
2023-10-08,Delhi,24,24.29,0.0,0.0
2023-10-09,Delhi,24,26.87,0.0,3.97
2023-10-10,Delhi,24,28.4,0.0,1.82
2023-10-11,Delhi,24,29.42,209.79,22.04
2023-10-12,Delhi,24,26.87,0.0,5.13
2023-10-13,Delhi,24,24.61,0.0,5.54
2023-10-14,Delhi,24,24.29,0.0,10.63
2023-10-15,Delhi,24,23.69,0.0,9.69
2023-10-16,Delhi,24,24.13,0.0,9.29
2023-10-17,Delhi,24,24.41,0.0,6.15
2023-10-18,Delhi,24,23.57,0.0,4.24
2023-10-19,Delhi,24,22.79,0.0,6.64
2023-10-20,Delhi,24,23.14,0.0,9.19
2023-10-21,Delhi,24,20.12,0.0,9.49
2023-10-22,Delhi,24,20.63,0.0,10.95
2023-10-23,Delhi,24,19.48,0.0,4.87
2023-10-24,Delhi,24,21.84,0.0,6.57
2023-10-25,Delhi,24,21.77,0.0,6.92
2023-10-26,Delhi,24,22.67,0.0,9.97
2023-10-27,Delhi,24,22.38,0.0,5.9
2023-10-28,Delhi,24,22.66,0.0,2.84
2023-10-29,Delhi,24,24.29,0.0,5.45
2023-10-30,Delhi,24,24.63,0.0,7.17
2023-10-31,Delhi,24,26.69,0.0,3.03
2023-11-01,Delhi,24,21.93,0.0,3.59
2023-11-02,Delhi,24,19.21,0.0,6.69
2023-11-03,Delhi,24,19.65,0.0,4.5
2023-11-04,Delhi,24,20.34,0.0,2.94
2023-11-05,Delhi,24,18.88,0.0,3.31
2023-11-06,Delhi,24,17.22,0.0,7.68
2023-11-07,Delhi,24,15.61,0.0,4.35
2023-11-08,Delhi,24,17.77,0.0,3.75
2023-11-09,Delhi,24,17.67,0.0,2.63
2023-11-10,Delhi,24,16.91,0.0,1.0
2023-11-11,Delhi,24,16.41,0.0,1.86
2023-11-12,Delhi,24,18.22,0.0,8.0
2023-11-13,Delhi,24,18.25,0.0,4.45
2023-11-14,Delhi,24,17.75,0.0,4.31
2023-11-15,Delhi,24,19.68,0.0,5.03
2023-11-16,Delhi,24,18.29,0.0,2.57
2023-11-17,Delhi,24,15.77,0.0,0.79
2023-11-18,Delhi,24,15.95,0.0,4.19
2023-11-19,Delhi,24,14.72,0.0,3.21
2023-11-20,Delhi,24,18.37,0.0,2.93
2023-11-21,Delhi,24,19.62,0.0,5.15
2023-11-22,Delhi,24,19.76,0.0,5.45
2023-11-23,Delhi,24,18.25,0.0,10.36
2023-11-24,Delhi,24,18.24,0.0,9.2
2023-11-25,Delhi,24,18.25,0.0,17.32
2023-11-26,Delhi,24,19.46,0.0,13.18
2023-11-27,Delhi,24,18.51,0.0,10.28
2023-11-28,Delhi,24,18.94,0.0,7.86
2023-11-29,Delhi,24,18.88,0.0,12.31
2023-11-30,Delhi,24,18.27,0.0,7.74
2023-12-01,Delhi,24,18.95,0.0,9.49
2023-12-02,Delhi,24,18.15,0.0,8.21
2023-12-03,Delhi,24,16.35,0.0,8.18
2023-12-04,Delhi,24,15.82,0.0,1.11
2023-12-05,Delhi,24,13.41,0.0,5.44
2023-12-06,Delhi,24,14.29,0.0,5.34
2023-12-07,Delhi,24,13.15,0.0,8.15
2023-12-08,Delhi,24,13.19,0.0,7.48
2023-12-09,Delhi,24,14.39,0.0,7.31
2023-12-10,Delhi,24,12.32,0.0,2.18
2023-12-11,Delhi,24,10.54,0.0,4.79
2023-12-12,Delhi,24,12.47,0.0,6.97
2023-12-13,Delhi,24,11.71,0.0,7.01
2023-12-14,Delhi,24,15.3,0.0,4.17
2023-12-15,Delhi,24,12.26,0.0,1.92
2023-12-16,Delhi,24,13.73,0.0,10.26
2023-12-17,Delhi,24,14.13,15.68,7.14
2023-12-18,Delhi,24,16.97,0.0,7.3
2023-12-19,Delhi,24,16.97,0.0,5.22
2023-12-20,Delhi,24,16.9,0.0,5.5
2023-12-21,Delhi,24,17.19,0.0,7.72
2023-12-22,Delhi,24,15.98,0.0,4.94
2023-12-23,Delhi,24,14.03,0.0,5.07
2023-12-24,Delhi,24,15.77,0.0,2.76
2023-12-25,Delhi,24,16.14,0.0,6.91
2023-12-26,Delhi,24,15.86,0.0,10.06
2023-12-27,Delhi,24,15.07,0.0,0.0
2023-12-28,Delhi,24,15.38,0.0,5.18
2023-12-29,Delhi,24,15.44,5.23,9.6
2023-12-30,Delhi,24,16.58,0.0,4.42
2023-12-31,Delhi,24,15.1,0.0,8.03
2024-01-01,Delhi,24,15.28,0.0,6.16
2024-01-02,Delhi,24,12.18,0.0,9.82
2024-01-03,Delhi,24,13.25,0.0,8.87
2024-01-04,Delhi,24,11.88,0.0,4.52
2024-01-05,Delhi,24,12.48,0.0,8.74
2024-01-06,Delhi,24,11.75,0.0,12.1
2024-01-07,Delhi,24,11.43,0.0,6.07
2024-01-08,Delhi,24,11.94,0.0,4.16
2024-01-09,Delhi,24,12.83,0.0,6.49
2024-01-10,Delhi,24,13.8,0.0,6.13
2024-01-11,Delhi,24,13.17,0.0,10.17
2024-01-12,Delhi,24,11.95,0.0,6.74
2024-01-13,Delhi,24,14.12,0.0,5.36
2024-01-14,Delhi,24,12.84,0.0,8.34
2024-01-15,Delhi,24,14.12,0.0,4.56
2024-01-16,Delhi,24,14.73,0.0,0.41
2024-01-17,Delhi,24,13.41,0.0,3.58
2024-01-18,Delhi,24,13.68,0.0,6.65
2024-01-19,Delhi,24,12.49,0.0,7.77
2024-01-20,Delhi,24,13.19,0.0,9.22
2024-01-21,Delhi,24,10.97,0.0,10.66
2024-01-22,Delhi,24,12.64,0.0,9.64
2024-01-23,Delhi,24,12.45,0.0,4.99
2024-01-24,Delhi,24,13.9,0.0,3.86
2024-01-25,Delhi,24,15.1,0.0,7.47
2024-01-26,Delhi,24,12.66,0.0,6.07
2024-01-27,Delhi,24,10.53,0.0,7.02
2024-01-28,Delhi,24,10.56,0.0,4.1
2024-01-29,Delhi,24,10.44,0.0,3.03
2024-01-30,Delhi,24,14.47,0.0,5.73
2024-01-31,Delhi,24,13.04,0.0,8.17
2024-02-01,Delhi,24,20.64,0.0,8.15
2024-02-02,Delhi,24,21.47,0.0,7.54
2024-02-03,Delhi,24,20.79,0.0,14.76
2024-02-04,Delhi,24,18.2,0.0,14.47
2024-02-05,Delhi,24,18.63,0.0,8.92
2024-02-06,Delhi,24,20.23,0.0,6.36
2024-02-07,Delhi,24,18.71,0.0,10.4
2024-02-08,Delhi,24,21.34,0.0,9.06
2024-02-09,Delhi,24,19.39,0.0,8.92
2024-02-10,Delhi,24,19.64,0.0,10.17
2024-02-11,Delhi,24,18.62,0.0,9.54
2024-02-12,Delhi,24,19.03,0.0,10.3
2024-02-13,Delhi,24,17.39,0.0,11.54
2024-02-14,Delhi,24,16.1,0.0,7.73
2024-02-15,Delhi,24,17.53,0.0,9.91
2024-02-16,Delhi,24,16.0,0.0,7.88
2024-02-17,Delhi,24,20.06,0.0,8.8
2024-02-18,Delhi,24,18.84,0.0,8.91
2024-02-19,Delhi,24,16.67,0.0,10.25
2024-02-20,Delhi,24,16.89,0.0,10.91
2024-02-21,Delhi,24,16.6,0.0,8.25
2024-02-22,Delhi,24,14.42,0.0,11.3
2024-02-23,Delhi,24,16.0,0.0,7.25
2024-02-24,Delhi,24,15.98,0.0,6.53
2024-02-25,Delhi,24,15.7,0.0,10.52
2024-02-26,Delhi,24,15.01,0.0,10.76
2024-02-27,Delhi,24,16.95,0.0,3.84
2024-02-28,Delhi,24,16.86,0.0,10.81
2024-02-29,Delhi,24,18.22,14.51,8.87
2024-03-01,Delhi,24,25.13,0.0,7.86
2024-03-02,Delhi,24,23.89,0.0,6.51
2024-03-03,Delhi,24,25.39,0.0,10.42
2024-03-04,Delhi,24,25.1,0.0,7.8
2024-03-05,Delhi,24,24.56,0.0,11.02
2024-03-06,Delhi,24,23.89,0.0,8.2
2024-03-07,Delhi,24,25.06,0.0,9.94
2024-03-08,Delhi,24,25.93,0.0,7.44
2024-03-09,Delhi,24,26.37,0.0,9.85
2024-03-10,Delhi,24,25.79,0.0,7.52
2024-03-11,Delhi,24,24.32,0.0,9.22
2024-03-12,Delhi,24,21.9,0.0,9.89
2024-03-13,Delhi,24,22.86,0.0,9.32
2024-03-14,Delhi,24,20.67,0.0,5.88
2024-03-15,Delhi,24,23.36,0.0,6.01
2024-03-16,Delhi,24,21.31,0.0,7.48
2024-03-17,Delhi,24,24.78,0.0,3.39
2024-03-18,Delhi,24,23.87,0.0,4.02
2024-03-19,Delhi,24,22.22,0.0,6.69
2024-03-20,Delhi,24,24.1,0.0,8.9
2024-03-21,Delhi,24,23.72,0.0,6.93
2024-03-22,Delhi,24,26.31,0.0,4.34
2024-03-23,Delhi,24,25.52,0.0,2.74
2024-03-24,Delhi,24,26.3,0.0,5.76
2024-03-25,Delhi,24,26.2,0.0,10.19
2024-03-26,Delhi,24,25.72,0.0,7.94
2024-03-27,Delhi,24,24.45,0.0,6.96
2024-03-28,Delhi,24,25.05,0.0,10.95
2024-03-29,Delhi,24,20.89,0.0,10.08
2024-03-30,Delhi,24,24.34,0.0,11.72
2024-03-31,Delhi,24,26.07,0.0,10.38
2024-04-01,Delhi,24,32.3,0.0,6.96
2024-04-02,Delhi,24,31.15,0.0,3.65
2024-04-03,Delhi,24,32.17,0.0,8.97
2024-04-04,Delhi,24,32.4,10.69,12.6
2024-04-05,Delhi,24,34.12,0.0,11.4
2024-04-06,Delhi,24,32.35,0.0,8.06
2024-04-07,Delhi,24,30.74,0.0,11.49
2024-04-08,Delhi,24,30.71,0.0,7.8
2024-04-09,Delhi,24,29.16,0.0,10.99
2024-04-10,Delhi,24,27.78,0.0,10.83
2024-04-11,Delhi,24,27.37,0.0,12.57
2024-04-12,Delhi,24,28.84,0.0,11.59
2024-04-13,Delhi,24,28.11,0.0,8.91
2024-04-14,Delhi,24,27.76,0.0,10.01
2024-04-15,Delhi,24,28.48,0.0,6.99
2024-04-16,Delhi,24,28.39,0.0,11.64
2024-04-17,Delhi,24,29.34,0.0,9.45
2024-04-18,Delhi,24,30.9,0.0,10.84
2024-04-19,Delhi,24,26.94,0.0,9.81
2024-04-20,Delhi,24,29.18,0.0,14.55
2024-04-21,Delhi,24,27.28,0.0,13.98
2024-04-22,Delhi,24,28.1,0.0,14.58
2024-04-23,Delhi,24,29.01,0.0,10.04
2024-04-24,Delhi,24,28.12,0.0,13.33
2024-04-25,Delhi,24,27.05,0.0,9.78
2024-04-26,Delhi,24,28.27,0.0,6.99
2024-04-27,Delhi,24,28.38,0.0,12.9
2024-04-28,Delhi,24,27.51,0.0,10.63
2024-04-29,Delhi,24,28.72,0.0,10.86
2024-04-30,Delhi,24,28.56,0.0,10.98
2024-05-01,Delhi,24,31.23,0.0,12.27
2024-05-02,Delhi,24,30.69,0.0,9.35
2024-05-03,Delhi,24,31.14,0.0,12.49
2024-05-04,Delhi,24,30.67,0.0,12.45
2024-05-05,Delhi,24,30.97,0.0,16.09
2024-05-06,Delhi,24,32.62,0.0,12.65
2024-05-07,Delhi,24,33.44,0.0,11.76
2024-05-08,Delhi,24,34.7,0.0,12.43
2024-05-09,Delhi,24,36.18,0.0,12.3
2024-05-10,Delhi,24,33.79,0.0,9.53
2024-05-11,Delhi,24,34.18,0.0,11.91
2024-05-12,Delhi,24,34.24,0.0,11.43
2024-05-13,Delhi,24,32.68,0.0,10.52
2024-05-14,Delhi,24,31.58,0.0,5.96
2024-05-15,Delhi,24,35.29,0.0,9.81
2024-05-16,Delhi,24,35.86,0.0,13.39
2024-05-17,Delhi,24,34.68,0.0,9.84
2024-05-18,Delhi,24,33.1,0.0,9.91
2024-05-19,Delhi,24,32.63,0.0,9.39
2024-05-20,Delhi,24,33.51,0.0,12.35
2024-05-21,Delhi,24,31.77,0.0,10.8
2024-05-22,Delhi,24,33.33,0.0,12.72
2024-05-23,Delhi,24,33.36,0.0,11.23
2024-05-24,Delhi,24,32.64,0.0,6.42
2024-05-25,Delhi,24,32.96,0.0,13.08
2024-05-26,Delhi,24,29.76,0.0,12.09
2024-05-27,Delhi,24,32.2,0.0,9.93
2024-05-28,Delhi,24,31.89,0.0,13.82
2024-05-29,Delhi,24,31.95,0.0,11.46
2024-05-30,Delhi,24,33.33,0.0,11.88
2024-05-31,Delhi,24,34.53,0.0,9.02
2024-06-01,Delhi,24,34.12,0.0,14.64
2024-06-02,Delhi,24,34.18,8.2,9.83
2024-06-03,Delhi,24,32.99,0.0,13.62
2024-06-04,Delhi,24,32.65,0.0,13.87
2024-06-05,Delhi,24,30.72,0.0,18.24
2024-06-06,Delhi,24,33.61,0.0,14.71
2024-06-07,Delhi,24,37.45,0.0,14.98
2024-06-08,Delhi,24,39.45,0.0,11.53
2024-06-09,Delhi,24,36.81,0.0,14.12
2024-06-10,Delhi,24,33.72,0.0,14.3
2024-06-11,Delhi,24,32.77,0.0,16.93
2024-06-12,Delhi,24,34.87,0.0,17.25
2024-06-13,Delhi,24,32.69,0.0,15.28
2024-06-14,Delhi,24,35.65,0.0,11.3
2024-06-15,Delhi,24,31.17,1.94,14.21
2024-06-16,Delhi,24,32.35,0.0,13.91
2024-06-17,Delhi,24,32.75,0.0,13.0
2024-06-18,Delhi,24,31.77,0.0,8.08
2024-06-19,Delhi,24,32.9,0.0,12.66
2024-06-20,Delhi,24,32.7,0.0,11.44
2024-06-21,Delhi,24,32.69,0.0,11.44
2024-06-22,Delhi,24,36.19,0.0,14.83
2024-06-23,Delhi,24,35.47,1.92,11.79
2024-06-24,Delhi,24,37.15,0.0,9.26
2024-06-25,Delhi,24,33.05,0.0,13.39
2024-06-26,Delhi,24,36.39,0.0,13.18
2024-06-27,Delhi,24,38.14,0.0,9.62
2024-06-28,Delhi,24,33.86,3.88,13.8
2024-06-29,Delhi,24,35.57,6.17,13.87
2024-06-30,Delhi,24,34.24,2.48,12.32
2024-07-01,Delhi,24,30.46,28.2,12.97
2024-07-02,Delhi,24,31.9,4.71,11.66
2024-07-03,Delhi,24,32.67,40.83,14.65
2024-07-04,Delhi,24,33.15,54.95,17.79
2024-07-05,Delhi,24,32.97,5.3,12.06
2024-07-06,Delhi,24,33.03,4.94,11.05
2024-07-07,Delhi,24,33.31,0.0,12.65
2024-07-08,Delhi,24,31.5,0.0,11.76
2024-07-09,Delhi,24,32.5,0.0,13.01
2024-07-10,Delhi,24,33.27,0.0,12.11
2024-07-11,Delhi,24,34.05,10.06,12.96
2024-07-12,Delhi,24,33.71,8.68,10.04
2024-07-13,Delhi,24,30.73,14.4,11.86
2024-07-14,Delhi,24,30.42,3.55,9.28
2024-07-15,Delhi,24,31.42,0.0,11.83
2024-07-16,Delhi,24,33.33,0.0,11.62
2024-07-17,Delhi,24,30.8,0.0,16.76
2024-07-18,Delhi,24,31.6,0.0,11.0
2024-07-19,Delhi,24,29.74,0.0,13.44
2024-07-20,Delhi,24,30.59,0.0,12.87
2024-07-21,Delhi,24,29.48,0.0,10.93
2024-07-22,Delhi,24,30.76,5.7,14.74
2024-07-23,Delhi,24,31.01,9.32,6.93
2024-07-24,Delhi,24,31.05,1.55,9.59
2024-07-25,Delhi,24,30.9,19.75,12.77
2024-07-26,Delhi,24,29.17,5.34,10.08
2024-07-27,Delhi,24,28.91,0.78,11.79
2024-07-28,Delhi,24,29.48,3.48,14.63
2024-07-29,Delhi,24,30.42,11.16,13.99
2024-07-30,Delhi,24,29.64,10.65,12.41
2024-07-31,Delhi,24,29.98,4.22,11.94
2024-08-01,Delhi,24,30.08,11.04,11.96
2024-08-02,Delhi,24,29.36,7.87,9.68
2024-08-03,Delhi,24,29.85,23.98,6.34
2024-08-04,Delhi,24,31.2,1.83,7.6
2024-08-05,Delhi,24,30.8,17.5,13.71
2024-08-06,Delhi,24,31.6,6.88,11.98
2024-08-07,Delhi,24,31.76,0.0,12.3
2024-08-08,Delhi,24,30.94,6.12,8.67
2024-08-09,Delhi,24,29.73,0.0,8.12
2024-08-10,Delhi,24,30.9,12.01,12.16
2024-08-11,Delhi,24,29.84,33.78,11.37
2024-08-12,Delhi,24,29.53,4.42,11.27
2024-08-13,Delhi,24,29.82,0.0,11.26
2024-08-14,Delhi,24,30.87,0.0,10.13
2024-08-15,Delhi,24,28.95,1.93,12.14
2024-08-16,Delhi,24,30.23,26.71,19.17
2024-08-17,Delhi,24,30.08,1.37,12.04
2024-08-18,Delhi,24,30.57,10.8,14.56
2024-08-19,Delhi,24,30.73,23.89,11.11
2024-08-20,Delhi,24,31.17,13.45,18.11
2024-08-21,Delhi,24,28.92,13.98,14.91
2024-08-22,Delhi,24,29.38,0.0,13.23
2024-08-23,Delhi,24,29.89,0.0,12.9
2024-08-24,Delhi,24,28.87,0.0,10.14
2024-08-25,Delhi,24,32.5,0.0,9.95
2024-08-26,Delhi,24,31.98,0.0,8.79
2024-08-27,Delhi,24,31.83,8.6,6.12
2024-08-28,Delhi,24,31.91,3.01,11.7
2024-08-29,Delhi,24,29.7,0.54,10.13
2024-08-30,Delhi,24,29.87,5.75,3.79
2024-08-31,Delhi,24,28.34,0.97,6.0
2024-09-01,Delhi,24,26.0,0.0,6.38
2024-09-02,Delhi,24,27.8,0.0,4.03
2024-09-03,Delhi,24,28.35,11.55,4.93
2024-09-04,Delhi,24,27.18,0.0,6.06
2024-09-05,Delhi,24,26.24,0.0,6.93
2024-09-06,Delhi,24,29.62,0.0,9.04
2024-09-07,Delhi,24,29.64,0.0,5.17
2024-09-08,Delhi,24,27.31,69.78,11.6
2024-09-09,Delhi,24,29.94,0.0,11.65
2024-09-10,Delhi,24,30.13,0.0,8.76
2024-09-11,Delhi,24,30.12,19.93,9.47
2024-09-12,Delhi,24,32.36,3.0,5.25
2024-09-13,Delhi,24,32.49,0.97,5.83
2024-09-14,Delhi,24,30.68,5.3,8.82
2024-09-15,Delhi,24,30.1,0.0,7.77
2024-09-16,Delhi,24,29.51,0.0,3.96
2024-09-17,Delhi,24,29.38,0.48,4.27
2024-09-18,Delhi,24,28.25,0.0,3.79
2024-09-19,Delhi,24,32.22,0.0,17.23
2024-09-20,Delhi,24,32.43,1.35,14.55
2024-09-21,Delhi,24,31.36,22.41,15.31
2024-09-22,Delhi,24,31.21,0.0,10.4
2024-09-23,Delhi,24,29.83,0.0,12.71
2024-09-24,Delhi,24,29.62,0.0,7.36
2024-09-25,Delhi,24,29.5,0.0,9.94
2024-09-26,Delhi,24,30.68,5.28,12.39
2024-09-27,Delhi,24,29.84,5.27,9.4
2024-09-28,Delhi,24,28.69,0.0,7.15
2024-09-29,Delhi,24,28.94,36.7,13.27
2024-09-30,Delhi,24,29.64,2.61,10.42
2024-10-01,Delhi,24,25.11,0.0,5.14
2024-10-02,Delhi,24,26.41,0.0,8.88
2024-10-03,Delhi,24,27.51,0.0,9.03
2024-10-04,Delhi,24,26.67,0.0,7.44
2024-10-05,Delhi,24,27.0,0.0,8.26
2024-10-06,Delhi,24,25.65,0.0,7.41
2024-10-07,Delhi,24,24.78,0.0,6.91
2024-10-08,Delhi,24,24.44,0.0,5.27
2024-10-09,Delhi,24,24.27,0.0,6.23
2024-10-10,Delhi,24,24.48,0.0,9.0
2024-10-11,Delhi,24,24.3,0.0,4.62
2024-10-12,Delhi,24,25.64,0.0,4.15
2024-10-13,Delhi,24,25.34,0.0,5.19
2024-10-14,Delhi,24,23.61,0.0,0.24
2024-10-15,Delhi,24,26.06,0.0,3.02
2024-10-16,Delhi,24,23.9,0.0,4.51
2024-10-17,Delhi,24,26.22,0.0,6.32
2024-10-18,Delhi,24,25.35,0.0,4.8
2024-10-19,Delhi,24,25.93,0.0,5.1
2024-10-20,Delhi,24,24.7,0.0,3.61
2024-10-21,Delhi,24,22.96,0.0,5.74
2024-10-22,Delhi,24,23.35,0.0,4.18
2024-10-23,Delhi,24,23.54,0.0,6.9
2024-10-24,Delhi,24,24.74,0.0,5.83
2024-10-25,Delhi,24,26.24,0.0,6.7
2024-10-26,Delhi,24,26.01,0.0,7.37
2024-10-27,Delhi,24,23.37,0.0,9.4
2024-10-28,Delhi,24,26.45,0.0,8.46
2024-10-29,Delhi,24,28.35,0.0,3.81
2024-10-30,Delhi,24,26.68,0.0,6.21
2024-10-31,Delhi,24,27.83,0.0,2.37
2024-11-01,Delhi,24,19.23,0.0,3.51
2024-11-02,Delhi,24,18.62,0.0,5.62
2024-11-03,Delhi,24,19.47,0.0,6.77
2024-11-04,Delhi,24,19.67,0.0,3.55
2024-11-05,Delhi,24,22.28,0.0,4.42
2024-11-06,Delhi,24,19.48,0.0,2.66
2024-11-07,Delhi,24,18.33,0.0,4.66
2024-11-08,Delhi,24,21.27,0.0,5.9
2024-11-09,Delhi,24,18.35,0.0,7.56
2024-11-10,Delhi,24,23.12,0.0,7.36
2024-11-11,Delhi,24,21.06,0.0,4.3
2024-11-12,Delhi,24,19.98,0.0,2.86
2024-11-13,Delhi,24,19.84,0.0,0.0
2024-11-14,Delhi,24,20.65,0.0,4.06
2024-11-15,Delhi,24,18.39,0.0,6.3
2024-11-16,Delhi,24,20.58,0.0,7.9
2024-11-17,Delhi,24,20.21,0.0,5.22
2024-11-18,Delhi,24,19.57,0.0,4.99
2024-11-19,Delhi,24,19.38,0.0,8.12
2024-11-20,Delhi,24,20.6,0.0,7.36
2024-11-21,Delhi,24,20.24,0.0,3.08
2024-11-22,Delhi,24,17.67,0.0,3.39
2024-11-23,Delhi,24,18.9,0.0,1.32
2024-11-24,Delhi,24,17.53,0.0,5.65
2024-11-25,Delhi,24,18.16,0.0,5.07
2024-11-26,Delhi,24,16.89,0.0,4.78
2024-11-27,Delhi,24,18.2,0.0,4.68
2024-11-28,Delhi,24,18.61,0.0,3.58
2024-11-29,Delhi,24,19.97,0.0,0.0
2024-11-30,Delhi,24,17.87,0.0,5.14
2024-12-01,Delhi,24,14.62,0.0,6.65
2024-12-02,Delhi,24,14.83,0.0,9.71
2024-12-03,Delhi,24,14.61,0.0,4.69
2024-12-04,Delhi,24,15.05,0.0,2.53
2024-12-05,Delhi,24,15.45,0.0,5.64
2024-12-06,Delhi,24,13.36,0.0,5.1
2024-12-07,Delhi,24,12.86,0.0,3.49
2024-12-08,Delhi,24,14.8,0.0,3.46
2024-12-09,Delhi,24,17.85,0.0,4.58
2024-12-10,Delhi,24,18.21,0.0,4.73
2024-12-11,Delhi,24,16.9,0.0,5.57
2024-12-12,Delhi,24,17.05,0.0,5.93
2024-12-13,Delhi,24,14.13,0.0,6.45
2024-12-14,Delhi,24,16.16,0.0,7.05
2024-12-15,Delhi,24,14.75,0.0,7.81
2024-12-16,Delhi,24,13.51,0.0,8.04
2024-12-17,Delhi,24,14.86,0.0,4.89
2024-12-18,Delhi,24,13.6,0.0,2.93
2024-12-19,Delhi,24,12.69,0.0,8.01
2024-12-20,Delhi,24,12.67,0.0,4.23
2024-12-21,Delhi,24,12.2,0.0,3.62
2024-12-22,Delhi,24,13.76,0.0,1.63
2024-12-23,Delhi,24,13.73,0.0,3.29
2024-12-24,Delhi,24,11.0,0.0,2.55
2024-12-25,Delhi,24,11.68,0.0,5.83
2024-12-26,Delhi,24,15.29,0.0,8.57
2024-12-27,Delhi,24,14.25,0.0,9.42
2024-12-28,Delhi,24,14.09,0.0,5.44
2024-12-29,Delhi,24,13.57,0.0,4.14
2024-12-30,Delhi,24,14.16,0.0,8.04
2024-12-31,Delhi,24,14.41,0.0,6.74
2025-01-01,Delhi,24,12.54,0.0,6.28
2025-01-02,Delhi,24,15.37,0.0,8.2
2025-01-03,Delhi,24,14.49,0.0,7.19
2025-01-04,Delhi,24,16.59,0.0,7.13
2025-01-05,Delhi,24,15.56,0.0,5.16
2025-01-06,Delhi,24,15.5,0.0,2.4
2025-01-07,Delhi,24,13.92,0.0,4.71
2025-01-08,Delhi,24,13.96,0.0,8.98
2025-01-09,Delhi,24,13.98,0.0,6.86
2025-01-10,Delhi,24,11.62,0.0,8.82
2025-01-11,Delhi,24,9.98,0.0,7.31
2025-01-12,Delhi,24,11.66,0.0,6.27
2025-01-13,Delhi,24,10.76,0.0,4.46
2025-01-14,Delhi,24,8.76,0.0,8.13
2025-01-15,Delhi,24,12.97,0.0,7.16
2025-01-16,Delhi,24,12.34,0.0,8.79
2025-01-17,Delhi,24,10.99,0.0,8.6
2025-01-18,Delhi,24,10.89,31.21,12.48
2025-01-19,Delhi,24,14.88,0.0,9.5
2025-01-20,Delhi,24,14.38,0.0,8.64
2025-01-21,Delhi,24,13.42,0.0,8.23
2025-01-22,Delhi,24,13.71,0.0,8.61
2025-01-23,Delhi,24,9.88,0.0,6.72
2025-01-24,Delhi,24,10.44,0.0,7.81
2025-01-25,Delhi,24,10.52,0.0,9.03
2025-01-26,Delhi,24,10.22,0.0,8.34
2025-01-27,Delhi,24,9.29,0.0,9.86
2025-01-28,Delhi,24,11.72,0.0,5.05
2025-01-29,Delhi,24,9.54,0.0,5.6
2025-01-30,Delhi,24,11.72,0.0,6.22
2025-01-31,Delhi,24,11.23,0.0,6.74
2025-02-01,Delhi,24,15.4,23.86,9.72
2025-02-02,Delhi,24,16.54,3.09,6.96
2025-02-03,Delhi,24,15.47,0.0,4.43
2025-02-04,Delhi,24,17.49,0.0,6.93
2025-02-05,Delhi,24,19.95,0.0,3.06
2025-02-06,Delhi,24,16.82,0.0,4.12
2025-02-07,Delhi,24,18.79,0.0,7.95
2025-02-08,Delhi,24,16.55,0.0,10.85
2025-02-09,Delhi,24,17.43,0.0,7.58
2025-02-10,Delhi,24,18.29,0.0,7.35
2025-02-11,Delhi,24,17.99,0.0,10.27
2025-02-12,Delhi,24,18.69,0.0,6.37
2025-02-13,Delhi,24,18.25,0.0,6.05
2025-02-14,Delhi,24,16.34,0.0,6.49
2025-02-15,Delhi,24,15.83,0.0,6.87
2025-02-16,Delhi,24,15.72,0.0,10.58
2025-02-17,Delhi,24,14.64,0.0,6.66
2025-02-18,Delhi,24,16.76,0.0,9.77
2025-02-19,Delhi,24,15.52,0.0,6.22
2025-02-20,Delhi,24,15.03,0.0,8.85
2025-02-21,Delhi,24,14.63,0.0,9.45
2025-02-22,Delhi,24,19.11,0.0,8.59
2025-02-23,Delhi,24,17.36,2.13,11.42
2025-02-24,Delhi,24,17.36,0.0,7.39
2025-02-25,Delhi,24,15.82,0.0,6.99
2025-02-26,Delhi,24,17.47,0.0,8.04
2025-02-27,Delhi,24,19.46,0.0,10.16
2025-02-28,Delhi,24,21.39,0.0,8.56
2025-03-01,Delhi,24,26.63,0.0,8.77
2025-03-02,Delhi,24,25.53,0.0,10.9
2025-03-03,Delhi,24,21.96,0.0,3.6
2025-03-04,Delhi,24,25.23,0.0,5.19
2025-03-05,Delhi,24,23.95,0.0,10.04
2025-03-06,Delhi,24,24.79,0.0,9.22
2025-03-07,Delhi,24,24.19,0.0,7.36
2025-03-08,Delhi,24,23.92,0.0,8.89
2025-03-09,Delhi,24,25.47,0.0,5.18
2025-03-10,Delhi,24,24.32,0.0,7.1
2025-03-11,Delhi,24,22.45,0.0,10.9
2025-03-12,Delhi,24,21.91,0.0,6.38
2025-03-13,Delhi,24,22.43,0.0,8.19
2025-03-14,Delhi,24,21.73,0.0,10.46
2025-03-15,Delhi,24,21.22,0.0,9.59
2025-03-16,Delhi,24,22.29,0.0,11.29
2025-03-17,Delhi,24,25.53,0.0,12.67
2025-03-18,Delhi,24,22.42,0.0,10.08
2025-03-19,Delhi,24,23.45,0.0,12.37
2025-03-20,Delhi,24,25.31,0.0,7.68
2025-03-21,Delhi,24,22.58,0.0,10.64
2025-03-22,Delhi,24,23.66,0.0,14.15
2025-03-23,Delhi,24,23.94,0.0,10.29
2025-03-24,Delhi,24,23.53,0.0,9.77
2025-03-25,Delhi,24,22.77,0.0,6.24
2025-03-26,Delhi,24,22.84,0.0,6.47
2025-03-27,Delhi,24,20.77,0.0,10.13
2025-03-28,Delhi,24,22.26,0.0,11.28
2025-03-29,Delhi,24,25.06,0.0,11.53
2025-03-30,Delhi,24,25.27,0.0,9.12
2025-03-31,Delhi,24,23.88,0.0,11.24
2025-04-01,Delhi,24,32.26,0.0,8.78
2025-04-02,Delhi,24,31.81,0.0,12.58
2025-04-03,Delhi,24,30.83,0.0,10.3
2025-04-04,Delhi,24,32.26,0.0,14.06
2025-04-05,Delhi,24,32.58,2.59,11.79
2025-04-06,Delhi,24,31.69,0.0,14.51
2025-04-07,Delhi,24,34.78,0.0,6.08
2025-04-08,Delhi,24,31.15,0.0,8.75
2025-04-09,Delhi,24,32.19,0.0,7.52
2025-04-10,Delhi,24,32.71,0.0,8.77
2025-04-11,Delhi,24,30.81,0.0,11.85
2025-04-12,Delhi,24,30.07,0.0,6.88
2025-04-13,Delhi,24,29.01,0.0,11.25
2025-04-14,Delhi,24,29.44,12.98,15.69
2025-04-15,Delhi,24,30.89,0.0,10.12
2025-04-16,Delhi,24,32.58,0.0,13.41
2025-04-17,Delhi,24,34.7,0.0,8.26
2025-04-18,Delhi,24,34.22,0.0,12.48
2025-04-19,Delhi,24,34.63,0.0,12.09
2025-04-20,Delhi,24,32.42,0.0,9.92
2025-04-21,Delhi,24,31.95,0.0,5.95
2025-04-22,Delhi,24,31.34,0.0,10.2
2025-04-23,Delhi,24,30.78,0.0,12.34
2025-04-24,Delhi,24,31.78,0.0,7.54
2025-04-25,Delhi,24,32.57,0.0,10.8
2025-04-26,Delhi,24,31.79,0.0,7.38
2025-04-27,Delhi,24,32.29,0.0,10.79
2025-04-28,Delhi,24,32.56,0.0,8.05
2025-04-29,Delhi,24,28.56,0.0,10.92
2025-04-30,Delhi,24,29.17,0.0,12.27
2025-05-01,Delhi,24,33.95,0.0,11.58
2025-05-02,Delhi,24,34.12,0.0,11.62
2025-05-03,Delhi,24,32.35,0.0,13.06
2025-05-04,Delhi,24,32.78,0.0,13.47
2025-05-05,Delhi,24,32.26,0.0,15.07
2025-05-06,Delhi,24,35.7,0.0,8.45
2025-05-07,Delhi,24,35.0,0.0,10.72
2025-05-08,Delhi,24,34.11,0.0,12.69
2025-05-09,Delhi,24,34.23,0.0,15.68
2025-05-10,Delhi,24,34.45,0.0,13.64
2025-05-11,Delhi,24,32.76,0.0,17.51
2025-05-12,Delhi,24,32.6,0.0,10.99
2025-05-13,Delhi,24,32.81,0.0,13.08
2025-05-14,Delhi,24,35.42,0.0,14.73
2025-05-15,Delhi,24,33.62,0.0,16.66
2025-05-16,Delhi,24,33.17,0.0,12.91
2025-05-17,Delhi,24,32.64,0.0,13.21
2025-05-18,Delhi,24,34.05,0.0,12.45
2025-05-19,Delhi,24,31.88,0.0,10.57
2025-05-20,Delhi,24,32.79,0.0,13.3
2025-05-21,Delhi,24,35.25,0.0,12.42
2025-05-22,Delhi,24,32.65,0.0,16.13
2025-05-23,Delhi,24,31.98,0.0,13.8
2025-05-24,Delhi,24,33.59,0.0,15.41
2025-05-25,Delhi,24,35.95,0.0,12.86
2025-05-26,Delhi,24,33.29,0.0,10.81
2025-05-27,Delhi,24,32.9,0.0,10.61
2025-05-28,Delhi,24,32.27,0.0,9.57
2025-05-29,Delhi,24,33.38,8.68,14.65
2025-05-30,Delhi,24,34.75,16.11,17.17
2025-05-31,Delhi,24,34.96,0.0,15.22
2025-06-01,Delhi,24,35.65,0.0,12.25
2025-06-02,Delhi,24,36.88,0.0,14.76
2025-06-03,Delhi,24,36.66,0.0,16.6
2025-06-04,Delhi,24,34.52,21.57,17.69
2025-06-05,Delhi,24,35.95,4.29,14.4
2025-06-06,Delhi,24,37.17,6.51,15.97
2025-06-07,Delhi,24,36.5,0.0,16.87
2025-06-08,Delhi,24,34.28,0.0,15.15
2025-06-09,Delhi,24,33.05,0.0,10.69
2025-06-10,Delhi,24,35.04,4.74,16.02
2025-06-11,Delhi,24,33.7,0.0,15.48
2025-06-12,Delhi,24,35.05,0.0,16.04
2025-06-13,Delhi,24,35.05,0.0,11.46
2025-06-14,Delhi,24,33.94,0.0,16.34
2025-06-15,Delhi,24,31.95,0.0,14.03
2025-06-16,Delhi,24,32.1,0.0,14.04
2025-06-17,Delhi,24,30.46,0.0,15.01
2025-06-18,Delhi,24,29.12,0.0,14.01
2025-06-19,Delhi,24,30.06,25.56,16.85
2025-06-20,Delhi,24,29.91,16.12,15.47
2025-06-21,Delhi,24,32.8,0.0,12.22
2025-06-22,Delhi,24,32.55,7.91,10.61
2025-06-23,Delhi,24,33.26,0.0,11.48
2025-06-24,Delhi,24,33.78,1.7,11.29
2025-06-25,Delhi,24,32.33,2.1,13.22
2025-06-26,Delhi,24,33.18,0.0,14.22
2025-06-27,Delhi,24,35.0,3.15,12.63
2025-06-28,Delhi,24,34.89,4.09,12.32
2025-06-29,Delhi,24,36.35,0.0,13.2
2025-06-30,Delhi,24,35.36,16.8,11.47
2025-07-01,Delhi,24,29.7,0.0,8.56
2025-07-02,Delhi,24,30.17,0.0,11.75
2025-07-03,Delhi,24,32.67,0.0,14.0
2025-07-04,Delhi,24,31.82,0.0,10.7
2025-07-05,Delhi,24,34.66,0.0,8.96
2025-07-06,Delhi,24,33.48,0.0,6.95
2025-07-07,Delhi,24,32.26,0.0,12.48
2025-07-08,Delhi,24,33.1,41.27,13.3
2025-07-09,Delhi,24,30.16,5.2,14.21
2025-07-10,Delhi,24,31.17,1.38,11.9
2025-07-11,Delhi,24,30.36,3.49,14.76
2025-07-12,Delhi,24,30.49,16.57,16.78
2025-07-13,Delhi,24,31.5,0.0,9.57
2025-07-14,Delhi,24,32.21,0.0,7.14
2025-07-15,Delhi,24,31.27,0.0,10.17
2025-07-16,Delhi,24,30.93,0.0,7.33
2025-07-17,Delhi,24,32.56,0.0,11.11
2025-07-18,Delhi,24,31.74,0.0,12.01
2025-07-19,Delhi,24,30.88,0.0,12.72
2025-07-20,Delhi,24,32.43,21.03,11.46
2025-07-21,Delhi,24,29.6,3.14,12.98
2025-07-22,Delhi,24,33.24,5.06,12.05
2025-07-23,Delhi,24,33.59,7.57,10.05
2025-07-24,Delhi,24,33.31,4.87,14.16
2025-07-25,Delhi,24,31.37,4.22,9.63
2025-07-26,Delhi,24,32.03,2.89,16.92
2025-07-27,Delhi,24,30.31,30.81,14.29
2025-07-28,Delhi,24,31.33,6.6,11.27
2025-07-29,Delhi,24,33.94,0.0,16.01
2025-07-30,Delhi,24,32.06,1.76,15.4
2025-07-31,Delhi,24,32.59,18.62,21.55
2025-08-01,Delhi,24,31.88,7.58,8.88
2025-08-02,Delhi,24,30.08,10.89,14.87
2025-08-03,Delhi,24,31.12,19.99,14.28
2025-08-04,Delhi,24,30.28,10.9,14.51
2025-08-05,Delhi,24,31.65,0.0,11.67
2025-08-06,Delhi,24,32.22,0.0,9.52
2025-08-07,Delhi,24,32.65,0.0,9.63
2025-08-08,Delhi,24,31.88,5.72,9.05
2025-08-09,Delhi,24,32.07,26.43,14.74
2025-08-10,Delhi,24,31.07,6.42,11.96
2025-08-11,Delhi,24,31.15,30.71,12.72
2025-08-12,Delhi,24,29.79,14.43,8.31
2025-08-13,Delhi,24,28.04,0.74,9.63
2025-08-14,Delhi,24,30.71,11.03,10.52
2025-08-15,Delhi,24,31.92,0.96,12.52
2025-08-16,Delhi,24,28.25,0.0,11.04
2025-08-17,Delhi,24,31.69,0.0,5.78
2025-08-18,Delhi,24,30.81,0.0,8.71
2025-08-19,Delhi,24,29.87,0.0,10.15
2025-08-20,Delhi,24,29.82,0.0,12.21
2025-08-21,Delhi,24,27.8,0.0,10.91
2025-08-22,Delhi,24,28.13,1.22,9.57
2025-08-23,Delhi,24,29.83,2.29,7.99
2025-08-24,Delhi,24,29.29,8.13,8.03
2025-08-25,Delhi,24,29.6,16.86,11.37
2025-08-26,Delhi,24,29.13,0.0,11.04
2025-08-27,Delhi,24,29.35,7.1,10.58
2025-08-28,Delhi,24,30.16,20.9,9.93
2025-08-29,Delhi,24,30.43,17.03,10.6
2025-08-30,Delhi,24,29.86,5.47,15.56
2025-08-31,Delhi,24,29.13,3.63,11.67
2025-09-01,Delhi,24,30.07,9.75,11.04
2025-09-02,Delhi,24,30.36,0.0,11.5
2025-09-03,Delhi,24,30.64,5.42,11.89
2025-09-04,Delhi,24,30.26,25.61,13.76
2025-09-05,Delhi,24,29.58,3.52,9.99
2025-09-06,Delhi,24,30.38,21.85,11.41
2025-09-07,Delhi,24,28.32,25.72,16.63
2025-09-08,Delhi,24,29.61,0.0,6.08
2025-09-09,Delhi,24,30.25,0.0,4.68
2025-09-10,Delhi,24,29.31,7.38,7.73
2025-09-11,Delhi,24,29.24,4.93,11.12
2025-09-12,Delhi,24,31.58,4.52,6.73
2025-09-13,Delhi,24,27.97,0.0,1.45
2025-09-14,Delhi,24,27.29,0.0,7.58
2025-09-15,Delhi,24,27.71,0.0,7.84
2025-09-16,Delhi,24,28.78,15.63,10.99
2025-09-17,Delhi,24,30.08,0.0,8.54
2025-09-18,Delhi,24,31.81,0.0,6.41
2025-09-19,Delhi,24,32.57,0.0,10.71
2025-09-20,Delhi,24,31.08,0.0,8.6
2025-09-21,Delhi,24,31.36,3.23,5.94
2025-09-22,Delhi,24,29.46,0.0,7.52
2025-09-23,Delhi,24,29.01,0.0,8.9
2025-09-24,Delhi,24,28.23,0.0,7.67
2025-09-25,Delhi,24,29.85,0.0,7.18
2025-09-26,Delhi,24,30.58,0.0,7.19
2025-09-27,Delhi,24,27.96,0.0,9.04
2025-09-28,Delhi,24,29.7,0.0,3.69
2025-09-29,Delhi,24,27.83,0.0,9.45
2025-09-30,Delhi,24,30.22,0.0,3.71
2023-01-01,Delhi,72,14.33,0.0,5.53
2023-01-02,Delhi,72,13.19,0.0,5.03
2023-01-03,Delhi,72,14.53,9.09,6.59
2023-01-04,Delhi,72,14.9,0.0,5.25
2023-01-05,Delhi,72,11.84,0.0,3.44
2023-01-06,Delhi,72,12.55,0.0,2.32
2023-01-07,Delhi,72,13.18,0.0,7.06
2023-01-08,Delhi,72,11.09,0.0,6.82
2023-01-09,Delhi,72,14.98,0.0,8.75
2023-01-10,Delhi,72,9.87,0.0,1.59
2023-01-11,Delhi,72,11.81,0.0,6.79
2023-01-12,Delhi,72,10.42,0.0,7.1
2023-01-13,Delhi,72,14.28,0.0,10.91
2023-01-14,Delhi,72,12.81,0.0,10.91
2023-01-15,Delhi,72,14.5,0.0,13.58
2023-01-16,Delhi,72,14.23,0.0,9.52
2023-01-17,Delhi,72,15.01,0.0,2.6
2023-01-18,Delhi,72,10.91,24.7,11.85
2023-01-19,Delhi,72,15.09,23.42,9.13
2023-01-20,Delhi,72,13.94,0.0,6.7
2023-01-21,Delhi,72,13.45,0.0,10.63
2023-01-22,Delhi,72,16.72,0.0,14.22
2023-01-23,Delhi,72,16.09,0.0,9.23
2023-01-24,Delhi,72,13.76,0.0,9.56
2023-01-25,Delhi,72,13.15,0.0,13.07
2023-01-26,Delhi,72,10.89,0.0,7.83
2023-01-27,Delhi,72,11.99,0.0,3.18
2023-01-28,Delhi,72,13.97,0.0,12.08
2023-01-29,Delhi,72,18.27,0.0,8.54
2023-01-30,Delhi,72,13.01,0.0,7.17
2023-01-31,Delhi,72,15.79,0.0,6.83
2023-02-01,Delhi,72,18.6,0.0,6.2
2023-02-02,Delhi,72,18.55,0.0,6.29
2023-02-03,Delhi,72,17.05,0.0,11.77
2023-02-04,Delhi,72,17.26,0.0,7.16
2023-02-05,Delhi,72,16.07,0.0,4.86
2023-02-06,Delhi,72,19.27,0.0,2.81
2023-02-07,Delhi,72,16.67,0.0,6.26
2023-02-08,Delhi,72,16.43,0.0,8.87
2023-02-09,Delhi,72,16.76,0.0,4.5
2023-02-10,Delhi,72,15.65,0.0,2.26
2023-02-11,Delhi,72,13.81,0.0,9.73
2023-02-12,Delhi,72,18.21,0.0,7.03
2023-02-13,Delhi,72,18.05,0.0,3.9
2023-02-14,Delhi,72,15.39,0.0,8.01
2023-02-15,Delhi,72,16.41,0.0,8.89
2023-02-16,Delhi,72,16.07,0.0,8.17
2023-02-17,Delhi,72,12.79,0.0,6.37
2023-02-18,Delhi,72,15.96,0.0,9.07
2023-02-19,Delhi,72,17.8,30.44,17.29
2023-02-20,Delhi,72,20.55,0.0,10.64
2023-02-21,Delhi,72,18.04,0.0,8.58
2023-02-22,Delhi,72,15.82,0.0,8.46
2023-02-23,Delhi,72,18.07,0.0,7.92
2023-02-24,Delhi,72,15.45,0.0,5.11
2023-02-25,Delhi,72,16.64,0.0,3.79
2023-02-26,Delhi,72,16.95,0.0,11.13
2023-02-27,Delhi,72,15.46,16.42,7.32
2023-02-28,Delhi,72,16.5,0.0,10.21
2023-03-01,Delhi,72,22.79,0.0,0.75
2023-03-02,Delhi,72,24.96,0.0,2.53
2023-03-03,Delhi,72,23.9,0.0,8.5
2023-03-04,Delhi,72,20.36,0.0,7.95
2023-03-05,Delhi,72,20.16,0.0,15.49
2023-03-06,Delhi,72,21.84,0.0,9.94
2023-03-07,Delhi,72,21.76,0.0,10.78
2023-03-08,Delhi,72,18.88,0.0,5.0
2023-03-09,Delhi,72,21.8,0.0,8.15
2023-03-10,Delhi,72,23.07,0.0,11.22
2023-03-11,Delhi,72,25.46,0.0,9.88
2023-03-12,Delhi,72,23.25,0.0,7.77
2023-03-13,Delhi,72,21.16,0.0,10.06
2023-03-14,Delhi,72,24.06,0.0,6.31
2023-03-15,Delhi,72,20.83,0.0,4.92
2023-03-16,Delhi,72,23.81,0.0,9.31
2023-03-17,Delhi,72,24.15,10.59,5.87
2023-03-18,Delhi,72,24.05,27.32,15.54
2023-03-19,Delhi,72,24.94,0.0,7.32
2023-03-20,Delhi,72,24.7,0.0,12.63
2023-03-21,Delhi,72,25.02,0.0,8.74
2023-03-22,Delhi,72,24.12,0.0,13.58
2023-03-23,Delhi,72,24.96,0.0,12.66
2023-03-24,Delhi,72,22.56,0.0,10.82
2023-03-25,Delhi,72,26.56,0.0,11.24
2023-03-26,Delhi,72,21.77,0.0,10.53
2023-03-27,Delhi,72,24.35,0.0,12.64
2023-03-28,Delhi,72,22.72,0.0,8.1
2023-03-29,Delhi,72,24.51,0.0,13.41
2023-03-30,Delhi,72,25.66,25.05,15.69
2023-03-31,Delhi,72,24.32,0.0,12.07
2023-04-01,Delhi,72,31.2,0.0,10.65
2023-04-02,Delhi,72,29.06,0.0,13.34
2023-04-03,Delhi,72,28.05,0.0,12.66
2023-04-04,Delhi,72,32.09,0.0,9.66
2023-04-05,Delhi,72,28.84,0.0,4.26
2023-04-06,Delhi,72,28.79,0.0,8.79
2023-04-07,Delhi,72,29.5,0.0,4.8
2023-04-08,Delhi,72,27.07,0.0,12.03
2023-04-09,Delhi,72,30.12,0.0,4.64
2023-04-10,Delhi,72,27.96,0.0,6.44
2023-04-11,Delhi,72,31.16,0.0,4.62
2023-04-12,Delhi,72,30.6,0.0,6.45
2023-04-13,Delhi,72,29.09,0.0,4.7
2023-04-14,Delhi,72,31.44,0.0,0.83
2023-04-15,Delhi,72,28.09,0.0,6.31
2023-04-16,Delhi,72,30.18,0.0,7.44
2023-04-17,Delhi,72,28.6,0.0,7.03
2023-04-18,Delhi,72,30.91,0.0,11.83
2023-04-19,Delhi,72,32.63,0.0,9.15
2023-04-20,Delhi,72,31.58,0.0,9.44
2023-04-21,Delhi,72,29.81,0.0,12.29
2023-04-22,Delhi,72,30.03,0.0,13.61
2023-04-23,Delhi,72,32.64,0.0,15.23
2023-04-24,Delhi,72,29.66,0.0,11.03
2023-04-25,Delhi,72,29.61,0.0,9.11
2023-04-26,Delhi,72,26.98,0.0,7.81
2023-04-27,Delhi,72,30.0,0.0,8.49
2023-04-28,Delhi,72,30.38,0.0,9.85
2023-04-29,Delhi,72,31.9,0.0,8.85
2023-04-30,Delhi,72,30.83,0.0,12.31
2023-05-01,Delhi,72,36.63,0.0,17.89
2023-05-02,Delhi,72,36.77,0.0,7.03
2023-05-03,Delhi,72,33.0,0.0,9.16
2023-05-04,Delhi,72,35.3,0.0,6.8
2023-05-05,Delhi,72,34.95,0.0,11.56
2023-05-06,Delhi,72,32.18,0.0,8.13
2023-05-07,Delhi,72,33.2,0.0,12.44
2023-05-08,Delhi,72,34.5,0.0,13.14
2023-05-09,Delhi,72,33.78,0.0,13.44
2023-05-10,Delhi,72,34.0,0.0,13.27
2023-05-11,Delhi,72,33.3,0.0,11.45
2023-05-12,Delhi,72,35.37,0.0,11.41
2023-05-13,Delhi,72,35.72,0.0,13.83
2023-05-14,Delhi,72,35.71,0.0,12.27
2023-05-15,Delhi,72,36.37,20.18,16.39
2023-05-16,Delhi,72,36.11,0.0,12.99
2023-05-17,Delhi,72,34.48,0.0,13.38
2023-05-18,Delhi,72,33.71,0.0,15.96
2023-05-19,Delhi,72,31.28,0.0,9.79
2023-05-20,Delhi,72,33.99,0.0,7.25
2023-05-21,Delhi,72,32.65,0.0,12.51
2023-05-22,Delhi,72,34.04,0.0,8.7
2023-05-23,Delhi,72,36.36,0.0,8.64
2023-05-24,Delhi,72,34.06,0.0,11.25
2023-05-25,Delhi,72,33.76,0.0,9.12
2023-05-26,Delhi,72,33.05,0.0,12.11
2023-05-27,Delhi,72,32.46,0.0,12.5
2023-05-28,Delhi,72,30.65,0.0,14.09
2023-05-29,Delhi,72,32.69,0.0,8.29
2023-05-30,Delhi,72,30.14,0.0,12.67
2023-05-31,Delhi,72,32.88,0.0,13.71
2023-06-01,Delhi,72,33.34,0.0,12.47
2023-06-02,Delhi,72,34.24,0.0,9.21
2023-06-03,Delhi,72,30.37,0.0,11.78
2023-06-04,Delhi,72,31.13,0.0,12.73
2023-06-05,Delhi,72,35.6,0.0,17.15
2023-06-06,Delhi,72,35.88,0.0,11.72
2023-06-07,Delhi,72,37.11,0.0,11.65
2023-06-08,Delhi,72,35.13,0.0,8.66
2023-06-09,Delhi,72,36.16,0.0,9.08
2023-06-10,Delhi,72,36.12,0.0,10.89
2023-06-11,Delhi,72,34.64,0.0,13.92
2023-06-12,Delhi,72,35.61,0.0,11.06
2023-06-13,Delhi,72,34.8,0.0,12.7
2023-06-14,Delhi,72,36.08,4.21,17.72
2023-06-15,Delhi,72,32.48,0.0,8.77
2023-06-16,Delhi,72,39.31,0.0,6.69
2023-06-17,Delhi,72,35.04,0.0,10.44
2023-06-18,Delhi,72,33.64,0.0,9.49
2023-06-19,Delhi,72,33.72,0.0,14.01
2023-06-20,Delhi,72,32.78,0.0,12.51
2023-06-21,Delhi,72,34.16,0.0,12.45
2023-06-22,Delhi,72,35.12,0.0,13.94
2023-06-23,Delhi,72,35.7,33.11,20.12
2023-06-24,Delhi,72,34.08,1.63,15.37
2023-06-25,Delhi,72,31.14,0.0,11.58
2023-06-26,Delhi,72,29.58,3.14,16.75
2023-06-27,Delhi,72,32.3,0.0,15.68
2023-06-28,Delhi,72,33.62,0.0,15.6
2023-06-29,Delhi,72,32.89,0.0,20.28
2023-06-30,Delhi,72,33.52,0.0,10.57
2023-07-01,Delhi,72,28.83,18.87,13.33
2023-07-02,Delhi,72,31.07,8.9,12.59
2023-07-03,Delhi,72,30.25,0.0,9.35
2023-07-04,Delhi,72,26.73,0.0,11.7
2023-07-05,Delhi,72,33.11,0.37,13.24
2023-07-06,Delhi,72,31.51,0.0,14.04
2023-07-07,Delhi,72,32.66,5.05,14.02
2023-07-08,Delhi,72,32.54,22.76,16.39
2023-07-09,Delhi,72,30.2,0.0,20.67
2023-07-10,Delhi,72,34.46,41.71,19.82
2023-07-11,Delhi,72,33.28,3.5,8.72
2023-07-12,Delhi,72,30.47,0.0,11.93
2023-07-13,Delhi,72,28.33,3.13,9.72
2023-07-14,Delhi,72,31.95,0.0,14.65
2023-07-15,Delhi,72,28.49,12.73,12.1
2023-07-16,Delhi,72,29.61,0.6,10.74
2023-07-17,Delhi,72,31.05,13.85,12.92
2023-07-18,Delhi,72,32.97,0.0,10.51
2023-07-19,Delhi,72,33.82,7.07,13.2
2023-07-20,Delhi,72,35.93,15.52,10.89
2023-07-21,Delhi,72,30.82,7.49,8.56
2023-07-22,Delhi,72,31.6,0.0,10.02
2023-07-23,Delhi,72,33.85,0.0,9.81
2023-07-24,Delhi,72,32.84,0.0,9.76
2023-07-25,Delhi,72,34.93,0.0,4.08
2023-07-26,Delhi,72,32.41,0.0,11.69
2023-07-27,Delhi,72,32.84,0.0,8.72
2023-07-28,Delhi,72,31.19,0.0,11.44
2023-07-29,Delhi,72,29.91,0.0,6.37
2023-07-30,Delhi,72,31.96,7.07,12.0
2023-07-31,Delhi,72,31.88,19.88,15.27
2023-08-01,Delhi,72,27.5,32.26,12.36
2023-08-02,Delhi,72,31.83,55.04,17.62
2023-08-03,Delhi,72,28.98,7.25,5.78
2023-08-04,Delhi,72,28.15,3.75,12.43
2023-08-05,Delhi,72,31.79,0.0,6.26
2023-08-06,Delhi,72,33.32,0.95,10.0
2023-08-07,Delhi,72,32.49,3.97,11.48
2023-08-08,Delhi,72,31.6,12.76,18.53
2023-08-09,Delhi,72,32.56,4.47,14.43
2023-08-10,Delhi,72,30.72,26.83,16.21
2023-08-11,Delhi,72,32.36,9.88,17.08
2023-08-12,Delhi,72,31.57,4.93,12.57
2023-08-13,Delhi,72,31.15,1.02,14.27
2023-08-14,Delhi,72,32.31,22.96,15.76
2023-08-15,Delhi,72,34.21,5.12,12.07
2023-08-16,Delhi,72,29.76,11.82,15.48
2023-08-17,Delhi,72,30.18,7.79,12.4
2023-08-18,Delhi,72,31.47,4.99,9.02
2023-08-19,Delhi,72,34.15,13.84,15.24
2023-08-20,Delhi,72,29.56,0.0,13.92
2023-08-21,Delhi,72,30.47,10.12,10.81
2023-08-22,Delhi,72,29.44,0.52,6.78
2023-08-23,Delhi,72,28.63,77.64,11.89
2023-08-24,Delhi,72,30.19,0.0,0.59
2023-08-25,Delhi,72,29.54,0.0,3.89
2023-08-26,Delhi,72,29.05,0.0,13.96
2023-08-27,Delhi,72,28.8,13.61,5.48
2023-08-28,Delhi,72,28.69,1.37,7.49
2023-08-29,Delhi,72,28.63,51.86,13.44
2023-08-30,Delhi,72,26.71,10.15,14.1
2023-08-31,Delhi,72,27.38,43.26,17.47
2023-09-01,Delhi,72,25.57,16.22,17.61
2023-09-02,Delhi,72,26.01,19.48,13.7
2023-09-03,Delhi,72,28.6,4.45,8.57
2023-09-04,Delhi,72,28.26,0.0,6.98
2023-09-05,Delhi,72,26.78,0.0,6.17
2023-09-06,Delhi,72,31.33,0.0,7.66
2023-09-07,Delhi,72,30.99,0.0,7.3
2023-09-08,Delhi,72,30.09,0.0,6.11
2023-09-09,Delhi,72,31.43,3.52,9.11
2023-09-10,Delhi,72,34.85,12.73,6.69
2023-09-11,Delhi,72,30.98,0.0,12.7
2023-09-12,Delhi,72,28.78,27.69,13.99
2023-09-13,Delhi,72,31.07,0.0,4.93
2023-09-14,Delhi,72,29.97,0.0,6.41
2023-09-15,Delhi,72,32.15,0.0,3.09
2023-09-16,Delhi,72,31.65,0.0,3.67
2023-09-17,Delhi,72,32.82,0.0,6.5
2023-09-18,Delhi,72,30.43,0.0,7.08
2023-09-19,Delhi,72,27.99,0.0,4.72
2023-09-20,Delhi,72,31.21,5.5,8.38
2023-09-21,Delhi,72,29.8,0.0,8.15
2023-09-22,Delhi,72,28.88,0.0,3.8
2023-09-23,Delhi,72,28.56,0.0,6.39
2023-09-24,Delhi,72,30.97,0.0,13.13
2023-09-25,Delhi,72,30.86,0.0,10.8
2023-09-26,Delhi,72,33.41,2.19,11.2
2023-09-27,Delhi,72,27.84,0.0,7.55
2023-09-28,Delhi,72,29.22,0.0,8.2
2023-09-29,Delhi,72,29.19,2.12,6.93
2023-09-30,Delhi,72,32.17,25.14,3.69
2023-10-01,Delhi,72,26.54,0.0,6.16
2023-10-02,Delhi,72,26.38,0.0,10.8
2023-10-03,Delhi,72,26.78,0.0,7.93
2023-10-04,Delhi,72,24.28,0.0,2.11
2023-10-05,Delhi,72,26.75,0.0,7.52
2023-10-06,Delhi,72,25.61,0.0,4.53
2023-10-07,Delhi,72,21.91,0.0,3.13
2023-10-08,Delhi,72,23.01,0.0,0.0
2023-10-09,Delhi,72,29.06,0.0,8.76
2023-10-10,Delhi,72,26.48,0.0,1.88
2023-10-11,Delhi,72,27.99,217.08,24.08
2023-10-12,Delhi,72,24.51,0.0,2.41
2023-10-13,Delhi,72,24.46,0.0,7.01
2023-10-14,Delhi,72,25.73,0.0,10.66
2023-10-15,Delhi,72,25.31,0.0,9.14
2023-10-16,Delhi,72,24.04,0.0,4.34
2023-10-17,Delhi,72,24.04,0.0,8.35
2023-10-18,Delhi,72,23.87,0.0,8.91
2023-10-19,Delhi,72,22.53,0.0,8.28
2023-10-20,Delhi,72,23.1,0.0,3.3
2023-10-21,Delhi,72,22.05,0.0,7.08
2023-10-22,Delhi,72,21.95,0.0,6.99
2023-10-23,Delhi,72,19.58,0.0,9.35
2023-10-24,Delhi,72,20.7,0.0,6.14
2023-10-25,Delhi,72,22.23,0.0,8.33
2023-10-26,Delhi,72,22.05,0.0,9.83
2023-10-27,Delhi,72,21.27,0.0,5.45
2023-10-28,Delhi,72,22.8,0.0,0.77
2023-10-29,Delhi,72,25.61,0.0,5.94
2023-10-30,Delhi,72,25.05,0.0,6.37
2023-10-31,Delhi,72,26.18,0.0,8.61
2023-11-01,Delhi,72,20.78,0.0,1.5
2023-11-02,Delhi,72,20.78,0.0,0.0
2023-11-03,Delhi,72,16.99,0.0,5.41
2023-11-04,Delhi,72,21.3,0.0,5.36
2023-11-05,Delhi,72,20.58,0.0,2.33
2023-11-06,Delhi,72,15.2,0.0,5.73
2023-11-07,Delhi,72,17.59,0.0,4.7
2023-11-08,Delhi,72,16.55,0.0,9.67
2023-11-09,Delhi,72,14.95,0.0,2.19
2023-11-10,Delhi,72,14.0,0.0,5.7
2023-11-11,Delhi,72,17.82,0.0,4.67
2023-11-12,Delhi,72,18.47,0.0,5.95
2023-11-13,Delhi,72,18.44,0.0,1.45
2023-11-14,Delhi,72,18.87,0.0,1.9
2023-11-15,Delhi,72,19.43,0.0,5.15
2023-11-16,Delhi,72,21.17,0.0,3.57
2023-11-17,Delhi,72,17.31,0.0,0.0
2023-11-18,Delhi,72,17.31,0.0,0.0
2023-11-19,Delhi,72,19.78,0.0,8.19
2023-11-20,Delhi,72,17.95,0.0,5.68
2023-11-21,Delhi,72,18.62,0.0,5.77
2023-11-22,Delhi,72,18.69,0.0,9.69
2023-11-23,Delhi,72,18.56,0.0,14.52
2023-11-24,Delhi,72,16.66,0.0,10.34
2023-11-25,Delhi,72,19.17,0.0,18.01
2023-11-26,Delhi,72,17.83,0.0,10.22
2023-11-27,Delhi,72,17.99,0.0,3.54
2023-11-28,Delhi,72,19.4,0.0,8.22
2023-11-29,Delhi,72,17.0,0.0,8.05
2023-11-30,Delhi,72,19.49,0.0,11.96
2023-12-01,Delhi,72,15.17,0.0,10.18
2023-12-02,Delhi,72,19.4,0.0,7.68
2023-12-03,Delhi,72,19.04,0.0,2.49
2023-12-04,Delhi,72,15.38,0.0,0.46
2023-12-05,Delhi,72,14.74,0.0,2.68
2023-12-06,Delhi,72,13.33,0.0,5.15
2023-12-07,Delhi,72,14.94,0.0,7.32
2023-12-08,Delhi,72,12.58,0.0,8.41
2023-12-09,Delhi,72,14.53,0.0,7.9
2023-12-10,Delhi,72,15.43,0.0,7.98
2023-12-11,Delhi,72,14.58,0.0,10.11
2023-12-12,Delhi,72,11.42,0.0,4.12
2023-12-13,Delhi,72,14.38,0.0,2.22
2023-12-14,Delhi,72,13.94,0.0,9.65
2023-12-15,Delhi,72,11.25,0.0,6.67
2023-12-16,Delhi,72,13.84,0.0,9.33
2023-12-17,Delhi,72,14.09,9.56,7.27
2023-12-18,Delhi,72,17.67,0.0,8.22
2023-12-19,Delhi,72,15.83,0.0,8.75
2023-12-20,Delhi,72,16.84,0.0,3.99
2023-12-21,Delhi,72,19.05,0.0,9.7
2023-12-22,Delhi,72,14.35,0.0,7.12
2023-12-23,Delhi,72,14.42,0.0,3.43
2023-12-24,Delhi,72,17.69,0.0,4.38
2023-12-25,Delhi,72,16.85,0.0,5.02
2023-12-26,Delhi,72,15.55,0.0,5.06
2023-12-27,Delhi,72,15.34,0.0,3.63
2023-12-28,Delhi,72,14.02,0.0,4.34
2023-12-29,Delhi,72,16.45,2.62,5.58
2023-12-30,Delhi,72,15.51,0.0,8.15
2023-12-31,Delhi,72,14.7,0.0,7.09
2024-01-01,Delhi,72,16.89,0.0,4.79
2024-01-02,Delhi,72,13.89,0.0,5.79
2024-01-03,Delhi,72,12.88,0.0,12.13
2024-01-04,Delhi,72,11.67,0.0,4.99
2024-01-05,Delhi,72,12.08,0.0,7.36
2024-01-06,Delhi,72,13.3,0.0,10.23
2024-01-07,Delhi,72,10.8,0.0,7.48
2024-01-08,Delhi,72,11.29,0.0,4.86
2024-01-09,Delhi,72,11.53,0.0,9.56
2024-01-10,Delhi,72,12.42,0.0,7.24
2024-01-11,Delhi,72,11.98,0.0,9.92
2024-01-12,Delhi,72,11.2,0.0,6.39
2024-01-13,Delhi,72,12.68,0.0,6.45
2024-01-14,Delhi,72,8.91,0.0,4.1
2024-01-15,Delhi,72,13.25,0.0,3.41
2024-01-16,Delhi,72,14.5,0.0,3.39
2024-01-17,Delhi,72,13.15,0.0,3.62
2024-01-18,Delhi,72,15.46,0.0,8.75
2024-01-19,Delhi,72,11.2,0.0,4.6
2024-01-20,Delhi,72,13.87,0.0,7.5
2024-01-21,Delhi,72,12.51,0.0,11.11
2024-01-22,Delhi,72,11.46,0.0,8.92
2024-01-23,Delhi,72,12.45,0.0,8.56
2024-01-24,Delhi,72,15.04,0.0,1.23
2024-01-25,Delhi,72,12.65,0.0,10.5
2024-01-26,Delhi,72,11.55,0.0,5.61
2024-01-27,Delhi,72,11.2,0.0,1.75
2024-01-28,Delhi,72,10.39,0.0,0.85
2024-01-29,Delhi,72,8.39,0.0,4.55
2024-01-30,Delhi,72,14.8,0.0,6.55
2024-01-31,Delhi,72,14.23,0.0,8.08
2024-02-01,Delhi,72,20.18,0.0,12.15
2024-02-02,Delhi,72,21.08,0.0,12.44
2024-02-03,Delhi,72,19.75,0.0,10.66
2024-02-04,Delhi,72,20.34,0.0,18.47
2024-02-05,Delhi,72,19.25,0.0,9.39
2024-02-06,Delhi,72,19.78,0.0,3.01
2024-02-07,Delhi,72,19.42,0.0,12.54
2024-02-08,Delhi,72,21.81,0.0,2.27
2024-02-09,Delhi,72,18.19,0.0,10.72
2024-02-10,Delhi,72,18.04,0.0,15.14
2024-02-11,Delhi,72,18.48,0.0,10.36
2024-02-12,Delhi,72,19.34,0.0,11.95
2024-02-13,Delhi,72,18.85,0.0,10.73
2024-02-14,Delhi,72,17.85,0.0,4.8
2024-02-15,Delhi,72,18.51,0.0,8.04
2024-02-16,Delhi,72,15.65,0.0,6.77
2024-02-17,Delhi,72,19.03,0.0,5.57
2024-02-18,Delhi,72,18.47,0.0,15.18
2024-02-19,Delhi,72,15.74,0.0,11.61
2024-02-20,Delhi,72,15.4,0.0,10.06
2024-02-21,Delhi,72,15.8,0.0,7.5
2024-02-22,Delhi,72,13.28,0.0,5.67
2024-02-23,Delhi,72,14.49,0.0,5.26
2024-02-24,Delhi,72,14.2,0.0,8.71
2024-02-25,Delhi,72,16.0,0.0,10.06
2024-02-26,Delhi,72,16.58,0.0,4.44
2024-02-27,Delhi,72,16.81,0.0,4.44
2024-02-28,Delhi,72,15.83,0.0,7.84
2024-02-29,Delhi,72,17.63,23.82,11.02
2024-03-01,Delhi,72,25.95,0.0,7.66
2024-03-02,Delhi,72,23.61,0.0,9.37
2024-03-03,Delhi,72,25.96,0.0,7.65
2024-03-04,Delhi,72,24.58,0.0,7.61
2024-03-05,Delhi,72,24.63,0.0,11.8
2024-03-06,Delhi,72,22.42,0.0,7.58
2024-03-07,Delhi,72,26.59,0.0,12.55
2024-03-08,Delhi,72,26.93,0.0,7.61
2024-03-09,Delhi,72,25.31,0.0,10.97
2024-03-10,Delhi,72,21.04,0.0,12.35
2024-03-11,Delhi,72,24.08,0.0,10.0
2024-03-12,Delhi,72,19.93,0.0,9.59
2024-03-13,Delhi,72,23.64,0.0,10.74
2024-03-14,Delhi,72,19.11,0.0,3.11
2024-03-15,Delhi,72,21.65,0.0,5.01
2024-03-16,Delhi,72,20.92,0.0,2.91
2024-03-17,Delhi,72,24.32,0.0,11.9
2024-03-18,Delhi,72,24.0,0.0,10.88
2024-03-19,Delhi,72,21.33,0.0,6.09
2024-03-20,Delhi,72,24.77,0.0,5.33
2024-03-21,Delhi,72,23.27,0.0,5.55
2024-03-22,Delhi,72,25.64,0.0,4.39
2024-03-23,Delhi,72,25.6,0.0,2.75
2024-03-24,Delhi,72,25.92,0.0,7.75
2024-03-25,Delhi,72,26.09,0.0,6.55
2024-03-26,Delhi,72,25.62,0.0,9.87
2024-03-27,Delhi,72,24.65,0.0,9.75
2024-03-28,Delhi,72,23.47,0.0,14.01
2024-03-29,Delhi,72,22.63,0.0,12.51
2024-03-30,Delhi,72,25.72,0.0,11.36
2024-03-31,Delhi,72,24.1,0.0,9.44
2024-04-01,Delhi,72,31.31,0.0,4.11
2024-04-02,Delhi,72,31.8,0.0,10.15
2024-04-03,Delhi,72,31.69,0.0,5.56
2024-04-04,Delhi,72,30.84,8.31,12.09
2024-04-05,Delhi,72,35.54,0.0,8.98
2024-04-06,Delhi,72,32.75,0.0,11.84
2024-04-07,Delhi,72,28.73,0.0,13.88
2024-04-08,Delhi,72,31.39,0.0,7.29
2024-04-09,Delhi,72,28.67,0.0,7.3
2024-04-10,Delhi,72,29.1,0.0,13.68
2024-04-11,Delhi,72,25.8,0.0,12.36
2024-04-12,Delhi,72,31.04,0.0,8.24
2024-04-13,Delhi,72,28.34,0.0,11.29
2024-04-14,Delhi,72,28.7,0.0,11.52
2024-04-15,Delhi,72,30.55,0.0,6.04
2024-04-16,Delhi,72,28.97,0.0,8.02
2024-04-17,Delhi,72,31.3,0.0,5.8
2024-04-18,Delhi,72,30.88,0.0,9.22
2024-04-19,Delhi,72,26.42,0.0,13.71
2024-04-20,Delhi,72,25.52,0.0,15.41
2024-04-21,Delhi,72,30.17,0.0,13.83
2024-04-22,Delhi,72,28.81,0.0,13.07
2024-04-23,Delhi,72,28.14,0.0,12.87
2024-04-24,Delhi,72,30.85,0.0,15.24
2024-04-25,Delhi,72,28.95,0.0,11.04
2024-04-26,Delhi,72,27.98,0.0,11.25
2024-04-27,Delhi,72,28.83,0.0,10.44
2024-04-28,Delhi,72,29.36,0.0,10.42
2024-04-29,Delhi,72,30.46,0.0,13.63
2024-04-30,Delhi,72,28.13,0.0,13.49
2024-05-01,Delhi,72,30.94,0.0,17.34
2024-05-02,Delhi,72,33.52,0.0,11.29
2024-05-03,Delhi,72,34.48,0.0,13.1
2024-05-04,Delhi,72,29.72,0.0,17.52
2024-05-05,Delhi,72,32.47,0.0,17.69
2024-05-06,Delhi,72,33.14,0.0,11.4
2024-05-07,Delhi,72,33.03,0.0,11.52
2024-05-08,Delhi,72,36.91,0.0,10.27
2024-05-09,Delhi,72,36.71,0.0,12.78
2024-05-10,Delhi,72,35.28,0.0,6.96
2024-05-11,Delhi,72,34.01,0.0,8.9
2024-05-12,Delhi,72,35.24,0.0,6.77
2024-05-13,Delhi,72,33.67,0.0,13.61
2024-05-14,Delhi,72,34.13,0.0,9.41
2024-05-15,Delhi,72,32.55,0.0,10.34
2024-05-16,Delhi,72,34.16,0.0,13.13
2024-05-17,Delhi,72,36.0,0.0,9.31
2024-05-18,Delhi,72,33.76,0.0,10.12
2024-05-19,Delhi,72,33.41,0.0,17.65
2024-05-20,Delhi,72,34.14,0.0,15.93
2024-05-21,Delhi,72,33.69,0.0,10.1
2024-05-22,Delhi,72,34.41,0.0,14.79
2024-05-23,Delhi,72,34.44,0.0,13.01
2024-05-24,Delhi,72,31.89,0.0,8.96
2024-05-25,Delhi,72,34.17,0.0,11.37
2024-05-26,Delhi,72,32.02,0.0,15.61
2024-05-27,Delhi,72,31.77,0.0,12.62
2024-05-28,Delhi,72,30.16,0.0,13.14
2024-05-29,Delhi,72,32.87,0.0,10.09
2024-05-30,Delhi,72,34.47,0.0,10.46
2024-05-31,Delhi,72,35.24,0.0,12.89
2024-06-01,Delhi,72,32.1,0.0,9.82
2024-06-02,Delhi,72,34.08,16.18,17.35
2024-06-03,Delhi,72,33.85,0.0,16.78
2024-06-04,Delhi,72,31.32,0.0,15.81
2024-06-05,Delhi,72,31.17,0.0,19.98
2024-06-06,Delhi,72,31.4,0.0,12.75
2024-06-07,Delhi,72,35.96,0.0,10.15
2024-06-08,Delhi,72,38.36,0.0,15.8
2024-06-09,Delhi,72,35.09,0.0,15.38
2024-06-10,Delhi,72,33.52,0.0,19.69
2024-06-11,Delhi,72,32.22,0.0,13.86
2024-06-12,Delhi,72,34.68,0.0,15.21
2024-06-13,Delhi,72,34.48,0.0,14.22
2024-06-14,Delhi,72,31.79,0.0,15.08
2024-06-15,Delhi,72,30.13,2.61,8.71
2024-06-16,Delhi,72,31.52,0.0,14.81
2024-06-17,Delhi,72,32.98,0.0,10.79
2024-06-18,Delhi,72,31.4,0.0,13.7
2024-06-19,Delhi,72,32.26,0.0,15.77
2024-06-20,Delhi,72,33.63,0.0,11.22
2024-06-21,Delhi,72,31.38,0.0,11.47
2024-06-22,Delhi,72,36.38,0.0,11.92
2024-06-23,Delhi,72,35.76,3.31,7.93
2024-06-24,Delhi,72,37.47,0.0,7.75
2024-06-25,Delhi,72,33.18,0.0,13.71
2024-06-26,Delhi,72,32.59,0.0,11.78
2024-06-27,Delhi,72,37.53,0.0,17.02
2024-06-28,Delhi,72,35.75,2.21,8.9
2024-06-29,Delhi,72,34.2,1.51,13.96
2024-06-30,Delhi,72,36.09,5.6,11.83
2024-07-01,Delhi,72,28.79,77.18,15.74
2024-07-02,Delhi,72,31.21,3.05,11.76
2024-07-03,Delhi,72,31.02,62.53,16.82
2024-07-04,Delhi,72,34.82,4.71,17.76
2024-07-05,Delhi,72,33.57,11.24,11.42
2024-07-06,Delhi,72,31.31,6.23,12.28
2024-07-07,Delhi,72,35.13,0.0,9.18
2024-07-08,Delhi,72,32.01,0.0,15.62
2024-07-09,Delhi,72,31.22,0.0,17.48
2024-07-10,Delhi,72,33.11,0.0,9.42
2024-07-11,Delhi,72,32.88,16.19,14.48
2024-07-12,Delhi,72,32.34,3.11,8.41
2024-07-13,Delhi,72,30.32,0.0,13.32
2024-07-14,Delhi,72,29.73,5.88,14.38
2024-07-15,Delhi,72,32.67,0.0,9.78
2024-07-16,Delhi,72,34.42,0.0,10.71
2024-07-17,Delhi,72,32.82,0.0,16.86
2024-07-18,Delhi,72,32.59,0.0,14.34
2024-07-19,Delhi,72,30.49,0.0,13.24
2024-07-20,Delhi,72,30.79,0.0,11.26
2024-07-21,Delhi,72,27.57,0.0,7.29
2024-07-22,Delhi,72,28.6,0.0,15.19
2024-07-23,Delhi,72,29.92,4.04,7.65
2024-07-24,Delhi,72,31.34,0.32,13.83
2024-07-25,Delhi,72,25.48,0.0,13.01
2024-07-26,Delhi,72,28.45,4.23,8.76
2024-07-27,Delhi,72,29.45,0.0,13.42
2024-07-28,Delhi,72,30.15,5.43,13.86
2024-07-29,Delhi,72,27.81,10.03,17.46
2024-07-30,Delhi,72,28.72,15.09,10.39
2024-07-31,Delhi,72,28.96,5.28,9.33
2024-08-01,Delhi,72,30.11,0.0,10.26
2024-08-02,Delhi,72,30.37,24.25,10.59
2024-08-03,Delhi,72,31.06,39.58,7.95
2024-08-04,Delhi,72,28.88,35.16,9.52
2024-08-05,Delhi,72,30.37,33.4,10.2
2024-08-06,Delhi,72,32.26,3.72,11.12
2024-08-07,Delhi,72,31.23,20.28,10.17
2024-08-08,Delhi,72,27.36,5.83,10.26
2024-08-09,Delhi,72,29.34,0.0,4.02
2024-08-10,Delhi,72,30.53,10.45,12.2
2024-08-11,Delhi,72,31.4,34.52,12.54
2024-08-12,Delhi,72,28.59,0.0,10.44
2024-08-13,Delhi,72,30.22,0.0,10.59
2024-08-14,Delhi,72,30.45,0.0,10.28
2024-08-15,Delhi,72,29.89,0.4,10.41
2024-08-16,Delhi,72,28.75,75.53,18.78
2024-08-17,Delhi,72,31.61,1.27,11.33
2024-08-18,Delhi,72,29.57,10.5,17.32
2024-08-19,Delhi,72,30.1,4.79,13.53
2024-08-20,Delhi,72,30.04,20.2,13.55
2024-08-21,Delhi,72,29.48,0.0,15.12
2024-08-22,Delhi,72,28.58,0.0,10.48
2024-08-23,Delhi,72,32.19,0.0,11.22
2024-08-24,Delhi,72,33.34,0.0,8.15
2024-08-25,Delhi,72,32.74,0.0,9.94
2024-08-26,Delhi,72,32.9,0.0,8.99
2024-08-27,Delhi,72,32.33,2.8,11.19
2024-08-28,Delhi,72,33.91,5.47,7.11
2024-08-29,Delhi,72,29.35,31.55,5.77
2024-08-30,Delhi,72,28.62,7.35,8.51
2024-08-31,Delhi,72,28.58,0.94,8.05
2024-09-01,Delhi,72,27.06,0.0,5.33
2024-09-02,Delhi,72,26.82,0.0,6.92
2024-09-03,Delhi,72,28.14,7.28,12.55
2024-09-04,Delhi,72,26.99,0.0,9.09
2024-09-05,Delhi,72,28.96,0.0,7.58
2024-09-06,Delhi,72,30.24,0.0,5.28
2024-09-07,Delhi,72,29.48,0.0,9.34
2024-09-08,Delhi,72,28.07,3.13,18.05
2024-09-09,Delhi,72,29.4,0.0,11.08
2024-09-10,Delhi,72,26.61,0.0,7.83
2024-09-11,Delhi,72,28.9,9.53,12.86
2024-09-12,Delhi,72,33.33,2.97,7.24
2024-09-13,Delhi,72,30.87,1.18,7.11
2024-09-14,Delhi,72,31.58,0.58,6.99
2024-09-15,Delhi,72,27.71,0.0,5.54
2024-09-16,Delhi,72,27.53,0.0,4.92
2024-09-17,Delhi,72,28.26,12.96,11.88
2024-09-18,Delhi,72,29.07,0.0,2.21
2024-09-19,Delhi,72,30.58,51.9,18.34
2024-09-20,Delhi,72,31.54,1.41,11.01
2024-09-21,Delhi,72,31.83,11.89,17.51
2024-09-22,Delhi,72,30.07,0.0,8.13
2024-09-23,Delhi,72,32.55,0.0,13.79
2024-09-24,Delhi,72,30.17,0.0,8.94
2024-09-25,Delhi,72,31.03,0.0,13.01
2024-09-26,Delhi,72,29.1,8.76,7.65
2024-09-27,Delhi,72,29.11,3.57,12.37
2024-09-28,Delhi,72,28.37,0.0,5.8
2024-09-29,Delhi,72,30.08,50.03,14.18
2024-09-30,Delhi,72,31.7,3.04,14.83
2024-10-01,Delhi,72,26.67,0.0,3.58
2024-10-02,Delhi,72,27.66,0.0,13.9
2024-10-03,Delhi,72,30.64,0.0,4.52
2024-10-04,Delhi,72,25.82,0.0,7.52
2024-10-05,Delhi,72,26.54,0.0,5.13
2024-10-06,Delhi,72,25.5,0.0,4.93
2024-10-07,Delhi,72,23.08,0.0,4.42
2024-10-08,Delhi,72,24.02,0.0,7.48
2024-10-09,Delhi,72,25.49,0.0,3.35
2024-10-10,Delhi,72,24.21,0.0,5.84
2024-10-11,Delhi,72,24.84,0.0,3.53
2024-10-12,Delhi,72,26.97,0.0,4.81
2024-10-13,Delhi,72,25.47,0.0,2.33
2024-10-14,Delhi,72,24.24,0.0,3.06
2024-10-15,Delhi,72,24.77,0.0,1.84
2024-10-16,Delhi,72,23.7,0.0,4.71
2024-10-17,Delhi,72,24.6,0.0,3.55
2024-10-18,Delhi,72,25.87,0.0,7.77
2024-10-19,Delhi,72,28.06,0.0,7.27
2024-10-20,Delhi,72,26.09,0.0,5.77
2024-10-21,Delhi,72,23.68,0.0,7.89
2024-10-22,Delhi,72,21.65,0.0,6.11
2024-10-23,Delhi,72,22.73,0.0,4.25
2024-10-24,Delhi,72,26.04,0.0,8.11
2024-10-25,Delhi,72,25.59,0.0,8.85
2024-10-26,Delhi,72,26.4,0.0,9.59
2024-10-27,Delhi,72,24.91,0.0,9.0
2024-10-28,Delhi,72,25.8,0.0,7.45
2024-10-29,Delhi,72,27.57,0.0,2.98
2024-10-30,Delhi,72,27.81,0.0,2.99
2024-10-31,Delhi,72,25.27,0.0,6.15
2024-11-01,Delhi,72,22.85,0.0,3.05
2024-11-02,Delhi,72,19.23,0.0,6.04
2024-11-03,Delhi,72,20.9,0.0,6.21
2024-11-04,Delhi,72,21.35,0.0,4.53
2024-11-05,Delhi,72,22.35,0.0,9.7
2024-11-06,Delhi,72,23.06,0.0,3.57
2024-11-07,Delhi,72,17.63,0.0,7.46
2024-11-08,Delhi,72,20.36,0.0,6.86
2024-11-09,Delhi,72,18.78,0.0,3.59
2024-11-10,Delhi,72,20.53,0.0,5.7
2024-11-11,Delhi,72,18.96,0.0,1.93
2024-11-12,Delhi,72,18.89,0.0,3.1
2024-11-13,Delhi,72,19.97,0.0,5.19
2024-11-14,Delhi,72,21.03,0.0,5.94
2024-11-15,Delhi,72,19.66,0.0,8.12
2024-11-16,Delhi,72,20.09,0.0,8.47
2024-11-17,Delhi,72,22.87,0.0,5.98
2024-11-18,Delhi,72,17.98,0.0,7.83
2024-11-19,Delhi,72,19.35,0.0,4.05
2024-11-20,Delhi,72,21.16,0.0,11.35
2024-11-21,Delhi,72,18.13,0.0,0.0
2024-11-22,Delhi,72,19.14,0.0,10.17
2024-11-23,Delhi,72,17.8,0.0,4.91
2024-11-24,Delhi,72,19.22,0.0,6.08
2024-11-25,Delhi,72,20.57,0.0,8.89
2024-11-26,Delhi,72,18.38,0.0,6.83
2024-11-27,Delhi,72,18.44,0.0,3.47
2024-11-28,Delhi,72,18.54,0.0,4.19
2024-11-29,Delhi,72,20.23,0.0,2.75
2024-11-30,Delhi,72,17.74,0.0,3.83
2024-12-01,Delhi,72,14.34,0.0,1.36
2024-12-02,Delhi,72,16.13,0.0,14.3
2024-12-03,Delhi,72,14.89,0.0,4.38
2024-12-04,Delhi,72,12.3,0.0,4.04
2024-12-05,Delhi,72,15.19,0.0,8.23
2024-12-06,Delhi,72,13.32,0.0,6.82
2024-12-07,Delhi,72,12.89,0.0,2.74
2024-12-08,Delhi,72,13.05,0.0,1.95
2024-12-09,Delhi,72,17.78,0.0,4.28
2024-12-10,Delhi,72,17.43,0.0,0.0
2024-12-11,Delhi,72,15.01,0.0,8.06
2024-12-12,Delhi,72,17.37,0.0,2.13
2024-12-13,Delhi,72,17.65,0.0,8.21
2024-12-14,Delhi,72,16.0,0.0,4.31
2024-12-15,Delhi,72,17.72,0.0,10.13
2024-12-16,Delhi,72,14.48,0.0,4.09
2024-12-17,Delhi,72,12.52,0.0,1.61
2024-12-18,Delhi,72,15.47,0.0,5.04
2024-12-19,Delhi,72,12.38,0.0,8.52
2024-12-20,Delhi,72,12.07,0.0,6.16
2024-12-21,Delhi,72,12.36,0.0,0.0
2024-12-22,Delhi,72,15.62,0.0,1.2
2024-12-23,Delhi,72,15.52,0.0,8.06
2024-12-24,Delhi,72,12.42,0.0,5.18
2024-12-25,Delhi,72,12.5,0.0,3.7
2024-12-26,Delhi,72,17.01,0.0,7.93
2024-12-27,Delhi,72,15.26,0.0,8.51
2024-12-28,Delhi,72,13.75,0.0,4.95
2024-12-29,Delhi,72,14.23,0.0,0.34
2024-12-30,Delhi,72,13.48,0.0,13.41
2024-12-31,Delhi,72,12.98,0.0,4.12
2025-01-01,Delhi,72,12.21,0.0,7.41
2025-01-02,Delhi,72,16.41,0.0,3.45
2025-01-03,Delhi,72,13.96,0.0,10.46
2025-01-04,Delhi,72,14.26,0.0,4.4
2025-01-05,Delhi,72,14.68,0.0,3.62
2025-01-06,Delhi,72,15.37,0.0,5.36
2025-01-07,Delhi,72,13.31,0.0,3.77
2025-01-08,Delhi,72,11.81,0.0,6.85
2025-01-09,Delhi,72,13.1,0.0,8.48
2025-01-10,Delhi,72,13.56,0.0,4.74
2025-01-11,Delhi,72,13.59,0.0,2.81
2025-01-12,Delhi,72,11.67,0.0,8.02
2025-01-13,Delhi,72,12.89,0.0,4.25
2025-01-14,Delhi,72,11.4,0.0,10.54
2025-01-15,Delhi,72,11.8,0.0,5.66
2025-01-16,Delhi,72,12.19,0.0,11.03
2025-01-17,Delhi,72,11.63,0.0,7.81
2025-01-18,Delhi,72,9.81,35.99,16.49
2025-01-19,Delhi,72,12.19,0.0,6.05
2025-01-20,Delhi,72,10.83,0.0,14.52
2025-01-21,Delhi,72,13.55,0.0,12.48
2025-01-22,Delhi,72,12.65,0.0,8.88
2025-01-23,Delhi,72,9.45,0.0,5.67
2025-01-24,Delhi,72,9.43,0.0,12.25
2025-01-25,Delhi,72,11.03,0.0,5.11
2025-01-26,Delhi,72,9.32,0.0,9.58
2025-01-27,Delhi,72,11.54,0.0,6.4
2025-01-28,Delhi,72,11.28,0.0,8.18
2025-01-29,Delhi,72,12.44,0.0,7.61
2025-01-30,Delhi,72,12.78,0.0,7.25
2025-01-31,Delhi,72,11.39,0.0,9.48
2025-02-01,Delhi,72,18.4,30.69,10.05
2025-02-02,Delhi,72,16.51,24.86,2.47
2025-02-03,Delhi,72,16.79,0.0,10.15
2025-02-04,Delhi,72,17.22,0.0,6.22
2025-02-05,Delhi,72,16.61,0.0,3.27
2025-02-06,Delhi,72,18.17,0.0,7.1
2025-02-07,Delhi,72,17.87,0.0,7.21
2025-02-08,Delhi,72,14.5,0.0,7.96
2025-02-09,Delhi,72,18.41,0.0,10.27
2025-02-10,Delhi,72,16.06,0.0,10.96
2025-02-11,Delhi,72,20.81,0.0,4.07
2025-02-12,Delhi,72,17.88,0.0,9.29
2025-02-13,Delhi,72,17.32,0.0,7.33
2025-02-14,Delhi,72,16.87,0.0,9.87
2025-02-15,Delhi,72,18.0,0.0,8.26
2025-02-16,Delhi,72,14.93,0.0,8.44
2025-02-17,Delhi,72,16.22,0.0,4.29
2025-02-18,Delhi,72,18.2,0.0,11.28
2025-02-19,Delhi,72,14.34,0.0,7.59
2025-02-20,Delhi,72,17.74,0.0,6.54
2025-02-21,Delhi,72,14.8,0.0,9.96
2025-02-22,Delhi,72,19.7,0.0,9.38
2025-02-23,Delhi,72,17.08,1.45,6.33
2025-02-24,Delhi,72,19.35,0.0,2.74
2025-02-25,Delhi,72,16.38,0.0,9.48
2025-02-26,Delhi,72,18.0,0.0,9.51
2025-02-27,Delhi,72,20.46,0.0,6.93
2025-02-28,Delhi,72,23.53,0.0,9.47
2025-03-01,Delhi,72,27.29,0.0,7.17
2025-03-02,Delhi,72,26.02,0.0,6.38
2025-03-03,Delhi,72,22.01,0.0,4.43
2025-03-04,Delhi,72,25.7,0.0,7.41
2025-03-05,Delhi,72,24.75,0.0,10.4
2025-03-06,Delhi,72,22.97,0.0,6.13
2025-03-07,Delhi,72,25.89,0.0,7.16
2025-03-08,Delhi,72,23.18,0.0,8.7
2025-03-09,Delhi,72,26.94,0.0,6.05
2025-03-10,Delhi,72,23.0,0.0,10.21
2025-03-11,Delhi,72,23.37,0.0,16.4
2025-03-12,Delhi,72,21.14,0.0,10.19
2025-03-13,Delhi,72,21.04,0.0,9.64
2025-03-14,Delhi,72,22.59,0.0,13.94
2025-03-15,Delhi,72,22.71,0.0,10.02
2025-03-16,Delhi,72,21.12,0.0,11.52
2025-03-17,Delhi,72,22.03,0.0,8.69
2025-03-18,Delhi,72,25.63,0.0,16.99
2025-03-19,Delhi,72,23.35,0.0,7.19
2025-03-20,Delhi,72,23.4,0.0,13.75
2025-03-21,Delhi,72,20.21,0.0,7.89
2025-03-22,Delhi,72,23.26,0.0,11.6
2025-03-23,Delhi,72,21.17,0.0,15.19
2025-03-24,Delhi,72,22.51,0.0,5.28
2025-03-25,Delhi,72,23.4,0.0,0.27
2025-03-26,Delhi,72,22.83,0.0,9.53
2025-03-27,Delhi,72,22.78,0.0,13.02
2025-03-28,Delhi,72,22.88,0.0,15.68
2025-03-29,Delhi,72,23.39,0.0,7.15
2025-03-30,Delhi,72,25.19,0.0,4.96
2025-03-31,Delhi,72,23.2,0.0,9.77
2025-04-01,Delhi,72,31.43,0.0,14.21
2025-04-02,Delhi,72,29.49,0.0,9.62
2025-04-03,Delhi,72,31.62,0.0,10.84
2025-04-04,Delhi,72,32.98,0.0,17.8
2025-04-05,Delhi,72,30.51,2.85,14.06
2025-04-06,Delhi,72,32.09,0.0,11.39
2025-04-07,Delhi,72,35.7,0.0,5.6
2025-04-08,Delhi,72,32.67,0.0,5.84
2025-04-09,Delhi,72,32.65,0.0,10.34
2025-04-10,Delhi,72,32.58,0.0,10.15
2025-04-11,Delhi,72,30.01,0.0,9.11
2025-04-12,Delhi,72,31.26,0.0,9.33
2025-04-13,Delhi,72,28.93,0.0,12.21
2025-04-14,Delhi,72,26.6,15.09,16.17
2025-04-15,Delhi,72,32.42,0.0,10.92
2025-04-16,Delhi,72,31.0,0.0,11.46
2025-04-17,Delhi,72,33.69,0.0,9.64
2025-04-18,Delhi,72,36.42,0.0,11.06
2025-04-19,Delhi,72,33.42,0.0,8.64
2025-04-20,Delhi,72,32.99,0.0,7.55
2025-04-21,Delhi,72,31.79,0.0,4.84
2025-04-22,Delhi,72,31.52,0.0,7.36
2025-04-23,Delhi,72,31.39,0.0,9.32
2025-04-24,Delhi,72,33.89,0.0,7.71
2025-04-25,Delhi,72,32.37,0.0,9.12
2025-04-26,Delhi,72,32.85,0.0,5.86
2025-04-27,Delhi,72,32.93,0.0,9.46
2025-04-28,Delhi,72,31.21,0.0,8.83
2025-04-29,Delhi,72,26.78,0.0,14.68
2025-04-30,Delhi,72,27.64,0.0,14.29
2025-05-01,Delhi,72,34.38,0.0,12.49
2025-05-02,Delhi,72,34.39,0.0,11.21
2025-05-03,Delhi,72,32.23,0.0,10.41
2025-05-04,Delhi,72,34.07,0.0,12.6
2025-05-05,Delhi,72,32.58,0.0,11.1
2025-05-06,Delhi,72,34.13,0.0,9.91
2025-05-07,Delhi,72,34.47,0.0,12.05
2025-05-08,Delhi,72,35.35,0.0,11.06
2025-05-09,Delhi,72,33.97,0.0,17.84
2025-05-10,Delhi,72,32.31,0.0,13.12
2025-05-11,Delhi,72,33.91,0.0,15.6
2025-05-12,Delhi,72,34.57,0.0,8.98
2025-05-13,Delhi,72,31.71,0.0,8.38
2025-05-14,Delhi,72,35.93,0.0,9.68
2025-05-15,Delhi,72,32.28,0.0,10.15
2025-05-16,Delhi,72,30.89,0.0,13.61
2025-05-17,Delhi,72,30.95,0.0,10.94
2025-05-18,Delhi,72,32.36,0.0,16.72
2025-05-19,Delhi,72,34.7,0.0,10.56
2025-05-20,Delhi,72,30.91,0.0,19.74
2025-05-21,Delhi,72,33.87,0.0,9.12
2025-05-22,Delhi,72,33.63,0.0,14.06
2025-05-23,Delhi,72,34.83,0.0,15.25
2025-05-24,Delhi,72,36.8,0.0,17.39
2025-05-25,Delhi,72,37.34,0.0,10.46
2025-05-26,Delhi,72,34.82,0.0,17.75
2025-05-27,Delhi,72,34.05,0.0,8.66
2025-05-28,Delhi,72,33.91,0.0,12.43
2025-05-29,Delhi,72,33.86,10.89,6.16
2025-05-30,Delhi,72,35.3,14.31,16.08
2025-05-31,Delhi,72,36.87,0.0,13.31
2025-06-01,Delhi,72,37.64,0.0,11.09
2025-06-02,Delhi,72,36.79,0.0,18.07
2025-06-03,Delhi,72,34.44,0.0,17.89
2025-06-04,Delhi,72,36.67,17.89,21.81
2025-06-05,Delhi,72,35.02,9.88,14.07
2025-06-06,Delhi,72,34.2,11.33,16.56
2025-06-07,Delhi,72,37.16,0.0,12.55
2025-06-08,Delhi,72,34.3,0.0,18.29
2025-06-09,Delhi,72,32.55,0.0,10.92
2025-06-10,Delhi,72,31.87,0.0,15.59
2025-06-11,Delhi,72,32.46,0.0,13.17
2025-06-12,Delhi,72,33.56,0.0,21.04
2025-06-13,Delhi,72,35.46,0.0,11.21
2025-06-14,Delhi,72,34.92,0.0,14.53
2025-06-15,Delhi,72,31.57,0.0,15.32
2025-06-16,Delhi,72,31.43,0.0,14.46
2025-06-17,Delhi,72,31.91,0.0,12.58
2025-06-18,Delhi,72,29.28,0.0,12.36
2025-06-19,Delhi,72,29.37,52.85,18.34
2025-06-20,Delhi,72,31.78,20.93,10.96
2025-06-21,Delhi,72,31.28,0.0,10.34
2025-06-22,Delhi,72,30.96,10.66,7.49
2025-06-23,Delhi,72,34.04,0.0,11.39
2025-06-24,Delhi,72,33.09,0.63,5.41
2025-06-25,Delhi,72,34.5,1.63,15.69
2025-06-26,Delhi,72,35.98,0.0,10.19
2025-06-27,Delhi,72,34.03,4.11,12.9
2025-06-28,Delhi,72,33.33,0.08,12.98
2025-06-29,Delhi,72,34.99,0.0,11.16
2025-06-30,Delhi,72,34.02,33.27,13.35
2025-07-01,Delhi,72,30.72,0.0,10.16
2025-07-02,Delhi,72,31.91,0.0,6.4
2025-07-03,Delhi,72,32.11,0.0,14.35
2025-07-04,Delhi,72,30.69,0.0,14.82
2025-07-05,Delhi,72,34.83,0.0,10.97
2025-07-06,Delhi,72,32.3,0.0,11.83
2025-07-07,Delhi,72,33.22,0.0,10.07
2025-07-08,Delhi,72,34.85,4.87,5.49
2025-07-09,Delhi,72,32.32,4.92,11.99
2025-07-10,Delhi,72,29.89,3.23,21.14
2025-07-11,Delhi,72,30.38,4.46,14.38
2025-07-12,Delhi,72,32.34,9.36,12.81
2025-07-13,Delhi,72,31.11,0.0,6.24
2025-07-14,Delhi,72,33.41,0.0,12.53
2025-07-15,Delhi,72,31.87,0.0,3.96
2025-07-16,Delhi,72,29.55,0.0,8.13
2025-07-17,Delhi,72,35.63,0.0,9.76
2025-07-18,Delhi,72,32.36,0.0,12.91
2025-07-19,Delhi,72,31.35,0.0,9.98
2025-07-20,Delhi,72,30.68,14.75,9.1
2025-07-21,Delhi,72,30.23,6.53,12.15
2025-07-22,Delhi,72,31.8,8.04,8.33
2025-07-23,Delhi,72,33.06,4.77,10.41
2025-07-24,Delhi,72,33.23,5.3,11.66
2025-07-25,Delhi,72,32.41,7.19,9.64
2025-07-26,Delhi,72,31.95,7.38,16.57
2025-07-27,Delhi,72,30.47,23.68,19.94
2025-07-28,Delhi,72,30.8,13.39,13.51
2025-07-29,Delhi,72,32.24,42.44,20.0
2025-07-30,Delhi,72,31.3,1.54,15.49
2025-07-31,Delhi,72,30.66,0.0,15.45
2025-08-01,Delhi,72,29.54,8.27,9.3
2025-08-02,Delhi,72,30.37,9.03,15.91
2025-08-03,Delhi,72,32.06,1.6,13.88
2025-08-04,Delhi,72,31.7,8.1,14.92
2025-08-05,Delhi,72,30.19,0.0,12.68
2025-08-06,Delhi,72,28.73,0.0,10.6
2025-08-07,Delhi,72,33.79,0.0,9.39
2025-08-08,Delhi,72,31.25,6.87,12.32
2025-08-09,Delhi,72,33.3,24.17,11.32
2025-08-10,Delhi,72,33.34,4.71,9.55
2025-08-11,Delhi,72,31.75,17.8,17.14
2025-08-12,Delhi,72,28.49,0.0,12.1
2025-08-13,Delhi,72,31.89,0.73,11.79
2025-08-14,Delhi,72,32.2,13.15,8.09
2025-08-15,Delhi,72,30.38,7.7,9.84
2025-08-16,Delhi,72,31.64,0.0,7.08
2025-08-17,Delhi,72,35.51,0.0,6.08
2025-08-18,Delhi,72,27.28,0.0,11.58
2025-08-19,Delhi,72,30.62,0.0,7.99
2025-08-20,Delhi,72,29.48,0.0,10.49
2025-08-21,Delhi,72,29.65,0.0,10.72
2025-08-22,Delhi,72,28.05,5.29,12.16
2025-08-23,Delhi,72,28.09,2.15,10.45
2025-08-24,Delhi,72,30.02,10.95,6.76
2025-08-25,Delhi,72,28.4,37.06,9.1
2025-08-26,Delhi,72,26.78,0.0,6.16
2025-08-27,Delhi,72,31.09,9.78,10.29
2025-08-28,Delhi,72,33.64,24.79,11.42
2025-08-29,Delhi,72,29.48,15.68,8.04
2025-08-30,Delhi,72,28.23,4.37,13.9
2025-08-31,Delhi,72,32.14,2.8,6.96
2025-09-01,Delhi,72,28.7,8.52,11.69
2025-09-02,Delhi,72,27.92,0.0,15.01
2025-09-03,Delhi,72,31.78,7.73,16.92
2025-09-04,Delhi,72,31.85,8.77,12.44
2025-09-05,Delhi,72,30.6,29.33,7.68
2025-09-06,Delhi,72,30.75,0.0,10.19
2025-09-07,Delhi,72,30.21,49.9,11.96
2025-09-08,Delhi,72,29.59,0.0,11.61
2025-09-09,Delhi,72,28.68,0.0,12.47
2025-09-10,Delhi,72,30.21,7.25,5.02
2025-09-11,Delhi,72,29.04,18.13,9.06
2025-09-12,Delhi,72,28.55,8.0,7.6
2025-09-13,Delhi,72,26.98,0.0,9.49
2025-09-14,Delhi,72,30.44,0.0,10.26
2025-09-15,Delhi,72,28.73,0.0,14.77
2025-09-16,Delhi,72,27.41,10.46,13.71
2025-09-17,Delhi,72,30.44,0.0,10.04
2025-09-18,Delhi,72,31.47,0.0,10.28
2025-09-19,Delhi,72,32.79,0.0,14.6
2025-09-20,Delhi,72,32.24,0.0,11.86
2025-09-21,Delhi,72,31.14,3.77,5.7
2025-09-22,Delhi,72,33.22,0.0,6.96
2025-09-23,Delhi,72,27.17,0.0,7.61
2025-09-24,Delhi,72,28.31,0.0,3.62
2025-09-25,Delhi,72,30.2,0.0,9.15
2025-09-26,Delhi,72,29.82,0.0,5.37
2025-09-27,Delhi,72,29.05,0.0,9.2
2025-09-28,Delhi,72,30.37,0.0,7.44
2025-09-29,Delhi,72,28.15,0.0,9.14
2025-09-30,Delhi,72,31.78,0.0,8.49
2023-01-01,Delhi,120,13.38,0.0,0.0
2023-01-02,Delhi,120,11.47,0.0,4.66
2023-01-03,Delhi,120,12.61,9.9,9.78
2023-01-04,Delhi,120,12.88,0.0,0.0
2023-01-05,Delhi,120,11.47,0.0,6.1
2023-01-06,Delhi,120,14.69,0.0,5.51
2023-01-07,Delhi,120,11.94,0.0,0.0
2023-01-08,Delhi,120,10.25,0.0,12.54
2023-01-09,Delhi,120,15.48,0.0,17.13
2023-01-10,Delhi,120,12.02,0.0,3.05
2023-01-11,Delhi,120,13.25,0.0,5.77
2023-01-12,Delhi,120,6.08,0.0,7.4
2023-01-13,Delhi,120,14.18,0.0,11.73
2023-01-14,Delhi,120,12.69,0.0,6.52
2023-01-15,Delhi,120,13.78,0.0,5.03
2023-01-16,Delhi,120,10.99,0.0,7.94
2023-01-17,Delhi,120,16.16,0.0,5.08
2023-01-18,Delhi,120,12.42,33.65,12.23
2023-01-19,Delhi,120,9.41,0.0,5.8
2023-01-20,Delhi,120,13.38,0.0,4.74
2023-01-21,Delhi,120,16.68,0.0,4.49
2023-01-22,Delhi,120,16.23,0.0,12.83
2023-01-23,Delhi,120,15.05,0.0,11.93
2023-01-24,Delhi,120,14.12,0.0,10.5
2023-01-25,Delhi,120,11.35,0.0,12.32
2023-01-26,Delhi,120,10.8,0.0,0.0
2023-01-27,Delhi,120,10.92,0.0,13.15
2023-01-28,Delhi,120,14.24,0.0,11.69
2023-01-29,Delhi,120,13.05,0.0,3.02
2023-01-30,Delhi,120,12.07,0.0,2.85
2023-01-31,Delhi,120,14.47,0.0,8.08
2023-02-01,Delhi,120,19.33,0.0,3.74
2023-02-02,Delhi,120,19.73,0.0,4.57
2023-02-03,Delhi,120,17.06,0.0,15.48
2023-02-04,Delhi,120,17.44,0.0,4.08
2023-02-05,Delhi,120,14.96,0.0,14.95
2023-02-06,Delhi,120,17.24,0.0,11.78
2023-02-07,Delhi,120,19.45,0.0,6.79
2023-02-08,Delhi,120,16.13,0.0,8.89
2023-02-09,Delhi,120,17.09,0.0,6.86
2023-02-10,Delhi,120,15.28,0.0,6.01
2023-02-11,Delhi,120,15.9,0.0,7.5
2023-02-12,Delhi,120,20.02,0.0,5.17
2023-02-13,Delhi,120,16.49,0.0,1.31
2023-02-14,Delhi,120,14.6,0.0,7.78
2023-02-15,Delhi,120,18.3,0.0,9.15
2023-02-16,Delhi,120,15.5,0.0,4.92
2023-02-17,Delhi,120,11.5,0.0,2.84
2023-02-18,Delhi,120,14.58,0.0,6.55
2023-02-19,Delhi,120,17.12,28.32,14.23
2023-02-20,Delhi,120,17.48,0.0,12.35
2023-02-21,Delhi,120,15.83,0.0,4.76
2023-02-22,Delhi,120,18.12,0.0,9.57
2023-02-23,Delhi,120,16.13,0.0,7.75
2023-02-24,Delhi,120,15.65,0.0,10.11
2023-02-25,Delhi,120,17.26,0.0,8.64
2023-02-26,Delhi,120,16.31,0.0,1.62
2023-02-27,Delhi,120,13.45,7.32,8.62
2023-02-28,Delhi,120,16.09,0.0,3.0
2023-03-01,Delhi,120,25.29,0.0,0.0
2023-03-02,Delhi,120,25.96,0.0,11.43
2023-03-03,Delhi,120,22.65,0.0,9.26
2023-03-04,Delhi,120,25.24,0.0,8.81
2023-03-05,Delhi,120,19.56,0.0,13.46
2023-03-06,Delhi,120,21.75,0.0,16.97
2023-03-07,Delhi,120,26.01,0.0,4.87
2023-03-08,Delhi,120,22.09,0.0,7.38
2023-03-09,Delhi,120,19.71,0.0,5.08
2023-03-10,Delhi,120,23.83,0.0,11.39
2023-03-11,Delhi,120,28.41,0.0,11.16
2023-03-12,Delhi,120,20.68,0.0,9.86
2023-03-13,Delhi,120,27.0,0.0,12.77
2023-03-14,Delhi,120,23.59,0.0,9.62
2023-03-15,Delhi,120,22.58,0.0,7.82
2023-03-16,Delhi,120,24.91,0.0,4.38
2023-03-17,Delhi,120,22.51,4.2,10.84
2023-03-18,Delhi,120,24.94,12.47,9.24
2023-03-19,Delhi,120,25.21,0.0,14.67
2023-03-20,Delhi,120,24.52,0.0,11.59
2023-03-21,Delhi,120,25.02,0.0,12.34
2023-03-22,Delhi,120,25.66,0.0,12.94
2023-03-23,Delhi,120,23.41,0.0,8.9
2023-03-24,Delhi,120,22.44,0.0,10.9
2023-03-25,Delhi,120,22.33,0.0,2.42
2023-03-26,Delhi,120,23.45,0.0,17.19
2023-03-27,Delhi,120,24.95,0.0,12.25
2023-03-28,Delhi,120,23.9,0.0,12.03
2023-03-29,Delhi,120,23.35,0.0,12.9
2023-03-30,Delhi,120,24.65,6.43,16.05
2023-03-31,Delhi,120,28.28,0.0,8.82
2023-04-01,Delhi,120,29.81,0.0,8.62
2023-04-02,Delhi,120,26.66,0.0,3.46
2023-04-03,Delhi,120,29.97,0.0,12.9
2023-04-04,Delhi,120,29.26,0.0,6.2
2023-04-05,Delhi,120,33.43,0.0,0.98
2023-04-06,Delhi,120,27.51,0.0,1.71
2023-04-07,Delhi,120,29.45,0.0,12.82
2023-04-08,Delhi,120,31.7,0.0,12.91
2023-04-09,Delhi,120,28.11,0.0,3.91
2023-04-10,Delhi,120,30.97,0.0,4.0
2023-04-11,Delhi,120,29.02,0.0,5.96
2023-04-12,Delhi,120,29.46,0.0,7.04
2023-04-13,Delhi,120,30.35,0.0,5.12
2023-04-14,Delhi,120,30.26,0.0,6.57
2023-04-15,Delhi,120,32.31,0.0,4.13
2023-04-16,Delhi,120,32.18,0.0,11.84
2023-04-17,Delhi,120,27.86,0.0,9.81
2023-04-18,Delhi,120,31.61,0.0,9.0
2023-04-19,Delhi,120,31.94,0.0,5.95
2023-04-20,Delhi,120,29.06,0.0,3.24
2023-04-21,Delhi,120,30.11,0.0,7.75
2023-04-22,Delhi,120,29.7,0.0,20.48
2023-04-23,Delhi,120,30.92,0.0,8.73
2023-04-24,Delhi,120,31.05,0.0,9.76
2023-04-25,Delhi,120,31.17,0.0,15.98
2023-04-26,Delhi,120,26.33,0.0,11.81
2023-04-27,Delhi,120,29.91,0.0,11.24
2023-04-28,Delhi,120,30.51,0.0,12.16
2023-04-29,Delhi,120,29.09,0.0,12.5
2023-04-30,Delhi,120,32.95,0.0,9.17
2023-05-01,Delhi,120,39.66,0.0,18.02
2023-05-02,Delhi,120,37.28,0.0,2.02
2023-05-03,Delhi,120,33.73,0.0,7.59
2023-05-04,Delhi,120,32.78,0.0,13.88
2023-05-05,Delhi,120,31.15,0.0,11.52
2023-05-06,Delhi,120,33.41,0.0,17.37
2023-05-07,Delhi,120,32.46,0.0,12.61
2023-05-08,Delhi,120,32.37,0.0,17.88
2023-05-09,Delhi,120,31.61,0.0,13.31
2023-05-10,Delhi,120,36.44,0.0,14.22
2023-05-11,Delhi,120,33.83,0.0,14.59
2023-05-12,Delhi,120,37.72,0.0,11.08
2023-05-13,Delhi,120,34.87,0.0,13.74
2023-05-14,Delhi,120,35.16,0.0,15.51
2023-05-15,Delhi,120,39.57,13.93,21.51
2023-05-16,Delhi,120,35.88,0.0,14.79
2023-05-17,Delhi,120,32.68,0.0,12.99
2023-05-18,Delhi,120,34.0,0.0,10.04
2023-05-19,Delhi,120,30.4,0.0,7.75
2023-05-20,Delhi,120,30.06,0.0,13.48
2023-05-21,Delhi,120,35.7,0.0,9.08
2023-05-22,Delhi,120,33.64,0.0,14.54
2023-05-23,Delhi,120,34.83,0.0,8.32
2023-05-24,Delhi,120,37.06,0.0,14.54
2023-05-25,Delhi,120,38.1,0.0,19.03
2023-05-26,Delhi,120,32.38,0.0,9.1
2023-05-27,Delhi,120,38.7,0.0,14.86
2023-05-28,Delhi,120,34.83,0.0,15.62
2023-05-29,Delhi,120,33.79,0.0,13.1
2023-05-30,Delhi,120,29.52,0.0,9.35
2023-05-31,Delhi,120,32.04,0.0,5.12
2023-06-01,Delhi,120,36.1,0.0,4.19
2023-06-02,Delhi,120,33.83,0.0,13.9
2023-06-03,Delhi,120,32.39,0.0,13.84
2023-06-04,Delhi,120,30.04,0.0,15.29
2023-06-05,Delhi,120,37.86,0.0,15.85
2023-06-06,Delhi,120,35.52,0.0,13.93
2023-06-07,Delhi,120,36.55,0.0,9.44
2023-06-08,Delhi,120,35.97,0.0,12.06
2023-06-09,Delhi,120,34.39,0.0,10.58
2023-06-10,Delhi,120,33.84,0.0,15.71
2023-06-11,Delhi,120,35.28,0.0,12.03
2023-06-12,Delhi,120,34.02,0.0,5.04
2023-06-13,Delhi,120,36.59,0.0,17.84
2023-06-14,Delhi,120,36.02,0.0,15.0
2023-06-15,Delhi,120,37.52,5.05,16.63
2023-06-16,Delhi,120,36.24,0.0,14.1
2023-06-17,Delhi,120,35.03,0.0,12.95
2023-06-18,Delhi,120,36.83,0.0,8.8
2023-06-19,Delhi,120,37.92,0.0,11.62
2023-06-20,Delhi,120,35.15,0.0,10.66
2023-06-21,Delhi,120,35.94,0.0,2.23
2023-06-22,Delhi,120,36.34,0.0,17.35
2023-06-23,Delhi,120,36.29,0.0,21.24
2023-06-24,Delhi,120,38.54,3.05,14.52
2023-06-25,Delhi,120,32.69,0.0,5.2
2023-06-26,Delhi,120,28.29,0.0,13.16
2023-06-27,Delhi,120,32.15,0.0,22.33
2023-06-28,Delhi,120,30.25,0.0,18.24
2023-06-29,Delhi,120,33.17,0.0,10.16
2023-06-30,Delhi,120,31.82,0.0,7.99
2023-07-01,Delhi,120,30.09,13.52,10.24
2023-07-02,Delhi,120,30.2,3.26,15.37
2023-07-03,Delhi,120,33.17,0.0,10.83
2023-07-04,Delhi,120,31.52,7.31,12.74
2023-07-05,Delhi,120,32.4,0.0,9.64
2023-07-06,Delhi,120,33.23,0.0,15.89
2023-07-07,Delhi,120,35.16,3.0,12.8
2023-07-08,Delhi,120,32.11,5.75,20.4
2023-07-09,Delhi,120,32.06,30.95,25.99
2023-07-10,Delhi,120,34.63,39.63,24.86
2023-07-11,Delhi,120,32.12,2.21,13.34
2023-07-12,Delhi,120,31.76,0.0,12.21
2023-07-13,Delhi,120,29.24,17.0,7.47
2023-07-14,Delhi,120,29.18,47.13,17.4
2023-07-15,Delhi,120,31.26,6.07,7.17
2023-07-16,Delhi,120,29.49,0.16,7.9
2023-07-17,Delhi,120,29.93,55.59,8.42
2023-07-18,Delhi,120,33.03,30.95,18.98
2023-07-19,Delhi,120,33.15,9.8,11.62
2023-07-20,Delhi,120,31.71,29.3,11.36
2023-07-21,Delhi,120,32.67,3.64,12.7
2023-07-22,Delhi,120,32.49,0.0,5.62
2023-07-23,Delhi,120,30.65,0.0,9.31
2023-07-24,Delhi,120,35.27,0.0,8.29
2023-07-25,Delhi,120,31.34,0.0,2.99
2023-07-26,Delhi,120,33.79,0.0,6.8
2023-07-27,Delhi,120,34.33,0.0,0.46
2023-07-28,Delhi,120,30.08,0.0,9.18
2023-07-29,Delhi,120,34.17,0.0,7.58
2023-07-30,Delhi,120,33.82,0.87,14.57
2023-07-31,Delhi,120,32.43,9.63,10.64
2023-08-01,Delhi,120,28.61,1.42,17.07
2023-08-02,Delhi,120,33.29,47.46,15.16
2023-08-03,Delhi,120,28.2,7.4,17.11
2023-08-04,Delhi,120,30.07,2.64,6.95
2023-08-05,Delhi,120,28.92,7.35,9.08
2023-08-06,Delhi,120,33.31,1.71,12.82
2023-08-07,Delhi,120,33.28,0.97,14.88
2023-08-08,Delhi,120,32.45,0.0,8.68
2023-08-09,Delhi,120,32.38,2.68,13.23
2023-08-10,Delhi,120,32.33,1.7,8.23
2023-08-11,Delhi,120,31.23,0.0,11.81
2023-08-12,Delhi,120,30.3,4.57,10.21
2023-08-13,Delhi,120,35.66,1.21,11.86
2023-08-14,Delhi,120,31.91,33.65,10.99
2023-08-15,Delhi,120,33.17,12.6,12.01
2023-08-16,Delhi,120,29.29,11.36,12.57
2023-08-17,Delhi,120,29.52,10.11,13.63
2023-08-18,Delhi,120,33.08,0.55,13.81
2023-08-19,Delhi,120,33.27,13.5,18.49
2023-08-20,Delhi,120,32.21,0.0,9.56
2023-08-21,Delhi,120,27.43,11.35,16.73
2023-08-22,Delhi,120,28.78,0.55,0.42
2023-08-23,Delhi,120,29.02,89.34,12.95
2023-08-24,Delhi,120,30.65,0.0,7.37
2023-08-25,Delhi,120,27.74,0.0,17.39
2023-08-26,Delhi,120,30.52,0.0,13.87
2023-08-27,Delhi,120,25.33,0.0,3.72
2023-08-28,Delhi,120,28.44,2.66,13.02
2023-08-29,Delhi,120,28.05,36.05,18.27
2023-08-30,Delhi,120,27.19,11.14,15.74
2023-08-31,Delhi,120,23.85,4.09,11.27
2023-09-01,Delhi,120,27.7,33.11,11.91
2023-09-02,Delhi,120,27.6,5.86,15.27
2023-09-03,Delhi,120,27.67,0.0,18.04
2023-09-04,Delhi,120,30.44,0.0,7.2
2023-09-05,Delhi,120,28.76,0.0,7.96
2023-09-06,Delhi,120,29.58,0.0,9.16
2023-09-07,Delhi,120,30.72,0.0,11.59
2023-09-08,Delhi,120,32.85,0.0,6.3
2023-09-09,Delhi,120,31.04,5.74,10.3
2023-09-10,Delhi,120,35.54,9.57,9.92
2023-09-11,Delhi,120,32.35,6.31,17.09
2023-09-12,Delhi,120,33.73,22.02,16.11
2023-09-13,Delhi,120,29.66,0.0,12.92
2023-09-14,Delhi,120,28.81,0.0,6.88
2023-09-15,Delhi,120,29.47,0.0,4.05
2023-09-16,Delhi,120,31.68,0.0,7.6
2023-09-17,Delhi,120,29.79,0.0,2.98
2023-09-18,Delhi,120,28.77,0.0,8.46
2023-09-19,Delhi,120,28.82,0.0,7.76
2023-09-20,Delhi,120,29.52,1.9,6.18
2023-09-21,Delhi,120,31.79,0.0,8.02
2023-09-22,Delhi,120,29.05,0.0,6.55
2023-09-23,Delhi,120,33.54,0.0,0.04
2023-09-24,Delhi,120,29.32,0.0,4.17
2023-09-25,Delhi,120,29.08,0.0,6.19
2023-09-26,Delhi,120,29.12,17.05,7.95
2023-09-27,Delhi,120,30.0,0.0,12.11
2023-09-28,Delhi,120,32.65,0.0,3.73
2023-09-29,Delhi,120,32.14,2.51,10.45
2023-09-30,Delhi,120,29.67,1.81,2.9
2023-10-01,Delhi,120,22.53,0.0,8.77
2023-10-02,Delhi,120,25.87,0.0,4.76
2023-10-03,Delhi,120,25.78,0.0,2.43
2023-10-04,Delhi,120,25.78,0.0,7.47
2023-10-05,Delhi,120,25.64,0.0,5.21
2023-10-06,Delhi,120,23.3,0.0,2.98
2023-10-07,Delhi,120,23.84,0.0,5.14
2023-10-08,Delhi,120,25.59,0.0,4.32
2023-10-09,Delhi,120,29.01,0.0,8.42
2023-10-10,Delhi,120,25.28,0.0,5.55
2023-10-11,Delhi,120,26.15,44.45,23.24
2023-10-12,Delhi,120,24.95,0.0,8.03
2023-10-13,Delhi,120,24.9,0.0,4.43
2023-10-14,Delhi,120,26.45,0.0,6.4
2023-10-15,Delhi,120,24.69,0.0,5.65
2023-10-16,Delhi,120,25.86,0.0,10.73
2023-10-17,Delhi,120,23.55,0.0,6.84
2023-10-18,Delhi,120,24.49,0.0,5.87
2023-10-19,Delhi,120,22.21,0.0,0.0
2023-10-20,Delhi,120,22.69,0.0,7.76
2023-10-21,Delhi,120,21.64,0.0,6.95
2023-10-22,Delhi,120,18.21,0.0,4.22
2023-10-23,Delhi,120,19.94,0.0,3.35
2023-10-24,Delhi,120,21.84,0.0,3.08
2023-10-25,Delhi,120,22.0,0.0,12.79
2023-10-26,Delhi,120,20.73,0.0,9.49
2023-10-27,Delhi,120,25.65,0.0,4.96
2023-10-28,Delhi,120,20.89,0.0,5.49
2023-10-29,Delhi,120,23.6,0.0,2.76
2023-10-30,Delhi,120,24.26,0.0,4.13
2023-10-31,Delhi,120,28.8,0.0,10.18
2023-11-01,Delhi,120,20.22,0.0,0.0
2023-11-02,Delhi,120,21.12,0.0,3.96
2023-11-03,Delhi,120,17.93,0.0,6.01
2023-11-04,Delhi,120,23.77,0.0,7.52
2023-11-05,Delhi,120,18.73,0.0,4.16
2023-11-06,Delhi,120,18.38,0.0,6.17
2023-11-07,Delhi,120,17.31,0.0,0.0
2023-11-08,Delhi,120,16.35,0.0,6.62
2023-11-09,Delhi,120,17.57,0.0,7.17
2023-11-10,Delhi,120,19.03,0.0,0.5
2023-11-11,Delhi,120,19.81,0.0,11.81
2023-11-12,Delhi,120,18.71,0.0,3.57
2023-11-13,Delhi,120,20.49,0.0,10.64
2023-11-14,Delhi,120,18.72,0.0,3.5
2023-11-15,Delhi,120,19.09,0.0,10.21
2023-11-16,Delhi,120,22.18,0.0,0.59
2023-11-17,Delhi,120,13.58,0.0,0.0
2023-11-18,Delhi,120,18.49,0.0,6.54
2023-11-19,Delhi,120,17.99,0.0,1.83
2023-11-20,Delhi,120,17.72,0.0,0.0
2023-11-21,Delhi,120,18.5,0.0,10.18
2023-11-22,Delhi,120,18.5,0.0,11.43
2023-11-23,Delhi,120,19.98,0.0,13.83
2023-11-24,Delhi,120,16.7,0.0,13.81
2023-11-25,Delhi,120,17.55,0.0,14.37
2023-11-26,Delhi,120,18.5,0.0,7.81
2023-11-27,Delhi,120,18.06,0.0,9.79
2023-11-28,Delhi,120,17.73,0.0,12.18
2023-11-29,Delhi,120,21.73,0.0,7.96
2023-11-30,Delhi,120,16.57,0.0,10.85
2023-12-01,Delhi,120,17.14,0.0,7.63
2023-12-02,Delhi,120,17.42,0.0,3.81
2023-12-03,Delhi,120,15.62,0.0,13.4
2023-12-04,Delhi,120,13.04,0.0,6.6
2023-12-05,Delhi,120,14.25,0.0,3.3
2023-12-06,Delhi,120,15.63,0.0,4.37
2023-12-07,Delhi,120,15.98,0.0,8.14
2023-12-08,Delhi,120,14.68,0.0,9.25
2023-12-09,Delhi,120,12.32,0.0,2.9
2023-12-10,Delhi,120,10.73,0.0,0.0
2023-12-11,Delhi,120,13.58,0.0,8.74
2023-12-12,Delhi,120,15.05,0.0,7.46
2023-12-13,Delhi,120,11.1,0.0,12.21
2023-12-14,Delhi,120,15.72,0.0,0.0
2023-12-15,Delhi,120,13.84,0.0,6.64
2023-12-16,Delhi,120,13.82,0.0,5.44
2023-12-17,Delhi,120,10.93,15.4,8.53
2023-12-18,Delhi,120,15.71,0.0,5.34
2023-12-19,Delhi,120,16.48,0.0,3.52
2023-12-20,Delhi,120,14.91,0.0,3.66
2023-12-21,Delhi,120,17.71,0.0,13.47
2023-12-22,Delhi,120,14.44,0.0,5.22
2023-12-23,Delhi,120,14.6,0.0,4.75
2023-12-24,Delhi,120,16.06,0.0,1.87
2023-12-25,Delhi,120,16.13,0.0,10.09
2023-12-26,Delhi,120,16.15,0.0,4.69
2023-12-27,Delhi,120,14.61,0.0,3.88
2023-12-28,Delhi,120,13.11,0.0,5.79
2023-12-29,Delhi,120,16.98,6.39,5.53
2023-12-30,Delhi,120,12.96,0.0,11.55
2023-12-31,Delhi,120,14.5,0.0,6.23
2024-01-01,Delhi,120,13.18,0.0,10.11
2024-01-02,Delhi,120,11.76,0.0,11.07
2024-01-03,Delhi,120,12.47,0.0,6.73
2024-01-04,Delhi,120,12.48,0.0,6.71
2024-01-05,Delhi,120,11.81,0.0,5.42
2024-01-06,Delhi,120,11.75,0.0,9.95
2024-01-07,Delhi,120,9.73,0.0,13.51
2024-01-08,Delhi,120,10.96,0.0,12.62
2024-01-09,Delhi,120,11.94,0.0,9.1
2024-01-10,Delhi,120,10.39,0.0,10.84
2024-01-11,Delhi,120,12.95,0.0,10.02
2024-01-12,Delhi,120,12.37,0.0,8.44
2024-01-13,Delhi,120,10.69,0.0,9.46
2024-01-14,Delhi,120,13.57,0.0,5.98
2024-01-15,Delhi,120,14.8,0.0,2.02
2024-01-16,Delhi,120,14.07,0.0,4.56
2024-01-17,Delhi,120,13.48,0.0,5.07
2024-01-18,Delhi,120,13.1,0.0,7.16
2024-01-19,Delhi,120,10.75,0.0,5.97
2024-01-20,Delhi,120,13.76,0.0,14.42
2024-01-21,Delhi,120,8.69,0.0,5.04
2024-01-22,Delhi,120,11.56,0.0,6.78
2024-01-23,Delhi,120,11.11,0.0,9.21
2024-01-24,Delhi,120,14.24,0.0,8.06
2024-01-25,Delhi,120,13.29,0.0,0.46
2024-01-26,Delhi,120,12.24,0.0,5.86
2024-01-27,Delhi,120,11.66,0.0,6.53
2024-01-28,Delhi,120,10.13,0.0,3.59
2024-01-29,Delhi,120,8.24,0.0,0.0
2024-01-30,Delhi,120,13.12,0.0,6.16
2024-01-31,Delhi,120,11.23,0.0,2.97
2024-02-01,Delhi,120,22.54,0.0,15.92
2024-02-02,Delhi,120,19.8,0.0,0.92
2024-02-03,Delhi,120,20.63,0.0,10.62
2024-02-04,Delhi,120,20.34,0.0,19.52
2024-02-05,Delhi,120,16.21,0.0,12.62
2024-02-06,Delhi,120,17.98,0.0,0.0
2024-02-07,Delhi,120,20.72,0.0,9.24
2024-02-08,Delhi,120,20.13,0.0,6.34
2024-02-09,Delhi,120,20.91,0.0,9.54
2024-02-10,Delhi,120,19.85,0.0,7.91
2024-02-11,Delhi,120,15.74,0.0,6.32
2024-02-12,Delhi,120,15.52,0.0,12.17
2024-02-13,Delhi,120,15.26,0.0,7.41
2024-02-14,Delhi,120,12.75,0.0,8.69
2024-02-15,Delhi,120,17.75,0.0,6.39
2024-02-16,Delhi,120,17.07,0.0,9.62
2024-02-17,Delhi,120,18.68,0.0,9.55
2024-02-18,Delhi,120,19.81,0.0,12.01
2024-02-19,Delhi,120,14.82,0.0,2.91
2024-02-20,Delhi,120,16.21,0.0,15.46
2024-02-21,Delhi,120,17.9,0.0,15.93
2024-02-22,Delhi,120,10.79,0.0,12.03
2024-02-23,Delhi,120,16.34,0.0,6.7
2024-02-24,Delhi,120,15.3,0.0,12.32
2024-02-25,Delhi,120,17.8,0.0,15.61
2024-02-26,Delhi,120,15.44,0.0,7.79
2024-02-27,Delhi,120,13.43,0.0,5.54
2024-02-28,Delhi,120,19.71,0.0,5.55
2024-02-29,Delhi,120,16.98,22.67,11.6
2024-03-01,Delhi,120,24.66,0.0,9.88
2024-03-02,Delhi,120,20.58,0.0,16.11
2024-03-03,Delhi,120,26.3,0.0,8.49
2024-03-04,Delhi,120,26.95,0.0,6.16
2024-03-05,Delhi,120,25.77,0.0,13.26
2024-03-06,Delhi,120,21.75,0.0,7.22
2024-03-07,Delhi,120,26.61,0.0,9.09
2024-03-08,Delhi,120,26.51,0.0,12.48
2024-03-09,Delhi,120,27.4,0.0,8.52
2024-03-10,Delhi,120,26.79,0.0,4.49
2024-03-11,Delhi,120,25.3,0.0,10.94
2024-03-12,Delhi,120,22.27,0.0,12.19
2024-03-13,Delhi,120,21.71,0.0,12.91
2024-03-14,Delhi,120,19.94,0.0,9.49
2024-03-15,Delhi,120,25.78,0.0,4.17
2024-03-16,Delhi,120,23.58,0.0,6.03
2024-03-17,Delhi,120,25.01,0.0,8.1
2024-03-18,Delhi,120,24.03,0.0,2.98
2024-03-19,Delhi,120,23.57,0.0,10.26
2024-03-20,Delhi,120,25.55,0.0,2.21
2024-03-21,Delhi,120,24.81,0.0,10.81
2024-03-22,Delhi,120,26.36,0.0,5.26
2024-03-23,Delhi,120,21.98,0.0,4.84
2024-03-24,Delhi,120,27.29,0.0,5.74
2024-03-25,Delhi,120,26.82,0.0,8.58
2024-03-26,Delhi,120,26.4,0.0,5.76
2024-03-27,Delhi,120,24.27,0.0,12.41
2024-03-28,Delhi,120,23.28,0.0,9.03
2024-03-29,Delhi,120,20.68,0.0,10.03
2024-03-30,Delhi,120,23.34,0.0,11.16
2024-03-31,Delhi,120,23.36,0.0,13.42
2024-04-01,Delhi,120,32.2,0.0,5.66
2024-04-02,Delhi,120,29.83,0.0,9.02
2024-04-03,Delhi,120,32.19,0.0,9.96
2024-04-04,Delhi,120,31.78,13.57,8.58
2024-04-05,Delhi,120,34.01,0.0,12.95
2024-04-06,Delhi,120,30.76,0.0,14.89
2024-04-07,Delhi,120,32.03,0.0,11.85
2024-04-08,Delhi,120,28.33,0.0,6.44
2024-04-09,Delhi,120,29.51,0.0,10.16
2024-04-10,Delhi,120,28.83,0.0,7.93
2024-04-11,Delhi,120,26.36,0.0,12.98
2024-04-12,Delhi,120,30.56,0.0,13.07
2024-04-13,Delhi,120,26.54,0.0,14.38
2024-04-14,Delhi,120,28.31,0.0,12.41
2024-04-15,Delhi,120,25.41,0.0,11.42
2024-04-16,Delhi,120,30.4,0.0,4.63
2024-04-17,Delhi,120,32.85,0.0,13.44
2024-04-18,Delhi,120,31.45,0.0,8.29
2024-04-19,Delhi,120,26.75,0.0,11.72
2024-04-20,Delhi,120,30.11,0.0,6.53
2024-04-21,Delhi,120,28.82,0.0,12.56
2024-04-22,Delhi,120,26.56,0.0,18.64
2024-04-23,Delhi,120,32.05,0.0,7.79
2024-04-24,Delhi,120,27.23,0.0,7.09
2024-04-25,Delhi,120,27.4,0.0,10.4
2024-04-26,Delhi,120,27.28,0.0,11.23
2024-04-27,Delhi,120,27.3,0.0,10.61
2024-04-28,Delhi,120,29.03,0.0,12.95
2024-04-29,Delhi,120,28.32,0.0,11.07
2024-04-30,Delhi,120,28.12,0.0,10.88
2024-05-01,Delhi,120,31.27,0.0,7.78
2024-05-02,Delhi,120,32.89,0.0,12.35
2024-05-03,Delhi,120,32.59,0.0,10.14
2024-05-04,Delhi,120,32.48,0.0,10.61
2024-05-05,Delhi,120,32.2,0.0,22.02
2024-05-06,Delhi,120,31.72,0.0,15.65
2024-05-07,Delhi,120,33.41,0.0,10.16
2024-05-08,Delhi,120,34.28,0.0,9.9
2024-05-09,Delhi,120,33.89,0.0,12.78
2024-05-10,Delhi,120,37.81,0.0,11.56
2024-05-11,Delhi,120,33.34,0.0,12.07
2024-05-12,Delhi,120,35.2,0.0,19.26
2024-05-13,Delhi,120,33.48,0.0,7.0
2024-05-14,Delhi,120,34.33,0.0,9.67
2024-05-15,Delhi,120,37.11,0.0,0.0
2024-05-16,Delhi,120,35.6,0.0,7.43
2024-05-17,Delhi,120,35.26,0.0,10.42
2024-05-18,Delhi,120,36.48,0.0,8.87
2024-05-19,Delhi,120,32.41,0.0,8.26
2024-05-20,Delhi,120,31.78,0.0,16.28
2024-05-21,Delhi,120,35.99,0.0,8.63
2024-05-22,Delhi,120,28.07,0.0,9.51
2024-05-23,Delhi,120,29.87,0.0,7.72
2024-05-24,Delhi,120,34.95,0.0,11.83
2024-05-25,Delhi,120,35.5,0.0,4.25
2024-05-26,Delhi,120,28.88,0.0,12.05
2024-05-27,Delhi,120,28.22,0.0,11.59
2024-05-28,Delhi,120,31.08,0.0,15.15
2024-05-29,Delhi,120,33.77,0.0,16.04
2024-05-30,Delhi,120,34.57,0.0,9.84
2024-05-31,Delhi,120,32.26,0.0,18.41
2024-06-01,Delhi,120,36.44,0.0,15.58
2024-06-02,Delhi,120,33.73,9.15,11.39
2024-06-03,Delhi,120,31.95,0.0,14.19
2024-06-04,Delhi,120,32.44,0.0,15.44
2024-06-05,Delhi,120,32.31,0.0,15.52
2024-06-06,Delhi,120,33.24,0.0,9.88
2024-06-07,Delhi,120,37.6,0.0,9.49
2024-06-08,Delhi,120,33.55,0.0,14.5
2024-06-09,Delhi,120,36.14,0.0,16.48
2024-06-10,Delhi,120,35.53,0.0,15.41
2024-06-11,Delhi,120,30.2,0.0,15.89
2024-06-12,Delhi,120,33.61,0.0,16.21
2024-06-13,Delhi,120,32.69,0.0,11.19
2024-06-14,Delhi,120,33.45,0.0,14.51
2024-06-15,Delhi,120,33.46,1.81,15.39
2024-06-16,Delhi,120,32.38,0.0,11.65
2024-06-17,Delhi,120,32.0,0.0,15.54
2024-06-18,Delhi,120,31.45,0.0,10.13
2024-06-19,Delhi,120,29.72,0.0,14.9
2024-06-20,Delhi,120,32.84,0.0,15.5
2024-06-21,Delhi,120,30.34,0.0,9.38
2024-06-22,Delhi,120,35.29,0.0,17.33
2024-06-23,Delhi,120,37.38,3.89,11.03
2024-06-24,Delhi,120,37.49,0.0,6.86
2024-06-25,Delhi,120,32.71,0.0,13.68
2024-06-26,Delhi,120,36.46,0.0,14.09
2024-06-27,Delhi,120,36.45,0.0,6.18
2024-06-28,Delhi,120,36.41,1.46,5.69
2024-06-29,Delhi,120,36.53,9.62,15.07
2024-06-30,Delhi,120,33.89,0.0,9.02
2024-07-01,Delhi,120,30.55,58.81,14.53
2024-07-02,Delhi,120,30.07,22.06,16.03
2024-07-03,Delhi,120,31.74,0.19,12.29
2024-07-04,Delhi,120,30.15,77.63,15.0
2024-07-05,Delhi,120,32.09,9.97,15.29
2024-07-06,Delhi,120,31.6,8.35,18.5
2024-07-07,Delhi,120,34.16,0.0,11.82
2024-07-08,Delhi,120,30.96,0.0,10.46
2024-07-09,Delhi,120,31.0,0.0,12.98
2024-07-10,Delhi,120,30.66,0.0,14.54
2024-07-11,Delhi,120,32.98,18.72,15.93
2024-07-12,Delhi,120,34.8,29.2,13.79
2024-07-13,Delhi,120,32.26,0.0,12.49
2024-07-14,Delhi,120,33.24,6.55,12.05
2024-07-15,Delhi,120,33.34,0.0,17.27
2024-07-16,Delhi,120,32.47,0.0,9.71
2024-07-17,Delhi,120,34.44,0.0,17.16
2024-07-18,Delhi,120,32.92,0.0,15.78
2024-07-19,Delhi,120,29.3,0.0,20.03
2024-07-20,Delhi,120,31.85,0.0,10.87
2024-07-21,Delhi,120,30.2,0.0,10.62
2024-07-22,Delhi,120,31.94,7.08,11.6
2024-07-23,Delhi,120,32.6,13.31,9.14
2024-07-24,Delhi,120,36.09,0.0,6.25
2024-07-25,Delhi,120,30.03,0.0,19.15
2024-07-26,Delhi,120,27.23,4.79,6.1
2024-07-27,Delhi,120,29.07,1.21,10.8
2024-07-28,Delhi,120,30.08,26.91,15.07
2024-07-29,Delhi,120,33.09,8.15,12.65
2024-07-30,Delhi,120,26.8,2.65,18.47
2024-07-31,Delhi,120,31.21,0.17,14.43
2024-08-01,Delhi,120,31.76,31.08,13.15
2024-08-02,Delhi,120,30.87,13.59,7.66
2024-08-03,Delhi,120,32.31,0.0,12.95
2024-08-04,Delhi,120,28.04,34.96,2.26
2024-08-05,Delhi,120,31.1,10.06,10.76
2024-08-06,Delhi,120,31.16,0.0,12.57
2024-08-07,Delhi,120,30.62,2.82,9.71
2024-08-08,Delhi,120,31.24,3.06,16.87
2024-08-09,Delhi,120,30.85,0.0,6.69
2024-08-10,Delhi,120,30.35,9.63,14.59
2024-08-11,Delhi,120,30.44,19.86,8.4
2024-08-12,Delhi,120,27.78,18.6,13.45
2024-08-13,Delhi,120,32.03,0.0,11.66
2024-08-14,Delhi,120,30.37,0.0,9.84
2024-08-15,Delhi,120,28.93,2.38,12.19
2024-08-16,Delhi,120,31.09,0.0,13.24
2024-08-17,Delhi,120,27.74,0.44,11.88
2024-08-18,Delhi,120,27.58,1.75,6.67
2024-08-19,Delhi,120,30.25,12.25,11.14
2024-08-20,Delhi,120,34.12,25.79,23.64
2024-08-21,Delhi,120,28.09,21.5,11.11
2024-08-22,Delhi,120,30.18,0.0,8.68
2024-08-23,Delhi,120,29.27,0.0,19.01
2024-08-24,Delhi,120,28.87,0.0,9.79
2024-08-25,Delhi,120,34.69,0.0,10.28
2024-08-26,Delhi,120,31.43,0.0,5.45
2024-08-27,Delhi,120,31.45,15.88,12.7
2024-08-28,Delhi,120,35.35,5.04,5.59
2024-08-29,Delhi,120,31.02,17.55,7.04
2024-08-30,Delhi,120,24.77,5.38,10.51
2024-08-31,Delhi,120,26.49,1.86,4.16
2024-09-01,Delhi,120,26.95,0.0,14.31
2024-09-02,Delhi,120,27.04,0.0,8.99
2024-09-03,Delhi,120,29.93,9.01,7.73
2024-09-04,Delhi,120,25.22,0.0,5.47
2024-09-05,Delhi,120,26.23,0.0,5.87
2024-09-06,Delhi,120,28.12,0.0,3.68
2024-09-07,Delhi,120,30.89,0.0,7.67
2024-09-08,Delhi,120,29.5,151.36,15.22
2024-09-09,Delhi,120,29.93,0.0,7.03
2024-09-10,Delhi,120,28.63,0.0,4.83
2024-09-11,Delhi,120,30.31,2.57,7.63
2024-09-12,Delhi,120,31.23,3.03,6.94
2024-09-13,Delhi,120,29.75,1.8,5.25
2024-09-14,Delhi,120,30.41,4.99,6.74
2024-09-15,Delhi,120,29.5,0.0,12.23
2024-09-16,Delhi,120,27.93,0.0,4.01
2024-09-17,Delhi,120,28.16,5.18,2.89
2024-09-18,Delhi,120,27.13,0.0,4.69
2024-09-19,Delhi,120,30.1,0.0,20.43
2024-09-20,Delhi,120,29.86,1.96,13.79
2024-09-21,Delhi,120,30.48,17.98,12.24
2024-09-22,Delhi,120,28.74,0.0,12.51
2024-09-23,Delhi,120,31.56,0.0,14.8
2024-09-24,Delhi,120,28.64,0.0,8.56
2024-09-25,Delhi,120,30.75,0.0,13.06
2024-09-26,Delhi,120,28.6,14.25,9.62
2024-09-27,Delhi,120,30.35,2.07,8.3
2024-09-28,Delhi,120,26.73,0.0,7.0
2024-09-29,Delhi,120,29.25,41.9,16.55
2024-09-30,Delhi,120,29.49,4.56,10.22
2024-10-01,Delhi,120,24.26,0.0,5.14
2024-10-02,Delhi,120,27.29,0.0,2.44
2024-10-03,Delhi,120,24.56,0.0,4.74
2024-10-04,Delhi,120,26.38,0.0,7.56
2024-10-05,Delhi,120,27.62,0.0,12.91
2024-10-06,Delhi,120,25.83,0.0,7.23
2024-10-07,Delhi,120,24.39,0.0,2.15
2024-10-08,Delhi,120,25.44,0.0,10.21
2024-10-09,Delhi,120,25.53,0.0,5.12
2024-10-10,Delhi,120,26.14,0.0,0.93
2024-10-11,Delhi,120,21.55,0.0,0.55
2024-10-12,Delhi,120,24.83,0.0,4.94
2024-10-13,Delhi,120,22.76,0.0,8.28
2024-10-14,Delhi,120,23.85,0.0,0.0
2024-10-15,Delhi,120,18.85,0.0,0.57
2024-10-16,Delhi,120,25.69,0.0,0.0
2024-10-17,Delhi,120,23.98,0.0,6.53
2024-10-18,Delhi,120,27.29,0.0,0.0
2024-10-19,Delhi,120,22.57,0.0,4.32
2024-10-20,Delhi,120,24.12,0.0,4.15
2024-10-21,Delhi,120,27.47,0.0,6.88
2024-10-22,Delhi,120,25.43,0.0,6.04
2024-10-23,Delhi,120,21.95,0.0,10.27
2024-10-24,Delhi,120,26.11,0.0,6.6
2024-10-25,Delhi,120,24.6,0.0,8.49
2024-10-26,Delhi,120,25.55,0.0,7.31
2024-10-27,Delhi,120,23.56,0.0,5.39
2024-10-28,Delhi,120,25.93,0.0,8.04
2024-10-29,Delhi,120,26.49,0.0,4.66
2024-10-30,Delhi,120,26.34,0.0,4.74
2024-10-31,Delhi,120,23.95,0.0,1.65
2024-11-01,Delhi,120,20.01,0.0,8.04
2024-11-02,Delhi,120,18.95,0.0,1.78
2024-11-03,Delhi,120,20.44,0.0,8.49
2024-11-04,Delhi,120,22.3,0.0,11.9
2024-11-05,Delhi,120,21.12,0.0,4.47
2024-11-06,Delhi,120,23.38,0.0,3.6
2024-11-07,Delhi,120,19.78,0.0,3.82
2024-11-08,Delhi,120,21.9,0.0,14.0
2024-11-09,Delhi,120,18.6,0.0,2.67
2024-11-10,Delhi,120,22.9,0.0,5.27
2024-11-11,Delhi,120,23.65,0.0,4.88
2024-11-12,Delhi,120,21.08,0.0,0.06
2024-11-13,Delhi,120,17.45,0.0,1.0
2024-11-14,Delhi,120,20.34,0.0,12.7
2024-11-15,Delhi,120,20.56,0.0,12.83
2024-11-16,Delhi,120,20.23,0.0,5.37
2024-11-17,Delhi,120,20.97,0.0,2.67
2024-11-18,Delhi,120,21.34,0.0,9.95
2024-11-19,Delhi,120,19.69,0.0,9.64
2024-11-20,Delhi,120,18.87,0.0,6.5
2024-11-21,Delhi,120,19.7,0.0,0.0
2024-11-22,Delhi,120,22.46,0.0,0.0
2024-11-23,Delhi,120,19.31,0.0,2.6
2024-11-24,Delhi,120,15.5,0.0,5.25
2024-11-25,Delhi,120,18.78,0.0,9.21
2024-11-26,Delhi,120,16.91,0.0,6.37
2024-11-27,Delhi,120,22.93,0.0,4.34
2024-11-28,Delhi,120,18.67,0.0,1.51
2024-11-29,Delhi,120,13.94,0.0,0.0
2024-11-30,Delhi,120,19.38,0.0,2.31
2024-12-01,Delhi,120,14.92,0.0,0.3
2024-12-02,Delhi,120,13.39,0.0,1.22
2024-12-03,Delhi,120,14.97,0.0,5.88
2024-12-04,Delhi,120,19.64,0.0,5.14
2024-12-05,Delhi,120,12.21,0.0,5.22
2024-12-06,Delhi,120,14.96,0.0,8.44
2024-12-07,Delhi,120,12.28,0.0,5.18
2024-12-08,Delhi,120,12.92,0.0,6.76
2024-12-09,Delhi,120,15.63,0.0,0.0
2024-12-10,Delhi,120,17.51,0.0,9.49
2024-12-11,Delhi,120,17.6,0.0,3.36
2024-12-12,Delhi,120,18.78,0.0,5.92
2024-12-13,Delhi,120,13.74,0.0,3.58
2024-12-14,Delhi,120,17.57,0.0,4.9
2024-12-15,Delhi,120,14.46,0.0,10.64
2024-12-16,Delhi,120,12.1,0.0,1.45
2024-12-17,Delhi,120,13.47,0.0,7.56
2024-12-18,Delhi,120,14.94,0.0,8.51
2024-12-19,Delhi,120,11.54,0.0,4.15
2024-12-20,Delhi,120,14.96,0.0,5.54
2024-12-21,Delhi,120,14.92,0.0,3.12
2024-12-22,Delhi,120,17.04,0.0,5.62
2024-12-23,Delhi,120,13.19,0.0,15.23
2024-12-24,Delhi,120,11.88,0.0,9.42
2024-12-25,Delhi,120,12.28,0.0,8.39
2024-12-26,Delhi,120,15.21,0.0,8.19
2024-12-27,Delhi,120,16.18,0.0,8.78
2024-12-28,Delhi,120,15.92,0.0,9.06
2024-12-29,Delhi,120,13.83,0.0,14.76
2024-12-30,Delhi,120,14.31,0.0,4.07
2024-12-31,Delhi,120,14.39,0.0,0.37
2025-01-01,Delhi,120,11.23,0.0,6.42
2025-01-02,Delhi,120,15.36,0.0,7.39
2025-01-03,Delhi,120,12.08,0.0,7.57
2025-01-04,Delhi,120,15.86,0.0,7.81
2025-01-05,Delhi,120,14.62,0.0,7.75
2025-01-06,Delhi,120,16.23,0.0,5.48
2025-01-07,Delhi,120,12.74,0.0,4.94
2025-01-08,Delhi,120,17.33,0.0,10.42
2025-01-09,Delhi,120,12.42,0.0,10.47
2025-01-10,Delhi,120,11.29,0.0,13.63
2025-01-11,Delhi,120,8.05,0.0,4.0
2025-01-12,Delhi,120,10.22,0.0,0.0
2025-01-13,Delhi,120,12.0,0.0,10.85
2025-01-14,Delhi,120,12.37,0.0,7.92
2025-01-15,Delhi,120,16.07,0.0,3.42
2025-01-16,Delhi,120,11.52,0.0,1.38
2025-01-17,Delhi,120,11.46,0.0,3.05
2025-01-18,Delhi,120,11.39,28.23,18.04
2025-01-19,Delhi,120,14.17,0.0,10.57
2025-01-20,Delhi,120,11.15,0.0,14.25
2025-01-21,Delhi,120,13.42,0.0,10.09
2025-01-22,Delhi,120,14.15,0.0,11.54
2025-01-23,Delhi,120,12.16,0.0,10.7
2025-01-24,Delhi,120,9.6,0.0,12.38
2025-01-25,Delhi,120,10.35,0.0,4.4
2025-01-26,Delhi,120,8.99,0.0,7.05
2025-01-27,Delhi,120,12.36,0.0,9.35
2025-01-28,Delhi,120,11.8,0.0,1.05
2025-01-29,Delhi,120,11.67,0.0,6.44
2025-01-30,Delhi,120,10.82,0.0,0.0
2025-01-31,Delhi,120,9.54,0.0,2.43
2025-02-01,Delhi,120,15.63,17.04,5.56
2025-02-02,Delhi,120,16.01,0.0,6.69
2025-02-03,Delhi,120,17.97,0.0,1.95
2025-02-04,Delhi,120,14.87,0.0,5.14
2025-02-05,Delhi,120,18.61,0.0,4.29
2025-02-06,Delhi,120,16.93,0.0,1.54
2025-02-07,Delhi,120,16.98,0.0,3.76
2025-02-08,Delhi,120,15.45,0.0,8.35
2025-02-09,Delhi,120,21.37,0.0,12.47
2025-02-10,Delhi,120,18.27,0.0,8.9
2025-02-11,Delhi,120,19.65,0.0,5.0
2025-02-12,Delhi,120,18.37,0.0,3.19
2025-02-13,Delhi,120,19.25,0.0,10.41
2025-02-14,Delhi,120,16.83,0.0,11.01
2025-02-15,Delhi,120,15.76,0.0,9.4
2025-02-16,Delhi,120,13.27,0.0,10.43
2025-02-17,Delhi,120,13.98,0.0,10.2
2025-02-18,Delhi,120,16.75,0.0,9.71
2025-02-19,Delhi,120,15.51,0.0,11.64
2025-02-20,Delhi,120,15.92,0.0,0.0
2025-02-21,Delhi,120,11.37,0.0,2.92
2025-02-22,Delhi,120,18.72,0.0,4.16
2025-02-23,Delhi,120,17.72,3.37,8.87
2025-02-24,Delhi,120,16.82,0.0,0.46
2025-02-25,Delhi,120,19.07,0.0,3.46
2025-02-26,Delhi,120,16.77,0.0,11.4
2025-02-27,Delhi,120,21.85,0.0,9.24
2025-02-28,Delhi,120,20.47,0.0,5.07
2025-03-01,Delhi,120,26.28,0.0,10.16
2025-03-02,Delhi,120,26.42,0.0,9.71
2025-03-03,Delhi,120,23.24,0.0,4.68
2025-03-04,Delhi,120,27.43,0.0,5.56
2025-03-05,Delhi,120,25.5,0.0,5.99
2025-03-06,Delhi,120,26.43,0.0,8.16
2025-03-07,Delhi,120,22.25,0.0,4.02
2025-03-08,Delhi,120,25.1,0.0,12.29
2025-03-09,Delhi,120,23.67,0.0,5.91
2025-03-10,Delhi,120,27.35,0.0,7.83
2025-03-11,Delhi,120,22.29,0.0,6.56
2025-03-12,Delhi,120,22.86,0.0,4.13
2025-03-13,Delhi,120,22.64,0.0,8.83
2025-03-14,Delhi,120,21.96,0.0,11.48
2025-03-15,Delhi,120,21.46,0.0,15.65
2025-03-16,Delhi,120,23.85,0.0,13.96
2025-03-17,Delhi,120,23.83,0.0,8.46
2025-03-18,Delhi,120,26.35,0.0,17.33
2025-03-19,Delhi,120,24.88,0.0,20.48
2025-03-20,Delhi,120,21.73,0.0,12.16
2025-03-21,Delhi,120,20.34,0.0,17.45
2025-03-22,Delhi,120,21.57,0.0,17.06
2025-03-23,Delhi,120,25.28,0.0,7.31
2025-03-24,Delhi,120,22.34,0.0,10.27
2025-03-25,Delhi,120,23.14,0.0,5.23
2025-03-26,Delhi,120,21.67,0.0,12.1
2025-03-27,Delhi,120,19.38,0.0,15.26
2025-03-28,Delhi,120,22.9,0.0,4.64
2025-03-29,Delhi,120,26.75,0.0,6.82
2025-03-30,Delhi,120,24.1,0.0,14.92
2025-03-31,Delhi,120,25.16,0.0,17.78
2025-04-01,Delhi,120,32.95,0.0,2.72
2025-04-02,Delhi,120,27.69,0.0,12.09
2025-04-03,Delhi,120,31.06,0.0,10.58
2025-04-04,Delhi,120,31.66,0.0,13.01
2025-04-05,Delhi,120,31.52,3.73,10.2
2025-04-06,Delhi,120,31.67,0.0,10.37
2025-04-07,Delhi,120,34.16,0.0,6.17
2025-04-08,Delhi,120,33.41,0.0,9.27
2025-04-09,Delhi,120,32.97,0.0,10.66
2025-04-10,Delhi,120,31.04,0.0,6.66
2025-04-11,Delhi,120,30.16,0.0,11.6
2025-04-12,Delhi,120,32.17,0.0,10.41
2025-04-13,Delhi,120,26.05,0.0,13.91
2025-04-14,Delhi,120,28.59,10.74,20.35
2025-04-15,Delhi,120,30.48,0.0,15.71
2025-04-16,Delhi,120,30.82,0.0,9.75
2025-04-17,Delhi,120,35.92,0.0,7.65
2025-04-18,Delhi,120,34.81,0.0,9.09
2025-04-19,Delhi,120,33.82,0.0,14.66
2025-04-20,Delhi,120,35.98,0.0,11.86
2025-04-21,Delhi,120,30.56,0.0,8.98
2025-04-22,Delhi,120,27.2,0.0,8.48
2025-04-23,Delhi,120,30.23,0.0,12.22
2025-04-24,Delhi,120,31.58,0.0,9.37
2025-04-25,Delhi,120,32.57,0.0,0.39
2025-04-26,Delhi,120,31.5,0.0,6.35
2025-04-27,Delhi,120,31.23,0.0,8.71
2025-04-28,Delhi,120,32.1,0.0,9.91
2025-04-29,Delhi,120,29.2,0.0,9.44
2025-04-30,Delhi,120,30.95,0.0,15.34
2025-05-01,Delhi,120,35.91,0.0,7.98
2025-05-02,Delhi,120,32.6,0.0,12.23
2025-05-03,Delhi,120,28.92,0.0,16.65
2025-05-04,Delhi,120,35.13,0.0,17.45
2025-05-05,Delhi,120,36.47,0.0,12.89
2025-05-06,Delhi,120,36.6,0.0,14.62
2025-05-07,Delhi,120,32.47,0.0,14.4
2025-05-08,Delhi,120,30.81,0.0,10.62
2025-05-09,Delhi,120,33.57,0.0,9.38
2025-05-10,Delhi,120,33.09,0.0,16.49
2025-05-11,Delhi,120,32.29,0.0,12.61
2025-05-12,Delhi,120,34.22,0.0,10.12
2025-05-13,Delhi,120,32.98,0.0,14.05
2025-05-14,Delhi,120,32.02,0.0,16.97
2025-05-15,Delhi,120,31.93,0.0,7.47
2025-05-16,Delhi,120,29.73,0.0,12.13
2025-05-17,Delhi,120,33.28,0.0,6.68
2025-05-18,Delhi,120,32.87,0.0,12.62
2025-05-19,Delhi,120,32.84,0.0,13.61
2025-05-20,Delhi,120,33.02,0.0,12.83
2025-05-21,Delhi,120,33.53,0.0,8.41
2025-05-22,Delhi,120,34.66,0.0,16.06
2025-05-23,Delhi,120,31.51,0.0,15.92
2025-05-24,Delhi,120,32.52,0.0,11.48
2025-05-25,Delhi,120,38.21,0.0,17.15
2025-05-26,Delhi,120,33.75,0.0,11.4
2025-05-27,Delhi,120,35.69,0.0,17.6
2025-05-28,Delhi,120,37.47,0.0,16.57
2025-05-29,Delhi,120,31.97,0.27,10.26
2025-05-30,Delhi,120,35.39,9.5,15.59
2025-05-31,Delhi,120,36.54,0.0,19.56
2025-06-01,Delhi,120,35.9,0.0,19.4
2025-06-02,Delhi,120,37.93,0.0,21.81
2025-06-03,Delhi,120,37.62,0.0,10.66
2025-06-04,Delhi,120,36.77,27.64,19.17
2025-06-05,Delhi,120,35.89,9.33,9.87
2025-06-06,Delhi,120,39.21,10.81,13.54
2025-06-07,Delhi,120,35.97,0.0,15.66
2025-06-08,Delhi,120,33.61,0.0,14.72
2025-06-09,Delhi,120,31.24,0.0,18.81
2025-06-10,Delhi,120,31.83,3.9,15.32
2025-06-11,Delhi,120,33.81,0.0,11.14
2025-06-12,Delhi,120,35.82,0.0,18.25
2025-06-13,Delhi,120,33.68,0.0,16.92
2025-06-14,Delhi,120,33.64,0.0,13.94
2025-06-15,Delhi,120,31.23,0.0,10.82
2025-06-16,Delhi,120,32.19,0.0,7.06
2025-06-17,Delhi,120,31.04,0.0,11.17
2025-06-18,Delhi,120,32.17,0.0,11.98
2025-06-19,Delhi,120,29.29,12.57,17.54
2025-06-20,Delhi,120,27.58,14.4,19.63
2025-06-21,Delhi,120,32.43,0.0,4.42
2025-06-22,Delhi,120,33.67,0.13,12.91
2025-06-23,Delhi,120,33.86,0.0,11.47
2025-06-24,Delhi,120,35.65,1.32,19.73
2025-06-25,Delhi,120,33.24,0.0,2.88
2025-06-26,Delhi,120,33.72,0.0,18.26
2025-06-27,Delhi,120,35.94,3.98,9.69
2025-06-28,Delhi,120,36.8,3.16,11.99
2025-06-29,Delhi,120,35.1,0.0,9.82
2025-06-30,Delhi,120,36.11,23.67,15.38
2025-07-01,Delhi,120,31.06,0.0,10.35
2025-07-02,Delhi,120,28.68,0.0,10.95
2025-07-03,Delhi,120,33.73,0.0,10.95
2025-07-04,Delhi,120,31.1,0.0,14.59
2025-07-05,Delhi,120,34.02,0.0,9.89
2025-07-06,Delhi,120,30.77,0.0,13.38
2025-07-07,Delhi,120,32.33,0.0,14.67
2025-07-08,Delhi,120,34.92,33.93,17.87
2025-07-09,Delhi,120,31.37,3.31,15.61
2025-07-10,Delhi,120,30.07,2.65,15.1
2025-07-11,Delhi,120,33.02,3.92,21.5
2025-07-12,Delhi,120,30.44,9.72,19.3
2025-07-13,Delhi,120,32.3,0.0,7.43
2025-07-14,Delhi,120,31.95,0.0,12.01
2025-07-15,Delhi,120,34.85,0.0,13.17
2025-07-16,Delhi,120,29.36,0.0,13.38
2025-07-17,Delhi,120,35.14,0.0,10.49
2025-07-18,Delhi,120,32.48,0.0,5.75
2025-07-19,Delhi,120,29.57,0.0,10.2
2025-07-20,Delhi,120,29.53,75.76,15.27
2025-07-21,Delhi,120,33.38,2.64,8.27
2025-07-22,Delhi,120,32.83,0.0,11.71
2025-07-23,Delhi,120,33.29,7.24,8.34
2025-07-24,Delhi,120,27.18,1.06,20.53
2025-07-25,Delhi,120,29.96,13.63,17.99
2025-07-26,Delhi,120,30.12,16.92,16.57
2025-07-27,Delhi,120,29.39,25.26,10.79
2025-07-28,Delhi,120,32.86,12.31,5.95
2025-07-29,Delhi,120,32.03,0.0,18.72
2025-07-30,Delhi,120,32.11,1.41,18.09
2025-07-31,Delhi,120,31.77,0.0,22.82
2025-08-01,Delhi,120,31.83,3.78,10.02
2025-08-02,Delhi,120,32.65,0.0,15.09
2025-08-03,Delhi,120,30.68,0.0,8.6
2025-08-04,Delhi,120,33.25,5.65,22.77
2025-08-05,Delhi,120,30.56,0.0,7.71
2025-08-06,Delhi,120,35.06,0.0,12.95
2025-08-07,Delhi,120,35.05,0.0,9.6
2025-08-08,Delhi,120,32.42,6.81,11.76
2025-08-09,Delhi,120,32.42,5.42,10.46
2025-08-10,Delhi,120,32.23,2.09,12.45
2025-08-11,Delhi,120,29.95,14.46,15.11
2025-08-12,Delhi,120,28.72,0.0,11.39
2025-08-13,Delhi,120,29.46,1.09,7.76
2025-08-14,Delhi,120,30.94,17.19,13.92
2025-08-15,Delhi,120,28.66,6.49,17.54
2025-08-16,Delhi,120,30.83,0.0,6.27
2025-08-17,Delhi,120,33.98,0.0,0.0
2025-08-18,Delhi,120,26.18,0.0,7.8
2025-08-19,Delhi,120,26.97,0.0,6.04
2025-08-20,Delhi,120,29.9,0.0,11.31
2025-08-21,Delhi,120,30.7,0.0,5.95
2025-08-22,Delhi,120,32.55,10.1,14.58
2025-08-23,Delhi,120,27.72,0.94,8.6
2025-08-24,Delhi,120,29.48,12.02,10.04
2025-08-25,Delhi,120,27.38,8.78,7.39
2025-08-26,Delhi,120,26.22,0.0,3.15
2025-08-27,Delhi,120,29.81,11.52,2.98
2025-08-28,Delhi,120,28.41,8.72,7.51
2025-08-29,Delhi,120,28.88,0.0,13.49
2025-08-30,Delhi,120,30.44,2.46,11.26
2025-08-31,Delhi,120,29.73,5.25,14.5
2025-09-01,Delhi,120,28.74,5.96,7.42
2025-09-02,Delhi,120,30.03,0.0,9.6
2025-09-03,Delhi,120,30.73,0.0,14.53
2025-09-04,Delhi,120,29.3,4.75,11.74
2025-09-05,Delhi,120,26.86,30.36,6.97
2025-09-06,Delhi,120,27.77,17.83,9.96
2025-09-07,Delhi,120,30.12,0.0,10.6
2025-09-08,Delhi,120,29.92,0.0,6.46
2025-09-09,Delhi,120,29.09,0.0,12.05
2025-09-10,Delhi,120,27.35,0.0,11.59
2025-09-11,Delhi,120,27.41,47.96,9.71
2025-09-12,Delhi,120,30.3,6.11,4.63
2025-09-13,Delhi,120,27.92,0.0,1.97
2025-09-14,Delhi,120,28.65,0.0,3.05
2025-09-15,Delhi,120,24.65,0.0,12.16
2025-09-16,Delhi,120,28.88,0.0,11.02
2025-09-17,Delhi,120,31.25,0.0,9.66
2025-09-18,Delhi,120,29.9,0.0,9.83
2025-09-19,Delhi,120,30.52,0.0,8.23
2025-09-20,Delhi,120,32.03,0.0,4.64
2025-09-21,Delhi,120,30.95,2.75,7.45
2025-09-22,Delhi,120,29.52,0.0,9.31
2025-09-23,Delhi,120,28.22,0.0,11.5
2025-09-24,Delhi,120,26.75,0.0,4.58
2025-09-25,Delhi,120,27.27,0.0,2.46
2025-09-26,Delhi,120,30.87,0.0,9.29
2025-09-27,Delhi,120,25.51,0.0,8.01
2025-09-28,Delhi,120,27.85,0.0,9.48
2025-09-29,Delhi,120,25.25,0.0,5.84
2025-09-30,Delhi,120,29.0,0.0,6.11
2023-01-01,Delhi,168,13.25,0.0,10.3
2023-01-02,Delhi,168,16.08,0.0,4.9
2023-01-03,Delhi,168,15.75,7.83,13.63
2023-01-04,Delhi,168,17.37,0.0,5.82
2023-01-05,Delhi,168,10.78,0.0,3.92
2023-01-06,Delhi,168,14.74,0.0,0.0
2023-01-07,Delhi,168,9.89,0.0,13.87
2023-01-08,Delhi,168,10.32,0.0,8.38
2023-01-09,Delhi,168,12.86,0.0,6.01
2023-01-10,Delhi,168,11.81,0.0,5.54
2023-01-11,Delhi,168,11.41,0.0,6.18
2023-01-12,Delhi,168,10.25,0.0,8.02
2023-01-13,Delhi,168,10.86,0.0,13.91
2023-01-14,Delhi,168,12.46,0.0,8.78
2023-01-15,Delhi,168,13.04,0.0,14.21
2023-01-16,Delhi,168,13.63,0.0,2.24
2023-01-17,Delhi,168,16.34,0.0,7.47
2023-01-18,Delhi,168,10.23,4.95,12.82
2023-01-19,Delhi,168,15.02,0.0,12.05
2023-01-20,Delhi,168,16.38,0.0,1.99
2023-01-21,Delhi,168,15.22,0.0,17.24
2023-01-22,Delhi,168,17.4,0.0,11.23
2023-01-23,Delhi,168,14.24,0.0,5.9
2023-01-24,Delhi,168,14.34,0.0,5.62
2023-01-25,Delhi,168,11.52,0.0,7.48
2023-01-26,Delhi,168,10.87,0.0,7.1
2023-01-27,Delhi,168,13.53,0.0,0.0
2023-01-28,Delhi,168,15.1,0.0,11.88
2023-01-29,Delhi,168,16.77,0.0,3.94
2023-01-30,Delhi,168,11.89,0.0,0.2
2023-01-31,Delhi,168,12.56,0.0,9.33
2023-02-01,Delhi,168,20.08,0.0,4.98
2023-02-02,Delhi,168,17.07,0.0,1.33
2023-02-03,Delhi,168,15.85,0.0,12.49
2023-02-04,Delhi,168,13.66,0.0,9.12
2023-02-05,Delhi,168,16.34,0.0,7.8
2023-02-06,Delhi,168,18.45,0.0,9.96
2023-02-07,Delhi,168,18.95,0.0,2.67
2023-02-08,Delhi,168,16.73,0.0,6.23
2023-02-09,Delhi,168,21.35,0.0,13.03
2023-02-10,Delhi,168,15.31,0.0,7.66
2023-02-11,Delhi,168,15.09,0.0,18.46
2023-02-12,Delhi,168,15.84,0.0,4.63
2023-02-13,Delhi,168,19.36,0.0,6.49
2023-02-14,Delhi,168,18.05,0.0,9.01
2023-02-15,Delhi,168,16.83,0.0,3.66
2023-02-16,Delhi,168,17.25,0.0,8.31
2023-02-17,Delhi,168,15.73,0.0,7.11
2023-02-18,Delhi,168,13.91,0.0,4.54
2023-02-19,Delhi,168,18.66,25.75,15.96
2023-02-20,Delhi,168,21.55,0.0,6.37
2023-02-21,Delhi,168,19.1,0.0,9.89
2023-02-22,Delhi,168,18.18,0.0,14.88
2023-02-23,Delhi,168,12.67,0.0,11.41
2023-02-24,Delhi,168,17.05,0.0,0.0
2023-02-25,Delhi,168,15.68,0.0,5.79
2023-02-26,Delhi,168,15.17,0.0,16.41
2023-02-27,Delhi,168,13.61,18.23,3.78
2023-02-28,Delhi,168,10.11,0.0,7.14
2023-03-01,Delhi,168,23.07,0.0,11.49
2023-03-02,Delhi,168,28.94,0.0,12.84
2023-03-03,Delhi,168,23.3,0.0,10.15
2023-03-04,Delhi,168,19.47,0.0,8.59
2023-03-05,Delhi,168,23.93,0.0,6.53
2023-03-06,Delhi,168,24.13,0.0,4.77
2023-03-07,Delhi,168,23.83,0.0,13.09
2023-03-08,Delhi,168,19.12,0.0,11.69
2023-03-09,Delhi,168,18.6,0.0,7.68
2023-03-10,Delhi,168,21.27,0.0,10.44
2023-03-11,Delhi,168,24.34,0.0,9.02
2023-03-12,Delhi,168,17.85,0.0,8.1
2023-03-13,Delhi,168,24.68,0.0,11.47
2023-03-14,Delhi,168,24.7,0.0,4.34
2023-03-15,Delhi,168,22.25,0.0,9.95
2023-03-16,Delhi,168,28.34,0.0,6.7
2023-03-17,Delhi,168,28.02,6.35,13.11
2023-03-18,Delhi,168,23.83,18.57,14.4
2023-03-19,Delhi,168,25.0,0.0,6.57
2023-03-20,Delhi,168,21.76,0.0,15.24
2023-03-21,Delhi,168,23.55,0.0,6.92
2023-03-22,Delhi,168,25.52,0.0,11.12
2023-03-23,Delhi,168,24.01,0.0,16.58
2023-03-24,Delhi,168,24.4,0.0,1.7
2023-03-25,Delhi,168,24.25,0.0,16.71
2023-03-26,Delhi,168,22.25,0.0,1.63
2023-03-27,Delhi,168,25.6,0.0,10.3
2023-03-28,Delhi,168,20.79,0.0,14.61
2023-03-29,Delhi,168,22.97,0.0,10.88
2023-03-30,Delhi,168,25.06,39.41,16.38
2023-03-31,Delhi,168,27.18,0.0,8.25
2023-04-01,Delhi,168,32.11,0.0,16.68
2023-04-02,Delhi,168,31.72,0.0,8.2
2023-04-03,Delhi,168,29.4,0.0,8.39
2023-04-04,Delhi,168,31.06,0.0,1.16
2023-04-05,Delhi,168,30.76,0.0,3.13
2023-04-06,Delhi,168,29.41,0.0,7.52
2023-04-07,Delhi,168,30.36,0.0,12.91
2023-04-08,Delhi,168,27.67,0.0,14.58
2023-04-09,Delhi,168,28.88,0.0,0.0
2023-04-10,Delhi,168,28.54,0.0,9.76
2023-04-11,Delhi,168,32.31,0.0,7.21
2023-04-12,Delhi,168,26.19,0.0,10.22
2023-04-13,Delhi,168,30.96,0.0,0.0
2023-04-14,Delhi,168,26.64,0.0,1.46
2023-04-15,Delhi,168,31.13,0.0,3.23
2023-04-16,Delhi,168,29.76,0.0,16.24
2023-04-17,Delhi,168,29.84,0.0,10.98
2023-04-18,Delhi,168,34.47,0.0,9.06
2023-04-19,Delhi,168,29.23,0.0,5.96
2023-04-20,Delhi,168,33.6,0.0,9.71
2023-04-21,Delhi,168,30.58,0.0,14.75
2023-04-22,Delhi,168,31.87,0.0,10.33
2023-04-23,Delhi,168,31.35,0.0,9.69
2023-04-24,Delhi,168,31.03,0.0,11.82
2023-04-25,Delhi,168,25.83,0.0,12.86
2023-04-26,Delhi,168,25.86,0.0,10.41
2023-04-27,Delhi,168,33.87,0.0,5.77
2023-04-28,Delhi,168,32.69,0.0,10.7
2023-04-29,Delhi,168,31.97,0.0,6.13
2023-04-30,Delhi,168,29.47,0.0,8.51
2023-05-01,Delhi,168,38.1,0.0,24.36
2023-05-02,Delhi,168,35.23,0.0,16.13
2023-05-03,Delhi,168,35.89,0.0,21.54
2023-05-04,Delhi,168,39.18,0.0,6.25
2023-05-05,Delhi,168,36.0,0.0,3.74
2023-05-06,Delhi,168,37.47,0.0,11.83
2023-05-07,Delhi,168,32.47,0.0,13.32
2023-05-08,Delhi,168,31.48,0.0,15.71
2023-05-09,Delhi,168,30.22,0.0,17.41
2023-05-10,Delhi,168,36.58,0.0,21.12
2023-05-11,Delhi,168,34.95,0.0,14.03
2023-05-12,Delhi,168,31.16,0.0,20.55
2023-05-13,Delhi,168,36.23,0.0,19.49
2023-05-14,Delhi,168,35.06,0.0,10.53
2023-05-15,Delhi,168,37.54,66.6,13.38
2023-05-16,Delhi,168,30.39,0.0,13.31
2023-05-17,Delhi,168,30.67,0.0,13.58
2023-05-18,Delhi,168,34.73,0.0,18.5
2023-05-19,Delhi,168,33.09,0.0,6.78
2023-05-20,Delhi,168,31.71,0.0,14.57
2023-05-21,Delhi,168,36.53,0.0,8.59
2023-05-22,Delhi,168,32.46,0.0,11.9
2023-05-23,Delhi,168,38.24,0.0,11.26
2023-05-24,Delhi,168,36.15,0.0,6.8
2023-05-25,Delhi,168,36.21,0.0,4.89
2023-05-26,Delhi,168,36.78,0.0,0.44
2023-05-27,Delhi,168,34.8,0.0,6.13
2023-05-28,Delhi,168,33.39,0.0,3.8
2023-05-29,Delhi,168,27.27,0.0,9.47
2023-05-30,Delhi,168,36.67,0.0,9.49
2023-05-31,Delhi,168,34.41,0.0,8.57
2023-06-01,Delhi,168,32.7,0.0,18.74
2023-06-02,Delhi,168,33.42,0.0,12.78
2023-06-03,Delhi,168,31.9,0.0,21.63
2023-06-04,Delhi,168,36.41,0.0,13.29
2023-06-05,Delhi,168,35.51,0.0,15.16
2023-06-06,Delhi,168,36.5,0.0,24.7
2023-06-07,Delhi,168,34.85,0.0,16.56
2023-06-08,Delhi,168,36.57,0.0,25.84
2023-06-09,Delhi,168,36.39,0.0,7.65
2023-06-10,Delhi,168,41.35,0.0,20.15
2023-06-11,Delhi,168,36.96,0.0,13.8
2023-06-12,Delhi,168,32.68,0.0,5.01
2023-06-13,Delhi,168,37.32,0.0,17.13
2023-06-14,Delhi,168,34.99,5.65,18.27
2023-06-15,Delhi,168,34.6,5.66,12.17
2023-06-16,Delhi,168,38.29,0.0,14.03
2023-06-17,Delhi,168,33.37,0.0,3.25
2023-06-18,Delhi,168,35.83,0.0,16.29
2023-06-19,Delhi,168,35.99,0.0,8.88
2023-06-20,Delhi,168,32.02,0.0,8.45
2023-06-21,Delhi,168,34.52,0.0,22.57
2023-06-22,Delhi,168,34.73,0.0,11.37
2023-06-23,Delhi,168,35.05,14.37,19.74
2023-06-24,Delhi,168,35.2,0.79,16.11
2023-06-25,Delhi,168,33.67,0.0,10.21
2023-06-26,Delhi,168,28.2,0.0,21.25
2023-06-27,Delhi,168,35.6,0.0,21.28
2023-06-28,Delhi,168,31.74,0.0,19.92
2023-06-29,Delhi,168,31.45,0.0,27.42
2023-06-30,Delhi,168,33.71,0.0,6.2
2023-07-01,Delhi,168,29.55,24.42,8.57
2023-07-02,Delhi,168,31.16,12.47,11.77
2023-07-03,Delhi,168,29.37,0.0,12.1
2023-07-04,Delhi,168,26.21,0.0,8.09
2023-07-05,Delhi,168,27.66,0.21,8.03
2023-07-06,Delhi,168,32.19,0.0,4.81
2023-07-07,Delhi,168,34.54,4.58,16.99
2023-07-08,Delhi,168,34.53,46.9,1.06
2023-07-09,Delhi,168,30.42,5.42,17.24
2023-07-10,Delhi,168,32.44,45.05,13.82
2023-07-11,Delhi,168,34.04,0.0,22.34
2023-07-12,Delhi,168,31.88,33.33,16.48
2023-07-13,Delhi,168,28.37,13.64,7.26
2023-07-14,Delhi,168,31.39,0.0,21.85
2023-07-15,Delhi,168,30.92,0.0,14.74
2023-07-16,Delhi,168,33.24,0.0,10.42
2023-07-17,Delhi,168,33.15,0.0,21.52
2023-07-18,Delhi,168,31.94,39.94,13.73
2023-07-19,Delhi,168,28.55,3.76,10.33
2023-07-20,Delhi,168,27.6,56.07,19.66
2023-07-21,Delhi,168,32.51,11.38,19.59
2023-07-22,Delhi,168,34.4,0.0,11.12
2023-07-23,Delhi,168,34.87,0.0,13.75
2023-07-24,Delhi,168,34.19,0.0,6.94
2023-07-25,Delhi,168,30.33,0.0,0.25
2023-07-26,Delhi,168,32.23,0.0,4.78
2023-07-27,Delhi,168,33.92,0.0,6.28
2023-07-28,Delhi,168,31.13,0.0,9.45
2023-07-29,Delhi,168,31.36,0.0,12.63
2023-07-30,Delhi,168,31.4,4.83,14.2
2023-07-31,Delhi,168,34.43,7.52,18.91
2023-08-01,Delhi,168,26.69,0.0,21.28
2023-08-02,Delhi,168,34.37,89.53,15.82
2023-08-03,Delhi,168,34.08,7.27,14.45
2023-08-04,Delhi,168,35.05,12.7,21.65
2023-08-05,Delhi,168,34.26,11.04,8.39
2023-08-06,Delhi,168,29.76,1.36,10.41
2023-08-07,Delhi,168,31.08,0.0,14.01
2023-08-08,Delhi,168,29.87,12.59,6.1
2023-08-09,Delhi,168,32.94,0.0,15.57
2023-08-10,Delhi,168,32.75,0.0,14.12
2023-08-11,Delhi,168,24.44,15.66,6.3
2023-08-12,Delhi,168,29.56,11.09,9.79
2023-08-13,Delhi,168,30.92,1.46,8.82
2023-08-14,Delhi,168,36.71,7.44,13.99
2023-08-15,Delhi,168,34.24,12.66,11.43
2023-08-16,Delhi,168,28.99,1.16,4.21
2023-08-17,Delhi,168,31.19,0.82,9.39
2023-08-18,Delhi,168,32.7,3.67,12.8
2023-08-19,Delhi,168,31.72,14.4,17.2
2023-08-20,Delhi,168,26.92,4.53,15.04
2023-08-21,Delhi,168,28.56,13.05,5.87
2023-08-22,Delhi,168,26.97,0.9,6.54
2023-08-23,Delhi,168,31.22,17.35,16.79
2023-08-24,Delhi,168,28.86,0.0,3.3
2023-08-25,Delhi,168,29.72,0.0,5.49
2023-08-26,Delhi,168,31.88,0.0,10.74
2023-08-27,Delhi,168,33.46,40.69,15.03
2023-08-28,Delhi,168,32.48,0.0,15.37
2023-08-29,Delhi,168,25.09,26.59,16.18
2023-08-30,Delhi,168,28.91,1.58,11.35
2023-08-31,Delhi,168,26.53,0.0,13.47
2023-09-01,Delhi,168,26.59,19.19,5.65
2023-09-02,Delhi,168,25.67,5.75,11.75
2023-09-03,Delhi,168,27.85,0.0,10.79
2023-09-04,Delhi,168,26.67,0.0,6.14
2023-09-05,Delhi,168,29.08,0.0,5.5
2023-09-06,Delhi,168,33.69,0.0,3.86
2023-09-07,Delhi,168,32.38,0.0,8.84
2023-09-08,Delhi,168,28.22,0.0,0.0
2023-09-09,Delhi,168,32.63,3.6,11.96
2023-09-10,Delhi,168,34.18,11.68,5.4
2023-09-11,Delhi,168,31.41,1.76,12.89
2023-09-12,Delhi,168,30.09,32.49,17.13
2023-09-13,Delhi,168,31.38,0.0,12.71
2023-09-14,Delhi,168,29.81,0.0,8.97
2023-09-15,Delhi,168,29.69,0.0,0.0
2023-09-16,Delhi,168,28.66,0.0,11.11
2023-09-17,Delhi,168,26.83,0.0,9.03
2023-09-18,Delhi,168,25.6,0.0,0.0
2023-09-19,Delhi,168,27.42,0.0,10.91
2023-09-20,Delhi,168,30.86,0.0,7.51
2023-09-21,Delhi,168,32.26,0.0,0.0
2023-09-22,Delhi,168,29.21,0.0,14.15
2023-09-23,Delhi,168,31.83,0.0,0.76
2023-09-24,Delhi,168,28.04,0.0,6.91
2023-09-25,Delhi,168,29.86,0.0,3.1
2023-09-26,Delhi,168,28.84,13.49,0.0
2023-09-27,Delhi,168,27.65,0.0,10.59
2023-09-28,Delhi,168,28.78,0.0,12.65
2023-09-29,Delhi,168,26.55,0.56,5.3
2023-09-30,Delhi,168,33.38,11.93,7.28
2023-10-01,Delhi,168,26.18,0.0,0.33
2023-10-02,Delhi,168,27.73,0.0,0.36
2023-10-03,Delhi,168,22.59,0.0,11.49
2023-10-04,Delhi,168,22.58,0.0,6.25
2023-10-05,Delhi,168,28.44,0.0,7.2
2023-10-06,Delhi,168,19.15,0.0,1.67
2023-10-07,Delhi,168,27.43,0.0,0.1
2023-10-08,Delhi,168,23.94,0.0,6.64
2023-10-09,Delhi,168,26.69,0.0,0.0
2023-10-10,Delhi,168,33.31,0.0,0.0
2023-10-11,Delhi,168,26.98,423.07,21.11
2023-10-12,Delhi,168,25.81,0.0,0.0
2023-10-13,Delhi,168,24.2,0.0,0.0
2023-10-14,Delhi,168,25.55,0.0,2.49
2023-10-15,Delhi,168,26.92,0.0,8.36
2023-10-16,Delhi,168,32.18,0.0,1.05
2023-10-17,Delhi,168,26.93,0.0,10.23
2023-10-18,Delhi,168,28.57,0.0,10.83
2023-10-19,Delhi,168,26.27,0.0,3.62
2023-10-20,Delhi,168,24.03,0.0,7.42
2023-10-21,Delhi,168,21.91,0.0,10.26
2023-10-22,Delhi,168,21.37,0.0,5.14
2023-10-23,Delhi,168,19.94,0.0,0.0
2023-10-24,Delhi,168,23.15,0.0,10.61
2023-10-25,Delhi,168,23.0,0.0,7.77
2023-10-26,Delhi,168,20.93,0.0,8.63
2023-10-27,Delhi,168,22.75,0.0,1.75
2023-10-28,Delhi,168,20.48,0.0,1.2
2023-10-29,Delhi,168,21.78,0.0,0.0
2023-10-30,Delhi,168,24.3,0.0,6.37
2023-10-31,Delhi,168,25.38,0.0,0.29
2023-11-01,Delhi,168,19.62,0.0,1.43
2023-11-02,Delhi,168,20.97,0.0,5.66
2023-11-03,Delhi,168,17.68,0.0,4.26
2023-11-04,Delhi,168,20.13,0.0,0.0
2023-11-05,Delhi,168,20.61,0.0,7.43
2023-11-06,Delhi,168,16.85,0.0,6.71
2023-11-07,Delhi,168,16.53,0.0,2.96
2023-11-08,Delhi,168,16.75,0.0,0.0
2023-11-09,Delhi,168,15.59,0.0,6.34
2023-11-10,Delhi,168,13.0,0.0,0.0
2023-11-11,Delhi,168,19.54,0.0,7.95
2023-11-12,Delhi,168,12.95,0.0,6.89
2023-11-13,Delhi,168,19.27,0.0,2.1
2023-11-14,Delhi,168,16.99,0.0,1.23
2023-11-15,Delhi,168,18.18,0.0,0.0
2023-11-16,Delhi,168,17.6,0.0,11.77
2023-11-17,Delhi,168,12.65,0.0,6.02
2023-11-18,Delhi,168,16.17,0.0,0.0
2023-11-19,Delhi,168,14.01,0.0,4.02
2023-11-20,Delhi,168,17.05,0.0,0.0
2023-11-21,Delhi,168,21.74,0.0,2.78
2023-11-22,Delhi,168,19.8,0.0,12.15
2023-11-23,Delhi,168,17.4,0.0,11.65
2023-11-24,Delhi,168,20.83,0.0,9.38
2023-11-25,Delhi,168,20.08,0.0,15.6
2023-11-26,Delhi,168,18.32,0.0,17.37
2023-11-27,Delhi,168,12.89,0.0,8.27
2023-11-28,Delhi,168,19.49,0.0,7.06
2023-11-29,Delhi,168,23.53,0.0,4.42
2023-11-30,Delhi,168,20.44,0.0,15.91
2023-12-01,Delhi,168,16.03,0.0,12.78
2023-12-02,Delhi,168,18.85,0.0,17.94
2023-12-03,Delhi,168,18.88,0.0,8.23
2023-12-04,Delhi,168,13.51,0.0,6.1
2023-12-05,Delhi,168,12.78,0.0,3.53
2023-12-06,Delhi,168,14.0,0.0,6.96
2023-12-07,Delhi,168,12.99,0.0,10.93
2023-12-08,Delhi,168,14.64,0.0,5.14
2023-12-09,Delhi,168,15.58,0.0,8.58
2023-12-10,Delhi,168,12.95,0.0,4.99
2023-12-11,Delhi,168,9.32,0.0,8.04
2023-12-12,Delhi,168,13.96,0.0,3.69
2023-12-13,Delhi,168,14.86,0.0,7.03
2023-12-14,Delhi,168,14.25,0.0,1.11
2023-12-15,Delhi,168,12.91,0.0,4.58
2023-12-16,Delhi,168,14.09,0.0,8.72
2023-12-17,Delhi,168,14.4,22.08,17.55
2023-12-18,Delhi,168,14.93,0.0,9.14
2023-12-19,Delhi,168,17.68,0.0,4.5
2023-12-20,Delhi,168,15.85,0.0,0.33
2023-12-21,Delhi,168,17.15,0.0,4.98
2023-12-22,Delhi,168,10.48,0.0,6.12
2023-12-23,Delhi,168,12.89,0.0,1.12
2023-12-24,Delhi,168,17.13,0.0,0.0
2023-12-25,Delhi,168,13.06,0.0,10.65
2023-12-26,Delhi,168,17.66,0.0,4.03
2023-12-27,Delhi,168,16.11,0.0,4.72
2023-12-28,Delhi,168,16.69,0.0,3.6
2023-12-29,Delhi,168,16.77,4.69,2.71
2023-12-30,Delhi,168,14.9,0.0,7.15
2023-12-31,Delhi,168,11.6,0.0,10.65
2024-01-01,Delhi,168,13.47,0.0,6.05
2024-01-02,Delhi,168,12.45,0.0,5.92
2024-01-03,Delhi,168,10.64,0.0,8.36
2024-01-04,Delhi,168,9.93,0.0,1.27
2024-01-05,Delhi,168,15.07,0.0,0.0
2024-01-06,Delhi,168,8.6,0.0,11.01
2024-01-07,Delhi,168,12.49,0.0,11.3
2024-01-08,Delhi,168,5.95,0.0,16.06
2024-01-09,Delhi,168,9.81,0.0,13.34
2024-01-10,Delhi,168,5.68,0.0,10.01
2024-01-11,Delhi,168,13.18,0.0,2.28
2024-01-12,Delhi,168,13.83,0.0,6.75
2024-01-13,Delhi,168,14.45,0.0,12.67
2024-01-14,Delhi,168,13.0,0.0,0.0
2024-01-15,Delhi,168,18.92,0.0,2.16
2024-01-16,Delhi,168,14.27,0.0,2.78
2024-01-17,Delhi,168,14.65,0.0,4.63
2024-01-18,Delhi,168,11.82,0.0,2.25
2024-01-19,Delhi,168,10.63,0.0,1.93
2024-01-20,Delhi,168,14.44,0.0,13.27
2024-01-21,Delhi,168,12.19,0.0,9.36
2024-01-22,Delhi,168,10.97,0.0,4.71
2024-01-23,Delhi,168,11.84,0.0,5.73
2024-01-24,Delhi,168,13.69,0.0,7.74
2024-01-25,Delhi,168,12.93,0.0,10.77
2024-01-26,Delhi,168,14.12,0.0,0.82
2024-01-27,Delhi,168,7.85,0.0,13.78
2024-01-28,Delhi,168,4.74,0.0,2.78
2024-01-29,Delhi,168,14.04,0.0,4.73
2024-01-30,Delhi,168,13.43,0.0,2.15
2024-01-31,Delhi,168,16.46,0.0,2.18
2024-02-01,Delhi,168,17.85,0.0,10.89
2024-02-02,Delhi,168,16.61,0.0,5.6
2024-02-03,Delhi,168,16.71,0.0,13.2
2024-02-04,Delhi,168,19.27,0.0,12.17
2024-02-05,Delhi,168,21.27,0.0,19.85
2024-02-06,Delhi,168,18.63,0.0,6.92
2024-02-07,Delhi,168,20.26,0.0,16.63
2024-02-08,Delhi,168,18.27,0.0,3.92
2024-02-09,Delhi,168,19.38,0.0,15.46
2024-02-10,Delhi,168,14.29,0.0,11.76
2024-02-11,Delhi,168,15.21,0.0,12.98
2024-02-12,Delhi,168,19.65,0.0,7.07
2024-02-13,Delhi,168,15.5,0.0,2.07
2024-02-14,Delhi,168,17.36,0.0,5.53
2024-02-15,Delhi,168,20.71,0.0,7.7
2024-02-16,Delhi,168,19.74,0.0,4.6
2024-02-17,Delhi,168,21.41,0.0,9.7
2024-02-18,Delhi,168,16.9,0.0,4.34
2024-02-19,Delhi,168,18.54,0.0,20.32
2024-02-20,Delhi,168,16.81,0.0,7.46
2024-02-21,Delhi,168,15.24,0.0,9.24
2024-02-22,Delhi,168,15.41,0.0,9.09
2024-02-23,Delhi,168,18.62,0.0,0.0
2024-02-24,Delhi,168,13.84,0.0,3.3
2024-02-25,Delhi,168,13.19,0.0,11.35
2024-02-26,Delhi,168,10.58,0.0,15.31
2024-02-27,Delhi,168,17.1,0.0,8.58
2024-02-28,Delhi,168,14.0,0.0,10.79
2024-02-29,Delhi,168,18.59,21.41,8.74
2024-03-01,Delhi,168,22.38,0.0,6.65
2024-03-02,Delhi,168,21.66,0.0,0.19
2024-03-03,Delhi,168,24.48,0.0,14.88
2024-03-04,Delhi,168,25.4,0.0,8.52
2024-03-05,Delhi,168,29.44,0.0,12.82
2024-03-06,Delhi,168,23.08,0.0,8.44
2024-03-07,Delhi,168,24.3,0.0,1.99
2024-03-08,Delhi,168,26.45,0.0,6.17
2024-03-09,Delhi,168,27.02,0.0,3.68
2024-03-10,Delhi,168,25.79,0.0,11.76
2024-03-11,Delhi,168,22.79,0.0,1.53
2024-03-12,Delhi,168,20.0,0.0,12.74
2024-03-13,Delhi,168,24.13,0.0,12.88
2024-03-14,Delhi,168,18.15,0.0,11.0
2024-03-15,Delhi,168,22.71,0.0,1.42
2024-03-16,Delhi,168,21.41,0.0,14.63
2024-03-17,Delhi,168,26.67,0.0,3.79
2024-03-18,Delhi,168,20.07,0.0,3.2
2024-03-19,Delhi,168,25.08,0.0,2.3
2024-03-20,Delhi,168,23.95,0.0,3.6
2024-03-21,Delhi,168,24.94,0.0,5.23
2024-03-22,Delhi,168,26.22,0.0,3.06
2024-03-23,Delhi,168,27.51,0.0,0.0
2024-03-24,Delhi,168,25.95,0.0,8.3
2024-03-25,Delhi,168,26.52,0.0,13.27
2024-03-26,Delhi,168,29.31,0.0,7.89
2024-03-27,Delhi,168,25.02,0.0,11.54
2024-03-28,Delhi,168,23.55,0.0,10.93
2024-03-29,Delhi,168,21.82,0.0,11.85
2024-03-30,Delhi,168,21.28,0.0,15.05
2024-03-31,Delhi,168,26.11,0.0,6.95
2024-04-01,Delhi,168,28.18,0.0,9.44
2024-04-02,Delhi,168,29.6,0.0,8.47
2024-04-03,Delhi,168,28.42,0.0,7.02
2024-04-04,Delhi,168,27.55,20.6,9.47
2024-04-05,Delhi,168,34.73,0.0,14.87
2024-04-06,Delhi,168,31.77,0.0,17.6
2024-04-07,Delhi,168,30.8,0.0,1.48
2024-04-08,Delhi,168,26.03,0.0,14.16
2024-04-09,Delhi,168,27.69,0.0,11.12
2024-04-10,Delhi,168,26.04,0.0,10.06
2024-04-11,Delhi,168,27.47,0.0,4.18
2024-04-12,Delhi,168,30.63,0.0,9.96
2024-04-13,Delhi,168,26.91,0.0,11.19
2024-04-14,Delhi,168,27.28,0.0,18.21
2024-04-15,Delhi,168,27.14,0.0,11.69
2024-04-16,Delhi,168,30.15,0.0,10.68
2024-04-17,Delhi,168,28.56,0.0,11.39
2024-04-18,Delhi,168,28.66,0.0,19.1
2024-04-19,Delhi,168,29.16,0.0,14.56
2024-04-20,Delhi,168,26.55,0.0,5.78
2024-04-21,Delhi,168,24.17,0.0,10.96
2024-04-22,Delhi,168,26.69,0.0,19.79
2024-04-23,Delhi,168,26.56,0.0,13.99
2024-04-24,Delhi,168,26.04,0.0,15.79
2024-04-25,Delhi,168,26.57,0.0,7.89
2024-04-26,Delhi,168,29.3,0.0,3.96
2024-04-27,Delhi,168,27.77,0.0,15.03
2024-04-28,Delhi,168,29.6,0.0,13.24
2024-04-29,Delhi,168,30.02,0.0,16.38
2024-04-30,Delhi,168,28.82,0.0,7.52
2024-05-01,Delhi,168,25.97,0.0,4.06
2024-05-02,Delhi,168,31.78,0.0,10.2
2024-05-03,Delhi,168,30.47,0.0,12.23
2024-05-04,Delhi,168,35.54,0.0,13.59
2024-05-05,Delhi,168,29.22,0.0,17.68
2024-05-06,Delhi,168,33.15,0.0,8.89
2024-05-07,Delhi,168,34.8,0.0,10.92
2024-05-08,Delhi,168,33.41,0.0,23.16
2024-05-09,Delhi,168,32.52,0.0,24.92
2024-05-10,Delhi,168,36.56,0.0,5.44
2024-05-11,Delhi,168,36.88,0.0,6.71
2024-05-12,Delhi,168,31.91,0.0,9.06
2024-05-13,Delhi,168,38.51,0.0,13.85
2024-05-14,Delhi,168,32.73,0.0,19.23
2024-05-15,Delhi,168,34.54,0.0,10.92
2024-05-16,Delhi,168,32.85,0.0,12.36
2024-05-17,Delhi,168,33.85,0.0,5.86
2024-05-18,Delhi,168,37.21,0.0,22.29
2024-05-19,Delhi,168,32.3,0.0,9.33
2024-05-20,Delhi,168,31.3,0.0,14.91
2024-05-21,Delhi,168,34.5,0.0,11.65
2024-05-22,Delhi,168,29.76,0.0,12.77
2024-05-23,Delhi,168,37.17,0.0,7.83
2024-05-24,Delhi,168,30.34,0.0,17.57
2024-05-25,Delhi,168,34.89,0.0,10.87
2024-05-26,Delhi,168,30.51,0.0,10.09
2024-05-27,Delhi,168,33.94,0.0,16.19
2024-05-28,Delhi,168,31.62,0.0,18.24
2024-05-29,Delhi,168,31.65,0.0,14.38
2024-05-30,Delhi,168,33.07,0.0,6.86
2024-05-31,Delhi,168,34.15,0.0,2.22
2024-06-01,Delhi,168,31.97,0.0,23.15
2024-06-02,Delhi,168,31.71,0.0,21.5
2024-06-03,Delhi,168,32.14,0.0,8.23
2024-06-04,Delhi,168,29.54,0.0,10.89
2024-06-05,Delhi,168,31.81,0.0,18.91
2024-06-06,Delhi,168,31.91,0.0,16.59
2024-06-07,Delhi,168,35.56,0.0,9.75
2024-06-08,Delhi,168,36.45,0.0,14.8
2024-06-09,Delhi,168,39.63,0.0,16.86
2024-06-10,Delhi,168,32.2,0.0,15.08
2024-06-11,Delhi,168,33.96,0.0,28.32
2024-06-12,Delhi,168,34.84,0.0,11.48
2024-06-13,Delhi,168,29.52,0.0,16.73
2024-06-14,Delhi,168,27.13,0.0,24.54
2024-06-15,Delhi,168,32.2,1.34,10.01
2024-06-16,Delhi,168,35.23,0.0,16.03
2024-06-17,Delhi,168,32.75,0.0,10.95
2024-06-18,Delhi,168,31.16,0.0,12.22
2024-06-19,Delhi,168,32.27,0.0,11.39
2024-06-20,Delhi,168,37.94,0.0,19.48
2024-06-21,Delhi,168,33.57,0.0,7.95
2024-06-22,Delhi,168,35.53,0.0,12.1
2024-06-23,Delhi,168,34.34,2.34,11.95
2024-06-24,Delhi,168,36.54,0.0,13.63
2024-06-25,Delhi,168,37.58,0.0,15.03
2024-06-26,Delhi,168,36.85,0.0,14.66
2024-06-27,Delhi,168,39.68,0.0,11.39
2024-06-28,Delhi,168,32.92,10.16,11.37
2024-06-29,Delhi,168,38.36,0.0,13.0
2024-06-30,Delhi,168,37.03,0.0,22.12
2024-07-01,Delhi,168,30.25,0.0,20.75
2024-07-02,Delhi,168,33.02,8.52,11.28
2024-07-03,Delhi,168,30.82,17.15,14.35
2024-07-04,Delhi,168,36.65,97.29,19.94
2024-07-05,Delhi,168,34.54,0.0,1.44
2024-07-06,Delhi,168,32.13,7.96,12.65
2024-07-07,Delhi,168,34.52,0.0,2.26
2024-07-08,Delhi,168,29.54,0.0,7.17
2024-07-09,Delhi,168,33.32,0.0,18.89
2024-07-10,Delhi,168,34.22,0.0,16.71
2024-07-11,Delhi,168,31.14,0.0,16.3
2024-07-12,Delhi,168,35.24,17.5,10.74
2024-07-13,Delhi,168,31.64,9.42,15.4
2024-07-14,Delhi,168,30.96,2.22,10.78
2024-07-15,Delhi,168,31.48,0.0,14.11
2024-07-16,Delhi,168,30.75,0.0,11.75
2024-07-17,Delhi,168,29.8,0.0,14.49
2024-07-18,Delhi,168,31.49,0.0,10.84
2024-07-19,Delhi,168,30.19,0.0,11.8
2024-07-20,Delhi,168,28.28,0.0,10.42
2024-07-21,Delhi,168,29.82,0.0,21.81
2024-07-22,Delhi,168,33.38,0.0,21.37
2024-07-23,Delhi,168,28.86,0.0,5.67
2024-07-24,Delhi,168,31.59,3.26,13.54
2024-07-25,Delhi,168,29.06,12.5,12.71
2024-07-26,Delhi,168,28.21,8.6,9.12
2024-07-27,Delhi,168,29.16,4.88,15.29
2024-07-28,Delhi,168,31.95,5.62,9.17
2024-07-29,Delhi,168,30.18,24.8,11.23
2024-07-30,Delhi,168,27.68,8.54,9.0
2024-07-31,Delhi,168,28.74,2.02,12.99
2024-08-01,Delhi,168,31.77,0.0,15.23
2024-08-02,Delhi,168,32.72,75.56,15.51
2024-08-03,Delhi,168,24.6,39.83,13.8
2024-08-04,Delhi,168,28.95,22.39,9.44
2024-08-05,Delhi,168,35.32,0.0,16.19
2024-08-06,Delhi,168,34.09,2.47,7.46
2024-08-07,Delhi,168,30.45,0.0,12.81
2024-08-08,Delhi,168,30.21,2.96,5.41
2024-08-09,Delhi,168,31.53,0.0,7.84
2024-08-10,Delhi,168,30.44,15.37,18.12
2024-08-11,Delhi,168,31.87,41.03,14.54
2024-08-12,Delhi,168,28.23,13.88,6.83
2024-08-13,Delhi,168,29.93,0.0,19.58
2024-08-14,Delhi,168,30.27,0.0,6.02
2024-08-15,Delhi,168,28.99,3.3,15.04
2024-08-16,Delhi,168,30.69,0.0,22.38
2024-08-17,Delhi,168,32.1,0.44,13.14
2024-08-18,Delhi,168,30.87,11.28,16.03
2024-08-19,Delhi,168,30.19,44.38,14.75
2024-08-20,Delhi,168,30.83,34.56,10.49
2024-08-21,Delhi,168,31.19,23.61,8.66
2024-08-22,Delhi,168,31.23,0.0,8.07
2024-08-23,Delhi,168,31.25,0.0,2.2
2024-08-24,Delhi,168,26.27,0.0,16.1
2024-08-25,Delhi,168,31.63,0.0,13.75
2024-08-26,Delhi,168,31.72,0.0,8.86
2024-08-27,Delhi,168,32.18,6.43,7.97
2024-08-28,Delhi,168,31.38,6.07,6.38
2024-08-29,Delhi,168,31.26,2.57,15.37
2024-08-30,Delhi,168,31.67,13.94,11.85
2024-08-31,Delhi,168,31.32,0.59,7.88
2024-09-01,Delhi,168,25.26,0.0,1.91
2024-09-02,Delhi,168,25.07,0.0,9.77
2024-09-03,Delhi,168,27.95,10.4,13.7
2024-09-04,Delhi,168,25.57,0.0,11.13
2024-09-05,Delhi,168,30.66,0.0,5.07
2024-09-06,Delhi,168,31.88,0.0,8.36
2024-09-07,Delhi,168,25.01,0.0,13.93
2024-09-08,Delhi,168,27.92,55.77,15.8
2024-09-09,Delhi,168,26.03,0.0,7.83
2024-09-10,Delhi,168,30.45,0.0,16.03
2024-09-11,Delhi,168,27.59,58.22,5.22
2024-09-12,Delhi,168,29.76,3.09,0.0
2024-09-13,Delhi,168,34.04,1.4,12.44
2024-09-14,Delhi,168,30.27,0.31,12.64
2024-09-15,Delhi,168,30.81,0.0,8.47
2024-09-16,Delhi,168,29.3,0.0,5.75
2024-09-17,Delhi,168,27.12,2.85,10.39
2024-09-18,Delhi,168,29.46,0.0,11.95
2024-09-19,Delhi,168,30.63,36.07,16.78
2024-09-20,Delhi,168,32.6,0.0,13.07
2024-09-21,Delhi,168,34.26,21.69,10.95
2024-09-22,Delhi,168,30.22,0.0,8.32
2024-09-23,Delhi,168,31.71,0.0,11.86
2024-09-24,Delhi,168,30.95,0.0,8.1
2024-09-25,Delhi,168,28.82,0.0,14.3
2024-09-26,Delhi,168,31.24,9.12,11.97
2024-09-27,Delhi,168,30.52,0.0,7.02
2024-09-28,Delhi,168,32.32,0.0,6.19
2024-09-29,Delhi,168,30.11,0.0,22.65
2024-09-30,Delhi,168,32.38,2.68,13.55
2024-10-01,Delhi,168,30.76,0.0,9.95
2024-10-02,Delhi,168,25.04,0.0,7.6
2024-10-03,Delhi,168,25.27,0.0,1.46
2024-10-04,Delhi,168,30.52,0.0,1.84
2024-10-05,Delhi,168,27.87,0.0,4.76
2024-10-06,Delhi,168,26.46,0.0,0.72
2024-10-07,Delhi,168,23.91,0.0,7.8
2024-10-08,Delhi,168,22.62,0.0,0.2
2024-10-09,Delhi,168,23.12,0.0,1.66
2024-10-10,Delhi,168,27.52,0.0,6.36
2024-10-11,Delhi,168,22.2,0.0,1.63
2024-10-12,Delhi,168,27.8,0.0,0.68
2024-10-13,Delhi,168,25.32,0.0,8.96
2024-10-14,Delhi,168,21.25,0.0,0.0
2024-10-15,Delhi,168,25.34,0.0,4.93
2024-10-16,Delhi,168,26.99,0.0,2.59
2024-10-17,Delhi,168,23.81,0.0,7.17
2024-10-18,Delhi,168,25.32,0.0,7.68
2024-10-19,Delhi,168,25.76,0.0,11.27
2024-10-20,Delhi,168,25.68,0.0,4.65
2024-10-21,Delhi,168,27.23,0.0,0.0
2024-10-22,Delhi,168,22.68,0.0,4.05
2024-10-23,Delhi,168,22.92,0.0,12.57
2024-10-24,Delhi,168,26.16,0.0,6.25
2024-10-25,Delhi,168,27.64,0.0,8.45
2024-10-26,Delhi,168,21.43,0.0,9.11
2024-10-27,Delhi,168,28.25,0.0,12.2
2024-10-28,Delhi,168,29.18,0.0,15.53
2024-10-29,Delhi,168,30.06,0.0,8.26
2024-10-30,Delhi,168,22.34,0.0,3.13
2024-10-31,Delhi,168,25.1,0.0,3.78
2024-11-01,Delhi,168,20.9,0.0,0.96
2024-11-02,Delhi,168,18.18,0.0,4.21
2024-11-03,Delhi,168,20.54,0.0,7.59
2024-11-04,Delhi,168,19.21,0.0,13.9
2024-11-05,Delhi,168,19.42,0.0,3.66
2024-11-06,Delhi,168,18.92,0.0,0.36
2024-11-07,Delhi,168,19.03,0.0,1.46
2024-11-08,Delhi,168,22.46,0.0,5.03
2024-11-09,Delhi,168,21.4,0.0,0.0
2024-11-10,Delhi,168,23.95,0.0,10.54
2024-11-11,Delhi,168,21.99,0.0,0.0
2024-11-12,Delhi,168,16.34,0.0,0.0
2024-11-13,Delhi,168,15.89,0.0,0.03
2024-11-14,Delhi,168,20.59,0.0,0.58
2024-11-15,Delhi,168,18.31,0.0,8.41
2024-11-16,Delhi,168,17.49,0.0,0.91
2024-11-17,Delhi,168,17.84,0.0,2.29
2024-11-18,Delhi,168,19.77,0.0,10.76
2024-11-19,Delhi,168,20.72,0.0,1.94
2024-11-20,Delhi,168,23.47,0.0,1.61
2024-11-21,Delhi,168,18.64,0.0,4.02
2024-11-22,Delhi,168,17.59,0.0,0.0
2024-11-23,Delhi,168,18.2,0.0,0.9
2024-11-24,Delhi,168,18.13,0.0,6.46
2024-11-25,Delhi,168,18.64,0.0,14.41
2024-11-26,Delhi,168,18.26,0.0,4.4
2024-11-27,Delhi,168,20.49,0.0,0.0
2024-11-28,Delhi,168,14.54,0.0,0.0
2024-11-29,Delhi,168,18.03,0.0,0.0
2024-11-30,Delhi,168,16.43,0.0,5.33
2024-12-01,Delhi,168,18.03,0.0,8.17
2024-12-02,Delhi,168,15.98,0.0,5.4
2024-12-03,Delhi,168,12.96,0.0,6.18
2024-12-04,Delhi,168,18.38,0.0,0.09
2024-12-05,Delhi,168,15.16,0.0,6.06
2024-12-06,Delhi,168,13.02,0.0,2.75
2024-12-07,Delhi,168,11.87,0.0,7.37
2024-12-08,Delhi,168,16.68,0.0,1.43
2024-12-09,Delhi,168,17.23,0.0,3.84
2024-12-10,Delhi,168,15.05,0.0,11.17
2024-12-11,Delhi,168,12.28,0.0,0.0
2024-12-12,Delhi,168,18.6,0.0,6.08
2024-12-13,Delhi,168,15.25,0.0,4.23
2024-12-14,Delhi,168,12.89,0.0,8.67
2024-12-15,Delhi,168,13.46,0.0,13.61
2024-12-16,Delhi,168,16.98,0.0,11.25
2024-12-17,Delhi,168,13.69,0.0,9.78
2024-12-18,Delhi,168,20.0,0.0,3.77
2024-12-19,Delhi,168,14.58,0.0,12.85
2024-12-20,Delhi,168,11.66,0.0,0.0
2024-12-21,Delhi,168,14.95,0.0,0.0
2024-12-22,Delhi,168,16.68,0.0,2.28
2024-12-23,Delhi,168,13.59,0.0,11.27
2024-12-24,Delhi,168,13.11,0.0,0.0
2024-12-25,Delhi,168,11.79,0.0,6.86
2024-12-26,Delhi,168,11.92,0.0,1.84
2024-12-27,Delhi,168,12.4,0.0,3.11
2024-12-28,Delhi,168,16.43,0.0,2.98
2024-12-29,Delhi,168,13.04,0.0,6.75
2024-12-30,Delhi,168,12.69,0.0,15.15
2024-12-31,Delhi,168,12.05,0.0,1.89
2025-01-01,Delhi,168,14.4,0.0,15.72
2025-01-02,Delhi,168,15.89,0.0,9.07
2025-01-03,Delhi,168,11.05,0.0,10.55
2025-01-04,Delhi,168,17.76,0.0,0.0
2025-01-05,Delhi,168,15.36,0.0,6.84
2025-01-06,Delhi,168,14.78,0.0,3.34
2025-01-07,Delhi,168,14.27,0.0,12.13
2025-01-08,Delhi,168,14.12,0.0,9.91
2025-01-09,Delhi,168,11.62,0.0,14.45
2025-01-10,Delhi,168,11.26,0.0,2.27
2025-01-11,Delhi,168,11.53,0.0,9.63
2025-01-12,Delhi,168,8.45,0.0,11.3
2025-01-13,Delhi,168,13.21,0.0,5.14
2025-01-14,Delhi,168,10.02,0.0,7.77
2025-01-15,Delhi,168,8.65,0.0,11.94
2025-01-16,Delhi,168,14.29,0.0,11.99
2025-01-17,Delhi,168,11.1,0.0,6.41
2025-01-18,Delhi,168,11.7,14.61,10.91
2025-01-19,Delhi,168,13.13,0.0,12.21
2025-01-20,Delhi,168,11.93,0.0,4.6
2025-01-21,Delhi,168,11.9,0.0,5.66
2025-01-22,Delhi,168,12.62,0.0,7.58
2025-01-23,Delhi,168,9.84,0.0,13.23
2025-01-24,Delhi,168,6.16,0.0,11.81
2025-01-25,Delhi,168,8.57,0.0,11.6
2025-01-26,Delhi,168,13.22,0.0,4.78
2025-01-27,Delhi,168,9.76,0.0,11.31
2025-01-28,Delhi,168,11.96,0.0,10.5
2025-01-29,Delhi,168,12.43,0.0,5.14
2025-01-30,Delhi,168,9.43,0.0,3.44
2025-01-31,Delhi,168,15.15,0.0,5.68
2025-02-01,Delhi,168,17.03,22.17,5.24
2025-02-02,Delhi,168,11.36,17.94,4.7
2025-02-03,Delhi,168,17.69,0.0,2.42
2025-02-04,Delhi,168,17.34,0.0,4.19
2025-02-05,Delhi,168,17.46,0.0,0.0
2025-02-06,Delhi,168,13.54,0.0,0.0
2025-02-07,Delhi,168,16.46,0.0,9.11
2025-02-08,Delhi,168,18.61,0.0,7.29
2025-02-09,Delhi,168,18.19,0.0,8.32
2025-02-10,Delhi,168,13.38,0.0,7.22
2025-02-11,Delhi,168,19.42,0.0,1.55
2025-02-12,Delhi,168,19.08,0.0,0.0
2025-02-13,Delhi,168,14.44,0.0,7.2
2025-02-14,Delhi,168,15.86,0.0,7.27
2025-02-15,Delhi,168,15.2,0.0,13.67
2025-02-16,Delhi,168,15.2,0.0,11.65
2025-02-17,Delhi,168,14.88,0.0,15.59
2025-02-18,Delhi,168,15.64,0.0,13.3
2025-02-19,Delhi,168,14.21,0.0,3.87
2025-02-20,Delhi,168,15.31,0.0,17.88
2025-02-21,Delhi,168,18.63,0.0,13.02
2025-02-22,Delhi,168,19.0,0.0,4.89
2025-02-23,Delhi,168,16.22,4.13,10.81
2025-02-24,Delhi,168,14.32,0.0,10.23
2025-02-25,Delhi,168,19.03,0.0,6.84
2025-02-26,Delhi,168,16.71,0.0,10.44
2025-02-27,Delhi,168,20.25,0.0,13.67
2025-02-28,Delhi,168,20.35,0.0,13.0
2025-03-01,Delhi,168,28.03,0.0,9.68
2025-03-02,Delhi,168,26.29,0.0,16.07
2025-03-03,Delhi,168,30.45,0.0,6.02
2025-03-04,Delhi,168,23.89,0.0,3.09
2025-03-05,Delhi,168,18.86,0.0,0.0
2025-03-06,Delhi,168,20.06,0.0,5.92
2025-03-07,Delhi,168,24.72,0.0,9.99
2025-03-08,Delhi,168,24.63,0.0,15.95
2025-03-09,Delhi,168,21.62,0.0,0.0
2025-03-10,Delhi,168,25.75,0.0,4.63
2025-03-11,Delhi,168,16.79,0.0,0.0
2025-03-12,Delhi,168,22.85,0.0,16.59
2025-03-13,Delhi,168,19.43,0.0,8.69
2025-03-14,Delhi,168,22.97,0.0,6.36
2025-03-15,Delhi,168,18.88,0.0,9.05
2025-03-16,Delhi,168,24.23,0.0,3.91
2025-03-17,Delhi,168,21.78,0.0,17.8
2025-03-18,Delhi,168,26.89,0.0,14.94
2025-03-19,Delhi,168,24.62,0.0,10.05
2025-03-20,Delhi,168,24.93,0.0,20.06
2025-03-21,Delhi,168,24.31,0.0,0.54
2025-03-22,Delhi,168,23.9,0.0,17.91
2025-03-23,Delhi,168,20.99,0.0,10.24
2025-03-24,Delhi,168,20.87,0.0,8.86
2025-03-25,Delhi,168,19.84,0.0,0.68
2025-03-26,Delhi,168,20.17,0.0,8.49
2025-03-27,Delhi,168,21.42,0.0,16.58
2025-03-28,Delhi,168,25.7,0.0,4.57
2025-03-29,Delhi,168,23.88,0.0,2.84
2025-03-30,Delhi,168,21.93,0.0,7.66
2025-03-31,Delhi,168,25.18,0.0,8.48
2025-04-01,Delhi,168,29.19,0.0,15.32
2025-04-02,Delhi,168,29.77,0.0,5.69
2025-04-03,Delhi,168,31.75,0.0,9.9
2025-04-04,Delhi,168,33.92,0.0,12.44
2025-04-05,Delhi,168,35.35,2.56,15.5
2025-04-06,Delhi,168,35.4,0.0,11.44
2025-04-07,Delhi,168,36.16,0.0,7.71
2025-04-08,Delhi,168,31.95,0.0,19.82
2025-04-09,Delhi,168,31.0,0.0,13.09
2025-04-10,Delhi,168,32.95,0.0,19.84
2025-04-11,Delhi,168,29.56,0.0,19.79
2025-04-12,Delhi,168,27.37,0.0,13.15
2025-04-13,Delhi,168,26.83,0.0,8.54
2025-04-14,Delhi,168,26.08,13.85,12.99
2025-04-15,Delhi,168,34.41,0.0,13.01
2025-04-16,Delhi,168,27.87,0.0,13.36
2025-04-17,Delhi,168,39.15,0.0,7.48
2025-04-18,Delhi,168,33.8,0.0,10.62
2025-04-19,Delhi,168,34.24,0.0,12.48
2025-04-20,Delhi,168,32.21,0.0,8.46
2025-04-21,Delhi,168,31.18,0.0,3.62
2025-04-22,Delhi,168,33.03,0.0,1.18
2025-04-23,Delhi,168,33.48,0.0,14.7
2025-04-24,Delhi,168,31.98,0.0,16.17
2025-04-25,Delhi,168,33.84,0.0,5.66
2025-04-26,Delhi,168,33.69,0.0,10.77
2025-04-27,Delhi,168,33.42,0.0,17.09
2025-04-28,Delhi,168,31.56,0.0,8.36
2025-04-29,Delhi,168,25.4,0.0,21.58
2025-04-30,Delhi,168,26.52,0.0,3.24
2025-05-01,Delhi,168,30.59,0.0,5.75
2025-05-02,Delhi,168,31.98,0.0,19.74
2025-05-03,Delhi,168,31.6,0.0,12.17
2025-05-04,Delhi,168,36.94,0.0,2.85
2025-05-05,Delhi,168,34.65,0.0,15.42
2025-05-06,Delhi,168,31.99,0.0,8.55
2025-05-07,Delhi,168,36.42,0.0,19.23
2025-05-08,Delhi,168,33.46,0.0,19.59
2025-05-09,Delhi,168,29.98,0.0,20.18
2025-05-10,Delhi,168,37.6,0.0,17.85
2025-05-11,Delhi,168,37.3,0.0,20.25
2025-05-12,Delhi,168,31.69,0.0,15.43
2025-05-13,Delhi,168,29.84,0.0,15.88
2025-05-14,Delhi,168,35.26,0.0,16.7
2025-05-15,Delhi,168,36.57,0.0,21.62
2025-05-16,Delhi,168,37.44,0.0,13.39
2025-05-17,Delhi,168,30.19,0.0,16.8
2025-05-18,Delhi,168,35.65,0.0,8.73
2025-05-19,Delhi,168,34.45,0.0,16.03
2025-05-20,Delhi,168,35.54,0.0,17.35
2025-05-21,Delhi,168,32.84,0.0,5.31
2025-05-22,Delhi,168,30.49,0.0,4.05
2025-05-23,Delhi,168,34.83,0.0,14.36
2025-05-24,Delhi,168,31.76,0.0,10.81
2025-05-25,Delhi,168,33.82,0.0,12.85
2025-05-26,Delhi,168,32.77,0.0,7.77
2025-05-27,Delhi,168,32.91,0.0,18.56
2025-05-28,Delhi,168,31.71,0.0,16.48
2025-05-29,Delhi,168,36.41,12.06,4.39
2025-05-30,Delhi,168,34.51,22.74,16.13
2025-05-31,Delhi,168,37.46,0.0,14.63
2025-06-01,Delhi,168,37.62,0.0,5.38
2025-06-02,Delhi,168,35.89,0.0,8.97
2025-06-03,Delhi,168,37.87,0.0,10.4
2025-06-04,Delhi,168,36.48,0.0,17.01
2025-06-05,Delhi,168,39.06,28.28,17.61
2025-06-06,Delhi,168,37.51,12.78,15.24
2025-06-07,Delhi,168,39.86,0.0,9.47
2025-06-08,Delhi,168,34.57,0.0,14.82
2025-06-09,Delhi,168,35.29,0.0,4.64
2025-06-10,Delhi,168,31.27,5.49,14.19
2025-06-11,Delhi,168,33.37,0.0,18.87
2025-06-12,Delhi,168,34.14,0.0,13.23
2025-06-13,Delhi,168,30.85,0.0,21.27
2025-06-14,Delhi,168,33.84,0.0,22.33
2025-06-15,Delhi,168,30.71,0.0,17.65
2025-06-16,Delhi,168,35.08,0.0,11.29
2025-06-17,Delhi,168,29.95,0.0,9.84
2025-06-18,Delhi,168,28.71,0.0,13.82
2025-06-19,Delhi,168,26.29,54.64,23.24
2025-06-20,Delhi,168,34.23,1.39,12.83
2025-06-21,Delhi,168,35.6,0.0,17.96
2025-06-22,Delhi,168,33.76,3.87,6.66
2025-06-23,Delhi,168,31.52,0.0,9.92
2025-06-24,Delhi,168,31.41,4.75,12.84
2025-06-25,Delhi,168,35.77,0.37,13.75
2025-06-26,Delhi,168,32.66,0.0,14.48
2025-06-27,Delhi,168,38.76,3.57,7.06
2025-06-28,Delhi,168,36.58,7.85,13.41
2025-06-29,Delhi,168,32.83,0.0,3.65
2025-06-30,Delhi,168,38.41,0.0,10.61
2025-07-01,Delhi,168,26.37,0.0,10.92
2025-07-02,Delhi,168,31.99,0.0,10.45
2025-07-03,Delhi,168,29.3,0.0,6.54
2025-07-04,Delhi,168,31.01,0.0,13.91
2025-07-05,Delhi,168,33.97,0.0,8.49
2025-07-06,Delhi,168,33.96,0.0,5.28
2025-07-07,Delhi,168,32.17,0.0,9.22
2025-07-08,Delhi,168,29.0,26.09,13.86
2025-07-09,Delhi,168,28.57,3.13,16.87
2025-07-10,Delhi,168,27.93,3.72,13.34
2025-07-11,Delhi,168,30.25,0.0,10.31
2025-07-12,Delhi,168,31.32,21.94,14.63
2025-07-13,Delhi,168,27.02,0.0,11.4
2025-07-14,Delhi,168,29.75,0.0,6.85
2025-07-15,Delhi,168,27.32,0.0,5.49
2025-07-16,Delhi,168,35.62,0.0,4.4
2025-07-17,Delhi,168,32.01,0.0,11.85
2025-07-18,Delhi,168,37.07,0.0,15.03
2025-07-19,Delhi,168,30.27,0.0,13.02
2025-07-20,Delhi,168,29.27,3.85,10.48
2025-07-21,Delhi,168,31.7,0.0,10.07
2025-07-22,Delhi,168,32.19,0.0,12.17
2025-07-23,Delhi,168,30.36,4.04,9.21
2025-07-24,Delhi,168,30.51,5.44,17.81
2025-07-25,Delhi,168,32.56,6.2,4.84
2025-07-26,Delhi,168,27.49,0.0,11.95
2025-07-27,Delhi,168,28.36,7.92,6.62
2025-07-28,Delhi,168,34.34,18.89,9.75
2025-07-29,Delhi,168,36.12,108.48,19.78
2025-07-30,Delhi,168,31.31,1.43,6.15
2025-07-31,Delhi,168,31.34,57.65,23.2
2025-08-01,Delhi,168,29.66,19.39,20.38
2025-08-02,Delhi,168,34.54,41.71,17.03
2025-08-03,Delhi,168,29.28,29.76,9.8
2025-08-04,Delhi,168,30.84,0.0,15.13
2025-08-05,Delhi,168,31.31,0.0,14.23
2025-08-06,Delhi,168,31.77,0.0,17.31
2025-08-07,Delhi,168,29.53,0.0,8.93
2025-08-08,Delhi,168,31.36,3.18,8.98
2025-08-09,Delhi,168,33.16,0.0,23.9
2025-08-10,Delhi,168,32.3,3.88,11.42
2025-08-11,Delhi,168,31.14,6.8,12.86
2025-08-12,Delhi,168,30.43,15.74,14.42
2025-08-13,Delhi,168,32.54,2.42,5.65
2025-08-14,Delhi,168,27.24,24.73,10.67
2025-08-15,Delhi,168,31.55,10.63,8.87
2025-08-16,Delhi,168,31.76,0.0,11.58
2025-08-17,Delhi,168,30.41,0.0,3.66
2025-08-18,Delhi,168,25.72,0.0,7.69
2025-08-19,Delhi,168,30.19,0.0,12.61
2025-08-20,Delhi,168,28.22,0.0,18.35
2025-08-21,Delhi,168,28.67,0.0,7.91
2025-08-22,Delhi,168,30.98,6.46,13.41
2025-08-23,Delhi,168,30.11,0.0,7.42
2025-08-24,Delhi,168,24.71,17.51,2.42
2025-08-25,Delhi,168,28.16,26.33,14.88
2025-08-26,Delhi,168,30.42,0.0,5.48
2025-08-27,Delhi,168,32.63,5.0,5.55
2025-08-28,Delhi,168,30.55,20.62,12.77
2025-08-29,Delhi,168,30.06,11.02,11.22
2025-08-30,Delhi,168,32.52,6.76,12.29
2025-08-31,Delhi,168,29.73,9.24,9.61
2025-09-01,Delhi,168,28.02,0.0,17.81
2025-09-02,Delhi,168,30.0,0.0,20.39
2025-09-03,Delhi,168,28.03,0.0,10.46
2025-09-04,Delhi,168,24.8,15.05,20.11
2025-09-05,Delhi,168,28.56,0.0,7.87
2025-09-06,Delhi,168,28.59,23.27,11.49
2025-09-07,Delhi,168,26.96,0.0,13.57
2025-09-08,Delhi,168,31.91,0.0,1.55
2025-09-09,Delhi,168,31.02,0.0,5.47
2025-09-10,Delhi,168,25.27,8.05,16.61
2025-09-11,Delhi,168,26.22,30.51,14.6
2025-09-12,Delhi,168,33.85,2.9,5.66
2025-09-13,Delhi,168,25.98,0.0,7.56
2025-09-14,Delhi,168,28.53,0.0,15.31
2025-09-15,Delhi,168,28.62,0.0,14.18
2025-09-16,Delhi,168,26.91,1.73,16.16
2025-09-17,Delhi,168,32.23,0.0,9.27
2025-09-18,Delhi,168,30.97,0.0,17.31
2025-09-19,Delhi,168,33.95,0.0,11.54
2025-09-20,Delhi,168,33.67,0.0,13.54
2025-09-21,Delhi,168,32.77,1.67,9.93
2025-09-22,Delhi,168,30.72,0.0,1.47
2025-09-23,Delhi,168,30.2,0.0,14.38
2025-09-24,Delhi,168,30.68,0.0,2.72
2025-09-25,Delhi,168,30.83,0.0,10.91
2025-09-26,Delhi,168,28.72,0.0,6.05
2025-09-27,Delhi,168,31.01,0.0,8.06
2025-09-28,Delhi,168,29.32,0.0,7.58
2025-09-29,Delhi,168,26.24,0.0,2.56
2025-09-30,Delhi,168,29.66,0.0,17.6
2023-01-01,Chennai,24,25.5,0.0,9.53
2023-01-02,Chennai,24,24.42,0.0,13.42
2023-01-03,Chennai,24,24.38,0.0,5.89
2023-01-04,Chennai,24,25.26,0.0,6.77
2023-01-05,Chennai,24,25.33,0.67,6.31
2023-01-06,Chennai,24,25.53,0.0,5.99
2023-01-07,Chennai,24,22.78,0.0,12.33
2023-01-08,Chennai,24,24.98,0.0,8.56
2023-01-09,Chennai,24,24.33,0.0,5.78
2023-01-10,Chennai,24,23.92,0.0,8.39
2023-01-11,Chennai,24,24.42,0.0,10.63
2023-01-12,Chennai,24,25.23,0.0,13.62
2023-01-13,Chennai,24,26.0,0.0,10.18
2023-01-14,Chennai,24,24.24,0.0,5.68
2023-01-15,Chennai,24,26.62,0.0,8.35
2023-01-16,Chennai,24,26.68,0.0,4.31
2023-01-17,Chennai,24,23.61,0.0,10.49
2023-01-18,Chennai,24,23.5,0.0,5.16
2023-01-19,Chennai,24,24.65,0.0,8.02
2023-01-20,Chennai,24,22.88,0.0,6.72
2023-01-21,Chennai,24,26.51,0.0,5.67
2023-01-22,Chennai,24,26.19,0.0,5.22
2023-01-23,Chennai,24,27.6,0.0,9.38
2023-01-24,Chennai,24,26.64,21.38,13.73
2023-01-25,Chennai,24,25.97,0.0,6.42
2023-01-26,Chennai,24,26.94,0.0,6.46
2023-01-27,Chennai,24,26.88,0.0,11.62
2023-01-28,Chennai,24,24.59,0.0,9.49
2023-01-29,Chennai,24,25.65,0.0,10.46
2023-01-30,Chennai,24,23.85,0.0,9.63
2023-01-31,Chennai,24,22.9,0.0,11.7
2023-02-01,Chennai,24,27.58,0.0,14.08
2023-02-02,Chennai,24,28.78,0.0,8.97
2023-02-03,Chennai,24,28.51,0.0,9.26
2023-02-04,Chennai,24,27.61,0.0,10.14
2023-02-05,Chennai,24,28.37,0.0,12.33
2023-02-06,Chennai,24,26.28,0.0,10.03
2023-02-07,Chennai,24,26.66,0.0,5.73
2023-02-08,Chennai,24,27.32,0.0,6.51
2023-02-09,Chennai,24,27.02,0.0,8.59
2023-02-10,Chennai,24,26.01,0.0,6.74
2023-02-11,Chennai,24,28.53,0.0,7.25
2023-02-12,Chennai,24,26.48,0.0,9.89
2023-02-13,Chennai,24,26.68,0.0,12.57
2023-02-14,Chennai,24,26.61,4.89,13.76
2023-02-15,Chennai,24,26.51,0.0,11.63
2023-02-16,Chennai,24,26.77,0.0,5.73
2023-02-17,Chennai,24,30.15,0.0,7.4
2023-02-18,Chennai,24,30.62,0.0,11.11
2023-02-19,Chennai,24,29.51,0.0,11.29
2023-02-20,Chennai,24,26.25,0.0,8.5
2023-02-21,Chennai,24,26.04,0.0,8.27
2023-02-22,Chennai,24,29.01,0.0,7.85
2023-02-23,Chennai,24,27.66,0.0,5.21
2023-02-24,Chennai,24,27.47,0.0,6.04
2023-02-25,Chennai,24,27.74,0.0,9.98
2023-02-26,Chennai,24,26.92,0.0,8.74
2023-02-27,Chennai,24,27.9,0.0,6.6
2023-02-28,Chennai,24,24.69,0.0,5.93
2023-03-01,Chennai,24,26.98,0.0,9.66
2023-03-02,Chennai,24,23.72,0.0,8.72
2023-03-03,Chennai,24,25.37,0.0,7.82
2023-03-04,Chennai,24,27.56,0.0,10.69
2023-03-05,Chennai,24,26.57,0.0,9.23
2023-03-06,Chennai,24,26.17,0.0,9.59
2023-03-07,Chennai,24,27.94,0.0,6.58
2023-03-08,Chennai,24,27.0,0.0,10.01
2023-03-09,Chennai,24,27.48,0.0,11.02
2023-03-10,Chennai,24,28.36,0.0,7.0
2023-03-11,Chennai,24,27.28,0.0,11.11
2023-03-12,Chennai,24,24.75,0.0,11.56
2023-03-13,Chennai,24,28.3,0.0,9.48
2023-03-14,Chennai,24,28.43,0.0,11.71
2023-03-15,Chennai,24,28.19,0.0,10.94
2023-03-16,Chennai,24,29.94,0.0,7.68
2023-03-17,Chennai,24,29.09,0.0,10.54
2023-03-18,Chennai,24,29.95,0.0,10.69
2023-03-19,Chennai,24,28.97,0.0,11.66
2023-03-20,Chennai,24,28.05,0.0,14.32
2023-03-21,Chennai,24,29.11,0.0,10.79
2023-03-22,Chennai,24,26.89,0.0,13.42
2023-03-23,Chennai,24,26.35,0.0,9.41
2023-03-24,Chennai,24,27.53,0.0,12.37
2023-03-25,Chennai,24,28.27,0.0,11.22
2023-03-26,Chennai,24,27.91,0.0,10.93
2023-03-27,Chennai,24,26.3,0.0,13.77
2023-03-28,Chennai,24,27.18,0.0,16.6
2023-03-29,Chennai,24,27.94,0.0,12.28
2023-03-30,Chennai,24,26.96,0.0,11.29
2023-03-31,Chennai,24,29.18,0.0,12.52
2023-04-01,Chennai,24,31.4,0.0,17.25
2023-04-02,Chennai,24,32.6,0.0,9.06
2023-04-03,Chennai,24,32.49,0.0,7.13
2023-04-04,Chennai,24,32.72,0.0,8.3
2023-04-05,Chennai,24,31.73,0.0,4.85
2023-04-06,Chennai,24,32.17,0.1,6.94
2023-04-07,Chennai,24,32.83,0.0,9.79
2023-04-08,Chennai,24,31.36,0.0,12.77
2023-04-09,Chennai,24,31.38,0.0,9.03
2023-04-10,Chennai,24,31.98,1.05,8.23
2023-04-11,Chennai,24,33.33,0.0,11.19
2023-04-12,Chennai,24,36.58,0.0,11.93
2023-04-13,Chennai,24,34.87,0.0,12.5
2023-04-14,Chennai,24,34.01,0.0,15.25
2023-04-15,Chennai,24,32.95,4.51,14.97
2023-04-16,Chennai,24,32.61,2.47,15.71
2023-04-17,Chennai,24,32.33,0.0,15.44
2023-04-18,Chennai,24,29.86,0.0,12.37
2023-04-19,Chennai,24,31.82,0.0,9.1
2023-04-20,Chennai,24,31.74,0.0,11.1
2023-04-21,Chennai,24,34.62,0.0,12.42
2023-04-22,Chennai,24,36.59,0.0,11.98
2023-04-23,Chennai,24,35.89,0.0,11.17
2023-04-24,Chennai,24,36.72,0.0,9.56
2023-04-25,Chennai,24,32.81,0.0,11.24
2023-04-26,Chennai,24,33.92,0.0,9.62
2023-04-27,Chennai,24,33.31,0.0,12.0
2023-04-28,Chennai,24,32.74,0.0,14.41
2023-04-29,Chennai,24,33.18,0.0,12.59
2023-04-30,Chennai,24,33.74,2.28,15.65
2023-05-01,Chennai,24,35.34,0.0,15.3
2023-05-02,Chennai,24,34.54,0.0,10.58
2023-05-03,Chennai,24,36.6,0.0,13.31
2023-05-04,Chennai,24,33.24,0.0,8.89
2023-05-05,Chennai,24,31.43,0.0,14.07
2023-05-06,Chennai,24,32.06,0.0,14.57
2023-05-07,Chennai,24,33.52,0.0,10.65
2023-05-08,Chennai,24,33.2,0.0,10.5
2023-05-09,Chennai,24,36.53,0.0,13.87
2023-05-10,Chennai,24,37.54,22.55,16.03
2023-05-11,Chennai,24,36.04,0.0,10.69
2023-05-12,Chennai,24,37.58,0.0,9.35
2023-05-13,Chennai,24,36.9,0.0,10.38
2023-05-14,Chennai,24,36.39,0.0,12.18
2023-05-15,Chennai,24,35.72,34.29,21.15
2023-05-16,Chennai,24,36.98,5.74,13.48
2023-05-17,Chennai,24,34.71,2.26,12.9
2023-05-18,Chennai,24,33.99,0.0,8.68
2023-05-19,Chennai,24,34.84,0.0,11.21
2023-05-20,Chennai,24,34.75,0.0,10.83
2023-05-21,Chennai,24,37.33,0.0,12.77
2023-05-22,Chennai,24,37.13,0.0,14.56
2023-05-23,Chennai,24,35.07,0.0,11.27
2023-05-24,Chennai,24,34.55,0.0,17.1
2023-05-25,Chennai,24,35.81,0.0,15.36
2023-05-26,Chennai,24,34.96,0.0,11.36
2023-05-27,Chennai,24,36.08,0.0,13.36
2023-05-28,Chennai,24,36.78,0.0,11.6
2023-05-29,Chennai,24,38.07,0.0,14.28
2023-05-30,Chennai,24,39.73,0.0,14.3
2023-05-31,Chennai,24,37.73,0.0,13.51
2023-06-01,Chennai,24,35.49,0.0,17.36
2023-06-02,Chennai,24,35.61,3.51,19.15
2023-06-03,Chennai,24,34.07,0.0,17.99
2023-06-04,Chennai,24,34.16,0.0,15.37
2023-06-05,Chennai,24,35.87,0.0,19.75
2023-06-06,Chennai,24,35.6,0.0,15.12
2023-06-07,Chennai,24,34.91,11.57,17.87
2023-06-08,Chennai,24,34.54,0.0,15.56
2023-06-09,Chennai,24,34.2,0.0,18.01
2023-06-10,Chennai,24,33.18,0.0,15.92
2023-06-11,Chennai,24,32.82,0.0,14.5
2023-06-12,Chennai,24,35.04,0.0,16.74
2023-06-13,Chennai,24,35.52,0.0,19.11
2023-06-14,Chennai,24,35.59,0.0,12.9
2023-06-15,Chennai,24,34.81,0.0,18.17
2023-06-16,Chennai,24,35.5,0.0,19.03
2023-06-17,Chennai,24,35.6,0.0,19.99
2023-06-18,Chennai,24,32.65,0.0,17.99
2023-06-19,Chennai,24,34.47,0.0,19.54
2023-06-20,Chennai,24,35.54,19.14,19.81
2023-06-21,Chennai,24,33.71,43.25,23.64
2023-06-22,Chennai,24,35.32,3.22,15.86
2023-06-23,Chennai,24,35.57,0.0,17.15
2023-06-24,Chennai,24,33.34,0.0,14.46
2023-06-25,Chennai,24,35.65,0.0,15.32
2023-06-26,Chennai,24,36.14,0.0,19.01
2023-06-27,Chennai,24,35.85,0.0,13.12
2023-06-28,Chennai,24,36.38,0.0,13.19
2023-06-29,Chennai,24,36.51,0.0,14.66
2023-06-30,Chennai,24,35.23,0.0,17.61
2023-07-01,Chennai,24,32.36,1.37,12.51
2023-07-02,Chennai,24,30.47,0.0,16.2
2023-07-03,Chennai,24,31.73,0.0,12.69
2023-07-04,Chennai,24,32.68,0.0,13.21
2023-07-05,Chennai,24,31.45,0.0,13.29
2023-07-06,Chennai,24,31.61,0.0,15.19
2023-07-07,Chennai,24,31.97,0.0,18.22
2023-07-08,Chennai,24,31.1,0.0,18.22
2023-07-09,Chennai,24,31.35,0.0,17.46
2023-07-10,Chennai,24,32.08,0.0,12.43
2023-07-11,Chennai,24,33.26,0.0,14.49
2023-07-12,Chennai,24,31.93,0.0,13.14
2023-07-13,Chennai,24,32.76,0.0,16.11
2023-07-14,Chennai,24,31.12,0.0,15.02
2023-07-15,Chennai,24,28.66,0.0,14.64
2023-07-16,Chennai,24,29.63,0.0,10.83
2023-07-17,Chennai,24,30.23,0.0,15.66
2023-07-18,Chennai,24,31.69,0.0,13.46
2023-07-19,Chennai,24,28.18,0.28,14.84
2023-07-20,Chennai,24,30.32,3.82,15.43
2023-07-21,Chennai,24,28.67,0.0,15.44
2023-07-22,Chennai,24,27.25,0.0,16.1
2023-07-23,Chennai,24,28.72,5.11,18.49
2023-07-24,Chennai,24,29.59,6.87,15.78
2023-07-25,Chennai,24,32.45,3.63,18.54
2023-07-26,Chennai,24,30.75,2.68,15.0
2023-07-27,Chennai,24,28.32,0.0,16.93
2023-07-28,Chennai,24,30.29,0.0,13.74
2023-07-29,Chennai,24,29.14,10.2,15.68
2023-07-30,Chennai,24,31.92,0.0,17.11
2023-07-31,Chennai,24,33.76,0.0,17.9
2023-08-01,Chennai,24,30.87,0.0,13.69
2023-08-02,Chennai,24,29.84,0.0,10.5
2023-08-03,Chennai,24,29.25,25.84,16.72
2023-08-04,Chennai,24,28.85,0.0,11.66
2023-08-05,Chennai,24,30.9,0.0,14.91
2023-08-06,Chennai,24,29.3,0.0,17.88
2023-08-07,Chennai,24,27.38,0.0,17.85
2023-08-08,Chennai,24,29.52,0.0,9.94
2023-08-09,Chennai,24,29.21,0.0,9.98
2023-08-10,Chennai,24,29.8,0.0,11.49
2023-08-11,Chennai,24,29.14,0.0,11.39
2023-08-12,Chennai,24,29.94,0.0,10.73
2023-08-13,Chennai,24,30.4,27.41,13.84
2023-08-14,Chennai,24,31.33,0.0,13.79
2023-08-15,Chennai,24,30.95,0.0,16.67
2023-08-16,Chennai,24,30.48,0.0,11.64
2023-08-17,Chennai,24,31.18,0.0,14.19
2023-08-18,Chennai,24,32.47,0.0,13.37
2023-08-19,Chennai,24,28.69,0.0,13.7
2023-08-20,Chennai,24,29.12,0.0,14.45
2023-08-21,Chennai,24,30.76,0.0,14.58
2023-08-22,Chennai,24,29.39,0.0,18.11
2023-08-23,Chennai,24,28.8,0.0,15.41
2023-08-24,Chennai,24,31.73,0.0,15.5
2023-08-25,Chennai,24,31.16,0.0,15.62
2023-08-26,Chennai,24,30.36,0.0,15.51
2023-08-27,Chennai,24,30.82,0.0,11.05
2023-08-28,Chennai,24,30.61,0.0,9.92
2023-08-29,Chennai,24,30.92,0.0,13.35
2023-08-30,Chennai,24,32.19,0.0,10.89
2023-08-31,Chennai,24,30.89,14.7,12.23
2023-09-01,Chennai,24,29.14,0.0,13.06
2023-09-02,Chennai,24,27.91,0.0,9.91
2023-09-03,Chennai,24,28.43,3.22,13.47
2023-09-04,Chennai,24,28.12,5.13,14.11
2023-09-05,Chennai,24,28.02,7.88,13.84
2023-09-06,Chennai,24,26.97,8.18,13.36
2023-09-07,Chennai,24,28.36,0.0,11.79
2023-09-08,Chennai,24,27.99,6.99,15.04
2023-09-09,Chennai,24,28.57,15.57,18.21
2023-09-10,Chennai,24,26.87,4.53,20.31
2023-09-11,Chennai,24,27.21,0.0,14.07
2023-09-12,Chennai,24,26.27,0.0,11.02
2023-09-13,Chennai,24,25.38,0.0,10.26
2023-09-14,Chennai,24,27.28,3.39,9.04
2023-09-15,Chennai,24,28.22,3.81,15.05
2023-09-16,Chennai,24,29.7,0.0,15.96
2023-09-17,Chennai,24,28.07,0.0,12.19
2023-09-18,Chennai,24,27.85,0.0,11.75
2023-09-19,Chennai,24,30.03,10.4,13.3
2023-09-20,Chennai,24,29.0,8.26,13.3
2023-09-21,Chennai,24,32.11,8.74,17.34
2023-09-22,Chennai,24,31.64,18.05,15.89
2023-09-23,Chennai,24,27.16,0.0,10.54
2023-09-24,Chennai,24,29.12,0.0,14.7
2023-09-25,Chennai,24,29.77,0.0,16.27
2023-09-26,Chennai,24,28.55,0.0,13.75
2023-09-27,Chennai,24,29.5,3.46,14.91
2023-09-28,Chennai,24,30.07,12.5,15.34
2023-09-29,Chennai,24,29.77,3.43,12.83
2023-09-30,Chennai,24,28.76,15.98,14.75
2023-10-01,Chennai,24,29.16,7.2,9.52
2023-10-02,Chennai,24,29.07,9.33,11.49
2023-10-03,Chennai,24,26.59,0.14,13.53
2023-10-04,Chennai,24,26.91,2.8,14.28
2023-10-05,Chennai,24,28.9,17.69,16.44
2023-10-06,Chennai,24,28.36,15.67,14.4
2023-10-07,Chennai,24,25.53,0.0,17.12
2023-10-08,Chennai,24,28.09,8.27,11.72
2023-10-09,Chennai,24,26.87,41.48,13.7
2023-10-10,Chennai,24,25.62,5.14,10.52
2023-10-11,Chennai,24,24.95,36.47,17.36
2023-10-12,Chennai,24,27.05,12.47,12.78
2023-10-13,Chennai,24,24.93,0.88,17.5
2023-10-14,Chennai,24,23.5,78.36,17.05
2023-10-15,Chennai,24,26.72,0.0,8.85
2023-10-16,Chennai,24,27.38,0.0,10.43
2023-10-17,Chennai,24,25.74,3.36,17.37
2023-10-18,Chennai,24,23.23,1.72,19.26
2023-10-19,Chennai,24,26.63,3.23,11.28
2023-10-20,Chennai,24,26.35,4.87,13.22
2023-10-21,Chennai,24,26.98,0.29,11.45
2023-10-22,Chennai,24,24.65,0.73,14.31
2023-10-23,Chennai,24,25.18,28.74,19.01
2023-10-24,Chennai,24,28.05,0.0,14.87
2023-10-25,Chennai,24,28.73,0.0,14.59
2023-10-26,Chennai,24,31.32,6.02,11.95
2023-10-27,Chennai,24,28.31,9.59,17.06
2023-10-28,Chennai,24,28.36,46.64,16.25
2023-10-29,Chennai,24,28.73,4.24,16.65
2023-10-30,Chennai,24,24.92,5.59,10.99
2023-10-31,Chennai,24,24.97,7.03,9.87
2023-11-01,Chennai,24,25.68,2.37,9.58
2023-11-02,Chennai,24,26.82,4.58,14.97
2023-11-03,Chennai,24,24.68,6.69,17.5
2023-11-04,Chennai,24,23.83,55.74,24.71
2023-11-05,Chennai,24,25.24,0.71,10.94
2023-11-06,Chennai,24,23.18,9.63,17.1
2023-11-07,Chennai,24,23.31,5.19,16.3
2023-11-08,Chennai,24,23.48,8.49,18.65
2023-11-09,Chennai,24,23.7,3.9,18.67
2023-11-10,Chennai,24,25.2,0.0,20.91
2023-11-11,Chennai,24,22.5,12.93,16.78
2023-11-12,Chennai,24,24.75,46.98,19.0
2023-11-13,Chennai,24,24.36,30.64,22.57
2023-11-14,Chennai,24,24.62,11.32,20.72
2023-11-15,Chennai,24,24.55,3.38,11.89
2023-11-16,Chennai,24,26.1,5.91,15.41
2023-11-17,Chennai,24,26.61,17.6,15.44
2023-11-18,Chennai,24,23.39,3.09,16.36
2023-11-19,Chennai,24,25.01,0.47,17.26
2023-11-20,Chennai,24,23.76,4.17,15.85
2023-11-21,Chennai,24,25.2,0.0,14.03
2023-11-22,Chennai,24,25.03,0.74,12.76
2023-11-23,Chennai,24,28.53,32.79,17.74
2023-11-24,Chennai,24,25.1,12.38,11.24
2023-11-25,Chennai,24,27.03,3.08,10.45
2023-11-26,Chennai,24,27.91,2.95,16.94
2023-11-27,Chennai,24,24.82,6.81,16.2
2023-11-28,Chennai,24,24.42,8.66,14.26
2023-11-29,Chennai,24,22.53,30.94,19.38
2023-11-30,Chennai,24,25.15,56.98,22.21
2023-12-01,Chennai,24,23.97,0.0,12.44
2023-12-02,Chennai,24,25.62,18.76,14.02
2023-12-03,Chennai,24,25.62,0.0,10.66
2023-12-04,Chennai,24,25.13,6.55,11.76
2023-12-05,Chennai,24,27.28,0.0,5.89
2023-12-06,Chennai,24,25.97,0.0,11.24
2023-12-07,Chennai,24,26.23,0.0,8.13
2023-12-08,Chennai,24,26.99,0.0,11.98
2023-12-09,Chennai,24,25.95,0.0,13.68
2023-12-10,Chennai,24,27.14,0.0,9.64
2023-12-11,Chennai,24,26.35,9.47,13.94
2023-12-12,Chennai,24,26.38,0.0,10.73
2023-12-13,Chennai,24,26.53,0.0,10.64
2023-12-14,Chennai,24,27.19,1.37,10.04
2023-12-15,Chennai,24,25.67,5.8,14.64
2023-12-16,Chennai,24,23.63,10.07,16.82
2023-12-17,Chennai,24,24.36,0.0,10.14
2023-12-18,Chennai,24,25.42,0.0,8.1
2023-12-19,Chennai,24,25.07,0.0,5.6
2023-12-20,Chennai,24,22.81,0.0,8.89
2023-12-21,Chennai,24,22.7,0.0,9.25
2023-12-22,Chennai,24,24.06,1.18,8.1
2023-12-23,Chennai,24,23.71,0.36,5.88
2023-12-24,Chennai,24,25.18,38.47,14.04
2023-12-25,Chennai,24,24.33,0.0,11.61
2023-12-26,Chennai,24,25.88,0.0,8.76
2023-12-27,Chennai,24,26.02,0.0,7.85
2023-12-28,Chennai,24,25.16,0.0,10.69
2023-12-29,Chennai,24,25.5,0.0,12.84
2023-12-30,Chennai,24,24.07,0.0,14.69
2023-12-31,Chennai,24,26.39,0.0,13.4
2024-01-01,Chennai,24,27.39,8.51,11.58
2024-01-02,Chennai,24,27.51,0.0,11.81
2024-01-03,Chennai,24,27.31,0.0,11.16
2024-01-04,Chennai,24,26.54,0.0,9.72
2024-01-05,Chennai,24,25.02,0.0,10.72
2024-01-06,Chennai,24,24.82,6.88,13.59
2024-01-07,Chennai,24,23.36,0.0,9.37
2024-01-08,Chennai,24,22.65,0.0,12.79
2024-01-09,Chennai,24,24.97,0.0,8.09
2024-01-10,Chennai,24,25.76,0.0,9.43
2024-01-11,Chennai,24,28.04,0.0,12.35
2024-01-12,Chennai,24,25.14,0.0,11.98
2024-01-13,Chennai,24,27.2,0.0,12.08
2024-01-14,Chennai,24,26.56,0.0,13.29
2024-01-15,Chennai,24,23.62,0.0,13.55
2024-01-16,Chennai,24,23.95,0.0,9.65
2024-01-17,Chennai,24,24.32,0.0,10.69
2024-01-18,Chennai,24,21.8,0.0,9.91
2024-01-19,Chennai,24,26.68,0.0,9.51
2024-01-20,Chennai,24,29.53,0.0,10.37
2024-01-21,Chennai,24,27.39,0.0,10.85
2024-01-22,Chennai,24,24.38,0.0,12.27
2024-01-23,Chennai,24,23.67,0.0,13.06
2024-01-24,Chennai,24,23.45,0.0,10.59
2024-01-25,Chennai,24,25.84,0.0,9.22
2024-01-26,Chennai,24,26.6,0.0,9.08
2024-01-27,Chennai,24,26.0,0.0,9.87
2024-01-28,Chennai,24,25.67,0.11,13.07
2024-01-29,Chennai,24,26.74,8.07,10.59
2024-01-30,Chennai,24,27.05,0.0,8.73
2024-01-31,Chennai,24,25.02,0.0,5.89
2024-02-01,Chennai,24,26.03,0.0,6.62
2024-02-02,Chennai,24,28.1,0.0,7.79
2024-02-03,Chennai,24,27.74,0.0,10.07
2024-02-04,Chennai,24,27.99,0.0,13.48
2024-02-05,Chennai,24,26.86,0.0,12.55
2024-02-06,Chennai,24,26.02,0.0,10.84
2024-02-07,Chennai,24,27.04,0.0,10.79
2024-02-08,Chennai,24,28.41,0.0,9.14
2024-02-09,Chennai,24,26.61,0.0,5.06
2024-02-10,Chennai,24,28.26,0.0,6.29
2024-02-11,Chennai,24,29.73,0.0,5.42
2024-02-12,Chennai,24,29.98,0.0,7.56
2024-02-13,Chennai,24,26.78,0.0,7.69
2024-02-14,Chennai,24,27.14,0.0,6.8
2024-02-15,Chennai,24,27.03,0.0,8.52
2024-02-16,Chennai,24,28.73,0.0,12.74
2024-02-17,Chennai,24,25.14,0.0,10.62
2024-02-18,Chennai,24,25.46,0.0,8.71
2024-02-19,Chennai,24,27.28,0.0,9.21
2024-02-20,Chennai,24,27.3,0.0,14.37
2024-02-21,Chennai,24,26.39,0.0,10.76
2024-02-22,Chennai,24,27.9,0.0,9.31
2024-02-23,Chennai,24,30.72,0.0,13.07
2024-02-24,Chennai,24,29.78,0.0,11.57
2024-02-25,Chennai,24,29.9,0.0,12.23
2024-02-26,Chennai,24,29.08,0.0,11.22
2024-02-27,Chennai,24,29.26,0.0,11.19
2024-02-28,Chennai,24,28.71,0.0,7.89
2024-02-29,Chennai,24,28.39,0.0,6.45
2024-03-01,Chennai,24,29.64,0.0,14.13
2024-03-02,Chennai,24,30.42,0.0,11.59
2024-03-03,Chennai,24,24.81,0.0,11.5
2024-03-04,Chennai,24,24.04,0.0,11.09
2024-03-05,Chennai,24,25.65,0.0,11.73
2024-03-06,Chennai,24,23.72,0.0,9.31
2024-03-07,Chennai,24,22.68,0.0,10.76
2024-03-08,Chennai,24,24.96,0.0,10.08
2024-03-09,Chennai,24,25.07,0.0,12.98
2024-03-10,Chennai,24,26.46,0.0,9.13
2024-03-11,Chennai,24,25.48,0.0,8.77
2024-03-12,Chennai,24,27.22,0.0,9.49
2024-03-13,Chennai,24,28.61,0.0,10.92
2024-03-14,Chennai,24,27.72,0.0,12.07
2024-03-15,Chennai,24,25.61,0.0,6.63
2024-03-16,Chennai,24,27.11,10.5,9.44
2024-03-17,Chennai,24,29.3,3.43,12.23
2024-03-18,Chennai,24,28.89,0.0,8.66
2024-03-19,Chennai,24,29.15,0.0,12.42
2024-03-20,Chennai,24,27.75,0.0,10.71
2024-03-21,Chennai,24,28.65,0.0,9.77
2024-03-22,Chennai,24,31.48,0.0,13.13
2024-03-23,Chennai,24,30.81,0.0,11.98
2024-03-24,Chennai,24,31.05,0.0,17.68
2024-03-25,Chennai,24,31.39,0.0,13.79
2024-03-26,Chennai,24,33.41,0.0,10.23
2024-03-27,Chennai,24,36.43,0.0,6.86
2024-03-28,Chennai,24,33.01,0.0,8.94
2024-03-29,Chennai,24,30.18,0.0,8.83
2024-03-30,Chennai,24,30.83,0.0,10.36
2024-03-31,Chennai,24,31.49,0.0,7.44
2024-04-01,Chennai,24,32.66,0.0,15.24
2024-04-02,Chennai,24,32.41,0.0,9.56
2024-04-03,Chennai,24,32.65,0.0,9.76
2024-04-04,Chennai,24,34.34,0.0,15.24
2024-04-05,Chennai,24,31.69,0.0,8.97
2024-04-06,Chennai,24,32.9,0.0,9.99
2024-04-07,Chennai,24,32.88,13.11,14.99
2024-04-08,Chennai,24,32.76,0.0,10.74
2024-04-09,Chennai,24,30.37,0.0,9.65
2024-04-10,Chennai,24,31.76,0.0,8.75
2024-04-11,Chennai,24,34.79,0.0,10.48
2024-04-12,Chennai,24,34.45,0.0,6.59
2024-04-13,Chennai,24,34.71,0.0,13.14
2024-04-14,Chennai,24,35.26,0.0,12.09
2024-04-15,Chennai,24,32.62,0.0,9.31
2024-04-16,Chennai,24,32.03,0.0,8.9
2024-04-17,Chennai,24,34.5,2.39,10.8
2024-04-18,Chennai,24,34.14,1.51,16.02
2024-04-19,Chennai,24,34.19,0.0,12.78
2024-04-20,Chennai,24,35.54,0.0,9.13
2024-04-21,Chennai,24,34.03,0.0,11.12
2024-04-22,Chennai,24,32.04,0.0,9.97
2024-04-23,Chennai,24,32.93,0.0,12.73
2024-04-24,Chennai,24,32.17,0.0,5.06
2024-04-25,Chennai,24,32.65,0.0,12.12
2024-04-26,Chennai,24,33.98,0.0,7.62
2024-04-27,Chennai,24,35.17,0.0,9.85
2024-04-28,Chennai,24,35.32,0.0,5.62
2024-04-29,Chennai,24,32.32,1.74,11.54
2024-04-30,Chennai,24,31.6,0.0,11.06
2024-05-01,Chennai,24,32.74,0.0,12.04
2024-05-02,Chennai,24,31.78,0.0,15.43
2024-05-03,Chennai,24,32.1,0.0,13.81
2024-05-04,Chennai,24,32.31,0.0,15.83
2024-05-05,Chennai,24,35.06,0.0,11.53
2024-05-06,Chennai,24,37.36,0.0,12.81
2024-05-07,Chennai,24,31.71,0.0,13.63
2024-05-08,Chennai,24,32.7,0.0,15.9
2024-05-09,Chennai,24,34.63,0.0,13.46
2024-05-10,Chennai,24,32.94,0.0,13.64
2024-05-11,Chennai,24,34.46,0.0,11.7
2024-05-12,Chennai,24,32.53,5.48,12.35
2024-05-13,Chennai,24,35.49,0.0,14.1
2024-05-14,Chennai,24,35.81,0.0,10.9
2024-05-15,Chennai,24,34.16,0.0,16.75
2024-05-16,Chennai,24,35.62,0.0,14.03
2024-05-17,Chennai,24,36.31,0.0,11.16
2024-05-18,Chennai,24,33.98,2.84,11.11
2024-05-19,Chennai,24,35.46,0.0,7.96
2024-05-20,Chennai,24,35.39,0.0,11.93
2024-05-21,Chennai,24,36.37,0.0,9.63
2024-05-22,Chennai,24,36.51,0.0,8.53
2024-05-23,Chennai,24,33.59,0.0,11.26
2024-05-24,Chennai,24,33.93,0.0,14.11
2024-05-25,Chennai,24,35.6,2.81,18.36
2024-05-26,Chennai,24,32.73,40.73,21.07
2024-05-27,Chennai,24,32.82,0.0,12.46
2024-05-28,Chennai,24,34.09,0.0,11.39
2024-05-29,Chennai,24,33.87,2.03,11.91
2024-05-30,Chennai,24,31.26,0.0,14.42
2024-05-31,Chennai,24,33.59,7.65,20.63
2024-06-01,Chennai,24,32.08,0.0,16.28
2024-06-02,Chennai,24,29.22,0.0,17.54
2024-06-03,Chennai,24,31.81,0.0,17.05
2024-06-04,Chennai,24,30.22,0.0,11.72
2024-06-05,Chennai,24,30.45,0.0,10.04
2024-06-06,Chennai,24,32.05,0.0,16.21
2024-06-07,Chennai,24,32.91,0.0,14.93
2024-06-08,Chennai,24,33.19,0.0,14.37
2024-06-09,Chennai,24,32.71,0.0,14.25
2024-06-10,Chennai,24,34.62,0.0,18.68
2024-06-11,Chennai,24,35.17,0.0,17.9
2024-06-12,Chennai,24,35.39,0.0,14.33
2024-06-13,Chennai,24,34.27,0.0,17.73
2024-06-14,Chennai,24,32.59,0.0,17.95
2024-06-15,Chennai,24,33.7,0.0,19.75
2024-06-16,Chennai,24,32.26,0.0,20.36
2024-06-17,Chennai,24,31.22,0.0,17.77
2024-06-18,Chennai,24,34.4,0.0,15.71
2024-06-19,Chennai,24,33.75,17.81,21.42
2024-06-20,Chennai,24,32.47,0.0,17.64
2024-06-21,Chennai,24,31.87,0.0,13.56
2024-06-22,Chennai,24,34.88,0.0,17.81
2024-06-23,Chennai,24,35.57,0.0,15.75
2024-06-24,Chennai,24,33.74,0.0,16.86
2024-06-25,Chennai,24,34.71,0.0,16.8
2024-06-26,Chennai,24,35.51,0.0,17.82
2024-06-27,Chennai,24,34.67,0.0,15.47
2024-06-28,Chennai,24,33.94,0.0,15.2
2024-06-29,Chennai,24,31.08,0.0,14.49
2024-06-30,Chennai,24,30.97,0.0,13.73
2024-07-01,Chennai,24,27.95,0.0,14.52
2024-07-02,Chennai,24,30.57,0.0,12.14
2024-07-03,Chennai,24,27.35,0.0,11.22
2024-07-04,Chennai,24,27.92,4.26,14.17
2024-07-05,Chennai,24,29.29,2.36,15.57
2024-07-06,Chennai,24,29.14,0.0,15.33
2024-07-07,Chennai,24,29.87,0.0,17.87
2024-07-08,Chennai,24,32.56,7.26,15.41
2024-07-09,Chennai,24,33.63,0.98,12.62
2024-07-10,Chennai,24,33.06,13.1,17.19
2024-07-11,Chennai,24,32.37,2.28,18.91
2024-07-12,Chennai,24,30.84,1.85,16.93
2024-07-13,Chennai,24,31.58,9.13,20.66
2024-07-14,Chennai,24,29.68,3.26,15.0
2024-07-15,Chennai,24,33.52,20.58,12.54
2024-07-16,Chennai,24,32.63,0.0,11.71
2024-07-17,Chennai,24,33.01,0.0,10.06
2024-07-18,Chennai,24,31.76,0.0,10.32
2024-07-19,Chennai,24,35.0,0.0,16.14
2024-07-20,Chennai,24,32.61,0.0,15.76
2024-07-21,Chennai,24,33.28,13.59,14.55
2024-07-22,Chennai,24,33.7,0.0,15.04
2024-07-23,Chennai,24,32.19,2.07,11.88
2024-07-24,Chennai,24,32.49,0.0,14.52
2024-07-25,Chennai,24,34.65,0.0,15.08
2024-07-26,Chennai,24,33.64,0.0,10.82
2024-07-27,Chennai,24,35.17,0.0,14.61
2024-07-28,Chennai,24,34.39,0.0,11.53
2024-07-29,Chennai,24,35.03,10.36,15.16
2024-07-30,Chennai,24,33.26,0.0,16.42
2024-07-31,Chennai,24,33.15,0.0,12.23
2024-08-01,Chennai,24,34.82,0.0,14.41
2024-08-02,Chennai,24,33.92,0.0,16.39
2024-08-03,Chennai,24,34.93,0.0,10.57
2024-08-04,Chennai,24,32.21,33.69,15.62
2024-08-05,Chennai,24,31.26,0.0,12.14
2024-08-06,Chennai,24,31.36,0.0,12.84
2024-08-07,Chennai,24,33.54,0.0,19.98
2024-08-08,Chennai,24,34.6,0.0,15.68
2024-08-09,Chennai,24,33.89,4.53,17.78
2024-08-10,Chennai,24,32.94,5.35,16.2
2024-08-11,Chennai,24,33.52,13.14,12.46
2024-08-12,Chennai,24,32.33,2.06,12.07
2024-08-13,Chennai,24,32.95,0.0,7.2
2024-08-14,Chennai,24,30.78,0.0,11.48
2024-08-15,Chennai,24,29.99,0.0,11.56
2024-08-16,Chennai,24,31.19,0.0,10.9
2024-08-17,Chennai,24,31.39,0.0,10.38
2024-08-18,Chennai,24,29.41,0.0,10.18
2024-08-19,Chennai,24,30.58,0.0,2.46
2024-08-20,Chennai,24,34.24,0.0,5.8
2024-08-21,Chennai,24,35.34,0.0,8.62
2024-08-22,Chennai,24,32.34,0.0,8.36
2024-08-23,Chennai,24,33.13,0.0,8.84
2024-08-24,Chennai,24,32.28,0.0,13.67
2024-08-25,Chennai,24,32.07,1.75,17.15
2024-08-26,Chennai,24,31.52,0.0,14.44
2024-08-27,Chennai,24,31.96,0.0,12.8
2024-08-28,Chennai,24,35.12,5.96,14.4
2024-08-29,Chennai,24,36.38,19.34,12.61
2024-08-30,Chennai,24,33.86,0.0,11.45
2024-08-31,Chennai,24,34.67,0.0,15.56
2024-09-01,Chennai,24,31.66,0.0,12.16
2024-09-02,Chennai,24,29.87,0.0,13.52
2024-09-03,Chennai,24,30.72,0.0,6.45
2024-09-04,Chennai,24,29.45,0.0,10.18
2024-09-05,Chennai,24,30.62,0.0,12.2
2024-09-06,Chennai,24,30.97,6.42,14.37
2024-09-07,Chennai,24,28.81,19.78,12.95
2024-09-08,Chennai,24,30.88,32.34,21.09
2024-09-09,Chennai,24,33.94,6.77,14.79
2024-09-10,Chennai,24,32.88,0.0,11.18
2024-09-11,Chennai,24,31.4,0.0,11.54
2024-09-12,Chennai,24,30.42,1.8,12.29
2024-09-13,Chennai,24,29.85,2.39,7.75
2024-09-14,Chennai,24,30.58,1.02,6.03
2024-09-15,Chennai,24,31.27,1.32,9.02
2024-09-16,Chennai,24,28.62,0.0,8.33
2024-09-17,Chennai,24,27.85,0.0,8.72
2024-09-18,Chennai,24,28.9,1.38,13.83
2024-09-19,Chennai,24,29.38,11.12,17.12
2024-09-20,Chennai,24,29.53,0.0,8.28
2024-09-21,Chennai,24,31.62,0.0,8.12
2024-09-22,Chennai,24,33.34,0.0,8.49
2024-09-23,Chennai,24,31.39,10.37,14.64
2024-09-24,Chennai,24,33.21,0.0,12.73
2024-09-25,Chennai,24,32.96,0.0,12.07
2024-09-26,Chennai,24,30.59,0.0,15.32
2024-09-27,Chennai,24,32.53,0.0,12.32
2024-09-28,Chennai,24,31.16,0.0,16.22
2024-09-29,Chennai,24,31.0,0.0,15.56
2024-09-30,Chennai,24,30.64,0.0,14.94
2024-10-01,Chennai,24,25.73,0.0,13.26
2024-10-02,Chennai,24,25.89,0.0,16.06
2024-10-03,Chennai,24,28.91,0.0,13.99
2024-10-04,Chennai,24,26.19,3.24,12.28
2024-10-05,Chennai,24,27.56,7.39,9.81
2024-10-06,Chennai,24,28.16,4.96,10.64
2024-10-07,Chennai,24,29.78,4.56,13.41
2024-10-08,Chennai,24,30.31,19.95,16.45
2024-10-09,Chennai,24,27.38,14.63,11.9
2024-10-10,Chennai,24,26.48,2.64,13.29
2024-10-11,Chennai,24,25.93,17.75,11.05
2024-10-12,Chennai,24,31.05,2.02,10.11
2024-10-13,Chennai,24,31.05,12.38,11.75
2024-10-14,Chennai,24,30.47,0.0,14.8
2024-10-15,Chennai,24,32.48,18.87,17.34
2024-10-16,Chennai,24,28.49,3.51,12.38
2024-10-17,Chennai,24,31.49,5.75,15.07
2024-10-18,Chennai,24,32.73,1.54,11.29
2024-10-19,Chennai,24,32.4,1.94,11.83
2024-10-20,Chennai,24,30.71,4.81,10.27
2024-10-21,Chennai,24,28.67,0.0,9.38
2024-10-22,Chennai,24,29.07,0.0,13.63
2024-10-23,Chennai,24,28.8,0.0,16.24
2024-10-24,Chennai,24,28.27,0.0,15.83
2024-10-25,Chennai,24,26.94,6.16,14.6
2024-10-26,Chennai,24,24.67,2.19,17.17
2024-10-27,Chennai,24,24.62,1.31,11.66
2024-10-28,Chennai,24,22.99,8.65,14.88
2024-10-29,Chennai,24,25.4,22.47,16.75
2024-10-30,Chennai,24,23.12,33.37,14.38
2024-10-31,Chennai,24,25.21,52.1,10.56
2024-11-01,Chennai,24,23.97,0.0,11.74
2024-11-02,Chennai,24,24.08,19.95,13.18
2024-11-03,Chennai,24,24.16,1.89,10.19
2024-11-04,Chennai,24,26.8,7.64,18.01
2024-11-05,Chennai,24,27.79,8.15,21.41
2024-11-06,Chennai,24,27.29,0.0,18.65
2024-11-07,Chennai,24,26.98,2.53,15.93
2024-11-08,Chennai,24,28.11,6.7,14.83
2024-11-09,Chennai,24,26.78,38.24,18.39
2024-11-10,Chennai,24,26.57,9.81,11.22
2024-11-11,Chennai,24,28.45,5.45,13.07
2024-11-12,Chennai,24,28.05,9.56,14.06
2024-11-13,Chennai,24,29.09,1.96,15.2
2024-11-14,Chennai,24,26.62,22.71,11.64
2024-11-15,Chennai,24,25.2,20.97,11.28
2024-11-16,Chennai,24,27.28,19.71,13.53
2024-11-17,Chennai,24,26.44,11.73,13.16
2024-11-18,Chennai,24,26.21,2.65,12.47
2024-11-19,Chennai,24,27.02,1.65,12.73
2024-11-20,Chennai,24,28.94,1.23,14.16
2024-11-21,Chennai,24,28.15,0.0,17.87
2024-11-22,Chennai,24,29.49,10.33,13.97
2024-11-23,Chennai,24,29.69,0.86,16.74
2024-11-24,Chennai,24,27.77,7.39,16.64
2024-11-25,Chennai,24,25.65,9.21,16.18
2024-11-26,Chennai,24,27.08,7.41,12.24
2024-11-27,Chennai,24,28.25,8.47,14.75
2024-11-28,Chennai,24,29.3,0.0,13.56
2024-11-29,Chennai,24,26.56,11.28,20.7
2024-11-30,Chennai,24,24.89,43.72,18.55
2024-12-01,Chennai,24,24.79,21.02,12.58
2024-12-02,Chennai,24,26.4,0.84,4.03
2024-12-03,Chennai,24,24.63,5.48,10.27
2024-12-04,Chennai,24,25.19,0.0,6.51
2024-12-05,Chennai,24,29.13,0.0,8.3
2024-12-06,Chennai,24,28.75,22.95,9.32
2024-12-07,Chennai,24,26.75,0.0,14.48
2024-12-08,Chennai,24,24.86,2.76,9.61
2024-12-09,Chennai,24,25.21,0.0,10.85
2024-12-10,Chennai,24,25.45,0.0,12.1
2024-12-11,Chennai,24,24.57,8.28,8.56
2024-12-12,Chennai,24,23.97,1.68,3.49
2024-12-13,Chennai,24,25.94,4.16,9.74
2024-12-14,Chennai,24,24.94,1.32,11.9
2024-12-15,Chennai,24,26.27,1.85,9.87
2024-12-16,Chennai,24,24.88,4.37,12.5
2024-12-17,Chennai,24,24.51,5.85,12.66
2024-12-18,Chennai,24,24.26,6.01,6.64
2024-12-19,Chennai,24,20.56,6.88,10.48
2024-12-20,Chennai,24,21.16,0.0,8.25
2024-12-21,Chennai,24,23.6,0.1,6.65
2024-12-22,Chennai,24,23.31,4.14,11.87
2024-12-23,Chennai,24,23.06,32.99,11.07
2024-12-24,Chennai,24,24.86,30.53,13.37
2024-12-25,Chennai,24,20.71,1.2,6.21
2024-12-26,Chennai,24,22.55,10.77,10.77
2024-12-27,Chennai,24,24.29,1.12,8.89
2024-12-28,Chennai,24,23.26,26.32,10.8
2024-12-29,Chennai,24,25.2,16.66,9.13
2024-12-30,Chennai,24,25.56,5.55,5.51
2024-12-31,Chennai,24,24.07,0.0,12.45
2025-01-01,Chennai,24,25.62,0.0,10.61
2025-01-02,Chennai,24,25.79,0.0,13.82
2025-01-03,Chennai,24,26.4,0.0,12.6
2025-01-04,Chennai,24,25.99,2.3,8.08
2025-01-05,Chennai,24,25.45,0.0,4.97
2025-01-06,Chennai,24,27.0,0.0,6.77
2025-01-07,Chennai,24,23.03,0.0,9.03
2025-01-08,Chennai,24,24.64,0.0,9.06
2025-01-09,Chennai,24,23.93,0.0,9.69
2025-01-10,Chennai,24,25.67,0.0,9.35
2025-01-11,Chennai,24,27.42,0.0,12.78
2025-01-12,Chennai,24,24.03,0.0,12.59
2025-01-13,Chennai,24,26.35,1.98,11.12
2025-01-14,Chennai,24,25.36,1.78,15.41
2025-01-15,Chennai,24,23.68,0.0,7.26
2025-01-16,Chennai,24,25.97,0.0,8.1
2025-01-17,Chennai,24,25.02,5.32,8.6
2025-01-18,Chennai,24,26.17,0.0,13.91
2025-01-19,Chennai,24,26.32,0.0,11.29
2025-01-20,Chennai,24,27.1,0.0,12.39
2025-01-21,Chennai,24,27.66,0.0,7.2
2025-01-22,Chennai,24,25.91,0.0,11.42
2025-01-23,Chennai,24,25.79,0.0,8.98
2025-01-24,Chennai,24,24.06,0.0,8.42
2025-01-25,Chennai,24,23.01,0.0,10.25
2025-01-26,Chennai,24,24.54,0.0,10.81
2025-01-27,Chennai,24,24.83,0.0,12.18
2025-01-28,Chennai,24,25.41,0.0,14.59
2025-01-29,Chennai,24,24.44,1.95,12.35
2025-01-30,Chennai,24,24.73,0.0,10.09
2025-01-31,Chennai,24,25.4,0.0,10.48
2025-02-01,Chennai,24,23.64,0.0,5.65
2025-02-02,Chennai,24,25.81,0.0,6.94
2025-02-03,Chennai,24,26.68,0.0,9.07
2025-02-04,Chennai,24,27.15,0.0,8.62
2025-02-05,Chennai,24,26.94,0.0,5.74
2025-02-06,Chennai,24,27.76,0.0,8.56
2025-02-07,Chennai,24,27.82,0.0,11.61
2025-02-08,Chennai,24,26.98,0.0,7.63
2025-02-09,Chennai,24,27.05,0.0,8.9
2025-02-10,Chennai,24,25.89,0.0,10.93
2025-02-11,Chennai,24,27.11,0.0,10.43
2025-02-12,Chennai,24,26.38,0.0,9.92
2025-02-13,Chennai,24,26.05,2.9,11.86
2025-02-14,Chennai,24,24.43,0.0,11.51
2025-02-15,Chennai,24,25.59,0.0,11.04
2025-02-16,Chennai,24,26.36,0.0,8.55
2025-02-17,Chennai,24,26.49,0.0,9.03
2025-02-18,Chennai,24,25.74,0.0,8.87
2025-02-19,Chennai,24,27.23,0.0,8.77
2025-02-20,Chennai,24,25.98,0.0,8.09
2025-02-21,Chennai,24,27.88,0.0,5.16
2025-02-22,Chennai,24,28.39,8.45,9.7
2025-02-23,Chennai,24,29.72,0.0,12.69
2025-02-24,Chennai,24,28.72,0.0,11.01
2025-02-25,Chennai,24,27.23,0.0,10.23
2025-02-26,Chennai,24,28.32,0.0,9.68
2025-02-27,Chennai,24,28.54,37.14,13.43
2025-02-28,Chennai,24,28.29,0.0,10.81
2025-03-01,Chennai,24,30.14,0.0,10.55
2025-03-02,Chennai,24,26.8,0.0,13.61
2025-03-03,Chennai,24,28.88,0.0,9.56
2025-03-04,Chennai,24,27.45,0.0,6.81
2025-03-05,Chennai,24,29.73,0.0,10.01
2025-03-06,Chennai,24,29.9,0.0,9.74
2025-03-07,Chennai,24,28.73,0.0,6.62
2025-03-08,Chennai,24,28.91,0.0,9.39
2025-03-09,Chennai,24,25.56,0.0,5.18
2025-03-10,Chennai,24,26.71,0.0,3.05
2025-03-11,Chennai,24,28.18,0.0,8.68
2025-03-12,Chennai,24,27.26,0.0,10.61
2025-03-13,Chennai,24,26.18,0.0,10.61
2025-03-14,Chennai,24,26.02,0.0,7.94
2025-03-15,Chennai,24,26.49,0.0,10.42
2025-03-16,Chennai,24,27.99,0.0,12.53
2025-03-17,Chennai,24,30.09,0.0,9.15
2025-03-18,Chennai,24,31.47,0.0,10.65
2025-03-19,Chennai,24,31.08,0.0,15.42
2025-03-20,Chennai,24,30.71,0.0,12.7
2025-03-21,Chennai,24,29.18,0.0,11.24
2025-03-22,Chennai,24,29.24,0.0,12.3
2025-03-23,Chennai,24,28.95,0.0,10.58
2025-03-24,Chennai,24,27.89,0.0,5.92
2025-03-25,Chennai,24,28.61,0.0,5.65
2025-03-26,Chennai,24,28.77,0.0,6.13
2025-03-27,Chennai,24,28.35,0.0,3.77
2025-03-28,Chennai,24,25.94,0.0,7.21
2025-03-29,Chennai,24,27.87,0.0,10.38
2025-03-30,Chennai,24,28.13,0.0,9.33
2025-03-31,Chennai,24,28.36,0.0,6.88
2025-04-01,Chennai,24,35.06,7.12,11.11
2025-04-02,Chennai,24,33.06,0.0,10.9
2025-04-03,Chennai,24,34.8,0.0,8.76
2025-04-04,Chennai,24,31.58,0.0,11.15
2025-04-05,Chennai,24,32.64,0.0,10.76
2025-04-06,Chennai,24,30.64,0.0,8.98
2025-04-07,Chennai,24,31.39,0.0,10.43
2025-04-08,Chennai,24,31.04,0.0,11.03
2025-04-09,Chennai,24,33.11,0.0,11.08
2025-04-10,Chennai,24,30.76,0.0,9.34
2025-04-11,Chennai,24,33.52,0.0,8.92
2025-04-12,Chennai,24,34.24,0.0,9.44
2025-04-13,Chennai,24,31.53,0.0,8.24
2025-04-14,Chennai,24,30.79,0.0,7.97
2025-04-15,Chennai,24,28.17,0.0,6.2
2025-04-16,Chennai,24,29.53,0.0,11.77
2025-04-17,Chennai,24,31.96,0.0,9.92
2025-04-18,Chennai,24,32.41,0.0,11.79
2025-04-19,Chennai,24,33.81,0.0,14.05
2025-04-20,Chennai,24,31.54,0.0,11.51
2025-04-21,Chennai,24,31.37,0.0,12.7
2025-04-22,Chennai,24,31.23,0.0,8.92
2025-04-23,Chennai,24,32.69,0.0,13.55
2025-04-24,Chennai,24,33.22,0.0,12.01
2025-04-25,Chennai,24,33.96,0.0,8.64
2025-04-26,Chennai,24,32.4,0.0,8.92
2025-04-27,Chennai,24,33.58,0.0,10.58
2025-04-28,Chennai,24,33.26,9.13,14.11
2025-04-29,Chennai,24,33.43,0.0,9.44
2025-04-30,Chennai,24,31.85,0.0,9.8
2025-05-01,Chennai,24,30.96,0.0,12.31
2025-05-02,Chennai,24,33.81,0.0,9.66
2025-05-03,Chennai,24,34.06,0.0,16.07
2025-05-04,Chennai,24,33.86,0.0,10.37
2025-05-05,Chennai,24,35.76,0.0,12.77
2025-05-06,Chennai,24,35.3,0.0,17.32
2025-05-07,Chennai,24,33.01,0.0,12.27
2025-05-08,Chennai,24,34.31,0.0,12.3
2025-05-09,Chennai,24,33.69,0.0,9.53
2025-05-10,Chennai,24,36.42,0.0,10.79
2025-05-11,Chennai,24,35.45,0.0,12.23
2025-05-12,Chennai,24,35.43,0.0,13.79
2025-05-13,Chennai,24,33.13,0.0,14.31
2025-05-14,Chennai,24,36.46,0.0,14.47
2025-05-15,Chennai,24,36.7,0.0,14.35
2025-05-16,Chennai,24,36.18,0.0,12.91
2025-05-17,Chennai,24,37.69,0.0,12.73
2025-05-18,Chennai,24,38.28,0.0,7.91
2025-05-19,Chennai,24,36.74,0.0,9.11
2025-05-20,Chennai,24,37.12,0.0,14.81
2025-05-21,Chennai,24,38.25,0.0,19.11
2025-05-22,Chennai,24,39.54,0.0,11.24
2025-05-23,Chennai,24,37.79,0.0,18.09
2025-05-24,Chennai,24,36.24,0.0,8.4
2025-05-25,Chennai,24,37.57,0.0,11.15
2025-05-26,Chennai,24,36.81,0.0,12.25
2025-05-27,Chennai,24,36.18,0.0,12.05
2025-05-28,Chennai,24,36.9,0.0,13.12
2025-05-29,Chennai,24,37.25,0.0,17.27
2025-05-30,Chennai,24,35.4,0.0,10.29
2025-05-31,Chennai,24,36.24,0.0,11.84
2025-06-01,Chennai,24,35.93,2.12,18.27
2025-06-02,Chennai,24,35.54,30.41,23.36
2025-06-03,Chennai,24,33.78,0.0,16.24
2025-06-04,Chennai,24,31.16,0.0,15.45
2025-06-05,Chennai,24,33.51,0.0,18.77
2025-06-06,Chennai,24,34.09,0.0,13.36
2025-06-07,Chennai,24,34.75,0.0,15.75
2025-06-08,Chennai,24,33.15,0.0,12.31
2025-06-09,Chennai,24,33.52,0.0,14.99
2025-06-10,Chennai,24,32.68,0.0,16.23
2025-06-11,Chennai,24,33.11,0.0,12.83
2025-06-12,Chennai,24,32.84,3.89,17.65
2025-06-13,Chennai,24,31.81,1.47,16.49
2025-06-14,Chennai,24,30.39,0.0,14.54
2025-06-15,Chennai,24,31.53,0.0,12.91
2025-06-16,Chennai,24,34.92,0.0,12.55
2025-06-17,Chennai,24,35.73,0.0,16.35
2025-06-18,Chennai,24,35.94,0.0,13.43
2025-06-19,Chennai,24,35.96,1.13,11.88
2025-06-20,Chennai,24,36.01,9.73,16.41
2025-06-21,Chennai,24,35.83,0.0,16.42
2025-06-22,Chennai,24,34.56,10.22,18.69
2025-06-23,Chennai,24,34.93,0.0,14.82
2025-06-24,Chennai,24,34.2,0.0,14.52
2025-06-25,Chennai,24,33.67,0.0,15.0
2025-06-26,Chennai,24,35.06,0.0,16.14
2025-06-27,Chennai,24,34.12,0.0,18.18
2025-06-28,Chennai,24,33.06,0.0,15.93
2025-06-29,Chennai,24,34.28,0.0,16.91
2025-06-30,Chennai,24,33.5,0.0,18.34
2025-07-01,Chennai,24,32.24,0.0,17.59
2025-07-02,Chennai,24,32.18,0.0,20.35
2025-07-03,Chennai,24,33.98,10.94,18.57
2025-07-04,Chennai,24,31.77,1.71,14.85
2025-07-05,Chennai,24,33.52,0.99,12.15
2025-07-06,Chennai,24,35.23,14.78,20.47
2025-07-07,Chennai,24,33.41,6.84,22.34
2025-07-08,Chennai,24,35.0,0.0,17.15
2025-07-09,Chennai,24,33.08,0.0,17.01
2025-07-10,Chennai,24,33.39,0.0,17.44
2025-07-11,Chennai,24,34.57,0.0,17.49
2025-07-12,Chennai,24,33.93,0.0,14.69
2025-07-13,Chennai,24,35.34,5.39,14.06
2025-07-14,Chennai,24,33.45,0.61,11.37
2025-07-15,Chennai,24,30.96,0.0,11.95
2025-07-16,Chennai,24,29.65,29.58,18.2
2025-07-17,Chennai,24,29.41,3.54,15.58
2025-07-18,Chennai,24,27.0,12.4,19.21
2025-07-19,Chennai,24,31.69,0.0,15.83
2025-07-20,Chennai,24,30.99,1.67,18.48
2025-07-21,Chennai,24,30.38,7.26,12.9
2025-07-22,Chennai,24,29.33,8.76,20.78
2025-07-23,Chennai,24,30.0,1.43,13.28
2025-07-24,Chennai,24,31.51,18.24,16.12
2025-07-25,Chennai,24,32.26,3.59,14.29
2025-07-26,Chennai,24,31.96,6.31,14.06
2025-07-27,Chennai,24,30.69,2.57,15.66
2025-07-28,Chennai,24,29.53,2.24,18.92
2025-07-29,Chennai,24,29.03,0.0,15.56
2025-07-30,Chennai,24,28.67,0.0,15.55
2025-07-31,Chennai,24,30.38,0.0,14.32
2025-08-01,Chennai,24,31.01,4.61,8.16
2025-08-02,Chennai,24,29.68,35.63,16.11
2025-08-03,Chennai,24,29.26,17.21,11.18
2025-08-04,Chennai,24,29.9,0.0,5.42
2025-08-05,Chennai,24,28.6,3.86,13.3
2025-08-06,Chennai,24,31.45,0.0,14.95
2025-08-07,Chennai,24,30.16,13.26,15.83
2025-08-08,Chennai,24,29.3,36.42,24.4
2025-08-09,Chennai,24,29.04,0.0,14.73
2025-08-10,Chennai,24,28.7,2.56,12.45
2025-08-11,Chennai,24,27.73,38.04,17.8
2025-08-12,Chennai,24,29.64,0.0,15.43
2025-08-13,Chennai,24,30.62,0.0,10.33
2025-08-14,Chennai,24,30.06,0.0,13.33
2025-08-15,Chennai,24,30.97,0.0,14.97
2025-08-16,Chennai,24,29.04,0.0,16.97
2025-08-17,Chennai,24,29.27,0.0,14.31
2025-08-18,Chennai,24,29.84,42.87,18.55
2025-08-19,Chennai,24,29.11,12.85,8.99
2025-08-20,Chennai,24,28.81,0.0,12.71
2025-08-21,Chennai,24,28.71,12.83,12.81
2025-08-22,Chennai,24,28.49,0.0,12.09
2025-08-23,Chennai,24,31.62,0.0,13.94
2025-08-24,Chennai,24,30.67,0.0,15.77
2025-08-25,Chennai,24,31.09,0.0,15.6
2025-08-26,Chennai,24,27.84,0.0,16.02
2025-08-27,Chennai,24,29.84,0.0,14.93
2025-08-28,Chennai,24,30.55,0.0,19.2
2025-08-29,Chennai,24,32.26,0.0,13.1
2025-08-30,Chennai,24,31.59,24.9,15.98
2025-08-31,Chennai,24,33.6,0.0,11.8
2025-09-01,Chennai,24,29.84,0.0,11.43
2025-09-02,Chennai,24,31.08,5.14,8.69
2025-09-03,Chennai,24,28.29,0.0,12.83
2025-09-04,Chennai,24,28.85,0.0,9.04
2025-09-05,Chennai,24,26.63,0.0,12.72
2025-09-06,Chennai,24,27.96,0.45,11.71
2025-09-07,Chennai,24,27.03,6.55,11.8
2025-09-08,Chennai,24,28.31,10.76,16.62
2025-09-09,Chennai,24,28.54,4.55,11.44
2025-09-10,Chennai,24,29.79,8.23,17.06
2025-09-11,Chennai,24,31.12,0.0,18.14
2025-09-12,Chennai,24,31.86,0.0,16.29
2025-09-13,Chennai,24,29.61,15.72,16.3
2025-09-14,Chennai,24,29.56,0.0,12.88
2025-09-15,Chennai,24,30.52,0.0,10.01
2025-09-16,Chennai,24,28.82,8.72,9.72
2025-09-17,Chennai,24,29.21,10.46,10.83
2025-09-18,Chennai,24,28.5,0.83,6.42
2025-09-19,Chennai,24,30.68,2.99,8.63
2025-09-20,Chennai,24,30.69,20.95,16.17
2025-09-21,Chennai,24,29.42,3.8,11.55
2025-09-22,Chennai,24,29.51,7.98,14.39
2025-09-23,Chennai,24,32.37,0.0,12.22
2025-09-24,Chennai,24,30.42,0.0,11.45
2025-09-25,Chennai,24,31.14,0.0,10.45
2025-09-26,Chennai,24,29.28,0.0,10.88
2025-09-27,Chennai,24,27.2,0.0,11.11
2025-09-28,Chennai,24,28.95,9.53,8.32
2025-09-29,Chennai,24,27.86,0.0,8.76
2025-09-30,Chennai,24,27.6,0.0,16.19
2023-01-01,Chennai,72,24.94,0.0,10.61
2023-01-02,Chennai,72,25.46,0.0,9.04
2023-01-03,Chennai,72,25.39,0.0,8.3
2023-01-04,Chennai,72,23.99,0.0,9.71
2023-01-05,Chennai,72,23.51,1.55,5.61
2023-01-06,Chennai,72,24.13,0.0,7.68
2023-01-07,Chennai,72,23.25,0.0,9.99
2023-01-08,Chennai,72,25.48,0.0,9.47
2023-01-09,Chennai,72,26.93,0.0,4.75
2023-01-10,Chennai,72,21.71,0.0,7.49
2023-01-11,Chennai,72,25.77,0.0,9.68
2023-01-12,Chennai,72,27.59,0.0,13.81
2023-01-13,Chennai,72,24.41,0.0,12.58
2023-01-14,Chennai,72,24.41,0.0,10.58
2023-01-15,Chennai,72,24.2,0.0,1.82
2023-01-16,Chennai,72,25.91,0.0,5.55
2023-01-17,Chennai,72,22.69,0.0,10.45
2023-01-18,Chennai,72,23.0,0.0,8.76
2023-01-19,Chennai,72,24.47,0.0,13.52
2023-01-20,Chennai,72,24.84,0.0,4.94
2023-01-21,Chennai,72,24.34,0.0,10.25
2023-01-22,Chennai,72,27.21,0.0,6.61
2023-01-23,Chennai,72,26.59,0.0,7.58
2023-01-24,Chennai,72,29.41,3.34,12.1
2023-01-25,Chennai,72,26.39,0.0,11.23
2023-01-26,Chennai,72,26.49,0.0,10.64
2023-01-27,Chennai,72,28.49,0.0,11.18
2023-01-28,Chennai,72,24.97,0.0,8.21
2023-01-29,Chennai,72,26.17,0.0,13.36
2023-01-30,Chennai,72,26.14,0.0,7.62
2023-01-31,Chennai,72,22.75,0.0,15.85
2023-02-01,Chennai,72,26.57,0.0,14.44
2023-02-02,Chennai,72,26.37,0.0,12.73
2023-02-03,Chennai,72,29.25,0.0,10.11
2023-02-04,Chennai,72,28.22,0.0,10.21
2023-02-05,Chennai,72,29.77,0.0,13.71
2023-02-06,Chennai,72,25.75,0.0,5.02
2023-02-07,Chennai,72,26.95,0.0,9.37
2023-02-08,Chennai,72,23.77,0.0,10.68
2023-02-09,Chennai,72,27.56,0.0,7.84
2023-02-10,Chennai,72,25.69,0.0,8.26
2023-02-11,Chennai,72,29.03,0.0,10.14
2023-02-12,Chennai,72,27.47,0.0,12.53
2023-02-13,Chennai,72,26.73,0.0,15.36
2023-02-14,Chennai,72,26.55,9.27,13.88
2023-02-15,Chennai,72,27.15,0.0,14.38
2023-02-16,Chennai,72,28.33,0.0,5.3
2023-02-17,Chennai,72,28.86,0.0,7.08
2023-02-18,Chennai,72,30.87,0.0,6.66
2023-02-19,Chennai,72,30.93,0.0,2.94
2023-02-20,Chennai,72,27.1,0.0,10.78
2023-02-21,Chennai,72,27.54,0.0,10.85
2023-02-22,Chennai,72,27.74,0.0,9.04
2023-02-23,Chennai,72,28.44,0.0,4.83
2023-02-24,Chennai,72,29.28,0.0,9.52
2023-02-25,Chennai,72,27.33,0.0,13.01
2023-02-26,Chennai,72,25.98,0.0,7.09
2023-02-27,Chennai,72,27.64,0.0,4.46
2023-02-28,Chennai,72,28.85,0.0,7.06
2023-03-01,Chennai,72,27.1,0.0,3.58
2023-03-02,Chennai,72,24.37,0.0,9.25
2023-03-03,Chennai,72,23.8,0.0,11.4
2023-03-04,Chennai,72,27.36,0.0,13.97
2023-03-05,Chennai,72,26.19,0.0,10.38
2023-03-06,Chennai,72,26.06,0.0,4.01
2023-03-07,Chennai,72,24.94,0.0,6.21
2023-03-08,Chennai,72,25.54,0.0,9.96
2023-03-09,Chennai,72,27.71,0.0,10.84
2023-03-10,Chennai,72,28.85,0.0,2.11
2023-03-11,Chennai,72,24.58,0.0,8.77
2023-03-12,Chennai,72,26.3,0.0,7.14
2023-03-13,Chennai,72,26.06,0.0,14.54
2023-03-14,Chennai,72,26.94,0.0,7.71
2023-03-15,Chennai,72,30.02,0.0,12.73
2023-03-16,Chennai,72,31.03,0.0,9.81
2023-03-17,Chennai,72,28.87,0.0,9.71
2023-03-18,Chennai,72,28.21,0.0,10.95
2023-03-19,Chennai,72,31.75,0.0,13.11
2023-03-20,Chennai,72,27.66,0.0,9.21
2023-03-21,Chennai,72,27.35,0.0,11.18
2023-03-22,Chennai,72,27.66,0.0,16.22
2023-03-23,Chennai,72,29.6,0.0,12.08
2023-03-24,Chennai,72,28.93,0.0,9.73
2023-03-25,Chennai,72,27.42,0.0,9.06
2023-03-26,Chennai,72,27.72,0.0,9.87
2023-03-27,Chennai,72,27.13,0.0,15.18
2023-03-28,Chennai,72,27.99,0.0,14.23
2023-03-29,Chennai,72,30.41,0.0,11.36
2023-03-30,Chennai,72,27.29,0.0,9.42
2023-03-31,Chennai,72,28.83,0.0,15.0
2023-04-01,Chennai,72,31.97,0.0,14.94
2023-04-02,Chennai,72,30.23,0.0,7.78
2023-04-03,Chennai,72,33.0,0.0,10.64
2023-04-04,Chennai,72,32.47,0.0,8.21
2023-04-05,Chennai,72,36.24,0.0,6.49
2023-04-06,Chennai,72,31.71,0.28,6.99
2023-04-07,Chennai,72,29.71,0.0,10.67
2023-04-08,Chennai,72,29.91,0.0,13.79
2023-04-09,Chennai,72,31.67,0.0,14.28
2023-04-10,Chennai,72,30.13,0.0,7.94
2023-04-11,Chennai,72,34.11,0.0,7.9
2023-04-12,Chennai,72,36.21,0.0,14.47
2023-04-13,Chennai,72,35.37,0.0,8.7
2023-04-14,Chennai,72,33.74,0.0,22.49
2023-04-15,Chennai,72,33.84,6.02,14.21
2023-04-16,Chennai,72,32.68,16.22,16.68
2023-04-17,Chennai,72,31.86,0.0,16.19
2023-04-18,Chennai,72,30.54,0.0,9.65
2023-04-19,Chennai,72,33.9,0.0,13.91
2023-04-20,Chennai,72,32.41,0.0,9.95
2023-04-21,Chennai,72,33.39,0.0,13.73
2023-04-22,Chennai,72,35.44,0.0,6.9
2023-04-23,Chennai,72,34.22,0.0,13.68
2023-04-24,Chennai,72,34.44,0.0,16.61
2023-04-25,Chennai,72,34.75,0.0,7.74
2023-04-26,Chennai,72,32.64,0.0,10.84
2023-04-27,Chennai,72,34.88,0.0,9.05
2023-04-28,Chennai,72,36.12,0.0,8.23
2023-04-29,Chennai,72,33.75,0.0,15.21
2023-04-30,Chennai,72,35.81,1.41,10.47
2023-05-01,Chennai,72,34.01,0.0,15.29
2023-05-02,Chennai,72,36.02,0.0,12.62
2023-05-03,Chennai,72,36.29,0.0,10.32
2023-05-04,Chennai,72,32.89,0.0,10.89
2023-05-05,Chennai,72,31.1,0.0,13.5
2023-05-06,Chennai,72,30.24,0.0,9.39
2023-05-07,Chennai,72,32.77,0.0,9.06
2023-05-08,Chennai,72,31.85,0.0,11.12
2023-05-09,Chennai,72,36.05,0.0,10.87
2023-05-10,Chennai,72,38.25,13.41,16.33
2023-05-11,Chennai,72,33.23,0.0,15.48
2023-05-12,Chennai,72,38.75,0.0,13.29
2023-05-13,Chennai,72,37.82,0.0,11.73
2023-05-14,Chennai,72,33.63,0.0,12.83
2023-05-15,Chennai,72,35.1,14.18,21.7
2023-05-16,Chennai,72,37.93,3.53,16.94
2023-05-17,Chennai,72,34.09,0.93,13.5
2023-05-18,Chennai,72,35.18,0.0,13.73
2023-05-19,Chennai,72,35.43,0.0,15.51
2023-05-20,Chennai,72,33.52,0.0,14.68
2023-05-21,Chennai,72,37.02,0.0,10.26
2023-05-22,Chennai,72,36.38,0.0,9.16
2023-05-23,Chennai,72,36.17,0.0,11.87
2023-05-24,Chennai,72,35.26,0.0,17.61
2023-05-25,Chennai,72,34.55,0.0,14.87
2023-05-26,Chennai,72,36.42,0.0,13.02
2023-05-27,Chennai,72,34.46,0.0,12.38
2023-05-28,Chennai,72,38.55,0.0,20.92
2023-05-29,Chennai,72,36.72,0.0,15.42
2023-05-30,Chennai,72,37.56,0.0,13.31
2023-05-31,Chennai,72,37.12,0.0,16.78
2023-06-01,Chennai,72,36.35,0.0,19.88
2023-06-02,Chennai,72,34.09,0.11,21.04
2023-06-03,Chennai,72,34.09,0.0,20.11
2023-06-04,Chennai,72,36.31,0.0,13.35
2023-06-05,Chennai,72,35.3,0.0,18.13
2023-06-06,Chennai,72,34.71,0.0,14.08
2023-06-07,Chennai,72,32.14,4.01,20.57
2023-06-08,Chennai,72,35.37,0.0,17.46
2023-06-09,Chennai,72,35.68,0.0,23.28
2023-06-10,Chennai,72,33.71,0.0,18.45
2023-06-11,Chennai,72,33.04,0.0,13.61
2023-06-12,Chennai,72,33.3,0.0,17.76
2023-06-13,Chennai,72,38.97,0.0,16.46
2023-06-14,Chennai,72,37.64,0.0,12.72
2023-06-15,Chennai,72,36.56,0.0,17.44
2023-06-16,Chennai,72,33.42,0.0,17.67
2023-06-17,Chennai,72,35.08,0.0,21.22
2023-06-18,Chennai,72,35.69,0.0,11.3
2023-06-19,Chennai,72,30.73,0.0,18.01
2023-06-20,Chennai,72,34.64,5.9,16.13
2023-06-21,Chennai,72,33.65,70.07,27.59
2023-06-22,Chennai,72,34.57,14.41,20.32
2023-06-23,Chennai,72,36.61,0.0,21.38
2023-06-24,Chennai,72,33.31,0.0,15.09
2023-06-25,Chennai,72,35.98,0.0,18.19
2023-06-26,Chennai,72,35.16,0.0,15.64
2023-06-27,Chennai,72,35.96,0.0,14.74
2023-06-28,Chennai,72,38.72,0.0,15.34
2023-06-29,Chennai,72,37.05,0.0,13.76
2023-06-30,Chennai,72,36.44,0.0,16.15
2023-07-01,Chennai,72,30.68,1.62,14.14
2023-07-02,Chennai,72,32.01,0.0,17.43
2023-07-03,Chennai,72,30.41,0.0,12.6
2023-07-04,Chennai,72,32.18,0.0,12.51
2023-07-05,Chennai,72,30.21,0.0,10.87
2023-07-06,Chennai,72,34.3,0.0,18.04
2023-07-07,Chennai,72,34.35,0.0,16.16
2023-07-08,Chennai,72,31.59,0.0,20.52
2023-07-09,Chennai,72,32.18,0.0,21.46
2023-07-10,Chennai,72,31.9,0.0,19.09
2023-07-11,Chennai,72,32.29,0.0,11.98
2023-07-12,Chennai,72,30.92,0.0,16.92
2023-07-13,Chennai,72,32.11,0.0,18.62
2023-07-14,Chennai,72,32.56,0.0,10.13
2023-07-15,Chennai,72,27.11,0.0,17.39
2023-07-16,Chennai,72,27.65,0.0,6.55
2023-07-17,Chennai,72,29.44,0.0,15.6
2023-07-18,Chennai,72,30.28,0.0,14.19
2023-07-19,Chennai,72,30.87,0.0,11.18
2023-07-20,Chennai,72,29.51,4.75,14.46
2023-07-21,Chennai,72,29.9,0.0,18.35
2023-07-22,Chennai,72,30.74,0.0,15.43
2023-07-23,Chennai,72,31.17,0.33,19.78
2023-07-24,Chennai,72,30.32,5.32,18.21
2023-07-25,Chennai,72,33.2,2.16,13.67
2023-07-26,Chennai,72,30.78,4.87,15.75
2023-07-27,Chennai,72,30.54,0.0,16.77
2023-07-28,Chennai,72,29.31,0.0,13.51
2023-07-29,Chennai,72,26.84,5.33,12.75
2023-07-30,Chennai,72,31.32,0.0,15.63
2023-07-31,Chennai,72,32.19,0.0,18.31
2023-08-01,Chennai,72,30.5,0.0,16.59
2023-08-02,Chennai,72,29.81,0.0,4.75
2023-08-03,Chennai,72,31.57,32.85,17.41
2023-08-04,Chennai,72,29.78,0.0,12.82
2023-08-05,Chennai,72,28.91,0.0,13.66
2023-08-06,Chennai,72,29.3,0.0,16.87
2023-08-07,Chennai,72,29.2,0.0,12.55
2023-08-08,Chennai,72,27.53,0.0,11.29
2023-08-09,Chennai,72,29.81,0.0,9.23
2023-08-10,Chennai,72,29.92,0.0,11.79
2023-08-11,Chennai,72,28.71,0.0,12.79
2023-08-12,Chennai,72,27.42,0.0,11.72
2023-08-13,Chennai,72,28.68,7.15,13.66
2023-08-14,Chennai,72,29.18,0.0,16.34
2023-08-15,Chennai,72,29.67,0.0,8.27
2023-08-16,Chennai,72,31.32,0.0,15.46
2023-08-17,Chennai,72,28.23,0.0,15.46
2023-08-18,Chennai,72,31.04,0.0,8.58
2023-08-19,Chennai,72,28.51,0.0,11.67
2023-08-20,Chennai,72,30.32,0.0,15.29
2023-08-21,Chennai,72,30.55,0.0,13.15
2023-08-22,Chennai,72,28.92,0.0,14.25
2023-08-23,Chennai,72,28.36,0.0,12.54
2023-08-24,Chennai,72,31.67,0.0,15.08
2023-08-25,Chennai,72,29.55,0.0,14.72
2023-08-26,Chennai,72,27.66,0.0,11.6
2023-08-27,Chennai,72,28.48,0.0,10.94
2023-08-28,Chennai,72,28.26,0.0,17.18
2023-08-29,Chennai,72,31.78,0.0,14.81
2023-08-30,Chennai,72,31.53,0.0,14.86
2023-08-31,Chennai,72,30.37,16.29,11.33
2023-09-01,Chennai,72,30.55,0.0,12.49
2023-09-02,Chennai,72,29.72,0.0,11.14
2023-09-03,Chennai,72,31.93,3.26,17.16
2023-09-04,Chennai,72,27.82,6.97,9.22
2023-09-05,Chennai,72,29.67,36.11,19.8
2023-09-06,Chennai,72,27.0,13.22,16.16
2023-09-07,Chennai,72,26.51,0.0,5.49
2023-09-08,Chennai,72,28.54,13.6,13.85
2023-09-09,Chennai,72,28.53,12.38,12.48
2023-09-10,Chennai,72,29.69,4.77,15.48
2023-09-11,Chennai,72,27.1,0.0,11.93
2023-09-12,Chennai,72,25.45,0.0,6.87
2023-09-13,Chennai,72,24.85,0.0,9.78
2023-09-14,Chennai,72,28.88,6.46,11.38
2023-09-15,Chennai,72,27.05,6.81,10.04
2023-09-16,Chennai,72,29.4,4.75,14.07
2023-09-17,Chennai,72,28.09,0.0,14.98
2023-09-18,Chennai,72,28.67,0.0,16.44
2023-09-19,Chennai,72,28.4,4.67,15.58
2023-09-20,Chennai,72,30.17,2.69,10.35
2023-09-21,Chennai,72,31.21,22.74,12.94
2023-09-22,Chennai,72,30.1,18.95,16.44
2023-09-23,Chennai,72,30.79,0.0,9.02
2023-09-24,Chennai,72,31.35,0.0,12.97
2023-09-25,Chennai,72,31.5,0.0,16.34
2023-09-26,Chennai,72,29.5,0.0,11.43
2023-09-27,Chennai,72,27.94,5.44,9.75
2023-09-28,Chennai,72,28.84,3.77,13.15
2023-09-29,Chennai,72,32.66,1.3,12.01
2023-09-30,Chennai,72,28.75,5.47,15.11
2023-10-01,Chennai,72,29.31,0.96,10.91
2023-10-02,Chennai,72,28.58,4.52,14.09
2023-10-03,Chennai,72,27.71,0.14,12.94
2023-10-04,Chennai,72,28.22,2.94,15.2
2023-10-05,Chennai,72,28.22,0.0,14.09
2023-10-06,Chennai,72,27.6,8.16,17.38
2023-10-07,Chennai,72,25.27,16.02,18.1
2023-10-08,Chennai,72,27.43,11.65,11.06
2023-10-09,Chennai,72,27.49,53.99,9.15
2023-10-10,Chennai,72,25.74,7.1,10.27
2023-10-11,Chennai,72,27.66,0.0,16.02
2023-10-12,Chennai,72,25.7,0.0,11.33
2023-10-13,Chennai,72,24.65,1.0,11.78
2023-10-14,Chennai,72,24.25,0.0,17.02
2023-10-15,Chennai,72,26.75,0.0,7.94
2023-10-16,Chennai,72,25.99,0.0,14.15
2023-10-17,Chennai,72,28.25,4.57,17.81
2023-10-18,Chennai,72,25.52,7.88,13.24
2023-10-19,Chennai,72,24.57,4.89,12.7
2023-10-20,Chennai,72,27.33,3.72,17.0
2023-10-21,Chennai,72,27.84,0.15,16.53
2023-10-22,Chennai,72,26.25,2.53,14.41
2023-10-23,Chennai,72,25.92,8.13,20.15
2023-10-24,Chennai,72,28.72,0.0,15.09
2023-10-25,Chennai,72,28.53,0.0,11.73
2023-10-26,Chennai,72,32.36,9.22,14.59
2023-10-27,Chennai,72,28.72,50.17,14.82
2023-10-28,Chennai,72,29.69,41.88,18.19
2023-10-29,Chennai,72,28.2,2.03,13.98
2023-10-30,Chennai,72,23.08,0.0,12.39
2023-10-31,Chennai,72,26.72,4.79,12.33
2023-11-01,Chennai,72,25.71,5.61,9.61
2023-11-02,Chennai,72,26.27,2.63,12.21
2023-11-03,Chennai,72,24.79,9.76,20.15
2023-11-04,Chennai,72,24.48,2.31,27.74
2023-11-05,Chennai,72,25.24,3.62,16.66
2023-11-06,Chennai,72,22.74,41.87,18.7
2023-11-07,Chennai,72,24.6,20.92,19.61
2023-11-08,Chennai,72,22.04,12.53,17.01
2023-11-09,Chennai,72,22.96,7.44,17.66
2023-11-10,Chennai,72,23.89,109.52,20.13
2023-11-11,Chennai,72,23.82,16.49,17.83
2023-11-12,Chennai,72,23.46,0.0,19.78
2023-11-13,Chennai,72,27.34,46.99,20.03
2023-11-14,Chennai,72,25.65,14.83,22.08
2023-11-15,Chennai,72,26.52,1.42,12.21
2023-11-16,Chennai,72,25.27,17.29,19.25
2023-11-17,Chennai,72,25.82,4.78,17.65
2023-11-18,Chennai,72,24.69,1.79,16.67
2023-11-19,Chennai,72,23.28,5.33,20.54
2023-11-20,Chennai,72,22.84,0.0,15.98
2023-11-21,Chennai,72,25.76,0.0,15.67
2023-11-22,Chennai,72,24.7,1.26,15.95
2023-11-23,Chennai,72,26.59,29.04,22.99
2023-11-24,Chennai,72,24.25,7.94,11.64
2023-11-25,Chennai,72,25.05,6.57,12.57
2023-11-26,Chennai,72,26.85,1.31,15.18
2023-11-27,Chennai,72,25.87,6.04,13.6
2023-11-28,Chennai,72,22.81,2.05,15.93
2023-11-29,Chennai,72,23.56,26.22,21.39
2023-11-30,Chennai,72,23.58,0.85,17.48
2023-12-01,Chennai,72,24.3,12.78,12.14
2023-12-02,Chennai,72,24.95,0.0,9.24
2023-12-03,Chennai,72,26.77,0.0,12.71
2023-12-04,Chennai,72,25.23,3.54,16.34
2023-12-05,Chennai,72,25.32,0.0,7.86
2023-12-06,Chennai,72,29.58,0.0,12.0
2023-12-07,Chennai,72,27.75,0.0,8.82
2023-12-08,Chennai,72,26.79,0.0,8.69
2023-12-09,Chennai,72,28.24,0.0,10.04
2023-12-10,Chennai,72,28.68,0.0,11.09
2023-12-11,Chennai,72,26.22,5.42,15.13
2023-12-12,Chennai,72,27.73,0.0,3.85
2023-12-13,Chennai,72,27.22,0.0,10.62
2023-12-14,Chennai,72,26.31,0.89,11.62
2023-12-15,Chennai,72,24.94,5.62,18.84
2023-12-16,Chennai,72,23.93,8.47,19.54
2023-12-17,Chennai,72,23.35,0.0,11.4
2023-12-18,Chennai,72,25.19,0.0,8.65
2023-12-19,Chennai,72,26.08,0.0,10.33
2023-12-20,Chennai,72,25.25,0.0,8.65
2023-12-21,Chennai,72,22.15,0.0,8.85
2023-12-22,Chennai,72,20.63,1.05,14.82
2023-12-23,Chennai,72,23.51,1.11,11.07
2023-12-24,Chennai,72,23.72,42.68,14.75
2023-12-25,Chennai,72,21.91,0.0,14.19
2023-12-26,Chennai,72,24.46,0.0,12.38
2023-12-27,Chennai,72,24.76,0.0,11.13
2023-12-28,Chennai,72,25.22,0.0,7.63
2023-12-29,Chennai,72,24.18,0.0,16.17
2023-12-30,Chennai,72,24.33,0.0,13.91
2023-12-31,Chennai,72,25.89,0.0,10.13
2024-01-01,Chennai,72,26.42,6.7,8.85
2024-01-02,Chennai,72,26.9,0.0,11.04
2024-01-03,Chennai,72,28.55,0.0,12.72
2024-01-04,Chennai,72,27.03,0.0,7.44
2024-01-05,Chennai,72,23.39,0.0,10.94
2024-01-06,Chennai,72,23.89,7.54,9.26
2024-01-07,Chennai,72,22.29,0.0,11.77
2024-01-08,Chennai,72,24.98,0.0,14.41
2024-01-09,Chennai,72,24.67,0.0,7.38
2024-01-10,Chennai,72,24.5,0.0,8.59
2024-01-11,Chennai,72,29.53,0.0,8.01
2024-01-12,Chennai,72,27.13,0.0,11.07
2024-01-13,Chennai,72,28.22,0.0,10.95
2024-01-14,Chennai,72,26.05,0.0,11.11
2024-01-15,Chennai,72,24.15,0.0,12.57
2024-01-16,Chennai,72,22.73,0.0,15.49
2024-01-17,Chennai,72,24.97,0.0,11.54
2024-01-18,Chennai,72,23.41,0.0,15.11
2024-01-19,Chennai,72,25.26,0.0,8.0
2024-01-20,Chennai,72,28.63,0.0,9.77
2024-01-21,Chennai,72,25.63,0.0,9.88
2024-01-22,Chennai,72,23.77,0.0,10.84
2024-01-23,Chennai,72,24.31,0.0,10.37
2024-01-24,Chennai,72,25.56,0.0,12.86
2024-01-25,Chennai,72,26.15,0.0,10.73
2024-01-26,Chennai,72,23.57,0.0,10.23
2024-01-27,Chennai,72,27.33,0.0,4.42
2024-01-28,Chennai,72,25.77,0.07,8.26
2024-01-29,Chennai,72,28.37,7.89,13.27
2024-01-30,Chennai,72,25.32,0.0,11.76
2024-01-31,Chennai,72,26.4,0.0,5.12
2024-02-01,Chennai,72,28.1,0.0,9.04
2024-02-02,Chennai,72,25.51,0.0,5.14
2024-02-03,Chennai,72,29.19,0.0,7.4
2024-02-04,Chennai,72,27.8,0.0,10.83
2024-02-05,Chennai,72,26.32,0.0,14.03
2024-02-06,Chennai,72,28.51,0.0,11.61
2024-02-07,Chennai,72,28.13,0.0,8.12
2024-02-08,Chennai,72,30.31,0.0,9.06
2024-02-09,Chennai,72,26.81,0.0,6.07
2024-02-10,Chennai,72,28.66,0.0,5.98
2024-02-11,Chennai,72,28.41,0.0,8.09
2024-02-12,Chennai,72,26.98,0.0,8.85
2024-02-13,Chennai,72,27.36,0.0,4.08
2024-02-14,Chennai,72,28.63,0.0,11.59
2024-02-15,Chennai,72,28.16,0.0,11.1
2024-02-16,Chennai,72,29.74,0.0,5.67
2024-02-17,Chennai,72,22.37,0.0,14.44
2024-02-18,Chennai,72,23.18,0.0,10.16
2024-02-19,Chennai,72,24.64,0.0,12.58
2024-02-20,Chennai,72,27.67,0.0,7.74
2024-02-21,Chennai,72,26.39,0.0,9.64
2024-02-22,Chennai,72,26.69,0.0,11.65
2024-02-23,Chennai,72,30.79,0.0,15.4
2024-02-24,Chennai,72,30.46,0.0,7.56
2024-02-25,Chennai,72,30.24,0.0,11.17
2024-02-26,Chennai,72,29.03,0.0,12.47
2024-02-27,Chennai,72,31.23,0.0,15.15
2024-02-28,Chennai,72,28.42,0.0,8.42
2024-02-29,Chennai,72,26.85,0.0,7.95
2024-03-01,Chennai,72,28.81,0.0,8.31
2024-03-02,Chennai,72,27.08,0.0,11.79
2024-03-03,Chennai,72,25.83,0.0,12.29
2024-03-04,Chennai,72,23.62,0.0,9.12
2024-03-05,Chennai,72,24.75,0.0,13.35
2024-03-06,Chennai,72,22.42,0.0,13.24
2024-03-07,Chennai,72,25.26,0.0,4.02
2024-03-08,Chennai,72,25.19,0.0,9.99
2024-03-09,Chennai,72,23.13,0.0,16.46
2024-03-10,Chennai,72,25.72,0.0,8.95
2024-03-11,Chennai,72,24.31,0.0,7.78
2024-03-12,Chennai,72,29.3,0.0,10.32
2024-03-13,Chennai,72,27.7,0.0,4.49
2024-03-14,Chennai,72,27.63,0.0,11.59
2024-03-15,Chennai,72,27.72,0.0,6.69
2024-03-16,Chennai,72,26.04,15.53,9.78
2024-03-17,Chennai,72,27.03,2.82,7.47
2024-03-18,Chennai,72,28.18,0.0,11.58
2024-03-19,Chennai,72,27.65,0.0,12.71
2024-03-20,Chennai,72,27.62,0.0,14.13
2024-03-21,Chennai,72,30.59,0.0,11.43
2024-03-22,Chennai,72,28.3,0.0,10.56
2024-03-23,Chennai,72,30.76,0.0,13.84
2024-03-24,Chennai,72,32.13,0.0,14.0
2024-03-25,Chennai,72,32.46,0.0,13.32
2024-03-26,Chennai,72,34.85,0.0,14.8
2024-03-27,Chennai,72,33.55,0.0,9.62
2024-03-28,Chennai,72,32.3,0.0,13.79
2024-03-29,Chennai,72,30.8,0.0,10.2
2024-03-30,Chennai,72,31.3,0.0,7.05
2024-03-31,Chennai,72,31.66,0.0,9.81
2024-04-01,Chennai,72,33.46,0.0,12.75
2024-04-02,Chennai,72,30.31,0.0,13.23
2024-04-03,Chennai,72,31.62,0.0,15.55
2024-04-04,Chennai,72,32.68,0.0,14.09
2024-04-05,Chennai,72,30.87,0.0,11.37
2024-04-06,Chennai,72,32.56,0.0,11.4
2024-04-07,Chennai,72,31.46,10.82,8.71
2024-04-08,Chennai,72,32.34,0.0,5.73
2024-04-09,Chennai,72,31.25,0.0,10.86
2024-04-10,Chennai,72,31.85,0.0,13.2
2024-04-11,Chennai,72,33.88,0.0,11.13
2024-04-12,Chennai,72,34.35,0.0,10.12
2024-04-13,Chennai,72,35.34,0.0,7.23
2024-04-14,Chennai,72,32.54,0.0,11.31
2024-04-15,Chennai,72,31.84,0.0,8.27
2024-04-16,Chennai,72,33.07,0.0,7.72
2024-04-17,Chennai,72,36.12,3.58,12.22
2024-04-18,Chennai,72,36.82,4.41,9.86
2024-04-19,Chennai,72,33.36,0.0,14.98
2024-04-20,Chennai,72,38.45,0.0,13.01
2024-04-21,Chennai,72,36.55,0.0,6.08
2024-04-22,Chennai,72,31.28,0.0,8.74
2024-04-23,Chennai,72,34.78,0.0,5.49
2024-04-24,Chennai,72,33.75,0.0,2.67
2024-04-25,Chennai,72,30.89,0.0,7.91
2024-04-26,Chennai,72,34.65,0.0,7.02
2024-04-27,Chennai,72,35.72,0.0,2.88
2024-04-28,Chennai,72,31.65,0.0,6.63
2024-04-29,Chennai,72,31.6,1.91,11.07
2024-04-30,Chennai,72,29.76,0.0,9.68
2024-05-01,Chennai,72,30.13,0.0,11.42
2024-05-02,Chennai,72,32.44,0.0,15.35
2024-05-03,Chennai,72,33.09,0.0,13.63
2024-05-04,Chennai,72,32.22,0.0,14.48
2024-05-05,Chennai,72,35.94,0.0,16.08
2024-05-06,Chennai,72,34.94,0.0,8.85
2024-05-07,Chennai,72,28.49,0.0,21.78
2024-05-08,Chennai,72,35.16,0.0,10.89
2024-05-09,Chennai,72,35.65,0.0,12.79
2024-05-10,Chennai,72,34.44,0.0,14.89
2024-05-11,Chennai,72,33.86,0.0,15.44
2024-05-12,Chennai,72,34.1,2.73,14.23
2024-05-13,Chennai,72,33.55,0.0,11.27
2024-05-14,Chennai,72,37.5,0.0,6.25
2024-05-15,Chennai,72,32.67,0.0,11.85
2024-05-16,Chennai,72,36.03,0.0,13.48
2024-05-17,Chennai,72,35.56,0.0,9.07
2024-05-18,Chennai,72,34.52,2.14,10.52
2024-05-19,Chennai,72,35.4,0.0,9.35
2024-05-20,Chennai,72,36.25,0.0,9.86
2024-05-21,Chennai,72,36.16,0.0,9.28
2024-05-22,Chennai,72,34.69,0.0,9.58
2024-05-23,Chennai,72,32.77,0.0,11.01
2024-05-24,Chennai,72,34.49,0.0,13.25
2024-05-25,Chennai,72,33.24,1.54,17.49
2024-05-26,Chennai,72,31.71,31.11,22.6
2024-05-27,Chennai,72,33.89,0.0,12.09
2024-05-28,Chennai,72,34.21,0.0,12.03
2024-05-29,Chennai,72,34.32,8.02,13.53
2024-05-30,Chennai,72,30.6,0.0,12.97
2024-05-31,Chennai,72,35.15,6.63,13.0
2024-06-01,Chennai,72,30.76,0.0,15.51
2024-06-02,Chennai,72,29.36,0.0,12.62
2024-06-03,Chennai,72,30.9,0.0,12.15
2024-06-04,Chennai,72,30.04,0.0,14.1
2024-06-05,Chennai,72,30.77,0.0,14.12
2024-06-06,Chennai,72,31.12,0.0,14.72
2024-06-07,Chennai,72,32.74,0.0,17.71
2024-06-08,Chennai,72,35.7,0.0,16.7
2024-06-09,Chennai,72,30.87,0.0,12.92
2024-06-10,Chennai,72,31.68,0.0,19.77
2024-06-11,Chennai,72,35.46,0.0,19.51
2024-06-12,Chennai,72,37.44,0.0,16.96
2024-06-13,Chennai,72,33.36,0.0,15.53
2024-06-14,Chennai,72,32.61,0.0,20.0
2024-06-15,Chennai,72,33.6,0.0,20.82
2024-06-16,Chennai,72,31.19,0.0,15.73
2024-06-17,Chennai,72,30.11,0.0,16.77
2024-06-18,Chennai,72,35.2,0.0,13.68
2024-06-19,Chennai,72,33.56,16.03,20.27
2024-06-20,Chennai,72,30.91,0.0,17.35
2024-06-21,Chennai,72,30.92,0.0,15.1
2024-06-22,Chennai,72,32.73,0.0,15.09
2024-06-23,Chennai,72,35.3,0.0,12.89
2024-06-24,Chennai,72,32.56,0.0,13.62
2024-06-25,Chennai,72,36.32,0.0,14.35
2024-06-26,Chennai,72,35.84,0.0,12.12
2024-06-27,Chennai,72,33.66,0.0,15.97
2024-06-28,Chennai,72,35.65,0.0,17.4
2024-06-29,Chennai,72,32.56,0.0,11.71
2024-06-30,Chennai,72,29.27,0.0,14.88
2024-07-01,Chennai,72,29.87,0.0,11.68
2024-07-02,Chennai,72,30.69,0.0,16.33
2024-07-03,Chennai,72,28.51,0.0,16.95
2024-07-04,Chennai,72,28.35,6.79,23.27
2024-07-05,Chennai,72,27.67,2.05,15.36
2024-07-06,Chennai,72,29.53,0.0,14.55
2024-07-07,Chennai,72,28.88,0.0,19.07
2024-07-08,Chennai,72,30.84,11.28,15.81
2024-07-09,Chennai,72,34.38,0.43,14.27
2024-07-10,Chennai,72,34.89,14.14,14.61
2024-07-11,Chennai,72,30.57,2.75,14.28
2024-07-12,Chennai,72,32.2,1.64,17.83
2024-07-13,Chennai,72,30.65,13.86,23.07
2024-07-14,Chennai,72,31.69,6.61,10.38
2024-07-15,Chennai,72,33.16,2.02,15.71
2024-07-16,Chennai,72,31.85,0.0,9.21
2024-07-17,Chennai,72,31.7,0.0,14.3
2024-07-18,Chennai,72,33.52,0.0,12.72
2024-07-19,Chennai,72,35.69,0.0,13.73
2024-07-20,Chennai,72,33.15,0.0,16.55
2024-07-21,Chennai,72,33.62,12.24,14.66
2024-07-22,Chennai,72,33.21,0.0,15.62
2024-07-23,Chennai,72,33.66,0.0,13.7
2024-07-24,Chennai,72,31.55,0.0,15.06
2024-07-25,Chennai,72,35.17,0.0,11.99
2024-07-26,Chennai,72,32.71,0.0,16.08
2024-07-27,Chennai,72,38.19,0.0,15.8
2024-07-28,Chennai,72,33.16,0.0,15.02
2024-07-29,Chennai,72,35.35,4.02,15.49
2024-07-30,Chennai,72,34.18,0.0,13.28
2024-07-31,Chennai,72,33.44,0.0,16.37
2024-08-01,Chennai,72,32.5,0.0,11.36
2024-08-02,Chennai,72,31.83,0.0,13.75
2024-08-03,Chennai,72,31.34,0.0,8.44
2024-08-04,Chennai,72,32.16,36.62,12.25
2024-08-05,Chennai,72,31.18,0.0,9.42
2024-08-06,Chennai,72,33.79,0.0,13.16
2024-08-07,Chennai,72,33.56,0.0,19.52
2024-08-08,Chennai,72,32.75,0.0,12.02
2024-08-09,Chennai,72,33.74,4.64,13.26
2024-08-10,Chennai,72,34.89,10.81,19.14
2024-08-11,Chennai,72,34.59,26.61,14.44
2024-08-12,Chennai,72,33.22,1.29,12.87
2024-08-13,Chennai,72,32.7,0.0,8.35
2024-08-14,Chennai,72,30.82,0.0,7.46
2024-08-15,Chennai,72,34.12,0.0,11.9
2024-08-16,Chennai,72,33.64,0.0,15.72
2024-08-17,Chennai,72,32.22,0.0,7.12
2024-08-18,Chennai,72,27.62,0.0,7.26
2024-08-19,Chennai,72,31.97,0.0,3.56
2024-08-20,Chennai,72,35.33,0.0,5.74
2024-08-21,Chennai,72,33.36,0.0,7.74
2024-08-22,Chennai,72,34.25,0.0,7.91
2024-08-23,Chennai,72,30.26,0.0,12.48
2024-08-24,Chennai,72,31.23,0.0,13.03
2024-08-25,Chennai,72,32.12,2.74,10.63
2024-08-26,Chennai,72,32.69,0.0,12.99
2024-08-27,Chennai,72,31.99,0.0,13.53
2024-08-28,Chennai,72,31.01,19.16,13.23
2024-08-29,Chennai,72,35.77,29.16,10.38
2024-08-30,Chennai,72,32.67,0.0,8.76
2024-08-31,Chennai,72,32.45,0.0,15.34
2024-09-01,Chennai,72,30.93,0.0,11.67
2024-09-02,Chennai,72,32.51,0.0,14.66
2024-09-03,Chennai,72,30.99,0.0,6.66
2024-09-04,Chennai,72,28.66,0.0,7.56
2024-09-05,Chennai,72,29.58,0.0,9.93
2024-09-06,Chennai,72,31.82,3.08,15.26
2024-09-07,Chennai,72,30.9,19.97,16.7
2024-09-08,Chennai,72,34.36,21.69,20.78
2024-09-09,Chennai,72,32.49,11.73,11.45
2024-09-10,Chennai,72,34.46,0.0,11.62
2024-09-11,Chennai,72,33.61,0.0,10.48
2024-09-12,Chennai,72,27.06,0.01,10.76
2024-09-13,Chennai,72,29.74,1.24,13.68
2024-09-14,Chennai,72,27.82,0.99,8.39
2024-09-15,Chennai,72,29.33,2.83,10.98
2024-09-16,Chennai,72,30.81,0.0,5.71
2024-09-17,Chennai,72,26.87,0.0,11.26
2024-09-18,Chennai,72,25.83,0.0,11.53
2024-09-19,Chennai,72,29.88,8.3,13.3
2024-09-20,Chennai,72,30.66,0.0,8.71
2024-09-21,Chennai,72,30.47,0.0,9.05
2024-09-22,Chennai,72,31.49,0.0,9.98
2024-09-23,Chennai,72,36.46,6.93,16.41
2024-09-24,Chennai,72,30.75,0.0,13.67
2024-09-25,Chennai,72,32.04,0.0,11.76
2024-09-26,Chennai,72,31.47,0.0,9.36
2024-09-27,Chennai,72,31.53,0.0,6.5
2024-09-28,Chennai,72,34.14,0.0,9.4
2024-09-29,Chennai,72,31.97,0.0,17.64
2024-09-30,Chennai,72,30.7,0.0,10.68
2024-10-01,Chennai,72,24.88,0.0,9.96
2024-10-02,Chennai,72,26.74,0.0,19.81
2024-10-03,Chennai,72,28.26,0.0,9.82
2024-10-04,Chennai,72,25.32,3.42,10.87
2024-10-05,Chennai,72,26.35,5.63,13.4
2024-10-06,Chennai,72,31.23,7.06,11.59
2024-10-07,Chennai,72,28.94,8.35,10.54
2024-10-08,Chennai,72,28.12,0.0,14.71
2024-10-09,Chennai,72,28.11,28.28,15.29
2024-10-10,Chennai,72,27.73,3.8,13.18
2024-10-11,Chennai,72,28.21,18.81,7.71
2024-10-12,Chennai,72,31.91,3.96,14.39
2024-10-13,Chennai,72,33.1,0.82,12.34
2024-10-14,Chennai,72,29.39,4.89,13.86
2024-10-15,Chennai,72,29.82,18.9,15.84
2024-10-16,Chennai,72,32.39,6.34,14.53
2024-10-17,Chennai,72,30.86,9.64,15.31
2024-10-18,Chennai,72,32.76,2.96,7.7
2024-10-19,Chennai,72,33.07,1.76,6.73
2024-10-20,Chennai,72,28.23,10.51,12.99
2024-10-21,Chennai,72,30.85,0.0,9.12
2024-10-22,Chennai,72,29.79,0.0,11.88
2024-10-23,Chennai,72,27.95,0.0,16.05
2024-10-24,Chennai,72,27.69,0.0,17.33
2024-10-25,Chennai,72,28.72,1.63,12.82
2024-10-26,Chennai,72,22.62,0.46,12.75
2024-10-27,Chennai,72,23.23,0.31,14.18
2024-10-28,Chennai,72,20.74,13.82,17.38
2024-10-29,Chennai,72,24.83,24.91,12.83
2024-10-30,Chennai,72,23.36,43.35,14.09
2024-10-31,Chennai,72,23.33,6.84,18.53
2024-11-01,Chennai,72,24.53,0.0,15.32
2024-11-02,Chennai,72,24.34,6.11,10.65
2024-11-03,Chennai,72,24.98,1.81,13.09
2024-11-04,Chennai,72,24.65,8.38,19.58
2024-11-05,Chennai,72,27.19,3.51,16.67
2024-11-06,Chennai,72,27.28,40.29,19.17
2024-11-07,Chennai,72,28.3,3.5,13.8
2024-11-08,Chennai,72,29.13,1.34,14.48
2024-11-09,Chennai,72,26.58,56.49,15.52
2024-11-10,Chennai,72,26.96,4.11,11.61
2024-11-11,Chennai,72,27.8,6.35,17.8
2024-11-12,Chennai,72,30.1,7.93,16.87
2024-11-13,Chennai,72,27.93,1.55,14.82
2024-11-14,Chennai,72,26.98,24.54,7.92
2024-11-15,Chennai,72,25.33,14.57,7.63
2024-11-16,Chennai,72,27.11,15.46,14.04
2024-11-17,Chennai,72,25.77,12.12,18.3
2024-11-18,Chennai,72,25.49,3.31,17.18
2024-11-19,Chennai,72,28.17,11.3,17.37
2024-11-20,Chennai,72,29.2,3.7,12.49
2024-11-21,Chennai,72,28.1,0.0,15.97
2024-11-22,Chennai,72,31.06,6.4,13.1
2024-11-23,Chennai,72,30.06,1.29,14.17
2024-11-24,Chennai,72,27.88,7.52,14.77
2024-11-25,Chennai,72,24.85,17.87,17.54
2024-11-26,Chennai,72,27.55,9.35,11.22
2024-11-27,Chennai,72,28.02,25.4,15.76
2024-11-28,Chennai,72,29.26,0.0,14.05
2024-11-29,Chennai,72,28.0,30.69,17.75
2024-11-30,Chennai,72,26.79,22.02,18.87
2024-12-01,Chennai,72,27.39,37.71,16.81
2024-12-02,Chennai,72,26.54,1.08,6.99
2024-12-03,Chennai,72,25.77,0.0,8.91
2024-12-04,Chennai,72,24.57,0.0,3.31
2024-12-05,Chennai,72,27.89,0.0,14.84
2024-12-06,Chennai,72,26.54,12.12,6.4
2024-12-07,Chennai,72,25.72,0.0,14.26
2024-12-08,Chennai,72,27.4,4.21,12.82
2024-12-09,Chennai,72,25.97,0.0,11.37
2024-12-10,Chennai,72,26.14,0.0,4.15
2024-12-11,Chennai,72,24.94,4.0,11.47
2024-12-12,Chennai,72,25.55,3.87,8.26
2024-12-13,Chennai,72,26.9,7.43,6.1
2024-12-14,Chennai,72,25.65,4.77,7.85
2024-12-15,Chennai,72,25.04,3.11,9.63
2024-12-16,Chennai,72,24.53,20.09,7.35
2024-12-17,Chennai,72,22.51,2.24,10.21
2024-12-18,Chennai,72,23.58,10.03,6.38
2024-12-19,Chennai,72,17.99,10.61,7.16
2024-12-20,Chennai,72,21.84,0.0,4.88
2024-12-21,Chennai,72,22.74,0.14,11.67
2024-12-22,Chennai,72,26.59,4.19,9.41
2024-12-23,Chennai,72,20.87,8.37,18.69
2024-12-24,Chennai,72,23.6,25.92,10.4
2024-12-25,Chennai,72,21.16,5.22,2.52
2024-12-26,Chennai,72,23.48,31.31,11.32
2024-12-27,Chennai,72,23.63,1.05,12.5
2024-12-28,Chennai,72,22.32,44.44,12.71
2024-12-29,Chennai,72,24.15,23.74,8.26
2024-12-30,Chennai,72,26.99,3.89,9.72
2024-12-31,Chennai,72,23.91,0.0,8.64
2025-01-01,Chennai,72,26.73,0.0,8.45
2025-01-02,Chennai,72,26.71,0.0,13.13
2025-01-03,Chennai,72,25.21,0.0,12.18
2025-01-04,Chennai,72,25.26,3.01,8.52
2025-01-05,Chennai,72,24.95,0.0,7.87
2025-01-06,Chennai,72,25.56,0.0,5.37
2025-01-07,Chennai,72,23.41,0.0,7.16
2025-01-08,Chennai,72,25.35,0.0,6.67
2025-01-09,Chennai,72,25.46,0.0,5.51
2025-01-10,Chennai,72,25.16,0.0,14.72
2025-01-11,Chennai,72,24.88,0.0,13.73
2025-01-12,Chennai,72,26.91,0.0,12.26
2025-01-13,Chennai,72,25.44,0.62,10.02
2025-01-14,Chennai,72,25.14,2.37,15.43
2025-01-15,Chennai,72,23.75,0.0,10.87
2025-01-16,Chennai,72,24.07,0.0,8.67
2025-01-17,Chennai,72,24.31,10.32,10.35
2025-01-18,Chennai,72,27.44,0.0,16.21
2025-01-19,Chennai,72,27.0,0.0,6.52
2025-01-20,Chennai,72,28.15,0.0,12.16
2025-01-21,Chennai,72,29.46,0.0,9.97
2025-01-22,Chennai,72,26.42,0.0,6.92
2025-01-23,Chennai,72,26.97,0.0,12.82
2025-01-24,Chennai,72,23.45,0.0,10.27
2025-01-25,Chennai,72,25.56,0.0,15.4
2025-01-26,Chennai,72,22.5,0.0,8.1
2025-01-27,Chennai,72,23.63,0.0,13.43
2025-01-28,Chennai,72,25.33,0.0,9.99
2025-01-29,Chennai,72,24.62,1.16,9.61
2025-01-30,Chennai,72,22.83,0.0,9.97
2025-01-31,Chennai,72,23.63,0.0,4.81
2025-02-01,Chennai,72,25.18,0.0,9.63
2025-02-02,Chennai,72,25.54,0.0,6.06
2025-02-03,Chennai,72,28.92,0.0,7.66
2025-02-04,Chennai,72,27.86,0.0,11.82
2025-02-05,Chennai,72,26.17,0.0,1.82
2025-02-06,Chennai,72,24.15,0.0,7.8
2025-02-07,Chennai,72,27.97,0.0,6.79
2025-02-08,Chennai,72,25.31,0.0,6.55
2025-02-09,Chennai,72,27.07,0.0,11.21
2025-02-10,Chennai,72,24.47,0.0,7.1
2025-02-11,Chennai,72,26.01,0.0,7.43
2025-02-12,Chennai,72,26.03,0.0,9.86
2025-02-13,Chennai,72,23.62,3.6,12.46
2025-02-14,Chennai,72,23.76,0.0,5.13
2025-02-15,Chennai,72,25.68,0.0,13.28
2025-02-16,Chennai,72,24.66,0.0,7.74
2025-02-17,Chennai,72,25.99,0.0,9.49
2025-02-18,Chennai,72,27.01,0.0,2.77
2025-02-19,Chennai,72,27.2,0.0,10.37
2025-02-20,Chennai,72,26.14,0.0,11.14
2025-02-21,Chennai,72,28.42,0.0,8.67
2025-02-22,Chennai,72,28.22,3.5,14.59
2025-02-23,Chennai,72,29.1,0.0,10.58
2025-02-24,Chennai,72,25.8,0.0,11.74
2025-02-25,Chennai,72,29.04,0.0,10.43
2025-02-26,Chennai,72,26.92,0.0,5.66
2025-02-27,Chennai,72,27.32,28.98,10.76
2025-02-28,Chennai,72,28.81,0.0,5.56
2025-03-01,Chennai,72,28.88,0.0,9.88
2025-03-02,Chennai,72,24.98,0.0,11.2
2025-03-03,Chennai,72,31.45,0.0,10.02
2025-03-04,Chennai,72,28.04,0.0,3.77
2025-03-05,Chennai,72,30.36,0.0,9.06
2025-03-06,Chennai,72,29.33,0.0,11.84
2025-03-07,Chennai,72,29.7,0.0,7.39
2025-03-08,Chennai,72,28.88,0.0,8.56
2025-03-09,Chennai,72,25.39,0.0,6.11
2025-03-10,Chennai,72,26.17,0.0,4.21
2025-03-11,Chennai,72,25.68,0.0,9.09
2025-03-12,Chennai,72,26.21,0.0,6.79
2025-03-13,Chennai,72,27.58,0.0,7.55
2025-03-14,Chennai,72,27.12,0.0,8.35
2025-03-15,Chennai,72,26.26,0.0,3.73
2025-03-16,Chennai,72,30.94,0.0,11.18
2025-03-17,Chennai,72,28.54,0.0,9.16
2025-03-18,Chennai,72,28.66,0.0,10.4
2025-03-19,Chennai,72,28.75,0.0,14.4
2025-03-20,Chennai,72,29.93,0.0,12.74
2025-03-21,Chennai,72,29.78,0.0,12.72
2025-03-22,Chennai,72,28.6,0.0,11.93
2025-03-23,Chennai,72,27.17,0.0,11.61
2025-03-24,Chennai,72,27.73,0.0,10.19
2025-03-25,Chennai,72,28.22,0.0,4.71
2025-03-26,Chennai,72,28.42,0.0,5.66
2025-03-27,Chennai,72,26.16,0.0,5.84
2025-03-28,Chennai,72,27.06,0.0,7.8
2025-03-29,Chennai,72,28.54,0.0,4.66
2025-03-30,Chennai,72,28.35,0.0,14.1
2025-03-31,Chennai,72,25.18,0.0,9.94
2025-04-01,Chennai,72,34.73,6.61,9.46
2025-04-02,Chennai,72,33.53,0.0,12.68
2025-04-03,Chennai,72,33.72,0.0,9.53
2025-04-04,Chennai,72,31.42,0.0,12.51
2025-04-05,Chennai,72,27.75,0.0,9.77
2025-04-06,Chennai,72,29.17,0.0,10.37
2025-04-07,Chennai,72,32.79,0.0,9.47
2025-04-08,Chennai,72,31.64,0.0,9.56
2025-04-09,Chennai,72,31.68,0.0,10.55
2025-04-10,Chennai,72,31.56,0.0,7.54
2025-04-11,Chennai,72,30.73,0.0,8.48
2025-04-12,Chennai,72,31.9,0.0,10.31
2025-04-13,Chennai,72,32.65,0.0,6.04
2025-04-14,Chennai,72,34.04,0.0,5.77
2025-04-15,Chennai,72,27.89,0.0,10.67
2025-04-16,Chennai,72,29.86,0.0,10.62
2025-04-17,Chennai,72,31.02,0.0,8.45
2025-04-18,Chennai,72,30.25,0.0,11.46
2025-04-19,Chennai,72,32.95,0.0,16.26
2025-04-20,Chennai,72,31.11,0.0,16.07
2025-04-21,Chennai,72,30.36,0.0,13.8
2025-04-22,Chennai,72,31.47,0.0,6.45
2025-04-23,Chennai,72,32.43,0.0,11.17
2025-04-24,Chennai,72,29.81,0.0,16.25
2025-04-25,Chennai,72,33.09,0.0,10.83
2025-04-26,Chennai,72,35.27,0.0,8.37
2025-04-27,Chennai,72,34.51,0.0,8.85
2025-04-28,Chennai,72,32.24,13.41,17.31
2025-04-29,Chennai,72,34.42,0.0,7.47
2025-04-30,Chennai,72,30.58,0.0,8.17
2025-05-01,Chennai,72,32.28,0.0,10.7
2025-05-02,Chennai,72,33.78,0.0,13.86
2025-05-03,Chennai,72,33.59,0.0,15.4
2025-05-04,Chennai,72,34.59,0.0,12.42
2025-05-05,Chennai,72,34.29,0.0,13.04
2025-05-06,Chennai,72,33.52,0.0,11.29
2025-05-07,Chennai,72,32.78,0.0,13.45
2025-05-08,Chennai,72,34.27,0.0,14.69
2025-05-09,Chennai,72,34.63,0.0,12.31
2025-05-10,Chennai,72,34.51,0.0,20.64
2025-05-11,Chennai,72,33.45,0.0,12.36
2025-05-12,Chennai,72,35.67,0.0,10.4
2025-05-13,Chennai,72,33.24,0.0,13.96
2025-05-14,Chennai,72,35.39,0.0,14.94
2025-05-15,Chennai,72,35.59,0.0,10.43
2025-05-16,Chennai,72,34.0,0.0,8.42
2025-05-17,Chennai,72,38.14,0.0,12.27
2025-05-18,Chennai,72,37.77,0.0,7.73
2025-05-19,Chennai,72,36.66,0.0,9.84
2025-05-20,Chennai,72,37.16,0.0,17.84
2025-05-21,Chennai,72,40.01,0.0,16.98
2025-05-22,Chennai,72,41.16,0.0,14.03
2025-05-23,Chennai,72,39.55,0.0,13.89
2025-05-24,Chennai,72,39.54,0.0,11.78
2025-05-25,Chennai,72,37.95,0.0,13.81
2025-05-26,Chennai,72,36.5,0.0,10.24
2025-05-27,Chennai,72,34.21,0.0,14.05
2025-05-28,Chennai,72,38.86,0.0,14.65
2025-05-29,Chennai,72,37.95,0.0,9.81
2025-05-30,Chennai,72,36.87,0.0,5.48
2025-05-31,Chennai,72,38.61,0.0,10.8
2025-06-01,Chennai,72,38.24,1.63,15.51
2025-06-02,Chennai,72,35.52,37.96,25.88
2025-06-03,Chennai,72,33.96,0.0,13.16
2025-06-04,Chennai,72,31.31,0.0,18.32
2025-06-05,Chennai,72,35.76,0.0,19.78
2025-06-06,Chennai,72,33.34,0.0,12.65
2025-06-07,Chennai,72,32.81,0.0,15.83
2025-06-08,Chennai,72,32.46,0.0,16.42
2025-06-09,Chennai,72,36.76,0.0,14.59
2025-06-10,Chennai,72,32.32,0.0,17.28
2025-06-11,Chennai,72,33.52,0.0,14.74
2025-06-12,Chennai,72,32.06,10.33,22.93
2025-06-13,Chennai,72,33.54,2.49,15.03
2025-06-14,Chennai,72,32.13,0.0,16.16
2025-06-15,Chennai,72,31.57,0.0,16.37
2025-06-16,Chennai,72,35.93,0.0,15.6
2025-06-17,Chennai,72,38.15,0.0,10.19
2025-06-18,Chennai,72,31.94,0.0,17.64
2025-06-19,Chennai,72,33.74,1.11,11.6
2025-06-20,Chennai,72,37.19,18.3,12.76
2025-06-21,Chennai,72,33.22,0.0,13.2
2025-06-22,Chennai,72,33.55,16.39,19.35
2025-06-23,Chennai,72,34.38,0.0,10.83
2025-06-24,Chennai,72,33.95,0.0,13.8
2025-06-25,Chennai,72,33.95,0.0,19.73
2025-06-26,Chennai,72,36.11,0.0,14.1
2025-06-27,Chennai,72,33.4,0.0,20.9
2025-06-28,Chennai,72,32.27,0.0,19.13
2025-06-29,Chennai,72,35.11,0.0,13.63
2025-06-30,Chennai,72,34.38,0.0,11.44
2025-07-01,Chennai,72,32.69,0.0,16.49
2025-07-02,Chennai,72,33.84,0.0,16.76
2025-07-03,Chennai,72,35.59,0.0,18.05
2025-07-04,Chennai,72,32.57,2.36,13.19
2025-07-05,Chennai,72,34.02,0.96,13.22
2025-07-06,Chennai,72,34.92,20.33,23.53
2025-07-07,Chennai,72,33.98,2.39,23.03
2025-07-08,Chennai,72,32.55,0.0,15.91
2025-07-09,Chennai,72,30.61,0.0,16.27
2025-07-10,Chennai,72,33.07,0.0,19.9
2025-07-11,Chennai,72,33.59,0.0,15.14
2025-07-12,Chennai,72,34.05,0.0,19.0
2025-07-13,Chennai,72,37.76,6.29,17.41
2025-07-14,Chennai,72,33.42,0.2,17.38
2025-07-15,Chennai,72,29.32,0.0,12.29
2025-07-16,Chennai,72,28.68,15.86,18.55
2025-07-17,Chennai,72,29.29,8.73,13.02
2025-07-18,Chennai,72,27.94,32.81,16.64
2025-07-19,Chennai,72,32.41,0.0,13.26
2025-07-20,Chennai,72,32.03,1.21,14.95
2025-07-21,Chennai,72,29.1,7.78,13.7
2025-07-22,Chennai,72,33.11,8.87,15.97
2025-07-23,Chennai,72,32.13,1.02,9.5
2025-07-24,Chennai,72,30.2,18.36,16.95
2025-07-25,Chennai,72,33.5,4.99,16.43
2025-07-26,Chennai,72,32.5,3.46,12.06
2025-07-27,Chennai,72,30.37,5.25,11.53
2025-07-28,Chennai,72,31.89,15.38,20.81
2025-07-29,Chennai,72,29.54,0.0,17.61
2025-07-30,Chennai,72,28.94,0.0,11.26
2025-07-31,Chennai,72,28.2,0.0,12.8
2025-08-01,Chennai,72,30.21,15.08,10.24
2025-08-02,Chennai,72,29.75,27.55,21.3
2025-08-03,Chennai,72,28.41,8.43,9.85
2025-08-04,Chennai,72,30.51,0.0,6.14
2025-08-05,Chennai,72,29.72,4.89,15.5
2025-08-06,Chennai,72,31.73,0.0,9.56
2025-08-07,Chennai,72,31.48,3.36,16.04
2025-08-08,Chennai,72,29.02,0.0,21.54
2025-08-09,Chennai,72,29.07,0.0,14.36
2025-08-10,Chennai,72,26.97,5.52,16.33
2025-08-11,Chennai,72,28.13,22.76,19.58
2025-08-12,Chennai,72,27.39,0.0,12.8
2025-08-13,Chennai,72,30.72,0.0,12.36
2025-08-14,Chennai,72,29.41,0.0,15.06
2025-08-15,Chennai,72,27.6,0.0,7.83
2025-08-16,Chennai,72,28.77,0.0,16.14
2025-08-17,Chennai,72,28.81,0.0,16.57
2025-08-18,Chennai,72,27.96,0.0,18.82
2025-08-19,Chennai,72,27.99,15.91,13.45
2025-08-20,Chennai,72,26.13,0.0,13.66
2025-08-21,Chennai,72,28.57,1.61,9.13
2025-08-22,Chennai,72,29.72,0.0,11.32
2025-08-23,Chennai,72,28.07,0.0,15.53
2025-08-24,Chennai,72,30.97,0.0,10.8
2025-08-25,Chennai,72,33.58,0.0,14.42
2025-08-26,Chennai,72,29.56,0.0,10.03
2025-08-27,Chennai,72,29.06,0.0,18.54
2025-08-28,Chennai,72,29.41,0.0,14.5
2025-08-29,Chennai,72,32.3,0.0,16.77
2025-08-30,Chennai,72,30.12,9.56,12.97
2025-08-31,Chennai,72,35.14,0.0,10.52
2025-09-01,Chennai,72,29.33,0.0,10.22
2025-09-02,Chennai,72,31.48,6.51,10.56
2025-09-03,Chennai,72,29.15,0.0,15.21
2025-09-04,Chennai,72,26.24,0.0,4.52
2025-09-05,Chennai,72,25.95,0.0,15.23
2025-09-06,Chennai,72,27.43,0.18,13.0
2025-09-07,Chennai,72,27.43,4.47,13.6
2025-09-08,Chennai,72,26.76,17.34,15.38
2025-09-09,Chennai,72,28.61,9.67,11.78
2025-09-10,Chennai,72,30.57,10.22,20.23
2025-09-11,Chennai,72,32.33,0.0,15.01
2025-09-12,Chennai,72,30.25,0.0,14.4
2025-09-13,Chennai,72,31.95,25.39,18.54
2025-09-14,Chennai,72,30.58,0.0,15.74
2025-09-15,Chennai,72,30.68,0.0,11.51
2025-09-16,Chennai,72,29.8,7.2,11.9
2025-09-17,Chennai,72,30.29,12.23,11.65
2025-09-18,Chennai,72,28.03,1.35,10.44
2025-09-19,Chennai,72,32.61,2.03,11.18
2025-09-20,Chennai,72,34.24,36.51,11.33
2025-09-21,Chennai,72,32.11,6.32,13.06
2025-09-22,Chennai,72,31.27,14.74,17.64
2025-09-23,Chennai,72,29.91,0.0,13.27
2025-09-24,Chennai,72,30.02,0.0,11.55
2025-09-25,Chennai,72,30.29,0.0,11.66
2025-09-26,Chennai,72,27.48,0.0,13.29
2025-09-27,Chennai,72,30.77,0.0,15.38
2025-09-28,Chennai,72,27.91,16.16,8.4
2025-09-29,Chennai,72,26.92,0.0,10.78
2025-09-30,Chennai,72,26.79,0.0,18.08
2023-01-01,Chennai,120,26.01,0.0,18.02
2023-01-02,Chennai,120,22.77,0.0,12.42
2023-01-03,Chennai,120,24.27,0.0,14.38
2023-01-04,Chennai,120,21.68,0.0,9.39
2023-01-05,Chennai,120,25.06,0.2,7.96
2023-01-06,Chennai,120,24.05,0.0,5.27
2023-01-07,Chennai,120,24.06,0.0,14.69
2023-01-08,Chennai,120,22.24,0.0,8.73
2023-01-09,Chennai,120,27.02,0.0,12.8
2023-01-10,Chennai,120,27.01,0.0,14.69
2023-01-11,Chennai,120,23.69,0.0,4.84
2023-01-12,Chennai,120,23.6,0.0,9.84
2023-01-13,Chennai,120,25.23,0.0,16.48
2023-01-14,Chennai,120,19.01,0.0,6.97
2023-01-15,Chennai,120,27.14,0.0,11.65
2023-01-16,Chennai,120,25.79,0.0,6.67
2023-01-17,Chennai,120,24.24,0.0,0.25
2023-01-18,Chennai,120,21.29,0.0,3.51
2023-01-19,Chennai,120,20.69,0.0,11.68
2023-01-20,Chennai,120,22.54,0.0,10.7
2023-01-21,Chennai,120,24.37,0.0,6.25
2023-01-22,Chennai,120,24.51,0.0,10.57
2023-01-23,Chennai,120,23.71,0.0,11.73
2023-01-24,Chennai,120,26.0,29.4,14.56
2023-01-25,Chennai,120,29.3,0.0,8.81
2023-01-26,Chennai,120,26.2,0.0,13.71
2023-01-27,Chennai,120,27.38,0.0,11.95
2023-01-28,Chennai,120,27.18,0.0,7.63
2023-01-29,Chennai,120,24.07,0.0,10.66
2023-01-30,Chennai,120,22.14,0.0,10.93
2023-01-31,Chennai,120,23.18,0.0,16.62
2023-02-01,Chennai,120,29.42,0.0,19.74
2023-02-02,Chennai,120,28.87,0.0,10.83
2023-02-03,Chennai,120,26.25,0.0,3.72
2023-02-04,Chennai,120,29.99,0.0,12.46
2023-02-05,Chennai,120,30.34,0.0,15.82
2023-02-06,Chennai,120,26.32,0.0,8.73
2023-02-07,Chennai,120,23.54,0.0,3.14
2023-02-08,Chennai,120,29.86,0.0,5.52
2023-02-09,Chennai,120,26.63,0.0,8.51
2023-02-10,Chennai,120,28.19,0.0,7.52
2023-02-11,Chennai,120,29.8,0.0,5.96
2023-02-12,Chennai,120,24.39,0.0,9.29
2023-02-13,Chennai,120,27.23,0.0,11.82
2023-02-14,Chennai,120,26.9,9.59,13.92
2023-02-15,Chennai,120,28.31,0.0,9.91
2023-02-16,Chennai,120,30.09,0.0,13.31
2023-02-17,Chennai,120,30.38,0.0,8.67
2023-02-18,Chennai,120,32.35,0.0,7.93
2023-02-19,Chennai,120,31.41,0.0,11.79
2023-02-20,Chennai,120,21.64,0.0,6.37
2023-02-21,Chennai,120,28.35,0.0,0.35
2023-02-22,Chennai,120,31.82,0.0,7.08
2023-02-23,Chennai,120,24.07,0.0,6.53
2023-02-24,Chennai,120,27.28,0.0,4.04
2023-02-25,Chennai,120,25.2,0.0,8.69
2023-02-26,Chennai,120,26.93,0.0,12.31
2023-02-27,Chennai,120,26.06,0.0,4.68
2023-02-28,Chennai,120,28.0,0.0,12.06
2023-03-01,Chennai,120,27.42,0.0,8.36
2023-03-02,Chennai,120,22.28,0.0,8.65
2023-03-03,Chennai,120,25.37,0.0,7.31
2023-03-04,Chennai,120,25.37,0.0,4.84
2023-03-05,Chennai,120,25.05,0.0,10.21
2023-03-06,Chennai,120,24.86,0.0,6.51
2023-03-07,Chennai,120,27.39,0.0,13.47
2023-03-08,Chennai,120,26.39,0.0,6.46
2023-03-09,Chennai,120,27.54,0.0,2.4
2023-03-10,Chennai,120,23.0,0.0,5.58
2023-03-11,Chennai,120,28.12,0.0,9.08
2023-03-12,Chennai,120,25.96,0.0,5.54
2023-03-13,Chennai,120,25.08,0.0,5.95
2023-03-14,Chennai,120,27.86,0.0,9.57
2023-03-15,Chennai,120,25.42,0.0,5.23
2023-03-16,Chennai,120,31.27,0.0,12.6
2023-03-17,Chennai,120,29.62,0.0,11.17
2023-03-18,Chennai,120,31.57,0.0,10.07
2023-03-19,Chennai,120,27.92,0.0,14.32
2023-03-20,Chennai,120,29.16,0.0,12.93
2023-03-21,Chennai,120,28.7,0.0,12.53
2023-03-22,Chennai,120,27.7,0.0,11.81
2023-03-23,Chennai,120,26.52,0.0,16.93
2023-03-24,Chennai,120,26.44,0.0,7.68
2023-03-25,Chennai,120,27.37,0.0,9.96
2023-03-26,Chennai,120,28.9,0.0,7.73
2023-03-27,Chennai,120,26.62,0.0,12.24
2023-03-28,Chennai,120,24.37,0.0,14.29
2023-03-29,Chennai,120,29.77,0.0,19.11
2023-03-30,Chennai,120,27.97,0.0,13.48
2023-03-31,Chennai,120,29.05,0.0,18.67
2023-04-01,Chennai,120,29.77,0.0,13.34
2023-04-02,Chennai,120,31.07,0.0,3.58
2023-04-03,Chennai,120,28.53,0.0,6.04
2023-04-04,Chennai,120,31.7,0.0,11.81
2023-04-05,Chennai,120,34.0,0.0,1.21
2023-04-06,Chennai,120,31.56,0.47,5.64
2023-04-07,Chennai,120,36.2,0.0,9.48
2023-04-08,Chennai,120,30.83,0.0,15.15
2023-04-09,Chennai,120,30.5,0.0,22.61
2023-04-10,Chennai,120,32.53,1.0,9.05
2023-04-11,Chennai,120,33.85,0.0,6.31
2023-04-12,Chennai,120,37.68,0.0,8.44
2023-04-13,Chennai,120,35.8,0.0,10.1
2023-04-14,Chennai,120,38.06,0.0,12.16
2023-04-15,Chennai,120,32.39,7.13,16.86
2023-04-16,Chennai,120,33.74,3.6,16.12
2023-04-17,Chennai,120,30.89,0.0,19.29
2023-04-18,Chennai,120,30.33,0.0,10.39
2023-04-19,Chennai,120,31.42,0.0,9.79
2023-04-20,Chennai,120,32.91,0.0,13.05
2023-04-21,Chennai,120,33.36,0.0,10.88
2023-04-22,Chennai,120,35.71,0.0,10.13
2023-04-23,Chennai,120,36.29,0.0,8.32
2023-04-24,Chennai,120,34.69,0.0,4.9
2023-04-25,Chennai,120,35.32,0.0,10.08
2023-04-26,Chennai,120,31.35,0.0,12.12
2023-04-27,Chennai,120,34.18,0.0,11.65
2023-04-28,Chennai,120,31.83,0.0,17.97
2023-04-29,Chennai,120,32.33,0.0,12.89
2023-04-30,Chennai,120,35.4,0.1,13.79
2023-05-01,Chennai,120,37.83,0.0,16.29
2023-05-02,Chennai,120,35.64,0.0,12.06
2023-05-03,Chennai,120,35.11,0.0,8.49
2023-05-04,Chennai,120,35.36,0.0,13.76
2023-05-05,Chennai,120,31.18,0.0,20.89
2023-05-06,Chennai,120,35.28,0.0,7.42
2023-05-07,Chennai,120,34.7,0.0,15.41
2023-05-08,Chennai,120,32.89,0.0,7.4
2023-05-09,Chennai,120,34.86,0.0,12.7
2023-05-10,Chennai,120,35.55,12.73,14.4
2023-05-11,Chennai,120,37.87,0.0,10.63
2023-05-12,Chennai,120,38.31,0.0,10.59
2023-05-13,Chennai,120,39.02,0.0,5.65
2023-05-14,Chennai,120,35.93,0.0,14.04
2023-05-15,Chennai,120,33.96,9.24,18.73
2023-05-16,Chennai,120,37.19,5.77,18.23
2023-05-17,Chennai,120,37.24,0.0,12.85
2023-05-18,Chennai,120,33.47,0.0,10.11
2023-05-19,Chennai,120,34.36,0.0,5.04
2023-05-20,Chennai,120,32.75,0.0,10.56
2023-05-21,Chennai,120,37.72,0.0,13.04
2023-05-22,Chennai,120,36.69,0.0,7.87
2023-05-23,Chennai,120,35.65,0.0,13.18
2023-05-24,Chennai,120,37.0,0.0,7.89
2023-05-25,Chennai,120,35.6,0.0,12.28
2023-05-26,Chennai,120,32.64,0.0,13.0
2023-05-27,Chennai,120,35.72,0.0,16.55
2023-05-28,Chennai,120,38.43,0.0,17.88
2023-05-29,Chennai,120,37.65,0.0,13.36
2023-05-30,Chennai,120,38.61,0.0,13.98
2023-05-31,Chennai,120,39.51,0.0,14.26
2023-06-01,Chennai,120,36.77,0.0,13.43
2023-06-02,Chennai,120,36.4,6.44,19.93
2023-06-03,Chennai,120,33.62,0.0,17.08
2023-06-04,Chennai,120,33.59,0.0,14.02
2023-06-05,Chennai,120,36.0,0.0,13.8
2023-06-06,Chennai,120,33.31,0.0,10.61
2023-06-07,Chennai,120,35.32,0.0,19.38
2023-06-08,Chennai,120,36.14,0.0,12.71
2023-06-09,Chennai,120,36.39,0.0,17.49
2023-06-10,Chennai,120,34.8,0.0,22.01
2023-06-11,Chennai,120,30.87,0.0,14.72
2023-06-12,Chennai,120,32.81,0.0,14.57
2023-06-13,Chennai,120,36.85,0.0,20.03
2023-06-14,Chennai,120,35.47,0.0,20.41
2023-06-15,Chennai,120,35.42,0.0,20.86
2023-06-16,Chennai,120,32.07,0.0,21.35
2023-06-17,Chennai,120,32.77,0.0,15.6
2023-06-18,Chennai,120,37.52,0.0,23.98
2023-06-19,Chennai,120,33.3,0.0,18.46
2023-06-20,Chennai,120,33.9,2.45,17.2
2023-06-21,Chennai,120,34.17,31.03,25.09
2023-06-22,Chennai,120,36.52,0.0,15.39
2023-06-23,Chennai,120,37.43,0.0,9.96
2023-06-24,Chennai,120,36.25,0.0,20.33
2023-06-25,Chennai,120,35.4,0.0,13.5
2023-06-26,Chennai,120,33.74,0.0,14.29
2023-06-27,Chennai,120,37.01,0.0,13.93
2023-06-28,Chennai,120,34.46,0.0,21.84
2023-06-29,Chennai,120,37.27,0.0,17.23
2023-06-30,Chennai,120,33.88,0.0,8.78
2023-07-01,Chennai,120,32.51,1.57,11.02
2023-07-02,Chennai,120,30.61,0.0,18.96
2023-07-03,Chennai,120,31.08,0.0,18.13
2023-07-04,Chennai,120,31.5,0.0,12.44
2023-07-05,Chennai,120,29.6,0.0,12.38
2023-07-06,Chennai,120,32.71,0.0,9.91
2023-07-07,Chennai,120,34.63,0.0,19.56
2023-07-08,Chennai,120,29.81,0.0,11.28
2023-07-09,Chennai,120,30.14,0.0,17.93
2023-07-10,Chennai,120,32.28,0.0,13.11
2023-07-11,Chennai,120,32.54,0.0,9.96
2023-07-12,Chennai,120,32.37,0.0,14.44
2023-07-13,Chennai,120,33.65,0.0,18.07
2023-07-14,Chennai,120,30.97,0.0,14.45
2023-07-15,Chennai,120,30.92,0.0,17.47
2023-07-16,Chennai,120,29.63,0.0,11.47
2023-07-17,Chennai,120,27.86,0.0,19.71
2023-07-18,Chennai,120,31.88,0.0,14.09
2023-07-19,Chennai,120,29.77,0.0,9.67
2023-07-20,Chennai,120,28.34,6.43,9.32
2023-07-21,Chennai,120,31.04,0.0,12.35
2023-07-22,Chennai,120,28.36,0.0,16.99
2023-07-23,Chennai,120,32.7,10.52,11.31
2023-07-24,Chennai,120,29.75,8.04,15.7
2023-07-25,Chennai,120,35.96,2.73,13.46
2023-07-26,Chennai,120,30.68,4.88,18.23
2023-07-27,Chennai,120,29.33,0.0,5.81
2023-07-28,Chennai,120,29.85,0.0,27.96
2023-07-29,Chennai,120,26.47,5.37,12.19
2023-07-30,Chennai,120,33.9,0.0,15.13
2023-07-31,Chennai,120,33.22,0.0,21.26
2023-08-01,Chennai,120,29.1,0.0,14.83
2023-08-02,Chennai,120,28.91,0.0,12.43
2023-08-03,Chennai,120,27.34,29.34,18.66
2023-08-04,Chennai,120,27.95,0.0,10.72
2023-08-05,Chennai,120,32.99,0.0,14.27
2023-08-06,Chennai,120,24.8,0.0,14.12
2023-08-07,Chennai,120,26.02,0.0,13.17
2023-08-08,Chennai,120,28.74,0.0,14.74
2023-08-09,Chennai,120,27.14,0.0,14.68
2023-08-10,Chennai,120,27.61,0.0,14.21
2023-08-11,Chennai,120,27.53,0.0,10.16
2023-08-12,Chennai,120,29.79,0.0,13.36
2023-08-13,Chennai,120,30.6,14.73,17.69
2023-08-14,Chennai,120,26.9,0.0,16.54
2023-08-15,Chennai,120,31.5,0.0,14.86
2023-08-16,Chennai,120,29.36,0.0,13.7
2023-08-17,Chennai,120,28.34,0.0,14.87
2023-08-18,Chennai,120,32.74,0.0,17.18
2023-08-19,Chennai,120,33.37,0.0,12.72
2023-08-20,Chennai,120,28.45,0.0,8.11
2023-08-21,Chennai,120,30.51,0.0,9.66
2023-08-22,Chennai,120,29.22,0.0,19.66
2023-08-23,Chennai,120,28.16,0.0,23.4
2023-08-24,Chennai,120,29.78,0.0,14.57
2023-08-25,Chennai,120,29.54,0.0,16.41
2023-08-26,Chennai,120,30.66,0.0,12.15
2023-08-27,Chennai,120,31.86,0.0,9.32
2023-08-28,Chennai,120,33.68,0.0,10.8
2023-08-29,Chennai,120,32.79,0.0,13.3
2023-08-30,Chennai,120,32.82,0.0,5.8
2023-08-31,Chennai,120,30.46,12.77,25.38
2023-09-01,Chennai,120,30.49,0.0,15.82
2023-09-02,Chennai,120,28.73,0.0,10.19
2023-09-03,Chennai,120,23.72,4.58,8.7
2023-09-04,Chennai,120,27.19,8.91,12.97
2023-09-05,Chennai,120,27.35,0.0,17.87
2023-09-06,Chennai,120,28.36,7.04,15.66
2023-09-07,Chennai,120,29.04,0.0,12.62
2023-09-08,Chennai,120,29.73,5.06,2.48
2023-09-09,Chennai,120,26.83,8.91,17.74
2023-09-10,Chennai,120,28.94,6.46,15.56
2023-09-11,Chennai,120,28.5,0.0,11.85
2023-09-12,Chennai,120,23.14,0.0,7.19
2023-09-13,Chennai,120,25.91,0.0,5.43
2023-09-14,Chennai,120,26.15,3.22,10.04
2023-09-15,Chennai,120,30.12,4.93,14.15
2023-09-16,Chennai,120,29.69,8.83,20.24
2023-09-17,Chennai,120,28.5,0.0,9.87
2023-09-18,Chennai,120,28.48,0.0,17.48
2023-09-19,Chennai,120,28.2,13.74,13.54
2023-09-20,Chennai,120,28.8,16.89,12.47
2023-09-21,Chennai,120,29.94,25.71,12.47
2023-09-22,Chennai,120,31.35,11.48,13.16
2023-09-23,Chennai,120,29.31,0.0,7.74
2023-09-24,Chennai,120,30.0,0.0,9.6
2023-09-25,Chennai,120,32.47,0.0,15.07
2023-09-26,Chennai,120,29.59,0.0,11.05
2023-09-27,Chennai,120,29.0,1.29,19.66
2023-09-28,Chennai,120,28.96,13.27,17.35
2023-09-29,Chennai,120,30.16,4.2,7.45
2023-09-30,Chennai,120,27.89,17.74,10.57
2023-10-01,Chennai,120,26.59,7.87,10.88
2023-10-02,Chennai,120,31.72,5.73,10.06
2023-10-03,Chennai,120,25.65,0.59,16.11
2023-10-04,Chennai,120,28.56,8.35,11.56
2023-10-05,Chennai,120,27.18,11.54,14.45
2023-10-06,Chennai,120,28.69,0.0,19.81
2023-10-07,Chennai,120,24.43,6.09,21.56
2023-10-08,Chennai,120,31.54,14.68,10.23
2023-10-09,Chennai,120,29.79,0.0,7.87
2023-10-10,Chennai,120,26.26,9.62,13.1
2023-10-11,Chennai,120,25.34,1.13,10.41
2023-10-12,Chennai,120,23.15,13.16,13.75
2023-10-13,Chennai,120,27.27,0.73,15.23
2023-10-14,Chennai,120,25.92,44.67,19.7
2023-10-15,Chennai,120,25.49,0.0,9.77
2023-10-16,Chennai,120,25.07,0.0,11.58
2023-10-17,Chennai,120,26.18,3.7,17.46
2023-10-18,Chennai,120,25.96,6.88,12.53
2023-10-19,Chennai,120,25.73,3.69,10.4
2023-10-20,Chennai,120,28.11,10.86,11.78
2023-10-21,Chennai,120,26.13,0.62,16.64
2023-10-22,Chennai,120,23.49,0.86,17.12
2023-10-23,Chennai,120,25.26,8.88,16.99
2023-10-24,Chennai,120,28.84,0.0,15.85
2023-10-25,Chennai,120,29.43,0.0,15.66
2023-10-26,Chennai,120,30.37,5.46,16.99
2023-10-27,Chennai,120,28.19,0.0,20.81
2023-10-28,Chennai,120,28.16,67.85,14.01
2023-10-29,Chennai,120,30.18,4.97,13.28
2023-10-30,Chennai,120,22.85,5.98,13.7
2023-10-31,Chennai,120,27.09,10.5,11.2
2023-11-01,Chennai,120,25.61,3.42,8.04
2023-11-02,Chennai,120,29.41,4.07,8.88
2023-11-03,Chennai,120,27.38,14.19,27.75
2023-11-04,Chennai,120,25.53,105.0,21.33
2023-11-05,Chennai,120,24.67,5.45,7.62
2023-11-06,Chennai,120,21.91,42.95,18.41
2023-11-07,Chennai,120,24.0,5.34,11.61
2023-11-08,Chennai,120,22.34,2.88,19.89
2023-11-09,Chennai,120,22.18,2.51,13.31
2023-11-10,Chennai,120,26.12,37.3,19.78
2023-11-11,Chennai,120,19.18,18.42,19.07
2023-11-12,Chennai,120,24.54,15.75,22.67
2023-11-13,Chennai,120,23.67,55.12,23.85
2023-11-14,Chennai,120,25.49,38.36,18.03
2023-11-15,Chennai,120,28.53,7.22,22.13
2023-11-16,Chennai,120,27.6,0.0,12.45
2023-11-17,Chennai,120,24.43,12.96,17.47
2023-11-18,Chennai,120,23.88,1.36,23.65
2023-11-19,Chennai,120,26.57,33.02,13.1
2023-11-20,Chennai,120,23.42,17.33,14.58
2023-11-21,Chennai,120,25.72,0.0,8.06
2023-11-22,Chennai,120,25.2,0.41,14.44
2023-11-23,Chennai,120,26.66,0.0,18.22
2023-11-24,Chennai,120,23.03,13.97,7.12
2023-11-25,Chennai,120,27.14,1.75,8.31
2023-11-26,Chennai,120,24.2,0.88,15.15
2023-11-27,Chennai,120,26.69,7.03,11.72
2023-11-28,Chennai,120,22.51,2.3,13.77
2023-11-29,Chennai,120,21.84,38.94,13.14
2023-11-30,Chennai,120,25.67,7.89,19.6
2023-12-01,Chennai,120,23.71,0.53,8.84
2023-12-02,Chennai,120,25.37,69.36,9.88
2023-12-03,Chennai,120,24.02,0.0,3.59
2023-12-04,Chennai,120,23.89,4.28,13.43
2023-12-05,Chennai,120,27.07,0.0,3.1
2023-12-06,Chennai,120,24.98,0.0,15.09
2023-12-07,Chennai,120,22.53,0.0,7.3
2023-12-08,Chennai,120,27.25,0.0,8.99
2023-12-09,Chennai,120,27.11,0.0,16.93
2023-12-10,Chennai,120,25.0,0.0,13.46
2023-12-11,Chennai,120,31.07,9.24,12.24
2023-12-12,Chennai,120,26.14,0.0,9.98
2023-12-13,Chennai,120,26.72,0.0,5.72
2023-12-14,Chennai,120,26.43,0.28,11.98
2023-12-15,Chennai,120,23.67,3.25,15.27
2023-12-16,Chennai,120,22.68,13.5,13.4
2023-12-17,Chennai,120,22.4,0.0,11.42
2023-12-18,Chennai,120,28.72,0.0,7.31
2023-12-19,Chennai,120,23.51,0.0,8.88
2023-12-20,Chennai,120,23.8,0.0,10.5
2023-12-21,Chennai,120,23.3,0.0,11.88
2023-12-22,Chennai,120,24.5,1.45,13.74
2023-12-23,Chennai,120,24.2,0.6,8.55
2023-12-24,Chennai,120,22.21,15.88,16.71
2023-12-25,Chennai,120,27.2,0.0,11.95
2023-12-26,Chennai,120,25.95,0.0,15.43
2023-12-27,Chennai,120,26.9,0.0,5.84
2023-12-28,Chennai,120,23.62,0.0,11.82
2023-12-29,Chennai,120,21.27,0.0,17.89
2023-12-30,Chennai,120,26.95,0.0,7.32
2023-12-31,Chennai,120,23.11,0.0,10.79
2024-01-01,Chennai,120,24.66,9.82,14.83
2024-01-02,Chennai,120,26.99,0.0,7.24
2024-01-03,Chennai,120,29.13,0.0,9.91
2024-01-04,Chennai,120,26.83,0.0,17.94
2024-01-05,Chennai,120,25.77,0.0,8.1
2024-01-06,Chennai,120,24.68,1.85,6.02
2024-01-07,Chennai,120,23.74,0.0,12.41
2024-01-08,Chennai,120,20.24,0.0,8.96
2024-01-09,Chennai,120,24.83,0.0,11.0
2024-01-10,Chennai,120,25.62,0.0,6.63
2024-01-11,Chennai,120,28.0,0.0,13.11
2024-01-12,Chennai,120,27.79,0.0,14.96
2024-01-13,Chennai,120,26.5,0.0,12.27
2024-01-14,Chennai,120,27.4,0.0,9.32
2024-01-15,Chennai,120,25.91,0.0,13.15
2024-01-16,Chennai,120,26.07,0.0,15.5
2024-01-17,Chennai,120,24.56,0.0,7.38
2024-01-18,Chennai,120,26.09,0.0,18.06
2024-01-19,Chennai,120,26.69,0.0,12.17
2024-01-20,Chennai,120,27.05,0.0,10.08
2024-01-21,Chennai,120,26.67,0.0,16.46
2024-01-22,Chennai,120,25.74,0.0,19.31
2024-01-23,Chennai,120,22.8,0.0,14.27
2024-01-24,Chennai,120,24.55,0.0,6.99
2024-01-25,Chennai,120,25.91,0.0,4.44
2024-01-26,Chennai,120,25.32,0.0,12.24
2024-01-27,Chennai,120,25.95,0.0,17.42
2024-01-28,Chennai,120,27.08,0.1,9.86
2024-01-29,Chennai,120,25.16,4.26,13.79
2024-01-30,Chennai,120,28.8,0.0,7.63
2024-01-31,Chennai,120,25.16,0.0,6.8
2024-02-01,Chennai,120,28.47,0.0,4.52
2024-02-02,Chennai,120,29.8,0.0,14.1
2024-02-03,Chennai,120,29.57,0.0,0.71
2024-02-04,Chennai,120,26.62,0.0,11.06
2024-02-05,Chennai,120,26.7,0.0,12.45
2024-02-06,Chennai,120,25.47,0.0,11.84
2024-02-07,Chennai,120,25.51,0.0,9.4
2024-02-08,Chennai,120,30.92,0.0,9.98
2024-02-09,Chennai,120,26.09,0.0,7.12
2024-02-10,Chennai,120,28.33,0.0,8.58
2024-02-11,Chennai,120,28.16,0.0,12.36
2024-02-12,Chennai,120,26.87,0.0,11.57
2024-02-13,Chennai,120,26.39,0.0,5.91
2024-02-14,Chennai,120,26.23,0.0,7.36
2024-02-15,Chennai,120,26.54,0.0,11.99
2024-02-16,Chennai,120,28.64,0.0,1.32
2024-02-17,Chennai,120,26.21,0.0,14.36
2024-02-18,Chennai,120,27.16,0.0,6.41
2024-02-19,Chennai,120,28.25,0.0,13.49
2024-02-20,Chennai,120,21.55,0.0,14.11
2024-02-21,Chennai,120,27.15,0.0,9.14
2024-02-22,Chennai,120,29.3,0.0,13.96
2024-02-23,Chennai,120,28.44,0.0,15.7
2024-02-24,Chennai,120,32.24,0.0,11.83
2024-02-25,Chennai,120,28.58,0.0,7.26
2024-02-26,Chennai,120,24.75,0.0,6.7
2024-02-27,Chennai,120,28.26,0.0,5.53
2024-02-28,Chennai,120,27.35,0.0,14.03
2024-02-29,Chennai,120,28.01,0.0,8.1
2024-03-01,Chennai,120,31.02,0.0,5.74
2024-03-02,Chennai,120,28.0,0.0,4.76
2024-03-03,Chennai,120,21.01,0.0,18.54
2024-03-04,Chennai,120,25.66,0.0,8.62
2024-03-05,Chennai,120,27.33,0.0,11.11
2024-03-06,Chennai,120,23.89,0.0,14.92
2024-03-07,Chennai,120,21.68,0.0,8.3
2024-03-08,Chennai,120,23.27,0.0,8.77
2024-03-09,Chennai,120,26.3,0.0,14.59
2024-03-10,Chennai,120,25.29,0.0,11.01
2024-03-11,Chennai,120,26.79,0.0,10.59
2024-03-12,Chennai,120,31.07,0.0,3.43
2024-03-13,Chennai,120,27.04,0.0,12.45
2024-03-14,Chennai,120,27.34,0.0,7.94
2024-03-15,Chennai,120,24.69,0.0,8.0
2024-03-16,Chennai,120,27.05,2.63,8.01
2024-03-17,Chennai,120,31.04,5.17,13.33
2024-03-18,Chennai,120,25.94,0.0,2.29
2024-03-19,Chennai,120,27.21,0.0,18.63
2024-03-20,Chennai,120,26.27,0.0,13.39
2024-03-21,Chennai,120,30.81,0.0,8.54
2024-03-22,Chennai,120,32.4,0.0,9.81
2024-03-23,Chennai,120,29.52,0.0,9.99
2024-03-24,Chennai,120,31.51,0.0,14.85
2024-03-25,Chennai,120,32.96,0.0,6.11
2024-03-26,Chennai,120,36.28,0.0,9.36
2024-03-27,Chennai,120,34.15,0.0,11.1
2024-03-28,Chennai,120,33.38,0.0,7.65
2024-03-29,Chennai,120,30.27,0.0,4.71
2024-03-30,Chennai,120,30.58,0.0,1.02
2024-03-31,Chennai,120,31.69,0.0,6.31
2024-04-01,Chennai,120,34.46,0.0,16.32
2024-04-02,Chennai,120,31.16,0.0,9.76
2024-04-03,Chennai,120,33.75,0.0,8.03
2024-04-04,Chennai,120,29.37,0.0,14.79
2024-04-05,Chennai,120,28.95,0.0,4.01
2024-04-06,Chennai,120,32.43,0.0,8.34
2024-04-07,Chennai,120,31.35,10.49,7.45
2024-04-08,Chennai,120,31.29,0.0,10.67
2024-04-09,Chennai,120,28.49,0.0,10.99
2024-04-10,Chennai,120,30.43,0.0,17.41
2024-04-11,Chennai,120,34.51,0.0,16.25
2024-04-12,Chennai,120,33.38,0.0,7.15
2024-04-13,Chennai,120,34.02,0.0,15.4
2024-04-14,Chennai,120,31.47,0.0,7.02
2024-04-15,Chennai,120,32.01,0.0,12.52
2024-04-16,Chennai,120,36.54,0.0,12.62
2024-04-17,Chennai,120,34.42,5.82,8.52
2024-04-18,Chennai,120,33.72,3.51,17.73
2024-04-19,Chennai,120,30.45,0.0,19.26
2024-04-20,Chennai,120,36.66,0.0,19.07
2024-04-21,Chennai,120,33.97,0.0,4.83
2024-04-22,Chennai,120,28.61,0.0,6.64
2024-04-23,Chennai,120,30.43,0.0,7.2
2024-04-24,Chennai,120,32.26,0.0,5.09
2024-04-25,Chennai,120,35.86,0.0,2.19
2024-04-26,Chennai,120,34.23,0.0,10.04
2024-04-27,Chennai,120,34.45,0.0,12.58
2024-04-28,Chennai,120,35.16,0.0,10.07
2024-04-29,Chennai,120,33.94,3.0,11.06
2024-04-30,Chennai,120,27.76,0.0,7.06
2024-05-01,Chennai,120,31.01,0.0,6.94
2024-05-02,Chennai,120,29.23,0.0,11.89
2024-05-03,Chennai,120,32.02,0.0,15.77
2024-05-04,Chennai,120,31.98,0.0,18.16
2024-05-05,Chennai,120,35.54,0.0,9.64
2024-05-06,Chennai,120,35.34,0.0,12.97
2024-05-07,Chennai,120,32.41,0.0,14.96
2024-05-08,Chennai,120,31.6,0.0,8.47
2024-05-09,Chennai,120,33.62,0.0,10.29
2024-05-10,Chennai,120,32.41,0.0,11.51
2024-05-11,Chennai,120,32.0,0.0,16.96
2024-05-12,Chennai,120,33.54,14.22,13.48
2024-05-13,Chennai,120,36.79,0.0,6.87
2024-05-14,Chennai,120,37.3,0.0,7.7
2024-05-15,Chennai,120,32.63,0.0,22.14
2024-05-16,Chennai,120,36.07,0.0,10.06
2024-05-17,Chennai,120,34.43,0.0,11.84
2024-05-18,Chennai,120,33.66,4.33,11.23
2024-05-19,Chennai,120,37.08,0.0,6.87
2024-05-20,Chennai,120,34.23,0.0,8.88
2024-05-21,Chennai,120,38.6,0.0,13.61
2024-05-22,Chennai,120,37.58,0.0,5.02
2024-05-23,Chennai,120,34.33,0.0,10.55
2024-05-24,Chennai,120,32.25,0.0,14.4
2024-05-25,Chennai,120,34.35,2.14,15.38
2024-05-26,Chennai,120,33.02,82.51,20.87
2024-05-27,Chennai,120,33.92,0.0,12.06
2024-05-28,Chennai,120,35.52,0.0,10.57
2024-05-29,Chennai,120,32.66,0.0,15.98
2024-05-30,Chennai,120,30.63,0.0,14.09
2024-05-31,Chennai,120,35.67,21.44,21.2
2024-06-01,Chennai,120,32.15,0.0,16.52
2024-06-02,Chennai,120,29.85,0.0,19.38
2024-06-03,Chennai,120,31.87,0.0,14.87
2024-06-04,Chennai,120,32.62,0.0,19.39
2024-06-05,Chennai,120,27.64,0.0,11.66
2024-06-06,Chennai,120,30.87,0.0,10.58
2024-06-07,Chennai,120,35.81,0.0,10.93
2024-06-08,Chennai,120,30.47,0.0,18.04
2024-06-09,Chennai,120,32.2,0.0,11.26
2024-06-10,Chennai,120,34.6,0.0,18.12
2024-06-11,Chennai,120,33.59,0.0,14.64
2024-06-12,Chennai,120,35.03,0.0,22.44
2024-06-13,Chennai,120,31.65,0.0,20.66
2024-06-14,Chennai,120,34.22,0.0,15.7
2024-06-15,Chennai,120,33.83,0.0,19.6
2024-06-16,Chennai,120,32.47,0.0,17.2
2024-06-17,Chennai,120,32.54,0.0,20.96
2024-06-18,Chennai,120,35.89,0.0,19.03
2024-06-19,Chennai,120,34.18,13.68,20.93
2024-06-20,Chennai,120,32.38,0.0,12.6
2024-06-21,Chennai,120,29.98,0.0,17.12
2024-06-22,Chennai,120,33.25,0.0,15.18
2024-06-23,Chennai,120,34.05,0.0,22.62
2024-06-24,Chennai,120,35.33,0.0,17.57
2024-06-25,Chennai,120,33.4,0.0,17.27
2024-06-26,Chennai,120,35.8,0.0,13.41
2024-06-27,Chennai,120,31.14,0.0,14.48
2024-06-28,Chennai,120,35.23,0.0,13.09
2024-06-29,Chennai,120,27.47,0.0,18.2
2024-06-30,Chennai,120,29.56,0.0,11.66
2024-07-01,Chennai,120,31.17,0.0,4.12
2024-07-02,Chennai,120,30.33,0.0,12.12
2024-07-03,Chennai,120,27.1,0.0,12.96
2024-07-04,Chennai,120,28.5,6.91,14.97
2024-07-05,Chennai,120,30.65,2.29,21.77
2024-07-06,Chennai,120,29.16,0.0,19.37
2024-07-07,Chennai,120,35.21,0.0,15.64
2024-07-08,Chennai,120,33.95,7.23,8.24
2024-07-09,Chennai,120,33.26,0.82,20.46
2024-07-10,Chennai,120,32.32,5.45,14.72
2024-07-11,Chennai,120,31.61,0.1,20.52
2024-07-12,Chennai,120,29.42,4.56,20.11
2024-07-13,Chennai,120,30.03,7.7,17.62
2024-07-14,Chennai,120,28.63,5.31,18.0
2024-07-15,Chennai,120,32.37,20.85,18.44
2024-07-16,Chennai,120,30.49,0.0,12.6
2024-07-17,Chennai,120,30.25,0.0,12.7
2024-07-18,Chennai,120,36.66,0.0,7.18
2024-07-19,Chennai,120,36.93,0.0,15.96
2024-07-20,Chennai,120,33.54,0.0,15.82
2024-07-21,Chennai,120,31.05,7.02,21.73
2024-07-22,Chennai,120,36.36,0.0,15.16
2024-07-23,Chennai,120,34.09,0.65,18.45
2024-07-24,Chennai,120,32.42,0.0,15.09
2024-07-25,Chennai,120,35.46,0.0,10.38
2024-07-26,Chennai,120,34.58,0.0,15.34
2024-07-27,Chennai,120,35.7,0.0,11.75
2024-07-28,Chennai,120,33.9,0.0,9.85
2024-07-29,Chennai,120,34.43,6.25,12.97
2024-07-30,Chennai,120,34.81,0.0,16.09
2024-07-31,Chennai,120,32.36,0.0,8.98
2024-08-01,Chennai,120,33.88,0.0,10.22
2024-08-02,Chennai,120,34.48,0.0,11.5
2024-08-03,Chennai,120,33.77,0.0,10.81
2024-08-04,Chennai,120,31.87,0.0,10.98
2024-08-05,Chennai,120,31.17,0.0,15.05
2024-08-06,Chennai,120,30.47,0.0,13.22
2024-08-07,Chennai,120,34.74,0.0,15.66
2024-08-08,Chennai,120,33.71,0.0,14.11
2024-08-09,Chennai,120,35.2,6.82,15.76
2024-08-10,Chennai,120,31.75,0.0,15.81
2024-08-11,Chennai,120,37.86,42.15,13.8
2024-08-12,Chennai,120,28.58,0.49,6.1
2024-08-13,Chennai,120,30.31,0.0,4.49
2024-08-14,Chennai,120,28.98,0.0,11.98
2024-08-15,Chennai,120,31.78,0.0,15.25
2024-08-16,Chennai,120,29.1,0.0,13.14
2024-08-17,Chennai,120,28.38,0.0,9.19
2024-08-18,Chennai,120,31.31,0.0,5.73
2024-08-19,Chennai,120,32.41,0.0,0.99
2024-08-20,Chennai,120,35.25,0.0,6.02
2024-08-21,Chennai,120,35.94,0.0,8.08
2024-08-22,Chennai,120,33.0,0.0,7.16
2024-08-23,Chennai,120,31.91,0.0,2.73
2024-08-24,Chennai,120,32.58,0.0,9.14
2024-08-25,Chennai,120,31.16,18.57,15.21
2024-08-26,Chennai,120,32.97,0.0,14.68
2024-08-27,Chennai,120,33.0,0.0,19.67
2024-08-28,Chennai,120,32.7,4.73,13.57
2024-08-29,Chennai,120,33.26,2.0,9.71
2024-08-30,Chennai,120,35.09,0.0,8.4
2024-08-31,Chennai,120,30.58,0.0,14.67
2024-09-01,Chennai,120,32.43,0.0,16.1
2024-09-02,Chennai,120,27.78,0.0,12.46
2024-09-03,Chennai,120,33.8,0.0,12.43
2024-09-04,Chennai,120,31.68,0.0,6.7
2024-09-05,Chennai,120,30.61,0.0,19.31
2024-09-06,Chennai,120,33.3,6.47,11.77
2024-09-07,Chennai,120,27.38,27.8,10.88
2024-09-08,Chennai,120,29.88,52.09,15.49
2024-09-09,Chennai,120,34.99,6.46,14.78
2024-09-10,Chennai,120,33.04,0.0,4.9
2024-09-11,Chennai,120,30.54,0.0,10.92
2024-09-12,Chennai,120,28.89,3.95,12.45
2024-09-13,Chennai,120,31.98,3.32,6.32
2024-09-14,Chennai,120,29.18,0.34,9.3
2024-09-15,Chennai,120,30.42,1.69,9.83
2024-09-16,Chennai,120,30.02,0.0,5.21
2024-09-17,Chennai,120,27.51,0.0,11.28
2024-09-18,Chennai,120,29.63,5.46,11.03
2024-09-19,Chennai,120,30.99,4.55,18.6
2024-09-20,Chennai,120,29.61,0.0,13.89
2024-09-21,Chennai,120,32.4,0.0,13.61
2024-09-22,Chennai,120,33.94,0.0,11.54
2024-09-23,Chennai,120,28.99,32.75,15.25
2024-09-24,Chennai,120,34.41,0.0,5.3
2024-09-25,Chennai,120,34.13,0.0,16.69
2024-09-26,Chennai,120,33.7,0.0,19.07
2024-09-27,Chennai,120,31.27,0.0,10.35
2024-09-28,Chennai,120,27.12,0.0,13.6
2024-09-29,Chennai,120,34.35,0.0,8.48
2024-09-30,Chennai,120,28.29,0.0,11.68
2024-10-01,Chennai,120,28.35,0.0,12.92
2024-10-02,Chennai,120,28.42,0.0,14.89
2024-10-03,Chennai,120,32.09,0.0,14.63
2024-10-04,Chennai,120,24.12,2.97,8.42
2024-10-05,Chennai,120,26.89,8.57,2.17
2024-10-06,Chennai,120,30.67,3.55,13.48
2024-10-07,Chennai,120,28.37,8.69,4.82
2024-10-08,Chennai,120,25.86,5.99,20.12
2024-10-09,Chennai,120,27.66,2.79,19.89
2024-10-10,Chennai,120,27.08,1.48,12.93
2024-10-11,Chennai,120,26.81,12.22,12.19
2024-10-12,Chennai,120,31.69,1.36,12.91
2024-10-13,Chennai,120,30.26,0.0,14.24
2024-10-14,Chennai,120,29.54,16.57,18.0
2024-10-15,Chennai,120,35.01,0.0,13.86
2024-10-16,Chennai,120,31.83,7.62,11.2
2024-10-17,Chennai,120,30.22,13.5,16.67
2024-10-18,Chennai,120,33.05,4.27,13.13
2024-10-19,Chennai,120,27.99,1.57,9.96
2024-10-20,Chennai,120,33.16,4.91,6.69
2024-10-21,Chennai,120,30.08,0.0,10.39
2024-10-22,Chennai,120,30.37,0.0,12.73
2024-10-23,Chennai,120,31.86,0.0,14.25
2024-10-24,Chennai,120,29.03,0.0,18.4
2024-10-25,Chennai,120,27.49,5.83,9.65
2024-10-26,Chennai,120,23.94,5.88,5.26
2024-10-27,Chennai,120,23.59,0.3,13.98
2024-10-28,Chennai,120,23.37,23.23,16.48
2024-10-29,Chennai,120,25.78,45.95,13.86
2024-10-30,Chennai,120,25.17,0.0,8.27
2024-10-31,Chennai,120,23.25,0.47,13.21
2024-11-01,Chennai,120,24.15,0.0,10.18
2024-11-02,Chennai,120,23.68,15.19,8.95
2024-11-03,Chennai,120,24.31,1.45,12.92
2024-11-04,Chennai,120,24.3,10.39,12.88
2024-11-05,Chennai,120,28.09,10.21,9.48
2024-11-06,Chennai,120,31.56,30.68,20.77
2024-11-07,Chennai,120,27.14,12.1,15.63
2024-11-08,Chennai,120,25.42,8.65,13.39
2024-11-09,Chennai,120,27.98,57.99,22.92
2024-11-10,Chennai,120,26.3,12.58,15.31
2024-11-11,Chennai,120,25.69,7.61,17.58
2024-11-12,Chennai,120,31.3,7.47,16.92
2024-11-13,Chennai,120,28.35,1.67,10.44
2024-11-14,Chennai,120,26.52,29.84,5.21
2024-11-15,Chennai,120,27.3,38.17,13.32
2024-11-16,Chennai,120,25.34,1.33,13.81
2024-11-17,Chennai,120,27.74,26.19,14.06
2024-11-18,Chennai,120,26.24,6.12,7.32
2024-11-19,Chennai,120,28.3,6.51,20.7
2024-11-20,Chennai,120,26.5,1.35,12.92
2024-11-21,Chennai,120,29.47,0.0,10.98
2024-11-22,Chennai,120,29.53,8.54,16.27
2024-11-23,Chennai,120,29.33,1.17,22.32
2024-11-24,Chennai,120,29.45,0.0,12.88
2024-11-25,Chennai,120,26.08,14.74,18.52
2024-11-26,Chennai,120,33.01,3.12,13.66
2024-11-27,Chennai,120,27.73,4.12,16.33
2024-11-28,Chennai,120,28.04,13.42,13.12
2024-11-29,Chennai,120,27.08,44.43,21.18
2024-11-30,Chennai,120,24.71,0.0,13.48
2024-12-01,Chennai,120,26.31,0.0,20.39
2024-12-02,Chennai,120,24.35,1.27,8.84
2024-12-03,Chennai,120,23.79,6.55,5.73
2024-12-04,Chennai,120,23.01,0.0,0.0
2024-12-05,Chennai,120,28.25,0.0,11.37
2024-12-06,Chennai,120,26.71,25.08,6.92
2024-12-07,Chennai,120,22.72,20.5,9.52
2024-12-08,Chennai,120,25.33,7.13,18.38
2024-12-09,Chennai,120,26.39,0.0,9.89
2024-12-10,Chennai,120,25.18,0.0,17.59
2024-12-11,Chennai,120,25.97,9.8,16.36
2024-12-12,Chennai,120,22.46,3.68,4.06
2024-12-13,Chennai,120,24.47,0.54,11.13
2024-12-14,Chennai,120,24.42,5.95,10.47
2024-12-15,Chennai,120,26.91,0.05,8.15
2024-12-16,Chennai,120,22.5,6.81,5.26
2024-12-17,Chennai,120,23.3,2.91,13.45
2024-12-18,Chennai,120,23.93,2.47,8.33
2024-12-19,Chennai,120,19.53,3.57,18.03
2024-12-20,Chennai,120,19.86,0.0,6.43
2024-12-21,Chennai,120,22.83,0.0,3.34
2024-12-22,Chennai,120,23.96,9.69,8.44
2024-12-23,Chennai,120,20.68,16.58,12.42
2024-12-24,Chennai,120,23.22,0.0,6.49
2024-12-25,Chennai,120,18.92,1.08,7.87
2024-12-26,Chennai,120,22.0,6.62,13.35
2024-12-27,Chennai,120,23.65,1.78,10.58
2024-12-28,Chennai,120,23.85,47.21,7.3
2024-12-29,Chennai,120,26.43,0.0,8.07
2024-12-30,Chennai,120,22.65,7.99,11.53
2024-12-31,Chennai,120,22.4,0.0,2.94
2025-01-01,Chennai,120,25.17,0.0,10.42
2025-01-02,Chennai,120,28.53,0.0,12.36
2025-01-03,Chennai,120,25.72,0.0,11.63
2025-01-04,Chennai,120,26.67,4.45,5.52
2025-01-05,Chennai,120,24.3,0.0,6.61
2025-01-06,Chennai,120,21.02,0.0,10.22
2025-01-07,Chennai,120,24.25,0.0,7.34
2025-01-08,Chennai,120,26.17,0.0,8.61
2025-01-09,Chennai,120,26.06,0.0,5.63
2025-01-10,Chennai,120,28.09,0.0,13.27
2025-01-11,Chennai,120,26.5,0.0,14.61
2025-01-12,Chennai,120,26.77,0.0,18.64
2025-01-13,Chennai,120,27.14,2.05,15.2
2025-01-14,Chennai,120,26.43,3.09,16.66
2025-01-15,Chennai,120,23.93,0.0,15.45
2025-01-16,Chennai,120,23.14,0.0,11.11
2025-01-17,Chennai,120,26.08,1.3,17.92
2025-01-18,Chennai,120,26.16,0.0,9.44
2025-01-19,Chennai,120,25.63,0.0,7.96
2025-01-20,Chennai,120,29.78,0.0,15.73
2025-01-21,Chennai,120,27.52,0.0,12.87
2025-01-22,Chennai,120,25.07,0.0,11.69
2025-01-23,Chennai,120,28.17,0.0,13.11
2025-01-24,Chennai,120,23.17,0.0,8.9
2025-01-25,Chennai,120,25.54,0.0,13.41
2025-01-26,Chennai,120,25.07,0.0,16.59
2025-01-27,Chennai,120,23.57,0.0,12.03
2025-01-28,Chennai,120,20.11,0.0,9.85
2025-01-29,Chennai,120,24.61,6.71,7.83
2025-01-30,Chennai,120,23.31,0.0,14.09
2025-01-31,Chennai,120,23.77,0.0,7.99
2025-02-01,Chennai,120,22.5,0.0,2.7
2025-02-02,Chennai,120,24.06,0.0,12.55
2025-02-03,Chennai,120,28.19,0.0,6.62
2025-02-04,Chennai,120,27.07,0.0,7.31
2025-02-05,Chennai,120,29.21,0.0,6.5
2025-02-06,Chennai,120,25.52,0.0,3.21
2025-02-07,Chennai,120,28.44,0.0,15.72
2025-02-08,Chennai,120,24.85,0.0,5.18
2025-02-09,Chennai,120,28.27,0.0,4.66
2025-02-10,Chennai,120,26.21,0.0,11.15
2025-02-11,Chennai,120,27.81,0.0,7.69
2025-02-12,Chennai,120,22.88,0.0,10.31
2025-02-13,Chennai,120,26.83,3.39,11.89
2025-02-14,Chennai,120,22.83,0.0,14.06
2025-02-15,Chennai,120,24.85,0.0,9.1
2025-02-16,Chennai,120,27.71,0.0,7.78
2025-02-17,Chennai,120,25.54,0.0,6.06
2025-02-18,Chennai,120,27.1,0.0,8.27
2025-02-19,Chennai,120,25.01,0.0,10.0
2025-02-20,Chennai,120,24.04,0.0,13.02
2025-02-21,Chennai,120,28.99,0.0,9.03
2025-02-22,Chennai,120,26.55,1.74,14.78
2025-02-23,Chennai,120,30.29,0.0,9.63
2025-02-24,Chennai,120,27.4,0.0,7.29
2025-02-25,Chennai,120,26.98,0.0,13.14
2025-02-26,Chennai,120,29.98,0.0,9.22
2025-02-27,Chennai,120,27.29,15.31,16.3
2025-02-28,Chennai,120,27.55,0.0,6.15
2025-03-01,Chennai,120,27.64,0.0,7.78
2025-03-02,Chennai,120,26.89,0.0,6.68
2025-03-03,Chennai,120,30.14,0.0,11.8
2025-03-04,Chennai,120,27.74,0.0,9.06
2025-03-05,Chennai,120,28.92,0.0,12.86
2025-03-06,Chennai,120,30.54,0.0,16.09
2025-03-07,Chennai,120,29.25,0.0,8.66
2025-03-08,Chennai,120,30.25,0.0,3.49
2025-03-09,Chennai,120,24.52,0.0,5.7
2025-03-10,Chennai,120,28.3,0.0,1.95
2025-03-11,Chennai,120,27.33,0.0,12.46
2025-03-12,Chennai,120,29.41,0.0,2.0
2025-03-13,Chennai,120,29.14,0.0,6.23
2025-03-14,Chennai,120,26.64,0.0,14.22
2025-03-15,Chennai,120,25.77,0.0,5.73
2025-03-16,Chennai,120,24.66,0.0,12.03
2025-03-17,Chennai,120,27.91,0.0,5.2
2025-03-18,Chennai,120,27.22,0.0,4.33
2025-03-19,Chennai,120,28.81,0.0,10.82
2025-03-20,Chennai,120,30.68,0.0,14.09
2025-03-21,Chennai,120,30.07,0.0,12.11
2025-03-22,Chennai,120,28.74,0.0,5.14
2025-03-23,Chennai,120,26.43,0.0,7.16
2025-03-24,Chennai,120,28.63,0.0,15.3
2025-03-25,Chennai,120,28.42,0.0,6.33
2025-03-26,Chennai,120,26.74,0.0,10.5
2025-03-27,Chennai,120,29.01,0.0,6.93
2025-03-28,Chennai,120,27.97,0.0,8.19
2025-03-29,Chennai,120,28.07,0.0,2.33
2025-03-30,Chennai,120,27.87,0.0,10.59
2025-03-31,Chennai,120,26.48,0.0,12.92
2025-04-01,Chennai,120,38.79,5.06,8.73
2025-04-02,Chennai,120,33.28,0.0,14.47
2025-04-03,Chennai,120,34.11,0.0,18.61
2025-04-04,Chennai,120,33.9,0.0,13.05
2025-04-05,Chennai,120,28.78,0.0,17.13
2025-04-06,Chennai,120,30.77,0.0,10.53
2025-04-07,Chennai,120,28.76,0.0,13.65
2025-04-08,Chennai,120,29.81,0.0,11.09
2025-04-09,Chennai,120,31.37,0.0,2.74
2025-04-10,Chennai,120,31.97,0.0,8.53
2025-04-11,Chennai,120,32.7,0.0,14.88
2025-04-12,Chennai,120,35.02,0.0,9.27
2025-04-13,Chennai,120,29.95,0.0,7.68
2025-04-14,Chennai,120,32.66,0.0,6.97
2025-04-15,Chennai,120,31.92,0.0,9.71
2025-04-16,Chennai,120,29.75,0.0,10.42
2025-04-17,Chennai,120,35.75,0.0,9.72
2025-04-18,Chennai,120,29.98,0.0,12.8
2025-04-19,Chennai,120,33.43,0.0,12.8
2025-04-20,Chennai,120,32.3,0.0,13.37
2025-04-21,Chennai,120,34.16,0.0,16.03
2025-04-22,Chennai,120,30.13,0.0,10.61
2025-04-23,Chennai,120,31.52,0.0,16.44
2025-04-24,Chennai,120,34.89,0.0,13.86
2025-04-25,Chennai,120,33.66,0.0,11.69
2025-04-26,Chennai,120,32.14,0.0,7.1
2025-04-27,Chennai,120,29.84,0.0,11.41
2025-04-28,Chennai,120,31.33,7.24,10.47
2025-04-29,Chennai,120,35.6,0.0,13.14
2025-04-30,Chennai,120,30.5,0.0,6.1
2025-05-01,Chennai,120,31.71,0.0,14.13
2025-05-02,Chennai,120,36.2,0.0,12.04
2025-05-03,Chennai,120,35.63,0.0,9.39
2025-05-04,Chennai,120,34.84,0.0,14.59
2025-05-05,Chennai,120,35.28,0.0,17.25
2025-05-06,Chennai,120,35.82,0.0,23.13
2025-05-07,Chennai,120,36.0,0.0,22.64
2025-05-08,Chennai,120,32.09,0.0,14.2
2025-05-09,Chennai,120,32.73,0.0,7.82
2025-05-10,Chennai,120,37.47,0.0,11.89
2025-05-11,Chennai,120,36.21,0.0,13.95
2025-05-12,Chennai,120,38.86,0.0,7.77
2025-05-13,Chennai,120,33.42,0.0,8.92
2025-05-14,Chennai,120,36.41,0.0,9.75
2025-05-15,Chennai,120,34.53,0.0,10.66
2025-05-16,Chennai,120,36.54,0.0,11.93
2025-05-17,Chennai,120,39.01,0.0,11.94
2025-05-18,Chennai,120,37.42,0.0,11.2
2025-05-19,Chennai,120,32.0,0.0,6.12
2025-05-20,Chennai,120,38.89,0.0,20.03
2025-05-21,Chennai,120,38.38,0.0,22.98
2025-05-22,Chennai,120,40.11,0.0,17.5
2025-05-23,Chennai,120,39.58,0.0,10.72
2025-05-24,Chennai,120,40.36,0.0,12.4
2025-05-25,Chennai,120,36.98,0.0,14.22
2025-05-26,Chennai,120,37.85,0.0,8.74
2025-05-27,Chennai,120,36.44,0.0,15.31
2025-05-28,Chennai,120,38.55,0.0,18.32
2025-05-29,Chennai,120,35.49,0.0,14.55
2025-05-30,Chennai,120,37.1,0.0,11.32
2025-05-31,Chennai,120,37.38,0.0,11.68
2025-06-01,Chennai,120,38.29,0.0,18.97
2025-06-02,Chennai,120,35.37,56.68,24.91
2025-06-03,Chennai,120,33.08,0.0,14.05
2025-06-04,Chennai,120,35.11,0.0,19.66
2025-06-05,Chennai,120,31.63,0.0,9.0
2025-06-06,Chennai,120,31.55,0.0,9.22
2025-06-07,Chennai,120,34.92,0.0,8.24
2025-06-08,Chennai,120,33.55,0.0,10.12
2025-06-09,Chennai,120,33.52,0.0,9.75
2025-06-10,Chennai,120,32.71,0.0,6.06
2025-06-11,Chennai,120,32.43,0.0,16.86
2025-06-12,Chennai,120,31.24,8.86,21.05
2025-06-13,Chennai,120,30.43,1.46,12.02
2025-06-14,Chennai,120,30.59,0.0,12.27
2025-06-15,Chennai,120,30.14,0.0,16.94
2025-06-16,Chennai,120,32.84,0.0,15.29
2025-06-17,Chennai,120,36.18,0.0,13.74
2025-06-18,Chennai,120,34.41,0.0,17.43
2025-06-19,Chennai,120,36.38,0.55,17.01
2025-06-20,Chennai,120,35.74,7.03,21.24
2025-06-21,Chennai,120,36.35,0.0,18.96
2025-06-22,Chennai,120,35.71,19.85,26.46
2025-06-23,Chennai,120,30.66,0.0,11.59
2025-06-24,Chennai,120,35.46,0.0,14.0
2025-06-25,Chennai,120,32.51,0.0,17.16
2025-06-26,Chennai,120,36.5,0.0,12.19
2025-06-27,Chennai,120,33.47,0.0,19.08
2025-06-28,Chennai,120,30.03,0.0,14.99
2025-06-29,Chennai,120,35.67,0.0,20.15
2025-06-30,Chennai,120,30.67,0.0,14.79
2025-07-01,Chennai,120,34.76,0.0,18.77
2025-07-02,Chennai,120,30.07,0.0,16.01
2025-07-03,Chennai,120,32.59,6.48,16.99
2025-07-04,Chennai,120,30.83,3.35,17.48
2025-07-05,Chennai,120,31.02,1.03,12.11
2025-07-06,Chennai,120,34.62,0.0,18.01
2025-07-07,Chennai,120,35.87,0.0,19.33
2025-07-08,Chennai,120,34.17,0.0,14.49
2025-07-09,Chennai,120,31.58,0.0,16.86
2025-07-10,Chennai,120,33.43,0.0,21.26
2025-07-11,Chennai,120,35.42,0.0,14.07
2025-07-12,Chennai,120,30.74,0.0,19.82
2025-07-13,Chennai,120,34.56,0.0,14.71
2025-07-14,Chennai,120,34.47,0.0,16.21
2025-07-15,Chennai,120,28.14,0.0,10.55
2025-07-16,Chennai,120,30.95,4.37,17.98
2025-07-17,Chennai,120,28.11,4.53,11.86
2025-07-18,Chennai,120,30.27,52.23,13.46
2025-07-19,Chennai,120,30.07,0.0,13.87
2025-07-20,Chennai,120,29.26,2.87,19.54
2025-07-21,Chennai,120,29.22,7.27,13.96
2025-07-22,Chennai,120,28.93,15.25,15.18
2025-07-23,Chennai,120,29.28,1.46,9.53
2025-07-24,Chennai,120,33.33,31.4,14.57
2025-07-25,Chennai,120,31.99,2.82,12.01
2025-07-26,Chennai,120,30.79,4.48,13.23
2025-07-27,Chennai,120,29.98,1.53,13.09
2025-07-28,Chennai,120,29.71,16.52,20.72
2025-07-29,Chennai,120,30.03,0.0,18.53
2025-07-30,Chennai,120,25.27,0.0,16.43
2025-07-31,Chennai,120,31.27,0.0,9.54
2025-08-01,Chennai,120,29.97,18.42,7.93
2025-08-02,Chennai,120,27.59,87.28,15.32
2025-08-03,Chennai,120,29.85,13.21,12.69
2025-08-04,Chennai,120,30.84,0.0,9.43
2025-08-05,Chennai,120,27.82,6.11,7.1
2025-08-06,Chennai,120,30.02,0.0,14.13
2025-08-07,Chennai,120,30.64,14.02,19.78
2025-08-08,Chennai,120,29.37,47.52,24.02
2025-08-09,Chennai,120,28.05,0.0,13.41
2025-08-10,Chennai,120,28.79,1.38,10.09
2025-08-11,Chennai,120,25.02,28.25,17.49
2025-08-12,Chennai,120,27.62,0.0,11.2
2025-08-13,Chennai,120,28.07,0.0,10.92
2025-08-14,Chennai,120,27.64,0.0,12.4
2025-08-15,Chennai,120,29.29,0.0,15.36
2025-08-16,Chennai,120,28.92,0.0,16.22
2025-08-17,Chennai,120,33.51,0.0,20.34
2025-08-18,Chennai,120,30.5,44.99,20.08
2025-08-19,Chennai,120,29.26,23.07,11.95
2025-08-20,Chennai,120,28.22,0.0,7.22
2025-08-21,Chennai,120,28.86,19.93,14.16
2025-08-22,Chennai,120,30.1,0.0,10.18
2025-08-23,Chennai,120,30.31,0.0,5.69
2025-08-24,Chennai,120,29.66,0.0,19.29
2025-08-25,Chennai,120,32.11,0.0,16.42
2025-08-26,Chennai,120,29.42,0.0,14.61
2025-08-27,Chennai,120,31.55,0.0,15.49
2025-08-28,Chennai,120,31.72,0.0,16.73
2025-08-29,Chennai,120,30.34,0.0,11.93
2025-08-30,Chennai,120,30.12,4.29,10.0
2025-08-31,Chennai,120,32.28,0.0,20.02
2025-09-01,Chennai,120,30.39,0.0,9.04
2025-09-02,Chennai,120,31.98,7.57,11.45
2025-09-03,Chennai,120,28.8,0.0,11.98
2025-09-04,Chennai,120,32.77,0.0,10.4
2025-09-05,Chennai,120,24.85,0.0,16.79
2025-09-06,Chennai,120,24.82,0.22,14.07
2025-09-07,Chennai,120,28.61,25.77,10.31
2025-09-08,Chennai,120,31.15,9.65,20.32
2025-09-09,Chennai,120,29.43,13.97,9.73
2025-09-10,Chennai,120,28.23,5.32,17.98
2025-09-11,Chennai,120,33.64,0.0,12.57
2025-09-12,Chennai,120,29.48,0.0,8.59
2025-09-13,Chennai,120,30.44,33.17,11.88
2025-09-14,Chennai,120,30.22,0.0,11.97
2025-09-15,Chennai,120,29.15,0.0,17.95
2025-09-16,Chennai,120,28.46,4.93,11.19
2025-09-17,Chennai,120,30.15,15.1,14.53
2025-09-18,Chennai,120,28.09,2.2,11.29
2025-09-19,Chennai,120,30.35,3.02,10.66
2025-09-20,Chennai,120,31.86,37.26,20.68
2025-09-21,Chennai,120,29.23,3.21,10.12
2025-09-22,Chennai,120,29.0,18.15,11.19
2025-09-23,Chennai,120,30.23,0.0,12.91
2025-09-24,Chennai,120,31.9,0.0,11.14
2025-09-25,Chennai,120,28.96,0.0,9.18
2025-09-26,Chennai,120,26.74,0.0,12.8
2025-09-27,Chennai,120,26.83,0.0,16.24
2025-09-28,Chennai,120,26.24,17.11,5.34
2025-09-29,Chennai,120,26.45,0.0,6.66
2025-09-30,Chennai,120,26.78,0.0,14.92
2023-01-01,Chennai,168,22.37,0.0,7.76
2023-01-02,Chennai,168,25.02,0.0,6.97
2023-01-03,Chennai,168,25.33,0.0,6.96
2023-01-04,Chennai,168,26.02,0.0,9.87
2023-01-05,Chennai,168,21.07,2.39,4.86
2023-01-06,Chennai,168,25.22,0.0,0.0
2023-01-07,Chennai,168,23.18,0.0,9.95
2023-01-08,Chennai,168,24.82,0.0,11.39
2023-01-09,Chennai,168,25.59,0.0,8.03
2023-01-10,Chennai,168,20.46,0.0,6.08
2023-01-11,Chennai,168,29.92,0.0,10.93
2023-01-12,Chennai,168,27.82,0.0,14.61
2023-01-13,Chennai,168,27.17,0.0,8.1
2023-01-14,Chennai,168,23.5,0.0,13.39
2023-01-15,Chennai,168,27.48,0.0,9.5
2023-01-16,Chennai,168,27.03,0.0,0.0
2023-01-17,Chennai,168,24.13,0.0,15.24
2023-01-18,Chennai,168,26.21,0.0,0.0
2023-01-19,Chennai,168,19.43,0.0,12.91
2023-01-20,Chennai,168,24.84,0.0,2.18
2023-01-21,Chennai,168,24.65,0.0,10.14
2023-01-22,Chennai,168,26.48,0.0,0.44
2023-01-23,Chennai,168,27.7,0.0,7.64
2023-01-24,Chennai,168,24.49,35.23,11.45
2023-01-25,Chennai,168,27.62,0.0,13.71
2023-01-26,Chennai,168,23.99,0.0,4.94
2023-01-27,Chennai,168,25.41,0.0,6.31
2023-01-28,Chennai,168,22.99,0.0,2.77
2023-01-29,Chennai,168,27.88,0.0,18.98
2023-01-30,Chennai,168,22.92,0.0,0.24
2023-01-31,Chennai,168,23.44,0.0,15.38
2023-02-01,Chennai,168,28.71,0.0,7.56
2023-02-02,Chennai,168,27.99,0.0,11.86
2023-02-03,Chennai,168,29.8,0.0,17.21
2023-02-04,Chennai,168,25.56,0.0,10.57
2023-02-05,Chennai,168,28.78,0.0,15.19
2023-02-06,Chennai,168,24.58,0.0,13.52
2023-02-07,Chennai,168,26.85,0.0,10.73
2023-02-08,Chennai,168,23.43,0.0,10.88
2023-02-09,Chennai,168,28.11,0.0,0.0
2023-02-10,Chennai,168,22.85,0.0,9.95
2023-02-11,Chennai,168,28.28,0.0,5.25
2023-02-12,Chennai,168,27.19,0.0,11.23
2023-02-13,Chennai,168,28.84,0.0,10.1
2023-02-14,Chennai,168,25.85,4.65,15.21
2023-02-15,Chennai,168,25.02,0.0,7.31
2023-02-16,Chennai,168,26.41,0.0,7.28
2023-02-17,Chennai,168,31.01,0.0,3.21
2023-02-18,Chennai,168,31.01,0.0,12.63
2023-02-19,Chennai,168,28.86,0.0,9.0
2023-02-20,Chennai,168,28.04,0.0,8.28
2023-02-21,Chennai,168,22.7,0.0,6.62
2023-02-22,Chennai,168,27.13,0.0,14.84
2023-02-23,Chennai,168,25.51,0.0,5.63
2023-02-24,Chennai,168,29.2,0.0,11.12
2023-02-25,Chennai,168,26.68,0.0,14.48
2023-02-26,Chennai,168,24.9,0.0,0.48
2023-02-27,Chennai,168,27.0,0.0,8.23
2023-02-28,Chennai,168,26.67,0.0,7.37
2023-03-01,Chennai,168,29.13,0.0,9.42
2023-03-02,Chennai,168,27.45,0.0,11.91
2023-03-03,Chennai,168,26.59,0.0,7.82
2023-03-04,Chennai,168,25.12,0.0,8.22
2023-03-05,Chennai,168,28.94,0.0,15.24
2023-03-06,Chennai,168,29.73,0.0,5.3
2023-03-07,Chennai,168,28.4,0.0,14.05
2023-03-08,Chennai,168,26.95,0.0,2.66
2023-03-09,Chennai,168,29.16,0.0,8.8
2023-03-10,Chennai,168,27.29,0.0,11.0
2023-03-11,Chennai,168,24.68,0.0,7.39
2023-03-12,Chennai,168,28.21,0.0,15.67
2023-03-13,Chennai,168,27.8,0.0,8.95
2023-03-14,Chennai,168,26.55,0.0,11.34
2023-03-15,Chennai,168,25.81,0.0,14.97
2023-03-16,Chennai,168,24.74,0.0,4.27
2023-03-17,Chennai,168,30.91,0.0,5.13
2023-03-18,Chennai,168,25.94,0.0,6.08
2023-03-19,Chennai,168,29.43,0.0,15.85
2023-03-20,Chennai,168,23.21,0.0,12.02
2023-03-21,Chennai,168,25.38,0.0,7.87
2023-03-22,Chennai,168,27.27,0.0,9.57
2023-03-23,Chennai,168,31.32,0.0,8.32
2023-03-24,Chennai,168,27.99,0.0,20.56
2023-03-25,Chennai,168,26.67,0.0,11.8
2023-03-26,Chennai,168,29.91,0.0,9.71
2023-03-27,Chennai,168,24.48,0.0,13.27
2023-03-28,Chennai,168,23.43,0.0,9.62
2023-03-29,Chennai,168,26.16,0.0,9.82
2023-03-30,Chennai,168,26.67,0.0,11.82
2023-03-31,Chennai,168,33.9,0.0,8.59
2023-04-01,Chennai,168,35.34,0.0,20.77
2023-04-02,Chennai,168,32.83,0.0,8.56
2023-04-03,Chennai,168,29.59,0.0,8.49
2023-04-04,Chennai,168,37.61,0.0,12.03
2023-04-05,Chennai,168,34.85,0.0,8.35
2023-04-06,Chennai,168,33.06,0.11,1.68
2023-04-07,Chennai,168,30.79,0.0,15.54
2023-04-08,Chennai,168,34.09,0.0,19.74
2023-04-09,Chennai,168,26.9,0.0,12.53
2023-04-10,Chennai,168,33.73,0.9,9.54
2023-04-11,Chennai,168,35.13,0.0,9.78
2023-04-12,Chennai,168,36.19,0.0,7.23
2023-04-13,Chennai,168,32.38,0.0,7.67
2023-04-14,Chennai,168,35.95,0.0,15.12
2023-04-15,Chennai,168,34.8,10.52,13.5
2023-04-16,Chennai,168,31.02,2.9,22.22
2023-04-17,Chennai,168,30.11,0.0,12.94
2023-04-18,Chennai,168,33.67,0.0,16.91
2023-04-19,Chennai,168,30.4,0.0,13.46
2023-04-20,Chennai,168,35.0,0.0,15.2
2023-04-21,Chennai,168,32.22,0.0,0.0
2023-04-22,Chennai,168,37.08,0.0,8.27
2023-04-23,Chennai,168,39.28,0.0,9.6
2023-04-24,Chennai,168,40.07,0.0,8.29
2023-04-25,Chennai,168,32.18,0.0,6.72
2023-04-26,Chennai,168,35.98,0.0,5.39
2023-04-27,Chennai,168,35.03,0.0,16.7
2023-04-28,Chennai,168,31.94,0.0,10.03
2023-04-29,Chennai,168,37.32,0.0,8.1
2023-04-30,Chennai,168,29.03,2.73,16.98
2023-05-01,Chennai,168,35.65,0.0,11.48
2023-05-02,Chennai,168,37.41,0.0,13.97
2023-05-03,Chennai,168,34.14,0.0,8.23
2023-05-04,Chennai,168,30.49,0.0,5.16
2023-05-05,Chennai,168,34.51,0.0,5.51
2023-05-06,Chennai,168,33.49,0.0,6.5
2023-05-07,Chennai,168,32.13,0.0,6.07
2023-05-08,Chennai,168,33.41,0.0,19.84
2023-05-09,Chennai,168,35.51,0.0,9.62
2023-05-10,Chennai,168,35.85,25.63,5.52
2023-05-11,Chennai,168,34.17,0.0,18.43
2023-05-12,Chennai,168,40.1,0.0,23.56
2023-05-13,Chennai,168,39.66,0.0,7.67
2023-05-14,Chennai,168,39.01,0.0,12.07
2023-05-15,Chennai,168,35.45,33.7,23.09
2023-05-16,Chennai,168,38.3,31.33,23.25
2023-05-17,Chennai,168,31.7,4.05,3.52
2023-05-18,Chennai,168,31.64,0.0,10.25
2023-05-19,Chennai,168,36.23,0.0,5.65
2023-05-20,Chennai,168,35.5,0.0,10.75
2023-05-21,Chennai,168,33.55,0.0,10.47
2023-05-22,Chennai,168,31.62,0.0,15.54
2023-05-23,Chennai,168,38.53,0.0,8.9
2023-05-24,Chennai,168,33.98,0.0,15.59
2023-05-25,Chennai,168,34.0,0.0,8.16
2023-05-26,Chennai,168,35.8,0.0,13.83
2023-05-27,Chennai,168,37.22,0.0,10.41
2023-05-28,Chennai,168,35.28,0.0,17.06
2023-05-29,Chennai,168,35.25,0.0,10.09
2023-05-30,Chennai,168,35.43,0.0,16.97
2023-05-31,Chennai,168,34.82,0.0,0.0
2023-06-01,Chennai,168,35.5,0.0,14.87
2023-06-02,Chennai,168,33.22,9.97,29.86
2023-06-03,Chennai,168,31.85,0.0,16.71
2023-06-04,Chennai,168,34.12,0.0,17.21
2023-06-05,Chennai,168,37.41,0.0,17.01
2023-06-06,Chennai,168,34.95,0.0,20.82
2023-06-07,Chennai,168,33.66,1.82,13.74
2023-06-08,Chennai,168,40.58,0.0,13.71
2023-06-09,Chennai,168,39.52,0.0,24.79
2023-06-10,Chennai,168,36.44,0.0,27.23
2023-06-11,Chennai,168,31.57,0.0,21.91
2023-06-12,Chennai,168,31.56,0.0,20.18
2023-06-13,Chennai,168,36.68,0.0,17.61
2023-06-14,Chennai,168,40.32,0.0,18.11
2023-06-15,Chennai,168,38.56,0.0,14.39
2023-06-16,Chennai,168,36.23,0.0,16.11
2023-06-17,Chennai,168,33.94,0.0,10.28
2023-06-18,Chennai,168,33.4,0.0,21.22
2023-06-19,Chennai,168,32.7,0.0,25.4
2023-06-20,Chennai,168,37.86,26.16,9.88
2023-06-21,Chennai,168,34.25,99.52,22.53
2023-06-22,Chennai,168,39.49,13.64,20.29
2023-06-23,Chennai,168,34.54,0.0,12.65
2023-06-24,Chennai,168,36.02,0.0,24.44
2023-06-25,Chennai,168,39.79,0.0,16.17
2023-06-26,Chennai,168,36.05,0.0,14.88
2023-06-27,Chennai,168,36.86,0.0,19.05
2023-06-28,Chennai,168,35.67,0.0,16.21
2023-06-29,Chennai,168,32.73,0.0,20.32
2023-06-30,Chennai,168,32.86,0.0,11.69
2023-07-01,Chennai,168,33.1,0.89,20.71
2023-07-02,Chennai,168,28.73,0.0,18.4
2023-07-03,Chennai,168,30.16,0.0,16.28
2023-07-04,Chennai,168,30.95,0.0,6.63
2023-07-05,Chennai,168,29.14,0.0,16.53
2023-07-06,Chennai,168,35.02,0.0,21.64
2023-07-07,Chennai,168,29.12,0.0,17.66
2023-07-08,Chennai,168,30.64,0.0,17.45
2023-07-09,Chennai,168,27.49,0.0,16.02
2023-07-10,Chennai,168,27.41,0.0,12.16
2023-07-11,Chennai,168,32.39,0.0,8.89
2023-07-12,Chennai,168,32.65,0.0,15.06
2023-07-13,Chennai,168,32.57,0.0,16.98
2023-07-14,Chennai,168,30.42,0.0,15.6
2023-07-15,Chennai,168,35.14,0.0,18.36
2023-07-16,Chennai,168,32.24,0.0,13.85
2023-07-17,Chennai,168,30.16,0.0,11.87
2023-07-18,Chennai,168,30.57,0.0,17.51
2023-07-19,Chennai,168,30.46,1.18,19.99
2023-07-20,Chennai,168,31.48,0.49,13.56
2023-07-21,Chennai,168,27.57,0.0,15.31
2023-07-22,Chennai,168,27.52,0.0,18.67
2023-07-23,Chennai,168,27.46,11.23,6.85
2023-07-24,Chennai,168,30.2,0.48,16.22
2023-07-25,Chennai,168,33.24,3.02,14.32
2023-07-26,Chennai,168,32.45,1.27,16.56
2023-07-27,Chennai,168,29.57,0.0,13.99
2023-07-28,Chennai,168,29.16,0.0,12.34
2023-07-29,Chennai,168,30.06,3.65,7.94
2023-07-30,Chennai,168,30.52,0.0,18.22
2023-07-31,Chennai,168,33.8,0.0,13.33
2023-08-01,Chennai,168,30.99,0.0,13.13
2023-08-02,Chennai,168,28.28,0.0,11.85
2023-08-03,Chennai,168,32.87,63.34,15.71
2023-08-04,Chennai,168,29.0,0.0,11.64
2023-08-05,Chennai,168,30.47,0.0,23.4
2023-08-06,Chennai,168,28.17,0.0,12.31
2023-08-07,Chennai,168,28.28,0.0,15.45
2023-08-08,Chennai,168,29.03,0.0,11.76
2023-08-09,Chennai,168,25.61,0.0,8.26
2023-08-10,Chennai,168,31.65,0.0,9.38
2023-08-11,Chennai,168,28.08,0.0,3.35
2023-08-12,Chennai,168,27.78,0.0,2.0
2023-08-13,Chennai,168,32.59,37.83,18.0
2023-08-14,Chennai,168,30.76,0.0,9.91
2023-08-15,Chennai,168,32.11,0.0,11.99
2023-08-16,Chennai,168,31.18,0.0,15.3
2023-08-17,Chennai,168,32.94,0.0,16.39
2023-08-18,Chennai,168,30.75,0.0,13.71
2023-08-19,Chennai,168,31.77,0.0,13.94
2023-08-20,Chennai,168,30.45,0.0,15.76
2023-08-21,Chennai,168,29.47,0.0,8.82
2023-08-22,Chennai,168,31.71,0.0,18.09
2023-08-23,Chennai,168,32.97,0.0,10.64
2023-08-24,Chennai,168,26.62,0.0,18.07
2023-08-25,Chennai,168,32.58,0.0,15.03
2023-08-26,Chennai,168,30.05,0.0,12.41
2023-08-27,Chennai,168,29.49,0.0,13.85
2023-08-28,Chennai,168,31.53,0.0,7.8
2023-08-29,Chennai,168,27.86,0.0,15.16
2023-08-30,Chennai,168,31.96,0.0,12.01
2023-08-31,Chennai,168,30.48,1.77,19.2
2023-09-01,Chennai,168,29.52,0.0,13.44
2023-09-02,Chennai,168,30.6,0.0,11.48
2023-09-03,Chennai,168,28.7,1.32,14.88
2023-09-04,Chennai,168,27.54,12.53,5.21
2023-09-05,Chennai,168,30.51,15.51,13.34
2023-09-06,Chennai,168,27.24,5.8,20.06
2023-09-07,Chennai,168,28.96,0.0,16.97
2023-09-08,Chennai,168,28.12,20.33,12.58
2023-09-09,Chennai,168,28.83,2.08,21.1
2023-09-10,Chennai,168,26.36,0.0,12.95
2023-09-11,Chennai,168,27.07,0.0,18.0
2023-09-12,Chennai,168,25.77,0.0,13.11
2023-09-13,Chennai,168,24.24,0.0,7.88
2023-09-14,Chennai,168,26.46,7.41,9.97
2023-09-15,Chennai,168,27.68,0.0,17.8
2023-09-16,Chennai,168,28.68,9.29,20.54
2023-09-17,Chennai,168,29.32,0.0,4.67
2023-09-18,Chennai,168,31.42,0.0,15.37
2023-09-19,Chennai,168,30.64,17.96,7.9
2023-09-20,Chennai,168,30.31,14.38,9.55
2023-09-21,Chennai,168,30.68,35.39,16.23
2023-09-22,Chennai,168,33.96,17.37,12.0
2023-09-23,Chennai,168,28.92,0.0,9.44
2023-09-24,Chennai,168,28.44,0.0,12.28
2023-09-25,Chennai,168,26.27,0.0,17.05
2023-09-26,Chennai,168,28.67,0.0,12.42
2023-09-27,Chennai,168,30.44,1.54,14.17
2023-09-28,Chennai,168,33.88,15.99,12.13
2023-09-29,Chennai,168,29.11,1.58,14.58
2023-09-30,Chennai,168,28.85,0.0,6.63
2023-10-01,Chennai,168,29.28,0.0,7.87
2023-10-02,Chennai,168,28.39,2.36,6.27
2023-10-03,Chennai,168,27.64,0.7,4.88
2023-10-04,Chennai,168,27.68,7.54,14.13
2023-10-05,Chennai,168,27.57,10.24,11.54
2023-10-06,Chennai,168,29.99,21.18,11.34
2023-10-07,Chennai,168,28.97,15.62,23.15
2023-10-08,Chennai,168,25.06,11.18,12.43
2023-10-09,Chennai,168,27.88,0.0,16.71
2023-10-10,Chennai,168,28.13,17.28,10.09
2023-10-11,Chennai,168,28.66,66.7,12.07
2023-10-12,Chennai,168,28.18,0.0,16.75
2023-10-13,Chennai,168,28.25,1.65,20.48
2023-10-14,Chennai,168,23.93,109.51,21.01
2023-10-15,Chennai,168,28.59,0.0,6.46
2023-10-16,Chennai,168,25.66,0.0,0.0
2023-10-17,Chennai,168,27.8,4.57,13.13
2023-10-18,Chennai,168,23.9,6.11,20.16
2023-10-19,Chennai,168,23.76,8.36,5.57
2023-10-20,Chennai,168,23.79,1.9,12.25
2023-10-21,Chennai,168,25.52,0.0,20.63
2023-10-22,Chennai,168,24.0,0.0,14.67
2023-10-23,Chennai,168,25.36,23.28,18.43
2023-10-24,Chennai,168,28.85,0.0,15.33
2023-10-25,Chennai,168,28.77,0.0,20.97
2023-10-26,Chennai,168,30.37,3.86,10.0
2023-10-27,Chennai,168,30.6,0.69,20.07
2023-10-28,Chennai,168,24.97,38.04,20.8
2023-10-29,Chennai,168,26.6,0.0,12.47
2023-10-30,Chennai,168,25.95,4.54,13.34
2023-10-31,Chennai,168,27.66,8.64,9.43
2023-11-01,Chennai,168,23.95,4.25,4.32
2023-11-02,Chennai,168,29.21,8.02,6.63
2023-11-03,Chennai,168,27.28,5.18,24.98
2023-11-04,Chennai,168,21.78,74.77,24.28
2023-11-05,Chennai,168,25.98,3.07,17.09
2023-11-06,Chennai,168,24.23,79.09,18.4
2023-11-07,Chennai,168,23.74,13.49,15.36
2023-11-08,Chennai,168,22.85,26.35,17.04
2023-11-09,Chennai,168,21.15,4.02,22.73
2023-11-10,Chennai,168,21.62,65.83,17.74
2023-11-11,Chennai,168,21.28,0.0,25.54
2023-11-12,Chennai,168,25.91,0.0,28.85
2023-11-13,Chennai,168,25.21,26.41,24.39
2023-11-14,Chennai,168,24.71,0.0,24.49
2023-11-15,Chennai,168,24.95,11.57,21.88
2023-11-16,Chennai,168,26.74,0.0,12.78
2023-11-17,Chennai,168,25.49,8.11,18.91
2023-11-18,Chennai,168,25.19,2.68,19.22
2023-11-19,Chennai,168,21.85,0.0,17.13
2023-11-20,Chennai,168,23.18,0.0,16.11
2023-11-21,Chennai,168,25.75,0.0,9.23
2023-11-22,Chennai,168,26.84,0.0,17.87
2023-11-23,Chennai,168,26.99,23.34,19.25
2023-11-24,Chennai,168,23.3,15.89,11.21
2023-11-25,Chennai,168,28.61,1.63,13.29
2023-11-26,Chennai,168,26.8,2.31,21.27
2023-11-27,Chennai,168,20.88,4.33,12.98
2023-11-28,Chennai,168,23.86,10.86,16.7
2023-11-29,Chennai,168,21.52,0.0,18.96
2023-11-30,Chennai,168,24.43,27.91,27.76
2023-12-01,Chennai,168,22.12,0.0,9.7
2023-12-02,Chennai,168,26.65,51.94,19.27
2023-12-03,Chennai,168,27.48,0.0,8.23
2023-12-04,Chennai,168,26.6,9.94,17.56
2023-12-05,Chennai,168,28.47,0.0,10.96
2023-12-06,Chennai,168,28.21,0.0,9.57
2023-12-07,Chennai,168,26.68,0.0,12.35
2023-12-08,Chennai,168,25.73,0.0,7.94
2023-12-09,Chennai,168,31.95,0.0,15.99
2023-12-10,Chennai,168,25.42,0.0,9.44
2023-12-11,Chennai,168,28.46,0.0,11.01
2023-12-12,Chennai,168,23.19,0.0,3.4
2023-12-13,Chennai,168,29.08,0.0,15.26
2023-12-14,Chennai,168,26.68,1.91,15.68
2023-12-15,Chennai,168,22.03,5.99,13.21
2023-12-16,Chennai,168,30.05,6.7,17.43
2023-12-17,Chennai,168,26.01,0.0,13.79
2023-12-18,Chennai,168,27.3,0.0,6.39
2023-12-19,Chennai,168,20.72,0.0,5.32
2023-12-20,Chennai,168,24.26,0.0,0.0
2023-12-21,Chennai,168,26.82,0.0,6.52
2023-12-22,Chennai,168,25.77,0.29,12.75
2023-12-23,Chennai,168,25.45,0.59,8.22
2023-12-24,Chennai,168,26.51,32.44,14.14
2023-12-25,Chennai,168,20.75,0.0,9.58
2023-12-26,Chennai,168,23.88,0.0,15.16
2023-12-27,Chennai,168,25.32,0.0,8.68
2023-12-28,Chennai,168,24.86,0.0,11.09
2023-12-29,Chennai,168,23.98,0.0,15.64
2023-12-30,Chennai,168,24.82,0.0,3.03
2023-12-31,Chennai,168,25.04,0.0,13.0
2024-01-01,Chennai,168,30.82,12.6,6.66
2024-01-02,Chennai,168,28.43,0.0,7.32
2024-01-03,Chennai,168,31.87,0.0,10.36
2024-01-04,Chennai,168,26.21,0.0,9.84
2024-01-05,Chennai,168,27.75,0.0,8.88
2024-01-06,Chennai,168,22.46,0.0,4.27
2024-01-07,Chennai,168,26.04,0.0,2.75
2024-01-08,Chennai,168,22.28,0.0,15.15
2024-01-09,Chennai,168,27.1,0.0,5.3
2024-01-10,Chennai,168,26.2,0.0,18.72
2024-01-11,Chennai,168,28.35,0.0,11.67
2024-01-12,Chennai,168,33.24,0.0,12.8
2024-01-13,Chennai,168,25.98,0.0,7.38
2024-01-14,Chennai,168,28.47,0.0,6.12
2024-01-15,Chennai,168,27.11,0.0,15.87
2024-01-16,Chennai,168,24.87,0.0,12.52
2024-01-17,Chennai,168,25.41,0.0,8.85
2024-01-18,Chennai,168,22.07,0.0,14.32
2024-01-19,Chennai,168,27.07,0.0,1.88
2024-01-20,Chennai,168,28.67,0.0,13.51
2024-01-21,Chennai,168,26.53,0.0,12.53
2024-01-22,Chennai,168,24.31,0.0,13.06
2024-01-23,Chennai,168,22.74,0.0,13.68
2024-01-24,Chennai,168,21.11,0.0,9.5
2024-01-25,Chennai,168,30.93,0.0,8.06
2024-01-26,Chennai,168,26.72,0.0,10.18
2024-01-27,Chennai,168,27.92,0.0,10.77
2024-01-28,Chennai,168,28.1,0.2,13.13
2024-01-29,Chennai,168,26.88,22.6,11.97
2024-01-30,Chennai,168,27.74,0.0,12.9
2024-01-31,Chennai,168,28.22,0.0,5.3
2024-02-01,Chennai,168,25.17,0.0,4.15
2024-02-02,Chennai,168,29.22,0.0,2.56
2024-02-03,Chennai,168,35.11,0.0,6.9
2024-02-04,Chennai,168,28.52,0.0,13.82
2024-02-05,Chennai,168,26.31,0.0,14.25
2024-02-06,Chennai,168,25.36,0.0,14.82
2024-02-07,Chennai,168,27.41,0.0,10.4
2024-02-08,Chennai,168,28.66,0.0,7.58
2024-02-09,Chennai,168,24.9,0.0,3.49
2024-02-10,Chennai,168,31.36,0.0,7.53
2024-02-11,Chennai,168,26.06,0.0,4.93
2024-02-12,Chennai,168,31.12,0.0,9.9
2024-02-13,Chennai,168,26.99,0.0,8.29
2024-02-14,Chennai,168,26.96,0.0,6.39
2024-02-15,Chennai,168,27.58,0.0,5.71
2024-02-16,Chennai,168,27.9,0.0,11.12
2024-02-17,Chennai,168,24.59,0.0,17.91
2024-02-18,Chennai,168,28.29,0.0,9.25
2024-02-19,Chennai,168,26.07,0.0,12.61
2024-02-20,Chennai,168,26.45,0.0,16.59
2024-02-21,Chennai,168,28.48,0.0,3.81
2024-02-22,Chennai,168,30.57,0.0,25.95
2024-02-23,Chennai,168,24.31,0.0,15.63
2024-02-24,Chennai,168,28.34,0.0,10.58
2024-02-25,Chennai,168,28.31,0.0,13.17
2024-02-26,Chennai,168,28.45,0.0,17.56
2024-02-27,Chennai,168,28.12,0.0,9.11
2024-02-28,Chennai,168,31.04,0.0,8.04
2024-02-29,Chennai,168,27.34,0.0,10.74
2024-03-01,Chennai,168,26.85,0.0,16.25
2024-03-02,Chennai,168,27.82,0.0,16.28
2024-03-03,Chennai,168,28.09,0.0,19.54
2024-03-04,Chennai,168,20.83,0.0,6.69
2024-03-05,Chennai,168,25.59,0.0,16.0
2024-03-06,Chennai,168,24.73,0.0,7.27
2024-03-07,Chennai,168,23.11,0.0,6.95
2024-03-08,Chennai,168,26.19,0.0,9.31
2024-03-09,Chennai,168,21.63,0.0,15.93
2024-03-10,Chennai,168,22.39,0.0,5.23
2024-03-11,Chennai,168,25.36,0.0,4.7
2024-03-12,Chennai,168,28.57,0.0,3.5
2024-03-13,Chennai,168,29.5,0.0,8.36
2024-03-14,Chennai,168,30.35,0.0,18.99
2024-03-15,Chennai,168,25.31,0.0,15.38
2024-03-16,Chennai,168,25.98,14.06,3.49
2024-03-17,Chennai,168,27.86,10.06,14.08
2024-03-18,Chennai,168,26.69,0.0,13.86
2024-03-19,Chennai,168,30.21,0.0,8.96
2024-03-20,Chennai,168,30.22,0.0,9.28
2024-03-21,Chennai,168,30.83,0.0,16.01
2024-03-22,Chennai,168,32.26,0.0,19.3
2024-03-23,Chennai,168,29.7,0.0,16.75
2024-03-24,Chennai,168,30.84,0.0,15.11
2024-03-25,Chennai,168,30.66,0.0,8.52
2024-03-26,Chennai,168,27.45,0.0,12.63
2024-03-27,Chennai,168,35.62,0.0,1.01
2024-03-28,Chennai,168,26.35,0.0,16.78
2024-03-29,Chennai,168,31.76,0.0,13.04
2024-03-30,Chennai,168,30.7,0.0,8.44
2024-03-31,Chennai,168,29.46,0.0,3.35
2024-04-01,Chennai,168,31.19,0.0,18.06
2024-04-02,Chennai,168,35.04,0.0,7.18
2024-04-03,Chennai,168,31.93,0.0,1.01
2024-04-04,Chennai,168,34.25,0.0,13.15
2024-04-05,Chennai,168,27.5,0.0,16.8
2024-04-06,Chennai,168,31.84,0.0,15.26
2024-04-07,Chennai,168,32.56,0.0,24.41
2024-04-08,Chennai,168,32.36,0.0,14.49
2024-04-09,Chennai,168,31.17,0.0,7.02
2024-04-10,Chennai,168,31.47,0.0,10.69
2024-04-11,Chennai,168,35.79,0.0,11.85
2024-04-12,Chennai,168,29.54,0.0,7.87
2024-04-13,Chennai,168,34.8,0.0,10.08
2024-04-14,Chennai,168,29.99,0.0,0.26
2024-04-15,Chennai,168,33.68,0.0,11.26
2024-04-16,Chennai,168,38.23,0.0,12.57
2024-04-17,Chennai,168,34.29,7.59,19.14
2024-04-18,Chennai,168,34.47,3.35,8.95
2024-04-19,Chennai,168,35.73,0.0,15.65
2024-04-20,Chennai,168,35.65,0.0,12.79
2024-04-21,Chennai,168,33.47,0.0,14.11
2024-04-22,Chennai,168,33.03,0.0,4.63
2024-04-23,Chennai,168,39.08,0.0,13.23
2024-04-24,Chennai,168,29.75,0.0,6.22
2024-04-25,Chennai,168,34.55,0.0,14.18
2024-04-26,Chennai,168,32.36,0.0,8.43
2024-04-27,Chennai,168,32.66,0.0,1.64
2024-04-28,Chennai,168,35.05,0.0,4.6
2024-04-29,Chennai,168,32.6,1.19,13.73
2024-04-30,Chennai,168,33.37,0.0,0.55
2024-05-01,Chennai,168,33.34,0.0,5.92
2024-05-02,Chennai,168,34.29,0.0,14.27
2024-05-03,Chennai,168,34.21,0.0,11.01
2024-05-04,Chennai,168,27.24,0.0,15.59
2024-05-05,Chennai,168,41.29,0.0,14.26
2024-05-06,Chennai,168,35.5,0.0,10.98
2024-05-07,Chennai,168,32.9,0.0,14.69
2024-05-08,Chennai,168,33.21,0.0,18.51
2024-05-09,Chennai,168,32.02,0.0,10.66
2024-05-10,Chennai,168,29.34,0.0,9.2
2024-05-11,Chennai,168,35.9,0.0,16.96
2024-05-12,Chennai,168,32.83,6.06,13.85
2024-05-13,Chennai,168,36.93,0.0,8.52
2024-05-14,Chennai,168,39.42,0.0,6.8
2024-05-15,Chennai,168,35.67,0.0,9.25
2024-05-16,Chennai,168,34.55,0.0,20.66
2024-05-17,Chennai,168,34.1,0.0,13.58
2024-05-18,Chennai,168,38.68,1.89,11.79
2024-05-19,Chennai,168,36.02,0.0,4.02
2024-05-20,Chennai,168,30.08,0.0,10.37
2024-05-21,Chennai,168,30.61,0.0,9.93
2024-05-22,Chennai,168,34.15,0.0,9.84
2024-05-23,Chennai,168,29.74,0.0,5.47
2024-05-24,Chennai,168,34.4,0.0,13.25
2024-05-25,Chennai,168,36.88,1.6,18.55
2024-05-26,Chennai,168,32.45,92.21,20.05
2024-05-27,Chennai,168,31.93,0.0,8.48
2024-05-28,Chennai,168,36.25,0.0,7.03
2024-05-29,Chennai,168,31.7,9.12,13.51
2024-05-30,Chennai,168,32.88,0.0,7.21
2024-05-31,Chennai,168,35.97,0.0,18.14
2024-06-01,Chennai,168,34.59,0.0,17.82
2024-06-02,Chennai,168,29.68,0.0,22.71
2024-06-03,Chennai,168,34.34,0.0,19.18
2024-06-04,Chennai,168,30.77,0.0,15.05
2024-06-05,Chennai,168,28.94,0.0,12.71
2024-06-06,Chennai,168,32.15,0.0,23.86
2024-06-07,Chennai,168,34.17,0.0,20.05
2024-06-08,Chennai,168,33.88,0.0,9.82
2024-06-09,Chennai,168,29.27,0.0,8.01
2024-06-10,Chennai,168,32.36,0.0,20.9
2024-06-11,Chennai,168,37.84,0.0,9.6
2024-06-12,Chennai,168,34.8,0.0,24.19
2024-06-13,Chennai,168,31.39,0.0,13.07
2024-06-14,Chennai,168,32.8,0.0,13.55
2024-06-15,Chennai,168,33.75,0.0,17.62
2024-06-16,Chennai,168,31.78,0.0,21.35
2024-06-17,Chennai,168,29.88,0.0,22.65
2024-06-18,Chennai,168,34.44,0.0,20.47
2024-06-19,Chennai,168,36.05,37.85,15.95
2024-06-20,Chennai,168,30.4,0.0,10.89
2024-06-21,Chennai,168,34.96,0.0,17.14
2024-06-22,Chennai,168,33.26,0.0,24.42
2024-06-23,Chennai,168,33.78,0.0,22.09
2024-06-24,Chennai,168,30.91,0.0,10.23
2024-06-25,Chennai,168,31.99,0.0,14.03
2024-06-26,Chennai,168,34.79,0.0,22.9
2024-06-27,Chennai,168,34.32,0.0,11.01
2024-06-28,Chennai,168,29.66,0.0,8.79
2024-06-29,Chennai,168,32.68,0.0,21.93
2024-06-30,Chennai,168,32.11,0.0,12.68
2024-07-01,Chennai,168,32.5,0.0,13.93
2024-07-02,Chennai,168,29.11,0.0,11.31
2024-07-03,Chennai,168,30.06,0.0,22.37
2024-07-04,Chennai,168,28.63,0.0,22.84
2024-07-05,Chennai,168,31.39,3.52,17.39
2024-07-06,Chennai,168,25.84,0.0,15.25
2024-07-07,Chennai,168,28.0,0.0,24.34
2024-07-08,Chennai,168,37.1,13.04,12.81
2024-07-09,Chennai,168,33.12,1.65,14.45
2024-07-10,Chennai,168,30.78,12.63,14.62
2024-07-11,Chennai,168,30.68,0.77,25.73
2024-07-12,Chennai,168,33.95,3.55,11.53
2024-07-13,Chennai,168,30.21,32.81,26.09
2024-07-14,Chennai,168,30.27,7.21,11.8
2024-07-15,Chennai,168,33.38,20.81,21.45
2024-07-16,Chennai,168,27.57,0.0,9.79
2024-07-17,Chennai,168,29.22,0.0,6.79
2024-07-18,Chennai,168,29.95,0.0,13.14
2024-07-19,Chennai,168,39.59,0.0,11.57
2024-07-20,Chennai,168,35.01,0.0,22.95
2024-07-21,Chennai,168,33.4,6.82,16.93
2024-07-22,Chennai,168,35.0,0.0,20.55
2024-07-23,Chennai,168,33.79,0.88,13.73
2024-07-24,Chennai,168,33.14,0.0,20.62
2024-07-25,Chennai,168,34.39,0.0,12.87
2024-07-26,Chennai,168,33.99,0.0,13.43
2024-07-27,Chennai,168,36.18,0.0,0.8
2024-07-28,Chennai,168,36.66,0.0,11.96
2024-07-29,Chennai,168,31.08,13.82,10.57
2024-07-30,Chennai,168,32.71,0.0,10.75
2024-07-31,Chennai,168,32.44,0.0,14.2
2024-08-01,Chennai,168,36.03,0.0,9.45
2024-08-02,Chennai,168,32.66,0.0,12.56
2024-08-03,Chennai,168,32.97,0.0,8.1
2024-08-04,Chennai,168,30.96,2.69,13.8
2024-08-05,Chennai,168,37.84,0.0,5.34
2024-08-06,Chennai,168,32.58,0.0,13.72
2024-08-07,Chennai,168,33.8,0.0,19.58
2024-08-08,Chennai,168,31.2,0.0,15.49
2024-08-09,Chennai,168,34.49,0.0,10.9
2024-08-10,Chennai,168,38.07,14.44,10.3
2024-08-11,Chennai,168,31.17,23.14,13.73
2024-08-12,Chennai,168,31.83,1.34,8.57
2024-08-13,Chennai,168,36.07,0.0,3.24
2024-08-14,Chennai,168,34.1,0.0,10.78
2024-08-15,Chennai,168,25.2,0.0,7.59
2024-08-16,Chennai,168,34.9,0.0,13.01
2024-08-17,Chennai,168,33.01,0.0,3.31
2024-08-18,Chennai,168,29.56,0.0,8.58
2024-08-19,Chennai,168,37.41,0.0,5.58
2024-08-20,Chennai,168,32.99,0.0,4.53
2024-08-21,Chennai,168,33.46,0.0,0.0
2024-08-22,Chennai,168,27.14,0.0,2.47
2024-08-23,Chennai,168,30.26,0.0,11.95
2024-08-24,Chennai,168,34.5,0.0,10.32
2024-08-25,Chennai,168,29.9,11.68,22.41
2024-08-26,Chennai,168,31.77,0.0,11.66
2024-08-27,Chennai,168,32.36,0.0,13.57
2024-08-28,Chennai,168,36.43,0.0,22.36
2024-08-29,Chennai,168,36.57,26.36,10.29
2024-08-30,Chennai,168,30.79,0.0,13.36
2024-08-31,Chennai,168,32.35,0.0,13.6
2024-09-01,Chennai,168,31.5,0.0,15.65
2024-09-02,Chennai,168,29.18,0.0,16.05
2024-09-03,Chennai,168,30.02,0.0,11.65
2024-09-04,Chennai,168,29.23,0.0,12.06
2024-09-05,Chennai,168,33.56,0.0,13.01
2024-09-06,Chennai,168,32.96,4.47,12.81
2024-09-07,Chennai,168,27.24,0.0,13.61
2024-09-08,Chennai,168,32.75,0.34,17.94
2024-09-09,Chennai,168,34.96,0.0,12.71
2024-09-10,Chennai,168,31.34,0.0,17.58
2024-09-11,Chennai,168,34.15,0.0,14.02
2024-09-12,Chennai,168,32.21,2.83,8.34
2024-09-13,Chennai,168,27.47,0.0,12.74
2024-09-14,Chennai,168,27.18,0.05,6.15
2024-09-15,Chennai,168,26.46,6.91,10.57
2024-09-16,Chennai,168,34.56,0.0,10.97
2024-09-17,Chennai,168,27.92,0.0,8.02
2024-09-18,Chennai,168,30.2,4.19,21.06
2024-09-19,Chennai,168,30.24,3.31,10.32
2024-09-20,Chennai,168,27.6,0.0,16.38
2024-09-21,Chennai,168,31.76,0.0,13.27
2024-09-22,Chennai,168,33.29,0.0,14.58
2024-09-23,Chennai,168,29.02,0.0,16.22
2024-09-24,Chennai,168,29.75,0.0,10.85
2024-09-25,Chennai,168,33.16,0.0,11.6
2024-09-26,Chennai,168,30.29,0.0,12.92
2024-09-27,Chennai,168,33.63,0.0,14.29
2024-09-28,Chennai,168,34.26,0.0,10.69
2024-09-29,Chennai,168,30.49,0.0,16.17
2024-09-30,Chennai,168,30.76,0.0,8.35
2024-10-01,Chennai,168,26.06,0.0,0.76
2024-10-02,Chennai,168,31.33,0.0,9.83
2024-10-03,Chennai,168,31.87,0.0,5.67
2024-10-04,Chennai,168,27.94,2.52,12.5
2024-10-05,Chennai,168,23.84,1.04,6.3
2024-10-06,Chennai,168,22.87,8.01,17.08
2024-10-07,Chennai,168,30.08,0.85,9.97
2024-10-08,Chennai,168,26.74,45.84,20.73
2024-10-09,Chennai,168,24.5,35.56,20.65
2024-10-10,Chennai,168,31.52,18.95,7.5
2024-10-11,Chennai,168,29.55,0.61,11.28
2024-10-12,Chennai,168,29.22,6.46,18.51
2024-10-13,Chennai,168,27.51,23.47,8.75
2024-10-14,Chennai,168,29.4,8.62,14.38
2024-10-15,Chennai,168,34.04,58.52,13.96
2024-10-16,Chennai,168,28.45,16.14,17.26
2024-10-17,Chennai,168,32.15,6.57,13.76
2024-10-18,Chennai,168,31.42,0.11,9.37
2024-10-19,Chennai,168,31.22,2.32,9.29
2024-10-20,Chennai,168,29.32,1.75,8.81
2024-10-21,Chennai,168,32.08,0.0,9.26
2024-10-22,Chennai,168,30.11,0.0,11.05
2024-10-23,Chennai,168,27.36,0.0,22.63
2024-10-24,Chennai,168,30.22,0.0,22.84
2024-10-25,Chennai,168,25.87,2.32,19.93
2024-10-26,Chennai,168,23.53,2.3,15.32
2024-10-27,Chennai,168,22.76,0.17,15.1
2024-10-28,Chennai,168,27.21,0.0,12.58
2024-10-29,Chennai,168,24.1,39.81,18.85
2024-10-30,Chennai,168,26.54,8.91,16.17
2024-10-31,Chennai,168,22.3,19.31,7.77
2024-11-01,Chennai,168,24.78,0.0,15.17
2024-11-02,Chennai,168,27.55,0.0,18.09
2024-11-03,Chennai,168,25.22,1.21,12.51
2024-11-04,Chennai,168,27.73,4.36,11.33
2024-11-05,Chennai,168,25.22,7.34,23.02
2024-11-06,Chennai,168,27.55,0.0,13.08
2024-11-07,Chennai,168,29.69,22.32,17.55
2024-11-08,Chennai,168,26.75,2.98,12.45
2024-11-09,Chennai,168,25.64,42.55,20.23
2024-11-10,Chennai,168,24.21,23.66,18.16
2024-11-11,Chennai,168,26.74,4.43,20.44
2024-11-12,Chennai,168,25.44,21.49,12.56
2024-11-13,Chennai,168,26.9,4.78,14.21
2024-11-14,Chennai,168,29.81,26.16,11.01
2024-11-15,Chennai,168,20.95,56.86,10.86
2024-11-16,Chennai,168,29.04,17.75,14.85
2024-11-17,Chennai,168,29.46,4.23,20.86
2024-11-18,Chennai,168,27.59,6.91,15.81
2024-11-19,Chennai,168,28.42,13.08,10.93
2024-11-20,Chennai,168,29.59,0.17,13.92
2024-11-21,Chennai,168,29.37,0.0,18.68
2024-11-22,Chennai,168,29.66,3.16,19.26
2024-11-23,Chennai,168,33.79,0.38,11.23
2024-11-24,Chennai,168,27.27,4.06,11.87
2024-11-25,Chennai,168,27.27,9.46,16.3
2024-11-26,Chennai,168,27.27,8.88,7.83
2024-11-27,Chennai,168,24.31,7.62,9.67
2024-11-28,Chennai,168,32.3,23.23,16.52
2024-11-29,Chennai,168,26.43,59.89,20.27
2024-11-30,Chennai,168,24.39,31.67,18.37
2024-12-01,Chennai,168,25.06,21.34,13.2
2024-12-02,Chennai,168,24.83,1.69,6.46
2024-12-03,Chennai,168,22.96,4.4,7.91
2024-12-04,Chennai,168,31.5,0.0,0.96
2024-12-05,Chennai,168,28.07,0.0,3.59
2024-12-06,Chennai,168,27.89,3.13,4.13
2024-12-07,Chennai,168,27.02,4.37,14.68
2024-12-08,Chennai,168,25.92,5.07,13.45
2024-12-09,Chennai,168,27.89,0.0,12.68
2024-12-10,Chennai,168,25.31,0.0,11.27
2024-12-11,Chennai,168,25.47,9.75,12.57
2024-12-12,Chennai,168,23.43,3.24,12.52
2024-12-13,Chennai,168,27.38,0.57,15.4
2024-12-14,Chennai,168,24.9,3.22,11.35
2024-12-15,Chennai,168,25.85,6.16,15.9
2024-12-16,Chennai,168,26.77,13.41,13.38
2024-12-17,Chennai,168,25.32,2.23,11.54
2024-12-18,Chennai,168,26.35,12.96,13.7
2024-12-19,Chennai,168,22.21,8.27,7.71
2024-12-20,Chennai,168,22.59,0.0,13.06
2024-12-21,Chennai,168,20.56,0.08,4.07
2024-12-22,Chennai,168,22.52,5.52,3.66
2024-12-23,Chennai,168,22.77,4.21,15.1
2024-12-24,Chennai,168,26.42,17.12,9.04
2024-12-25,Chennai,168,19.33,0.0,6.17
2024-12-26,Chennai,168,19.16,0.0,10.85
2024-12-27,Chennai,168,18.39,0.0,14.07
2024-12-28,Chennai,168,23.89,0.0,17.1
2024-12-29,Chennai,168,28.23,0.0,9.86
2024-12-30,Chennai,168,26.48,0.0,16.4
2024-12-31,Chennai,168,24.33,0.0,13.21
2025-01-01,Chennai,168,26.57,0.0,9.73
2025-01-02,Chennai,168,26.35,0.0,13.0
2025-01-03,Chennai,168,27.32,0.0,6.41
2025-01-04,Chennai,168,30.28,0.61,3.66
2025-01-05,Chennai,168,30.0,0.0,7.29
2025-01-06,Chennai,168,27.45,0.0,13.78
2025-01-07,Chennai,168,23.61,0.0,10.63
2025-01-08,Chennai,168,27.16,0.0,6.7
2025-01-09,Chennai,168,26.13,0.0,9.91
2025-01-10,Chennai,168,26.73,0.0,6.6
2025-01-11,Chennai,168,26.88,0.0,13.95
2025-01-12,Chennai,168,27.47,0.0,7.2
2025-01-13,Chennai,168,25.54,1.46,15.22
2025-01-14,Chennai,168,23.99,0.83,4.77
2025-01-15,Chennai,168,22.27,0.0,12.53
2025-01-16,Chennai,168,21.35,0.0,12.3
2025-01-17,Chennai,168,24.91,11.12,16.1
2025-01-18,Chennai,168,28.97,0.0,10.87
2025-01-19,Chennai,168,24.61,0.0,11.0
2025-01-20,Chennai,168,31.16,0.0,7.7
2025-01-21,Chennai,168,27.02,0.0,12.99
2025-01-22,Chennai,168,25.62,0.0,6.71
2025-01-23,Chennai,168,28.35,0.0,15.12
2025-01-24,Chennai,168,19.5,0.0,9.01
2025-01-25,Chennai,168,23.71,0.0,9.26
2025-01-26,Chennai,168,23.48,0.0,11.95
2025-01-27,Chennai,168,23.23,0.0,15.07
2025-01-28,Chennai,168,25.47,0.0,7.53
2025-01-29,Chennai,168,25.8,0.69,15.99
2025-01-30,Chennai,168,26.1,0.0,9.59
2025-01-31,Chennai,168,23.83,0.0,11.48
2025-02-01,Chennai,168,29.5,0.0,5.99
2025-02-02,Chennai,168,27.93,0.0,11.01
2025-02-03,Chennai,168,24.34,0.0,0.0
2025-02-04,Chennai,168,29.02,0.0,6.44
2025-02-05,Chennai,168,21.59,0.0,11.89
2025-02-06,Chennai,168,27.68,0.0,6.3
2025-02-07,Chennai,168,26.4,0.0,7.42
2025-02-08,Chennai,168,23.13,0.0,14.93
2025-02-09,Chennai,168,26.66,0.0,13.82
2025-02-10,Chennai,168,28.22,0.0,0.0
2025-02-11,Chennai,168,25.49,0.0,7.72
2025-02-12,Chennai,168,27.4,0.0,16.84
2025-02-13,Chennai,168,24.44,4.06,17.21
2025-02-14,Chennai,168,27.39,0.0,17.22
2025-02-15,Chennai,168,27.11,0.0,15.84
2025-02-16,Chennai,168,23.39,0.0,1.6
2025-02-17,Chennai,168,27.57,0.0,7.83
2025-02-18,Chennai,168,27.57,0.0,0.0
2025-02-19,Chennai,168,27.9,0.0,4.89
2025-02-20,Chennai,168,27.01,0.0,3.62
2025-02-21,Chennai,168,30.23,0.0,13.24
2025-02-22,Chennai,168,28.7,11.18,10.07
2025-02-23,Chennai,168,31.75,0.0,8.02
2025-02-24,Chennai,168,29.55,0.0,6.45
2025-02-25,Chennai,168,25.28,0.0,13.17
2025-02-26,Chennai,168,28.91,0.0,0.0
2025-02-27,Chennai,168,30.51,12.66,16.64
2025-02-28,Chennai,168,29.86,0.0,0.27
2025-03-01,Chennai,168,29.36,0.0,14.81
2025-03-02,Chennai,168,25.16,0.0,10.95
2025-03-03,Chennai,168,28.02,0.0,0.0
2025-03-04,Chennai,168,28.3,0.0,1.67
2025-03-05,Chennai,168,30.79,0.0,10.81
2025-03-06,Chennai,168,27.49,0.0,20.34
2025-03-07,Chennai,168,29.39,0.0,9.83
2025-03-08,Chennai,168,29.77,0.0,16.16
2025-03-09,Chennai,168,23.85,0.0,8.89
2025-03-10,Chennai,168,24.24,0.0,4.85
2025-03-11,Chennai,168,24.95,0.0,11.29
2025-03-12,Chennai,168,27.51,0.0,11.03
2025-03-13,Chennai,168,32.59,0.0,7.24
2025-03-14,Chennai,168,23.73,0.0,12.32
2025-03-15,Chennai,168,27.67,0.0,14.62
2025-03-16,Chennai,168,29.89,0.0,2.33
2025-03-17,Chennai,168,29.2,0.0,4.4
2025-03-18,Chennai,168,26.4,0.0,0.0
2025-03-19,Chennai,168,27.98,0.0,11.78
2025-03-20,Chennai,168,28.33,0.0,12.51
2025-03-21,Chennai,168,26.69,0.0,16.24
2025-03-22,Chennai,168,29.17,0.0,13.86
2025-03-23,Chennai,168,30.82,0.0,2.57
2025-03-24,Chennai,168,28.38,0.0,6.31
2025-03-25,Chennai,168,28.46,0.0,12.03
2025-03-26,Chennai,168,28.85,0.0,0.14
2025-03-27,Chennai,168,25.94,0.0,8.36
2025-03-28,Chennai,168,26.9,0.0,5.37
2025-03-29,Chennai,168,25.73,0.0,1.23
2025-03-30,Chennai,168,28.03,0.0,5.13
2025-03-31,Chennai,168,27.91,0.0,15.13
2025-04-01,Chennai,168,33.49,6.21,3.94
2025-04-02,Chennai,168,33.78,0.0,5.78
2025-04-03,Chennai,168,34.27,0.0,13.87
2025-04-04,Chennai,168,32.37,0.0,6.0
2025-04-05,Chennai,168,26.67,0.0,16.0
2025-04-06,Chennai,168,29.79,0.0,12.58
2025-04-07,Chennai,168,31.38,0.0,14.44
2025-04-08,Chennai,168,29.29,0.0,6.07
2025-04-09,Chennai,168,30.62,0.0,7.2
2025-04-10,Chennai,168,32.55,0.0,13.27
2025-04-11,Chennai,168,30.53,0.0,0.0
2025-04-12,Chennai,168,33.13,0.0,5.88
2025-04-13,Chennai,168,34.51,0.0,16.53
2025-04-14,Chennai,168,32.74,0.0,5.29
2025-04-15,Chennai,168,30.28,0.0,10.25
2025-04-16,Chennai,168,32.73,0.0,9.76
2025-04-17,Chennai,168,31.3,0.0,8.73
2025-04-18,Chennai,168,30.21,0.0,14.32
2025-04-19,Chennai,168,32.32,0.0,16.88
2025-04-20,Chennai,168,35.49,0.0,15.01
2025-04-21,Chennai,168,33.76,0.0,8.9
2025-04-22,Chennai,168,29.75,0.0,12.14
2025-04-23,Chennai,168,29.11,0.0,11.2
2025-04-24,Chennai,168,34.66,0.0,10.39
2025-04-25,Chennai,168,39.62,0.0,9.93
2025-04-26,Chennai,168,34.6,0.0,11.25
2025-04-27,Chennai,168,32.26,0.0,8.22
2025-04-28,Chennai,168,31.84,1.8,15.5
2025-04-29,Chennai,168,35.37,0.0,14.88
2025-04-30,Chennai,168,26.81,0.0,8.13
2025-05-01,Chennai,168,32.39,0.0,18.92
2025-05-02,Chennai,168,32.35,0.0,16.89
2025-05-03,Chennai,168,33.74,0.0,14.83
2025-05-04,Chennai,168,34.97,0.0,20.84
2025-05-05,Chennai,168,33.06,0.0,10.44
2025-05-06,Chennai,168,36.07,0.0,15.43
2025-05-07,Chennai,168,34.02,0.0,9.27
2025-05-08,Chennai,168,30.18,0.0,15.34
2025-05-09,Chennai,168,37.35,0.0,12.03
2025-05-10,Chennai,168,38.38,0.0,10.85
2025-05-11,Chennai,168,31.35,0.0,18.52
2025-05-12,Chennai,168,38.09,0.0,14.74
2025-05-13,Chennai,168,32.62,0.0,13.54
2025-05-14,Chennai,168,32.28,0.0,11.3
2025-05-15,Chennai,168,37.09,0.0,12.03
2025-05-16,Chennai,168,37.42,0.0,13.1
2025-05-17,Chennai,168,39.69,0.0,21.37
2025-05-18,Chennai,168,38.71,0.0,14.32
2025-05-19,Chennai,168,37.37,0.0,7.35
2025-05-20,Chennai,168,37.26,0.0,8.87
2025-05-21,Chennai,168,34.67,0.0,10.83
2025-05-22,Chennai,168,38.43,0.0,7.89
2025-05-23,Chennai,168,38.4,0.0,14.59
2025-05-24,Chennai,168,35.9,0.0,23.57
2025-05-25,Chennai,168,38.83,0.0,12.89
2025-05-26,Chennai,168,39.2,0.0,17.22
2025-05-27,Chennai,168,36.43,0.0,17.13
2025-05-28,Chennai,168,40.78,0.0,13.75
2025-05-29,Chennai,168,35.11,0.0,20.48
2025-05-30,Chennai,168,38.64,0.0,10.27
2025-05-31,Chennai,168,39.19,0.0,11.25
2025-06-01,Chennai,168,38.28,5.02,10.66
2025-06-02,Chennai,168,35.39,92.92,21.82
2025-06-03,Chennai,168,33.66,0.0,13.96
2025-06-04,Chennai,168,35.15,0.0,19.02
2025-06-05,Chennai,168,34.01,0.0,23.15
2025-06-06,Chennai,168,34.88,0.0,10.52
2025-06-07,Chennai,168,33.74,0.0,17.72
2025-06-08,Chennai,168,35.86,0.0,15.51
2025-06-09,Chennai,168,30.59,0.0,12.92
2025-06-10,Chennai,168,35.08,0.0,10.39
2025-06-11,Chennai,168,32.96,0.0,16.1
2025-06-12,Chennai,168,36.82,0.0,18.99
2025-06-13,Chennai,168,35.73,2.55,22.0
2025-06-14,Chennai,168,32.63,0.0,12.62
2025-06-15,Chennai,168,32.23,0.0,16.46
2025-06-16,Chennai,168,34.17,0.0,19.69
2025-06-17,Chennai,168,34.33,0.0,15.51
2025-06-18,Chennai,168,37.43,0.0,21.71
2025-06-19,Chennai,168,34.37,1.86,11.09
2025-06-20,Chennai,168,36.15,4.81,17.06
2025-06-21,Chennai,168,37.33,0.0,18.43
2025-06-22,Chennai,168,33.19,1.83,18.52
2025-06-23,Chennai,168,32.78,0.0,12.69
2025-06-24,Chennai,168,35.54,0.0,22.9
2025-06-25,Chennai,168,36.74,0.0,16.07
2025-06-26,Chennai,168,34.21,0.0,5.1
2025-06-27,Chennai,168,35.92,0.0,21.22
2025-06-28,Chennai,168,30.23,0.0,8.65
2025-06-29,Chennai,168,35.49,0.0,20.82
2025-06-30,Chennai,168,33.82,0.0,12.43
2025-07-01,Chennai,168,32.78,0.0,11.35
2025-07-02,Chennai,168,31.47,0.0,21.16
2025-07-03,Chennai,168,36.55,2.91,24.63
2025-07-04,Chennai,168,28.38,3.26,21.99
2025-07-05,Chennai,168,29.8,0.98,18.56
2025-07-06,Chennai,168,33.28,30.09,19.88
2025-07-07,Chennai,168,36.42,24.77,30.02
2025-07-08,Chennai,168,34.25,0.0,14.13
2025-07-09,Chennai,168,33.29,0.0,9.12
2025-07-10,Chennai,168,34.15,0.0,13.84
2025-07-11,Chennai,168,29.59,0.0,25.52
2025-07-12,Chennai,168,34.28,0.0,15.63
2025-07-13,Chennai,168,28.61,14.83,18.98
2025-07-14,Chennai,168,33.3,0.82,17.24
2025-07-15,Chennai,168,25.44,0.0,12.18
2025-07-16,Chennai,168,31.82,35.38,21.61
2025-07-17,Chennai,168,30.23,0.0,11.2
2025-07-18,Chennai,168,28.49,0.0,16.27
2025-07-19,Chennai,168,33.99,0.0,8.42
2025-07-20,Chennai,168,31.17,0.9,19.39
2025-07-21,Chennai,168,29.23,15.14,15.16
2025-07-22,Chennai,168,28.7,0.0,21.82
2025-07-23,Chennai,168,31.8,2.57,0.71
2025-07-24,Chennai,168,34.88,19.71,14.85
2025-07-25,Chennai,168,34.04,3.77,21.0
2025-07-26,Chennai,168,34.34,14.0,13.07
2025-07-27,Chennai,168,34.37,5.06,16.31
2025-07-28,Chennai,168,29.98,24.17,13.62
2025-07-29,Chennai,168,29.27,0.0,11.87
2025-07-30,Chennai,168,28.17,0.0,14.77
2025-07-31,Chennai,168,32.91,0.0,12.63
2025-08-01,Chennai,168,27.22,18.26,12.02
2025-08-02,Chennai,168,28.44,87.9,18.58
2025-08-03,Chennai,168,28.96,0.0,11.69
2025-08-04,Chennai,168,32.44,0.0,10.73
2025-08-05,Chennai,168,26.49,0.0,9.82
2025-08-06,Chennai,168,30.38,0.0,14.66
2025-08-07,Chennai,168,25.78,34.38,20.0
2025-08-08,Chennai,168,27.56,12.72,35.11
2025-08-09,Chennai,168,29.44,0.0,11.83
2025-08-10,Chennai,168,29.08,3.47,12.97
2025-08-11,Chennai,168,29.43,26.0,7.43
2025-08-12,Chennai,168,30.37,0.0,13.74
2025-08-13,Chennai,168,34.48,0.0,8.1
2025-08-14,Chennai,168,28.21,0.0,18.42
2025-08-15,Chennai,168,29.02,0.0,9.39
2025-08-16,Chennai,168,24.0,0.0,21.18
2025-08-17,Chennai,168,25.0,0.0,20.17
2025-08-18,Chennai,168,30.15,35.57,18.63
2025-08-19,Chennai,168,30.94,0.0,5.9
2025-08-20,Chennai,168,31.54,0.0,7.85
2025-08-21,Chennai,168,25.78,18.82,18.53
2025-08-22,Chennai,168,29.31,0.0,10.13
2025-08-23,Chennai,168,31.78,0.0,12.03
2025-08-24,Chennai,168,29.61,0.0,9.08
2025-08-25,Chennai,168,35.11,0.0,6.04
2025-08-26,Chennai,168,25.01,0.0,14.67
2025-08-27,Chennai,168,28.2,0.0,13.35
2025-08-28,Chennai,168,35.63,0.0,12.86
2025-08-29,Chennai,168,30.64,0.0,14.34
2025-08-30,Chennai,168,31.04,0.0,18.13
2025-08-31,Chennai,168,35.38,0.0,24.04
2025-09-01,Chennai,168,36.43,0.0,7.06
2025-09-02,Chennai,168,32.1,7.72,14.57
2025-09-03,Chennai,168,24.84,0.0,11.25
2025-09-04,Chennai,168,28.86,0.0,8.9
2025-09-05,Chennai,168,26.81,0.0,3.51
2025-09-06,Chennai,168,27.8,0.3,2.47
2025-09-07,Chennai,168,25.89,2.29,14.53
2025-09-08,Chennai,168,25.41,0.0,12.07
2025-09-09,Chennai,168,28.8,23.76,12.92
2025-09-10,Chennai,168,29.9,7.24,17.67
2025-09-11,Chennai,168,34.94,0.0,17.04
2025-09-12,Chennai,168,31.16,0.0,14.31
2025-09-13,Chennai,168,32.08,36.69,20.16
2025-09-14,Chennai,168,29.77,0.0,4.3
2025-09-15,Chennai,168,36.29,0.0,21.57
2025-09-16,Chennai,168,30.79,8.88,0.0
2025-09-17,Chennai,168,27.32,26.68,8.69
2025-09-18,Chennai,168,27.76,3.07,6.46
2025-09-19,Chennai,168,31.06,4.52,8.61
2025-09-20,Chennai,168,31.27,28.17,10.98
2025-09-21,Chennai,168,33.05,5.79,14.28
2025-09-22,Chennai,168,29.19,11.14,17.49
2025-09-23,Chennai,168,28.95,0.0,6.01
2025-09-24,Chennai,168,30.27,0.0,10.54
2025-09-25,Chennai,168,35.55,0.0,15.23
2025-09-26,Chennai,168,28.2,0.0,2.36
2025-09-27,Chennai,168,27.94,0.0,12.6
2025-09-28,Chennai,168,25.73,4.93,15.9
2025-09-29,Chennai,168,26.53,0.0,15.24
2025-09-30,Chennai,168,26.86,0.0,20.77
2023-01-01,Bengaluru,24,20.41,0.0,6.28
2023-01-02,Bengaluru,24,22.35,0.0,5.12
2023-01-03,Bengaluru,24,18.64,0.0,4.34
2023-01-04,Bengaluru,24,17.9,0.0,5.12
2023-01-05,Bengaluru,24,18.03,0.0,5.0
2023-01-06,Bengaluru,24,19.41,0.0,6.68
2023-01-07,Bengaluru,24,19.92,0.0,5.47
2023-01-08,Bengaluru,24,22.01,0.0,6.72
2023-01-09,Bengaluru,24,19.34,0.0,8.35
2023-01-10,Bengaluru,24,19.34,0.0,9.71
2023-01-11,Bengaluru,24,19.7,0.0,10.09
2023-01-12,Bengaluru,24,21.27,0.0,11.37
2023-01-13,Bengaluru,24,19.03,2.02,10.82
2023-01-14,Bengaluru,24,17.88,0.0,9.55
2023-01-15,Bengaluru,24,20.4,0.0,13.17
2023-01-16,Bengaluru,24,19.91,0.0,11.08
2023-01-17,Bengaluru,24,22.22,0.0,6.68
2023-01-18,Bengaluru,24,24.05,0.33,7.66
2023-01-19,Bengaluru,24,23.27,0.0,2.29
2023-01-20,Bengaluru,24,21.59,0.0,6.74
2023-01-21,Bengaluru,24,20.07,0.0,4.91
2023-01-22,Bengaluru,24,21.26,0.0,5.82
2023-01-23,Bengaluru,24,21.4,0.0,4.82
2023-01-24,Bengaluru,24,19.49,0.0,6.41
2023-01-25,Bengaluru,24,19.03,0.0,9.57
2023-01-26,Bengaluru,24,19.1,0.0,6.57
2023-01-27,Bengaluru,24,20.65,0.0,4.46
2023-01-28,Bengaluru,24,21.81,0.0,7.18
2023-01-29,Bengaluru,24,20.58,0.0,6.34
2023-01-30,Bengaluru,24,19.63,0.0,8.08
2023-01-31,Bengaluru,24,19.55,0.0,5.9
2023-02-01,Bengaluru,24,25.1,0.0,8.99
2023-02-02,Bengaluru,24,26.44,0.0,9.21
2023-02-03,Bengaluru,24,24.44,0.0,5.5
2023-02-04,Bengaluru,24,24.98,0.0,4.55
2023-02-05,Bengaluru,24,22.34,0.0,8.22
2023-02-06,Bengaluru,24,22.63,0.0,4.4
2023-02-07,Bengaluru,24,20.06,0.0,9.96
2023-02-08,Bengaluru,24,22.98,0.0,5.17
2023-02-09,Bengaluru,24,24.38,0.0,6.85
2023-02-10,Bengaluru,24,23.01,0.0,7.35
2023-02-11,Bengaluru,24,23.57,0.0,9.98
2023-02-12,Bengaluru,24,22.59,0.0,9.13
2023-02-13,Bengaluru,24,22.27,0.0,10.89
2023-02-14,Bengaluru,24,22.6,0.0,10.0
2023-02-15,Bengaluru,24,22.98,0.0,8.05
2023-02-16,Bengaluru,24,24.64,0.0,13.59
2023-02-17,Bengaluru,24,24.28,0.0,12.29
2023-02-18,Bengaluru,24,24.66,0.0,8.18
2023-02-19,Bengaluru,24,23.68,0.0,8.62
2023-02-20,Bengaluru,24,24.43,0.0,11.09
2023-02-21,Bengaluru,24,22.49,0.0,7.14
2023-02-22,Bengaluru,24,23.04,0.0,6.88
2023-02-23,Bengaluru,24,22.49,0.0,4.84
2023-02-24,Bengaluru,24,22.53,0.0,3.36
2023-02-25,Bengaluru,24,22.9,0.0,8.14
2023-02-26,Bengaluru,24,23.51,0.0,9.05
2023-02-27,Bengaluru,24,22.38,0.0,8.26
2023-02-28,Bengaluru,24,21.93,0.0,5.64
2023-03-01,Bengaluru,24,25.3,0.0,8.3
2023-03-02,Bengaluru,24,25.85,0.0,5.93
2023-03-03,Bengaluru,24,26.8,0.0,10.62
2023-03-04,Bengaluru,24,28.55,0.0,11.54
2023-03-05,Bengaluru,24,27.53,0.0,10.73
2023-03-06,Bengaluru,24,25.46,0.0,7.46
2023-03-07,Bengaluru,24,26.04,0.0,7.33
2023-03-08,Bengaluru,24,27.69,0.0,6.41
2023-03-09,Bengaluru,24,29.52,0.0,6.24
2023-03-10,Bengaluru,24,28.15,0.0,7.87
2023-03-11,Bengaluru,24,26.99,0.0,5.48
2023-03-12,Bengaluru,24,26.24,0.0,5.91
2023-03-13,Bengaluru,24,26.97,0.0,7.35
2023-03-14,Bengaluru,24,27.86,0.0,9.1
2023-03-15,Bengaluru,24,29.07,0.0,10.52
2023-03-16,Bengaluru,24,27.77,0.0,10.05
2023-03-17,Bengaluru,24,27.17,0.0,10.09
2023-03-18,Bengaluru,24,25.96,0.0,14.61
2023-03-19,Bengaluru,24,28.73,0.0,14.45
2023-03-20,Bengaluru,24,28.02,0.0,11.12
2023-03-21,Bengaluru,24,25.56,0.0,10.23
2023-03-22,Bengaluru,24,30.05,0.0,11.37
2023-03-23,Bengaluru,24,28.42,0.0,12.42
2023-03-24,Bengaluru,24,25.88,0.0,10.03
2023-03-25,Bengaluru,24,23.74,0.0,11.58
2023-03-26,Bengaluru,24,23.86,0.0,11.58
2023-03-27,Bengaluru,24,21.59,0.0,6.83
2023-03-28,Bengaluru,24,23.67,0.0,10.11
2023-03-29,Bengaluru,24,25.05,0.0,9.77
2023-03-30,Bengaluru,24,25.31,0.0,8.55
2023-03-31,Bengaluru,24,26.06,0.0,8.88
2023-04-01,Bengaluru,24,24.82,0.0,15.02
2023-04-02,Bengaluru,24,27.99,0.0,11.17
2023-04-03,Bengaluru,24,25.82,0.0,10.82
2023-04-04,Bengaluru,24,27.68,0.0,10.6
2023-04-05,Bengaluru,24,27.1,0.0,11.01
2023-04-06,Bengaluru,24,27.99,0.0,11.46
2023-04-07,Bengaluru,24,27.03,0.0,10.67
2023-04-08,Bengaluru,24,29.07,0.0,9.47
2023-04-09,Bengaluru,24,27.31,0.0,12.25
2023-04-10,Bengaluru,24,26.03,0.0,13.11
2023-04-11,Bengaluru,24,27.76,0.0,8.2
2023-04-12,Bengaluru,24,26.02,0.0,6.31
2023-04-13,Bengaluru,24,27.83,0.0,5.58
2023-04-14,Bengaluru,24,26.43,0.0,8.66
2023-04-15,Bengaluru,24,25.8,7.44,10.0
2023-04-16,Bengaluru,24,26.15,13.28,11.85
2023-04-17,Bengaluru,24,26.89,4.11,14.61
2023-04-18,Bengaluru,24,26.34,0.0,11.81
2023-04-19,Bengaluru,24,26.33,0.0,7.52
2023-04-20,Bengaluru,24,26.63,0.0,7.72
2023-04-21,Bengaluru,24,25.96,0.0,9.78
2023-04-22,Bengaluru,24,26.42,0.0,9.7
2023-04-23,Bengaluru,24,26.75,0.0,6.39
2023-04-24,Bengaluru,24,24.95,0.0,10.67
2023-04-25,Bengaluru,24,23.3,0.0,7.47
2023-04-26,Bengaluru,24,27.13,0.0,9.31
2023-04-27,Bengaluru,24,27.19,0.0,10.96
2023-04-28,Bengaluru,24,28.69,0.0,4.7
2023-04-29,Bengaluru,24,29.84,0.0,10.24
2023-04-30,Bengaluru,24,28.36,0.0,10.66
2023-05-01,Bengaluru,24,27.26,3.1,8.79
2023-05-02,Bengaluru,24,24.82,23.1,15.44
2023-05-03,Bengaluru,24,26.56,9.18,12.75
2023-05-04,Bengaluru,24,29.38,6.79,17.63
2023-05-05,Bengaluru,24,25.81,0.0,12.29
2023-05-06,Bengaluru,24,26.72,0.0,14.77
2023-05-07,Bengaluru,24,29.79,18.53,19.65
2023-05-08,Bengaluru,24,29.74,2.98,8.62
2023-05-09,Bengaluru,24,29.62,4.16,15.37
2023-05-10,Bengaluru,24,27.85,0.0,13.11
2023-05-11,Bengaluru,24,28.23,0.0,10.36
2023-05-12,Bengaluru,24,28.53,0.0,15.48
2023-05-13,Bengaluru,24,26.88,0.0,13.75
2023-05-14,Bengaluru,24,26.88,0.0,8.56
2023-05-15,Bengaluru,24,29.24,0.0,13.31
2023-05-16,Bengaluru,24,30.59,28.11,15.24
2023-05-17,Bengaluru,24,32.26,1.53,12.38
2023-05-18,Bengaluru,24,32.71,6.98,10.17
2023-05-19,Bengaluru,24,31.04,13.65,11.23
2023-05-20,Bengaluru,24,30.23,5.13,13.6
2023-05-21,Bengaluru,24,28.87,1.25,9.72
2023-05-22,Bengaluru,24,27.02,4.18,8.5
2023-05-23,Bengaluru,24,26.84,0.0,10.5
2023-05-24,Bengaluru,24,27.6,6.63,9.92
2023-05-25,Bengaluru,24,26.52,0.0,10.2
2023-05-26,Bengaluru,24,27.87,19.06,14.0
2023-05-27,Bengaluru,24,28.02,5.27,13.34
2023-05-28,Bengaluru,24,29.48,5.47,8.69
2023-05-29,Bengaluru,24,28.86,0.0,8.74
2023-05-30,Bengaluru,24,29.63,0.0,2.95
2023-05-31,Bengaluru,24,31.6,0.0,3.02
2023-06-01,Bengaluru,24,26.48,16.06,11.7
2023-06-02,Bengaluru,24,27.13,0.0,11.82
2023-06-03,Bengaluru,24,25.53,0.0,13.27
2023-06-04,Bengaluru,24,24.45,136.22,22.51
2023-06-05,Bengaluru,24,24.59,31.42,16.3
2023-06-06,Bengaluru,24,23.43,0.0,13.33
2023-06-07,Bengaluru,24,27.67,0.0,9.68
2023-06-08,Bengaluru,24,24.82,0.0,14.83
2023-06-09,Bengaluru,24,23.48,0.0,10.03
2023-06-10,Bengaluru,24,22.48,0.0,7.47
2023-06-11,Bengaluru,24,24.39,0.0,9.35
2023-06-12,Bengaluru,24,25.95,4.97,15.22
2023-06-13,Bengaluru,24,25.22,0.0,11.34
2023-06-14,Bengaluru,24,27.04,0.0,10.91
2023-06-15,Bengaluru,24,27.49,0.0,13.29
2023-06-16,Bengaluru,24,30.13,0.0,11.97
2023-06-17,Bengaluru,24,27.08,0.0,12.53
2023-06-18,Bengaluru,24,26.4,0.0,10.28
2023-06-19,Bengaluru,24,25.12,0.0,15.77
2023-06-20,Bengaluru,24,24.16,0.0,11.43
2023-06-21,Bengaluru,24,26.39,0.0,11.48
2023-06-22,Bengaluru,24,26.24,0.0,9.88
2023-06-23,Bengaluru,24,24.76,0.0,6.87
2023-06-24,Bengaluru,24,25.9,0.0,10.44
2023-06-25,Bengaluru,24,25.4,0.0,13.76
2023-06-26,Bengaluru,24,26.96,0.0,10.69
2023-06-27,Bengaluru,24,27.55,0.0,14.7
2023-06-28,Bengaluru,24,25.48,0.0,12.91
2023-06-29,Bengaluru,24,24.95,0.0,8.52
2023-06-30,Bengaluru,24,26.22,0.0,9.34
2023-07-01,Bengaluru,24,25.94,2.06,11.14
2023-07-02,Bengaluru,24,25.51,2.38,16.36
2023-07-03,Bengaluru,24,26.67,0.0,10.61
2023-07-04,Bengaluru,24,26.74,0.0,11.11
2023-07-05,Bengaluru,24,23.94,0.0,10.86
2023-07-06,Bengaluru,24,22.42,0.0,12.19
2023-07-07,Bengaluru,24,24.7,0.0,13.8
2023-07-08,Bengaluru,24,21.81,0.0,16.18
2023-07-09,Bengaluru,24,23.61,0.0,16.4
2023-07-10,Bengaluru,24,26.81,0.0,15.8
2023-07-11,Bengaluru,24,24.89,0.0,13.95
2023-07-12,Bengaluru,24,23.92,0.0,13.47
2023-07-13,Bengaluru,24,23.9,3.05,13.04
2023-07-14,Bengaluru,24,23.6,48.26,23.59
2023-07-15,Bengaluru,24,24.04,0.56,12.61
2023-07-16,Bengaluru,24,25.09,1.76,10.26
2023-07-17,Bengaluru,24,26.29,2.54,12.82
2023-07-18,Bengaluru,24,24.61,0.0,11.91
2023-07-19,Bengaluru,24,25.28,0.0,11.44
2023-07-20,Bengaluru,24,24.08,0.0,13.76
2023-07-21,Bengaluru,24,23.3,0.0,10.06
2023-07-22,Bengaluru,24,23.27,0.0,13.5
2023-07-23,Bengaluru,24,24.52,0.0,13.31
2023-07-24,Bengaluru,24,24.39,4.1,13.76
2023-07-25,Bengaluru,24,22.79,0.0,11.32
2023-07-26,Bengaluru,24,22.53,0.0,11.54
2023-07-27,Bengaluru,24,24.63,0.0,9.96
2023-07-28,Bengaluru,24,23.62,0.0,12.58
2023-07-29,Bengaluru,24,22.41,0.27,12.96
2023-07-30,Bengaluru,24,24.24,0.0,12.02
2023-07-31,Bengaluru,24,25.45,0.0,12.83
2023-08-01,Bengaluru,24,24.27,2.51,9.18
2023-08-02,Bengaluru,24,26.18,7.53,14.29
2023-08-03,Bengaluru,24,26.0,0.0,9.32
2023-08-04,Bengaluru,24,26.84,3.76,10.69
2023-08-05,Bengaluru,24,25.1,0.0,8.62
2023-08-06,Bengaluru,24,22.7,0.0,12.98
2023-08-07,Bengaluru,24,22.76,2.41,9.55
2023-08-08,Bengaluru,24,24.12,3.27,13.7
2023-08-09,Bengaluru,24,22.67,3.52,7.86
2023-08-10,Bengaluru,24,24.1,4.68,8.31
2023-08-11,Bengaluru,24,21.96,15.77,18.88
2023-08-12,Bengaluru,24,24.77,5.38,9.79
2023-08-13,Bengaluru,24,20.82,0.0,9.4
2023-08-14,Bengaluru,24,24.88,0.0,8.99
2023-08-15,Bengaluru,24,26.78,2.2,15.65
2023-08-16,Bengaluru,24,27.06,0.0,9.9
2023-08-17,Bengaluru,24,28.92,0.0,14.19
2023-08-18,Bengaluru,24,25.82,0.0,11.51
2023-08-19,Bengaluru,24,23.6,0.0,13.35
2023-08-20,Bengaluru,24,24.73,0.0,15.3
2023-08-21,Bengaluru,24,23.67,0.0,8.76
2023-08-22,Bengaluru,24,25.5,0.0,13.72
2023-08-23,Bengaluru,24,25.4,0.0,5.91
2023-08-24,Bengaluru,24,22.15,0.0,13.66
2023-08-25,Bengaluru,24,25.03,0.0,11.93
2023-08-26,Bengaluru,24,24.24,0.0,11.93
2023-08-27,Bengaluru,24,24.83,0.0,8.07
2023-08-28,Bengaluru,24,23.83,0.0,6.82
2023-08-29,Bengaluru,24,23.88,2.65,12.81
2023-08-30,Bengaluru,24,23.35,0.0,15.55
2023-08-31,Bengaluru,24,21.77,3.47,11.04
2023-09-01,Bengaluru,24,21.08,0.32,12.58
2023-09-02,Bengaluru,24,20.9,9.72,11.37
2023-09-03,Bengaluru,24,20.87,0.0,11.03
2023-09-04,Bengaluru,24,23.48,3.69,7.89
2023-09-05,Bengaluru,24,22.81,4.89,4.85
2023-09-06,Bengaluru,24,21.5,2.5,7.59
2023-09-07,Bengaluru,24,20.45,48.47,13.39
2023-09-08,Bengaluru,24,19.4,2.48,7.47
2023-09-09,Bengaluru,24,21.49,6.26,10.16
2023-09-10,Bengaluru,24,19.05,4.31,11.43
2023-09-11,Bengaluru,24,19.36,5.68,7.87
2023-09-12,Bengaluru,24,18.33,4.48,8.82
2023-09-13,Bengaluru,24,21.15,0.0,7.07
2023-09-14,Bengaluru,24,21.48,0.0,8.43
2023-09-15,Bengaluru,24,21.58,0.0,10.33
2023-09-16,Bengaluru,24,23.14,7.96,13.12
2023-09-17,Bengaluru,24,23.67,6.25,14.97
2023-09-18,Bengaluru,24,22.89,9.14,14.19
2023-09-19,Bengaluru,24,19.19,2.83,8.94
2023-09-20,Bengaluru,24,20.15,4.52,15.35
2023-09-21,Bengaluru,24,22.61,9.48,14.99
2023-09-22,Bengaluru,24,21.99,3.01,9.25
2023-09-23,Bengaluru,24,21.11,56.5,12.52
2023-09-24,Bengaluru,24,22.99,0.49,7.61
2023-09-25,Bengaluru,24,24.33,1.83,5.77
2023-09-26,Bengaluru,24,24.6,73.32,14.1
2023-09-27,Bengaluru,24,25.88,7.26,5.9
2023-09-28,Bengaluru,24,25.21,20.32,13.45
2023-09-29,Bengaluru,24,24.1,9.88,8.81
2023-09-30,Bengaluru,24,25.74,36.41,14.62
2023-10-01,Bengaluru,24,26.05,0.0,7.13
2023-10-02,Bengaluru,24,26.44,0.0,6.1
2023-10-03,Bengaluru,24,23.51,4.93,13.69
2023-10-04,Bengaluru,24,25.09,3.18,11.47
2023-10-05,Bengaluru,24,24.07,2.9,8.43
2023-10-06,Bengaluru,24,21.82,0.0,5.92
2023-10-07,Bengaluru,24,22.95,0.0,7.47
2023-10-08,Bengaluru,24,21.36,0.0,9.71
2023-10-09,Bengaluru,24,21.36,0.0,12.46
2023-10-10,Bengaluru,24,19.96,19.49,17.79
2023-10-11,Bengaluru,24,23.64,3.77,13.48
2023-10-12,Bengaluru,24,21.81,0.0,6.74
2023-10-13,Bengaluru,24,21.79,19.37,11.14
2023-10-14,Bengaluru,24,22.6,10.23,4.49
2023-10-15,Bengaluru,24,23.69,21.23,7.34
2023-10-16,Bengaluru,24,23.62,0.0,9.49
2023-10-17,Bengaluru,24,23.04,0.0,4.84
2023-10-18,Bengaluru,24,21.73,0.0,6.53
2023-10-19,Bengaluru,24,23.02,0.91,8.64
2023-10-20,Bengaluru,24,23.31,5.14,11.26
2023-10-21,Bengaluru,24,25.37,32.49,11.65
2023-10-22,Bengaluru,24,22.58,6.48,5.94
2023-10-23,Bengaluru,24,24.22,26.95,8.43
2023-10-24,Bengaluru,24,21.55,0.0,4.66
2023-10-25,Bengaluru,24,22.15,0.0,0.18
2023-10-26,Bengaluru,24,23.77,14.83,10.06
2023-10-27,Bengaluru,24,23.65,4.34,8.49
2023-10-28,Bengaluru,24,23.44,0.0,3.3
2023-10-29,Bengaluru,24,23.31,0.0,0.0
2023-10-30,Bengaluru,24,23.25,0.0,7.0
2023-10-31,Bengaluru,24,22.63,0.0,9.9
2023-11-01,Bengaluru,24,22.49,0.0,5.18
2023-11-02,Bengaluru,24,22.46,0.0,8.92
2023-11-03,Bengaluru,24,20.78,0.0,4.2
2023-11-04,Bengaluru,24,23.4,9.13,9.24
2023-11-05,Bengaluru,24,22.31,0.0,3.84
2023-11-06,Bengaluru,24,24.45,0.0,5.99
2023-11-07,Bengaluru,24,20.92,0.0,6.0
2023-11-08,Bengaluru,24,20.0,7.58,9.36
2023-11-09,Bengaluru,24,21.21,7.33,1.85
2023-11-10,Bengaluru,24,18.13,21.66,9.32
2023-11-11,Bengaluru,24,18.74,0.0,0.71
2023-11-12,Bengaluru,24,19.92,0.0,7.22
2023-11-13,Bengaluru,24,16.98,0.0,5.59
2023-11-14,Bengaluru,24,18.45,0.0,0.0
2023-11-15,Bengaluru,24,16.64,0.0,2.92
2023-11-16,Bengaluru,24,18.2,0.0,4.56
2023-11-17,Bengaluru,24,16.84,0.0,7.01
2023-11-18,Bengaluru,24,18.84,0.0,7.98
2023-11-19,Bengaluru,24,21.61,0.0,3.82
2023-11-20,Bengaluru,24,22.5,0.0,6.57
2023-11-21,Bengaluru,24,21.78,0.0,7.96
2023-11-22,Bengaluru,24,23.93,0.0,7.64
2023-11-23,Bengaluru,24,23.32,0.0,8.69
2023-11-24,Bengaluru,24,21.8,0.0,5.7
2023-11-25,Bengaluru,24,21.95,0.0,6.65
2023-11-26,Bengaluru,24,22.27,0.0,7.13
2023-11-27,Bengaluru,24,24.8,0.0,7.2
2023-11-28,Bengaluru,24,22.72,0.0,6.99
2023-11-29,Bengaluru,24,22.89,0.0,3.82
2023-11-30,Bengaluru,24,23.25,0.0,5.86
2023-12-01,Bengaluru,24,21.24,0.0,4.9
2023-12-02,Bengaluru,24,22.28,0.0,7.04
2023-12-03,Bengaluru,24,22.23,0.0,5.31
2023-12-04,Bengaluru,24,20.82,0.0,6.43
2023-12-05,Bengaluru,24,20.6,0.0,1.17
2023-12-06,Bengaluru,24,22.58,0.0,3.28
2023-12-07,Bengaluru,24,19.13,0.0,4.51
2023-12-08,Bengaluru,24,15.91,0.0,5.56
2023-12-09,Bengaluru,24,19.97,0.0,7.79
2023-12-10,Bengaluru,24,20.63,0.0,4.55
2023-12-11,Bengaluru,24,20.55,0.0,1.39
2023-12-12,Bengaluru,24,20.08,0.0,6.89
2023-12-13,Bengaluru,24,21.11,0.0,8.11
2023-12-14,Bengaluru,24,21.31,0.0,7.12
2023-12-15,Bengaluru,24,19.48,0.0,7.77
2023-12-16,Bengaluru,24,21.79,0.0,7.35
2023-12-17,Bengaluru,24,21.42,0.0,6.33
2023-12-18,Bengaluru,24,21.25,0.0,10.71
2023-12-19,Bengaluru,24,20.78,0.0,8.4
2023-12-20,Bengaluru,24,18.52,0.0,11.32
2023-12-21,Bengaluru,24,19.29,0.0,9.91
2023-12-22,Bengaluru,24,22.37,0.0,5.67
2023-12-23,Bengaluru,24,18.12,0.0,7.27
2023-12-24,Bengaluru,24,20.38,0.0,4.7
2023-12-25,Bengaluru,24,23.79,0.0,9.36
2023-12-26,Bengaluru,24,20.75,0.0,5.61
2023-12-27,Bengaluru,24,19.35,0.0,5.87
2023-12-28,Bengaluru,24,18.8,0.0,2.47
2023-12-29,Bengaluru,24,16.5,0.0,1.33
2023-12-30,Bengaluru,24,17.69,0.0,6.09
2023-12-31,Bengaluru,24,16.73,0.0,4.62
2024-01-01,Bengaluru,24,18.8,0.0,1.8
2024-01-02,Bengaluru,24,19.62,0.0,2.94
2024-01-03,Bengaluru,24,22.5,0.14,1.33
2024-01-04,Bengaluru,24,19.38,0.0,7.12
2024-01-05,Bengaluru,24,23.74,0.25,5.73
2024-01-06,Bengaluru,24,24.07,0.16,6.7
2024-01-07,Bengaluru,24,21.42,0.0,5.43
2024-01-08,Bengaluru,24,20.99,0.0,9.37
2024-01-09,Bengaluru,24,17.58,0.0,5.8
2024-01-10,Bengaluru,24,19.43,0.0,9.0
2024-01-11,Bengaluru,24,17.95,0.0,4.23
2024-01-12,Bengaluru,24,19.08,0.0,7.37
2024-01-13,Bengaluru,24,20.72,0.0,5.41
2024-01-14,Bengaluru,24,21.34,0.0,6.25
2024-01-15,Bengaluru,24,24.11,0.0,8.66
2024-01-16,Bengaluru,24,20.54,0.0,8.4
2024-01-17,Bengaluru,24,21.59,0.0,8.01
2024-01-18,Bengaluru,24,22.44,0.0,7.44
2024-01-19,Bengaluru,24,22.29,0.0,5.49
2024-01-20,Bengaluru,24,20.11,0.0,5.5
2024-01-21,Bengaluru,24,21.74,0.0,8.02
2024-01-22,Bengaluru,24,18.67,0.0,5.51
2024-01-23,Bengaluru,24,21.55,0.0,6.74
2024-01-24,Bengaluru,24,23.36,0.0,5.88
2024-01-25,Bengaluru,24,22.81,0.0,5.49
2024-01-26,Bengaluru,24,20.59,0.0,7.41
2024-01-27,Bengaluru,24,22.13,0.0,7.47
2024-01-28,Bengaluru,24,22.19,0.0,8.44
2024-01-29,Bengaluru,24,21.76,0.0,6.08
2024-01-30,Bengaluru,24,25.45,0.0,8.6
2024-01-31,Bengaluru,24,23.01,0.0,3.48
2024-02-01,Bengaluru,24,27.22,0.0,7.5
2024-02-02,Bengaluru,24,25.08,0.0,5.22
2024-02-03,Bengaluru,24,24.49,0.0,7.35
2024-02-04,Bengaluru,24,27.29,0.0,4.25
2024-02-05,Bengaluru,24,25.99,0.0,8.49
2024-02-06,Bengaluru,24,25.89,0.0,10.15
2024-02-07,Bengaluru,24,23.07,0.0,5.04
2024-02-08,Bengaluru,24,23.29,0.0,10.31
2024-02-09,Bengaluru,24,21.06,0.0,8.95
2024-02-10,Bengaluru,24,23.62,0.0,6.94
2024-02-11,Bengaluru,24,21.5,0.0,8.58
2024-02-12,Bengaluru,24,21.5,0.0,6.94
2024-02-13,Bengaluru,24,20.21,0.0,7.94
2024-02-14,Bengaluru,24,18.04,0.0,9.82
2024-02-15,Bengaluru,24,18.65,0.0,8.0
2024-02-16,Bengaluru,24,17.25,0.0,8.14
2024-02-17,Bengaluru,24,20.01,0.0,5.98
2024-02-18,Bengaluru,24,20.86,0.0,3.74
2024-02-19,Bengaluru,24,21.85,0.0,3.65
2024-02-20,Bengaluru,24,20.24,0.0,9.59
2024-02-21,Bengaluru,24,21.1,0.0,4.96
2024-02-22,Bengaluru,24,21.01,0.0,6.02
2024-02-23,Bengaluru,24,22.53,0.0,4.84
2024-02-24,Bengaluru,24,22.3,0.0,8.17
2024-02-25,Bengaluru,24,21.73,0.0,6.45
2024-02-26,Bengaluru,24,23.43,0.0,5.12
2024-02-27,Bengaluru,24,25.72,0.0,6.98
2024-02-28,Bengaluru,24,24.46,0.0,8.43
2024-02-29,Bengaluru,24,23.13,0.0,6.53
2024-03-01,Bengaluru,24,26.49,0.0,12.73
2024-03-02,Bengaluru,24,25.2,0.0,7.2
2024-03-03,Bengaluru,24,25.15,0.0,10.19
2024-03-04,Bengaluru,24,22.37,0.0,11.72
2024-03-05,Bengaluru,24,25.28,0.0,11.03
2024-03-06,Bengaluru,24,23.71,0.0,10.5
2024-03-07,Bengaluru,24,24.71,0.0,11.42
2024-03-08,Bengaluru,24,29.15,0.0,10.03
2024-03-09,Bengaluru,24,28.87,0.0,9.7
2024-03-10,Bengaluru,24,28.16,0.0,11.02
2024-03-11,Bengaluru,24,30.36,0.0,8.36
2024-03-12,Bengaluru,24,28.37,0.0,9.61
2024-03-13,Bengaluru,24,27.57,0.0,3.29
2024-03-14,Bengaluru,24,28.27,0.0,10.01
2024-03-15,Bengaluru,24,28.13,0.0,8.99
2024-03-16,Bengaluru,24,29.75,1.82,11.87
2024-03-17,Bengaluru,24,29.83,0.0,9.38
2024-03-18,Bengaluru,24,29.35,0.0,6.12
2024-03-19,Bengaluru,24,29.21,0.0,6.13
2024-03-20,Bengaluru,24,27.78,0.0,6.21
2024-03-21,Bengaluru,24,26.66,0.0,4.46
2024-03-22,Bengaluru,24,26.03,0.0,8.87
2024-03-23,Bengaluru,24,27.59,0.0,8.61
2024-03-24,Bengaluru,24,25.42,0.0,6.98
2024-03-25,Bengaluru,24,22.95,0.0,9.96
2024-03-26,Bengaluru,24,27.13,0.0,8.43
2024-03-27,Bengaluru,24,28.66,1.9,8.2
2024-03-28,Bengaluru,24,25.59,0.0,11.19
2024-03-29,Bengaluru,24,26.63,0.0,12.96
2024-03-30,Bengaluru,24,29.62,0.0,9.93
2024-03-31,Bengaluru,24,26.34,0.0,7.85
2024-04-01,Bengaluru,24,24.88,0.0,10.75
2024-04-02,Bengaluru,24,28.66,0.0,12.13
2024-04-03,Bengaluru,24,29.78,4.33,14.36
2024-04-04,Bengaluru,24,29.4,6.77,13.86
2024-04-05,Bengaluru,24,27.5,0.0,10.64
2024-04-06,Bengaluru,24,27.58,0.0,12.12
2024-04-07,Bengaluru,24,26.58,0.0,15.05
2024-04-08,Bengaluru,24,26.62,0.0,11.82
2024-04-09,Bengaluru,24,28.81,0.0,13.39
2024-04-10,Bengaluru,24,29.52,0.0,9.05
2024-04-11,Bengaluru,24,29.91,0.0,11.57
2024-04-12,Bengaluru,24,30.1,10.37,7.73
2024-04-13,Bengaluru,24,28.7,0.0,7.87
2024-04-14,Bengaluru,24,28.16,0.0,9.98
2024-04-15,Bengaluru,24,26.28,0.0,9.81
2024-04-16,Bengaluru,24,25.38,0.0,8.77
2024-04-17,Bengaluru,24,25.74,0.0,12.18
2024-04-18,Bengaluru,24,28.21,0.0,7.17
2024-04-19,Bengaluru,24,26.61,0.0,10.57
2024-04-20,Bengaluru,24,26.49,0.0,10.27
2024-04-21,Bengaluru,24,28.5,0.0,11.53
2024-04-22,Bengaluru,24,27.28,0.0,11.71
2024-04-23,Bengaluru,24,30.0,0.0,14.84
2024-04-24,Bengaluru,24,29.0,0.0,13.79
2024-04-25,Bengaluru,24,29.5,0.0,10.31
2024-04-26,Bengaluru,24,29.42,0.0,6.07
2024-04-27,Bengaluru,24,31.32,0.0,12.21
2024-04-28,Bengaluru,24,28.92,0.0,12.11
2024-04-29,Bengaluru,24,28.74,0.0,6.04
2024-04-30,Bengaluru,24,28.69,0.0,11.4
2024-05-01,Bengaluru,24,26.31,0.0,13.22
2024-05-02,Bengaluru,24,24.04,0.0,13.14
2024-05-03,Bengaluru,24,25.05,0.0,9.34
2024-05-04,Bengaluru,24,25.88,0.0,7.87
2024-05-05,Bengaluru,24,24.1,1.82,8.79
2024-05-06,Bengaluru,24,24.12,6.56,12.97
2024-05-07,Bengaluru,24,26.2,4.9,9.6
2024-05-08,Bengaluru,24,26.66,6.11,7.87
2024-05-09,Bengaluru,24,27.11,4.22,12.32
2024-05-10,Bengaluru,24,26.53,4.12,11.53
2024-05-11,Bengaluru,24,26.07,0.0,4.88
2024-05-12,Bengaluru,24,28.75,0.0,13.07
2024-05-13,Bengaluru,24,30.49,0.0,11.37
2024-05-14,Bengaluru,24,28.53,0.0,11.2
2024-05-15,Bengaluru,24,28.35,0.0,12.11
2024-05-16,Bengaluru,24,27.19,0.0,9.28
2024-05-17,Bengaluru,24,24.85,11.62,15.94
2024-05-18,Bengaluru,24,25.31,1.49,15.84
2024-05-19,Bengaluru,24,25.32,3.75,15.41
2024-05-20,Bengaluru,24,28.27,0.0,12.74
2024-05-21,Bengaluru,24,25.78,0.0,14.99
2024-05-22,Bengaluru,24,25.4,0.0,9.89
2024-05-23,Bengaluru,24,24.91,0.0,7.6
2024-05-24,Bengaluru,24,25.54,0.0,10.79
2024-05-25,Bengaluru,24,24.13,0.0,13.5
2024-05-26,Bengaluru,24,24.8,0.0,12.04
2024-05-27,Bengaluru,24,25.85,0.0,10.9
2024-05-28,Bengaluru,24,25.18,0.21,9.9
2024-05-29,Bengaluru,24,25.21,0.0,10.4
2024-05-30,Bengaluru,24,24.06,0.0,8.26
2024-05-31,Bengaluru,24,24.78,0.0,13.57
2024-06-01,Bengaluru,24,22.95,0.0,14.21
2024-06-02,Bengaluru,24,20.33,0.0,14.67
2024-06-03,Bengaluru,24,19.8,0.0,15.97
2024-06-04,Bengaluru,24,23.89,0.0,14.18
2024-06-05,Bengaluru,24,27.69,0.0,12.15
2024-06-06,Bengaluru,24,24.88,0.0,11.85
2024-06-07,Bengaluru,24,24.88,21.43,10.74
2024-06-08,Bengaluru,24,26.4,0.0,11.22
2024-06-09,Bengaluru,24,24.53,0.0,9.91
2024-06-10,Bengaluru,24,23.87,0.0,16.02
2024-06-11,Bengaluru,24,21.93,0.0,13.11
2024-06-12,Bengaluru,24,22.73,20.79,18.96
2024-06-13,Bengaluru,24,22.8,0.0,11.19
2024-06-14,Bengaluru,24,23.83,0.0,12.92
2024-06-15,Bengaluru,24,27.11,0.0,11.99
2024-06-16,Bengaluru,24,25.01,0.0,14.95
2024-06-17,Bengaluru,24,26.64,0.0,13.54
2024-06-18,Bengaluru,24,23.89,0.0,13.14
2024-06-19,Bengaluru,24,24.01,0.0,12.48
2024-06-20,Bengaluru,24,24.32,0.0,14.39
2024-06-21,Bengaluru,24,23.92,0.0,11.06
2024-06-22,Bengaluru,24,25.77,0.0,13.63
2024-06-23,Bengaluru,24,24.54,0.0,9.31
2024-06-24,Bengaluru,24,23.62,1.78,17.68
2024-06-25,Bengaluru,24,25.18,0.0,14.59
2024-06-26,Bengaluru,24,24.57,0.0,12.37
2024-06-27,Bengaluru,24,24.49,0.0,8.75
2024-06-28,Bengaluru,24,24.23,0.0,13.64
2024-06-29,Bengaluru,24,21.97,0.0,11.36
2024-06-30,Bengaluru,24,23.45,56.71,13.96
2024-07-01,Bengaluru,24,23.69,41.63,16.0
2024-07-02,Bengaluru,24,21.81,0.0,10.26
2024-07-03,Bengaluru,24,21.83,0.0,9.27
2024-07-04,Bengaluru,24,23.47,0.0,9.13
2024-07-05,Bengaluru,24,23.11,0.0,10.03
2024-07-06,Bengaluru,24,24.39,0.0,11.7
2024-07-07,Bengaluru,24,21.93,0.0,10.72
2024-07-08,Bengaluru,24,23.11,9.15,11.29
2024-07-09,Bengaluru,24,22.63,0.0,11.21
2024-07-10,Bengaluru,24,20.16,0.0,9.95
2024-07-11,Bengaluru,24,19.28,0.0,10.06
2024-07-12,Bengaluru,24,20.72,0.0,12.28
2024-07-13,Bengaluru,24,20.51,0.0,12.72
2024-07-14,Bengaluru,24,21.56,0.0,14.66
2024-07-15,Bengaluru,24,24.4,0.0,8.63
2024-07-16,Bengaluru,24,24.6,0.0,11.28
2024-07-17,Bengaluru,24,22.02,0.0,11.48
2024-07-18,Bengaluru,24,20.18,0.9,12.36
2024-07-19,Bengaluru,24,21.25,1.99,12.83
2024-07-20,Bengaluru,24,21.37,0.0,15.15
2024-07-21,Bengaluru,24,21.77,0.0,10.7
2024-07-22,Bengaluru,24,22.56,0.0,12.76
2024-07-23,Bengaluru,24,21.93,0.0,11.1
2024-07-24,Bengaluru,24,20.55,18.21,13.4
2024-07-25,Bengaluru,24,22.0,0.0,12.64
2024-07-26,Bengaluru,24,22.97,0.0,10.3
2024-07-27,Bengaluru,24,21.7,0.0,12.7
2024-07-28,Bengaluru,24,19.8,0.0,15.0
2024-07-29,Bengaluru,24,19.05,0.0,15.36
2024-07-30,Bengaluru,24,21.05,8.4,13.25
2024-07-31,Bengaluru,24,23.18,11.08,13.28
2024-08-01,Bengaluru,24,24.3,0.0,7.82
2024-08-02,Bengaluru,24,22.06,0.0,13.64
2024-08-03,Bengaluru,24,19.38,0.0,12.5
2024-08-04,Bengaluru,24,21.31,0.17,9.3
2024-08-05,Bengaluru,24,20.37,4.41,11.39
2024-08-06,Bengaluru,24,22.86,2.81,11.25
2024-08-07,Bengaluru,24,22.99,8.4,6.3
2024-08-08,Bengaluru,24,24.41,0.93,8.68
2024-08-09,Bengaluru,24,26.13,3.47,13.36
2024-08-10,Bengaluru,24,24.55,19.12,15.55
2024-08-11,Bengaluru,24,23.4,2.13,12.57
2024-08-12,Bengaluru,24,25.76,0.0,11.82
2024-08-13,Bengaluru,24,24.46,0.0,14.16
2024-08-14,Bengaluru,24,23.59,1.22,10.86
2024-08-15,Bengaluru,24,22.76,0.0,11.33
2024-08-16,Bengaluru,24,21.36,0.0,13.72
2024-08-17,Bengaluru,24,22.18,0.14,8.81
2024-08-18,Bengaluru,24,22.55,1.55,10.05
2024-08-19,Bengaluru,24,23.51,3.35,8.96
2024-08-20,Bengaluru,24,22.64,8.22,8.65
2024-08-21,Bengaluru,24,24.74,12.79,13.32
2024-08-22,Bengaluru,24,24.06,12.15,14.81
2024-08-23,Bengaluru,24,25.01,0.0,12.66
2024-08-24,Bengaluru,24,22.9,0.0,13.39
2024-08-25,Bengaluru,24,23.29,0.0,10.21
2024-08-26,Bengaluru,24,23.21,0.0,12.93
2024-08-27,Bengaluru,24,21.07,0.8,13.46
2024-08-28,Bengaluru,24,20.43,0.0,15.0
2024-08-29,Bengaluru,24,19.2,0.0,12.46
2024-08-30,Bengaluru,24,23.56,0.0,11.29
2024-08-31,Bengaluru,24,20.2,0.0,14.64
2024-09-01,Bengaluru,24,20.19,0.0,7.49
2024-09-02,Bengaluru,24,21.49,0.0,9.0
2024-09-03,Bengaluru,24,21.19,7.28,8.89
2024-09-04,Bengaluru,24,22.7,2.75,10.7
2024-09-05,Bengaluru,24,22.7,2.75,9.88
2024-09-06,Bengaluru,24,24.09,0.92,9.59
2024-09-07,Bengaluru,24,23.48,5.01,10.62
2024-09-08,Bengaluru,24,23.73,0.6,12.42
2024-09-09,Bengaluru,24,21.41,35.4,9.55
2024-09-10,Bengaluru,24,21.66,10.41,14.28
2024-09-11,Bengaluru,24,23.22,9.29,10.39
2024-09-12,Bengaluru,24,22.89,50.65,13.01
2024-09-13,Bengaluru,24,23.84,0.0,11.39
2024-09-14,Bengaluru,24,21.36,6.25,6.84
2024-09-15,Bengaluru,24,25.61,20.97,10.38
2024-09-16,Bengaluru,24,21.75,1.38,6.56
2024-09-17,Bengaluru,24,24.2,0.0,9.59
2024-09-18,Bengaluru,24,23.09,25.69,13.22
2024-09-19,Bengaluru,24,24.29,27.01,10.27
2024-09-20,Bengaluru,24,26.7,0.0,9.54
2024-09-21,Bengaluru,24,24.6,2.73,10.52
2024-09-22,Bengaluru,24,24.55,23.52,14.97
2024-09-23,Bengaluru,24,25.67,0.0,8.72
2024-09-24,Bengaluru,24,25.14,13.59,12.91
2024-09-25,Bengaluru,24,24.5,3.81,10.27
2024-09-26,Bengaluru,24,23.71,2.36,12.28
2024-09-27,Bengaluru,24,26.11,4.47,10.4
2024-09-28,Bengaluru,24,27.02,2.79,13.6
2024-09-29,Bengaluru,24,26.68,15.96,15.71
2024-09-30,Bengaluru,24,26.7,1.95,10.7
2024-10-01,Bengaluru,24,24.42,7.98,8.59
2024-10-02,Bengaluru,24,25.85,3.51,13.93
2024-10-03,Bengaluru,24,27.76,22.91,14.23
2024-10-04,Bengaluru,24,25.13,7.63,10.16
2024-10-05,Bengaluru,24,23.87,7.62,10.16
2024-10-06,Bengaluru,24,22.71,2.09,5.94
2024-10-07,Bengaluru,24,22.48,5.18,8.61
2024-10-08,Bengaluru,24,23.54,8.65,6.35
2024-10-09,Bengaluru,24,21.86,8.4,9.22
2024-10-10,Bengaluru,24,20.86,0.0,3.11
2024-10-11,Bengaluru,24,21.6,0.0,3.49
2024-10-12,Bengaluru,24,22.18,0.0,3.54
2024-10-13,Bengaluru,24,24.48,0.0,4.33
2024-10-14,Bengaluru,24,23.36,0.0,5.26
2024-10-15,Bengaluru,24,23.86,0.0,8.95
2024-10-16,Bengaluru,24,24.56,0.0,11.11
2024-10-17,Bengaluru,24,27.91,0.0,11.57
2024-10-18,Bengaluru,24,23.46,0.0,8.45
2024-10-19,Bengaluru,24,26.45,0.0,7.01
2024-10-20,Bengaluru,24,21.42,0.44,9.59
2024-10-21,Bengaluru,24,24.43,6.13,8.36
2024-10-22,Bengaluru,24,23.79,29.76,10.46
2024-10-23,Bengaluru,24,22.81,2.91,10.19
2024-10-24,Bengaluru,24,22.24,9.54,11.16
2024-10-25,Bengaluru,24,24.29,16.19,9.01
2024-10-26,Bengaluru,24,23.2,0.0,4.74
2024-10-27,Bengaluru,24,22.52,0.0,7.95
2024-10-28,Bengaluru,24,19.16,0.0,9.61
2024-10-29,Bengaluru,24,21.66,0.0,7.95
2024-10-30,Bengaluru,24,22.46,0.0,8.27
2024-10-31,Bengaluru,24,20.43,0.0,8.76
2024-11-01,Bengaluru,24,18.95,0.0,5.26
2024-11-02,Bengaluru,24,19.45,6.99,4.65
2024-11-03,Bengaluru,24,20.22,0.0,5.41
2024-11-04,Bengaluru,24,20.64,0.0,7.63
2024-11-05,Bengaluru,24,16.56,12.17,10.31
2024-11-06,Bengaluru,24,17.52,5.33,6.42
2024-11-07,Bengaluru,24,18.99,24.54,14.13
2024-11-08,Bengaluru,24,21.39,0.0,5.08
2024-11-09,Bengaluru,24,18.13,0.0,8.1
2024-11-10,Bengaluru,24,17.26,0.0,3.57
2024-11-11,Bengaluru,24,18.26,0.0,9.55
2024-11-12,Bengaluru,24,19.63,0.0,8.98
2024-11-13,Bengaluru,24,20.86,9.65,8.92
2024-11-14,Bengaluru,24,21.94,0.0,9.2
2024-11-15,Bengaluru,24,22.94,0.0,4.17
2024-11-16,Bengaluru,24,22.98,10.17,7.87
2024-11-17,Bengaluru,24,22.62,0.0,6.2
2024-11-18,Bengaluru,24,21.97,0.0,5.36
2024-11-19,Bengaluru,24,21.48,0.0,3.27
2024-11-20,Bengaluru,24,22.68,0.0,8.26
2024-11-21,Bengaluru,24,20.99,0.0,7.71
2024-11-22,Bengaluru,24,20.13,5.57,6.91
2024-11-23,Bengaluru,24,20.58,6.85,8.94
2024-11-24,Bengaluru,24,20.68,3.63,5.08
2024-11-25,Bengaluru,24,20.6,0.0,6.58
2024-11-26,Bengaluru,24,19.91,0.0,6.19
2024-11-27,Bengaluru,24,19.13,0.0,7.27
2024-11-28,Bengaluru,24,18.85,0.0,7.37
2024-11-29,Bengaluru,24,20.39,0.0,1.35
2024-11-30,Bengaluru,24,22.4,3.22,6.74
2024-12-01,Bengaluru,24,20.09,0.0,5.9
2024-12-02,Bengaluru,24,21.04,0.0,7.0
2024-12-03,Bengaluru,24,20.59,0.0,7.1
2024-12-04,Bengaluru,24,18.47,0.0,3.51
2024-12-05,Bengaluru,24,19.55,0.0,11.38
2024-12-06,Bengaluru,24,21.62,0.0,8.18
2024-12-07,Bengaluru,24,21.93,0.0,6.2
2024-12-08,Bengaluru,24,21.24,0.0,6.35
2024-12-09,Bengaluru,24,20.81,0.0,10.82
2024-12-10,Bengaluru,24,20.35,0.0,6.99
2024-12-11,Bengaluru,24,20.33,0.0,9.32
2024-12-12,Bengaluru,24,20.21,0.0,9.03
2024-12-13,Bengaluru,24,22.91,0.0,4.72
2024-12-14,Bengaluru,24,22.34,0.0,7.54
2024-12-15,Bengaluru,24,22.22,0.0,8.82
2024-12-16,Bengaluru,24,21.81,0.0,8.66
2024-12-17,Bengaluru,24,21.16,0.0,9.7
2024-12-18,Bengaluru,24,21.0,0.0,12.64
2024-12-19,Bengaluru,24,21.31,0.0,10.66
2024-12-20,Bengaluru,24,21.11,0.0,7.73
2024-12-21,Bengaluru,24,21.09,0.0,7.4
2024-12-22,Bengaluru,24,20.05,0.0,4.88
2024-12-23,Bengaluru,24,18.61,0.0,9.66
2024-12-24,Bengaluru,24,19.22,0.0,7.87
2024-12-25,Bengaluru,24,19.21,0.0,4.15
2024-12-26,Bengaluru,24,20.44,0.0,4.44
2024-12-27,Bengaluru,24,19.75,133.46,20.81
2024-12-28,Bengaluru,24,21.05,0.0,2.21
2024-12-29,Bengaluru,24,21.68,0.0,3.76
2024-12-30,Bengaluru,24,21.09,0.0,4.37
2024-12-31,Bengaluru,24,20.56,0.0,1.42
2025-01-01,Bengaluru,24,21.82,0.0,4.76
2025-01-02,Bengaluru,24,23.82,0.0,5.55
2025-01-03,Bengaluru,24,23.33,0.0,1.75
2025-01-04,Bengaluru,24,21.49,0.0,5.63
2025-01-05,Bengaluru,24,20.2,0.0,7.83
2025-01-06,Bengaluru,24,21.76,0.0,3.63
2025-01-07,Bengaluru,24,20.19,0.0,10.05
2025-01-08,Bengaluru,24,21.98,0.0,7.85
2025-01-09,Bengaluru,24,19.62,0.0,11.19
2025-01-10,Bengaluru,24,19.37,0.0,9.32
2025-01-11,Bengaluru,24,20.69,0.0,4.41
2025-01-12,Bengaluru,24,18.86,0.0,6.55
2025-01-13,Bengaluru,24,21.47,0.0,4.35
2025-01-14,Bengaluru,24,21.78,0.0,8.47
2025-01-15,Bengaluru,24,19.65,0.0,2.86
2025-01-16,Bengaluru,24,21.9,0.0,2.13
2025-01-17,Bengaluru,24,20.78,0.0,5.35
2025-01-18,Bengaluru,24,22.97,0.0,7.46
2025-01-19,Bengaluru,24,21.1,0.0,5.01
2025-01-20,Bengaluru,24,20.61,0.0,7.65
2025-01-21,Bengaluru,24,19.79,0.0,4.82
2025-01-22,Bengaluru,24,16.98,0.0,3.41
2025-01-23,Bengaluru,24,16.29,0.0,3.89
2025-01-24,Bengaluru,24,18.95,0.0,0.46
2025-01-25,Bengaluru,24,20.47,0.0,6.71
2025-01-26,Bengaluru,24,19.16,0.0,5.91
2025-01-27,Bengaluru,24,20.08,0.0,2.18
2025-01-28,Bengaluru,24,20.54,0.0,0.73
2025-01-29,Bengaluru,24,18.84,0.0,6.4
2025-01-30,Bengaluru,24,19.71,0.0,5.79
2025-01-31,Bengaluru,24,17.51,0.0,3.51
2025-02-01,Bengaluru,24,21.32,0.0,1.8
2025-02-02,Bengaluru,24,21.97,0.0,7.58
2025-02-03,Bengaluru,24,19.85,0.0,4.72
2025-02-04,Bengaluru,24,22.49,0.0,6.45
2025-02-05,Bengaluru,24,20.9,0.0,7.62
2025-02-06,Bengaluru,24,22.79,0.0,9.88
2025-02-07,Bengaluru,24,21.52,0.0,6.7
2025-02-08,Bengaluru,24,24.13,0.0,7.03
2025-02-09,Bengaluru,24,23.52,0.0,9.09
2025-02-10,Bengaluru,24,24.13,0.0,12.68
2025-02-11,Bengaluru,24,24.95,0.0,5.2
2025-02-12,Bengaluru,24,26.24,0.0,5.85
2025-02-13,Bengaluru,24,24.85,0.0,8.21
2025-02-14,Bengaluru,24,27.02,0.0,9.73
2025-02-15,Bengaluru,24,24.72,0.0,6.06
2025-02-16,Bengaluru,24,25.49,0.0,5.39
2025-02-17,Bengaluru,24,25.24,0.0,7.41
2025-02-18,Bengaluru,24,22.04,0.0,7.1
2025-02-19,Bengaluru,24,22.73,0.0,7.49
2025-02-20,Bengaluru,24,21.53,0.0,8.62
2025-02-21,Bengaluru,24,21.31,0.0,6.53
2025-02-22,Bengaluru,24,19.8,0.0,10.85
2025-02-23,Bengaluru,24,19.02,0.0,11.79
2025-02-24,Bengaluru,24,19.91,0.0,8.41
2025-02-25,Bengaluru,24,19.86,0.0,2.8
2025-02-26,Bengaluru,24,20.97,0.0,6.09
2025-02-27,Bengaluru,24,22.51,0.0,6.21
2025-02-28,Bengaluru,24,23.11,0.0,5.97
2025-03-01,Bengaluru,24,26.67,0.0,7.61
2025-03-02,Bengaluru,24,24.48,0.0,9.53
2025-03-03,Bengaluru,24,22.69,0.0,5.03
2025-03-04,Bengaluru,24,27.17,0.0,7.29
2025-03-05,Bengaluru,24,28.19,0.0,7.57
2025-03-06,Bengaluru,24,23.81,0.0,3.48
2025-03-07,Bengaluru,24,27.29,0.0,10.11
2025-03-08,Bengaluru,24,27.73,0.0,4.25
2025-03-09,Bengaluru,24,29.42,0.0,7.94
2025-03-10,Bengaluru,24,26.16,0.0,9.05
2025-03-11,Bengaluru,24,25.92,0.0,7.89
2025-03-12,Bengaluru,24,25.28,0.0,4.22
2025-03-13,Bengaluru,24,21.22,0.0,3.3
2025-03-14,Bengaluru,24,23.14,0.0,7.46
2025-03-15,Bengaluru,24,25.58,0.0,7.89
2025-03-16,Bengaluru,24,20.93,0.0,6.39
2025-03-17,Bengaluru,24,21.33,0.0,6.65
2025-03-18,Bengaluru,24,21.97,0.0,12.49
2025-03-19,Bengaluru,24,27.0,0.0,11.69
2025-03-20,Bengaluru,24,26.74,0.0,11.45
2025-03-21,Bengaluru,24,25.7,0.0,9.26
2025-03-22,Bengaluru,24,26.08,0.0,7.81
2025-03-23,Bengaluru,24,25.7,0.0,5.85
2025-03-24,Bengaluru,24,23.8,0.0,4.67
2025-03-25,Bengaluru,24,25.51,0.0,10.74
2025-03-26,Bengaluru,24,26.39,0.0,8.21
2025-03-27,Bengaluru,24,25.68,0.0,11.59
2025-03-28,Bengaluru,24,26.35,0.0,7.2
2025-03-29,Bengaluru,24,26.98,0.0,7.47
2025-03-30,Bengaluru,24,25.58,0.0,4.26
2025-03-31,Bengaluru,24,26.82,0.0,7.46
2025-04-01,Bengaluru,24,26.08,0.0,8.68
2025-04-02,Bengaluru,24,26.37,0.0,8.82
2025-04-03,Bengaluru,24,27.48,0.0,9.98
2025-04-04,Bengaluru,24,27.07,0.0,11.03
2025-04-05,Bengaluru,24,27.1,0.0,15.09
2025-04-06,Bengaluru,24,27.24,0.0,10.23
2025-04-07,Bengaluru,24,30.13,0.0,9.72
2025-04-08,Bengaluru,24,29.37,0.0,14.64
2025-04-09,Bengaluru,24,26.62,0.0,10.61
2025-04-10,Bengaluru,24,26.27,0.0,10.73
2025-04-11,Bengaluru,24,25.89,0.0,12.6
2025-04-12,Bengaluru,24,28.46,0.0,11.38
2025-04-13,Bengaluru,24,28.46,0.0,7.67
2025-04-14,Bengaluru,24,27.72,12.43,10.49
2025-04-15,Bengaluru,24,30.48,9.21,13.98
2025-04-16,Bengaluru,24,28.76,0.0,11.99
2025-04-17,Bengaluru,24,28.12,0.0,11.07
2025-04-18,Bengaluru,24,27.64,4.34,16.48
2025-04-19,Bengaluru,24,27.0,17.3,16.58
2025-04-20,Bengaluru,24,25.91,8.43,15.42
2025-04-21,Bengaluru,24,24.99,0.0,11.8
2025-04-22,Bengaluru,24,25.71,0.0,8.65
2025-04-23,Bengaluru,24,26.18,0.0,11.84
2025-04-24,Bengaluru,24,27.46,15.34,11.12
2025-04-25,Bengaluru,24,27.4,2.06,7.85
2025-04-26,Bengaluru,24,26.78,0.0,8.34
2025-04-27,Bengaluru,24,31.07,0.0,5.19
2025-04-28,Bengaluru,24,30.63,1.99,5.27
2025-04-29,Bengaluru,24,28.05,19.42,7.11
2025-04-30,Bengaluru,24,29.34,9.17,10.72
2025-05-01,Bengaluru,24,28.4,2.23,12.64
2025-05-02,Bengaluru,24,27.96,0.0,10.39
2025-05-03,Bengaluru,24,27.83,0.0,8.47
2025-05-04,Bengaluru,24,30.68,0.0,12.12
2025-05-05,Bengaluru,24,28.15,0.0,12.88
2025-05-06,Bengaluru,24,27.35,18.71,14.87
2025-05-07,Bengaluru,24,26.98,0.3,10.34
2025-05-08,Bengaluru,24,29.16,9.41,10.83
2025-05-09,Bengaluru,24,27.15,0.0,12.91
2025-05-10,Bengaluru,24,25.66,0.0,8.81
2025-05-11,Bengaluru,24,24.95,0.0,6.36
2025-05-12,Bengaluru,24,26.37,0.0,13.5
2025-05-13,Bengaluru,24,27.31,0.0,11.78
2025-05-14,Bengaluru,24,24.41,0.0,8.27
2025-05-15,Bengaluru,24,24.89,5.27,16.57
2025-05-16,Bengaluru,24,25.63,0.79,13.46
2025-05-17,Bengaluru,24,25.91,7.44,8.5
2025-05-18,Bengaluru,24,25.6,2.35,5.73
2025-05-19,Bengaluru,24,28.15,0.0,12.11
2025-05-20,Bengaluru,24,28.41,13.9,12.15
2025-05-21,Bengaluru,24,26.7,0.0,14.15
2025-05-22,Bengaluru,24,27.41,0.0,14.28
2025-05-23,Bengaluru,24,27.73,0.0,14.98
2025-05-24,Bengaluru,24,25.63,17.55,15.13
2025-05-25,Bengaluru,24,24.24,0.0,9.94
2025-05-26,Bengaluru,24,23.64,0.0,9.62
2025-05-27,Bengaluru,24,26.11,0.0,11.31
2025-05-28,Bengaluru,24,25.87,10.37,9.29
2025-05-29,Bengaluru,24,26.3,2.1,11.36
2025-05-30,Bengaluru,24,28.74,0.0,7.12
2025-05-31,Bengaluru,24,29.35,0.0,11.42
2025-06-01,Bengaluru,24,25.98,0.0,12.84
2025-06-02,Bengaluru,24,25.4,0.0,12.38
2025-06-03,Bengaluru,24,27.36,0.0,12.7
2025-06-04,Bengaluru,24,23.9,0.0,14.61
2025-06-05,Bengaluru,24,25.07,0.0,9.37
2025-06-06,Bengaluru,24,25.98,0.0,11.25
2025-06-07,Bengaluru,24,26.27,0.0,13.36
2025-06-08,Bengaluru,24,27.62,0.0,12.54
2025-06-09,Bengaluru,24,26.42,0.0,11.43
2025-06-10,Bengaluru,24,25.49,0.0,12.99
2025-06-11,Bengaluru,24,26.45,0.0,10.38
2025-06-12,Bengaluru,24,26.56,0.0,14.22
2025-06-13,Bengaluru,24,24.53,0.0,13.01
2025-06-14,Bengaluru,24,23.67,0.0,6.65
2025-06-15,Bengaluru,24,23.91,0.0,13.45
2025-06-16,Bengaluru,24,20.74,0.0,14.54
2025-06-17,Bengaluru,24,22.7,0.0,16.82
2025-06-18,Bengaluru,24,21.52,0.0,12.44
2025-06-19,Bengaluru,24,21.83,0.0,12.38
2025-06-20,Bengaluru,24,23.56,0.0,8.2
2025-06-21,Bengaluru,24,22.45,3.79,8.16
2025-06-22,Bengaluru,24,23.66,0.0,11.84
2025-06-23,Bengaluru,24,22.93,0.0,7.47
2025-06-24,Bengaluru,24,23.55,0.0,12.85
2025-06-25,Bengaluru,24,21.23,0.0,14.07
2025-06-26,Bengaluru,24,21.4,0.0,13.73
2025-06-27,Bengaluru,24,22.36,0.0,14.26
2025-06-28,Bengaluru,24,23.98,0.0,14.68
2025-06-29,Bengaluru,24,23.69,0.0,13.79
2025-06-30,Bengaluru,24,26.65,2.18,13.76
2025-07-01,Bengaluru,24,24.09,11.17,14.19
2025-07-02,Bengaluru,24,24.74,0.0,12.54
2025-07-03,Bengaluru,24,24.85,0.0,13.57
2025-07-04,Bengaluru,24,23.34,0.0,14.98
2025-07-05,Bengaluru,24,20.55,0.0,13.17
2025-07-06,Bengaluru,24,21.8,0.0,13.84
2025-07-07,Bengaluru,24,23.19,0.0,13.43
2025-07-08,Bengaluru,24,19.53,3.9,13.83
2025-07-09,Bengaluru,24,21.42,52.94,19.89
2025-07-10,Bengaluru,24,21.92,0.0,14.42
2025-07-11,Bengaluru,24,20.99,4.19,10.42
2025-07-12,Bengaluru,24,20.38,1.35,13.11
2025-07-13,Bengaluru,24,21.46,8.5,19.08
2025-07-14,Bengaluru,24,21.97,0.0,16.48
2025-07-15,Bengaluru,24,19.69,0.0,14.83
2025-07-16,Bengaluru,24,20.93,0.0,10.77
2025-07-17,Bengaluru,24,23.38,15.97,16.46
2025-07-18,Bengaluru,24,21.23,2.39,13.61
2025-07-19,Bengaluru,24,23.57,0.0,13.24
2025-07-20,Bengaluru,24,23.8,0.0,14.21
2025-07-21,Bengaluru,24,23.0,0.0,10.09
2025-07-22,Bengaluru,24,23.85,4.91,13.35
2025-07-23,Bengaluru,24,23.92,7.09,14.98
2025-07-24,Bengaluru,24,25.06,9.36,13.96
2025-07-25,Bengaluru,24,23.44,0.0,8.34
2025-07-26,Bengaluru,24,24.95,0.0,11.03
2025-07-27,Bengaluru,24,22.41,0.0,9.33
2025-07-28,Bengaluru,24,21.54,5.68,12.28
2025-07-29,Bengaluru,24,23.63,0.0,12.94
2025-07-30,Bengaluru,24,22.85,0.0,15.34
2025-07-31,Bengaluru,24,23.71,0.65,12.71
2025-08-01,Bengaluru,24,24.75,24.59,19.68
2025-08-02,Bengaluru,24,23.35,0.0,7.42
2025-08-03,Bengaluru,24,25.41,0.0,6.57
2025-08-04,Bengaluru,24,23.97,0.0,8.21
2025-08-05,Bengaluru,24,23.56,0.0,7.88
2025-08-06,Bengaluru,24,22.81,0.0,14.93
2025-08-07,Bengaluru,24,22.92,0.0,9.47
2025-08-08,Bengaluru,24,24.56,0.0,9.11
2025-08-09,Bengaluru,24,22.44,0.0,5.58
2025-08-10,Bengaluru,24,23.58,0.0,10.04
2025-08-11,Bengaluru,24,21.7,0.0,13.06
2025-08-12,Bengaluru,24,23.24,0.0,16.14
2025-08-13,Bengaluru,24,21.76,0.0,15.58
2025-08-14,Bengaluru,24,20.94,2.11,17.26
2025-08-15,Bengaluru,24,21.56,23.76,18.23
2025-08-16,Bengaluru,24,22.75,3.67,14.22
2025-08-17,Bengaluru,24,23.77,1.68,13.31
2025-08-18,Bengaluru,24,24.05,2.76,13.19
2025-08-19,Bengaluru,24,23.31,5.95,13.14
2025-08-20,Bengaluru,24,24.33,0.0,11.08
2025-08-21,Bengaluru,24,23.93,0.0,14.67
2025-08-22,Bengaluru,24,24.44,0.0,12.05
2025-08-23,Bengaluru,24,21.71,0.0,11.72
2025-08-24,Bengaluru,24,21.44,0.0,9.96
2025-08-25,Bengaluru,24,19.31,0.0,11.09
2025-08-26,Bengaluru,24,20.2,0.0,9.01
2025-08-27,Bengaluru,24,21.18,7.47,12.4
2025-08-28,Bengaluru,24,23.09,0.0,13.79
2025-08-29,Bengaluru,24,22.21,0.0,11.45
2025-08-30,Bengaluru,24,21.98,0.0,9.58
2025-08-31,Bengaluru,24,22.35,0.0,10.96
2025-09-01,Bengaluru,24,22.06,0.0,10.41
2025-09-02,Bengaluru,24,25.08,0.0,11.42
2025-09-03,Bengaluru,24,24.81,0.0,10.19
2025-09-04,Bengaluru,24,23.86,0.0,10.2
2025-09-05,Bengaluru,24,24.35,0.0,10.31
2025-09-06,Bengaluru,24,24.1,0.0,13.89
2025-09-07,Bengaluru,24,23.96,0.0,10.72
2025-09-08,Bengaluru,24,21.34,0.0,10.28
2025-09-09,Bengaluru,24,24.3,0.0,14.36
2025-09-10,Bengaluru,24,25.02,0.0,9.72
2025-09-11,Bengaluru,24,25.55,0.0,14.32
2025-09-12,Bengaluru,24,25.27,0.0,11.97
2025-09-13,Bengaluru,24,23.74,0.0,12.59
2025-09-14,Bengaluru,24,21.64,0.0,11.95
2025-09-15,Bengaluru,24,20.07,0.0,9.51
2025-09-16,Bengaluru,24,22.56,0.0,10.17
2025-09-17,Bengaluru,24,21.31,0.0,9.11
2025-09-18,Bengaluru,24,21.97,0.0,6.95
2025-09-19,Bengaluru,24,22.49,11.88,8.55
2025-09-20,Bengaluru,24,22.27,9.94,15.61
2025-09-21,Bengaluru,24,22.53,0.0,7.82
2025-09-22,Bengaluru,24,22.31,0.0,7.26
2025-09-23,Bengaluru,24,21.93,0.0,8.98
2025-09-24,Bengaluru,24,20.35,0.0,9.13
2025-09-25,Bengaluru,24,19.89,0.0,7.2
2025-09-26,Bengaluru,24,20.09,0.0,8.57
2025-09-27,Bengaluru,24,21.86,0.0,11.14
2025-09-28,Bengaluru,24,20.82,1.22,11.47
2025-09-29,Bengaluru,24,20.6,5.29,11.6
2025-09-30,Bengaluru,24,22.17,8.39,12.67
2023-01-01,Bengaluru,72,21.57,0.0,7.4
2023-01-02,Bengaluru,72,20.81,0.0,7.13
2023-01-03,Bengaluru,72,21.55,0.0,5.07
2023-01-04,Bengaluru,72,17.93,0.0,6.69
2023-01-05,Bengaluru,72,18.06,0.0,3.78
2023-01-06,Bengaluru,72,19.22,0.0,4.56
2023-01-07,Bengaluru,72,21.08,0.0,3.58
2023-01-08,Bengaluru,72,19.91,0.0,5.92
2023-01-09,Bengaluru,72,16.25,0.0,7.25
2023-01-10,Bengaluru,72,18.41,0.0,11.41
2023-01-11,Bengaluru,72,18.35,0.0,8.31
2023-01-12,Bengaluru,72,18.48,0.0,10.29
2023-01-13,Bengaluru,72,20.63,3.3,8.11
2023-01-14,Bengaluru,72,18.22,0.0,7.86
2023-01-15,Bengaluru,72,19.39,0.0,9.12
2023-01-16,Bengaluru,72,17.97,0.0,9.73
2023-01-17,Bengaluru,72,24.4,0.0,8.47
2023-01-18,Bengaluru,72,23.96,0.24,10.19
2023-01-19,Bengaluru,72,21.49,0.0,1.8
2023-01-20,Bengaluru,72,21.21,0.0,4.13
2023-01-21,Bengaluru,72,21.62,0.0,6.43
2023-01-22,Bengaluru,72,22.23,0.0,10.09
2023-01-23,Bengaluru,72,21.7,0.0,0.0
2023-01-24,Bengaluru,72,19.54,0.0,6.01
2023-01-25,Bengaluru,72,18.84,0.0,9.36
2023-01-26,Bengaluru,72,20.23,0.0,4.96
2023-01-27,Bengaluru,72,19.73,0.0,4.3
2023-01-28,Bengaluru,72,21.41,0.0,9.09
2023-01-29,Bengaluru,72,22.07,0.0,7.57
2023-01-30,Bengaluru,72,21.52,0.0,12.23
2023-01-31,Bengaluru,72,17.77,0.0,8.19
2023-02-01,Bengaluru,72,24.82,0.0,3.77
2023-02-02,Bengaluru,72,24.15,0.0,7.54
2023-02-03,Bengaluru,72,23.83,0.0,6.52
2023-02-04,Bengaluru,72,23.66,0.0,9.62
2023-02-05,Bengaluru,72,26.55,0.0,4.1
2023-02-06,Bengaluru,72,21.29,0.0,5.97
2023-02-07,Bengaluru,72,22.38,0.0,5.21
2023-02-08,Bengaluru,72,23.7,0.0,12.29
2023-02-09,Bengaluru,72,24.87,0.0,6.94
2023-02-10,Bengaluru,72,23.39,0.0,6.86
2023-02-11,Bengaluru,72,21.65,0.0,7.07
2023-02-12,Bengaluru,72,21.46,0.0,10.48
2023-02-13,Bengaluru,72,23.5,0.0,9.98
2023-02-14,Bengaluru,72,23.08,0.0,12.3
2023-02-15,Bengaluru,72,22.46,0.0,11.39
2023-02-16,Bengaluru,72,26.01,0.0,12.24
2023-02-17,Bengaluru,72,24.3,0.0,10.16
2023-02-18,Bengaluru,72,22.79,0.0,5.65
2023-02-19,Bengaluru,72,25.98,0.0,3.37
2023-02-20,Bengaluru,72,23.84,0.0,9.82
2023-02-21,Bengaluru,72,21.75,0.0,2.75
2023-02-22,Bengaluru,72,22.24,0.0,6.38
2023-02-23,Bengaluru,72,22.41,0.0,3.2
2023-02-24,Bengaluru,72,24.92,0.0,3.11
2023-02-25,Bengaluru,72,23.26,0.0,10.46
2023-02-26,Bengaluru,72,23.71,0.0,7.63
2023-02-27,Bengaluru,72,22.53,0.0,9.26
2023-02-28,Bengaluru,72,18.3,0.0,7.69
2023-03-01,Bengaluru,72,25.77,0.0,5.36
2023-03-02,Bengaluru,72,23.23,0.0,8.23
2023-03-03,Bengaluru,72,25.94,0.0,8.44
2023-03-04,Bengaluru,72,27.95,0.0,9.86
2023-03-05,Bengaluru,72,26.38,0.0,9.82
2023-03-06,Bengaluru,72,24.12,0.0,8.29
2023-03-07,Bengaluru,72,23.39,0.0,7.99
2023-03-08,Bengaluru,72,28.83,0.0,5.67
2023-03-09,Bengaluru,72,26.69,0.0,6.14
2023-03-10,Bengaluru,72,27.46,0.0,6.77
2023-03-11,Bengaluru,72,28.83,0.0,6.27
2023-03-12,Bengaluru,72,26.36,0.0,8.49
2023-03-13,Bengaluru,72,26.06,0.0,6.87
2023-03-14,Bengaluru,72,26.75,0.0,6.45
2023-03-15,Bengaluru,72,28.1,0.0,4.77
2023-03-16,Bengaluru,72,26.44,0.0,12.79
2023-03-17,Bengaluru,72,25.91,0.0,14.41
2023-03-18,Bengaluru,72,24.95,0.0,8.97
2023-03-19,Bengaluru,72,26.69,0.0,9.15
2023-03-20,Bengaluru,72,28.68,0.0,13.41
2023-03-21,Bengaluru,72,27.56,0.0,12.09
2023-03-22,Bengaluru,72,30.6,0.0,7.79
2023-03-23,Bengaluru,72,28.5,0.0,8.32
2023-03-24,Bengaluru,72,25.85,0.0,4.45
2023-03-25,Bengaluru,72,26.73,0.0,13.98
2023-03-26,Bengaluru,72,20.34,0.0,13.15
2023-03-27,Bengaluru,72,21.93,0.0,7.68
2023-03-28,Bengaluru,72,22.9,0.0,6.94
2023-03-29,Bengaluru,72,25.45,0.0,7.82
2023-03-30,Bengaluru,72,27.36,0.0,5.09
2023-03-31,Bengaluru,72,26.95,0.0,8.78
2023-04-01,Bengaluru,72,25.2,0.0,13.47
2023-04-02,Bengaluru,72,23.15,0.0,11.21
2023-04-03,Bengaluru,72,28.03,0.0,11.39
2023-04-04,Bengaluru,72,29.28,0.0,13.52
2023-04-05,Bengaluru,72,26.33,0.0,6.87
2023-04-06,Bengaluru,72,27.75,0.0,11.67
2023-04-07,Bengaluru,72,30.58,0.0,13.17
2023-04-08,Bengaluru,72,26.47,0.0,12.23
2023-04-09,Bengaluru,72,27.56,0.0,12.45
2023-04-10,Bengaluru,72,24.08,0.0,11.55
2023-04-11,Bengaluru,72,29.6,0.0,9.24
2023-04-12,Bengaluru,72,28.23,0.0,9.18
2023-04-13,Bengaluru,72,28.61,0.0,2.86
2023-04-14,Bengaluru,72,29.2,0.0,8.29
2023-04-15,Bengaluru,72,25.04,6.25,8.79
2023-04-16,Bengaluru,72,24.06,21.35,16.89
2023-04-17,Bengaluru,72,25.41,2.93,11.29
2023-04-18,Bengaluru,72,27.03,0.0,9.44
2023-04-19,Bengaluru,72,25.75,0.0,11.91
2023-04-20,Bengaluru,72,26.8,0.0,9.36
2023-04-21,Bengaluru,72,25.99,0.0,9.25
2023-04-22,Bengaluru,72,23.96,0.0,11.29
2023-04-23,Bengaluru,72,27.38,0.0,9.32
2023-04-24,Bengaluru,72,25.33,0.0,7.06
2023-04-25,Bengaluru,72,24.4,0.0,9.24
2023-04-26,Bengaluru,72,27.51,0.0,6.78
2023-04-27,Bengaluru,72,28.59,0.0,10.8
2023-04-28,Bengaluru,72,28.57,0.0,7.93
2023-04-29,Bengaluru,72,29.15,0.0,5.68
2023-04-30,Bengaluru,72,28.95,0.0,7.9
2023-05-01,Bengaluru,72,25.22,1.5,8.65
2023-05-02,Bengaluru,72,24.92,0.0,8.85
2023-05-03,Bengaluru,72,24.31,15.43,7.35
2023-05-04,Bengaluru,72,29.5,12.73,10.41
2023-05-05,Bengaluru,72,25.67,0.0,9.21
2023-05-06,Bengaluru,72,28.19,0.0,14.99
2023-05-07,Bengaluru,72,28.67,9.89,20.4
2023-05-08,Bengaluru,72,27.93,2.84,13.65
2023-05-09,Bengaluru,72,28.96,0.89,11.79
2023-05-10,Bengaluru,72,27.98,0.0,14.6
2023-05-11,Bengaluru,72,27.22,0.0,14.83
2023-05-12,Bengaluru,72,29.21,0.0,14.99
2023-05-13,Bengaluru,72,26.3,0.0,8.47
2023-05-14,Bengaluru,72,26.04,0.0,8.46
2023-05-15,Bengaluru,72,28.05,0.0,10.91
2023-05-16,Bengaluru,72,29.15,16.17,20.55
2023-05-17,Bengaluru,72,29.75,2.3,10.14
2023-05-18,Bengaluru,72,30.8,14.18,11.45
2023-05-19,Bengaluru,72,31.39,11.74,6.99
2023-05-20,Bengaluru,72,30.18,6.73,14.55
2023-05-21,Bengaluru,72,29.39,1.53,10.26
2023-05-22,Bengaluru,72,28.86,4.55,9.26
2023-05-23,Bengaluru,72,27.32,0.0,10.19
2023-05-24,Bengaluru,72,27.92,5.0,9.86
2023-05-25,Bengaluru,72,29.99,0.0,12.2
2023-05-26,Bengaluru,72,28.02,9.07,15.03
2023-05-27,Bengaluru,72,27.02,3.42,12.35
2023-05-28,Bengaluru,72,26.86,3.53,4.44
2023-05-29,Bengaluru,72,27.5,0.0,7.31
2023-05-30,Bengaluru,72,30.22,0.0,5.96
2023-05-31,Bengaluru,72,29.91,0.0,4.76
2023-06-01,Bengaluru,72,26.07,5.72,10.6
2023-06-02,Bengaluru,72,26.31,0.0,11.54
2023-06-03,Bengaluru,72,25.01,0.0,11.89
2023-06-04,Bengaluru,72,25.32,56.98,23.78
2023-06-05,Bengaluru,72,25.53,0.0,18.66
2023-06-06,Bengaluru,72,20.6,0.0,12.92
2023-06-07,Bengaluru,72,26.34,0.0,13.94
2023-06-08,Bengaluru,72,23.55,0.0,16.65
2023-06-09,Bengaluru,72,24.15,0.0,8.99
2023-06-10,Bengaluru,72,24.78,0.0,11.16
2023-06-11,Bengaluru,72,21.24,0.0,13.94
2023-06-12,Bengaluru,72,28.17,6.2,10.71
2023-06-13,Bengaluru,72,26.52,0.0,8.56
2023-06-14,Bengaluru,72,27.63,0.0,9.36
2023-06-15,Bengaluru,72,28.72,0.0,20.23
2023-06-16,Bengaluru,72,28.27,0.0,9.89
2023-06-17,Bengaluru,72,26.35,0.0,7.63
2023-06-18,Bengaluru,72,25.59,0.0,15.28
2023-06-19,Bengaluru,72,26.15,0.0,6.78
2023-06-20,Bengaluru,72,24.27,0.0,7.55
2023-06-21,Bengaluru,72,25.44,0.0,14.08
2023-06-22,Bengaluru,72,26.42,0.0,7.91
2023-06-23,Bengaluru,72,25.04,0.0,5.94
2023-06-24,Bengaluru,72,26.21,0.0,10.43
2023-06-25,Bengaluru,72,26.4,0.0,7.15
2023-06-26,Bengaluru,72,26.3,0.0,11.78
2023-06-27,Bengaluru,72,28.54,0.0,16.35
2023-06-28,Bengaluru,72,25.21,0.0,14.3
2023-06-29,Bengaluru,72,25.23,0.0,11.44
2023-06-30,Bengaluru,72,25.39,0.0,11.06
2023-07-01,Bengaluru,72,25.83,5.53,11.69
2023-07-02,Bengaluru,72,27.05,4.99,13.8
2023-07-03,Bengaluru,72,26.42,0.0,13.86
2023-07-04,Bengaluru,72,26.92,0.0,12.79
2023-07-05,Bengaluru,72,22.13,0.0,11.27
2023-07-06,Bengaluru,72,22.36,0.0,12.5
2023-07-07,Bengaluru,72,25.8,0.0,14.93
2023-07-08,Bengaluru,72,22.91,0.0,17.85
2023-07-09,Bengaluru,72,24.51,0.0,17.59
2023-07-10,Bengaluru,72,27.24,0.0,16.57
2023-07-11,Bengaluru,72,25.74,0.0,17.18
2023-07-12,Bengaluru,72,24.33,0.0,17.09
2023-07-13,Bengaluru,72,24.27,4.52,9.92
2023-07-14,Bengaluru,72,23.58,95.82,21.66
2023-07-15,Bengaluru,72,25.09,0.8,11.89
2023-07-16,Bengaluru,72,24.85,3.67,10.03
2023-07-17,Bengaluru,72,24.98,2.18,11.07
2023-07-18,Bengaluru,72,22.98,0.0,13.36
2023-07-19,Bengaluru,72,23.0,0.0,17.18
2023-07-20,Bengaluru,72,24.07,0.0,14.99
2023-07-21,Bengaluru,72,24.89,0.0,6.82
2023-07-22,Bengaluru,72,22.98,0.0,15.85
2023-07-23,Bengaluru,72,23.46,0.0,17.15
2023-07-24,Bengaluru,72,21.62,3.42,13.33
2023-07-25,Bengaluru,72,24.27,0.0,11.01
2023-07-26,Bengaluru,72,22.02,0.0,11.49
2023-07-27,Bengaluru,72,25.45,0.0,10.22
2023-07-28,Bengaluru,72,24.17,0.0,15.79
2023-07-29,Bengaluru,72,24.9,0.39,12.34
2023-07-30,Bengaluru,72,26.22,0.0,12.75
2023-07-31,Bengaluru,72,28.18,0.0,6.91
2023-08-01,Bengaluru,72,24.3,4.88,9.44
2023-08-02,Bengaluru,72,27.47,2.93,13.17
2023-08-03,Bengaluru,72,26.08,0.0,6.42
2023-08-04,Bengaluru,72,27.84,1.58,8.73
2023-08-05,Bengaluru,72,24.29,0.0,10.01
2023-08-06,Bengaluru,72,22.97,0.0,7.98
2023-08-07,Bengaluru,72,24.32,2.92,13.81
2023-08-08,Bengaluru,72,23.87,2.32,13.32
2023-08-09,Bengaluru,72,24.27,5.68,7.2
2023-08-10,Bengaluru,72,23.02,4.87,6.72
2023-08-11,Bengaluru,72,21.93,28.76,19.93
2023-08-12,Bengaluru,72,22.21,4.2,12.99
2023-08-13,Bengaluru,72,22.11,0.0,11.96
2023-08-14,Bengaluru,72,24.61,0.0,7.3
2023-08-15,Bengaluru,72,28.99,17.74,19.17
2023-08-16,Bengaluru,72,24.94,0.0,12.0
2023-08-17,Bengaluru,72,27.63,0.0,11.76
2023-08-18,Bengaluru,72,24.7,0.0,11.63
2023-08-19,Bengaluru,72,24.28,0.0,9.93
2023-08-20,Bengaluru,72,22.64,0.0,10.82
2023-08-21,Bengaluru,72,24.36,0.0,12.84
2023-08-22,Bengaluru,72,24.13,0.0,13.11
2023-08-23,Bengaluru,72,25.89,0.0,10.55
2023-08-24,Bengaluru,72,23.83,0.0,15.98
2023-08-25,Bengaluru,72,26.27,0.0,11.49
2023-08-26,Bengaluru,72,25.43,0.0,10.15
2023-08-27,Bengaluru,72,23.32,0.0,6.9
2023-08-28,Bengaluru,72,23.4,0.0,5.73
2023-08-29,Bengaluru,72,24.62,3.18,13.49
2023-08-30,Bengaluru,72,25.07,0.0,10.06
2023-08-31,Bengaluru,72,21.6,1.54,13.88
2023-09-01,Bengaluru,72,22.43,9.58,11.22
2023-09-02,Bengaluru,72,19.0,5.85,6.47
2023-09-03,Bengaluru,72,21.99,8.74,11.61
2023-09-04,Bengaluru,72,22.75,1.81,6.11
2023-09-05,Bengaluru,72,23.95,5.26,6.83
2023-09-06,Bengaluru,72,24.14,2.84,6.96
2023-09-07,Bengaluru,72,17.86,60.05,13.89
2023-09-08,Bengaluru,72,19.37,7.62,14.45
2023-09-09,Bengaluru,72,21.33,9.47,8.05
2023-09-10,Bengaluru,72,19.64,2.89,10.32
2023-09-11,Bengaluru,72,20.48,14.0,10.28
2023-09-12,Bengaluru,72,19.81,6.22,7.19
2023-09-13,Bengaluru,72,19.8,0.0,10.08
2023-09-14,Bengaluru,72,21.18,0.0,9.45
2023-09-15,Bengaluru,72,23.86,0.0,11.58
2023-09-16,Bengaluru,72,20.34,11.71,17.46
2023-09-17,Bengaluru,72,20.61,0.0,17.23
2023-09-18,Bengaluru,72,22.25,13.59,12.43
2023-09-19,Bengaluru,72,20.51,14.87,12.16
2023-09-20,Bengaluru,72,21.2,0.0,17.31
2023-09-21,Bengaluru,72,22.09,0.0,18.01
2023-09-22,Bengaluru,72,25.45,1.04,13.11
2023-09-23,Bengaluru,72,21.91,68.72,12.53
2023-09-24,Bengaluru,72,23.32,0.0,11.77
2023-09-25,Bengaluru,72,25.11,6.34,11.23
2023-09-26,Bengaluru,72,24.04,0.0,11.92
2023-09-27,Bengaluru,72,24.98,12.75,3.32
2023-09-28,Bengaluru,72,24.11,0.0,16.74
2023-09-29,Bengaluru,72,24.06,4.83,11.72
2023-09-30,Bengaluru,72,23.65,28.3,11.84
2023-10-01,Bengaluru,72,24.73,0.0,8.43
2023-10-02,Bengaluru,72,26.91,0.0,6.38
2023-10-03,Bengaluru,72,23.66,6.0,11.01
2023-10-04,Bengaluru,72,22.82,4.05,10.5
2023-10-05,Bengaluru,72,25.69,3.34,9.95
2023-10-06,Bengaluru,72,21.84,0.0,8.14
2023-10-07,Bengaluru,72,23.36,0.0,8.54
2023-10-08,Bengaluru,72,22.79,0.0,11.68
2023-10-09,Bengaluru,72,20.64,0.0,14.65
2023-10-10,Bengaluru,72,22.32,8.98,20.09
2023-10-11,Bengaluru,72,24.92,0.82,8.89
2023-10-12,Bengaluru,72,21.17,0.0,3.9
2023-10-13,Bengaluru,72,22.11,14.44,15.33
2023-10-14,Bengaluru,72,22.59,11.27,7.04
2023-10-15,Bengaluru,72,28.17,6.52,6.22
2023-10-16,Bengaluru,72,24.18,0.0,10.78
2023-10-17,Bengaluru,72,22.49,0.0,7.08
2023-10-18,Bengaluru,72,20.07,0.0,8.1
2023-10-19,Bengaluru,72,21.78,1.6,9.46
2023-10-20,Bengaluru,72,23.55,10.11,10.96
2023-10-21,Bengaluru,72,23.97,14.17,15.45
2023-10-22,Bengaluru,72,22.19,14.89,3.48
2023-10-23,Bengaluru,72,21.95,0.0,6.23
2023-10-24,Bengaluru,72,22.52,0.0,5.24
2023-10-25,Bengaluru,72,20.74,0.0,0.0
2023-10-26,Bengaluru,72,23.93,2.11,8.11
2023-10-27,Bengaluru,72,21.81,12.68,7.61
2023-10-28,Bengaluru,72,21.22,0.0,8.33
2023-10-29,Bengaluru,72,23.69,0.0,0.0
2023-10-30,Bengaluru,72,22.6,0.0,6.32
2023-10-31,Bengaluru,72,22.34,0.0,6.86
2023-11-01,Bengaluru,72,23.61,0.0,3.77
2023-11-02,Bengaluru,72,24.53,0.0,9.07
2023-11-03,Bengaluru,72,20.67,0.0,8.3
2023-11-04,Bengaluru,72,23.07,17.99,11.59
2023-11-05,Bengaluru,72,21.16,0.0,6.26
2023-11-06,Bengaluru,72,23.6,0.0,1.96
2023-11-07,Bengaluru,72,17.57,0.0,5.71
2023-11-08,Bengaluru,72,22.3,13.53,7.96
2023-11-09,Bengaluru,72,19.94,9.38,5.18
2023-11-10,Bengaluru,72,18.6,23.42,6.48
2023-11-11,Bengaluru,72,18.62,0.0,6.08
2023-11-12,Bengaluru,72,19.0,0.0,3.39
2023-11-13,Bengaluru,72,17.88,0.0,4.93
2023-11-14,Bengaluru,72,18.21,0.0,5.74
2023-11-15,Bengaluru,72,18.25,0.0,0.0
2023-11-16,Bengaluru,72,17.37,0.0,5.7
2023-11-17,Bengaluru,72,17.54,0.0,5.3
2023-11-18,Bengaluru,72,20.27,0.0,2.9
2023-11-19,Bengaluru,72,21.23,0.0,3.44
2023-11-20,Bengaluru,72,21.9,0.0,5.3
2023-11-21,Bengaluru,72,23.92,0.0,8.59
2023-11-22,Bengaluru,72,25.76,0.0,8.32
2023-11-23,Bengaluru,72,22.08,0.0,8.93
2023-11-24,Bengaluru,72,23.04,0.0,2.77
2023-11-25,Bengaluru,72,22.08,0.0,3.18
2023-11-26,Bengaluru,72,20.34,0.0,8.54
2023-11-27,Bengaluru,72,20.84,0.0,6.92
2023-11-28,Bengaluru,72,21.82,0.0,4.52
2023-11-29,Bengaluru,72,21.49,0.0,5.04
2023-11-30,Bengaluru,72,23.04,0.0,2.46
2023-12-01,Bengaluru,72,22.55,0.0,5.85
2023-12-02,Bengaluru,72,22.67,0.0,11.24
2023-12-03,Bengaluru,72,20.7,0.0,10.5
2023-12-04,Bengaluru,72,22.33,0.0,7.79
2023-12-05,Bengaluru,72,21.21,0.0,3.29
2023-12-06,Bengaluru,72,23.26,0.0,4.83
2023-12-07,Bengaluru,72,19.38,0.0,2.26
2023-12-08,Bengaluru,72,17.11,0.0,3.73
2023-12-09,Bengaluru,72,19.7,0.0,5.98
2023-12-10,Bengaluru,72,20.26,0.0,1.97
2023-12-11,Bengaluru,72,22.57,0.0,1.97
2023-12-12,Bengaluru,72,20.29,0.0,2.53
2023-12-13,Bengaluru,72,21.99,0.0,9.76
2023-12-14,Bengaluru,72,19.86,0.0,3.46
2023-12-15,Bengaluru,72,21.27,0.0,9.26
2023-12-16,Bengaluru,72,21.82,0.0,5.36
2023-12-17,Bengaluru,72,21.43,0.0,3.72
2023-12-18,Bengaluru,72,21.63,0.0,8.49
2023-12-19,Bengaluru,72,19.1,0.0,15.4
2023-12-20,Bengaluru,72,19.77,0.0,14.8
2023-12-21,Bengaluru,72,20.69,0.0,6.95
2023-12-22,Bengaluru,72,19.16,0.0,11.05
2023-12-23,Bengaluru,72,20.9,0.0,8.93
2023-12-24,Bengaluru,72,19.96,0.0,8.25
2023-12-25,Bengaluru,72,23.66,0.0,1.54
2023-12-26,Bengaluru,72,24.97,0.0,2.38
2023-12-27,Bengaluru,72,18.15,0.0,7.77
2023-12-28,Bengaluru,72,20.31,0.0,6.58
2023-12-29,Bengaluru,72,18.17,0.0,3.42
2023-12-30,Bengaluru,72,17.36,0.0,3.27
2023-12-31,Bengaluru,72,15.64,0.0,3.07
2024-01-01,Bengaluru,72,19.35,0.0,2.82
2024-01-02,Bengaluru,72,20.11,0.0,4.5
2024-01-03,Bengaluru,72,24.18,0.08,3.45
2024-01-04,Bengaluru,72,22.28,0.0,5.59
2024-01-05,Bengaluru,72,23.87,0.16,1.92
2024-01-06,Bengaluru,72,24.27,0.97,12.52
2024-01-07,Bengaluru,72,21.5,0.0,5.52
2024-01-08,Bengaluru,72,21.21,0.0,0.08
2024-01-09,Bengaluru,72,20.65,0.0,7.6
2024-01-10,Bengaluru,72,17.81,0.0,5.33
2024-01-11,Bengaluru,72,21.98,0.0,5.77
2024-01-12,Bengaluru,72,16.85,0.0,6.66
2024-01-13,Bengaluru,72,21.43,0.0,6.21
2024-01-14,Bengaluru,72,22.25,0.0,9.72
2024-01-15,Bengaluru,72,22.28,0.0,11.65
2024-01-16,Bengaluru,72,19.54,0.0,9.92
2024-01-17,Bengaluru,72,23.88,0.0,13.26
2024-01-18,Bengaluru,72,21.93,0.0,10.9
2024-01-19,Bengaluru,72,23.21,0.0,9.55
2024-01-20,Bengaluru,72,22.45,0.0,4.56
2024-01-21,Bengaluru,72,22.23,0.0,8.63
2024-01-22,Bengaluru,72,22.89,0.0,6.94
2024-01-23,Bengaluru,72,19.24,0.0,3.56
2024-01-24,Bengaluru,72,20.94,0.0,0.0
2024-01-25,Bengaluru,72,20.43,0.0,3.63
2024-01-26,Bengaluru,72,21.44,0.0,8.11
2024-01-27,Bengaluru,72,22.82,0.0,8.01
2024-01-28,Bengaluru,72,22.41,0.0,6.22
2024-01-29,Bengaluru,72,25.16,0.0,4.16
2024-01-30,Bengaluru,72,28.43,0.0,7.3
2024-01-31,Bengaluru,72,23.78,0.0,3.67
2024-02-01,Bengaluru,72,25.53,0.0,12.85
2024-02-02,Bengaluru,72,24.6,0.0,4.58
2024-02-03,Bengaluru,72,26.23,0.0,6.85
2024-02-04,Bengaluru,72,30.7,0.0,8.95
2024-02-05,Bengaluru,72,28.49,0.0,9.75
2024-02-06,Bengaluru,72,26.25,0.0,12.92
2024-02-07,Bengaluru,72,25.27,0.0,3.47
2024-02-08,Bengaluru,72,24.69,0.0,11.73
2024-02-09,Bengaluru,72,21.61,0.0,9.74
2024-02-10,Bengaluru,72,24.44,0.0,10.41
2024-02-11,Bengaluru,72,19.91,0.0,6.79
2024-02-12,Bengaluru,72,22.29,0.0,4.69
2024-02-13,Bengaluru,72,20.78,0.0,2.41
2024-02-14,Bengaluru,72,18.85,0.0,11.13
2024-02-15,Bengaluru,72,19.76,0.0,7.89
2024-02-16,Bengaluru,72,19.08,0.0,10.37
2024-02-17,Bengaluru,72,20.45,0.0,3.84
2024-02-18,Bengaluru,72,21.38,0.0,6.36
2024-02-19,Bengaluru,72,21.38,0.0,2.19
2024-02-20,Bengaluru,72,19.93,0.0,6.22
2024-02-21,Bengaluru,72,20.52,0.0,5.39
2024-02-22,Bengaluru,72,23.14,0.0,3.02
2024-02-23,Bengaluru,72,24.59,0.0,8.03
2024-02-24,Bengaluru,72,23.11,0.0,2.59
2024-02-25,Bengaluru,72,22.49,0.0,4.8
2024-02-26,Bengaluru,72,26.74,0.0,5.37
2024-02-27,Bengaluru,72,24.89,0.0,9.13
2024-02-28,Bengaluru,72,21.11,0.0,7.61
2024-02-29,Bengaluru,72,24.0,0.0,2.46
2024-03-01,Bengaluru,72,26.21,0.0,3.65
2024-03-02,Bengaluru,72,26.76,0.0,4.17
2024-03-03,Bengaluru,72,23.81,0.0,12.73
2024-03-04,Bengaluru,72,23.97,0.0,8.19
2024-03-05,Bengaluru,72,25.48,0.0,6.58
2024-03-06,Bengaluru,72,23.73,0.0,13.11
2024-03-07,Bengaluru,72,24.13,0.0,7.34
2024-03-08,Bengaluru,72,27.55,0.0,7.99
2024-03-09,Bengaluru,72,29.16,0.0,12.7
2024-03-10,Bengaluru,72,30.77,0.0,13.76
2024-03-11,Bengaluru,72,28.47,0.0,8.32
2024-03-12,Bengaluru,72,28.02,0.0,6.49
2024-03-13,Bengaluru,72,26.41,0.0,5.54
2024-03-14,Bengaluru,72,28.38,0.0,7.97
2024-03-15,Bengaluru,72,31.36,0.0,13.51
2024-03-16,Bengaluru,72,28.35,2.22,13.26
2024-03-17,Bengaluru,72,32.19,0.0,11.22
2024-03-18,Bengaluru,72,29.22,0.0,5.29
2024-03-19,Bengaluru,72,28.91,0.0,6.1
2024-03-20,Bengaluru,72,26.89,0.0,9.75
2024-03-21,Bengaluru,72,27.96,0.0,9.85
2024-03-22,Bengaluru,72,26.47,0.0,5.42
2024-03-23,Bengaluru,72,26.77,0.0,8.24
2024-03-24,Bengaluru,72,27.12,0.0,9.75
2024-03-25,Bengaluru,72,24.5,0.0,9.24
2024-03-26,Bengaluru,72,27.39,0.0,11.2
2024-03-27,Bengaluru,72,27.52,2.31,6.58
2024-03-28,Bengaluru,72,27.14,0.0,11.71
2024-03-29,Bengaluru,72,26.9,0.0,13.81
2024-03-30,Bengaluru,72,27.85,0.0,14.66
2024-03-31,Bengaluru,72,26.35,0.0,5.84
2024-04-01,Bengaluru,72,27.73,0.0,12.62
2024-04-02,Bengaluru,72,28.96,0.0,13.04
2024-04-03,Bengaluru,72,29.62,2.94,13.8
2024-04-04,Bengaluru,72,28.6,9.89,13.31
2024-04-05,Bengaluru,72,28.34,0.0,8.53
2024-04-06,Bengaluru,72,26.68,0.0,10.94
2024-04-07,Bengaluru,72,27.27,0.0,13.7
2024-04-08,Bengaluru,72,24.42,0.0,9.81
2024-04-09,Bengaluru,72,29.02,0.0,10.17
2024-04-10,Bengaluru,72,28.45,0.0,10.4
2024-04-11,Bengaluru,72,31.08,0.0,10.42
2024-04-12,Bengaluru,72,30.04,4.18,13.61
2024-04-13,Bengaluru,72,29.67,0.0,6.81
2024-04-14,Bengaluru,72,29.49,0.0,11.69
2024-04-15,Bengaluru,72,26.53,0.0,4.22
2024-04-16,Bengaluru,72,27.18,0.0,7.36
2024-04-17,Bengaluru,72,28.17,0.0,12.83
2024-04-18,Bengaluru,72,27.62,0.0,8.71
2024-04-19,Bengaluru,72,28.79,0.0,11.14
2024-04-20,Bengaluru,72,27.25,0.0,10.45
2024-04-21,Bengaluru,72,29.78,0.0,11.58
2024-04-22,Bengaluru,72,29.34,0.0,13.95
2024-04-23,Bengaluru,72,28.77,0.0,12.89
2024-04-24,Bengaluru,72,30.51,0.0,12.32
2024-04-25,Bengaluru,72,30.83,0.0,9.09
2024-04-26,Bengaluru,72,27.66,0.0,8.84
2024-04-27,Bengaluru,72,29.37,0.0,8.67
2024-04-28,Bengaluru,72,29.15,0.0,9.98
2024-04-29,Bengaluru,72,28.47,0.0,7.72
2024-04-30,Bengaluru,72,29.6,0.0,14.31
2024-05-01,Bengaluru,72,23.46,0.0,8.53
2024-05-02,Bengaluru,72,22.32,0.0,7.86
2024-05-03,Bengaluru,72,24.39,0.0,7.87
2024-05-04,Bengaluru,72,25.27,0.0,8.36
2024-05-05,Bengaluru,72,23.42,2.01,8.68
2024-05-06,Bengaluru,72,26.19,10.91,10.49
2024-05-07,Bengaluru,72,25.98,5.87,10.07
2024-05-08,Bengaluru,72,26.32,13.65,8.94
2024-05-09,Bengaluru,72,26.85,1.49,5.8
2024-05-10,Bengaluru,72,27.08,3.76,7.43
2024-05-11,Bengaluru,72,28.63,0.0,0.64
2024-05-12,Bengaluru,72,30.07,0.0,10.27
2024-05-13,Bengaluru,72,28.63,0.0,12.35
2024-05-14,Bengaluru,72,28.21,0.0,10.24
2024-05-15,Bengaluru,72,27.53,0.0,7.61
2024-05-16,Bengaluru,72,24.66,0.0,11.85
2024-05-17,Bengaluru,72,24.69,4.59,12.25
2024-05-18,Bengaluru,72,27.0,0.54,14.0
2024-05-19,Bengaluru,72,25.0,0.0,11.53
2024-05-20,Bengaluru,72,27.18,0.0,6.23
2024-05-21,Bengaluru,72,27.71,0.0,14.07
2024-05-22,Bengaluru,72,25.58,0.0,12.6
2024-05-23,Bengaluru,72,23.13,0.0,10.86
2024-05-24,Bengaluru,72,26.13,0.0,11.72
2024-05-25,Bengaluru,72,24.53,0.0,8.62
2024-05-26,Bengaluru,72,26.17,0.0,12.01
2024-05-27,Bengaluru,72,23.91,0.0,5.14
2024-05-28,Bengaluru,72,25.03,0.23,9.27
2024-05-29,Bengaluru,72,28.84,0.0,12.23
2024-05-30,Bengaluru,72,21.12,0.0,7.86
2024-05-31,Bengaluru,72,26.46,0.0,9.25
2024-06-01,Bengaluru,72,23.18,0.0,14.84
2024-06-02,Bengaluru,72,19.41,0.0,15.02
2024-06-03,Bengaluru,72,24.05,0.0,15.9
2024-06-04,Bengaluru,72,22.37,0.0,13.88
2024-06-05,Bengaluru,72,27.25,0.0,13.15
2024-06-06,Bengaluru,72,22.94,0.0,10.2
2024-06-07,Bengaluru,72,25.9,6.13,7.27
2024-06-08,Bengaluru,72,26.37,0.0,7.15
2024-06-09,Bengaluru,72,23.69,0.0,13.28
2024-06-10,Bengaluru,72,24.45,23.81,18.63
2024-06-11,Bengaluru,72,22.43,0.0,14.29
2024-06-12,Bengaluru,72,24.08,19.22,16.34
2024-06-13,Bengaluru,72,22.48,0.0,12.69
2024-06-14,Bengaluru,72,25.13,0.0,8.43
2024-06-15,Bengaluru,72,27.8,0.0,15.99
2024-06-16,Bengaluru,72,25.32,0.0,13.08
2024-06-17,Bengaluru,72,24.53,0.0,11.1
2024-06-18,Bengaluru,72,23.42,0.0,14.6
2024-06-19,Bengaluru,72,24.43,0.0,12.68
2024-06-20,Bengaluru,72,24.9,0.0,13.91
2024-06-21,Bengaluru,72,22.28,0.0,16.63
2024-06-22,Bengaluru,72,24.95,0.0,7.44
2024-06-23,Bengaluru,72,25.53,0.0,11.61
2024-06-24,Bengaluru,72,23.28,5.88,12.78
2024-06-25,Bengaluru,72,23.27,0.0,9.2
2024-06-26,Bengaluru,72,23.8,0.0,9.85
2024-06-27,Bengaluru,72,24.19,0.0,11.66
2024-06-28,Bengaluru,72,24.64,0.0,9.22
2024-06-29,Bengaluru,72,23.33,0.0,9.89
2024-06-30,Bengaluru,72,22.92,16.81,13.25
2024-07-01,Bengaluru,72,23.74,74.39,12.46
2024-07-02,Bengaluru,72,22.29,0.0,6.37
2024-07-03,Bengaluru,72,25.29,0.0,9.86
2024-07-04,Bengaluru,72,20.99,0.0,14.34
2024-07-05,Bengaluru,72,22.67,0.0,14.52
2024-07-06,Bengaluru,72,25.68,0.0,10.26
2024-07-07,Bengaluru,72,22.2,0.0,9.4
2024-07-08,Bengaluru,72,20.37,0.0,12.31
2024-07-09,Bengaluru,72,21.95,0.0,18.81
2024-07-10,Bengaluru,72,17.41,0.0,10.06
2024-07-11,Bengaluru,72,19.35,0.0,11.92
2024-07-12,Bengaluru,72,21.56,0.0,11.78
2024-07-13,Bengaluru,72,18.71,0.0,8.6
2024-07-14,Bengaluru,72,21.03,0.0,10.27
2024-07-15,Bengaluru,72,24.89,0.0,8.88
2024-07-16,Bengaluru,72,22.93,0.0,9.2
2024-07-17,Bengaluru,72,21.78,0.0,12.37
2024-07-18,Bengaluru,72,20.88,2.2,13.94
2024-07-19,Bengaluru,72,21.49,1.89,18.71
2024-07-20,Bengaluru,72,23.08,0.0,18.07
2024-07-21,Bengaluru,72,22.36,0.0,13.25
2024-07-22,Bengaluru,72,22.49,0.0,18.39
2024-07-23,Bengaluru,72,19.17,0.0,13.98
2024-07-24,Bengaluru,72,21.62,8.58,15.55
2024-07-25,Bengaluru,72,22.83,0.0,10.82
2024-07-26,Bengaluru,72,22.48,0.0,18.54
2024-07-27,Bengaluru,72,22.21,0.0,14.09
2024-07-28,Bengaluru,72,19.47,0.0,12.3
2024-07-29,Bengaluru,72,17.76,0.0,17.51
2024-07-30,Bengaluru,72,20.74,10.97,16.22
2024-07-31,Bengaluru,72,22.24,0.0,14.57
2024-08-01,Bengaluru,72,20.9,0.0,4.39
2024-08-02,Bengaluru,72,21.25,0.0,13.84
2024-08-03,Bengaluru,72,17.63,0.0,12.29
2024-08-04,Bengaluru,72,20.0,21.03,11.84
2024-08-05,Bengaluru,72,23.11,4.91,3.28
2024-08-06,Bengaluru,72,23.09,2.02,7.35
2024-08-07,Bengaluru,72,21.91,9.52,11.36
2024-08-08,Bengaluru,72,26.25,1.34,10.59
2024-08-09,Bengaluru,72,24.87,1.05,11.06
2024-08-10,Bengaluru,72,25.6,14.87,11.8
2024-08-11,Bengaluru,72,24.79,4.67,10.81
2024-08-12,Bengaluru,72,25.76,0.0,10.46
2024-08-13,Bengaluru,72,24.68,0.0,17.21
2024-08-14,Bengaluru,72,23.33,11.08,13.54
2024-08-15,Bengaluru,72,23.01,0.0,12.26
2024-08-16,Bengaluru,72,21.25,0.0,11.11
2024-08-17,Bengaluru,72,23.03,3.15,18.5
2024-08-18,Bengaluru,72,22.92,3.1,8.41
2024-08-19,Bengaluru,72,22.38,0.71,8.12
2024-08-20,Bengaluru,72,25.08,6.86,11.93
2024-08-21,Bengaluru,72,21.86,28.26,12.89
2024-08-22,Bengaluru,72,23.81,0.86,15.97
2024-08-23,Bengaluru,72,25.33,0.0,3.36
2024-08-24,Bengaluru,72,24.21,0.0,9.02
2024-08-25,Bengaluru,72,22.58,0.0,15.28
2024-08-26,Bengaluru,72,22.98,0.0,13.94
2024-08-27,Bengaluru,72,20.48,1.17,14.75
2024-08-28,Bengaluru,72,19.49,2.43,15.19
2024-08-29,Bengaluru,72,20.24,0.0,8.28
2024-08-30,Bengaluru,72,19.83,0.0,7.62
2024-08-31,Bengaluru,72,19.48,0.0,7.54
2024-09-01,Bengaluru,72,23.08,0.0,13.29
2024-09-02,Bengaluru,72,20.55,0.0,6.64
2024-09-03,Bengaluru,72,20.29,9.75,12.53
2024-09-04,Bengaluru,72,23.45,44.92,8.73
2024-09-05,Bengaluru,72,22.61,1.57,12.41
2024-09-06,Bengaluru,72,25.86,16.8,11.49
2024-09-07,Bengaluru,72,23.9,4.16,9.25
2024-09-08,Bengaluru,72,20.73,1.62,7.15
2024-09-09,Bengaluru,72,20.91,8.02,11.3
2024-09-10,Bengaluru,72,21.73,27.96,14.78
2024-09-11,Bengaluru,72,23.3,6.61,8.18
2024-09-12,Bengaluru,72,24.83,0.0,15.2
2024-09-13,Bengaluru,72,25.59,11.2,14.31
2024-09-14,Bengaluru,72,21.74,7.6,10.77
2024-09-15,Bengaluru,72,26.34,0.0,14.2
2024-09-16,Bengaluru,72,20.83,0.89,5.61
2024-09-17,Bengaluru,72,24.33,13.8,14.63
2024-09-18,Bengaluru,72,23.25,45.73,10.19
2024-09-19,Bengaluru,72,24.13,9.47,6.46
2024-09-20,Bengaluru,72,23.46,14.83,10.17
2024-09-21,Bengaluru,72,25.58,1.5,13.67
2024-09-22,Bengaluru,72,24.84,10.0,15.41
2024-09-23,Bengaluru,72,23.96,0.0,13.04
2024-09-24,Bengaluru,72,23.23,39.62,15.17
2024-09-25,Bengaluru,72,24.87,3.9,8.92
2024-09-26,Bengaluru,72,25.22,3.74,14.85
2024-09-27,Bengaluru,72,26.8,4.5,10.31
2024-09-28,Bengaluru,72,25.88,3.03,9.88
2024-09-29,Bengaluru,72,25.92,0.0,16.72
2024-09-30,Bengaluru,72,26.55,0.0,9.86
2024-10-01,Bengaluru,72,24.26,8.5,4.13
2024-10-02,Bengaluru,72,24.07,4.91,8.06
2024-10-03,Bengaluru,72,25.09,30.8,18.1
2024-10-04,Bengaluru,72,25.67,5.11,11.08
2024-10-05,Bengaluru,72,23.5,1.94,8.05
2024-10-06,Bengaluru,72,21.96,1.36,6.75
2024-10-07,Bengaluru,72,23.22,9.04,1.48
2024-10-08,Bengaluru,72,20.82,6.73,10.96
2024-10-09,Bengaluru,72,22.06,27.51,6.08
2024-10-10,Bengaluru,72,20.41,0.0,0.38
2024-10-11,Bengaluru,72,21.02,0.0,2.73
2024-10-12,Bengaluru,72,23.46,0.0,5.48
2024-10-13,Bengaluru,72,23.14,0.0,8.5
2024-10-14,Bengaluru,72,24.11,0.0,6.62
2024-10-15,Bengaluru,72,22.46,0.0,7.97
2024-10-16,Bengaluru,72,26.74,0.0,7.43
2024-10-17,Bengaluru,72,24.98,0.0,10.53
2024-10-18,Bengaluru,72,23.65,0.0,12.46
2024-10-19,Bengaluru,72,24.62,0.0,8.44
2024-10-20,Bengaluru,72,22.35,1.46,4.69
2024-10-21,Bengaluru,72,23.48,0.0,12.16
2024-10-22,Bengaluru,72,25.39,40.91,16.14
2024-10-23,Bengaluru,72,22.85,3.61,10.68
2024-10-24,Bengaluru,72,22.2,30.05,10.91
2024-10-25,Bengaluru,72,23.89,19.71,3.64
2024-10-26,Bengaluru,72,20.19,0.0,4.66
2024-10-27,Bengaluru,72,23.25,0.0,10.58
2024-10-28,Bengaluru,72,22.37,0.0,5.85
2024-10-29,Bengaluru,72,20.47,0.0,8.81
2024-10-30,Bengaluru,72,20.8,0.0,0.32
2024-10-31,Bengaluru,72,20.22,0.0,12.94
2024-11-01,Bengaluru,72,19.67,0.0,3.66
2024-11-02,Bengaluru,72,21.85,9.47,6.48
2024-11-03,Bengaluru,72,20.77,0.0,5.97
2024-11-04,Bengaluru,72,20.6,0.0,3.46
2024-11-05,Bengaluru,72,18.89,9.26,13.83
2024-11-06,Bengaluru,72,17.41,3.77,10.86
2024-11-07,Bengaluru,72,18.24,36.51,14.22
2024-11-08,Bengaluru,72,18.85,0.0,4.36
2024-11-09,Bengaluru,72,21.15,0.0,4.6
2024-11-10,Bengaluru,72,18.29,0.0,6.74
2024-11-11,Bengaluru,72,18.51,0.0,13.37
2024-11-12,Bengaluru,72,19.45,0.0,5.74
2024-11-13,Bengaluru,72,21.34,15.1,17.07
2024-11-14,Bengaluru,72,24.39,0.0,4.13
2024-11-15,Bengaluru,72,24.39,0.0,1.1
2024-11-16,Bengaluru,72,23.14,15.07,1.53
2024-11-17,Bengaluru,72,24.58,0.0,3.88
2024-11-18,Bengaluru,72,22.83,0.0,7.86
2024-11-19,Bengaluru,72,24.64,0.0,5.76
2024-11-20,Bengaluru,72,22.43,0.0,8.75
2024-11-21,Bengaluru,72,21.38,0.0,9.67
2024-11-22,Bengaluru,72,21.47,8.05,15.97
2024-11-23,Bengaluru,72,20.28,2.01,5.86
2024-11-24,Bengaluru,72,20.84,3.58,7.79
2024-11-25,Bengaluru,72,20.86,0.0,8.13
2024-11-26,Bengaluru,72,19.72,0.0,11.56
2024-11-27,Bengaluru,72,18.42,0.0,8.28
2024-11-28,Bengaluru,72,19.4,0.0,4.55
2024-11-29,Bengaluru,72,20.98,0.0,5.33
2024-11-30,Bengaluru,72,23.09,2.72,9.03
2024-12-01,Bengaluru,72,20.78,0.0,6.32
2024-12-02,Bengaluru,72,19.6,0.0,8.12
2024-12-03,Bengaluru,72,19.62,0.0,4.68
2024-12-04,Bengaluru,72,20.44,0.0,6.16
2024-12-05,Bengaluru,72,22.56,0.0,11.7
2024-12-06,Bengaluru,72,22.7,0.0,12.6
2024-12-07,Bengaluru,72,20.83,0.0,2.65
2024-12-08,Bengaluru,72,22.25,0.0,4.05
2024-12-09,Bengaluru,72,22.91,0.0,7.98
2024-12-10,Bengaluru,72,22.4,0.0,7.68
2024-12-11,Bengaluru,72,18.61,0.0,5.49
2024-12-12,Bengaluru,72,20.42,0.0,9.38
2024-12-13,Bengaluru,72,21.94,0.0,4.38
2024-12-14,Bengaluru,72,20.81,0.0,8.73
2024-12-15,Bengaluru,72,21.95,0.0,11.74
2024-12-16,Bengaluru,72,21.68,0.0,10.62
2024-12-17,Bengaluru,72,21.1,0.0,8.52
2024-12-18,Bengaluru,72,23.62,0.0,8.95
2024-12-19,Bengaluru,72,20.03,0.0,11.37
2024-12-20,Bengaluru,72,21.24,0.0,11.51
2024-12-21,Bengaluru,72,21.22,0.0,11.92
2024-12-22,Bengaluru,72,22.2,0.0,9.49
2024-12-23,Bengaluru,72,19.93,0.0,10.95
2024-12-24,Bengaluru,72,18.85,0.0,6.56
2024-12-25,Bengaluru,72,22.17,0.0,2.98
2024-12-26,Bengaluru,72,23.19,0.0,0.0
2024-12-27,Bengaluru,72,20.38,74.5,21.72
2024-12-28,Bengaluru,72,21.26,0.0,5.92
2024-12-29,Bengaluru,72,20.37,0.0,4.92
2024-12-30,Bengaluru,72,20.78,0.0,3.99
2024-12-31,Bengaluru,72,19.42,0.0,4.36
2025-01-01,Bengaluru,72,24.73,0.0,0.0
2025-01-02,Bengaluru,72,25.77,0.0,3.73
2025-01-03,Bengaluru,72,22.05,0.0,5.96
2025-01-04,Bengaluru,72,24.56,0.0,7.8
2025-01-05,Bengaluru,72,19.03,0.0,4.27
2025-01-06,Bengaluru,72,21.81,0.0,11.39
2025-01-07,Bengaluru,72,20.53,0.0,7.33
2025-01-08,Bengaluru,72,19.12,0.0,10.45
2025-01-09,Bengaluru,72,21.23,0.0,7.55
2025-01-10,Bengaluru,72,18.48,0.0,4.3
2025-01-11,Bengaluru,72,21.74,0.0,2.79
2025-01-12,Bengaluru,72,20.12,0.0,8.85
2025-01-13,Bengaluru,72,21.6,0.0,4.77
2025-01-14,Bengaluru,72,22.59,0.0,0.2
2025-01-15,Bengaluru,72,21.29,0.0,1.27
2025-01-16,Bengaluru,72,22.73,0.0,2.54
2025-01-17,Bengaluru,72,19.78,0.0,11.17
2025-01-18,Bengaluru,72,22.57,0.0,7.93
2025-01-19,Bengaluru,72,19.87,0.0,2.82
2025-01-20,Bengaluru,72,17.48,0.0,8.68
2025-01-21,Bengaluru,72,18.27,0.0,0.47
2025-01-22,Bengaluru,72,15.86,0.0,1.91
2025-01-23,Bengaluru,72,14.49,0.0,5.8
2025-01-24,Bengaluru,72,19.26,0.0,2.99
2025-01-25,Bengaluru,72,20.27,0.0,1.98
2025-01-26,Bengaluru,72,18.79,0.0,3.96
2025-01-27,Bengaluru,72,18.3,0.0,6.34
2025-01-28,Bengaluru,72,19.84,0.0,6.99
2025-01-29,Bengaluru,72,20.62,0.0,6.14
2025-01-30,Bengaluru,72,20.98,0.0,8.0
2025-01-31,Bengaluru,72,18.63,0.0,0.0
2025-02-01,Bengaluru,72,19.96,0.0,0.19
2025-02-02,Bengaluru,72,20.5,0.0,10.21
2025-02-03,Bengaluru,72,21.9,0.0,8.0
2025-02-04,Bengaluru,72,21.93,0.0,4.23
2025-02-05,Bengaluru,72,22.64,0.0,7.71
2025-02-06,Bengaluru,72,23.68,0.0,5.49
2025-02-07,Bengaluru,72,23.18,0.0,7.71
2025-02-08,Bengaluru,72,22.67,0.0,4.05
2025-02-09,Bengaluru,72,23.7,0.0,8.78
2025-02-10,Bengaluru,72,24.18,0.0,4.01
2025-02-11,Bengaluru,72,22.83,0.0,1.81
2025-02-12,Bengaluru,72,27.01,0.0,7.23
2025-02-13,Bengaluru,72,26.42,0.0,7.21
2025-02-14,Bengaluru,72,25.69,0.0,6.43
2025-02-15,Bengaluru,72,25.2,0.0,5.84
2025-02-16,Bengaluru,72,24.7,0.0,2.52
2025-02-17,Bengaluru,72,22.42,0.0,2.4
2025-02-18,Bengaluru,72,22.48,0.0,5.03
2025-02-19,Bengaluru,72,19.21,0.0,8.05
2025-02-20,Bengaluru,72,21.99,0.0,9.83
2025-02-21,Bengaluru,72,21.42,0.0,0.99
2025-02-22,Bengaluru,72,20.74,0.0,12.62
2025-02-23,Bengaluru,72,21.53,0.0,12.11
2025-02-24,Bengaluru,72,17.67,0.0,6.05
2025-02-25,Bengaluru,72,19.52,0.0,3.05
2025-02-26,Bengaluru,72,21.1,0.0,4.45
2025-02-27,Bengaluru,72,23.12,0.0,7.41
2025-02-28,Bengaluru,72,24.94,0.0,4.34
2025-03-01,Bengaluru,72,26.44,0.0,0.0
2025-03-02,Bengaluru,72,21.47,0.0,10.08
2025-03-03,Bengaluru,72,23.99,0.0,7.29
2025-03-04,Bengaluru,72,26.69,0.0,10.95
2025-03-05,Bengaluru,72,27.49,0.0,6.18
2025-03-06,Bengaluru,72,26.29,0.0,5.07
2025-03-07,Bengaluru,72,26.24,0.0,8.12
2025-03-08,Bengaluru,72,26.79,0.0,4.29
2025-03-09,Bengaluru,72,27.44,0.0,10.49
2025-03-10,Bengaluru,72,25.24,0.0,12.65
2025-03-11,Bengaluru,72,23.23,0.0,11.91
2025-03-12,Bengaluru,72,24.89,0.0,8.81
2025-03-13,Bengaluru,72,22.03,0.0,9.22
2025-03-14,Bengaluru,72,22.21,0.0,5.31
2025-03-15,Bengaluru,72,21.75,0.0,6.86
2025-03-16,Bengaluru,72,20.68,0.0,10.71
2025-03-17,Bengaluru,72,22.8,0.0,5.94
2025-03-18,Bengaluru,72,22.65,0.0,5.42
2025-03-19,Bengaluru,72,23.85,0.0,10.22
2025-03-20,Bengaluru,72,26.52,0.0,7.09
2025-03-21,Bengaluru,72,24.28,0.0,8.45
2025-03-22,Bengaluru,72,25.72,0.0,11.01
2025-03-23,Bengaluru,72,26.2,0.0,7.71
2025-03-24,Bengaluru,72,25.58,0.0,4.9
2025-03-25,Bengaluru,72,24.67,0.0,4.58
2025-03-26,Bengaluru,72,25.18,0.0,7.59
2025-03-27,Bengaluru,72,26.84,0.0,13.73
2025-03-28,Bengaluru,72,26.74,0.0,11.26
2025-03-29,Bengaluru,72,28.58,0.0,9.69
2025-03-30,Bengaluru,72,28.08,0.0,5.65
2025-03-31,Bengaluru,72,26.63,0.0,10.36
2025-04-01,Bengaluru,72,28.2,0.0,7.26
2025-04-02,Bengaluru,72,28.7,0.0,7.94
2025-04-03,Bengaluru,72,28.38,0.0,7.47
2025-04-04,Bengaluru,72,26.12,0.0,12.78
2025-04-05,Bengaluru,72,25.23,0.0,13.03
2025-04-06,Bengaluru,72,27.29,0.0,8.15
2025-04-07,Bengaluru,72,28.22,0.0,8.49
2025-04-08,Bengaluru,72,30.54,0.0,16.02
2025-04-09,Bengaluru,72,25.48,0.0,5.74
2025-04-10,Bengaluru,72,23.83,0.0,8.29
2025-04-11,Bengaluru,72,26.07,0.0,12.38
2025-04-12,Bengaluru,72,25.48,0.0,13.65
2025-04-13,Bengaluru,72,29.25,0.0,9.65
2025-04-14,Bengaluru,72,27.2,8.1,12.26
2025-04-15,Bengaluru,72,29.42,5.65,12.06
2025-04-16,Bengaluru,72,29.02,0.0,11.18
2025-04-17,Bengaluru,72,28.6,0.0,13.64
2025-04-18,Bengaluru,72,25.71,7.59,11.42
2025-04-19,Bengaluru,72,26.05,13.87,17.98
2025-04-20,Bengaluru,72,25.39,7.03,6.26
2025-04-21,Bengaluru,72,23.56,0.0,12.16
2025-04-22,Bengaluru,72,27.59,0.0,13.19
2025-04-23,Bengaluru,72,24.73,0.0,11.65
2025-04-24,Bengaluru,72,24.11,16.81,7.66
2025-04-25,Bengaluru,72,27.05,2.45,11.52
2025-04-26,Bengaluru,72,27.23,0.0,8.58
2025-04-27,Bengaluru,72,32.93,0.0,11.03
2025-04-28,Bengaluru,72,31.07,1.16,1.56
2025-04-29,Bengaluru,72,27.55,11.28,16.56
2025-04-30,Bengaluru,72,29.88,5.71,11.21
2025-05-01,Bengaluru,72,26.92,1.89,13.1
2025-05-02,Bengaluru,72,27.99,0.0,10.56
2025-05-03,Bengaluru,72,26.91,0.0,11.73
2025-05-04,Bengaluru,72,30.82,0.0,12.95
2025-05-05,Bengaluru,72,27.87,0.0,10.9
2025-05-06,Bengaluru,72,27.84,51.37,15.87
2025-05-07,Bengaluru,72,27.65,0.65,12.26
2025-05-08,Bengaluru,72,30.92,15.53,15.21
2025-05-09,Bengaluru,72,25.67,0.0,13.1
2025-05-10,Bengaluru,72,26.78,0.0,1.31
2025-05-11,Bengaluru,72,22.58,0.0,4.49
2025-05-12,Bengaluru,72,27.5,0.0,10.61
2025-05-13,Bengaluru,72,24.66,0.0,12.61
2025-05-14,Bengaluru,72,24.34,0.0,8.07
2025-05-15,Bengaluru,72,23.74,11.71,15.59
2025-05-16,Bengaluru,72,25.43,0.6,5.2
2025-05-17,Bengaluru,72,23.85,5.82,6.58
2025-05-18,Bengaluru,72,26.08,3.45,13.4
2025-05-19,Bengaluru,72,29.07,0.0,7.67
2025-05-20,Bengaluru,72,28.2,10.15,13.39
2025-05-21,Bengaluru,72,28.5,0.0,14.48
2025-05-22,Bengaluru,72,30.05,0.0,14.59
2025-05-23,Bengaluru,72,27.94,0.0,10.49
2025-05-24,Bengaluru,72,24.34,27.76,12.63
2025-05-25,Bengaluru,72,24.16,0.0,11.35
2025-05-26,Bengaluru,72,23.36,0.0,10.25
2025-05-27,Bengaluru,72,23.0,0.0,10.01
2025-05-28,Bengaluru,72,23.37,0.91,17.26
2025-05-29,Bengaluru,72,27.62,4.08,11.75
2025-05-30,Bengaluru,72,28.07,0.0,10.2
2025-05-31,Bengaluru,72,27.14,0.0,13.14
2025-06-01,Bengaluru,72,25.43,0.0,16.08
2025-06-02,Bengaluru,72,26.44,0.0,12.28
2025-06-03,Bengaluru,72,26.49,0.0,15.5
2025-06-04,Bengaluru,72,23.27,0.0,18.65
2025-06-05,Bengaluru,72,26.49,0.0,10.04
2025-06-06,Bengaluru,72,23.7,0.0,12.62
2025-06-07,Bengaluru,72,24.47,0.0,11.76
2025-06-08,Bengaluru,72,27.09,0.0,9.18
2025-06-09,Bengaluru,72,25.45,0.0,12.89
2025-06-10,Bengaluru,72,27.0,0.0,11.77
2025-06-11,Bengaluru,72,24.64,0.0,8.42
2025-06-12,Bengaluru,72,31.41,0.0,9.41
2025-06-13,Bengaluru,72,22.68,0.0,11.71
2025-06-14,Bengaluru,72,23.28,0.0,9.11
2025-06-15,Bengaluru,72,21.66,0.0,11.21
2025-06-16,Bengaluru,72,23.58,0.0,15.4
2025-06-17,Bengaluru,72,23.07,0.0,19.85
2025-06-18,Bengaluru,72,24.63,0.0,4.59
2025-06-19,Bengaluru,72,22.11,0.0,10.96
2025-06-20,Bengaluru,72,22.4,0.0,5.56
2025-06-21,Bengaluru,72,19.31,2.88,12.46
2025-06-22,Bengaluru,72,24.29,0.0,12.65
2025-06-23,Bengaluru,72,22.27,0.0,17.04
2025-06-24,Bengaluru,72,22.62,0.0,8.07
2025-06-25,Bengaluru,72,21.13,0.0,14.54
2025-06-26,Bengaluru,72,20.73,0.0,12.52
2025-06-27,Bengaluru,72,21.09,0.0,13.18
2025-06-28,Bengaluru,72,24.27,0.0,14.65
2025-06-29,Bengaluru,72,23.67,0.0,10.02
2025-06-30,Bengaluru,72,24.68,0.8,13.62
2025-07-01,Bengaluru,72,23.37,17.26,11.84
2025-07-02,Bengaluru,72,23.1,0.0,16.58
2025-07-03,Bengaluru,72,26.5,0.0,13.36
2025-07-04,Bengaluru,72,22.7,0.0,13.95
2025-07-05,Bengaluru,72,19.87,0.0,13.75
2025-07-06,Bengaluru,72,20.21,0.0,10.57
2025-07-07,Bengaluru,72,24.07,0.0,12.09
2025-07-08,Bengaluru,72,21.97,4.24,18.84
2025-07-09,Bengaluru,72,22.94,74.97,17.6
2025-07-10,Bengaluru,72,23.83,0.0,14.24
2025-07-11,Bengaluru,72,20.26,3.0,9.86
2025-07-12,Bengaluru,72,21.66,2.37,16.01
2025-07-13,Bengaluru,72,24.45,0.1,17.47
2025-07-14,Bengaluru,72,22.2,0.0,19.13
2025-07-15,Bengaluru,72,21.69,0.0,10.85
2025-07-16,Bengaluru,72,21.31,0.0,10.24
2025-07-17,Bengaluru,72,21.68,10.94,18.69
2025-07-18,Bengaluru,72,20.03,3.91,15.3
2025-07-19,Bengaluru,72,23.71,0.0,11.2
2025-07-20,Bengaluru,72,21.97,0.0,13.34
2025-07-21,Bengaluru,72,24.01,0.0,16.22
2025-07-22,Bengaluru,72,23.4,4.07,12.01
2025-07-23,Bengaluru,72,26.09,0.0,10.72
2025-07-24,Bengaluru,72,27.96,0.0,12.31
2025-07-25,Bengaluru,72,20.41,0.0,17.29
2025-07-26,Bengaluru,72,23.97,0.0,13.96
2025-07-27,Bengaluru,72,22.69,0.0,11.31
2025-07-28,Bengaluru,72,21.09,9.88,6.59
2025-07-29,Bengaluru,72,24.23,0.0,15.13
2025-07-30,Bengaluru,72,20.83,0.0,11.55
2025-07-31,Bengaluru,72,27.51,0.61,11.55
2025-08-01,Bengaluru,72,26.07,58.19,14.6
2025-08-02,Bengaluru,72,27.65,0.0,10.92
2025-08-03,Bengaluru,72,27.35,0.0,8.68
2025-08-04,Bengaluru,72,24.26,0.0,8.65
2025-08-05,Bengaluru,72,22.17,0.0,10.39
2025-08-06,Bengaluru,72,22.22,0.0,12.73
2025-08-07,Bengaluru,72,23.81,0.0,10.59
2025-08-08,Bengaluru,72,24.14,0.0,11.13
2025-08-09,Bengaluru,72,22.21,0.0,4.22
2025-08-10,Bengaluru,72,24.88,0.0,8.22
2025-08-11,Bengaluru,72,21.76,0.0,8.5
2025-08-12,Bengaluru,72,23.87,0.0,12.72
2025-08-13,Bengaluru,72,20.91,0.0,12.93
2025-08-14,Bengaluru,72,20.42,2.28,9.96
2025-08-15,Bengaluru,72,23.1,25.72,19.25
2025-08-16,Bengaluru,72,23.8,1.92,15.44
2025-08-17,Bengaluru,72,22.31,0.0,12.35
2025-08-18,Bengaluru,72,22.26,5.04,13.47
2025-08-19,Bengaluru,72,22.59,0.0,14.42
2025-08-20,Bengaluru,72,24.23,0.0,11.59
2025-08-21,Bengaluru,72,27.27,0.0,14.0
2025-08-22,Bengaluru,72,26.43,0.0,16.18
2025-08-23,Bengaluru,72,20.33,0.0,10.31
2025-08-24,Bengaluru,72,23.0,0.0,9.5
2025-08-25,Bengaluru,72,16.66,0.0,14.75
2025-08-26,Bengaluru,72,22.49,0.0,6.96
2025-08-27,Bengaluru,72,23.83,0.03,9.64
2025-08-28,Bengaluru,72,23.95,0.0,8.77
2025-08-29,Bengaluru,72,24.36,0.0,9.54
2025-08-30,Bengaluru,72,23.2,0.0,10.78
2025-08-31,Bengaluru,72,22.26,0.0,12.92
2025-09-01,Bengaluru,72,25.43,0.0,5.29
2025-09-02,Bengaluru,72,24.15,0.0,6.07
2025-09-03,Bengaluru,72,22.65,0.0,15.27
2025-09-04,Bengaluru,72,22.09,0.0,14.25
2025-09-05,Bengaluru,72,22.4,0.0,11.49
2025-09-06,Bengaluru,72,23.98,0.0,10.27
2025-09-07,Bengaluru,72,24.6,0.0,9.78
2025-09-08,Bengaluru,72,23.04,0.0,12.45
2025-09-09,Bengaluru,72,25.65,0.0,7.66
2025-09-10,Bengaluru,72,23.23,0.0,8.35
2025-09-11,Bengaluru,72,24.86,0.0,12.43
2025-09-12,Bengaluru,72,25.22,0.0,11.54
2025-09-13,Bengaluru,72,24.07,0.0,14.54
2025-09-14,Bengaluru,72,23.87,0.0,10.89
2025-09-15,Bengaluru,72,19.86,0.0,8.76
2025-09-16,Bengaluru,72,22.89,0.0,7.32
2025-09-17,Bengaluru,72,22.15,0.0,4.52
2025-09-18,Bengaluru,72,21.53,0.0,6.33
2025-09-19,Bengaluru,72,24.28,12.93,10.99
2025-09-20,Bengaluru,72,20.85,21.29,18.76
2025-09-21,Bengaluru,72,22.88,0.0,9.0
2025-09-22,Bengaluru,72,23.72,0.0,6.33
2025-09-23,Bengaluru,72,22.61,0.0,9.72
2025-09-24,Bengaluru,72,20.57,0.0,13.01
2025-09-25,Bengaluru,72,20.38,0.0,11.33
2025-09-26,Bengaluru,72,19.74,0.0,8.47
2025-09-27,Bengaluru,72,21.28,0.0,14.16
2025-09-28,Bengaluru,72,23.23,1.58,14.97
2025-09-29,Bengaluru,72,17.0,6.33,12.36
2025-09-30,Bengaluru,72,23.07,0.0,12.71
2023-01-01,Bengaluru,120,15.95,0.0,4.19
2023-01-02,Bengaluru,120,21.93,0.0,1.12
2023-01-03,Bengaluru,120,17.88,0.0,8.34
2023-01-04,Bengaluru,120,16.16,0.0,9.92
2023-01-05,Bengaluru,120,16.59,0.0,8.75
2023-01-06,Bengaluru,120,18.36,0.0,6.22
2023-01-07,Bengaluru,120,18.06,0.0,8.45
2023-01-08,Bengaluru,120,17.91,0.0,6.64
2023-01-09,Bengaluru,120,18.79,0.0,10.93
2023-01-10,Bengaluru,120,18.43,0.0,12.18
2023-01-11,Bengaluru,120,23.64,0.0,10.79
2023-01-12,Bengaluru,120,19.56,0.0,14.07
2023-01-13,Bengaluru,120,17.3,2.74,10.68
2023-01-14,Bengaluru,120,16.42,0.0,8.8
2023-01-15,Bengaluru,120,20.99,0.0,10.04
2023-01-16,Bengaluru,120,19.02,0.0,6.16
2023-01-17,Bengaluru,120,24.86,0.0,4.63
2023-01-18,Bengaluru,120,24.93,0.06,3.96
2023-01-19,Bengaluru,120,27.28,0.0,3.34
2023-01-20,Bengaluru,120,24.65,0.0,8.04
2023-01-21,Bengaluru,120,20.01,0.0,8.91
2023-01-22,Bengaluru,120,22.34,0.0,7.83
2023-01-23,Bengaluru,120,22.88,0.0,8.04
2023-01-24,Bengaluru,120,18.73,0.0,6.18
2023-01-25,Bengaluru,120,18.19,0.0,0.55
2023-01-26,Bengaluru,120,19.76,0.0,11.1
2023-01-27,Bengaluru,120,20.92,0.0,5.25
2023-01-28,Bengaluru,120,22.15,0.0,13.83
2023-01-29,Bengaluru,120,20.56,0.0,1.18
2023-01-30,Bengaluru,120,20.21,0.0,3.26
2023-01-31,Bengaluru,120,19.39,0.0,3.52
2023-02-01,Bengaluru,120,22.45,0.0,6.69
2023-02-02,Bengaluru,120,24.75,0.0,6.22
2023-02-03,Bengaluru,120,22.61,0.0,5.26
2023-02-04,Bengaluru,120,25.73,0.0,4.62
2023-02-05,Bengaluru,120,24.93,0.0,3.28
2023-02-06,Bengaluru,120,22.56,0.0,10.24
2023-02-07,Bengaluru,120,23.05,0.0,0.0
2023-02-08,Bengaluru,120,22.4,0.0,9.67
2023-02-09,Bengaluru,120,23.81,0.0,11.46
2023-02-10,Bengaluru,120,22.03,0.0,6.93
2023-02-11,Bengaluru,120,24.91,0.0,4.2
2023-02-12,Bengaluru,120,19.79,0.0,12.18
2023-02-13,Bengaluru,120,24.79,0.0,7.02
2023-02-14,Bengaluru,120,23.9,0.0,8.74
2023-02-15,Bengaluru,120,21.94,0.0,9.83
2023-02-16,Bengaluru,120,24.0,0.0,13.06
2023-02-17,Bengaluru,120,28.28,0.0,13.53
2023-02-18,Bengaluru,120,23.4,0.0,8.14
2023-02-19,Bengaluru,120,25.54,0.0,0.0
2023-02-20,Bengaluru,120,24.02,0.0,7.54
2023-02-21,Bengaluru,120,22.54,0.0,6.96
2023-02-22,Bengaluru,120,21.64,0.0,3.04
2023-02-23,Bengaluru,120,22.97,0.0,0.0
2023-02-24,Bengaluru,120,22.04,0.0,8.98
2023-02-25,Bengaluru,120,24.56,0.0,11.38
2023-02-26,Bengaluru,120,24.43,0.0,3.5
2023-02-27,Bengaluru,120,23.52,0.0,8.94
2023-02-28,Bengaluru,120,19.94,0.0,5.71
2023-03-01,Bengaluru,120,25.22,0.0,5.37
2023-03-02,Bengaluru,120,27.59,0.0,7.6
2023-03-03,Bengaluru,120,27.56,0.0,5.01
2023-03-04,Bengaluru,120,26.68,0.0,10.91
2023-03-05,Bengaluru,120,26.06,0.0,5.81
2023-03-06,Bengaluru,120,25.19,0.0,7.62
2023-03-07,Bengaluru,120,26.11,0.0,8.56
2023-03-08,Bengaluru,120,23.96,0.0,10.81
2023-03-09,Bengaluru,120,26.2,0.0,6.28
2023-03-10,Bengaluru,120,27.81,0.0,8.06
2023-03-11,Bengaluru,120,30.32,0.0,3.57
2023-03-12,Bengaluru,120,29.44,0.0,5.17
2023-03-13,Bengaluru,120,26.65,0.0,5.77
2023-03-14,Bengaluru,120,26.11,0.0,7.94
2023-03-15,Bengaluru,120,28.37,0.0,10.67
2023-03-16,Bengaluru,120,25.13,0.0,9.71
2023-03-17,Bengaluru,120,23.4,0.0,6.17
2023-03-18,Bengaluru,120,28.56,0.0,12.1
2023-03-19,Bengaluru,120,27.15,0.0,6.66
2023-03-20,Bengaluru,120,29.55,0.0,10.02
2023-03-21,Bengaluru,120,28.68,0.0,12.94
2023-03-22,Bengaluru,120,28.88,0.0,2.79
2023-03-23,Bengaluru,120,28.72,0.0,9.77
2023-03-24,Bengaluru,120,21.63,0.0,6.75
2023-03-25,Bengaluru,120,23.5,0.0,9.48
2023-03-26,Bengaluru,120,26.33,0.0,15.39
2023-03-27,Bengaluru,120,24.05,0.0,2.59
2023-03-28,Bengaluru,120,25.02,0.0,8.96
2023-03-29,Bengaluru,120,24.79,0.0,8.66
2023-03-30,Bengaluru,120,26.73,0.0,14.24
2023-03-31,Bengaluru,120,21.94,0.0,15.1
2023-04-01,Bengaluru,120,25.86,0.0,12.71
2023-04-02,Bengaluru,120,29.67,0.0,10.65
2023-04-03,Bengaluru,120,26.3,0.0,8.6
2023-04-04,Bengaluru,120,25.82,0.0,4.36
2023-04-05,Bengaluru,120,24.42,0.0,14.27
2023-04-06,Bengaluru,120,26.94,0.0,12.44
2023-04-07,Bengaluru,120,25.13,0.0,8.43
2023-04-08,Bengaluru,120,26.96,0.0,10.22
2023-04-09,Bengaluru,120,26.3,0.0,14.59
2023-04-10,Bengaluru,120,27.51,0.0,14.28
2023-04-11,Bengaluru,120,27.08,0.0,17.12
2023-04-12,Bengaluru,120,25.71,0.0,4.2
2023-04-13,Bengaluru,120,27.29,0.0,1.19
2023-04-14,Bengaluru,120,28.52,0.0,10.44
2023-04-15,Bengaluru,120,26.86,7.5,17.2
2023-04-16,Bengaluru,120,24.99,5.56,13.64
2023-04-17,Bengaluru,120,24.4,10.36,15.49
2023-04-18,Bengaluru,120,25.21,0.0,13.19
2023-04-19,Bengaluru,120,27.75,0.0,0.98
2023-04-20,Bengaluru,120,27.53,0.0,11.56
2023-04-21,Bengaluru,120,24.94,0.0,7.15
2023-04-22,Bengaluru,120,26.62,0.0,7.1
2023-04-23,Bengaluru,120,27.0,0.0,9.67
2023-04-24,Bengaluru,120,24.04,0.0,11.57
2023-04-25,Bengaluru,120,23.09,0.0,3.97
2023-04-26,Bengaluru,120,26.51,0.0,15.57
2023-04-27,Bengaluru,120,25.06,0.0,15.69
2023-04-28,Bengaluru,120,30.25,0.0,11.13
2023-04-29,Bengaluru,120,24.99,0.0,15.08
2023-04-30,Bengaluru,120,25.96,0.0,8.82
2023-05-01,Bengaluru,120,24.47,4.67,14.22
2023-05-02,Bengaluru,120,23.95,11.03,12.4
2023-05-03,Bengaluru,120,29.26,0.0,14.48
2023-05-04,Bengaluru,120,28.81,14.27,9.82
2023-05-05,Bengaluru,120,27.41,0.0,10.06
2023-05-06,Bengaluru,120,28.55,0.0,7.97
2023-05-07,Bengaluru,120,30.64,32.87,14.97
2023-05-08,Bengaluru,120,33.91,3.89,9.04
2023-05-09,Bengaluru,120,28.34,9.72,14.28
2023-05-10,Bengaluru,120,29.71,0.0,14.24
2023-05-11,Bengaluru,120,28.42,0.0,18.17
2023-05-12,Bengaluru,120,30.98,0.0,19.08
2023-05-13,Bengaluru,120,24.02,0.0,13.71
2023-05-14,Bengaluru,120,26.28,0.0,9.16
2023-05-15,Bengaluru,120,29.84,0.0,10.11
2023-05-16,Bengaluru,120,27.83,0.0,10.07
2023-05-17,Bengaluru,120,27.63,0.13,9.65
2023-05-18,Bengaluru,120,31.42,9.38,7.36
2023-05-19,Bengaluru,120,29.23,0.0,15.42
2023-05-20,Bengaluru,120,30.33,4.09,16.5
2023-05-21,Bengaluru,120,29.83,0.86,7.73
2023-05-22,Bengaluru,120,26.33,3.12,11.52
2023-05-23,Bengaluru,120,26.47,0.0,11.85
2023-05-24,Bengaluru,120,28.48,0.87,11.8
2023-05-25,Bengaluru,120,25.62,0.0,13.1
2023-05-26,Bengaluru,120,26.29,27.92,16.7
2023-05-27,Bengaluru,120,24.42,3.9,12.55
2023-05-28,Bengaluru,120,27.26,3.43,7.27
2023-05-29,Bengaluru,120,31.23,0.0,9.52
2023-05-30,Bengaluru,120,33.89,0.0,1.59
2023-05-31,Bengaluru,120,28.37,0.0,5.92
2023-06-01,Bengaluru,120,27.27,0.0,14.68
2023-06-02,Bengaluru,120,28.45,0.0,15.51
2023-06-03,Bengaluru,120,23.31,0.0,15.07
2023-06-04,Bengaluru,120,26.92,30.75,19.56
2023-06-05,Bengaluru,120,24.55,55.65,21.36
2023-06-06,Bengaluru,120,23.6,0.0,17.13
2023-06-07,Bengaluru,120,27.43,0.0,14.01
2023-06-08,Bengaluru,120,20.74,0.0,9.33
2023-06-09,Bengaluru,120,23.21,0.0,11.9
2023-06-10,Bengaluru,120,25.48,0.0,4.3
2023-06-11,Bengaluru,120,23.74,0.0,6.88
2023-06-12,Bengaluru,120,28.67,0.0,8.7
2023-06-13,Bengaluru,120,25.68,0.0,8.52
2023-06-14,Bengaluru,120,25.39,0.0,12.72
2023-06-15,Bengaluru,120,26.91,0.0,14.68
2023-06-16,Bengaluru,120,27.04,0.0,4.55
2023-06-17,Bengaluru,120,29.51,0.0,1.73
2023-06-18,Bengaluru,120,27.75,0.0,12.1
2023-06-19,Bengaluru,120,28.38,0.0,22.42
2023-06-20,Bengaluru,120,28.24,0.0,18.75
2023-06-21,Bengaluru,120,23.16,0.0,10.3
2023-06-22,Bengaluru,120,26.35,0.0,15.76
2023-06-23,Bengaluru,120,24.49,0.0,11.1
2023-06-24,Bengaluru,120,24.86,0.0,12.74
2023-06-25,Bengaluru,120,25.77,0.0,8.74
2023-06-26,Bengaluru,120,21.12,0.0,8.67
2023-06-27,Bengaluru,120,28.18,0.0,7.4
2023-06-28,Bengaluru,120,25.97,0.0,18.46
2023-06-29,Bengaluru,120,24.05,0.0,12.8
2023-06-30,Bengaluru,120,25.58,0.0,6.27
2023-07-01,Bengaluru,120,24.64,0.49,11.7
2023-07-02,Bengaluru,120,27.23,5.6,15.18
2023-07-03,Bengaluru,120,24.17,0.0,12.94
2023-07-04,Bengaluru,120,25.61,0.0,11.32
2023-07-05,Bengaluru,120,20.8,0.0,10.1
2023-07-06,Bengaluru,120,21.43,0.0,12.06
2023-07-07,Bengaluru,120,22.25,0.0,15.99
2023-07-08,Bengaluru,120,23.65,0.0,18.48
2023-07-09,Bengaluru,120,24.84,0.0,11.65
2023-07-10,Bengaluru,120,27.18,0.0,12.14
2023-07-11,Bengaluru,120,24.09,0.0,18.06
2023-07-12,Bengaluru,120,26.09,0.0,7.6
2023-07-13,Bengaluru,120,26.1,1.17,6.02
2023-07-14,Bengaluru,120,21.08,28.23,23.01
2023-07-15,Bengaluru,120,25.89,0.4,13.47
2023-07-16,Bengaluru,120,25.96,2.94,15.84
2023-07-17,Bengaluru,120,24.9,2.01,8.69
2023-07-18,Bengaluru,120,26.89,0.0,11.57
2023-07-19,Bengaluru,120,23.53,0.0,14.16
2023-07-20,Bengaluru,120,24.21,0.0,17.26
2023-07-21,Bengaluru,120,21.92,0.0,3.06
2023-07-22,Bengaluru,120,24.14,0.0,18.71
2023-07-23,Bengaluru,120,22.93,0.0,14.96
2023-07-24,Bengaluru,120,21.35,4.87,20.09
2023-07-25,Bengaluru,120,21.01,0.0,14.87
2023-07-26,Bengaluru,120,23.83,0.0,7.56
2023-07-27,Bengaluru,120,22.95,0.0,7.42
2023-07-28,Bengaluru,120,23.35,0.0,13.53
2023-07-29,Bengaluru,120,24.91,0.22,19.9
2023-07-30,Bengaluru,120,25.46,0.0,6.02
2023-07-31,Bengaluru,120,25.92,0.0,8.86
2023-08-01,Bengaluru,120,26.62,4.38,6.0
2023-08-02,Bengaluru,120,23.69,0.0,13.91
2023-08-03,Bengaluru,120,24.26,0.0,10.56
2023-08-04,Bengaluru,120,25.94,4.19,8.86
2023-08-05,Bengaluru,120,24.66,0.0,8.83
2023-08-06,Bengaluru,120,24.03,0.0,14.02
2023-08-07,Bengaluru,120,21.48,3.85,9.83
2023-08-08,Bengaluru,120,23.2,3.61,8.29
2023-08-09,Bengaluru,120,24.32,5.03,13.67
2023-08-10,Bengaluru,120,21.59,3.13,10.12
2023-08-11,Bengaluru,120,22.9,8.33,22.56
2023-08-12,Bengaluru,120,23.89,0.0,16.3
2023-08-13,Bengaluru,120,22.66,0.0,6.57
2023-08-14,Bengaluru,120,23.71,0.0,8.74
2023-08-15,Bengaluru,120,26.8,6.07,21.01
2023-08-16,Bengaluru,120,23.8,0.0,12.25
2023-08-17,Bengaluru,120,28.99,0.0,13.59
2023-08-18,Bengaluru,120,25.97,0.0,12.88
2023-08-19,Bengaluru,120,25.79,0.0,12.16
2023-08-20,Bengaluru,120,23.23,0.0,17.14
2023-08-21,Bengaluru,120,24.97,0.0,8.08
2023-08-22,Bengaluru,120,25.75,0.0,9.99
2023-08-23,Bengaluru,120,25.26,0.0,7.4
2023-08-24,Bengaluru,120,22.19,0.0,21.27
2023-08-25,Bengaluru,120,24.49,0.0,19.59
2023-08-26,Bengaluru,120,25.83,0.0,10.88
2023-08-27,Bengaluru,120,23.01,0.0,13.05
2023-08-28,Bengaluru,120,20.89,0.0,7.23
2023-08-29,Bengaluru,120,24.78,8.54,15.43
2023-08-30,Bengaluru,120,22.76,0.0,16.72
2023-08-31,Bengaluru,120,20.59,3.06,7.3
2023-09-01,Bengaluru,120,18.15,2.96,13.28
2023-09-02,Bengaluru,120,18.48,11.28,7.41
2023-09-03,Bengaluru,120,22.39,26.27,5.71
2023-09-04,Bengaluru,120,21.55,2.18,2.62
2023-09-05,Bengaluru,120,22.33,8.45,7.44
2023-09-06,Bengaluru,120,22.07,2.48,5.0
2023-09-07,Bengaluru,120,20.01,68.06,7.28
2023-09-08,Bengaluru,120,21.22,0.44,3.89
2023-09-09,Bengaluru,120,19.2,9.92,10.89
2023-09-10,Bengaluru,120,20.32,1.96,13.98
2023-09-11,Bengaluru,120,18.74,18.77,11.18
2023-09-12,Bengaluru,120,21.72,1.51,4.64
2023-09-13,Bengaluru,120,21.07,0.0,9.57
2023-09-14,Bengaluru,120,19.09,0.0,5.94
2023-09-15,Bengaluru,120,21.73,0.0,10.62
2023-09-16,Bengaluru,120,21.52,1.66,9.61
2023-09-17,Bengaluru,120,23.59,3.26,5.28
2023-09-18,Bengaluru,120,22.2,36.91,13.53
2023-09-19,Bengaluru,120,18.73,8.95,11.37
2023-09-20,Bengaluru,120,19.19,19.41,17.46
2023-09-21,Bengaluru,120,23.05,49.69,14.44
2023-09-22,Bengaluru,120,21.73,2.93,7.61
2023-09-23,Bengaluru,120,20.85,20.64,13.84
2023-09-24,Bengaluru,120,23.49,0.89,8.03
2023-09-25,Bengaluru,120,26.34,6.13,9.85
2023-09-26,Bengaluru,120,20.76,36.77,11.12
2023-09-27,Bengaluru,120,22.87,8.57,10.49
2023-09-28,Bengaluru,120,26.02,0.0,8.75
2023-09-29,Bengaluru,120,26.41,2.62,11.85
2023-09-30,Bengaluru,120,26.97,0.0,12.42
2023-10-01,Bengaluru,120,26.76,0.0,0.42
2023-10-02,Bengaluru,120,27.49,0.0,5.06
2023-10-03,Bengaluru,120,22.49,0.0,10.46
2023-10-04,Bengaluru,120,25.09,24.55,10.98
2023-10-05,Bengaluru,120,23.0,6.99,4.73
2023-10-06,Bengaluru,120,21.89,0.0,8.54
2023-10-07,Bengaluru,120,19.89,0.0,7.48
2023-10-08,Bengaluru,120,21.63,0.0,8.34
2023-10-09,Bengaluru,120,17.66,0.0,14.25
2023-10-10,Bengaluru,120,21.47,0.0,17.33
2023-10-11,Bengaluru,120,21.82,4.07,10.97
2023-10-12,Bengaluru,120,22.48,0.0,1.47
2023-10-13,Bengaluru,120,23.23,30.87,10.3
2023-10-14,Bengaluru,120,22.59,0.0,11.64
2023-10-15,Bengaluru,120,21.61,6.9,2.05
2023-10-16,Bengaluru,120,24.53,0.0,8.4
2023-10-17,Bengaluru,120,23.84,0.0,5.9
2023-10-18,Bengaluru,120,20.41,0.0,4.3
2023-10-19,Bengaluru,120,21.46,1.01,9.95
2023-10-20,Bengaluru,120,24.15,6.59,10.07
2023-10-21,Bengaluru,120,25.27,46.33,11.49
2023-10-22,Bengaluru,120,21.89,9.76,7.53
2023-10-23,Bengaluru,120,23.04,7.24,13.53
2023-10-24,Bengaluru,120,22.88,0.0,6.94
2023-10-25,Bengaluru,120,18.82,0.0,5.03
2023-10-26,Bengaluru,120,23.75,8.79,4.36
2023-10-27,Bengaluru,120,22.73,38.37,8.54
2023-10-28,Bengaluru,120,22.94,0.0,8.97
2023-10-29,Bengaluru,120,23.45,0.0,1.67
2023-10-30,Bengaluru,120,22.24,0.0,5.36
2023-10-31,Bengaluru,120,24.32,0.0,6.84
2023-11-01,Bengaluru,120,22.0,0.0,0.0
2023-11-02,Bengaluru,120,23.01,0.0,3.25
2023-11-03,Bengaluru,120,19.02,0.0,3.99
2023-11-04,Bengaluru,120,21.26,17.24,12.47
2023-11-05,Bengaluru,120,21.64,0.0,6.62
2023-11-06,Bengaluru,120,21.72,0.0,0.0
2023-11-07,Bengaluru,120,18.16,0.0,4.54
2023-11-08,Bengaluru,120,22.2,10.55,9.06
2023-11-09,Bengaluru,120,21.04,11.52,5.01
2023-11-10,Bengaluru,120,21.55,14.58,4.66
2023-11-11,Bengaluru,120,16.88,0.0,0.27
2023-11-12,Bengaluru,120,20.26,0.0,0.94
2023-11-13,Bengaluru,120,19.12,0.0,6.08
2023-11-14,Bengaluru,120,15.69,0.0,6.57
2023-11-15,Bengaluru,120,19.26,0.0,6.22
2023-11-16,Bengaluru,120,14.65,0.0,11.63
2023-11-17,Bengaluru,120,17.37,0.0,5.43
2023-11-18,Bengaluru,120,18.12,0.0,3.5
2023-11-19,Bengaluru,120,22.43,0.0,1.99
2023-11-20,Bengaluru,120,25.37,0.0,0.0
2023-11-21,Bengaluru,120,21.83,0.0,10.73
2023-11-22,Bengaluru,120,20.31,0.0,4.15
2023-11-23,Bengaluru,120,23.7,0.0,3.82
2023-11-24,Bengaluru,120,21.01,0.0,11.41
2023-11-25,Bengaluru,120,21.28,0.0,2.04
2023-11-26,Bengaluru,120,20.91,0.0,8.93
2023-11-27,Bengaluru,120,20.48,0.0,6.03
2023-11-28,Bengaluru,120,21.13,0.0,5.56
2023-11-29,Bengaluru,120,21.01,0.0,0.59
2023-11-30,Bengaluru,120,22.41,0.0,8.76
2023-12-01,Bengaluru,120,18.66,0.0,8.41
2023-12-02,Bengaluru,120,22.56,0.0,0.0
2023-12-03,Bengaluru,120,24.65,0.0,1.91
2023-12-04,Bengaluru,120,22.6,0.0,7.33
2023-12-05,Bengaluru,120,23.22,0.0,0.0
2023-12-06,Bengaluru,120,20.27,0.0,11.33
2023-12-07,Bengaluru,120,17.47,0.0,0.0
2023-12-08,Bengaluru,120,17.67,0.0,7.65
2023-12-09,Bengaluru,120,18.28,0.0,9.64
2023-12-10,Bengaluru,120,24.3,0.0,3.74
2023-12-11,Bengaluru,120,20.07,0.0,0.0
2023-12-12,Bengaluru,120,20.2,0.0,0.0
2023-12-13,Bengaluru,120,20.31,0.0,11.1
2023-12-14,Bengaluru,120,22.3,0.0,12.72
2023-12-15,Bengaluru,120,21.25,0.0,14.89
2023-12-16,Bengaluru,120,22.42,0.0,4.54
2023-12-17,Bengaluru,120,21.23,0.0,11.45
2023-12-18,Bengaluru,120,23.35,0.0,9.56
2023-12-19,Bengaluru,120,19.63,0.0,12.06
2023-12-20,Bengaluru,120,19.61,0.0,12.58
2023-12-21,Bengaluru,120,20.89,0.0,3.58
2023-12-22,Bengaluru,120,20.93,0.0,6.15
2023-12-23,Bengaluru,120,20.67,0.0,6.93
2023-12-24,Bengaluru,120,23.35,0.0,3.01
2023-12-25,Bengaluru,120,23.89,0.0,4.61
2023-12-26,Bengaluru,120,24.77,0.0,7.89
2023-12-27,Bengaluru,120,20.32,0.0,7.94
2023-12-28,Bengaluru,120,18.54,0.0,9.94
2023-12-29,Bengaluru,120,18.07,0.0,3.87
2023-12-30,Bengaluru,120,19.92,0.0,0.0
2023-12-31,Bengaluru,120,17.56,0.0,0.53
2024-01-01,Bengaluru,120,18.95,0.0,11.51
2024-01-02,Bengaluru,120,19.52,0.0,3.01
2024-01-03,Bengaluru,120,22.51,0.25,7.22
2024-01-04,Bengaluru,120,20.02,0.0,0.46
2024-01-05,Bengaluru,120,25.62,0.43,4.66
2024-01-06,Bengaluru,120,23.22,0.32,7.25
2024-01-07,Bengaluru,120,21.29,0.0,10.14
2024-01-08,Bengaluru,120,18.02,0.0,6.85
2024-01-09,Bengaluru,120,20.05,0.0,2.48
2024-01-10,Bengaluru,120,19.29,0.0,7.39
2024-01-11,Bengaluru,120,18.38,0.0,5.32
2024-01-12,Bengaluru,120,17.52,0.0,4.59
2024-01-13,Bengaluru,120,17.89,0.0,7.23
2024-01-14,Bengaluru,120,19.49,0.0,10.59
2024-01-15,Bengaluru,120,23.81,0.0,6.86
2024-01-16,Bengaluru,120,21.42,0.0,10.97
2024-01-17,Bengaluru,120,22.34,0.0,11.09
2024-01-18,Bengaluru,120,23.36,0.0,11.62
2024-01-19,Bengaluru,120,21.23,0.0,7.74
2024-01-20,Bengaluru,120,21.69,0.0,11.32
2024-01-21,Bengaluru,120,16.69,0.0,5.63
2024-01-22,Bengaluru,120,21.82,0.0,12.55
2024-01-23,Bengaluru,120,17.97,0.0,1.92
2024-01-24,Bengaluru,120,20.96,0.0,3.24
2024-01-25,Bengaluru,120,19.77,0.0,4.18
2024-01-26,Bengaluru,120,23.06,0.0,6.59
2024-01-27,Bengaluru,120,20.18,0.0,8.34
2024-01-28,Bengaluru,120,20.98,0.0,2.43
2024-01-29,Bengaluru,120,23.89,0.0,12.7
2024-01-30,Bengaluru,120,25.9,0.0,10.83
2024-01-31,Bengaluru,120,20.34,0.0,9.79
2024-02-01,Bengaluru,120,26.67,0.0,12.74
2024-02-02,Bengaluru,120,24.81,0.0,6.93
2024-02-03,Bengaluru,120,24.18,0.0,7.54
2024-02-04,Bengaluru,120,25.48,0.0,4.73
2024-02-05,Bengaluru,120,25.14,0.0,8.38
2024-02-06,Bengaluru,120,26.21,0.0,7.59
2024-02-07,Bengaluru,120,25.12,0.0,1.98
2024-02-08,Bengaluru,120,25.38,0.0,10.16
2024-02-09,Bengaluru,120,19.41,0.0,10.65
2024-02-10,Bengaluru,120,22.82,0.0,9.51
2024-02-11,Bengaluru,120,20.8,0.0,8.03
2024-02-12,Bengaluru,120,21.54,0.0,9.11
2024-02-13,Bengaluru,120,23.51,0.0,11.92
2024-02-14,Bengaluru,120,18.91,0.0,14.58
2024-02-15,Bengaluru,120,16.39,0.0,7.71
2024-02-16,Bengaluru,120,20.9,0.0,5.72
2024-02-17,Bengaluru,120,19.18,0.0,11.09
2024-02-18,Bengaluru,120,19.45,0.0,8.68
2024-02-19,Bengaluru,120,19.1,0.0,1.4
2024-02-20,Bengaluru,120,23.77,0.0,5.96
2024-02-21,Bengaluru,120,21.51,0.0,5.52
2024-02-22,Bengaluru,120,24.54,0.0,8.56
2024-02-23,Bengaluru,120,23.59,0.0,4.86
2024-02-24,Bengaluru,120,24.42,0.0,1.96
2024-02-25,Bengaluru,120,24.79,0.0,6.91
2024-02-26,Bengaluru,120,24.06,0.0,7.44
2024-02-27,Bengaluru,120,26.36,0.0,9.12
2024-02-28,Bengaluru,120,24.01,0.0,11.86
2024-02-29,Bengaluru,120,22.49,0.0,8.68
2024-03-01,Bengaluru,120,27.59,0.0,7.87
2024-03-02,Bengaluru,120,26.19,0.0,6.52
2024-03-03,Bengaluru,120,24.79,0.0,13.07
2024-03-04,Bengaluru,120,24.43,0.0,12.23
2024-03-05,Bengaluru,120,25.37,0.0,15.11
2024-03-06,Bengaluru,120,25.1,0.0,11.35
2024-03-07,Bengaluru,120,25.67,0.0,6.87
2024-03-08,Bengaluru,120,28.0,0.0,4.3
2024-03-09,Bengaluru,120,27.71,0.0,14.25
2024-03-10,Bengaluru,120,27.14,0.0,2.14
2024-03-11,Bengaluru,120,27.98,0.0,9.16
2024-03-12,Bengaluru,120,27.21,0.0,4.83
2024-03-13,Bengaluru,120,29.17,0.0,4.78
2024-03-14,Bengaluru,120,26.62,0.0,11.14
2024-03-15,Bengaluru,120,29.12,0.0,15.19
2024-03-16,Bengaluru,120,28.01,1.32,14.63
2024-03-17,Bengaluru,120,30.28,0.0,14.43
2024-03-18,Bengaluru,120,30.19,0.0,10.14
2024-03-19,Bengaluru,120,28.26,0.0,1.21
2024-03-20,Bengaluru,120,27.44,0.0,7.84
2024-03-21,Bengaluru,120,26.67,0.0,2.62
2024-03-22,Bengaluru,120,26.95,0.0,9.6
2024-03-23,Bengaluru,120,29.32,0.0,3.32
2024-03-24,Bengaluru,120,25.85,0.0,5.24
2024-03-25,Bengaluru,120,27.07,0.0,16.86
2024-03-26,Bengaluru,120,27.13,0.0,10.56
2024-03-27,Bengaluru,120,29.35,2.19,0.54
2024-03-28,Bengaluru,120,24.82,0.0,9.95
2024-03-29,Bengaluru,120,26.27,0.0,15.13
2024-03-30,Bengaluru,120,27.85,0.0,6.93
2024-03-31,Bengaluru,120,25.99,0.0,11.72
2024-04-01,Bengaluru,120,24.8,0.0,6.76
2024-04-02,Bengaluru,120,29.5,0.0,12.6
2024-04-03,Bengaluru,120,28.4,3.96,14.84
2024-04-04,Bengaluru,120,28.72,5.21,12.65
2024-04-05,Bengaluru,120,29.04,0.0,6.69
2024-04-06,Bengaluru,120,28.08,0.0,11.26
2024-04-07,Bengaluru,120,28.73,0.0,9.88
2024-04-08,Bengaluru,120,25.24,0.0,12.92
2024-04-09,Bengaluru,120,24.99,0.0,8.11
2024-04-10,Bengaluru,120,32.02,0.0,2.94
2024-04-11,Bengaluru,120,31.29,0.0,8.13
2024-04-12,Bengaluru,120,29.15,2.42,11.0
2024-04-13,Bengaluru,120,31.73,0.0,9.34
2024-04-14,Bengaluru,120,28.16,0.0,3.59
2024-04-15,Bengaluru,120,28.61,0.0,7.29
2024-04-16,Bengaluru,120,23.95,0.0,11.23
2024-04-17,Bengaluru,120,28.61,0.0,15.03
2024-04-18,Bengaluru,120,28.5,0.0,9.25
2024-04-19,Bengaluru,120,28.02,0.0,6.54
2024-04-20,Bengaluru,120,25.45,0.0,7.78
2024-04-21,Bengaluru,120,28.64,0.0,9.15
2024-04-22,Bengaluru,120,27.62,0.0,11.29
2024-04-23,Bengaluru,120,27.03,0.0,10.81
2024-04-24,Bengaluru,120,28.45,0.0,12.03
2024-04-25,Bengaluru,120,27.11,0.0,3.05
2024-04-26,Bengaluru,120,28.37,0.0,8.21
2024-04-27,Bengaluru,120,30.71,0.0,16.14
2024-04-28,Bengaluru,120,30.44,0.0,15.41
2024-04-29,Bengaluru,120,28.23,0.0,8.81
2024-04-30,Bengaluru,120,28.37,0.0,8.6
2024-05-01,Bengaluru,120,24.46,0.0,11.3
2024-05-02,Bengaluru,120,23.67,0.0,9.19
2024-05-03,Bengaluru,120,24.91,0.0,1.33
2024-05-04,Bengaluru,120,25.32,0.0,3.15
2024-05-05,Bengaluru,120,21.14,1.81,12.62
2024-05-06,Bengaluru,120,26.09,5.32,14.65
2024-05-07,Bengaluru,120,26.46,6.08,5.66
2024-05-08,Bengaluru,120,28.15,4.58,7.69
2024-05-09,Bengaluru,120,27.64,0.4,2.29
2024-05-10,Bengaluru,120,25.44,5.7,6.7
2024-05-11,Bengaluru,120,26.27,0.0,3.75
2024-05-12,Bengaluru,120,30.14,0.0,7.87
2024-05-13,Bengaluru,120,28.97,0.0,8.75
2024-05-14,Bengaluru,120,28.84,0.0,11.34
2024-05-15,Bengaluru,120,28.54,0.0,8.81
2024-05-16,Bengaluru,120,25.03,0.0,6.71
2024-05-17,Bengaluru,120,25.68,9.99,10.97
2024-05-18,Bengaluru,120,24.68,3.19,15.78
2024-05-19,Bengaluru,120,26.79,9.87,15.1
2024-05-20,Bengaluru,120,27.65,0.0,13.87
2024-05-21,Bengaluru,120,27.28,0.0,13.18
2024-05-22,Bengaluru,120,26.13,0.0,10.83
2024-05-23,Bengaluru,120,22.47,0.0,6.07
2024-05-24,Bengaluru,120,26.5,0.0,9.55
2024-05-25,Bengaluru,120,25.22,0.0,12.98
2024-05-26,Bengaluru,120,25.56,0.0,12.31
2024-05-27,Bengaluru,120,24.41,0.0,3.58
2024-05-28,Bengaluru,120,25.49,0.06,9.68
2024-05-29,Bengaluru,120,27.24,0.0,12.78
2024-05-30,Bengaluru,120,25.27,0.0,11.87
2024-05-31,Bengaluru,120,22.14,0.0,13.77
2024-06-01,Bengaluru,120,25.16,0.0,11.97
2024-06-02,Bengaluru,120,20.47,0.0,23.34
2024-06-03,Bengaluru,120,18.26,0.0,14.94
2024-06-04,Bengaluru,120,19.46,0.0,13.46
2024-06-05,Bengaluru,120,23.69,0.0,12.33
2024-06-06,Bengaluru,120,26.37,0.0,12.36
2024-06-07,Bengaluru,120,25.85,0.0,13.69
2024-06-08,Bengaluru,120,24.77,0.0,12.73
2024-06-09,Bengaluru,120,23.16,0.0,13.25
2024-06-10,Bengaluru,120,25.47,22.44,13.05
2024-06-11,Bengaluru,120,23.04,0.0,4.61
2024-06-12,Bengaluru,120,20.7,46.07,17.73
2024-06-13,Bengaluru,120,23.87,0.0,8.88
2024-06-14,Bengaluru,120,25.29,0.0,11.1
2024-06-15,Bengaluru,120,24.13,0.0,9.99
2024-06-16,Bengaluru,120,26.25,0.0,14.82
2024-06-17,Bengaluru,120,24.79,0.0,8.16
2024-06-18,Bengaluru,120,23.46,0.0,14.74
2024-06-19,Bengaluru,120,24.42,0.0,12.2
2024-06-20,Bengaluru,120,28.14,0.0,12.9
2024-06-21,Bengaluru,120,22.02,0.0,14.93
2024-06-22,Bengaluru,120,27.0,0.0,11.9
2024-06-23,Bengaluru,120,24.26,0.0,9.81
2024-06-24,Bengaluru,120,23.22,3.96,13.3
2024-06-25,Bengaluru,120,23.97,0.0,15.94
2024-06-26,Bengaluru,120,25.31,0.0,8.76
2024-06-27,Bengaluru,120,25.61,0.0,8.61
2024-06-28,Bengaluru,120,25.05,0.0,9.21
2024-06-29,Bengaluru,120,20.92,0.0,10.93
2024-06-30,Bengaluru,120,27.21,76.74,11.29
2024-07-01,Bengaluru,120,23.89,0.33,19.06
2024-07-02,Bengaluru,120,25.37,0.0,14.4
2024-07-03,Bengaluru,120,21.69,0.0,6.72
2024-07-04,Bengaluru,120,21.23,0.0,10.35
2024-07-05,Bengaluru,120,23.31,0.0,12.8
2024-07-06,Bengaluru,120,23.34,0.0,4.85
2024-07-07,Bengaluru,120,25.21,0.0,10.46
2024-07-08,Bengaluru,120,24.04,11.02,9.68
2024-07-09,Bengaluru,120,19.88,0.0,8.36
2024-07-10,Bengaluru,120,18.5,0.0,9.68
2024-07-11,Bengaluru,120,21.88,0.0,10.1
2024-07-12,Bengaluru,120,22.02,0.0,13.53
2024-07-13,Bengaluru,120,24.03,0.0,9.17
2024-07-14,Bengaluru,120,18.46,0.0,10.12
2024-07-15,Bengaluru,120,22.8,0.0,14.41
2024-07-16,Bengaluru,120,25.1,0.0,7.76
2024-07-17,Bengaluru,120,22.21,0.0,14.34
2024-07-18,Bengaluru,120,18.61,1.38,19.23
2024-07-19,Bengaluru,120,21.83,0.2,14.71
2024-07-20,Bengaluru,120,21.07,0.0,7.29
2024-07-21,Bengaluru,120,24.18,0.0,8.1
2024-07-22,Bengaluru,120,23.94,0.0,10.69
2024-07-23,Bengaluru,120,25.69,0.0,13.04
2024-07-24,Bengaluru,120,22.11,28.11,10.5
2024-07-25,Bengaluru,120,26.25,0.0,13.21
2024-07-26,Bengaluru,120,23.44,0.0,10.23
2024-07-27,Bengaluru,120,22.39,0.0,4.98
2024-07-28,Bengaluru,120,17.84,0.0,11.73
2024-07-29,Bengaluru,120,19.44,0.0,15.24
2024-07-30,Bengaluru,120,21.35,8.45,8.68
2024-07-31,Bengaluru,120,26.31,31.17,10.74
2024-08-01,Bengaluru,120,20.66,0.0,5.7
2024-08-02,Bengaluru,120,25.18,0.0,11.11
2024-08-03,Bengaluru,120,19.78,0.0,13.31
2024-08-04,Bengaluru,120,21.94,10.33,16.74
2024-08-05,Bengaluru,120,20.23,5.77,4.43
2024-08-06,Bengaluru,120,25.9,2.19,9.14
2024-08-07,Bengaluru,120,23.21,9.96,3.54
2024-08-08,Bengaluru,120,23.86,1.94,8.69
2024-08-09,Bengaluru,120,26.77,7.19,15.76
2024-08-10,Bengaluru,120,22.18,16.55,16.22
2024-08-11,Bengaluru,120,26.11,5.62,7.38
2024-08-12,Bengaluru,120,23.45,0.0,11.25
2024-08-13,Bengaluru,120,26.75,0.0,16.4
2024-08-14,Bengaluru,120,22.76,8.6,10.92
2024-08-15,Bengaluru,120,22.63,0.0,11.31
2024-08-16,Bengaluru,120,22.21,0.0,10.13
2024-08-17,Bengaluru,120,22.71,3.06,14.85
2024-08-18,Bengaluru,120,23.36,0.0,5.53
2024-08-19,Bengaluru,120,22.58,4.67,5.97
2024-08-20,Bengaluru,120,24.95,9.59,12.55
2024-08-21,Bengaluru,120,21.15,56.69,14.27
2024-08-22,Bengaluru,120,20.77,14.62,15.26
2024-08-23,Bengaluru,120,24.15,0.0,16.35
2024-08-24,Bengaluru,120,26.48,0.0,16.54
2024-08-25,Bengaluru,120,23.72,0.0,16.37
2024-08-26,Bengaluru,120,20.7,0.0,12.93
2024-08-27,Bengaluru,120,19.43,1.2,16.11
2024-08-28,Bengaluru,120,23.05,21.4,17.63
2024-08-29,Bengaluru,120,21.01,0.0,9.67
2024-08-30,Bengaluru,120,20.41,0.0,12.12
2024-08-31,Bengaluru,120,18.72,0.0,10.59
2024-09-01,Bengaluru,120,19.7,0.0,2.76
2024-09-02,Bengaluru,120,22.71,0.0,3.12
2024-09-03,Bengaluru,120,21.56,7.68,4.2
2024-09-04,Bengaluru,120,21.45,23.7,12.58
2024-09-05,Bengaluru,120,23.61,0.3,7.49
2024-09-06,Bengaluru,120,24.94,13.94,3.87
2024-09-07,Bengaluru,120,22.2,12.69,11.33
2024-09-08,Bengaluru,120,22.43,1.85,7.76
2024-09-09,Bengaluru,120,21.8,12.89,6.52
2024-09-10,Bengaluru,120,23.11,0.91,10.17
2024-09-11,Bengaluru,120,24.28,0.0,9.89
2024-09-12,Bengaluru,120,22.45,1.55,13.19
2024-09-13,Bengaluru,120,23.48,14.28,11.39
2024-09-14,Bengaluru,120,23.1,9.35,4.82
2024-09-15,Bengaluru,120,23.1,28.67,11.43
2024-09-16,Bengaluru,120,24.01,0.32,8.0
2024-09-17,Bengaluru,120,27.07,7.56,6.46
2024-09-18,Bengaluru,120,20.61,0.0,14.07
2024-09-19,Bengaluru,120,27.77,56.73,12.98
2024-09-20,Bengaluru,120,24.7,14.02,11.54
2024-09-21,Bengaluru,120,25.26,2.97,6.98
2024-09-22,Bengaluru,120,26.42,24.02,12.91
2024-09-23,Bengaluru,120,26.52,0.0,10.3
2024-09-24,Bengaluru,120,24.83,15.12,7.62
2024-09-25,Bengaluru,120,26.84,7.48,8.36
2024-09-26,Bengaluru,120,27.55,3.06,11.51
2024-09-27,Bengaluru,120,28.09,1.31,5.24
2024-09-28,Bengaluru,120,29.71,2.28,17.27
2024-09-29,Bengaluru,120,27.01,3.01,15.36
2024-09-30,Bengaluru,120,25.74,0.07,10.07
2024-10-01,Bengaluru,120,25.02,10.08,10.9
2024-10-02,Bengaluru,120,24.14,7.27,7.44
2024-10-03,Bengaluru,120,27.78,0.0,15.22
2024-10-04,Bengaluru,120,25.28,4.63,8.41
2024-10-05,Bengaluru,120,23.76,6.83,15.13
2024-10-06,Bengaluru,120,22.35,1.96,14.66
2024-10-07,Bengaluru,120,22.09,4.64,12.1
2024-10-08,Bengaluru,120,25.05,13.54,3.44
2024-10-09,Bengaluru,120,19.89,37.7,12.81
2024-10-10,Bengaluru,120,17.4,0.0,0.0
2024-10-11,Bengaluru,120,20.79,0.0,0.0
2024-10-12,Bengaluru,120,21.53,0.0,5.77
2024-10-13,Bengaluru,120,26.77,0.0,6.38
2024-10-14,Bengaluru,120,22.25,0.0,5.64
2024-10-15,Bengaluru,120,24.95,0.0,7.24
2024-10-16,Bengaluru,120,25.06,0.0,2.32
2024-10-17,Bengaluru,120,24.44,0.0,12.12
2024-10-18,Bengaluru,120,24.16,0.0,6.89
2024-10-19,Bengaluru,120,21.6,0.0,12.7
2024-10-20,Bengaluru,120,21.55,0.78,10.47
2024-10-21,Bengaluru,120,25.07,12.08,12.07
2024-10-22,Bengaluru,120,24.22,22.85,20.88
2024-10-23,Bengaluru,120,26.23,7.59,11.6
2024-10-24,Bengaluru,120,23.17,28.34,4.72
2024-10-25,Bengaluru,120,21.45,17.31,7.58
2024-10-26,Bengaluru,120,25.06,0.0,3.55
2024-10-27,Bengaluru,120,25.52,0.0,5.76
2024-10-28,Bengaluru,120,23.84,0.0,4.94
2024-10-29,Bengaluru,120,22.96,0.0,3.59
2024-10-30,Bengaluru,120,20.02,0.0,7.35
2024-10-31,Bengaluru,120,19.58,0.0,2.86
2024-11-01,Bengaluru,120,16.5,0.0,2.45
2024-11-02,Bengaluru,120,19.23,4.86,8.55
2024-11-03,Bengaluru,120,22.21,0.0,6.26
2024-11-04,Bengaluru,120,20.48,0.0,5.25
2024-11-05,Bengaluru,120,18.4,15.3,9.05
2024-11-06,Bengaluru,120,18.37,3.6,7.86
2024-11-07,Bengaluru,120,18.18,33.43,13.65
2024-11-08,Bengaluru,120,16.93,0.0,4.15
2024-11-09,Bengaluru,120,19.23,0.0,11.19
2024-11-10,Bengaluru,120,18.27,0.0,9.74
2024-11-11,Bengaluru,120,20.51,0.0,3.9
2024-11-12,Bengaluru,120,18.85,0.0,5.37
2024-11-13,Bengaluru,120,22.03,5.86,12.52
2024-11-14,Bengaluru,120,20.32,0.0,3.82
2024-11-15,Bengaluru,120,23.3,0.0,2.22
2024-11-16,Bengaluru,120,25.99,15.63,3.82
2024-11-17,Bengaluru,120,23.22,0.0,3.47
2024-11-18,Bengaluru,120,24.14,0.0,12.27
2024-11-19,Bengaluru,120,22.07,0.0,1.87
2024-11-20,Bengaluru,120,22.26,0.0,4.72
2024-11-21,Bengaluru,120,21.63,0.0,11.1
2024-11-22,Bengaluru,120,17.77,8.39,6.2
2024-11-23,Bengaluru,120,20.05,13.84,2.48
2024-11-24,Bengaluru,120,21.92,2.05,6.04
2024-11-25,Bengaluru,120,20.69,0.0,6.43
2024-11-26,Bengaluru,120,18.72,0.0,6.58
2024-11-27,Bengaluru,120,19.0,0.0,6.23
2024-11-28,Bengaluru,120,19.51,0.0,6.03
2024-11-29,Bengaluru,120,20.74,0.0,7.37
2024-11-30,Bengaluru,120,21.67,1.81,4.03
2024-12-01,Bengaluru,120,18.62,0.0,7.56
2024-12-02,Bengaluru,120,21.11,0.0,7.14
2024-12-03,Bengaluru,120,23.91,0.0,9.39
2024-12-04,Bengaluru,120,18.85,0.0,9.98
2024-12-05,Bengaluru,120,19.05,0.0,5.39
2024-12-06,Bengaluru,120,24.91,0.0,10.25
2024-12-07,Bengaluru,120,22.33,0.0,3.56
2024-12-08,Bengaluru,120,17.53,0.0,6.78
2024-12-09,Bengaluru,120,19.49,0.0,9.18
2024-12-10,Bengaluru,120,20.63,0.0,10.26
2024-12-11,Bengaluru,120,20.13,0.0,8.56
2024-12-12,Bengaluru,120,19.72,0.0,8.85
2024-12-13,Bengaluru,120,25.45,0.0,7.31
2024-12-14,Bengaluru,120,21.9,0.0,7.63
2024-12-15,Bengaluru,120,21.94,0.0,5.62
2024-12-16,Bengaluru,120,20.92,0.0,8.1
2024-12-17,Bengaluru,120,21.17,0.0,7.32
2024-12-18,Bengaluru,120,17.82,0.0,10.98
2024-12-19,Bengaluru,120,20.79,0.0,4.44
2024-12-20,Bengaluru,120,20.43,0.0,3.02
2024-12-21,Bengaluru,120,20.54,0.0,8.92
2024-12-22,Bengaluru,120,22.79,0.0,13.24
2024-12-23,Bengaluru,120,19.36,0.0,8.13
2024-12-24,Bengaluru,120,19.6,0.0,0.29
2024-12-25,Bengaluru,120,17.64,0.0,8.49
2024-12-26,Bengaluru,120,20.58,0.0,0.0
2024-12-27,Bengaluru,120,19.23,70.26,20.86
2024-12-28,Bengaluru,120,23.46,0.0,6.11
2024-12-29,Bengaluru,120,22.63,0.0,4.38
2024-12-30,Bengaluru,120,21.5,0.0,7.05
2024-12-31,Bengaluru,120,18.72,0.0,3.24
2025-01-01,Bengaluru,120,20.6,0.0,9.16
2025-01-02,Bengaluru,120,22.3,0.0,8.61
2025-01-03,Bengaluru,120,22.06,0.0,6.76
2025-01-04,Bengaluru,120,22.72,0.0,11.37
2025-01-05,Bengaluru,120,20.67,0.0,9.79
2025-01-06,Bengaluru,120,21.77,0.0,4.1
2025-01-07,Bengaluru,120,18.59,0.0,12.39
2025-01-08,Bengaluru,120,20.84,0.0,8.84
2025-01-09,Bengaluru,120,20.73,0.0,5.61
2025-01-10,Bengaluru,120,20.2,0.0,13.12
2025-01-11,Bengaluru,120,21.65,0.0,0.0
2025-01-12,Bengaluru,120,20.06,0.0,6.66
2025-01-13,Bengaluru,120,19.93,0.0,4.2
2025-01-14,Bengaluru,120,22.89,0.0,2.87
2025-01-15,Bengaluru,120,22.29,0.0,0.0
2025-01-16,Bengaluru,120,21.23,0.0,8.01
2025-01-17,Bengaluru,120,23.05,0.0,9.26
2025-01-18,Bengaluru,120,22.13,0.0,6.14
2025-01-19,Bengaluru,120,19.92,0.0,4.92
2025-01-20,Bengaluru,120,20.85,0.0,11.95
2025-01-21,Bengaluru,120,21.44,0.0,11.05
2025-01-22,Bengaluru,120,19.37,0.0,8.78
2025-01-23,Bengaluru,120,15.62,0.0,1.67
2025-01-24,Bengaluru,120,19.97,0.0,0.0
2025-01-25,Bengaluru,120,18.98,0.0,3.74
2025-01-26,Bengaluru,120,18.85,0.0,5.2
2025-01-27,Bengaluru,120,19.28,0.0,4.64
2025-01-28,Bengaluru,120,22.37,0.0,2.74
2025-01-29,Bengaluru,120,17.33,0.0,4.84
2025-01-30,Bengaluru,120,21.36,0.0,5.42
2025-01-31,Bengaluru,120,15.49,0.0,0.0
2025-02-01,Bengaluru,120,20.51,0.0,0.0
2025-02-02,Bengaluru,120,20.3,0.0,9.73
2025-02-03,Bengaluru,120,16.86,0.0,4.49
2025-02-04,Bengaluru,120,25.94,0.0,10.47
2025-02-05,Bengaluru,120,20.98,0.0,8.86
2025-02-06,Bengaluru,120,22.14,0.0,7.54
2025-02-07,Bengaluru,120,23.19,0.0,4.21
2025-02-08,Bengaluru,120,24.92,0.0,4.13
2025-02-09,Bengaluru,120,22.64,0.0,6.59
2025-02-10,Bengaluru,120,23.15,0.0,8.07
2025-02-11,Bengaluru,120,26.32,0.0,3.36
2025-02-12,Bengaluru,120,28.63,0.0,3.28
2025-02-13,Bengaluru,120,23.36,0.0,4.11
2025-02-14,Bengaluru,120,23.96,0.0,9.25
2025-02-15,Bengaluru,120,29.27,0.0,7.06
2025-02-16,Bengaluru,120,24.97,0.0,4.71
2025-02-17,Bengaluru,120,23.19,0.0,9.98
2025-02-18,Bengaluru,120,25.73,0.0,5.54
2025-02-19,Bengaluru,120,27.18,0.0,17.52
2025-02-20,Bengaluru,120,21.19,0.0,6.83
2025-02-21,Bengaluru,120,19.66,0.0,4.94
2025-02-22,Bengaluru,120,21.31,0.0,4.86
2025-02-23,Bengaluru,120,20.14,0.0,8.27
2025-02-24,Bengaluru,120,21.09,0.0,3.69
2025-02-25,Bengaluru,120,18.69,0.0,9.71
2025-02-26,Bengaluru,120,20.9,0.0,5.21
2025-02-27,Bengaluru,120,23.68,0.0,9.13
2025-02-28,Bengaluru,120,19.06,0.0,7.24
2025-03-01,Bengaluru,120,27.76,0.0,5.74
2025-03-02,Bengaluru,120,20.89,0.0,7.91
2025-03-03,Bengaluru,120,24.14,0.0,2.77
2025-03-04,Bengaluru,120,28.55,0.0,11.94
2025-03-05,Bengaluru,120,28.63,0.0,8.35
2025-03-06,Bengaluru,120,25.35,0.0,6.83
2025-03-07,Bengaluru,120,24.71,0.0,3.17
2025-03-08,Bengaluru,120,28.39,0.0,8.12
2025-03-09,Bengaluru,120,26.38,0.0,0.0
2025-03-10,Bengaluru,120,27.6,0.0,6.82
2025-03-11,Bengaluru,120,25.34,0.0,1.5
2025-03-12,Bengaluru,120,26.21,0.0,3.32
2025-03-13,Bengaluru,120,21.15,0.0,2.56
2025-03-14,Bengaluru,120,22.64,0.0,5.93
2025-03-15,Bengaluru,120,23.64,0.0,2.19
2025-03-16,Bengaluru,120,22.9,0.0,0.67
2025-03-17,Bengaluru,120,20.26,0.0,10.06
2025-03-18,Bengaluru,120,24.02,0.0,1.72
2025-03-19,Bengaluru,120,24.2,0.0,9.04
2025-03-20,Bengaluru,120,23.12,0.0,12.26
2025-03-21,Bengaluru,120,23.54,0.0,13.28
2025-03-22,Bengaluru,120,24.94,0.0,5.44
2025-03-23,Bengaluru,120,24.98,0.0,5.19
2025-03-24,Bengaluru,120,25.63,0.0,0.0
2025-03-25,Bengaluru,120,21.26,0.0,11.35
2025-03-26,Bengaluru,120,28.39,0.0,4.04
2025-03-27,Bengaluru,120,22.88,0.0,9.82
2025-03-28,Bengaluru,120,26.12,0.0,9.36
2025-03-29,Bengaluru,120,27.17,0.0,6.37
2025-03-30,Bengaluru,120,28.32,0.0,12.11
2025-03-31,Bengaluru,120,27.51,0.0,9.52
2025-04-01,Bengaluru,120,24.47,0.0,10.22
2025-04-02,Bengaluru,120,27.92,0.0,7.16
2025-04-03,Bengaluru,120,26.02,0.0,5.35
2025-04-04,Bengaluru,120,28.4,0.0,14.83
2025-04-05,Bengaluru,120,28.4,0.0,9.58
2025-04-06,Bengaluru,120,30.21,0.0,6.04
2025-04-07,Bengaluru,120,29.74,0.0,8.6
2025-04-08,Bengaluru,120,28.6,0.0,8.74
2025-04-09,Bengaluru,120,25.78,0.0,6.74
2025-04-10,Bengaluru,120,22.87,0.0,14.38
2025-04-11,Bengaluru,120,23.33,0.0,11.89
2025-04-12,Bengaluru,120,25.09,0.0,15.12
2025-04-13,Bengaluru,120,27.39,0.0,2.6
2025-04-14,Bengaluru,120,28.68,7.0,15.24
2025-04-15,Bengaluru,120,29.72,8.81,12.56
2025-04-16,Bengaluru,120,28.64,0.0,12.46
2025-04-17,Bengaluru,120,28.97,0.0,15.69
2025-04-18,Bengaluru,120,28.85,11.74,10.42
2025-04-19,Bengaluru,120,25.78,15.05,17.82
2025-04-20,Bengaluru,120,26.9,2.71,13.28
2025-04-21,Bengaluru,120,25.72,0.0,14.61
2025-04-22,Bengaluru,120,24.45,0.0,4.2
2025-04-23,Bengaluru,120,25.92,0.0,8.68
2025-04-24,Bengaluru,120,26.3,9.57,6.84
2025-04-25,Bengaluru,120,26.15,0.0,7.78
2025-04-26,Bengaluru,120,26.09,0.0,8.74
2025-04-27,Bengaluru,120,26.71,0.0,4.74
2025-04-28,Bengaluru,120,30.8,2.66,5.17
2025-04-29,Bengaluru,120,30.86,33.78,12.44
2025-04-30,Bengaluru,120,28.17,10.82,12.98
2025-05-01,Bengaluru,120,24.17,2.01,4.78
2025-05-02,Bengaluru,120,26.81,0.0,9.3
2025-05-03,Bengaluru,120,27.47,0.0,5.45
2025-05-04,Bengaluru,120,28.89,0.0,14.28
2025-05-05,Bengaluru,120,28.12,0.0,12.78
2025-05-06,Bengaluru,120,25.76,9.42,15.88
2025-05-07,Bengaluru,120,32.54,0.83,10.19
2025-05-08,Bengaluru,120,27.21,3.65,15.72
2025-05-09,Bengaluru,120,27.96,0.0,10.07
2025-05-10,Bengaluru,120,25.65,0.0,2.76
2025-05-11,Bengaluru,120,24.26,0.0,10.51
2025-05-12,Bengaluru,120,25.34,0.0,13.38
2025-05-13,Bengaluru,120,28.19,0.0,16.11
2025-05-14,Bengaluru,120,28.03,0.0,15.87
2025-05-15,Bengaluru,120,21.76,0.0,9.76
2025-05-16,Bengaluru,120,26.62,0.73,9.52
2025-05-17,Bengaluru,120,24.29,2.54,7.42
2025-05-18,Bengaluru,120,24.64,4.04,9.36
2025-05-19,Bengaluru,120,27.33,0.0,6.04
2025-05-20,Bengaluru,120,27.04,17.69,17.28
2025-05-21,Bengaluru,120,27.42,0.0,11.92
2025-05-22,Bengaluru,120,26.35,0.0,14.32
2025-05-23,Bengaluru,120,28.68,0.0,17.95
2025-05-24,Bengaluru,120,27.72,26.72,14.96
2025-05-25,Bengaluru,120,24.8,0.0,7.79
2025-05-26,Bengaluru,120,21.67,0.0,11.04
2025-05-27,Bengaluru,120,26.6,0.0,7.06
2025-05-28,Bengaluru,120,25.69,16.86,9.81
2025-05-29,Bengaluru,120,30.72,3.14,15.94
2025-05-30,Bengaluru,120,29.44,0.0,10.87
2025-05-31,Bengaluru,120,27.16,0.0,5.18
2025-06-01,Bengaluru,120,28.22,0.0,7.58
2025-06-02,Bengaluru,120,22.94,0.0,15.08
2025-06-03,Bengaluru,120,28.88,0.0,4.6
2025-06-04,Bengaluru,120,26.53,8.6,11.72
2025-06-05,Bengaluru,120,25.97,0.0,7.37
2025-06-06,Bengaluru,120,25.17,0.0,11.05
2025-06-07,Bengaluru,120,28.34,0.0,14.29
2025-06-08,Bengaluru,120,30.23,0.0,6.68
2025-06-09,Bengaluru,120,26.14,0.0,7.41
2025-06-10,Bengaluru,120,28.37,0.0,9.96
2025-06-11,Bengaluru,120,24.72,0.0,17.75
2025-06-12,Bengaluru,120,29.61,0.0,11.98
2025-06-13,Bengaluru,120,23.67,0.0,11.9
2025-06-14,Bengaluru,120,23.39,0.0,12.54
2025-06-15,Bengaluru,120,22.48,0.0,11.12
2025-06-16,Bengaluru,120,23.59,0.0,11.61
2025-06-17,Bengaluru,120,19.52,0.0,16.13
2025-06-18,Bengaluru,120,23.77,0.0,15.24
2025-06-19,Bengaluru,120,21.43,0.0,12.99
2025-06-20,Bengaluru,120,24.16,0.0,8.86
2025-06-21,Bengaluru,120,22.81,3.22,1.1
2025-06-22,Bengaluru,120,21.53,0.0,11.93
2025-06-23,Bengaluru,120,23.45,0.0,12.86
2025-06-24,Bengaluru,120,22.0,0.0,10.8
2025-06-25,Bengaluru,120,23.69,0.0,10.52
2025-06-26,Bengaluru,120,21.48,0.0,13.2
2025-06-27,Bengaluru,120,23.47,0.0,15.55
2025-06-28,Bengaluru,120,23.39,0.0,12.71
2025-06-29,Bengaluru,120,25.61,0.0,13.16
2025-06-30,Bengaluru,120,23.7,1.83,8.66
2025-07-01,Bengaluru,120,25.08,14.14,15.82
2025-07-02,Bengaluru,120,24.21,0.0,16.74
2025-07-03,Bengaluru,120,22.66,0.0,14.39
2025-07-04,Bengaluru,120,23.7,0.0,12.14
2025-07-05,Bengaluru,120,20.54,0.0,13.84
2025-07-06,Bengaluru,120,24.62,0.0,4.02
2025-07-07,Bengaluru,120,26.91,0.0,14.1
2025-07-08,Bengaluru,120,20.31,5.02,7.48
2025-07-09,Bengaluru,120,24.23,22.45,25.76
2025-07-10,Bengaluru,120,23.15,0.0,19.42
2025-07-11,Bengaluru,120,19.83,2.72,9.91
2025-07-12,Bengaluru,120,19.53,0.0,20.52
2025-07-13,Bengaluru,120,23.69,30.37,21.03
2025-07-14,Bengaluru,120,22.56,0.0,10.32
2025-07-15,Bengaluru,120,20.54,0.0,15.47
2025-07-16,Bengaluru,120,21.37,0.0,14.41
2025-07-17,Bengaluru,120,18.17,41.86,19.57
2025-07-18,Bengaluru,120,22.21,4.22,13.74
2025-07-19,Bengaluru,120,23.65,0.0,17.13
2025-07-20,Bengaluru,120,24.65,0.0,8.13
2025-07-21,Bengaluru,120,20.67,0.0,9.71
2025-07-22,Bengaluru,120,25.85,13.18,8.48
2025-07-23,Bengaluru,120,25.94,20.64,12.37
2025-07-24,Bengaluru,120,25.57,16.49,14.81
2025-07-25,Bengaluru,120,24.75,0.0,9.08
2025-07-26,Bengaluru,120,26.4,0.0,12.04
2025-07-27,Bengaluru,120,20.59,0.0,3.61
2025-07-28,Bengaluru,120,22.45,3.96,9.27
2025-07-29,Bengaluru,120,24.09,0.0,9.08
2025-07-30,Bengaluru,120,23.04,0.0,14.06
2025-07-31,Bengaluru,120,26.31,0.1,12.92
2025-08-01,Bengaluru,120,24.04,0.0,18.0
2025-08-02,Bengaluru,120,23.68,0.0,6.0
2025-08-03,Bengaluru,120,24.61,0.0,9.14
2025-08-04,Bengaluru,120,22.1,0.0,13.41
2025-08-05,Bengaluru,120,21.62,0.0,9.42
2025-08-06,Bengaluru,120,23.7,0.0,14.58
2025-08-07,Bengaluru,120,26.86,0.0,9.64
2025-08-08,Bengaluru,120,24.6,0.0,7.82
2025-08-09,Bengaluru,120,21.99,0.0,10.46
2025-08-10,Bengaluru,120,23.5,0.0,6.73
2025-08-11,Bengaluru,120,22.81,0.0,6.58
2025-08-12,Bengaluru,120,22.67,0.0,12.1
2025-08-13,Bengaluru,120,21.62,0.0,14.88
2025-08-14,Bengaluru,120,20.96,3.66,17.55
2025-08-15,Bengaluru,120,21.03,58.24,21.19
2025-08-16,Bengaluru,120,22.09,4.7,11.69
2025-08-17,Bengaluru,120,23.72,10.28,13.85
2025-08-18,Bengaluru,120,22.37,2.34,13.58
2025-08-19,Bengaluru,120,21.94,0.04,9.41
2025-08-20,Bengaluru,120,25.81,0.0,12.75
2025-08-21,Bengaluru,120,23.78,0.0,11.6
2025-08-22,Bengaluru,120,25.89,0.0,13.51
2025-08-23,Bengaluru,120,23.0,0.0,9.21
2025-08-24,Bengaluru,120,23.62,0.0,3.37
2025-08-25,Bengaluru,120,17.85,0.0,12.43
2025-08-26,Bengaluru,120,23.12,0.0,11.29
2025-08-27,Bengaluru,120,22.16,2.81,11.54
2025-08-28,Bengaluru,120,23.86,0.0,8.77
2025-08-29,Bengaluru,120,20.56,0.0,8.08
2025-08-30,Bengaluru,120,21.07,0.0,6.56
2025-08-31,Bengaluru,120,21.95,0.0,8.81
2025-09-01,Bengaluru,120,24.32,0.0,4.72
2025-09-02,Bengaluru,120,22.82,0.0,7.58
2025-09-03,Bengaluru,120,25.72,0.0,6.98
2025-09-04,Bengaluru,120,26.59,0.0,10.36
2025-09-05,Bengaluru,120,22.44,0.0,11.08
2025-09-06,Bengaluru,120,21.63,0.0,13.1
2025-09-07,Bengaluru,120,26.46,0.0,6.6
2025-09-08,Bengaluru,120,22.35,0.0,14.82
2025-09-09,Bengaluru,120,24.3,0.0,12.08
2025-09-10,Bengaluru,120,22.69,0.0,4.33
2025-09-11,Bengaluru,120,25.47,0.0,16.1
2025-09-12,Bengaluru,120,24.28,0.0,6.96
2025-09-13,Bengaluru,120,25.26,0.0,12.59
2025-09-14,Bengaluru,120,18.72,0.0,14.1
2025-09-15,Bengaluru,120,16.4,0.0,8.34
2025-09-16,Bengaluru,120,22.8,0.0,9.06
2025-09-17,Bengaluru,120,22.31,0.0,7.69
2025-09-18,Bengaluru,120,24.57,0.0,1.66
2025-09-19,Bengaluru,120,22.64,15.46,10.47
2025-09-20,Bengaluru,120,21.43,16.55,13.58
2025-09-21,Bengaluru,120,22.51,9.38,11.92
2025-09-22,Bengaluru,120,21.58,0.0,9.71
2025-09-23,Bengaluru,120,24.17,0.0,6.6
2025-09-24,Bengaluru,120,20.57,0.0,17.56
2025-09-25,Bengaluru,120,16.44,0.0,6.07
2025-09-26,Bengaluru,120,18.45,0.0,9.34
2025-09-27,Bengaluru,120,18.99,0.0,11.23
2025-09-28,Bengaluru,120,21.33,0.58,7.4
2025-09-29,Bengaluru,120,20.97,7.92,13.12
2025-09-30,Bengaluru,120,21.85,18.42,8.11
2023-01-01,Bengaluru,168,21.53,0.0,2.52
2023-01-02,Bengaluru,168,18.18,0.0,1.22
2023-01-03,Bengaluru,168,16.97,0.0,5.61
2023-01-04,Bengaluru,168,18.36,0.0,9.68
2023-01-05,Bengaluru,168,22.43,0.0,0.0
2023-01-06,Bengaluru,168,16.22,0.0,9.4
2023-01-07,Bengaluru,168,19.2,0.0,6.14
2023-01-08,Bengaluru,168,21.43,0.0,3.47
2023-01-09,Bengaluru,168,18.94,0.0,11.27
2023-01-10,Bengaluru,168,17.35,0.0,7.54
2023-01-11,Bengaluru,168,15.3,0.0,14.24
2023-01-12,Bengaluru,168,21.4,0.0,13.56
2023-01-13,Bengaluru,168,20.36,3.14,15.67
2023-01-14,Bengaluru,168,18.2,0.0,2.67
2023-01-15,Bengaluru,168,15.1,0.0,9.18
2023-01-16,Bengaluru,168,17.93,0.0,12.54
2023-01-17,Bengaluru,168,23.91,0.0,9.72
2023-01-18,Bengaluru,168,24.32,0.0,6.76
2023-01-19,Bengaluru,168,23.14,0.0,4.1
2023-01-20,Bengaluru,168,20.1,0.0,2.39
2023-01-21,Bengaluru,168,21.0,0.0,8.87
2023-01-22,Bengaluru,168,20.7,0.0,9.89
2023-01-23,Bengaluru,168,20.25,0.0,5.31
2023-01-24,Bengaluru,168,18.28,0.0,3.29
2023-01-25,Bengaluru,168,19.13,0.0,2.26
2023-01-26,Bengaluru,168,21.11,0.0,4.28
2023-01-27,Bengaluru,168,20.03,0.0,0.0
2023-01-28,Bengaluru,168,21.64,0.0,8.41
2023-01-29,Bengaluru,168,16.02,0.0,3.1
2023-01-30,Bengaluru,168,22.7,0.0,1.45
2023-01-31,Bengaluru,168,21.12,0.0,14.58
2023-02-01,Bengaluru,168,30.46,0.0,5.79
2023-02-02,Bengaluru,168,26.01,0.0,12.68
2023-02-03,Bengaluru,168,23.54,0.0,0.38
2023-02-04,Bengaluru,168,23.97,0.0,8.4
2023-02-05,Bengaluru,168,23.53,0.0,2.83
2023-02-06,Bengaluru,168,25.72,0.0,9.85
2023-02-07,Bengaluru,168,19.57,0.0,11.36
2023-02-08,Bengaluru,168,24.04,0.0,7.55
2023-02-09,Bengaluru,168,21.92,0.0,16.6
2023-02-10,Bengaluru,168,25.75,0.0,8.93
2023-02-11,Bengaluru,168,18.47,0.0,12.52
2023-02-12,Bengaluru,168,23.02,0.0,3.37
2023-02-13,Bengaluru,168,22.47,0.0,6.91
2023-02-14,Bengaluru,168,21.56,0.0,2.71
2023-02-15,Bengaluru,168,23.99,0.0,10.79
2023-02-16,Bengaluru,168,24.82,0.0,9.45
2023-02-17,Bengaluru,168,24.14,0.0,14.71
2023-02-18,Bengaluru,168,25.77,0.0,0.63
2023-02-19,Bengaluru,168,23.11,0.0,6.05
2023-02-20,Bengaluru,168,25.35,0.0,19.78
2023-02-21,Bengaluru,168,24.74,0.0,6.46
2023-02-22,Bengaluru,168,22.34,0.0,10.64
2023-02-23,Bengaluru,168,19.84,0.0,5.01
2023-02-24,Bengaluru,168,18.15,0.0,3.43
2023-02-25,Bengaluru,168,24.48,0.0,6.17
2023-02-26,Bengaluru,168,20.87,0.0,18.69
2023-02-27,Bengaluru,168,23.22,0.0,4.76
2023-02-28,Bengaluru,168,23.05,0.0,2.55
2023-03-01,Bengaluru,168,24.07,0.0,9.21
2023-03-02,Bengaluru,168,29.64,0.0,7.1
2023-03-03,Bengaluru,168,24.34,0.0,14.26
2023-03-04,Bengaluru,168,26.98,0.0,10.7
2023-03-05,Bengaluru,168,30.58,0.0,6.52
2023-03-06,Bengaluru,168,24.77,0.0,5.98
2023-03-07,Bengaluru,168,24.16,0.0,6.71
2023-03-08,Bengaluru,168,29.69,0.0,3.56
2023-03-09,Bengaluru,168,30.5,0.0,5.18
2023-03-10,Bengaluru,168,28.69,0.0,5.77
2023-03-11,Bengaluru,168,29.15,0.0,2.79
2023-03-12,Bengaluru,168,26.47,0.0,7.02
2023-03-13,Bengaluru,168,29.44,0.0,7.75
2023-03-14,Bengaluru,168,29.23,0.0,10.2
2023-03-15,Bengaluru,168,29.28,0.0,11.03
2023-03-16,Bengaluru,168,28.91,0.0,7.52
2023-03-17,Bengaluru,168,23.95,0.0,15.32
2023-03-18,Bengaluru,168,28.77,0.0,11.03
2023-03-19,Bengaluru,168,23.64,0.0,17.49
2023-03-20,Bengaluru,168,31.63,0.0,11.78
2023-03-21,Bengaluru,168,24.34,0.0,17.29
2023-03-22,Bengaluru,168,27.53,0.0,12.57
2023-03-23,Bengaluru,168,30.22,0.0,8.84
2023-03-24,Bengaluru,168,24.41,0.0,6.01
2023-03-25,Bengaluru,168,21.73,0.0,14.88
2023-03-26,Bengaluru,168,23.04,0.0,9.05
2023-03-27,Bengaluru,168,25.51,0.0,4.15
2023-03-28,Bengaluru,168,25.31,0.0,12.62
2023-03-29,Bengaluru,168,27.09,0.0,8.39
2023-03-30,Bengaluru,168,29.0,0.0,8.01
2023-03-31,Bengaluru,168,22.97,0.0,12.82
2023-04-01,Bengaluru,168,24.88,0.0,11.5
2023-04-02,Bengaluru,168,23.59,0.0,10.23
2023-04-03,Bengaluru,168,28.51,0.0,7.99
2023-04-04,Bengaluru,168,27.06,0.0,6.51
2023-04-05,Bengaluru,168,30.17,0.0,2.01
2023-04-06,Bengaluru,168,26.34,0.0,5.95
2023-04-07,Bengaluru,168,30.39,0.0,12.31
2023-04-08,Bengaluru,168,26.11,0.0,10.73
2023-04-09,Bengaluru,168,26.03,0.0,13.36
2023-04-10,Bengaluru,168,21.97,0.0,15.45
2023-04-11,Bengaluru,168,24.48,0.0,11.21
2023-04-12,Bengaluru,168,25.66,0.0,9.63
2023-04-13,Bengaluru,168,30.17,0.0,5.59
2023-04-14,Bengaluru,168,26.44,0.0,2.79
2023-04-15,Bengaluru,168,30.39,0.06,9.8
2023-04-16,Bengaluru,168,28.9,13.16,14.41
2023-04-17,Bengaluru,168,23.09,7.38,10.69
2023-04-18,Bengaluru,168,25.96,0.0,7.67
2023-04-19,Bengaluru,168,26.61,0.0,15.08
2023-04-20,Bengaluru,168,28.93,0.0,16.92
2023-04-21,Bengaluru,168,30.8,0.0,15.55
2023-04-22,Bengaluru,168,26.46,0.0,8.85
2023-04-23,Bengaluru,168,32.42,0.0,7.46
2023-04-24,Bengaluru,168,27.4,0.0,2.11
2023-04-25,Bengaluru,168,23.34,0.0,20.99
2023-04-26,Bengaluru,168,28.35,0.0,0.0
2023-04-27,Bengaluru,168,26.83,0.0,5.01
2023-04-28,Bengaluru,168,28.01,0.0,13.44
2023-04-29,Bengaluru,168,27.82,0.0,7.88
2023-04-30,Bengaluru,168,25.38,0.0,11.82
2023-05-01,Bengaluru,168,24.01,2.67,17.21
2023-05-02,Bengaluru,168,26.66,4.57,14.19
2023-05-03,Bengaluru,168,30.54,14.49,7.96
2023-05-04,Bengaluru,168,30.59,3.21,4.09
2023-05-05,Bengaluru,168,25.43,0.0,13.99
2023-05-06,Bengaluru,168,25.82,0.0,9.11
2023-05-07,Bengaluru,168,26.7,0.0,17.51
2023-05-08,Bengaluru,168,28.33,2.09,18.03
2023-05-09,Bengaluru,168,29.19,3.17,17.63
2023-05-10,Bengaluru,168,30.28,0.0,17.67
2023-05-11,Bengaluru,168,29.02,0.0,21.76
2023-05-12,Bengaluru,168,25.47,0.0,17.11
2023-05-13,Bengaluru,168,27.45,0.0,14.98
2023-05-14,Bengaluru,168,21.29,0.0,7.12
2023-05-15,Bengaluru,168,27.71,0.0,9.38
2023-05-16,Bengaluru,168,30.02,40.83,11.09
2023-05-17,Bengaluru,168,30.48,0.03,13.14
2023-05-18,Bengaluru,168,30.95,0.0,7.04
2023-05-19,Bengaluru,168,32.42,0.0,13.56
2023-05-20,Bengaluru,168,30.32,10.24,16.0
2023-05-21,Bengaluru,168,26.57,1.25,12.76
2023-05-22,Bengaluru,168,32.01,15.14,7.79
2023-05-23,Bengaluru,168,25.61,0.0,5.02
2023-05-24,Bengaluru,168,27.23,7.58,15.23
2023-05-25,Bengaluru,168,29.56,0.0,10.16
2023-05-26,Bengaluru,168,26.49,31.18,16.34
2023-05-27,Bengaluru,168,28.83,3.74,13.28
2023-05-28,Bengaluru,168,29.52,0.0,10.12
2023-05-29,Bengaluru,168,25.69,0.0,8.96
2023-05-30,Bengaluru,168,33.62,0.0,13.43
2023-05-31,Bengaluru,168,30.86,0.0,5.57
2023-06-01,Bengaluru,168,28.85,38.69,15.25
2023-06-02,Bengaluru,168,28.66,0.0,12.73
2023-06-03,Bengaluru,168,20.98,0.0,15.6
2023-06-04,Bengaluru,168,26.45,27.82,11.69
2023-06-05,Bengaluru,168,26.63,33.13,14.03
2023-06-06,Bengaluru,168,22.36,0.0,18.49
2023-06-07,Bengaluru,168,23.37,0.0,12.54
2023-06-08,Bengaluru,168,21.5,0.0,13.67
2023-06-09,Bengaluru,168,24.31,0.0,13.93
2023-06-10,Bengaluru,168,22.96,0.0,16.41
2023-06-11,Bengaluru,168,25.16,0.0,9.53
2023-06-12,Bengaluru,168,23.62,12.07,16.75
2023-06-13,Bengaluru,168,25.09,0.0,0.0
2023-06-14,Bengaluru,168,28.8,0.0,5.83
2023-06-15,Bengaluru,168,30.31,0.0,23.88
2023-06-16,Bengaluru,168,28.87,0.0,12.2
2023-06-17,Bengaluru,168,29.86,0.0,12.38
2023-06-18,Bengaluru,168,25.34,0.0,17.8
2023-06-19,Bengaluru,168,26.2,0.0,16.37
2023-06-20,Bengaluru,168,24.28,0.0,3.45
2023-06-21,Bengaluru,168,27.43,0.0,8.05
2023-06-22,Bengaluru,168,28.25,0.0,10.37
2023-06-23,Bengaluru,168,24.54,0.0,6.19
2023-06-24,Bengaluru,168,30.41,0.0,15.99
2023-06-25,Bengaluru,168,32.05,0.0,18.38
2023-06-26,Bengaluru,168,23.48,0.0,10.71
2023-06-27,Bengaluru,168,25.12,0.0,14.23
2023-06-28,Bengaluru,168,23.51,0.0,11.95
2023-06-29,Bengaluru,168,24.48,0.0,15.15
2023-06-30,Bengaluru,168,28.21,0.0,13.82
2023-07-01,Bengaluru,168,25.49,4.02,8.31
2023-07-02,Bengaluru,168,22.84,1.31,15.19
2023-07-03,Bengaluru,168,25.07,0.0,12.94
2023-07-04,Bengaluru,168,24.41,0.0,8.62
2023-07-05,Bengaluru,168,23.94,0.0,14.47
2023-07-06,Bengaluru,168,21.95,0.0,15.63
2023-07-07,Bengaluru,168,23.42,0.0,16.91
2023-07-08,Bengaluru,168,27.44,0.0,13.42
2023-07-09,Bengaluru,168,25.85,0.0,11.59
2023-07-10,Bengaluru,168,25.43,0.0,24.66
2023-07-11,Bengaluru,168,24.63,0.0,23.83
2023-07-12,Bengaluru,168,19.64,0.0,9.15
2023-07-13,Bengaluru,168,22.01,4.0,11.39
2023-07-14,Bengaluru,168,22.76,10.48,25.69
2023-07-15,Bengaluru,168,26.58,1.23,12.52
2023-07-16,Bengaluru,168,26.81,0.76,12.53
2023-07-17,Bengaluru,168,26.32,0.91,24.3
2023-07-18,Bengaluru,168,26.11,0.0,12.4
2023-07-19,Bengaluru,168,23.02,0.0,13.74
2023-07-20,Bengaluru,168,23.05,0.0,11.23
2023-07-21,Bengaluru,168,23.23,0.0,17.89
2023-07-22,Bengaluru,168,20.96,0.0,9.44
2023-07-23,Bengaluru,168,27.82,0.0,25.36
2023-07-24,Bengaluru,168,20.13,2.43,12.35
2023-07-25,Bengaluru,168,25.88,0.0,7.33
2023-07-26,Bengaluru,168,21.44,0.0,10.43
2023-07-27,Bengaluru,168,23.53,0.0,15.04
2023-07-28,Bengaluru,168,24.9,0.0,21.1
2023-07-29,Bengaluru,168,24.97,0.26,15.09
2023-07-30,Bengaluru,168,27.68,0.0,10.45
2023-07-31,Bengaluru,168,27.56,0.0,14.46
2023-08-01,Bengaluru,168,25.35,0.0,10.43
2023-08-02,Bengaluru,168,26.24,16.79,12.08
2023-08-03,Bengaluru,168,28.79,0.0,8.08
2023-08-04,Bengaluru,168,26.06,0.73,10.11
2023-08-05,Bengaluru,168,24.02,0.0,13.7
2023-08-06,Bengaluru,168,21.57,0.0,15.42
2023-08-07,Bengaluru,168,22.07,2.21,10.07
2023-08-08,Bengaluru,168,25.56,2.2,11.97
2023-08-09,Bengaluru,168,22.98,3.33,1.75
2023-08-10,Bengaluru,168,22.39,8.52,10.3
2023-08-11,Bengaluru,168,24.69,42.69,25.14
2023-08-12,Bengaluru,168,26.35,4.82,15.72
2023-08-13,Bengaluru,168,21.46,0.0,11.1
2023-08-14,Bengaluru,168,21.97,0.0,5.58
2023-08-15,Bengaluru,168,27.02,32.89,16.49
2023-08-16,Bengaluru,168,22.58,0.0,15.29
2023-08-17,Bengaluru,168,29.33,0.0,14.02
2023-08-18,Bengaluru,168,26.35,0.0,14.59
2023-08-19,Bengaluru,168,27.05,0.0,18.0
2023-08-20,Bengaluru,168,19.89,0.0,10.42
2023-08-21,Bengaluru,168,22.91,0.0,6.56
2023-08-22,Bengaluru,168,25.38,0.0,8.77
2023-08-23,Bengaluru,168,24.33,0.0,6.04
2023-08-24,Bengaluru,168,18.15,0.0,11.84
2023-08-25,Bengaluru,168,23.92,0.0,13.71
2023-08-26,Bengaluru,168,22.89,0.0,8.58
2023-08-27,Bengaluru,168,27.49,0.0,11.58
2023-08-28,Bengaluru,168,24.11,0.0,0.0
2023-08-29,Bengaluru,168,24.8,0.63,18.71
2023-08-30,Bengaluru,168,22.1,0.0,8.05
2023-08-31,Bengaluru,168,22.52,5.82,15.15
2023-09-01,Bengaluru,168,20.84,10.57,9.0
2023-09-02,Bengaluru,168,21.17,0.0,9.66
2023-09-03,Bengaluru,168,22.21,0.0,8.44
2023-09-04,Bengaluru,168,22.13,0.0,2.28
2023-09-05,Bengaluru,168,19.77,14.46,5.75
2023-09-06,Bengaluru,168,22.41,0.0,5.45
2023-09-07,Bengaluru,168,18.03,0.29,11.22
2023-09-08,Bengaluru,168,20.99,7.51,9.95
2023-09-09,Bengaluru,168,22.25,19.0,10.77
2023-09-10,Bengaluru,168,20.34,6.85,8.12
2023-09-11,Bengaluru,168,19.31,2.07,6.09
2023-09-12,Bengaluru,168,22.44,5.02,11.03
2023-09-13,Bengaluru,168,17.91,0.0,1.18
2023-09-14,Bengaluru,168,23.65,0.0,6.49
2023-09-15,Bengaluru,168,24.54,0.0,7.87
2023-09-16,Bengaluru,168,26.86,16.72,13.7
2023-09-17,Bengaluru,168,22.22,9.96,6.87
2023-09-18,Bengaluru,168,20.13,33.94,12.02
2023-09-19,Bengaluru,168,19.09,9.82,13.97
2023-09-20,Bengaluru,168,23.49,32.72,10.97
2023-09-21,Bengaluru,168,27.46,5.91,12.58
2023-09-22,Bengaluru,168,19.28,7.68,18.35
2023-09-23,Bengaluru,168,22.82,34.53,9.12
2023-09-24,Bengaluru,168,25.26,0.15,13.63
2023-09-25,Bengaluru,168,23.53,0.4,11.93
2023-09-26,Bengaluru,168,23.23,0.0,10.03
2023-09-27,Bengaluru,168,29.87,10.13,8.62
2023-09-28,Bengaluru,168,27.1,40.52,22.76
2023-09-29,Bengaluru,168,23.05,6.01,7.13
2023-09-30,Bengaluru,168,23.37,4.55,3.71
2023-10-01,Bengaluru,168,24.75,0.0,9.58
2023-10-02,Bengaluru,168,24.15,0.0,8.8
2023-10-03,Bengaluru,168,24.7,15.23,6.29
2023-10-04,Bengaluru,168,21.69,16.83,6.5
2023-10-05,Bengaluru,168,27.47,4.7,7.37
2023-10-06,Bengaluru,168,20.32,0.0,0.0
2023-10-07,Bengaluru,168,21.56,0.0,9.8
2023-10-08,Bengaluru,168,28.22,0.0,12.14
2023-10-09,Bengaluru,168,25.41,0.0,16.5
2023-10-10,Bengaluru,168,23.87,51.67,16.41
2023-10-11,Bengaluru,168,20.92,0.0,8.95
2023-10-12,Bengaluru,168,24.3,0.0,0.72
2023-10-13,Bengaluru,168,18.98,23.61,6.36
2023-10-14,Bengaluru,168,24.35,0.0,4.27
2023-10-15,Bengaluru,168,24.99,0.0,5.62
2023-10-16,Bengaluru,168,18.58,0.0,3.06
2023-10-17,Bengaluru,168,28.58,0.0,17.57
2023-10-18,Bengaluru,168,25.69,0.0,0.0
2023-10-19,Bengaluru,168,22.26,3.11,11.13
2023-10-20,Bengaluru,168,24.4,9.32,5.63
2023-10-21,Bengaluru,168,26.22,0.0,14.2
2023-10-22,Bengaluru,168,27.4,0.0,6.17
2023-10-23,Bengaluru,168,23.78,21.09,4.74
2023-10-24,Bengaluru,168,22.03,0.0,0.0
2023-10-25,Bengaluru,168,20.16,0.0,4.99
2023-10-26,Bengaluru,168,23.33,21.14,13.73
2023-10-27,Bengaluru,168,26.85,13.48,10.77
2023-10-28,Bengaluru,168,20.94,0.0,3.89
2023-10-29,Bengaluru,168,22.65,0.0,2.83
2023-10-30,Bengaluru,168,21.37,0.0,3.33
2023-10-31,Bengaluru,168,21.25,0.0,9.6
2023-11-01,Bengaluru,168,23.12,0.0,8.15
2023-11-02,Bengaluru,168,24.12,0.0,18.19
2023-11-03,Bengaluru,168,22.51,0.0,11.32
2023-11-04,Bengaluru,168,23.51,24.62,10.43
2023-11-05,Bengaluru,168,22.68,0.0,9.86
2023-11-06,Bengaluru,168,26.33,0.0,7.72
2023-11-07,Bengaluru,168,18.0,0.0,14.13
2023-11-08,Bengaluru,168,18.85,0.0,6.47
2023-11-09,Bengaluru,168,19.32,9.22,8.28
2023-11-10,Bengaluru,168,15.88,39.06,8.08
2023-11-11,Bengaluru,168,18.95,0.0,9.56
2023-11-12,Bengaluru,168,19.51,0.0,10.75
2023-11-13,Bengaluru,168,14.64,0.0,6.07
2023-11-14,Bengaluru,168,18.36,0.0,3.01
2023-11-15,Bengaluru,168,14.57,0.0,0.0
2023-11-16,Bengaluru,168,21.17,0.0,3.71
2023-11-17,Bengaluru,168,21.27,0.0,4.0
2023-11-18,Bengaluru,168,21.83,0.0,11.84
2023-11-19,Bengaluru,168,23.75,0.0,7.57
2023-11-20,Bengaluru,168,21.26,0.0,2.57
2023-11-21,Bengaluru,168,23.47,0.0,11.7
2023-11-22,Bengaluru,168,22.93,0.0,0.0
2023-11-23,Bengaluru,168,25.19,0.0,7.8
2023-11-24,Bengaluru,168,19.63,0.0,4.79
2023-11-25,Bengaluru,168,23.96,0.0,11.38
2023-11-26,Bengaluru,168,24.08,0.0,0.0
2023-11-27,Bengaluru,168,18.7,0.0,4.64
2023-11-28,Bengaluru,168,22.84,0.0,0.0
2023-11-29,Bengaluru,168,22.28,0.0,1.54
2023-11-30,Bengaluru,168,24.07,0.0,9.82
2023-12-01,Bengaluru,168,21.94,0.0,10.5
2023-12-02,Bengaluru,168,17.82,0.0,6.2
2023-12-03,Bengaluru,168,24.19,0.0,5.97
2023-12-04,Bengaluru,168,22.39,0.0,4.0
2023-12-05,Bengaluru,168,21.36,0.0,0.0
2023-12-06,Bengaluru,168,25.3,0.0,4.53
2023-12-07,Bengaluru,168,22.16,0.0,0.0
2023-12-08,Bengaluru,168,17.9,0.0,3.53
2023-12-09,Bengaluru,168,18.5,0.0,9.2
2023-12-10,Bengaluru,168,18.91,0.0,0.0
2023-12-11,Bengaluru,168,21.25,0.0,5.32
2023-12-12,Bengaluru,168,22.65,0.0,0.0
2023-12-13,Bengaluru,168,20.07,0.0,8.68
2023-12-14,Bengaluru,168,26.03,0.0,8.7
2023-12-15,Bengaluru,168,24.74,0.0,4.75
2023-12-16,Bengaluru,168,19.29,0.0,14.22
2023-12-17,Bengaluru,168,22.07,0.0,15.74
2023-12-18,Bengaluru,168,22.1,0.0,9.94
2023-12-19,Bengaluru,168,21.89,0.0,12.89
2023-12-20,Bengaluru,168,16.48,0.0,2.37
2023-12-21,Bengaluru,168,18.42,0.0,10.39
2023-12-22,Bengaluru,168,19.85,0.0,6.17
2023-12-23,Bengaluru,168,19.36,0.0,7.14
2023-12-24,Bengaluru,168,19.8,0.0,4.83
2023-12-25,Bengaluru,168,26.36,0.0,4.39
2023-12-26,Bengaluru,168,24.94,0.0,6.07
2023-12-27,Bengaluru,168,18.85,0.0,10.53
2023-12-28,Bengaluru,168,23.86,0.0,4.04
2023-12-29,Bengaluru,168,18.96,0.0,0.0
2023-12-30,Bengaluru,168,17.29,0.0,7.14
2023-12-31,Bengaluru,168,18.68,0.0,3.18
2024-01-01,Bengaluru,168,17.11,0.0,11.89
2024-01-02,Bengaluru,168,16.6,0.0,0.0
2024-01-03,Bengaluru,168,23.68,0.46,0.59
2024-01-04,Bengaluru,168,18.27,0.0,0.0
2024-01-05,Bengaluru,168,19.46,0.15,2.34
2024-01-06,Bengaluru,168,26.6,0.94,0.0
2024-01-07,Bengaluru,168,19.09,0.0,15.05
2024-01-08,Bengaluru,168,21.74,0.0,6.79
2024-01-09,Bengaluru,168,13.08,0.0,5.78
2024-01-10,Bengaluru,168,17.07,0.0,8.28
2024-01-11,Bengaluru,168,18.5,0.0,15.33
2024-01-12,Bengaluru,168,20.16,0.0,0.0
2024-01-13,Bengaluru,168,20.76,0.0,6.18
2024-01-14,Bengaluru,168,17.87,0.0,4.04
2024-01-15,Bengaluru,168,23.88,0.0,3.2
2024-01-16,Bengaluru,168,22.92,0.0,12.36
2024-01-17,Bengaluru,168,23.86,0.0,12.13
2024-01-18,Bengaluru,168,23.03,0.0,9.91
2024-01-19,Bengaluru,168,20.72,0.0,12.69
2024-01-20,Bengaluru,168,21.28,0.0,0.0
2024-01-21,Bengaluru,168,24.23,0.0,4.06
2024-01-22,Bengaluru,168,18.21,0.0,1.33
2024-01-23,Bengaluru,168,15.65,0.0,7.94
2024-01-24,Bengaluru,168,24.16,0.0,0.0
2024-01-25,Bengaluru,168,25.05,0.0,8.35
2024-01-26,Bengaluru,168,26.73,0.0,2.46
2024-01-27,Bengaluru,168,19.67,0.0,8.52
2024-01-28,Bengaluru,168,19.86,0.0,6.76
2024-01-29,Bengaluru,168,21.24,0.0,3.94
2024-01-30,Bengaluru,168,27.75,0.0,5.15
2024-01-31,Bengaluru,168,22.41,0.0,8.51
2024-02-01,Bengaluru,168,27.58,0.0,5.17
2024-02-02,Bengaluru,168,27.62,0.0,7.67
2024-02-03,Bengaluru,168,19.75,0.0,0.0
2024-02-04,Bengaluru,168,25.82,0.0,8.39
2024-02-05,Bengaluru,168,26.32,0.0,12.34
2024-02-06,Bengaluru,168,25.02,0.0,8.55
2024-02-07,Bengaluru,168,28.43,0.0,11.05
2024-02-08,Bengaluru,168,26.68,0.0,9.81
2024-02-09,Bengaluru,168,23.34,0.0,5.99
2024-02-10,Bengaluru,168,24.87,0.0,2.23
2024-02-11,Bengaluru,168,21.84,0.0,0.11
2024-02-12,Bengaluru,168,20.21,0.0,7.11
2024-02-13,Bengaluru,168,15.43,0.0,9.55
2024-02-14,Bengaluru,168,18.56,0.0,17.14
2024-02-15,Bengaluru,168,16.65,0.0,9.17
2024-02-16,Bengaluru,168,17.1,0.0,10.8
2024-02-17,Bengaluru,168,15.98,0.0,8.95
2024-02-18,Bengaluru,168,16.73,0.0,8.82
2024-02-19,Bengaluru,168,23.54,0.0,1.06
2024-02-20,Bengaluru,168,19.14,0.0,8.51
2024-02-21,Bengaluru,168,23.22,0.0,8.46
2024-02-22,Bengaluru,168,18.08,0.0,0.0
2024-02-23,Bengaluru,168,25.84,0.0,9.33
2024-02-24,Bengaluru,168,19.7,0.0,1.35
2024-02-25,Bengaluru,168,21.43,0.0,0.0
2024-02-26,Bengaluru,168,20.54,0.0,5.54
2024-02-27,Bengaluru,168,25.28,0.0,3.3
2024-02-28,Bengaluru,168,23.63,0.0,0.0
2024-02-29,Bengaluru,168,19.06,0.0,7.89
2024-03-01,Bengaluru,168,26.72,0.0,10.96
2024-03-02,Bengaluru,168,23.49,0.0,8.71
2024-03-03,Bengaluru,168,25.74,0.0,2.92
2024-03-04,Bengaluru,168,22.06,0.0,13.84
2024-03-05,Bengaluru,168,26.03,0.0,11.21
2024-03-06,Bengaluru,168,24.74,0.0,5.98
2024-03-07,Bengaluru,168,24.52,0.0,12.8
2024-03-08,Bengaluru,168,28.25,0.0,11.04
2024-03-09,Bengaluru,168,31.51,0.0,10.05
2024-03-10,Bengaluru,168,30.0,0.0,2.35
2024-03-11,Bengaluru,168,27.28,0.0,3.31
2024-03-12,Bengaluru,168,26.61,0.0,2.24
2024-03-13,Bengaluru,168,26.38,0.0,10.73
2024-03-14,Bengaluru,168,30.62,0.0,13.48
2024-03-15,Bengaluru,168,26.57,0.0,4.88
2024-03-16,Bengaluru,168,26.11,0.12,11.66
2024-03-17,Bengaluru,168,26.03,0.0,11.18
2024-03-18,Bengaluru,168,24.87,0.0,9.54
2024-03-19,Bengaluru,168,24.56,0.0,10.72
2024-03-20,Bengaluru,168,27.53,0.0,10.93
2024-03-21,Bengaluru,168,26.41,0.0,2.82
2024-03-22,Bengaluru,168,26.32,0.0,3.26
2024-03-23,Bengaluru,168,30.51,0.0,20.95
2024-03-24,Bengaluru,168,26.6,0.0,3.44
2024-03-25,Bengaluru,168,24.69,0.0,11.83
2024-03-26,Bengaluru,168,27.23,0.0,10.26
2024-03-27,Bengaluru,168,30.67,3.51,6.74
2024-03-28,Bengaluru,168,27.56,0.0,16.84
2024-03-29,Bengaluru,168,27.82,0.0,14.14
2024-03-30,Bengaluru,168,27.1,0.0,20.96
2024-03-31,Bengaluru,168,30.8,0.0,9.44
2024-04-01,Bengaluru,168,28.78,0.0,6.9
2024-04-02,Bengaluru,168,28.75,0.0,12.7
2024-04-03,Bengaluru,168,31.13,1.09,17.25
2024-04-04,Bengaluru,168,30.1,7.25,17.91
2024-04-05,Bengaluru,168,28.84,0.0,6.33
2024-04-06,Bengaluru,168,28.24,0.0,12.45
2024-04-07,Bengaluru,168,28.81,0.0,14.86
2024-04-08,Bengaluru,168,27.9,0.0,15.32
2024-04-09,Bengaluru,168,25.22,0.0,11.47
2024-04-10,Bengaluru,168,28.55,0.0,8.79
2024-04-11,Bengaluru,168,26.73,0.0,11.87
2024-04-12,Bengaluru,168,29.18,18.87,11.15
2024-04-13,Bengaluru,168,28.6,0.0,5.89
2024-04-14,Bengaluru,168,27.6,0.0,15.62
2024-04-15,Bengaluru,168,25.1,0.0,13.94
2024-04-16,Bengaluru,168,26.22,0.0,4.48
2024-04-17,Bengaluru,168,24.33,0.0,9.36
2024-04-18,Bengaluru,168,28.28,0.0,8.41
2024-04-19,Bengaluru,168,26.53,0.0,6.22
2024-04-20,Bengaluru,168,28.12,0.0,2.29
2024-04-21,Bengaluru,168,27.86,0.0,13.81
2024-04-22,Bengaluru,168,28.4,0.0,15.74
2024-04-23,Bengaluru,168,29.28,0.0,17.57
2024-04-24,Bengaluru,168,26.62,0.0,11.88
2024-04-25,Bengaluru,168,28.03,0.0,6.03
2024-04-26,Bengaluru,168,26.24,0.0,2.56
2024-04-27,Bengaluru,168,32.63,0.0,16.46
2024-04-28,Bengaluru,168,29.62,0.0,17.33
2024-04-29,Bengaluru,168,27.56,0.0,9.6
2024-04-30,Bengaluru,168,28.17,0.0,11.47
2024-05-01,Bengaluru,168,26.94,0.0,15.11
2024-05-02,Bengaluru,168,23.76,0.0,13.99
2024-05-03,Bengaluru,168,29.31,0.0,3.46
2024-05-04,Bengaluru,168,26.34,0.0,0.0
2024-05-05,Bengaluru,168,22.27,3.91,2.6
2024-05-06,Bengaluru,168,22.17,6.72,13.71
2024-05-07,Bengaluru,168,26.87,5.53,11.87
2024-05-08,Bengaluru,168,25.29,1.29,20.41
2024-05-09,Bengaluru,168,26.7,5.29,3.57
2024-05-10,Bengaluru,168,26.59,3.49,8.25
2024-05-11,Bengaluru,168,26.8,0.0,10.45
2024-05-12,Bengaluru,168,32.69,0.0,8.97
2024-05-13,Bengaluru,168,29.84,0.0,12.93
2024-05-14,Bengaluru,168,28.02,0.0,2.38
2024-05-15,Bengaluru,168,27.7,0.0,11.51
2024-05-16,Bengaluru,168,24.45,0.0,8.32
2024-05-17,Bengaluru,168,26.2,0.0,20.77
2024-05-18,Bengaluru,168,24.48,0.0,16.14
2024-05-19,Bengaluru,168,22.63,10.69,19.6
2024-05-20,Bengaluru,168,30.16,0.0,12.15
2024-05-21,Bengaluru,168,26.7,0.0,17.72
2024-05-22,Bengaluru,168,18.12,0.0,16.57
2024-05-23,Bengaluru,168,29.06,0.0,14.96
2024-05-24,Bengaluru,168,27.63,0.0,9.11
2024-05-25,Bengaluru,168,25.98,0.0,14.23
2024-05-26,Bengaluru,168,22.29,0.0,12.75
2024-05-27,Bengaluru,168,25.96,0.0,13.13
2024-05-28,Bengaluru,168,25.86,0.65,2.88
2024-05-29,Bengaluru,168,25.86,0.0,0.0
2024-05-30,Bengaluru,168,25.47,0.0,9.97
2024-05-31,Bengaluru,168,23.99,0.0,7.12
2024-06-01,Bengaluru,168,25.82,0.0,20.11
2024-06-02,Bengaluru,168,19.54,0.0,23.39
2024-06-03,Bengaluru,168,19.84,0.0,19.07
2024-06-04,Bengaluru,168,22.44,0.0,2.94
2024-06-05,Bengaluru,168,29.14,0.0,9.87
2024-06-06,Bengaluru,168,29.73,0.0,5.99
2024-06-07,Bengaluru,168,17.02,33.18,13.34
2024-06-08,Bengaluru,168,25.61,0.0,15.02
2024-06-09,Bengaluru,168,23.58,0.0,11.61
2024-06-10,Bengaluru,168,19.85,0.0,16.7
2024-06-11,Bengaluru,168,24.16,0.0,8.14
2024-06-12,Bengaluru,168,18.24,12.73,21.48
2024-06-13,Bengaluru,168,22.09,0.0,9.49
2024-06-14,Bengaluru,168,27.74,0.0,22.9
2024-06-15,Bengaluru,168,27.15,0.0,21.0
2024-06-16,Bengaluru,168,28.28,0.0,12.58
2024-06-17,Bengaluru,168,25.24,0.0,13.05
2024-06-18,Bengaluru,168,23.6,0.0,12.11
2024-06-19,Bengaluru,168,21.52,0.0,14.34
2024-06-20,Bengaluru,168,22.41,0.0,16.78
2024-06-21,Bengaluru,168,25.98,0.0,19.42
2024-06-22,Bengaluru,168,23.3,0.0,13.51
2024-06-23,Bengaluru,168,22.85,0.0,7.96
2024-06-24,Bengaluru,168,21.26,3.58,9.31
2024-06-25,Bengaluru,168,27.59,0.0,13.84
2024-06-26,Bengaluru,168,26.8,0.0,10.66
2024-06-27,Bengaluru,168,22.98,0.0,5.19
2024-06-28,Bengaluru,168,24.52,0.0,7.52
2024-06-29,Bengaluru,168,25.28,0.0,4.56
2024-06-30,Bengaluru,168,27.72,19.9,15.4
2024-07-01,Bengaluru,168,22.38,56.48,10.2
2024-07-02,Bengaluru,168,20.67,0.0,3.23
2024-07-03,Bengaluru,168,22.97,0.0,12.52
2024-07-04,Bengaluru,168,23.43,0.0,10.33
2024-07-05,Bengaluru,168,22.2,0.0,12.07
2024-07-06,Bengaluru,168,25.03,0.0,14.61
2024-07-07,Bengaluru,168,21.8,0.0,9.37
2024-07-08,Bengaluru,168,19.8,7.76,9.46
2024-07-09,Bengaluru,168,20.36,0.0,8.63
2024-07-10,Bengaluru,168,18.95,0.0,0.0
2024-07-11,Bengaluru,168,17.65,0.0,2.3
2024-07-12,Bengaluru,168,20.86,0.0,13.36
2024-07-13,Bengaluru,168,19.36,0.0,12.99
2024-07-14,Bengaluru,168,20.71,0.0,16.73
2024-07-15,Bengaluru,168,23.5,0.0,4.87
2024-07-16,Bengaluru,168,19.4,0.0,9.99
2024-07-17,Bengaluru,168,20.57,0.0,13.63
2024-07-18,Bengaluru,168,20.01,4.47,17.57
2024-07-19,Bengaluru,168,19.87,1.16,11.48
2024-07-20,Bengaluru,168,23.25,0.0,11.93
2024-07-21,Bengaluru,168,23.56,0.0,12.06
2024-07-22,Bengaluru,168,22.47,0.0,12.95
2024-07-23,Bengaluru,168,21.29,0.0,7.99
2024-07-24,Bengaluru,168,23.03,26.58,14.28
2024-07-25,Bengaluru,168,24.81,0.0,12.06
2024-07-26,Bengaluru,168,22.25,0.0,14.74
2024-07-27,Bengaluru,168,18.62,0.0,12.05
2024-07-28,Bengaluru,168,21.45,0.0,13.67
2024-07-29,Bengaluru,168,17.19,0.0,18.39
2024-07-30,Bengaluru,168,19.55,2.2,19.02
2024-07-31,Bengaluru,168,23.83,0.5,17.38
2024-08-01,Bengaluru,168,20.28,0.0,12.14
2024-08-02,Bengaluru,168,21.18,0.0,6.14
2024-08-03,Bengaluru,168,18.6,0.0,18.5
2024-08-04,Bengaluru,168,18.12,2.84,15.44
2024-08-05,Bengaluru,168,25.99,6.58,0.0
2024-08-06,Bengaluru,168,19.75,1.28,16.09
2024-08-07,Bengaluru,168,23.48,14.52,11.25
2024-08-08,Bengaluru,168,21.42,2.09,9.74
2024-08-09,Bengaluru,168,22.71,0.0,15.22
2024-08-10,Bengaluru,168,23.44,0.0,4.89
2024-08-11,Bengaluru,168,23.92,2.99,22.86
2024-08-12,Bengaluru,168,26.95,0.0,13.77
2024-08-13,Bengaluru,168,22.96,0.0,15.89
2024-08-14,Bengaluru,168,28.51,4.91,6.89
2024-08-15,Bengaluru,168,25.06,0.0,13.71
2024-08-16,Bengaluru,168,25.61,0.0,20.13
2024-08-17,Bengaluru,168,22.78,0.0,11.73
2024-08-18,Bengaluru,168,23.39,0.69,4.96
2024-08-19,Bengaluru,168,23.74,9.96,9.76
2024-08-20,Bengaluru,168,23.12,8.9,13.84
2024-08-21,Bengaluru,168,20.07,0.0,9.63
2024-08-22,Bengaluru,168,25.36,12.29,18.33
2024-08-23,Bengaluru,168,26.1,0.0,15.56
2024-08-24,Bengaluru,168,22.53,0.0,18.17
2024-08-25,Bengaluru,168,17.94,0.0,12.01
2024-08-26,Bengaluru,168,24.41,0.0,18.8
2024-08-27,Bengaluru,168,20.23,0.0,15.87
2024-08-28,Bengaluru,168,18.39,37.46,7.47
2024-08-29,Bengaluru,168,15.34,0.0,8.47
2024-08-30,Bengaluru,168,21.84,0.0,5.14
2024-08-31,Bengaluru,168,18.4,0.0,8.02
2024-09-01,Bengaluru,168,20.86,0.0,11.77
2024-09-02,Bengaluru,168,17.0,0.0,4.0
2024-09-03,Bengaluru,168,23.84,7.49,9.45
2024-09-04,Bengaluru,168,18.49,29.09,9.0
2024-09-05,Bengaluru,168,22.23,0.09,14.68
2024-09-06,Bengaluru,168,22.38,6.07,7.48
2024-09-07,Bengaluru,168,25.26,9.29,4.36
2024-09-08,Bengaluru,168,21.64,0.86,9.83
2024-09-09,Bengaluru,168,22.11,6.36,6.9
2024-09-10,Bengaluru,168,20.54,1.37,3.39
2024-09-11,Bengaluru,168,23.66,14.72,8.82
2024-09-12,Bengaluru,168,25.94,0.0,5.92
2024-09-13,Bengaluru,168,20.75,18.55,25.85
2024-09-14,Bengaluru,168,25.71,6.05,8.68
2024-09-15,Bengaluru,168,26.38,20.72,17.6
2024-09-16,Bengaluru,168,19.31,1.34,14.9
2024-09-17,Bengaluru,168,21.82,0.0,9.22
2024-09-18,Bengaluru,168,22.15,20.62,9.72
2024-09-19,Bengaluru,168,26.0,48.42,16.64
2024-09-20,Bengaluru,168,24.82,0.0,15.79
2024-09-21,Bengaluru,168,24.51,5.23,7.27
2024-09-22,Bengaluru,168,23.63,7.69,9.42
2024-09-23,Bengaluru,168,28.93,0.0,7.93
2024-09-24,Bengaluru,168,24.3,43.93,22.05
2024-09-25,Bengaluru,168,19.94,0.12,9.84
2024-09-26,Bengaluru,168,24.93,0.0,9.17
2024-09-27,Bengaluru,168,22.55,9.6,5.94
2024-09-28,Bengaluru,168,27.78,0.93,14.51
2024-09-29,Bengaluru,168,25.17,70.75,13.33
2024-09-30,Bengaluru,168,27.09,2.2,8.17
2024-10-01,Bengaluru,168,26.7,25.04,2.01
2024-10-02,Bengaluru,168,22.26,6.52,17.52
2024-10-03,Bengaluru,168,26.51,1.06,11.05
2024-10-04,Bengaluru,168,26.06,8.57,8.02
2024-10-05,Bengaluru,168,23.72,0.0,12.52
2024-10-06,Bengaluru,168,22.64,4.38,7.37
2024-10-07,Bengaluru,168,20.93,8.34,12.5
2024-10-08,Bengaluru,168,24.31,3.39,9.41
2024-10-09,Bengaluru,168,21.91,8.81,11.8
2024-10-10,Bengaluru,168,20.12,0.0,1.7
2024-10-11,Bengaluru,168,17.65,0.0,6.79
2024-10-12,Bengaluru,168,21.44,0.0,1.82
2024-10-13,Bengaluru,168,21.94,0.0,4.16
2024-10-14,Bengaluru,168,24.03,0.0,6.07
2024-10-15,Bengaluru,168,22.54,0.0,0.64
2024-10-16,Bengaluru,168,21.36,0.0,12.32
2024-10-17,Bengaluru,168,26.15,0.0,11.01
2024-10-18,Bengaluru,168,21.23,0.0,10.99
2024-10-19,Bengaluru,168,23.13,0.0,9.99
2024-10-20,Bengaluru,168,20.83,0.01,5.38
2024-10-21,Bengaluru,168,23.47,33.69,13.98
2024-10-22,Bengaluru,168,23.54,27.91,10.59
2024-10-23,Bengaluru,168,21.34,3.46,0.0
2024-10-24,Bengaluru,168,19.14,59.65,6.65
2024-10-25,Bengaluru,168,21.8,10.57,14.05
2024-10-26,Bengaluru,168,23.96,0.0,0.22
2024-10-27,Bengaluru,168,23.27,0.0,7.5
2024-10-28,Bengaluru,168,18.97,0.0,3.86
2024-10-29,Bengaluru,168,22.91,0.0,5.26
2024-10-30,Bengaluru,168,20.99,0.0,0.32
2024-10-31,Bengaluru,168,24.9,0.0,6.73
2024-11-01,Bengaluru,168,20.51,0.0,0.0
2024-11-02,Bengaluru,168,22.52,5.05,3.2
2024-11-03,Bengaluru,168,19.52,0.0,11.1
2024-11-04,Bengaluru,168,18.06,0.0,9.64
2024-11-05,Bengaluru,168,16.47,12.41,4.24
2024-11-06,Bengaluru,168,18.94,1.15,8.2
2024-11-07,Bengaluru,168,17.68,4.19,17.12
2024-11-08,Bengaluru,168,24.8,0.0,3.35
2024-11-09,Bengaluru,168,17.3,0.0,10.85
2024-11-10,Bengaluru,168,20.92,0.0,5.38
2024-11-11,Bengaluru,168,17.14,0.0,8.51
2024-11-12,Bengaluru,168,19.35,0.0,0.0
2024-11-13,Bengaluru,168,20.07,18.89,14.48
2024-11-14,Bengaluru,168,19.56,0.0,0.0
2024-11-15,Bengaluru,168,22.95,0.0,6.4
2024-11-16,Bengaluru,168,23.51,6.81,5.34
2024-11-17,Bengaluru,168,21.03,0.0,0.0
2024-11-18,Bengaluru,168,25.97,0.0,4.04
2024-11-19,Bengaluru,168,24.7,0.0,4.63
2024-11-20,Bengaluru,168,20.74,0.0,6.19
2024-11-21,Bengaluru,168,22.09,0.0,17.03
2024-11-22,Bengaluru,168,22.07,3.72,11.43
2024-11-23,Bengaluru,168,22.09,8.62,12.76
2024-11-24,Bengaluru,168,20.41,4.25,0.0
2024-11-25,Bengaluru,168,20.7,0.0,9.55
2024-11-26,Bengaluru,168,19.92,0.0,7.12
2024-11-27,Bengaluru,168,21.88,0.0,8.97
2024-11-28,Bengaluru,168,17.71,0.0,4.39
2024-11-29,Bengaluru,168,18.35,0.0,0.0
2024-11-30,Bengaluru,168,24.64,2.57,8.24
2024-12-01,Bengaluru,168,23.51,0.0,12.44
2024-12-02,Bengaluru,168,26.08,0.0,6.82
2024-12-03,Bengaluru,168,20.18,0.0,3.49
2024-12-04,Bengaluru,168,21.85,0.0,4.02
2024-12-05,Bengaluru,168,24.83,0.0,7.57
2024-12-06,Bengaluru,168,22.47,0.0,1.74
2024-12-07,Bengaluru,168,18.14,0.0,7.64
2024-12-08,Bengaluru,168,20.4,0.0,3.89
2024-12-09,Bengaluru,168,18.33,0.0,2.27
2024-12-10,Bengaluru,168,20.95,0.0,9.43
2024-12-11,Bengaluru,168,22.59,0.0,6.19
2024-12-12,Bengaluru,168,23.85,0.0,2.6
2024-12-13,Bengaluru,168,23.57,0.0,1.62
2024-12-14,Bengaluru,168,21.23,0.0,15.43
2024-12-15,Bengaluru,168,22.21,0.0,4.95
2024-12-16,Bengaluru,168,23.3,0.0,12.57
2024-12-17,Bengaluru,168,18.73,0.0,6.16
2024-12-18,Bengaluru,168,22.98,0.0,7.53
2024-12-19,Bengaluru,168,22.01,0.0,8.81
2024-12-20,Bengaluru,168,20.84,0.0,0.6
2024-12-21,Bengaluru,168,17.05,0.0,0.0
2024-12-22,Bengaluru,168,21.1,0.0,2.82
2024-12-23,Bengaluru,168,18.25,0.0,8.66
2024-12-24,Bengaluru,168,20.6,0.0,1.26
2024-12-25,Bengaluru,168,17.63,0.0,2.95
2024-12-26,Bengaluru,168,23.15,0.0,0.0
2024-12-27,Bengaluru,168,17.52,255.93,19.63
2024-12-28,Bengaluru,168,18.59,0.0,7.39
2024-12-29,Bengaluru,168,22.16,0.0,6.43
2024-12-30,Bengaluru,168,23.92,0.0,0.0
2024-12-31,Bengaluru,168,24.8,0.0,0.63
2025-01-01,Bengaluru,168,21.76,0.0,9.72
2025-01-02,Bengaluru,168,26.55,0.0,12.55
2025-01-03,Bengaluru,168,21.34,0.0,2.21
2025-01-04,Bengaluru,168,19.78,0.0,5.48
2025-01-05,Bengaluru,168,18.86,0.0,9.64
2025-01-06,Bengaluru,168,20.29,0.0,3.98
2025-01-07,Bengaluru,168,18.63,0.0,5.58
2025-01-08,Bengaluru,168,21.36,0.0,8.1
2025-01-09,Bengaluru,168,19.83,0.0,6.57
2025-01-10,Bengaluru,168,18.3,0.0,6.8
2025-01-11,Bengaluru,168,22.74,0.0,2.28
2025-01-12,Bengaluru,168,14.74,0.0,13.94
2025-01-13,Bengaluru,168,21.63,0.0,3.21
2025-01-14,Bengaluru,168,20.99,0.0,0.0
2025-01-15,Bengaluru,168,21.84,0.0,10.02
2025-01-16,Bengaluru,168,22.77,0.0,0.0
2025-01-17,Bengaluru,168,18.17,0.0,3.79
2025-01-18,Bengaluru,168,21.93,0.0,13.61
2025-01-19,Bengaluru,168,22.37,0.0,3.27
2025-01-20,Bengaluru,168,18.81,0.0,4.84
2025-01-21,Bengaluru,168,17.89,0.0,6.54
2025-01-22,Bengaluru,168,17.22,0.0,0.07
2025-01-23,Bengaluru,168,15.4,0.0,0.83
2025-01-24,Bengaluru,168,18.84,0.0,4.65
2025-01-25,Bengaluru,168,18.9,0.0,7.93
2025-01-26,Bengaluru,168,17.3,0.0,1.34
2025-01-27,Bengaluru,168,19.75,0.0,6.74
2025-01-28,Bengaluru,168,23.25,0.0,0.0
2025-01-29,Bengaluru,168,15.04,0.0,5.58
2025-01-30,Bengaluru,168,18.43,0.0,8.48
2025-01-31,Bengaluru,168,17.58,0.0,0.6
2025-02-01,Bengaluru,168,23.69,0.0,0.0
2025-02-02,Bengaluru,168,25.15,0.0,5.68
2025-02-03,Bengaluru,168,20.95,0.0,18.46
2025-02-04,Bengaluru,168,22.64,0.0,11.87
2025-02-05,Bengaluru,168,24.31,0.0,2.56
2025-02-06,Bengaluru,168,26.86,0.0,11.62
2025-02-07,Bengaluru,168,26.96,0.0,11.01
2025-02-08,Bengaluru,168,22.91,0.0,7.78
2025-02-09,Bengaluru,168,23.55,0.0,7.9
2025-02-10,Bengaluru,168,21.59,0.0,7.74
2025-02-11,Bengaluru,168,31.87,0.0,4.52
2025-02-12,Bengaluru,168,23.77,0.0,5.87
2025-02-13,Bengaluru,168,23.81,0.0,10.71
2025-02-14,Bengaluru,168,27.99,0.0,4.65
2025-02-15,Bengaluru,168,23.74,0.0,3.71
2025-02-16,Bengaluru,168,26.16,0.0,6.82
2025-02-17,Bengaluru,168,22.8,0.0,4.46
2025-02-18,Bengaluru,168,22.28,0.0,3.35
2025-02-19,Bengaluru,168,25.27,0.0,0.48
2025-02-20,Bengaluru,168,18.52,0.0,7.23
2025-02-21,Bengaluru,168,24.67,0.0,10.64
2025-02-22,Bengaluru,168,21.56,0.0,1.45
2025-02-23,Bengaluru,168,19.28,0.0,5.98
2025-02-24,Bengaluru,168,17.79,0.0,16.93
2025-02-25,Bengaluru,168,21.04,0.0,0.78
2025-02-26,Bengaluru,168,19.49,0.0,10.3
2025-02-27,Bengaluru,168,26.82,0.0,0.88
2025-02-28,Bengaluru,168,21.72,0.0,3.37
2025-03-01,Bengaluru,168,21.22,0.0,8.55
2025-03-02,Bengaluru,168,26.61,0.0,7.9
2025-03-03,Bengaluru,168,20.6,0.0,6.99
2025-03-04,Bengaluru,168,27.81,0.0,0.87
2025-03-05,Bengaluru,168,26.31,0.0,12.67
2025-03-06,Bengaluru,168,24.78,0.0,6.53
2025-03-07,Bengaluru,168,25.21,0.0,5.6
2025-03-08,Bengaluru,168,28.4,0.0,0.0
2025-03-09,Bengaluru,168,25.24,0.0,15.26
2025-03-10,Bengaluru,168,25.35,0.0,5.87
2025-03-11,Bengaluru,168,27.12,0.0,0.0
2025-03-12,Bengaluru,168,23.81,0.0,0.0
2025-03-13,Bengaluru,168,23.67,0.0,12.61
2025-03-14,Bengaluru,168,23.05,0.0,13.36
2025-03-15,Bengaluru,168,23.2,0.0,0.0
2025-03-16,Bengaluru,168,19.26,0.0,8.69
2025-03-17,Bengaluru,168,19.34,0.0,1.78
2025-03-18,Bengaluru,168,24.31,0.0,4.13
2025-03-19,Bengaluru,168,24.59,0.0,9.52
2025-03-20,Bengaluru,168,25.81,0.0,4.94
2025-03-21,Bengaluru,168,25.47,0.0,10.13
2025-03-22,Bengaluru,168,26.82,0.0,9.31
2025-03-23,Bengaluru,168,26.04,0.0,1.27
2025-03-24,Bengaluru,168,25.31,0.0,1.63
2025-03-25,Bengaluru,168,28.57,0.0,13.84
2025-03-26,Bengaluru,168,22.2,0.0,7.18
2025-03-27,Bengaluru,168,23.79,0.0,8.58
2025-03-28,Bengaluru,168,29.94,0.0,10.76
2025-03-29,Bengaluru,168,30.41,0.0,3.1
2025-03-30,Bengaluru,168,26.77,0.0,18.28
2025-03-31,Bengaluru,168,29.12,0.0,9.48
2025-04-01,Bengaluru,168,21.65,0.0,5.95
2025-04-02,Bengaluru,168,24.54,0.0,1.78
2025-04-03,Bengaluru,168,29.84,0.0,10.93
2025-04-04,Bengaluru,168,24.09,0.0,21.01
2025-04-05,Bengaluru,168,22.9,0.0,12.58
2025-04-06,Bengaluru,168,28.46,0.0,8.1
2025-04-07,Bengaluru,168,25.95,0.0,14.85
2025-04-08,Bengaluru,168,25.03,0.0,13.8
2025-04-09,Bengaluru,168,26.07,0.0,12.6
2025-04-10,Bengaluru,168,26.26,0.0,8.94
2025-04-11,Bengaluru,168,25.91,0.0,12.36
2025-04-12,Bengaluru,168,29.67,0.0,19.41
2025-04-13,Bengaluru,168,25.3,0.0,2.9
2025-04-14,Bengaluru,168,31.61,5.26,7.81
2025-04-15,Bengaluru,168,32.91,0.0,9.88
2025-04-16,Bengaluru,168,31.79,0.0,4.98
2025-04-17,Bengaluru,168,31.14,0.0,14.2
2025-04-18,Bengaluru,168,29.98,0.0,10.47
2025-04-19,Bengaluru,168,26.27,23.19,20.9
2025-04-20,Bengaluru,168,25.9,3.82,12.41
2025-04-21,Bengaluru,168,25.95,0.0,12.22
2025-04-22,Bengaluru,168,24.93,0.0,14.71
2025-04-23,Bengaluru,168,23.26,0.0,9.65
2025-04-24,Bengaluru,168,26.67,4.22,3.98
2025-04-25,Bengaluru,168,28.72,0.0,9.61
2025-04-26,Bengaluru,168,24.64,0.0,4.88
2025-04-27,Bengaluru,168,25.06,0.0,4.3
2025-04-28,Bengaluru,168,28.42,0.0,4.49
2025-04-29,Bengaluru,168,32.49,58.98,12.6
2025-04-30,Bengaluru,168,28.85,4.85,24.27
2025-05-01,Bengaluru,168,27.33,6.52,10.96
2025-05-02,Bengaluru,168,30.68,0.0,7.04
2025-05-03,Bengaluru,168,28.47,0.0,3.99
2025-05-04,Bengaluru,168,31.17,0.0,12.32
2025-05-05,Bengaluru,168,29.32,0.0,5.05
2025-05-06,Bengaluru,168,29.0,14.91,15.33
2025-05-07,Bengaluru,168,28.81,1.56,10.99
2025-05-08,Bengaluru,168,25.3,11.78,16.87
2025-05-09,Bengaluru,168,24.34,0.0,13.07
2025-05-10,Bengaluru,168,25.88,0.0,24.12
2025-05-11,Bengaluru,168,26.56,0.0,13.98
2025-05-12,Bengaluru,168,28.54,0.0,5.95
2025-05-13,Bengaluru,168,27.16,0.0,14.87
2025-05-14,Bengaluru,168,25.74,0.0,12.09
2025-05-15,Bengaluru,168,25.25,5.02,3.04
2025-05-16,Bengaluru,168,25.91,0.0,10.15
2025-05-17,Bengaluru,168,26.35,7.28,4.16
2025-05-18,Bengaluru,168,25.98,3.9,5.43
2025-05-19,Bengaluru,168,30.63,0.0,2.7
2025-05-20,Bengaluru,168,30.99,2.74,9.55
2025-05-21,Bengaluru,168,25.21,0.0,18.35
2025-05-22,Bengaluru,168,31.3,0.0,10.94
2025-05-23,Bengaluru,168,27.14,0.0,16.56
2025-05-24,Bengaluru,168,26.81,18.83,7.98
2025-05-25,Bengaluru,168,23.56,0.0,13.46
2025-05-26,Bengaluru,168,21.71,0.0,2.37
2025-05-27,Bengaluru,168,24.29,0.0,6.53
2025-05-28,Bengaluru,168,26.96,0.0,10.51
2025-05-29,Bengaluru,168,25.66,0.0,13.53
2025-05-30,Bengaluru,168,29.19,0.0,0.88
2025-05-31,Bengaluru,168,30.04,0.0,8.11
2025-06-01,Bengaluru,168,29.81,0.0,21.89
2025-06-02,Bengaluru,168,27.38,0.0,17.54
2025-06-03,Bengaluru,168,26.1,0.0,5.56
2025-06-04,Bengaluru,168,26.03,1.09,16.61
2025-06-05,Bengaluru,168,25.6,0.0,15.77
2025-06-06,Bengaluru,168,25.93,0.0,5.71
2025-06-07,Bengaluru,168,27.6,0.0,14.07
2025-06-08,Bengaluru,168,22.96,0.0,12.71
2025-06-09,Bengaluru,168,23.59,0.0,9.84
2025-06-10,Bengaluru,168,25.37,0.0,12.32
2025-06-11,Bengaluru,168,25.09,0.0,18.19
2025-06-12,Bengaluru,168,29.07,0.0,11.52
2025-06-13,Bengaluru,168,21.5,0.0,13.32
2025-06-14,Bengaluru,168,24.01,0.0,10.95
2025-06-15,Bengaluru,168,22.81,0.0,14.6
2025-06-16,Bengaluru,168,19.83,0.0,10.0
2025-06-17,Bengaluru,168,27.2,0.0,12.34
2025-06-18,Bengaluru,168,27.84,0.0,13.96
2025-06-19,Bengaluru,168,15.42,0.0,6.6
2025-06-20,Bengaluru,168,22.42,0.0,13.89
2025-06-21,Bengaluru,168,23.47,9.21,16.06
2025-06-22,Bengaluru,168,20.85,0.0,7.88
2025-06-23,Bengaluru,168,17.94,0.0,18.79
2025-06-24,Bengaluru,168,23.17,0.0,15.47
2025-06-25,Bengaluru,168,16.86,0.0,13.66
2025-06-26,Bengaluru,168,26.96,0.0,12.26
2025-06-27,Bengaluru,168,23.02,0.0,9.42
2025-06-28,Bengaluru,168,21.72,0.0,17.34
2025-06-29,Bengaluru,168,25.16,0.0,11.88
2025-06-30,Bengaluru,168,28.07,0.0,18.02
2025-07-01,Bengaluru,168,22.24,0.0,6.42
2025-07-02,Bengaluru,168,26.47,0.0,6.48
2025-07-03,Bengaluru,168,22.91,0.0,14.79
2025-07-04,Bengaluru,168,22.22,0.0,6.12
2025-07-05,Bengaluru,168,17.82,0.0,10.76
2025-07-06,Bengaluru,168,21.08,0.0,19.55
2025-07-07,Bengaluru,168,26.54,0.0,7.56
2025-07-08,Bengaluru,168,21.15,1.33,7.86
2025-07-09,Bengaluru,168,18.7,0.0,28.36
2025-07-10,Bengaluru,168,23.92,0.0,10.22
2025-07-11,Bengaluru,168,21.72,6.03,14.09
2025-07-12,Bengaluru,168,19.92,2.62,15.3
2025-07-13,Bengaluru,168,21.8,0.0,14.38
2025-07-14,Bengaluru,168,25.05,0.0,21.34
2025-07-15,Bengaluru,168,21.16,0.0,6.62
2025-07-16,Bengaluru,168,25.48,0.0,17.51
2025-07-17,Bengaluru,168,23.59,37.43,20.85
2025-07-18,Bengaluru,168,21.14,0.0,12.61
2025-07-19,Bengaluru,168,23.4,0.0,8.23
2025-07-20,Bengaluru,168,24.48,0.0,7.13
2025-07-21,Bengaluru,168,23.13,0.0,10.95
2025-07-22,Bengaluru,168,23.91,2.92,17.05
2025-07-23,Bengaluru,168,25.41,51.7,14.47
2025-07-24,Bengaluru,168,22.15,6.29,17.93
2025-07-25,Bengaluru,168,22.69,0.0,13.9
2025-07-26,Bengaluru,168,20.53,0.0,24.33
2025-07-27,Bengaluru,168,22.56,0.0,9.88
2025-07-28,Bengaluru,168,21.1,0.0,8.67
2025-07-29,Bengaluru,168,21.56,0.0,13.11
2025-07-30,Bengaluru,168,27.01,0.0,15.81
2025-07-31,Bengaluru,168,24.69,0.44,5.47
2025-08-01,Bengaluru,168,27.55,58.48,18.57
2025-08-02,Bengaluru,168,23.56,0.0,9.69
2025-08-03,Bengaluru,168,26.57,0.0,5.85
2025-08-04,Bengaluru,168,22.71,0.0,11.19
2025-08-05,Bengaluru,168,22.21,0.0,8.07
2025-08-06,Bengaluru,168,19.56,0.0,2.89
2025-08-07,Bengaluru,168,21.08,0.0,6.39
2025-08-08,Bengaluru,168,19.53,0.0,12.86
2025-08-09,Bengaluru,168,28.07,0.0,5.54
2025-08-10,Bengaluru,168,21.69,0.0,10.01
2025-08-11,Bengaluru,168,20.92,0.0,8.37
2025-08-12,Bengaluru,168,21.49,0.0,9.99
2025-08-13,Bengaluru,168,19.55,0.0,16.76
2025-08-14,Bengaluru,168,24.16,1.01,14.61
2025-08-15,Bengaluru,168,20.19,56.22,22.02
2025-08-16,Bengaluru,168,21.86,0.12,9.29
2025-08-17,Bengaluru,168,24.51,10.36,19.42
2025-08-18,Bengaluru,168,22.13,0.1,8.63
2025-08-19,Bengaluru,168,27.0,12.15,8.46
2025-08-20,Bengaluru,168,25.77,0.0,18.39
2025-08-21,Bengaluru,168,23.65,0.0,10.54
2025-08-22,Bengaluru,168,21.38,0.0,13.37
2025-08-23,Bengaluru,168,25.04,0.0,15.83
2025-08-24,Bengaluru,168,23.28,0.0,17.67
2025-08-25,Bengaluru,168,18.37,0.0,3.22
2025-08-26,Bengaluru,168,21.35,0.0,10.26
2025-08-27,Bengaluru,168,19.72,3.77,4.57
2025-08-28,Bengaluru,168,23.74,0.0,10.29
2025-08-29,Bengaluru,168,21.29,0.0,5.66
2025-08-30,Bengaluru,168,24.75,0.0,22.91
2025-08-31,Bengaluru,168,22.84,0.0,11.03
2025-09-01,Bengaluru,168,23.43,0.0,5.9
2025-09-02,Bengaluru,168,24.88,0.0,10.82
2025-09-03,Bengaluru,168,25.03,0.0,6.8
2025-09-04,Bengaluru,168,23.77,0.0,8.97
2025-09-05,Bengaluru,168,24.0,0.0,18.23
2025-09-06,Bengaluru,168,26.02,0.0,21.2
2025-09-07,Bengaluru,168,24.39,0.0,15.51
2025-09-08,Bengaluru,168,21.48,0.0,9.27
2025-09-09,Bengaluru,168,24.5,0.0,15.13
2025-09-10,Bengaluru,168,24.1,0.0,9.9
2025-09-11,Bengaluru,168,24.13,0.0,16.2
2025-09-12,Bengaluru,168,23.28,0.0,11.8
2025-09-13,Bengaluru,168,23.35,0.0,7.48
2025-09-14,Bengaluru,168,23.18,0.0,15.4
2025-09-15,Bengaluru,168,20.23,0.0,2.12
2025-09-16,Bengaluru,168,22.55,0.0,10.66
2025-09-17,Bengaluru,168,20.71,0.0,6.54
2025-09-18,Bengaluru,168,23.02,0.0,4.4
2025-09-19,Bengaluru,168,19.41,0.0,5.99
2025-09-20,Bengaluru,168,19.94,7.5,10.67
2025-09-21,Bengaluru,168,22.66,0.0,8.28
2025-09-22,Bengaluru,168,22.83,0.0,8.26
2025-09-23,Bengaluru,168,15.29,0.0,2.28
2025-09-24,Bengaluru,168,19.42,0.0,7.06
2025-09-25,Bengaluru,168,18.73,0.0,1.81
2025-09-26,Bengaluru,168,24.36,0.0,13.02
2025-09-27,Bengaluru,168,22.18,0.0,8.72
2025-09-28,Bengaluru,168,24.23,1.68,19.2
2025-09-29,Bengaluru,168,23.1,7.39,10.26
2025-09-30,Bengaluru,168,23.64,15.48,11.19
