date,region,forecast_lead_time_hours,ai_temp,ai_rain,ai_wind
2023-01-01,Pune,24,21.42,0.0,9.39
2023-01-02,Pune,24,20.76,0.0,7.75
2023-01-03,Pune,24,22.08,0.0,10.34
2023-01-04,Pune,24,20.62,0.0,8.4
2023-01-05,Pune,24,19.46,0.0,7.31
2023-01-06,Pune,24,18.24,0.0,4.59
2023-01-07,Pune,24,18.11,0.0,8.96
2023-01-08,Pune,24,20.03,0.0,9.24
2023-01-09,Pune,24,23.59,0.0,10.73
2023-01-10,Pune,24,19.78,0.0,4.6
2023-01-11,Pune,24,19.31,0.0,8.2
2023-01-12,Pune,24,21.09,0.0,9.12
2023-01-13,Pune,24,21.61,0.0,8.9
2023-01-14,Pune,24,20.8,0.0,8.58
2023-01-15,Pune,24,20.25,0.0,8.16
2023-01-16,Pune,24,19.17,0.0,8.24
2023-01-17,Pune,24,21.05,2.07,9.12
2023-01-18,Pune,24,20.37,0.0,8.93
2023-01-19,Pune,24,20.72,0.0,7.98
2023-01-20,Pune,24,17.67,0.0,4.13
2023-01-21,Pune,24,16.97,0.0,8.23
2023-01-22,Pune,24,16.42,0.0,9.36
2023-01-23,Pune,24,17.86,0.0,8.96
2023-01-24,Pune,24,16.99,0.0,7.43
2023-01-25,Pune,24,17.46,0.0,8.39
2023-01-26,Pune,24,19.18,0.0,5.94
2023-01-27,Pune,24,19.94,0.0,5.55
2023-01-28,Pune,24,16.36,0.0,4.36
2023-01-29,Pune,24,16.34,0.0,8.21
2023-01-30,Pune,24,18.54,0.0,8.0
2023-01-31,Pune,24,19.26,0.0,5.73
2023-02-01,Pune,24,20.51,0.0,5.53
2023-02-02,Pune,24,20.14,0.0,8.3
2023-02-03,Pune,24,19.24,0.0,4.28
2023-02-04,Pune,24,19.32,0.0,4.15
2023-02-05,Pune,24,20.87,0.0,7.26
2023-02-06,Pune,24,20.38,0.0,6.73
2023-02-07,Pune,24,21.1,0.0,8.55
2023-02-08,Pune,24,22.5,0.0,8.37
2023-02-09,Pune,24,23.05,0.0,7.66
2023-02-10,Pune,24,21.39,0.0,8.27
2023-02-11,Pune,24,22.55,0.0,9.78
2023-02-12,Pune,24,22.32,0.0,10.76
2023-02-13,Pune,24,22.55,0.0,11.59
2023-02-14,Pune,24,22.11,0.0,9.72
2023-02-15,Pune,24,23.4,0.0,6.93
2023-02-16,Pune,24,22.39,0.0,10.11
2023-02-17,Pune,24,23.08,0.0,9.85
2023-02-18,Pune,24,22.79,0.0,10.69
2023-02-19,Pune,24,23.52,0.0,7.34
2023-02-20,Pune,24,25.26,0.0,6.73
2023-02-21,Pune,24,26.41,0.0,11.71
2023-02-22,Pune,24,24.13,0.0,10.9
2023-02-23,Pune,24,23.84,0.0,11.08
2023-02-24,Pune,24,23.93,0.0,10.18
2023-02-25,Pune,24,22.61,0.0,6.77
2023-02-26,Pune,24,24.57,0.0,6.08
2023-02-27,Pune,24,23.76,0.0,6.18
2023-02-28,Pune,24,24.75,0.0,11.18
2023-03-01,Pune,24,30.59,0.0,9.24
2023-03-02,Pune,24,27.63,0.0,7.96
2023-03-03,Pune,24,27.33,0.0,9.58
2023-03-04,Pune,24,27.8,0.0,9.93
2023-03-05,Pune,24,28.3,0.0,7.07
2023-03-06,Pune,24,25.74,0.0,8.55
2023-03-07,Pune,24,25.9,0.0,4.58
2023-03-08,Pune,24,26.72,0.0,7.23
2023-03-09,Pune,24,26.39,0.0,9.7
2023-03-10,Pune,24,28.01,0.0,10.37
2023-03-11,Pune,24,25.65,0.0,13.67
2023-03-12,Pune,24,26.6,0.0,13.27
2023-03-13,Pune,24,26.94,0.0,12.56
2023-03-14,Pune,24,24.27,0.0,13.31
2023-03-15,Pune,24,23.47,4.69,16.05
2023-03-16,Pune,24,25.03,0.0,12.99
2023-03-17,Pune,24,27.72,0.0,12.27
2023-03-18,Pune,24,27.52,0.0,11.0
2023-03-19,Pune,24,26.88,0.0,8.45
2023-03-20,Pune,24,27.2,0.0,9.12
2023-03-21,Pune,24,25.61,0.0,9.31
2023-03-22,Pune,24,28.34,0.0,9.44
2023-03-23,Pune,24,27.94,0.0,5.34
2023-03-24,Pune,24,26.46,0.0,6.94
2023-03-25,Pune,24,26.8,0.0,3.51
2023-03-26,Pune,24,27.34,0.0,4.96
2023-03-27,Pune,24,26.83,0.0,9.85
2023-03-28,Pune,24,25.52,0.0,8.55
2023-03-29,Pune,24,26.15,0.0,8.62
2023-03-30,Pune,24,25.91,0.0,9.72
2023-03-31,Pune,24,26.66,0.0,10.99
2023-04-01,Pune,24,31.48,0.0,12.82
2023-04-02,Pune,24,32.02,0.0,15.44
2023-04-03,Pune,24,33.08,0.0,10.05
2023-04-04,Pune,24,32.55,0.0,13.55
2023-04-05,Pune,24,31.94,0.0,13.09
2023-04-06,Pune,24,32.97,0.0,12.22
2023-04-07,Pune,24,33.06,0.0,12.69
2023-04-08,Pune,24,30.68,0.0,9.5
2023-04-09,Pune,24,31.51,0.0,9.24
2023-04-10,Pune,24,29.86,0.0,10.57
2023-04-11,Pune,24,28.76,0.0,8.42
2023-04-12,Pune,24,27.22,0.0,11.04
2023-04-13,Pune,24,28.19,0.0,6.97
2023-04-14,Pune,24,28.63,0.0,7.55
2023-04-15,Pune,24,31.61,0.0,9.56
2023-04-16,Pune,24,31.5,0.0,10.09
2023-04-17,Pune,24,30.65,0.0,12.13
2023-04-18,Pune,24,29.76,0.0,5.86
2023-04-19,Pune,24,30.96,0.0,8.99
2023-04-20,Pune,24,31.09,0.0,9.32
2023-04-21,Pune,24,29.67,0.0,9.72
2023-04-22,Pune,24,32.18,0.0,9.44
2023-04-23,Pune,24,31.92,42.57,18.1
2023-04-24,Pune,24,30.71,0.0,12.0
2023-04-25,Pune,24,30.84,0.0,11.22
2023-04-26,Pune,24,32.06,0.0,10.17
2023-04-27,Pune,24,29.66,0.0,12.36
2023-04-28,Pune,24,29.99,0.0,11.96
2023-04-29,Pune,24,30.77,0.0,13.15
2023-04-30,Pune,24,30.57,0.0,12.73
2023-05-01,Pune,24,31.77,0.0,14.41
2023-05-02,Pune,24,31.19,0.0,13.16
2023-05-03,Pune,24,32.29,0.0,13.72
2023-05-04,Pune,24,31.69,0.0,13.22
2023-05-05,Pune,24,29.76,0.0,15.58
2023-05-06,Pune,24,28.93,3.75,16.96
2023-05-07,Pune,24,29.9,0.0,15.14
2023-05-08,Pune,24,27.58,0.0,13.6
2023-05-09,Pune,24,29.47,0.0,16.88
2023-05-10,Pune,24,28.92,0.0,14.73
2023-05-11,Pune,24,30.37,0.0,10.69
2023-05-12,Pune,24,30.97,0.0,14.3
2023-05-13,Pune,24,30.62,0.0,14.37
2023-05-14,Pune,24,31.17,0.0,11.42
2023-05-15,Pune,24,29.2,0.0,10.91
2023-05-16,Pune,24,32.84,0.0,12.86
2023-05-17,Pune,24,32.55,0.0,15.3
2023-05-18,Pune,24,33.57,0.0,14.17
2023-05-19,Pune,24,33.5,0.0,11.81
2023-05-20,Pune,24,32.06,0.0,14.43
2023-05-21,Pune,24,31.57,0.0,10.86
2023-05-22,Pune,24,30.92,0.0,17.2
2023-05-23,Pune,24,31.48,0.0,12.68
2023-05-24,Pune,24,30.55,0.0,11.51
2023-05-25,Pune,24,31.07,0.0,11.82
2023-05-26,Pune,24,30.52,0.0,11.27
2023-05-27,Pune,24,28.91,0.0,12.83
2023-05-28,Pune,24,32.17,0.0,10.12
2023-05-29,Pune,24,31.7,0.0,10.95
2023-05-30,Pune,24,32.26,0.0,15.02
2023-05-31,Pune,24,32.12,0.0,10.35
2023-06-01,Pune,24,25.52,0.0,16.74
2023-06-02,Pune,24,26.19,0.0,12.95
2023-06-03,Pune,24,27.43,3.31,19.44
2023-06-04,Pune,24,25.64,0.0,15.27
2023-06-05,Pune,24,26.26,0.0,16.79
2023-06-06,Pune,24,25.48,3.2,15.4
2023-06-07,Pune,24,25.23,16.89,20.22
2023-06-08,Pune,24,24.66,0.72,15.68
2023-06-09,Pune,24,26.65,14.67,19.74
2023-06-10,Pune,24,24.82,14.84,16.63
2023-06-11,Pune,24,24.81,0.0,11.01
2023-06-12,Pune,24,26.88,0.0,16.13
2023-06-13,Pune,24,27.61,6.35,14.3
2023-06-14,Pune,24,26.45,12.19,16.27
2023-06-15,Pune,24,25.66,1.5,16.22
2023-06-16,Pune,24,24.2,0.0,13.4
2023-06-17,Pune,24,24.28,21.19,16.38
2023-06-18,Pune,24,25.77,1.31,13.93
2023-06-19,Pune,24,25.45,0.0,13.18
2023-06-20,Pune,24,25.96,0.0,14.89
2023-06-21,Pune,24,25.8,0.0,16.59
2023-06-22,Pune,24,26.01,0.0,14.92
2023-06-23,Pune,24,26.23,0.0,14.89
2023-06-24,Pune,24,25.92,0.0,13.48
2023-06-25,Pune,24,23.36,4.1,15.55
2023-06-26,Pune,24,24.12,22.9,18.1
2023-06-27,Pune,24,25.95,6.12,16.6
2023-06-28,Pune,24,25.36,10.53,15.58
2023-06-29,Pune,24,26.84,6.96,18.97
2023-06-30,Pune,24,26.27,0.0,14.64
2023-07-01,Pune,24,24.62,0.0,14.23
2023-07-02,Pune,24,24.65,0.0,14.25
2023-07-03,Pune,24,24.94,22.71,18.63
2023-07-04,Pune,24,23.4,3.19,16.74
2023-07-05,Pune,24,23.95,26.29,20.83
2023-07-06,Pune,24,25.3,0.0,14.83
2023-07-07,Pune,24,25.82,0.0,17.27
2023-07-08,Pune,24,25.91,42.76,26.25
2023-07-09,Pune,24,26.48,14.92,19.14
2023-07-10,Pune,24,25.9,0.0,17.67
2023-07-11,Pune,24,24.06,0.0,17.88
2023-07-12,Pune,24,25.67,0.0,15.67
2023-07-13,Pune,24,25.6,0.0,16.53
2023-07-14,Pune,24,25.54,0.0,14.49
2023-07-15,Pune,24,25.97,0.0,13.94
2023-07-16,Pune,24,26.71,51.99,19.43
2023-07-17,Pune,24,25.67,0.2,18.71
2023-07-18,Pune,24,27.49,6.92,19.61
2023-07-19,Pune,24,25.51,6.0,19.45
2023-07-20,Pune,24,28.8,0.0,21.37
2023-07-21,Pune,24,26.85,0.0,16.36
2023-07-22,Pune,24,27.7,0.0,18.57
2023-07-23,Pune,24,27.24,0.0,18.19
2023-07-24,Pune,24,26.84,0.0,18.23
2023-07-25,Pune,24,29.41,0.0,19.51
2023-07-26,Pune,24,29.26,0.0,19.08
2023-07-27,Pune,24,27.49,0.0,15.93
2023-07-28,Pune,24,24.02,0.0,19.52
2023-07-29,Pune,24,25.22,19.45,21.53
2023-07-30,Pune,24,24.71,0.0,16.09
2023-07-31,Pune,24,25.8,11.09,12.22
2023-08-01,Pune,24,24.54,4.74,16.17
2023-08-02,Pune,24,24.26,0.0,14.59
2023-08-03,Pune,24,22.64,0.0,15.61
2023-08-04,Pune,24,20.82,0.0,16.6
2023-08-05,Pune,24,22.34,0.0,18.59
2023-08-06,Pune,24,21.8,2.39,17.4
2023-08-07,Pune,24,22.81,1.97,16.67
2023-08-08,Pune,24,21.85,5.69,15.08
2023-08-09,Pune,24,20.96,4.39,16.48
2023-08-10,Pune,24,22.27,6.61,18.49
2023-08-11,Pune,24,21.79,0.0,15.93
2023-08-12,Pune,24,20.21,0.0,12.96
2023-08-13,Pune,24,21.57,0.0,13.6
2023-08-14,Pune,24,22.19,8.72,16.62
2023-08-15,Pune,24,23.11,0.64,12.05
2023-08-16,Pune,24,22.6,0.0,14.01
2023-08-17,Pune,24,21.91,0.5,12.9
2023-08-18,Pune,24,21.7,2.0,10.88
2023-08-19,Pune,24,20.06,3.69,11.23
2023-08-20,Pune,24,22.56,0.0,14.99
2023-08-21,Pune,24,22.9,18.35,14.78
2023-08-22,Pune,24,22.73,6.15,14.03
2023-08-23,Pune,24,22.28,10.01,16.96
2023-08-24,Pune,24,26.71,0.0,14.85
2023-08-25,Pune,24,23.51,0.0,12.08
2023-08-26,Pune,24,22.6,0.0,12.69
2023-08-27,Pune,24,24.33,0.0,14.35
2023-08-28,Pune,24,24.79,1.9,16.55
2023-08-29,Pune,24,22.95,0.0,13.76
2023-08-30,Pune,24,23.4,0.0,11.61
2023-08-31,Pune,24,24.13,41.84,21.01
2023-09-01,Pune,24,24.76,0.0,15.12
2023-09-02,Pune,24,23.39,4.15,14.2
2023-09-03,Pune,24,23.74,2.89,10.45
2023-09-04,Pune,24,26.06,31.59,18.26
2023-09-05,Pune,24,26.18,24.3,15.01
2023-09-06,Pune,24,22.33,0.0,12.25
2023-09-07,Pune,24,22.35,0.0,8.08
2023-09-08,Pune,24,21.52,0.0,10.63
2023-09-09,Pune,24,17.16,0.0,9.04
2023-09-10,Pune,24,18.16,0.0,8.34
2023-09-11,Pune,24,22.23,0.0,11.9
2023-09-12,Pune,24,23.29,0.0,11.74
2023-09-13,Pune,24,21.93,0.0,9.21
2023-09-14,Pune,24,20.24,0.0,10.05
2023-09-15,Pune,24,23.95,4.48,9.26
2023-09-16,Pune,24,23.4,2.21,8.1
2023-09-17,Pune,24,25.06,6.83,11.61
2023-09-18,Pune,24,24.55,2.34,11.6
2023-09-19,Pune,24,24.95,0.0,11.84
2023-09-20,Pune,24,26.17,0.0,11.01
2023-09-21,Pune,24,25.75,0.0,8.09
2023-09-22,Pune,24,26.69,0.0,9.24
2023-09-23,Pune,24,25.57,0.0,13.0
2023-09-24,Pune,24,25.6,0.0,15.23
2023-09-25,Pune,24,25.44,0.0,13.97
2023-09-26,Pune,24,25.35,0.0,13.22
2023-09-27,Pune,24,24.87,0.0,13.85
2023-09-28,Pune,24,24.45,0.0,9.66
2023-09-29,Pune,24,23.71,6.34,9.84
2023-09-30,Pune,24,23.05,0.0,13.23
2023-10-01,Pune,24,26.08,0.0,8.45
2023-10-02,Pune,24,27.56,0.0,12.34
2023-10-03,Pune,24,27.02,0.0,11.8
2023-10-04,Pune,24,28.34,0.0,10.7
2023-10-05,Pune,24,27.36,0.0,11.26
2023-10-06,Pune,24,24.4,0.0,9.65
2023-10-07,Pune,24,23.94,0.0,9.44
2023-10-08,Pune,24,25.27,0.0,5.87
2023-10-09,Pune,24,26.33,0.0,8.83
2023-10-10,Pune,24,25.01,0.0,12.38
2023-10-11,Pune,24,24.87,5.43,11.56
2023-10-12,Pune,24,24.31,0.0,9.45
2023-10-13,Pune,24,25.61,0.0,10.23
2023-10-14,Pune,24,26.54,0.0,7.25
2023-10-15,Pune,24,25.47,0.0,11.2
2023-10-16,Pune,24,27.11,0.0,10.3
2023-10-17,Pune,24,27.59,13.71,13.31
2023-10-18,Pune,24,25.57,0.0,10.45
2023-10-19,Pune,24,25.5,0.0,11.52
2023-10-20,Pune,24,25.31,0.0,9.18
2023-10-21,Pune,24,27.65,0.0,12.52
2023-10-22,Pune,24,27.14,0.0,7.31
2023-10-23,Pune,24,28.36,0.0,10.48
2023-10-24,Pune,24,27.03,0.0,11.16
2023-10-25,Pune,24,27.61,0.0,8.97
2023-10-26,Pune,24,26.8,0.0,8.21
2023-10-27,Pune,24,26.12,8.43,12.36
2023-10-28,Pune,24,26.78,0.0,10.01
2023-10-29,Pune,24,29.07,0.0,10.83
2023-10-30,Pune,24,27.65,0.0,5.01
2023-10-31,Pune,24,28.14,0.0,7.58
2023-11-01,Pune,24,23.54,0.0,5.43
2023-11-02,Pune,24,22.64,0.0,4.57
2023-11-03,Pune,24,26.11,0.0,4.55
2023-11-04,Pune,24,23.09,0.0,6.87
2023-11-05,Pune,24,23.83,0.0,6.87
2023-11-06,Pune,24,22.29,0.0,14.7
2023-11-07,Pune,24,22.01,0.0,11.1
2023-11-08,Pune,24,22.18,0.0,13.04
2023-11-09,Pune,24,26.26,0.0,8.26
2023-11-10,Pune,24,23.18,0.0,6.78
2023-11-11,Pune,24,24.01,0.0,4.37
2023-11-12,Pune,24,23.47,0.0,4.87
2023-11-13,Pune,24,22.44,0.0,4.66
2023-11-14,Pune,24,21.41,0.0,2.24
2023-11-15,Pune,24,22.51,0.0,6.34
2023-11-16,Pune,24,20.9,0.0,3.15
2023-11-17,Pune,24,22.45,0.0,3.05
2023-11-18,Pune,24,21.99,33.9,5.37
2023-11-19,Pune,24,21.5,0.0,5.94
2023-11-20,Pune,24,23.79,0.0,7.07
2023-11-21,Pune,24,23.93,0.0,8.55
2023-11-22,Pune,24,23.25,0.0,9.72
2023-11-23,Pune,24,22.42,0.0,7.35
2023-11-24,Pune,24,22.83,0.0,8.67
2023-11-25,Pune,24,21.86,0.0,6.87
2023-11-26,Pune,24,22.61,0.0,9.38
2023-11-27,Pune,24,25.51,0.0,11.05
2023-11-28,Pune,24,24.3,0.0,9.39
2023-11-29,Pune,24,23.81,0.0,5.76
2023-11-30,Pune,24,21.32,0.0,7.35
2023-12-01,Pune,24,20.1,0.0,4.3
2023-12-02,Pune,24,19.77,0.0,3.59
2023-12-03,Pune,24,17.51,0.0,9.34
2023-12-04,Pune,24,20.86,0.0,6.45
2023-12-05,Pune,24,19.26,0.0,8.08
2023-12-06,Pune,24,20.65,0.0,9.27
2023-12-07,Pune,24,23.33,0.0,3.68
2023-12-08,Pune,24,22.18,0.0,7.16
2023-12-09,Pune,24,22.23,0.0,7.3
2023-12-10,Pune,24,24.04,0.0,6.09
2023-12-11,Pune,24,23.48,0.0,5.75
2023-12-12,Pune,24,24.18,0.0,5.57
2023-12-13,Pune,24,18.83,0.0,7.78
2023-12-14,Pune,24,20.57,0.0,6.07
2023-12-15,Pune,24,22.13,0.0,10.05
2023-12-16,Pune,24,23.74,0.0,7.3
2023-12-17,Pune,24,21.21,0.0,9.82
2023-12-18,Pune,24,18.6,0.0,6.05
2023-12-19,Pune,24,20.98,0.0,5.3
2023-12-20,Pune,24,19.77,0.0,4.34
2023-12-21,Pune,24,20.4,0.0,6.08
2023-12-22,Pune,24,19.81,0.0,4.63
2023-12-23,Pune,24,20.38,0.0,9.85
2023-12-24,Pune,24,20.44,0.0,4.74
2023-12-25,Pune,24,21.43,0.0,5.03
2023-12-26,Pune,24,21.69,0.0,7.41
2023-12-27,Pune,24,20.52,0.0,9.57
2023-12-28,Pune,24,21.89,0.0,2.99
2023-12-29,Pune,24,23.17,0.0,8.12
2023-12-30,Pune,24,23.57,0.0,7.17
2023-12-31,Pune,24,23.03,0.0,8.86
2024-01-01,Pune,24,21.04,0.0,7.28
2024-01-02,Pune,24,20.65,0.0,4.78
2024-01-03,Pune,24,18.83,0.0,3.83
2024-01-04,Pune,24,18.05,0.0,6.35
2024-01-05,Pune,24,19.68,0.0,6.86
2024-01-06,Pune,24,20.14,0.0,4.76
2024-01-07,Pune,24,21.89,0.0,4.79
2024-01-08,Pune,24,18.49,0.0,8.05
2024-01-09,Pune,24,19.52,0.0,8.2
2024-01-10,Pune,24,18.87,0.0,6.29
2024-01-11,Pune,24,20.88,0.0,10.69
2024-01-12,Pune,24,21.11,0.0,7.34
2024-01-13,Pune,24,24.03,0.0,9.64
2024-01-14,Pune,24,21.12,0.0,8.18
2024-01-15,Pune,24,19.01,0.0,6.65
2024-01-16,Pune,24,20.21,0.0,4.36
2024-01-17,Pune,24,21.8,0.0,3.72
2024-01-18,Pune,24,19.45,0.0,5.19
2024-01-19,Pune,24,18.78,0.0,8.86
2024-01-20,Pune,24,18.4,0.0,8.32
2024-01-21,Pune,24,21.51,0.0,8.27
2024-01-22,Pune,24,20.78,0.0,8.11
2024-01-23,Pune,24,22.66,0.0,6.74
2024-01-24,Pune,24,21.6,0.0,3.65
2024-01-25,Pune,24,23.77,0.0,3.18
2024-01-26,Pune,24,21.51,0.0,4.12
2024-01-27,Pune,24,22.08,0.0,6.32
2024-01-28,Pune,24,20.21,0.0,7.64
2024-01-29,Pune,24,18.76,0.0,4.8
2024-01-30,Pune,24,18.91,0.0,3.97
2024-01-31,Pune,24,20.2,0.0,7.46
2024-02-01,Pune,24,20.57,0.0,7.86
2024-02-02,Pune,24,22.84,0.0,6.13
2024-02-03,Pune,24,24.09,0.0,8.8
2024-02-04,Pune,24,21.1,0.0,9.4
2024-02-05,Pune,24,21.21,0.0,8.91
2024-02-06,Pune,24,21.92,0.0,7.52
2024-02-07,Pune,24,22.11,0.0,12.11
2024-02-08,Pune,24,21.75,0.0,8.93
2024-02-09,Pune,24,23.01,0.0,12.31
2024-02-10,Pune,24,23.41,0.0,12.62
2024-02-11,Pune,24,21.14,0.0,13.52
2024-02-12,Pune,24,21.28,0.0,8.92
2024-02-13,Pune,24,21.51,0.0,12.43
2024-02-14,Pune,24,23.27,0.0,10.91
2024-02-15,Pune,24,21.0,0.0,5.82
2024-02-16,Pune,24,22.26,0.0,10.06
2024-02-17,Pune,24,24.29,0.0,10.01
2024-02-18,Pune,24,26.4,0.0,9.42
2024-02-19,Pune,24,25.03,0.0,8.68
2024-02-20,Pune,24,22.45,0.0,11.13
2024-02-21,Pune,24,23.03,0.0,9.27
2024-02-22,Pune,24,25.27,0.0,5.88
2024-02-23,Pune,24,24.35,0.0,9.5
2024-02-24,Pune,24,25.34,0.0,10.46
2024-02-25,Pune,24,24.36,0.0,11.52
2024-02-26,Pune,24,25.22,0.0,7.0
2024-02-27,Pune,24,22.46,0.0,10.39
2024-02-28,Pune,24,21.56,0.0,9.19
2024-02-29,Pune,24,22.73,0.0,13.11
2024-03-01,Pune,24,25.48,0.0,10.52
2024-03-02,Pune,24,27.7,0.0,10.35
2024-03-03,Pune,24,28.94,0.0,8.39
2024-03-04,Pune,24,25.49,0.0,5.72
2024-03-05,Pune,24,25.89,0.0,5.76
2024-03-06,Pune,24,25.37,0.0,9.76
2024-03-07,Pune,24,25.38,0.0,7.71
2024-03-08,Pune,24,25.9,0.0,6.95
2024-03-09,Pune,24,25.44,0.0,6.79
2024-03-10,Pune,24,24.14,0.0,9.97
2024-03-11,Pune,24,23.74,0.0,10.76
2024-03-12,Pune,24,24.58,0.0,8.59
2024-03-13,Pune,24,24.7,0.0,10.38
2024-03-14,Pune,24,26.45,0.0,9.14
2024-03-15,Pune,24,24.25,0.0,7.38
2024-03-16,Pune,24,24.93,0.0,8.4
2024-03-17,Pune,24,25.27,0.0,8.53
2024-03-18,Pune,24,24.0,0.0,11.66
2024-03-19,Pune,24,25.14,0.0,8.92
2024-03-20,Pune,24,25.64,0.0,4.72
2024-03-21,Pune,24,28.29,0.0,3.45
2024-03-22,Pune,24,25.85,0.0,5.83
2024-03-23,Pune,24,27.9,1.45,8.46
2024-03-24,Pune,24,27.35,0.0,7.47
2024-03-25,Pune,24,25.41,0.0,8.24
2024-03-26,Pune,24,26.93,0.0,8.69
2024-03-27,Pune,24,26.73,0.0,8.26
2024-03-28,Pune,24,27.95,0.0,6.07
2024-03-29,Pune,24,27.79,0.0,7.45
2024-03-30,Pune,24,25.07,0.0,8.32
2024-03-31,Pune,24,25.17,0.0,11.29
2024-04-01,Pune,24,31.17,0.0,14.47
2024-04-02,Pune,24,31.69,0.0,11.84
2024-04-03,Pune,24,30.76,0.0,8.91
2024-04-04,Pune,24,30.79,0.0,10.19
2024-04-05,Pune,24,29.88,0.0,8.32
2024-04-06,Pune,24,29.14,0.0,9.06
2024-04-07,Pune,24,29.87,0.0,9.19
2024-04-08,Pune,24,26.96,0.0,9.18
2024-04-09,Pune,24,28.89,0.0,11.24
2024-04-10,Pune,24,31.21,0.0,9.97
2024-04-11,Pune,24,27.72,0.0,9.03
2024-04-12,Pune,24,28.39,0.0,6.49
2024-04-13,Pune,24,27.79,0.0,9.95
2024-04-14,Pune,24,27.29,0.0,9.94
2024-04-15,Pune,24,28.82,0.0,10.71
2024-04-16,Pune,24,27.67,0.0,11.97
2024-04-17,Pune,24,27.58,0.0,11.58
2024-04-18,Pune,24,30.08,0.0,11.08
2024-04-19,Pune,24,29.73,0.0,12.11
2024-04-20,Pune,24,29.64,0.0,7.48
2024-04-21,Pune,24,28.15,0.0,7.78
2024-04-22,Pune,24,30.02,0.0,9.92
2024-04-23,Pune,24,27.77,0.0,13.11
2024-04-24,Pune,24,30.28,0.0,13.23
2024-04-25,Pune,24,29.15,0.0,12.91
2024-04-26,Pune,24,30.01,0.0,12.4
2024-04-27,Pune,24,30.71,0.0,11.58
2024-04-28,Pune,24,30.12,0.0,8.81
2024-04-29,Pune,24,32.09,0.0,12.83
2024-04-30,Pune,24,34.54,0.0,12.72
2024-05-01,Pune,24,32.66,8.74,14.51
2024-05-02,Pune,24,29.81,0.0,13.84
2024-05-03,Pune,24,29.14,0.0,15.52
2024-05-04,Pune,24,28.3,0.0,14.74
2024-05-05,Pune,24,30.68,0.0,10.52
2024-05-06,Pune,24,31.56,0.0,15.79
2024-05-07,Pune,24,30.53,0.0,14.52
2024-05-08,Pune,24,29.75,0.0,13.64
2024-05-09,Pune,24,29.91,0.0,16.28
2024-05-10,Pune,24,32.92,0.0,15.87
2024-05-11,Pune,24,28.62,0.0,16.46
2024-05-12,Pune,24,29.41,2.48,15.43
2024-05-13,Pune,24,29.42,14.87,15.93
2024-05-14,Pune,24,32.27,0.0,12.45
2024-05-15,Pune,24,29.81,0.0,9.5
2024-05-16,Pune,24,30.37,0.0,13.86
2024-05-17,Pune,24,28.83,0.0,10.42
2024-05-18,Pune,24,29.03,0.0,12.26
2024-05-19,Pune,24,31.26,0.0,11.44
2024-05-20,Pune,24,31.6,0.0,8.09
2024-05-21,Pune,24,31.54,0.0,9.68
2024-05-22,Pune,24,31.5,0.0,13.66
2024-05-23,Pune,24,29.82,0.0,13.35
2024-05-24,Pune,24,30.0,0.0,18.26
2024-05-25,Pune,24,30.58,0.0,17.37
2024-05-26,Pune,24,30.12,0.0,14.32
2024-05-27,Pune,24,30.4,0.0,13.89
2024-05-28,Pune,24,30.43,0.0,17.67
2024-05-29,Pune,24,29.39,0.0,13.17
2024-05-30,Pune,24,30.59,0.0,13.29
2024-05-31,Pune,24,31.03,0.0,12.51
2024-06-01,Pune,24,29.06,4.07,15.24
2024-06-02,Pune,24,28.08,5.01,15.82
2024-06-03,Pune,24,26.47,39.89,21.91
2024-06-04,Pune,24,27.61,15.57,18.84
2024-06-05,Pune,24,25.93,16.44,15.33
2024-06-06,Pune,24,25.51,10.87,17.66
2024-06-07,Pune,24,25.82,3.58,12.31
2024-06-08,Pune,24,24.57,0.0,13.25
2024-06-09,Pune,24,27.27,1.61,16.85
2024-06-10,Pune,24,25.95,10.68,13.17
2024-06-11,Pune,24,26.89,0.0,12.05
2024-06-12,Pune,24,25.66,0.0,13.58
2024-06-13,Pune,24,25.55,0.0,11.1
2024-06-14,Pune,24,24.89,0.0,18.84
2024-06-15,Pune,24,25.1,0.0,10.23
2024-06-16,Pune,24,24.71,3.79,17.24
2024-06-17,Pune,24,25.96,0.0,18.73
2024-06-18,Pune,24,27.26,0.0,17.43
2024-06-19,Pune,24,24.75,0.0,17.57
2024-06-20,Pune,24,25.34,6.54,18.51
2024-06-21,Pune,24,24.07,0.0,12.86
2024-06-22,Pune,24,26.18,0.0,16.5
2024-06-23,Pune,24,25.84,0.0,14.24
2024-06-24,Pune,24,23.37,0.0,13.05
2024-06-25,Pune,24,24.58,0.0,16.62
2024-06-26,Pune,24,24.44,0.0,14.61
2024-06-27,Pune,24,25.18,0.0,12.95
2024-06-28,Pune,24,25.4,0.0,12.36
2024-06-29,Pune,24,25.35,0.0,13.08
2024-06-30,Pune,24,23.99,0.0,14.74
2024-07-01,Pune,24,22.35,0.0,14.95
2024-07-02,Pune,24,23.19,0.0,13.63
2024-07-03,Pune,24,23.68,0.0,12.21
2024-07-04,Pune,24,20.99,0.0,13.77
2024-07-05,Pune,24,23.45,12.77,18.21
2024-07-06,Pune,24,24.87,12.27,13.58
2024-07-07,Pune,24,23.58,2.25,15.4
2024-07-08,Pune,24,23.97,1.19,15.88
2024-07-09,Pune,24,23.64,0.0,14.77
2024-07-10,Pune,24,23.54,0.0,16.13
2024-07-11,Pune,24,23.15,0.0,17.28
2024-07-12,Pune,24,23.57,0.0,17.68
2024-07-13,Pune,24,24.69,0.0,15.2
2024-07-14,Pune,24,27.07,0.0,13.78
2024-07-15,Pune,24,24.09,0.0,13.27
2024-07-16,Pune,24,23.45,25.11,20.65
2024-07-17,Pune,24,25.55,0.0,15.98
2024-07-18,Pune,24,25.79,0.0,20.6
2024-07-19,Pune,24,26.9,4.17,21.43
2024-07-20,Pune,24,22.93,11.23,19.07
2024-07-21,Pune,24,23.57,12.3,20.58
2024-07-22,Pune,24,25.85,5.41,18.15
2024-07-23,Pune,24,27.18,1.0,19.37
2024-07-24,Pune,24,26.95,10.98,22.56
2024-07-25,Pune,24,25.33,0.0,18.74
2024-07-26,Pune,24,24.6,0.0,16.16
2024-07-27,Pune,24,24.75,0.0,13.96
2024-07-28,Pune,24,22.37,0.0,16.16
2024-07-29,Pune,24,24.12,22.48,22.58
2024-07-30,Pune,24,22.58,0.0,16.15
2024-07-31,Pune,24,21.19,0.0,17.69
2024-08-01,Pune,24,19.93,0.0,14.38
2024-08-02,Pune,24,23.54,15.28,17.03
2024-08-03,Pune,24,23.45,2.09,14.55
2024-08-04,Pune,24,25.33,5.2,11.28
2024-08-05,Pune,24,25.31,20.81,17.81
2024-08-06,Pune,24,28.01,11.36,13.4
2024-08-07,Pune,24,25.12,3.99,14.77
2024-08-08,Pune,24,24.83,14.41,11.59
2024-08-09,Pune,24,23.04,10.71,14.15
2024-08-10,Pune,24,22.54,0.17,14.41
2024-08-11,Pune,24,22.98,29.35,19.73
2024-08-12,Pune,24,23.75,12.8,15.18
2024-08-13,Pune,24,24.19,6.64,14.81
2024-08-14,Pune,24,24.93,2.41,13.56
2024-08-15,Pune,24,24.57,2.28,12.25
2024-08-16,Pune,24,23.94,0.0,14.58
2024-08-17,Pune,24,24.8,0.0,13.66
2024-08-18,Pune,24,26.31,0.0,18.32
2024-08-19,Pune,24,26.33,0.0,16.84
2024-08-20,Pune,24,26.12,0.0,17.41
2024-08-21,Pune,24,25.14,0.0,14.73
2024-08-22,Pune,24,25.3,0.0,14.75
2024-08-23,Pune,24,24.25,0.0,15.29
2024-08-24,Pune,24,21.49,0.0,16.51
2024-08-25,Pune,24,24.02,0.28,13.02
2024-08-26,Pune,24,24.46,0.0,14.25
2024-08-27,Pune,24,24.66,0.0,16.86
2024-08-28,Pune,24,21.64,0.0,16.77
2024-08-29,Pune,24,20.93,6.1,18.5
2024-08-30,Pune,24,21.58,3.22,12.54
2024-08-31,Pune,24,21.58,1.23,9.73
2024-09-01,Pune,24,21.22,7.53,13.45
2024-09-02,Pune,24,21.21,10.25,13.89
2024-09-03,Pune,24,23.02,0.0,10.37
2024-09-04,Pune,24,25.19,2.35,12.66
2024-09-05,Pune,24,23.16,16.64,14.59
2024-09-06,Pune,24,24.74,0.0,9.4
2024-09-07,Pune,24,25.7,18.39,10.67
2024-09-08,Pune,24,21.03,4.64,6.57
2024-09-09,Pune,24,22.81,11.09,9.33
2024-09-10,Pune,24,23.39,4.11,11.16
2024-09-11,Pune,24,24.15,9.0,11.03
2024-09-12,Pune,24,25.41,32.1,14.37
2024-09-13,Pune,24,26.42,3.71,13.36
2024-09-14,Pune,24,27.56,3.11,9.06
2024-09-15,Pune,24,26.74,3.57,11.14
2024-09-16,Pune,24,27.57,4.48,8.79
2024-09-17,Pune,24,25.41,8.1,10.85
2024-09-18,Pune,24,25.61,11.35,10.31
2024-09-19,Pune,24,26.42,11.2,10.83
2024-09-20,Pune,24,27.24,8.43,10.74
2024-09-21,Pune,24,26.13,14.59,8.71
2024-09-22,Pune,24,27.02,0.0,7.03
2024-09-23,Pune,24,26.6,0.0,14.48
2024-09-24,Pune,24,26.91,0.0,8.77
2024-09-25,Pune,24,26.82,0.0,8.68
2024-09-26,Pune,24,28.52,0.0,9.51
2024-09-27,Pune,24,27.54,0.0,10.65
2024-09-28,Pune,24,25.05,0.0,11.39
2024-09-29,Pune,24,25.75,0.0,9.62
2024-09-30,Pune,24,27.62,0.0,12.93
2024-10-01,Pune,24,28.01,0.0,7.9
2024-10-02,Pune,24,26.86,0.0,5.79
2024-10-03,Pune,24,22.96,1.3,4.57
2024-10-04,Pune,24,26.55,0.0,4.63
2024-10-05,Pune,24,24.88,0.0,10.52
2024-10-06,Pune,24,22.13,13.18,10.41
2024-10-07,Pune,24,25.81,0.0,6.89
2024-10-08,Pune,24,26.74,0.0,11.14
2024-10-09,Pune,24,27.39,0.0,7.48
2024-10-10,Pune,24,26.73,0.0,10.93
2024-10-11,Pune,24,27.0,2.16,8.36
2024-10-12,Pune,24,25.96,0.0,5.18
2024-10-13,Pune,24,27.24,0.0,8.64
2024-10-14,Pune,24,26.14,0.0,3.97
2024-10-15,Pune,24,25.48,0.0,4.8
2024-10-16,Pune,24,25.26,0.0,6.63
2024-10-17,Pune,24,24.96,0.0,6.59
2024-10-18,Pune,24,26.57,0.0,6.42
2024-10-19,Pune,24,26.46,0.0,9.95
2024-10-20,Pune,24,26.81,0.0,3.91
2024-10-21,Pune,24,27.0,0.0,5.23
2024-10-22,Pune,24,24.36,6.85,13.1
2024-10-23,Pune,24,25.98,21.72,13.19
2024-10-24,Pune,24,24.64,0.0,9.99
2024-10-25,Pune,24,24.36,0.0,12.1
2024-10-26,Pune,24,27.12,0.0,12.0
2024-10-27,Pune,24,28.29,0.0,8.91
2024-10-28,Pune,24,29.69,0.0,7.29
2024-10-29,Pune,24,29.2,65.65,20.25
2024-10-30,Pune,24,29.37,4.46,10.08
2024-10-31,Pune,24,29.51,4.38,9.87
2024-11-01,Pune,24,25.43,0.0,9.5
2024-11-02,Pune,24,24.61,0.0,5.87
2024-11-03,Pune,24,24.17,13.91,11.96
2024-11-04,Pune,24,24.44,0.0,6.55
2024-11-05,Pune,24,23.61,0.0,7.21
2024-11-06,Pune,24,20.38,0.0,3.88
2024-11-07,Pune,24,20.16,0.0,6.08
2024-11-08,Pune,24,21.02,0.0,7.16
2024-11-09,Pune,24,21.76,0.0,7.79
2024-11-10,Pune,24,21.95,0.0,6.99
2024-11-11,Pune,24,21.24,0.0,7.08
2024-11-12,Pune,24,23.89,0.0,10.53
2024-11-13,Pune,24,21.72,0.0,6.34
2024-11-14,Pune,24,24.07,0.0,6.58
2024-11-15,Pune,24,22.33,0.0,6.52
2024-11-16,Pune,24,21.34,0.0,7.08
2024-11-17,Pune,24,20.29,0.0,6.62
2024-11-18,Pune,24,22.6,0.0,5.49
2024-11-19,Pune,24,22.81,0.0,6.94
2024-11-20,Pune,24,21.53,0.0,10.17
2024-11-21,Pune,24,22.31,0.0,5.69
2024-11-22,Pune,24,20.9,0.0,6.12
2024-11-23,Pune,24,22.95,0.0,5.85
2024-11-24,Pune,24,21.21,0.0,6.28
2024-11-25,Pune,24,19.15,0.0,4.24
2024-11-26,Pune,24,20.93,0.0,8.14
2024-11-27,Pune,24,23.14,0.0,7.1
2024-11-28,Pune,24,23.02,0.0,10.92
2024-11-29,Pune,24,23.81,0.0,9.91
2024-11-30,Pune,24,24.55,0.0,8.54
2024-12-01,Pune,24,25.21,0.0,9.57
2024-12-02,Pune,24,23.04,0.0,10.16
2024-12-03,Pune,24,23.46,0.0,9.62
2024-12-04,Pune,24,24.42,0.0,9.32
2024-12-05,Pune,24,24.11,0.0,7.28
2024-12-06,Pune,24,24.43,0.0,7.94
2024-12-07,Pune,24,22.54,0.0,10.33
2024-12-08,Pune,24,23.67,0.0,10.83
2024-12-09,Pune,24,25.65,0.0,7.16
2024-12-10,Pune,24,25.46,0.0,5.88
2024-12-11,Pune,24,24.73,0.0,6.17
2024-12-12,Pune,24,21.26,0.0,6.25
2024-12-13,Pune,24,20.88,0.0,4.63
2024-12-14,Pune,24,22.04,0.0,5.0
2024-12-15,Pune,24,22.14,0.0,5.43
2024-12-16,Pune,24,21.46,0.0,5.79
2024-12-17,Pune,24,21.75,0.0,8.87
2024-12-18,Pune,24,20.16,0.0,7.61
2024-12-19,Pune,24,20.3,0.0,11.47
2024-12-20,Pune,24,20.29,0.0,8.43
2024-12-21,Pune,24,20.22,0.0,13.75
2024-12-22,Pune,24,18.25,0.0,13.78
2024-12-23,Pune,24,19.15,0.0,10.77
2024-12-24,Pune,24,17.58,0.0,9.06
2024-12-25,Pune,24,20.18,0.0,2.41
2024-12-26,Pune,24,21.18,0.0,4.23
2024-12-27,Pune,24,20.18,0.0,3.86
2024-12-28,Pune,24,23.56,0.0,9.36
2024-12-29,Pune,24,23.5,0.0,4.92
2024-12-30,Pune,24,21.39,0.0,9.74
2024-12-31,Pune,24,20.86,0.0,5.73
2025-01-01,Pune,24,17.96,0.0,8.77
2025-01-02,Pune,24,18.4,0.0,4.99
2025-01-03,Pune,24,18.57,0.0,6.97
2025-01-04,Pune,24,18.15,0.0,4.78
2025-01-05,Pune,24,17.81,0.0,7.89
2025-01-06,Pune,24,18.53,3.12,11.76
2025-01-07,Pune,24,19.5,0.0,7.26
2025-01-08,Pune,24,19.59,0.0,8.81
2025-01-09,Pune,24,17.74,17.85,9.06
2025-01-10,Pune,24,19.16,0.0,8.73
2025-01-11,Pune,24,19.94,0.0,11.18
2025-01-12,Pune,24,18.08,0.0,11.46
2025-01-13,Pune,24,17.55,0.0,10.24
2025-01-14,Pune,24,18.43,0.0,7.87
2025-01-15,Pune,24,21.81,0.0,5.24
2025-01-16,Pune,24,23.49,0.0,9.55
2025-01-17,Pune,24,24.37,0.0,7.45
2025-01-18,Pune,24,23.83,0.0,11.8
2025-01-19,Pune,24,22.61,0.0,7.51
2025-01-20,Pune,24,23.69,0.0,7.25
2025-01-21,Pune,24,23.56,0.0,9.73
2025-01-22,Pune,24,22.31,0.0,8.17
2025-01-23,Pune,24,22.5,0.0,7.7
2025-01-24,Pune,24,20.42,0.0,10.01
2025-01-25,Pune,24,21.88,0.0,10.17
2025-01-26,Pune,24,20.78,0.0,8.86
2025-01-27,Pune,24,20.56,0.0,4.67
2025-01-28,Pune,24,19.7,0.0,5.48
2025-01-29,Pune,24,23.1,0.0,7.63
2025-01-30,Pune,24,23.12,0.0,8.84
2025-01-31,Pune,24,21.09,0.0,7.51
2025-02-01,Pune,24,24.02,0.0,7.84
2025-02-02,Pune,24,24.36,0.0,9.14
2025-02-03,Pune,24,23.04,0.0,7.32
2025-02-04,Pune,24,21.49,0.0,11.31
2025-02-05,Pune,24,23.64,0.0,10.09
2025-02-06,Pune,24,23.68,0.0,12.85
2025-02-07,Pune,24,23.2,0.0,8.7
2025-02-08,Pune,24,25.14,0.0,9.61
2025-02-09,Pune,24,22.84,0.15,10.38
2025-02-10,Pune,24,24.83,0.0,11.82
2025-02-11,Pune,24,23.35,0.0,9.67
2025-02-12,Pune,24,26.03,0.0,8.21
2025-02-13,Pune,24,21.45,0.0,6.74
2025-02-14,Pune,24,20.72,0.0,7.3
2025-02-15,Pune,24,21.55,0.0,8.52
2025-02-16,Pune,24,21.26,0.0,9.49
2025-02-17,Pune,24,23.43,0.0,13.01
2025-02-18,Pune,24,24.22,0.0,10.98
2025-02-19,Pune,24,22.32,0.0,9.6
2025-02-20,Pune,24,23.67,0.0,9.17
2025-02-21,Pune,24,23.07,0.0,11.41
2025-02-22,Pune,24,23.66,0.0,9.96
2025-02-23,Pune,24,23.52,0.0,10.76
2025-02-24,Pune,24,21.08,0.0,8.9
2025-02-25,Pune,24,20.69,0.0,9.02
2025-02-26,Pune,24,19.34,0.0,6.14
2025-02-27,Pune,24,19.4,0.0,6.6
2025-02-28,Pune,24,18.62,0.0,8.88
2025-03-01,Pune,24,24.2,0.0,10.91
2025-03-02,Pune,24,26.64,0.0,12.63
2025-03-03,Pune,24,27.35,0.0,9.99
2025-03-04,Pune,24,26.87,0.0,9.81
2025-03-05,Pune,24,25.15,0.0,11.47
2025-03-06,Pune,24,24.86,0.0,11.98
2025-03-07,Pune,24,25.6,0.0,9.67
2025-03-08,Pune,24,22.95,0.0,8.37
2025-03-09,Pune,24,24.18,0.0,10.55
2025-03-10,Pune,24,25.27,0.0,8.66
2025-03-11,Pune,24,22.04,0.0,8.69
2025-03-12,Pune,24,24.64,0.0,10.08
2025-03-13,Pune,24,26.13,0.0,8.87
2025-03-14,Pune,24,26.11,0.0,12.19
2025-03-15,Pune,24,26.09,0.0,10.29
2025-03-16,Pune,24,26.75,0.0,7.59
2025-03-17,Pune,24,26.57,0.0,8.36
2025-03-18,Pune,24,28.1,0.0,5.68
2025-03-19,Pune,24,28.71,0.0,9.05
2025-03-20,Pune,24,29.54,0.0,9.8
2025-03-21,Pune,24,29.38,0.0,10.48
2025-03-22,Pune,24,26.23,0.0,11.63
2025-03-23,Pune,24,26.0,0.0,10.52
2025-03-24,Pune,24,26.87,0.0,9.08
2025-03-25,Pune,24,25.41,0.0,9.43
2025-03-26,Pune,24,24.99,0.0,8.88
2025-03-27,Pune,24,27.28,0.0,7.57
2025-03-28,Pune,24,26.68,0.0,8.95
2025-03-29,Pune,24,25.3,0.0,9.66
2025-03-30,Pune,24,24.64,0.0,11.56
2025-03-31,Pune,24,23.51,0.0,12.22
2025-04-01,Pune,24,28.52,0.0,12.81
2025-04-02,Pune,24,28.36,0.0,12.85
2025-04-03,Pune,24,29.53,0.0,11.95
2025-04-04,Pune,24,28.13,0.0,11.23
2025-04-05,Pune,24,31.0,0.0,15.38
2025-04-06,Pune,24,29.37,0.0,12.15
2025-04-07,Pune,24,29.7,0.0,11.03
2025-04-08,Pune,24,30.96,0.0,14.04
2025-04-09,Pune,24,34.56,0.0,12.63
2025-04-10,Pune,24,31.41,0.0,10.99
2025-04-11,Pune,24,32.16,0.0,9.72
2025-04-12,Pune,24,30.45,0.0,6.65
2025-04-13,Pune,24,31.26,0.0,10.52
2025-04-14,Pune,24,30.7,0.0,11.42
2025-04-15,Pune,24,29.17,0.0,12.14
2025-04-16,Pune,24,30.43,0.0,12.09
2025-04-17,Pune,24,29.16,0.0,16.84
2025-04-18,Pune,24,27.89,0.0,11.68
2025-04-19,Pune,24,29.18,0.0,12.5
2025-04-20,Pune,24,25.8,0.0,13.11
2025-04-21,Pune,24,26.79,0.0,12.23
2025-04-22,Pune,24,26.38,0.0,13.66
2025-04-23,Pune,24,28.46,0.0,12.78
2025-04-24,Pune,24,29.67,0.0,13.75
2025-04-25,Pune,24,27.69,0.0,12.97
2025-04-26,Pune,24,27.25,0.0,15.05
2025-04-27,Pune,24,29.36,0.0,16.23
2025-04-28,Pune,24,30.11,0.0,14.59
2025-04-29,Pune,24,29.58,0.0,13.3
2025-04-30,Pune,24,28.78,0.0,14.03
2025-05-01,Pune,24,31.65,0.0,18.49
2025-05-02,Pune,24,31.46,0.0,15.35
2025-05-03,Pune,24,28.71,0.0,16.52
2025-05-04,Pune,24,29.55,0.0,12.27
2025-05-05,Pune,24,32.15,0.0,13.39
2025-05-06,Pune,24,32.14,7.76,12.2
2025-05-07,Pune,24,32.57,0.0,12.08
2025-05-08,Pune,24,33.2,0.0,12.35
2025-05-09,Pune,24,32.45,0.0,9.68
2025-05-10,Pune,24,32.8,0.0,12.35
2025-05-11,Pune,24,33.23,0.0,12.04
2025-05-12,Pune,24,34.36,0.0,12.97
2025-05-13,Pune,24,36.19,0.0,12.26
2025-05-14,Pune,24,33.84,0.0,13.76
2025-05-15,Pune,24,33.26,0.0,14.91
2025-05-16,Pune,24,32.61,0.0,9.16
2025-05-17,Pune,24,35.0,0.0,12.95
2025-05-18,Pune,24,32.07,0.0,10.63
2025-05-19,Pune,24,30.98,0.0,14.79
2025-05-20,Pune,24,31.23,0.0,17.08
2025-05-21,Pune,24,30.64,0.0,15.18
2025-05-22,Pune,24,30.78,0.0,10.36
2025-05-23,Pune,24,32.68,0.0,11.0
2025-05-24,Pune,24,33.09,0.0,10.76
2025-05-25,Pune,24,33.75,0.0,12.09
2025-05-26,Pune,24,31.97,0.0,10.43
2025-05-27,Pune,24,33.02,0.0,12.43
2025-05-28,Pune,24,35.47,0.0,14.7
2025-05-29,Pune,24,34.32,0.0,11.69
2025-05-30,Pune,24,36.48,0.0,14.74
2025-05-31,Pune,24,36.6,0.0,9.86
2025-06-01,Pune,24,29.48,1.54,12.6
2025-06-02,Pune,24,28.12,0.71,11.29
2025-06-03,Pune,24,28.28,12.53,15.1
2025-06-04,Pune,24,28.97,0.0,17.92
2025-06-05,Pune,24,29.23,0.0,15.27
2025-06-06,Pune,24,28.75,0.0,18.22
2025-06-07,Pune,24,27.9,0.0,13.83
2025-06-08,Pune,24,27.68,0.0,16.38
2025-06-09,Pune,24,27.7,0.0,17.19
2025-06-10,Pune,24,26.83,0.0,14.78
2025-06-11,Pune,24,26.7,0.0,16.65
2025-06-12,Pune,24,26.53,0.0,13.92
2025-06-13,Pune,24,27.97,0.0,12.91
2025-06-14,Pune,24,25.83,2.68,10.96
2025-06-15,Pune,24,26.8,0.0,15.08
2025-06-16,Pune,24,26.23,0.0,13.8
2025-06-17,Pune,24,26.09,0.0,13.07
2025-06-18,Pune,24,24.39,0.0,14.8
2025-06-19,Pune,24,24.55,0.0,17.31
2025-06-20,Pune,24,27.47,0.0,15.54
2025-06-21,Pune,24,29.15,34.47,21.25
2025-06-22,Pune,24,31.19,24.82,21.74
2025-06-23,Pune,24,28.61,4.28,19.08
2025-06-24,Pune,24,31.01,0.0,14.71
2025-06-25,Pune,24,29.71,0.0,11.67
2025-06-26,Pune,24,28.79,0.0,11.78
2025-06-27,Pune,24,30.34,0.0,15.31
2025-06-28,Pune,24,28.04,0.0,16.42
2025-06-29,Pune,24,29.77,0.0,17.31
2025-06-30,Pune,24,28.39,0.0,13.89
2025-07-01,Pune,24,26.39,0.0,17.93
2025-07-02,Pune,24,26.85,0.0,14.94
2025-07-03,Pune,24,26.7,1.15,18.75
2025-07-04,Pune,24,26.27,49.91,26.93
2025-07-05,Pune,24,26.13,9.68,18.36
2025-07-06,Pune,24,26.54,11.95,18.74
2025-07-07,Pune,24,26.43,23.06,18.7
2025-07-08,Pune,24,25.86,0.0,11.71
2025-07-09,Pune,24,21.8,0.0,12.21
2025-07-10,Pune,24,23.78,0.0,11.48
2025-07-11,Pune,24,25.81,29.96,23.4
2025-07-12,Pune,24,25.22,13.75,22.79
2025-07-13,Pune,24,25.6,23.57,21.54
2025-07-14,Pune,24,27.8,5.73,17.82
2025-07-15,Pune,24,25.29,9.24,15.43
2025-07-16,Pune,24,24.76,2.51,16.51
2025-07-17,Pune,24,24.06,15.29,22.61
2025-07-18,Pune,24,25.43,12.61,21.7
2025-07-19,Pune,24,24.07,19.65,19.0
2025-07-20,Pune,24,24.59,12.3,20.14
2025-07-21,Pune,24,23.23,0.48,12.86
2025-07-22,Pune,24,24.57,6.6,15.54
2025-07-23,Pune,24,25.23,0.0,11.86
2025-07-24,Pune,24,25.92,0.0,14.74
2025-07-25,Pune,24,23.71,0.0,14.8
2025-07-26,Pune,24,23.66,0.0,14.97
2025-07-27,Pune,24,25.41,0.0,14.4
2025-07-28,Pune,24,26.76,3.1,19.5
2025-07-29,Pune,24,24.57,6.35,17.45
2025-07-30,Pune,24,26.63,11.4,17.23
2025-07-31,Pune,24,25.63,24.25,19.72
2025-08-01,Pune,24,24.42,2.01,12.23
2025-08-02,Pune,24,26.42,32.89,17.38
2025-08-03,Pune,24,24.43,2.98,15.26
2025-08-04,Pune,24,24.88,0.0,16.87
2025-08-05,Pune,24,22.95,0.0,12.99
2025-08-06,Pune,24,23.9,0.0,13.19
2025-08-07,Pune,24,23.64,0.0,13.56
2025-08-08,Pune,24,23.37,0.0,12.91
2025-08-09,Pune,24,22.19,0.0,11.37
2025-08-10,Pune,24,23.65,0.0,13.85
2025-08-11,Pune,24,24.7,0.0,15.8
2025-08-12,Pune,24,24.17,0.0,12.78
2025-08-13,Pune,24,25.67,0.0,15.93
2025-08-14,Pune,24,26.8,0.0,12.53
2025-08-15,Pune,24,27.78,0.0,15.24
2025-08-16,Pune,24,25.6,0.0,14.07
2025-08-17,Pune,24,25.76,0.0,15.84
2025-08-18,Pune,24,25.65,0.0,16.11
2025-08-19,Pune,24,26.92,0.0,15.78
2025-08-20,Pune,24,28.35,11.72,16.95
2025-08-21,Pune,24,24.88,22.57,14.77
2025-08-22,Pune,24,25.01,4.54,11.64
2025-08-23,Pune,24,24.15,13.4,13.44
2025-08-24,Pune,24,23.79,0.0,14.55
2025-08-25,Pune,24,25.78,1.38,13.49
2025-08-26,Pune,24,25.18,3.31,11.99
2025-08-27,Pune,24,25.48,5.58,14.46
2025-08-28,Pune,24,24.57,0.0,15.02
2025-08-29,Pune,24,26.0,0.0,13.29
2025-08-30,Pune,24,25.98,0.0,14.35
2025-08-31,Pune,24,22.97,0.0,15.56
2025-09-01,Pune,24,23.78,0.0,11.55
2025-09-02,Pune,24,24.13,9.18,13.24
2025-09-03,Pune,24,25.08,3.76,11.81
2025-09-04,Pune,24,25.8,1.51,12.64
2025-09-05,Pune,24,23.58,7.49,16.21
2025-09-06,Pune,24,23.66,0.0,10.87
2025-09-07,Pune,24,23.73,0.0,11.02
2025-09-08,Pune,24,22.3,0.0,13.43
2025-09-09,Pune,24,22.03,0.0,10.11
2025-09-10,Pune,24,21.72,0.0,12.14
2025-09-11,Pune,24,23.55,0.0,10.94
2025-09-12,Pune,24,24.93,0.0,14.08
2025-09-13,Pune,24,24.87,5.06,12.82
2025-09-14,Pune,24,25.69,7.58,11.56
2025-09-15,Pune,24,25.21,0.0,11.85
2025-09-16,Pune,24,25.43,0.0,13.22
2025-09-17,Pune,24,25.55,0.0,11.48
2025-09-18,Pune,24,26.99,22.1,14.68
2025-09-19,Pune,24,25.81,0.0,11.31
2025-09-20,Pune,24,23.85,0.0,10.72
2025-09-21,Pune,24,25.11,0.0,12.09
2025-09-22,Pune,24,26.19,0.0,14.28
2025-09-23,Pune,24,24.36,0.0,13.42
2025-09-24,Pune,24,25.9,0.0,12.06
2025-09-25,Pune,24,25.21,0.0,9.68
2025-09-26,Pune,24,25.07,0.0,12.13
2025-09-27,Pune,24,23.42,4.3,12.86
2025-09-28,Pune,24,25.49,33.43,15.96
2025-09-29,Pune,24,26.1,4.75,12.21
2025-09-30,Pune,24,25.18,21.06,14.81
2023-01-01,Pune,72,21.7,0.0,6.48
2023-01-02,Pune,72,20.24,0.0,10.62
2023-01-03,Pune,72,19.85,0.0,10.68
2023-01-04,Pune,72,20.92,0.0,10.76
2023-01-05,Pune,72,20.59,0.0,8.24
2023-01-06,Pune,72,20.07,0.0,4.6
2023-01-07,Pune,72,18.25,0.0,8.05
2023-01-08,Pune,72,20.43,0.0,7.51
2023-01-09,Pune,72,21.24,0.0,12.69
2023-01-10,Pune,72,21.57,0.0,9.07
2023-01-11,Pune,72,19.44,0.0,13.53
2023-01-12,Pune,72,21.41,0.0,10.81
2023-01-13,Pune,72,22.5,0.0,8.43
2023-01-14,Pune,72,20.86,0.0,6.04
2023-01-15,Pune,72,20.09,0.0,5.92
2023-01-16,Pune,72,21.08,0.0,7.12
2023-01-17,Pune,72,21.91,1.96,9.53
2023-01-18,Pune,72,20.2,0.0,6.78
2023-01-19,Pune,72,19.57,0.0,9.17
2023-01-20,Pune,72,16.52,0.0,9.36
2023-01-21,Pune,72,17.32,0.0,5.71
2023-01-22,Pune,72,15.07,0.0,8.48
2023-01-23,Pune,72,17.29,0.0,5.87
2023-01-24,Pune,72,14.65,0.0,10.04
2023-01-25,Pune,72,19.48,0.0,6.26
2023-01-26,Pune,72,20.82,0.0,3.67
2023-01-27,Pune,72,19.79,0.0,4.99
2023-01-28,Pune,72,16.27,0.0,4.73
2023-01-29,Pune,72,17.2,0.0,5.48
2023-01-30,Pune,72,19.14,0.0,10.38
2023-01-31,Pune,72,19.75,0.0,6.73
2023-02-01,Pune,72,19.32,0.0,4.34
2023-02-02,Pune,72,21.32,0.0,5.27
2023-02-03,Pune,72,20.53,0.0,6.27
2023-02-04,Pune,72,20.28,0.0,5.83
2023-02-05,Pune,72,21.46,0.0,6.7
2023-02-06,Pune,72,21.23,0.0,10.32
2023-02-07,Pune,72,21.01,0.0,10.17
2023-02-08,Pune,72,23.17,0.0,11.53
2023-02-09,Pune,72,21.78,0.0,4.85
2023-02-10,Pune,72,23.51,0.0,5.42
2023-02-11,Pune,72,22.77,0.0,9.44
2023-02-12,Pune,72,23.09,0.0,9.89
2023-02-13,Pune,72,21.9,0.0,8.93
2023-02-14,Pune,72,22.35,0.0,6.67
2023-02-15,Pune,72,22.52,0.0,7.74
2023-02-16,Pune,72,23.11,0.0,7.34
2023-02-17,Pune,72,23.27,0.0,11.18
2023-02-18,Pune,72,22.79,0.0,10.32
2023-02-19,Pune,72,21.66,0.0,8.97
2023-02-20,Pune,72,24.26,0.0,6.2
2023-02-21,Pune,72,24.72,0.0,13.5
2023-02-22,Pune,72,23.43,0.0,13.43
2023-02-23,Pune,72,22.63,0.0,13.33
2023-02-24,Pune,72,24.08,0.0,12.34
2023-02-25,Pune,72,23.68,0.0,7.44
2023-02-26,Pune,72,23.56,0.0,6.16
2023-02-27,Pune,72,25.86,0.0,9.24
2023-02-28,Pune,72,24.29,0.0,13.01
2023-03-01,Pune,72,30.49,0.0,9.85
2023-03-02,Pune,72,28.38,0.0,8.66
2023-03-03,Pune,72,28.06,0.0,7.79
2023-03-04,Pune,72,28.04,0.0,9.01
2023-03-05,Pune,72,28.74,0.0,7.47
2023-03-06,Pune,72,26.02,0.0,9.07
2023-03-07,Pune,72,24.92,0.0,6.19
2023-03-08,Pune,72,26.33,0.0,4.87
2023-03-09,Pune,72,25.18,0.0,8.31
2023-03-10,Pune,72,28.53,0.0,12.93
2023-03-11,Pune,72,26.44,0.0,12.27
2023-03-12,Pune,72,26.15,0.0,13.32
2023-03-13,Pune,72,25.5,0.0,13.51
2023-03-14,Pune,72,24.34,0.0,14.3
2023-03-15,Pune,72,23.88,6.43,14.3
2023-03-16,Pune,72,24.79,0.0,14.85
2023-03-17,Pune,72,27.65,0.0,10.01
2023-03-18,Pune,72,27.68,0.0,9.52
2023-03-19,Pune,72,26.76,0.0,11.53
2023-03-20,Pune,72,27.92,0.0,10.49
2023-03-21,Pune,72,26.64,0.0,8.7
2023-03-22,Pune,72,26.57,0.0,9.74
2023-03-23,Pune,72,26.66,0.0,7.49
2023-03-24,Pune,72,27.51,0.0,7.04
2023-03-25,Pune,72,27.91,0.0,6.07
2023-03-26,Pune,72,27.46,0.0,7.81
2023-03-27,Pune,72,27.24,0.0,8.99
2023-03-28,Pune,72,24.97,0.0,4.27
2023-03-29,Pune,72,26.01,0.0,5.27
2023-03-30,Pune,72,24.77,0.0,9.4
2023-03-31,Pune,72,26.67,0.0,4.61
2023-04-01,Pune,72,31.23,0.0,13.16
2023-04-02,Pune,72,31.02,0.0,13.92
2023-04-03,Pune,72,32.03,0.0,11.8
2023-04-04,Pune,72,31.43,0.0,11.88
2023-04-05,Pune,72,31.91,0.0,12.79
2023-04-06,Pune,72,33.22,0.0,11.25
2023-04-07,Pune,72,32.16,0.0,12.99
2023-04-08,Pune,72,32.17,0.0,13.49
2023-04-09,Pune,72,32.13,0.0,8.52
2023-04-10,Pune,72,28.22,0.0,6.47
2023-04-11,Pune,72,28.32,0.0,10.99
2023-04-12,Pune,72,26.79,0.0,10.82
2023-04-13,Pune,72,29.12,0.0,7.85
2023-04-14,Pune,72,29.09,0.0,6.99
2023-04-15,Pune,72,30.92,0.0,10.53
2023-04-16,Pune,72,28.72,0.0,9.79
2023-04-17,Pune,72,29.73,0.0,12.75
2023-04-18,Pune,72,29.33,0.0,7.64
2023-04-19,Pune,72,32.21,0.0,7.17
2023-04-20,Pune,72,29.84,0.0,9.39
2023-04-21,Pune,72,30.54,0.0,8.43
2023-04-22,Pune,72,32.03,0.0,10.19
2023-04-23,Pune,72,32.02,18.2,16.47
2023-04-24,Pune,72,30.86,0.0,10.36
2023-04-25,Pune,72,30.41,0.0,11.41
2023-04-26,Pune,72,31.42,0.0,9.99
2023-04-27,Pune,72,28.82,0.0,13.7
2023-04-28,Pune,72,30.8,0.0,10.74
2023-04-29,Pune,72,28.43,0.0,13.04
2023-04-30,Pune,72,31.13,0.0,9.6
2023-05-01,Pune,72,31.15,0.0,15.03
2023-05-02,Pune,72,32.05,0.0,13.82
2023-05-03,Pune,72,32.05,0.0,11.11
2023-05-04,Pune,72,32.63,0.0,15.66
2023-05-05,Pune,72,27.81,0.0,16.27
2023-05-06,Pune,72,28.13,4.81,14.73
2023-05-07,Pune,72,29.13,0.0,13.84
2023-05-08,Pune,72,29.28,0.0,12.37
2023-05-09,Pune,72,29.27,0.0,15.9
2023-05-10,Pune,72,29.27,0.0,14.57
2023-05-11,Pune,72,29.83,0.0,10.17
2023-05-12,Pune,72,28.49,0.0,16.9
2023-05-13,Pune,72,31.3,0.0,13.53
2023-05-14,Pune,72,30.51,0.0,11.68
2023-05-15,Pune,72,30.63,0.0,9.33
2023-05-16,Pune,72,32.59,0.0,11.38
2023-05-17,Pune,72,34.67,0.0,16.65
2023-05-18,Pune,72,32.1,0.0,13.6
2023-05-19,Pune,72,33.89,0.0,14.83
2023-05-20,Pune,72,33.05,0.0,12.2
2023-05-21,Pune,72,29.43,0.0,12.61
2023-05-22,Pune,72,34.5,0.0,15.14
2023-05-23,Pune,72,33.3,0.0,12.19
2023-05-24,Pune,72,30.83,0.0,4.8
2023-05-25,Pune,72,31.25,0.0,12.38
2023-05-26,Pune,72,29.3,0.0,7.93
2023-05-27,Pune,72,29.36,0.0,13.35
2023-05-28,Pune,72,31.66,0.0,6.96
2023-05-29,Pune,72,32.01,0.0,10.47
2023-05-30,Pune,72,31.9,0.0,18.63
2023-05-31,Pune,72,32.48,0.0,9.36
2023-06-01,Pune,72,25.76,0.0,15.35
2023-06-02,Pune,72,26.69,0.0,12.5
2023-06-03,Pune,72,26.49,4.96,19.3
2023-06-04,Pune,72,26.24,0.0,18.21
2023-06-05,Pune,72,27.0,0.0,18.54
2023-06-06,Pune,72,26.58,2.75,13.72
2023-06-07,Pune,72,24.99,21.84,21.23
2023-06-08,Pune,72,25.4,0.97,16.27
2023-06-09,Pune,72,25.7,23.1,21.48
2023-06-10,Pune,72,26.1,16.13,15.87
2023-06-11,Pune,72,23.58,0.0,12.16
2023-06-12,Pune,72,25.99,0.0,19.51
2023-06-13,Pune,72,27.37,4.59,16.76
2023-06-14,Pune,72,26.75,10.28,19.17
2023-06-15,Pune,72,25.62,0.91,13.42
2023-06-16,Pune,72,24.99,0.0,11.42
2023-06-17,Pune,72,23.89,18.94,16.44
2023-06-18,Pune,72,25.42,2.08,10.95
2023-06-19,Pune,72,26.35,0.0,13.65
2023-06-20,Pune,72,25.44,0.0,12.05
2023-06-21,Pune,72,24.24,0.0,16.65
2023-06-22,Pune,72,25.0,0.0,12.5
2023-06-23,Pune,72,27.04,0.0,14.36
2023-06-24,Pune,72,24.93,0.0,16.72
2023-06-25,Pune,72,24.67,4.53,15.74
2023-06-26,Pune,72,23.22,17.69,16.69
2023-06-27,Pune,72,27.19,3.19,12.04
2023-06-28,Pune,72,25.47,6.15,18.58
2023-06-29,Pune,72,27.67,11.55,16.44
2023-06-30,Pune,72,25.99,0.0,16.26
2023-07-01,Pune,72,24.5,0.0,16.22
2023-07-02,Pune,72,24.55,0.0,16.19
2023-07-03,Pune,72,25.72,35.47,15.84
2023-07-04,Pune,72,23.45,3.25,18.67
2023-07-05,Pune,72,24.16,30.72,21.57
2023-07-06,Pune,72,24.57,0.0,13.71
2023-07-07,Pune,72,24.36,0.0,16.05
2023-07-08,Pune,72,27.16,45.58,27.05
2023-07-09,Pune,72,26.91,12.19,19.04
2023-07-10,Pune,72,26.01,0.0,18.45
2023-07-11,Pune,72,22.61,0.0,18.2
2023-07-12,Pune,72,25.37,0.0,16.61
2023-07-13,Pune,72,26.61,0.0,20.46
2023-07-14,Pune,72,26.69,0.0,16.99
2023-07-15,Pune,72,25.69,0.0,14.89
2023-07-16,Pune,72,27.35,43.71,22.89
2023-07-17,Pune,72,29.0,0.29,17.47
2023-07-18,Pune,72,27.28,10.72,22.76
2023-07-19,Pune,72,26.13,9.61,16.78
2023-07-20,Pune,72,27.5,0.0,20.78
2023-07-21,Pune,72,24.37,0.0,16.88
2023-07-22,Pune,72,26.15,0.0,14.73
2023-07-23,Pune,72,28.13,0.0,19.83
2023-07-24,Pune,72,26.36,0.0,18.41
2023-07-25,Pune,72,28.54,0.0,21.26
2023-07-26,Pune,72,30.5,0.0,18.56
2023-07-27,Pune,72,27.57,0.0,15.72
2023-07-28,Pune,72,24.89,0.0,16.97
2023-07-29,Pune,72,25.35,19.79,21.28
2023-07-30,Pune,72,24.27,0.0,17.89
2023-07-31,Pune,72,24.53,8.92,12.55
2023-08-01,Pune,72,25.19,3.91,13.77
2023-08-02,Pune,72,22.69,0.0,15.17
2023-08-03,Pune,72,21.49,0.0,17.09
2023-08-04,Pune,72,20.07,0.0,16.86
2023-08-05,Pune,72,23.11,0.0,17.38
2023-08-06,Pune,72,22.03,3.13,16.27
2023-08-07,Pune,72,22.93,3.67,17.76
2023-08-08,Pune,72,21.86,5.21,14.99
2023-08-09,Pune,72,21.6,5.83,13.83
2023-08-10,Pune,72,21.47,4.59,18.67
2023-08-11,Pune,72,21.69,0.0,16.12
2023-08-12,Pune,72,19.3,0.0,14.11
2023-08-13,Pune,72,21.75,0.0,12.5
2023-08-14,Pune,72,23.24,8.34,16.82
2023-08-15,Pune,72,24.04,0.64,12.68
2023-08-16,Pune,72,21.87,0.0,13.5
2023-08-17,Pune,72,22.05,0.58,12.36
2023-08-18,Pune,72,21.0,1.56,10.6
2023-08-19,Pune,72,20.92,4.24,10.48
2023-08-20,Pune,72,22.01,0.0,15.2
2023-08-21,Pune,72,22.73,18.63,15.31
2023-08-22,Pune,72,23.14,5.5,17.25
2023-08-23,Pune,72,24.66,11.73,17.66
2023-08-24,Pune,72,27.13,0.0,15.78
2023-08-25,Pune,72,22.61,0.0,12.69
2023-08-26,Pune,72,25.08,0.0,11.63
2023-08-27,Pune,72,24.1,0.0,12.36
2023-08-28,Pune,72,22.89,1.41,15.92
2023-08-29,Pune,72,21.7,0.0,11.22
2023-08-30,Pune,72,22.05,0.0,14.47
2023-08-31,Pune,72,25.21,25.86,23.51
2023-09-01,Pune,72,24.76,0.0,10.75
2023-09-02,Pune,72,24.68,2.55,15.12
2023-09-03,Pune,72,24.55,3.1,13.24
2023-09-04,Pune,72,25.26,38.33,20.11
2023-09-05,Pune,72,25.85,22.26,16.68
2023-09-06,Pune,72,23.01,0.0,15.25
2023-09-07,Pune,72,21.34,0.0,8.7
2023-09-08,Pune,72,20.71,0.0,9.92
2023-09-09,Pune,72,21.62,0.0,11.51
2023-09-10,Pune,72,20.17,0.0,9.1
2023-09-11,Pune,72,22.33,0.0,8.05
2023-09-12,Pune,72,23.72,0.0,11.96
2023-09-13,Pune,72,21.41,0.0,11.8
2023-09-14,Pune,72,22.02,0.0,10.89
2023-09-15,Pune,72,24.74,7.88,10.89
2023-09-16,Pune,72,22.93,1.73,11.69
2023-09-17,Pune,72,23.93,8.44,9.44
2023-09-18,Pune,72,24.27,1.28,11.07
2023-09-19,Pune,72,24.52,0.0,11.67
2023-09-20,Pune,72,25.25,0.0,9.99
2023-09-21,Pune,72,26.39,0.0,6.26
2023-09-22,Pune,72,27.02,0.0,7.88
2023-09-23,Pune,72,24.99,0.0,11.47
2023-09-24,Pune,72,26.25,0.0,17.33
2023-09-25,Pune,72,25.43,0.0,12.0
2023-09-26,Pune,72,25.29,0.0,13.74
2023-09-27,Pune,72,24.46,0.0,13.94
2023-09-28,Pune,72,23.93,0.0,12.04
2023-09-29,Pune,72,25.04,5.22,11.58
2023-09-30,Pune,72,22.81,0.0,13.1
2023-10-01,Pune,72,26.32,0.0,11.82
2023-10-02,Pune,72,29.51,0.0,7.95
2023-10-03,Pune,72,26.82,0.0,8.96
2023-10-04,Pune,72,26.17,0.0,12.65
2023-10-05,Pune,72,27.72,0.0,11.97
2023-10-06,Pune,72,24.59,0.0,9.35
2023-10-07,Pune,72,24.57,0.0,5.34
2023-10-08,Pune,72,25.27,0.0,6.62
2023-10-09,Pune,72,26.42,0.0,9.65
2023-10-10,Pune,72,23.97,0.0,12.13
2023-10-11,Pune,72,24.37,6.26,11.48
2023-10-12,Pune,72,24.07,0.0,7.74
2023-10-13,Pune,72,26.64,0.0,11.04
2023-10-14,Pune,72,26.52,0.0,8.84
2023-10-15,Pune,72,25.64,0.0,10.55
2023-10-16,Pune,72,27.89,0.0,13.74
2023-10-17,Pune,72,28.57,10.06,12.82
2023-10-18,Pune,72,24.72,0.0,12.16
2023-10-19,Pune,72,22.95,0.0,10.49
2023-10-20,Pune,72,26.68,0.0,5.8
2023-10-21,Pune,72,26.1,0.0,8.69
2023-10-22,Pune,72,29.78,0.0,3.26
2023-10-23,Pune,72,26.91,0.0,8.22
2023-10-24,Pune,72,26.64,0.0,13.69
2023-10-25,Pune,72,27.14,0.0,6.66
2023-10-26,Pune,72,27.9,0.0,9.68
2023-10-27,Pune,72,27.19,7.53,10.7
2023-10-28,Pune,72,26.93,0.0,11.94
2023-10-29,Pune,72,28.25,0.0,11.01
2023-10-30,Pune,72,29.27,0.0,5.23
2023-10-31,Pune,72,25.88,0.0,9.06
2023-11-01,Pune,72,23.75,0.0,5.18
2023-11-02,Pune,72,23.97,0.0,6.14
2023-11-03,Pune,72,23.56,0.0,9.69
2023-11-04,Pune,72,24.99,0.0,6.07
2023-11-05,Pune,72,25.45,0.0,10.54
2023-11-06,Pune,72,24.77,0.0,12.47
2023-11-07,Pune,72,22.14,0.0,12.32
2023-11-08,Pune,72,24.04,0.0,10.89
2023-11-09,Pune,72,23.95,0.0,6.53
2023-11-10,Pune,72,23.9,0.0,6.53
2023-11-11,Pune,72,21.75,0.0,4.27
2023-11-12,Pune,72,21.86,0.0,5.94
2023-11-13,Pune,72,22.1,0.0,2.58
2023-11-14,Pune,72,22.67,0.0,2.95
2023-11-15,Pune,72,19.22,0.0,6.66
2023-11-16,Pune,72,19.15,0.0,5.34
2023-11-17,Pune,72,23.04,0.0,4.28
2023-11-18,Pune,72,21.77,27.65,9.34
2023-11-19,Pune,72,19.97,0.0,7.12
2023-11-20,Pune,72,24.05,0.0,7.05
2023-11-21,Pune,72,23.43,0.0,9.73
2023-11-22,Pune,72,23.96,0.0,8.22
2023-11-23,Pune,72,21.4,0.0,8.63
2023-11-24,Pune,72,22.62,0.0,7.42
2023-11-25,Pune,72,22.93,0.0,3.67
2023-11-26,Pune,72,23.43,0.0,9.57
2023-11-27,Pune,72,24.2,0.0,11.57
2023-11-28,Pune,72,23.99,0.0,8.68
2023-11-29,Pune,72,22.39,0.0,8.87
2023-11-30,Pune,72,23.61,0.0,8.21
2023-12-01,Pune,72,20.51,0.0,4.8
2023-12-02,Pune,72,20.69,0.0,4.39
2023-12-03,Pune,72,19.42,0.0,4.62
2023-12-04,Pune,72,19.89,0.0,7.09
2023-12-05,Pune,72,19.65,0.0,6.29
2023-12-06,Pune,72,21.86,0.0,10.88
2023-12-07,Pune,72,23.28,0.0,4.79
2023-12-08,Pune,72,24.07,0.0,6.76
2023-12-09,Pune,72,23.89,0.0,5.1
2023-12-10,Pune,72,24.86,0.0,5.49
2023-12-11,Pune,72,24.09,0.0,4.14
2023-12-12,Pune,72,21.56,0.0,5.82
2023-12-13,Pune,72,19.89,0.0,9.21
2023-12-14,Pune,72,21.16,0.0,7.59
2023-12-15,Pune,72,22.64,0.0,14.49
2023-12-16,Pune,72,22.08,0.0,7.04
2023-12-17,Pune,72,21.45,0.0,8.86
2023-12-18,Pune,72,19.74,0.0,5.7
2023-12-19,Pune,72,19.55,0.0,5.89
2023-12-20,Pune,72,21.77,0.0,9.25
2023-12-21,Pune,72,19.64,0.0,10.09
2023-12-22,Pune,72,20.27,0.0,5.77
2023-12-23,Pune,72,21.73,0.0,6.0
2023-12-24,Pune,72,20.91,0.0,6.98
2023-12-25,Pune,72,20.99,0.0,4.29
2023-12-26,Pune,72,19.83,0.0,6.21
2023-12-27,Pune,72,20.98,0.0,7.39
2023-12-28,Pune,72,21.23,0.0,3.15
2023-12-29,Pune,72,22.76,0.0,8.48
2023-12-30,Pune,72,23.02,0.0,8.19
2023-12-31,Pune,72,22.69,0.0,6.17
2024-01-01,Pune,72,21.38,0.0,7.17
2024-01-02,Pune,72,22.82,0.0,3.41
2024-01-03,Pune,72,19.08,0.0,5.97
2024-01-04,Pune,72,19.26,0.0,7.68
2024-01-05,Pune,72,19.76,0.0,6.1
2024-01-06,Pune,72,19.46,0.0,6.25
2024-01-07,Pune,72,20.72,0.0,4.78
2024-01-08,Pune,72,20.02,0.0,8.38
2024-01-09,Pune,72,20.26,0.0,9.86
2024-01-10,Pune,72,17.98,0.0,4.75
2024-01-11,Pune,72,22.02,0.0,10.51
2024-01-12,Pune,72,22.11,0.0,12.76
2024-01-13,Pune,72,21.92,0.0,5.6
2024-01-14,Pune,72,20.87,0.0,11.41
2024-01-15,Pune,72,21.26,0.0,2.35
2024-01-16,Pune,72,20.53,0.0,1.2
2024-01-17,Pune,72,21.0,0.0,2.15
2024-01-18,Pune,72,17.15,0.0,4.46
2024-01-19,Pune,72,19.7,0.0,6.72
2024-01-20,Pune,72,18.69,0.0,5.73
2024-01-21,Pune,72,21.21,0.0,8.47
2024-01-22,Pune,72,21.45,0.0,10.09
2024-01-23,Pune,72,23.91,0.0,5.65
2024-01-24,Pune,72,21.26,0.0,4.14
2024-01-25,Pune,72,20.99,0.0,5.94
2024-01-26,Pune,72,20.33,0.0,7.55
2024-01-27,Pune,72,22.3,0.0,5.1
2024-01-28,Pune,72,21.44,0.0,7.2
2024-01-29,Pune,72,18.71,0.0,5.79
2024-01-30,Pune,72,19.21,0.0,4.67
2024-01-31,Pune,72,19.65,0.0,5.45
2024-02-01,Pune,72,21.79,0.0,8.68
2024-02-02,Pune,72,21.13,0.0,8.58
2024-02-03,Pune,72,23.19,0.0,6.91
2024-02-04,Pune,72,21.71,0.0,8.08
2024-02-05,Pune,72,21.29,0.0,7.74
2024-02-06,Pune,72,21.28,0.0,8.58
2024-02-07,Pune,72,23.41,0.0,12.07
2024-02-08,Pune,72,23.52,0.0,11.93
2024-02-09,Pune,72,22.85,0.0,12.73
2024-02-10,Pune,72,24.03,0.0,10.4
2024-02-11,Pune,72,20.82,0.0,15.77
2024-02-12,Pune,72,21.74,0.0,8.96
2024-02-13,Pune,72,21.81,0.0,11.53
2024-02-14,Pune,72,23.14,0.0,13.02
2024-02-15,Pune,72,21.29,0.0,9.38
2024-02-16,Pune,72,22.88,0.0,6.48
2024-02-17,Pune,72,24.66,0.0,11.04
2024-02-18,Pune,72,24.35,0.0,10.4
2024-02-19,Pune,72,23.71,0.0,9.97
2024-02-20,Pune,72,23.81,0.0,8.92
2024-02-21,Pune,72,22.13,0.0,10.31
2024-02-22,Pune,72,25.4,0.0,6.4
2024-02-23,Pune,72,24.27,0.0,10.82
2024-02-24,Pune,72,25.13,0.0,8.4
2024-02-25,Pune,72,25.02,0.0,10.01
2024-02-26,Pune,72,24.33,0.0,5.59
2024-02-27,Pune,72,22.93,0.0,9.35
2024-02-28,Pune,72,23.12,0.0,12.35
2024-02-29,Pune,72,22.98,0.0,13.13
2024-03-01,Pune,72,25.2,0.0,8.19
2024-03-02,Pune,72,26.93,0.0,11.58
2024-03-03,Pune,72,27.06,0.0,9.13
2024-03-04,Pune,72,24.57,0.0,7.58
2024-03-05,Pune,72,27.43,0.0,6.96
2024-03-06,Pune,72,26.09,0.0,9.24
2024-03-07,Pune,72,28.08,0.0,8.71
2024-03-08,Pune,72,25.18,0.0,8.27
2024-03-09,Pune,72,25.63,0.0,11.42
2024-03-10,Pune,72,25.5,0.0,11.91
2024-03-11,Pune,72,24.52,0.0,13.07
2024-03-12,Pune,72,24.65,0.0,7.46
2024-03-13,Pune,72,24.54,0.0,6.07
2024-03-14,Pune,72,26.07,0.0,11.19
2024-03-15,Pune,72,24.83,0.0,9.14
2024-03-16,Pune,72,23.3,0.0,8.45
2024-03-17,Pune,72,24.37,0.0,8.06
2024-03-18,Pune,72,23.79,0.0,12.1
2024-03-19,Pune,72,27.49,0.0,7.07
2024-03-20,Pune,72,26.24,0.0,4.86
2024-03-21,Pune,72,28.4,0.0,4.22
2024-03-22,Pune,72,27.24,0.0,4.55
2024-03-23,Pune,72,27.03,2.32,7.3
2024-03-24,Pune,72,28.38,0.0,7.83
2024-03-25,Pune,72,25.94,0.0,8.54
2024-03-26,Pune,72,25.75,0.0,8.77
2024-03-27,Pune,72,27.4,0.0,10.91
2024-03-28,Pune,72,28.61,0.0,7.85
2024-03-29,Pune,72,27.48,0.0,9.24
2024-03-30,Pune,72,26.43,0.0,8.33
2024-03-31,Pune,72,27.08,0.0,15.07
2024-04-01,Pune,72,31.85,0.0,17.53
2024-04-02,Pune,72,32.2,0.0,10.43
2024-04-03,Pune,72,32.02,0.0,10.76
2024-04-04,Pune,72,30.88,0.0,10.06
2024-04-05,Pune,72,30.69,0.0,10.11
2024-04-06,Pune,72,28.89,0.0,4.1
2024-04-07,Pune,72,29.99,0.0,7.15
2024-04-08,Pune,72,27.9,0.0,8.12
2024-04-09,Pune,72,28.54,0.0,12.44
2024-04-10,Pune,72,29.17,0.0,9.78
2024-04-11,Pune,72,29.77,0.0,9.02
2024-04-12,Pune,72,28.0,0.0,8.11
2024-04-13,Pune,72,27.2,0.0,9.41
2024-04-14,Pune,72,27.03,0.0,10.2
2024-04-15,Pune,72,28.66,0.0,11.37
2024-04-16,Pune,72,28.62,0.0,7.34
2024-04-17,Pune,72,27.56,0.0,12.99
2024-04-18,Pune,72,28.86,0.0,12.15
2024-04-19,Pune,72,29.56,0.0,10.8
2024-04-20,Pune,72,30.07,0.0,7.22
2024-04-21,Pune,72,31.04,0.0,9.47
2024-04-22,Pune,72,28.03,0.0,9.05
2024-04-23,Pune,72,27.71,0.0,11.15
2024-04-24,Pune,72,31.64,0.0,13.39
2024-04-25,Pune,72,29.81,0.0,15.29
2024-04-26,Pune,72,31.39,0.0,9.4
2024-04-27,Pune,72,30.88,0.0,9.09
2024-04-28,Pune,72,30.95,0.0,8.1
2024-04-29,Pune,72,32.42,0.0,12.5
2024-04-30,Pune,72,33.48,0.0,12.93
2024-05-01,Pune,72,31.92,5.97,16.61
2024-05-02,Pune,72,29.08,0.0,12.52
2024-05-03,Pune,72,29.78,0.0,13.29
2024-05-04,Pune,72,29.83,0.0,12.95
2024-05-05,Pune,72,30.33,0.0,13.96
2024-05-06,Pune,72,32.56,0.0,14.36
2024-05-07,Pune,72,30.16,0.0,13.37
2024-05-08,Pune,72,30.62,0.0,13.59
2024-05-09,Pune,72,29.73,0.0,15.86
2024-05-10,Pune,72,31.49,0.0,16.87
2024-05-11,Pune,72,30.3,0.0,13.66
2024-05-12,Pune,72,30.22,2.76,17.9
2024-05-13,Pune,72,30.01,13.12,18.95
2024-05-14,Pune,72,31.39,0.0,9.8
2024-05-15,Pune,72,30.92,0.0,8.84
2024-05-16,Pune,72,30.52,0.0,10.95
2024-05-17,Pune,72,28.11,0.0,9.28
2024-05-18,Pune,72,29.07,0.0,10.35
2024-05-19,Pune,72,31.58,0.0,10.84
2024-05-20,Pune,72,32.62,0.0,10.92
2024-05-21,Pune,72,31.58,0.0,11.59
2024-05-22,Pune,72,32.5,0.0,10.38
2024-05-23,Pune,72,28.46,0.0,10.54
2024-05-24,Pune,72,29.51,0.0,13.31
2024-05-25,Pune,72,30.22,0.0,17.29
2024-05-26,Pune,72,29.49,0.0,15.43
2024-05-27,Pune,72,29.69,0.0,13.66
2024-05-28,Pune,72,30.42,0.0,16.74
2024-05-29,Pune,72,30.92,0.0,12.46
2024-05-30,Pune,72,30.84,0.0,13.5
2024-05-31,Pune,72,31.05,0.0,11.7
2024-06-01,Pune,72,29.16,4.09,15.8
2024-06-02,Pune,72,28.89,6.61,13.15
2024-06-03,Pune,72,27.97,28.49,21.29
2024-06-04,Pune,72,28.31,19.37,17.87
2024-06-05,Pune,72,26.95,9.55,16.39
2024-06-06,Pune,72,26.71,6.2,14.82
2024-06-07,Pune,72,27.55,3.12,12.7
2024-06-08,Pune,72,23.12,0.0,14.06
2024-06-09,Pune,72,27.19,1.95,16.35
2024-06-10,Pune,72,26.0,19.18,15.39
2024-06-11,Pune,72,27.25,0.0,12.93
2024-06-12,Pune,72,26.87,0.0,14.78
2024-06-13,Pune,72,25.07,0.0,11.45
2024-06-14,Pune,72,24.41,0.0,17.65
2024-06-15,Pune,72,25.79,0.0,10.77
2024-06-16,Pune,72,25.05,4.61,17.66
2024-06-17,Pune,72,26.58,0.0,18.44
2024-06-18,Pune,72,25.86,0.0,19.96
2024-06-19,Pune,72,26.82,0.0,19.92
2024-06-20,Pune,72,25.3,5.8,18.83
2024-06-21,Pune,72,26.26,0.0,15.19
2024-06-22,Pune,72,23.74,0.0,16.21
2024-06-23,Pune,72,25.24,0.0,15.06
2024-06-24,Pune,72,24.03,0.0,16.05
2024-06-25,Pune,72,22.99,0.0,15.53
2024-06-26,Pune,72,24.18,0.0,11.75
2024-06-27,Pune,72,25.72,0.0,11.58
2024-06-28,Pune,72,26.33,0.0,16.15
2024-06-29,Pune,72,26.55,0.0,13.36
2024-06-30,Pune,72,25.18,0.0,16.41
2024-07-01,Pune,72,23.92,0.0,14.2
2024-07-02,Pune,72,21.86,0.0,13.16
2024-07-03,Pune,72,23.16,0.0,12.39
2024-07-04,Pune,72,23.86,0.0,12.33
2024-07-05,Pune,72,22.97,14.23,15.63
2024-07-06,Pune,72,23.81,12.09,15.66
2024-07-07,Pune,72,22.59,0.66,17.39
2024-07-08,Pune,72,23.7,2.07,14.89
2024-07-09,Pune,72,23.37,0.0,14.24
2024-07-10,Pune,72,23.33,0.0,15.95
2024-07-11,Pune,72,25.33,0.0,16.68
2024-07-12,Pune,72,24.82,0.0,18.84
2024-07-13,Pune,72,25.14,0.0,14.79
2024-07-14,Pune,72,25.07,0.0,12.58
2024-07-15,Pune,72,25.09,0.0,13.06
2024-07-16,Pune,72,23.46,22.11,19.98
2024-07-17,Pune,72,24.88,0.0,15.6
2024-07-18,Pune,72,27.6,0.0,21.67
2024-07-19,Pune,72,24.62,2.96,19.42
2024-07-20,Pune,72,23.42,13.58,20.27
2024-07-21,Pune,72,23.57,9.8,18.62
2024-07-22,Pune,72,27.23,6.55,21.22
2024-07-23,Pune,72,26.77,1.03,18.1
2024-07-24,Pune,72,25.63,12.29,21.17
2024-07-25,Pune,72,23.51,0.0,17.4
2024-07-26,Pune,72,26.73,0.0,14.55
2024-07-27,Pune,72,26.01,0.0,13.97
2024-07-28,Pune,72,23.23,0.0,20.23
2024-07-29,Pune,72,23.51,13.54,23.75
2024-07-30,Pune,72,23.09,0.0,16.65
2024-07-31,Pune,72,22.72,0.0,17.01
2024-08-01,Pune,72,21.32,0.0,11.76
2024-08-02,Pune,72,21.55,13.14,15.53
2024-08-03,Pune,72,21.08,1.3,14.3
2024-08-04,Pune,72,22.13,2.08,12.15
2024-08-05,Pune,72,25.73,16.93,18.64
2024-08-06,Pune,72,25.56,8.95,12.15
2024-08-07,Pune,72,25.1,1.75,13.25
2024-08-08,Pune,72,25.31,14.45,13.65
2024-08-09,Pune,72,22.81,11.01,16.83
2024-08-10,Pune,72,21.8,0.33,14.27
2024-08-11,Pune,72,24.52,33.02,20.77
2024-08-12,Pune,72,24.63,13.82,14.31
2024-08-13,Pune,72,24.97,4.75,12.57
2024-08-14,Pune,72,26.12,5.51,13.18
2024-08-15,Pune,72,25.41,3.21,11.49
2024-08-16,Pune,72,24.01,0.0,14.94
2024-08-17,Pune,72,24.68,0.0,13.21
2024-08-18,Pune,72,23.73,0.0,16.64
2024-08-19,Pune,72,25.92,0.0,17.05
2024-08-20,Pune,72,25.52,0.0,15.57
2024-08-21,Pune,72,26.12,0.0,13.93
2024-08-22,Pune,72,25.89,0.0,13.08
2024-08-23,Pune,72,25.18,0.0,14.07
2024-08-24,Pune,72,23.07,0.0,16.83
2024-08-25,Pune,72,24.27,0.38,14.02
2024-08-26,Pune,72,23.82,0.0,15.25
2024-08-27,Pune,72,23.98,0.0,13.13
2024-08-28,Pune,72,21.69,0.0,16.63
2024-08-29,Pune,72,22.1,7.09,18.74
2024-08-30,Pune,72,21.09,2.99,11.84
2024-08-31,Pune,72,21.84,0.79,10.48
2024-09-01,Pune,72,20.57,10.2,15.61
2024-09-02,Pune,72,19.57,8.2,13.77
2024-09-03,Pune,72,20.88,0.0,11.17
2024-09-04,Pune,72,23.47,2.99,10.92
2024-09-05,Pune,72,23.26,17.65,10.93
2024-09-06,Pune,72,23.73,0.0,7.59
2024-09-07,Pune,72,26.22,16.13,9.74
2024-09-08,Pune,72,21.47,6.15,6.9
2024-09-09,Pune,72,21.51,7.98,8.83
2024-09-10,Pune,72,24.16,6.59,9.64
2024-09-11,Pune,72,25.74,10.9,14.79
2024-09-12,Pune,72,28.22,25.22,14.38
2024-09-13,Pune,72,26.68,8.33,15.18
2024-09-14,Pune,72,27.06,4.61,7.01
2024-09-15,Pune,72,26.66,6.15,10.52
2024-09-16,Pune,72,28.72,7.14,10.17
2024-09-17,Pune,72,26.81,10.85,10.89
2024-09-18,Pune,72,25.88,11.51,9.88
2024-09-19,Pune,72,27.28,7.2,9.98
2024-09-20,Pune,72,28.06,15.44,11.75
2024-09-21,Pune,72,27.18,9.72,7.57
2024-09-22,Pune,72,26.69,0.0,4.61
2024-09-23,Pune,72,26.06,0.0,10.44
2024-09-24,Pune,72,27.38,0.0,12.83
2024-09-25,Pune,72,27.23,0.0,9.27
2024-09-26,Pune,72,28.27,0.0,12.68
2024-09-27,Pune,72,27.53,0.0,12.06
2024-09-28,Pune,72,26.47,0.0,9.59
2024-09-29,Pune,72,25.25,0.0,8.15
2024-09-30,Pune,72,24.17,0.0,12.38
2024-10-01,Pune,72,26.67,0.0,5.93
2024-10-02,Pune,72,25.37,0.0,4.27
2024-10-03,Pune,72,24.51,2.97,4.39
2024-10-04,Pune,72,24.36,0.0,5.42
2024-10-05,Pune,72,24.57,0.0,5.39
2024-10-06,Pune,72,23.6,8.82,12.2
2024-10-07,Pune,72,24.7,0.0,7.5
2024-10-08,Pune,72,25.86,0.0,11.84
2024-10-09,Pune,72,26.44,0.0,11.75
2024-10-10,Pune,72,25.25,0.0,9.96
2024-10-11,Pune,72,26.26,2.65,8.93
2024-10-12,Pune,72,26.39,0.0,6.61
2024-10-13,Pune,72,27.82,0.0,7.86
2024-10-14,Pune,72,25.26,0.0,5.24
2024-10-15,Pune,72,23.4,0.0,8.17
2024-10-16,Pune,72,24.77,0.0,7.87
2024-10-17,Pune,72,25.37,0.0,6.29
2024-10-18,Pune,72,24.52,0.0,5.71
2024-10-19,Pune,72,27.04,0.0,9.41
2024-10-20,Pune,72,24.63,0.0,6.2
2024-10-21,Pune,72,25.55,0.0,8.7
2024-10-22,Pune,72,24.51,8.26,11.7
2024-10-23,Pune,72,26.9,16.54,13.19
2024-10-24,Pune,72,25.63,0.0,9.31
2024-10-25,Pune,72,25.53,0.0,9.1
2024-10-26,Pune,72,25.02,0.0,11.75
2024-10-27,Pune,72,29.64,0.0,6.71
2024-10-28,Pune,72,28.97,0.0,7.01
2024-10-29,Pune,72,29.1,70.49,19.66
2024-10-30,Pune,72,29.24,5.94,10.05
2024-10-31,Pune,72,29.59,6.29,9.09
2024-11-01,Pune,72,26.12,0.0,11.85
2024-11-02,Pune,72,24.08,0.0,6.87
2024-11-03,Pune,72,23.9,13.93,12.41
2024-11-04,Pune,72,23.39,0.0,6.46
2024-11-05,Pune,72,23.79,0.0,4.66
2024-11-06,Pune,72,22.09,0.0,6.97
2024-11-07,Pune,72,19.53,0.0,7.89
2024-11-08,Pune,72,20.69,0.0,4.69
2024-11-09,Pune,72,21.19,0.0,9.03
2024-11-10,Pune,72,20.69,0.0,11.91
2024-11-11,Pune,72,22.11,0.0,3.68
2024-11-12,Pune,72,23.62,0.0,7.38
2024-11-13,Pune,72,23.14,0.0,7.09
2024-11-14,Pune,72,24.5,0.0,7.38
2024-11-15,Pune,72,22.57,0.0,5.92
2024-11-16,Pune,72,21.06,0.0,6.77
2024-11-17,Pune,72,20.35,0.0,7.21
2024-11-18,Pune,72,23.28,0.0,5.98
2024-11-19,Pune,72,24.48,0.0,6.82
2024-11-20,Pune,72,21.73,0.0,12.6
2024-11-21,Pune,72,21.09,0.0,5.51
2024-11-22,Pune,72,23.12,0.0,5.51
2024-11-23,Pune,72,22.84,0.0,8.29
2024-11-24,Pune,72,21.8,0.0,6.45
2024-11-25,Pune,72,21.44,0.0,2.3
2024-11-26,Pune,72,19.84,0.0,7.85
2024-11-27,Pune,72,23.74,0.0,5.7
2024-11-28,Pune,72,24.34,0.0,11.07
2024-11-29,Pune,72,24.71,0.0,11.17
2024-11-30,Pune,72,25.28,0.0,8.34
2024-12-01,Pune,72,24.11,0.0,10.63
2024-12-02,Pune,72,23.87,0.0,8.08
2024-12-03,Pune,72,20.82,0.0,9.48
2024-12-04,Pune,72,23.66,0.0,9.24
2024-12-05,Pune,72,23.61,0.0,8.82
2024-12-06,Pune,72,23.46,0.0,10.72
2024-12-07,Pune,72,21.02,0.0,8.07
2024-12-08,Pune,72,23.98,0.0,10.73
2024-12-09,Pune,72,24.23,0.0,7.1
2024-12-10,Pune,72,26.01,0.0,7.82
2024-12-11,Pune,72,24.29,0.0,4.92
2024-12-12,Pune,72,21.25,0.0,4.21
2024-12-13,Pune,72,21.92,0.0,8.52
2024-12-14,Pune,72,22.0,0.0,6.82
2024-12-15,Pune,72,21.94,0.0,7.1
2024-12-16,Pune,72,22.86,0.0,6.63
2024-12-17,Pune,72,20.86,0.0,10.16
2024-12-18,Pune,72,20.58,0.0,7.88
2024-12-19,Pune,72,19.94,0.0,9.12
2024-12-20,Pune,72,20.36,0.0,8.77
2024-12-21,Pune,72,19.86,0.0,12.8
2024-12-22,Pune,72,20.24,0.0,10.42
2024-12-23,Pune,72,19.29,0.0,9.69
2024-12-24,Pune,72,15.94,0.0,7.1
2024-12-25,Pune,72,18.5,0.0,3.95
2024-12-26,Pune,72,19.94,0.0,6.15
2024-12-27,Pune,72,22.76,0.0,7.73
2024-12-28,Pune,72,23.23,0.0,11.24
2024-12-29,Pune,72,23.01,0.0,4.55
2024-12-30,Pune,72,21.57,0.0,10.51
2024-12-31,Pune,72,19.13,0.0,9.32
2025-01-01,Pune,72,18.89,0.0,10.39
2025-01-02,Pune,72,18.9,0.0,3.45
2025-01-03,Pune,72,18.81,0.0,2.03
2025-01-04,Pune,72,17.73,0.0,6.9
2025-01-05,Pune,72,19.67,0.0,7.08
2025-01-06,Pune,72,18.56,3.35,10.27
2025-01-07,Pune,72,18.52,0.0,4.09
2025-01-08,Pune,72,21.74,0.0,9.49
2025-01-09,Pune,72,19.62,11.75,11.51
2025-01-10,Pune,72,19.41,0.0,7.72
2025-01-11,Pune,72,18.76,0.0,9.91
2025-01-12,Pune,72,18.25,0.0,10.97
2025-01-13,Pune,72,18.42,0.0,11.03
2025-01-14,Pune,72,16.0,0.0,8.04
2025-01-15,Pune,72,21.01,0.0,7.06
2025-01-16,Pune,72,22.09,0.0,9.77
2025-01-17,Pune,72,24.01,0.0,8.77
2025-01-18,Pune,72,24.11,0.0,8.3
2025-01-19,Pune,72,21.47,0.0,8.1
2025-01-20,Pune,72,22.92,0.0,7.45
2025-01-21,Pune,72,24.11,0.0,5.48
2025-01-22,Pune,72,21.95,0.0,4.3
2025-01-23,Pune,72,21.73,0.0,7.79
2025-01-24,Pune,72,21.37,0.0,10.89
2025-01-25,Pune,72,21.71,0.0,12.92
2025-01-26,Pune,72,21.95,0.0,7.27
2025-01-27,Pune,72,20.52,0.0,7.58
2025-01-28,Pune,72,20.1,0.0,5.96
2025-01-29,Pune,72,22.95,0.0,8.67
2025-01-30,Pune,72,20.99,0.0,9.28
2025-01-31,Pune,72,22.62,0.0,10.01
2025-02-01,Pune,72,23.46,0.0,10.06
2025-02-02,Pune,72,23.71,0.0,7.93
2025-02-03,Pune,72,22.55,0.0,6.89
2025-02-04,Pune,72,21.98,0.0,9.66
2025-02-05,Pune,72,24.11,0.0,10.29
2025-02-06,Pune,72,24.48,0.0,13.96
2025-02-07,Pune,72,24.87,0.0,9.67
2025-02-08,Pune,72,25.19,0.0,8.62
2025-02-09,Pune,72,23.44,0.19,10.73
2025-02-10,Pune,72,23.55,0.0,6.81
2025-02-11,Pune,72,22.0,0.0,7.73
2025-02-12,Pune,72,24.01,0.0,7.02
2025-02-13,Pune,72,23.8,0.0,2.94
2025-02-14,Pune,72,20.9,0.0,7.18
2025-02-15,Pune,72,20.94,0.0,8.75
2025-02-16,Pune,72,23.01,0.0,7.0
2025-02-17,Pune,72,23.48,0.0,12.09
2025-02-18,Pune,72,25.39,0.0,12.38
2025-02-19,Pune,72,21.81,0.0,10.8
2025-02-20,Pune,72,22.55,0.0,10.65
2025-02-21,Pune,72,24.16,0.0,9.83
2025-02-22,Pune,72,21.7,0.0,12.35
2025-02-23,Pune,72,22.96,0.0,11.3
2025-02-24,Pune,72,22.2,0.0,10.2
2025-02-25,Pune,72,18.37,0.0,9.39
2025-02-26,Pune,72,20.14,0.0,4.3
2025-02-27,Pune,72,18.76,0.0,4.14
2025-02-28,Pune,72,19.98,0.0,10.28
2025-03-01,Pune,72,24.53,0.0,11.17
2025-03-02,Pune,72,23.73,0.0,10.59
2025-03-03,Pune,72,28.42,0.0,8.29
2025-03-04,Pune,72,25.13,0.0,8.22
2025-03-05,Pune,72,25.2,0.0,14.18
2025-03-06,Pune,72,24.48,0.0,12.99
2025-03-07,Pune,72,24.01,0.0,12.89
2025-03-08,Pune,72,23.79,0.0,11.19
2025-03-09,Pune,72,25.9,0.0,12.48
2025-03-10,Pune,72,24.08,0.0,8.9
2025-03-11,Pune,72,22.67,0.0,8.13
2025-03-12,Pune,72,25.55,0.0,10.11
2025-03-13,Pune,72,25.73,0.0,10.86
2025-03-14,Pune,72,26.72,0.0,10.02
2025-03-15,Pune,72,26.72,0.0,11.2
2025-03-16,Pune,72,27.05,0.0,8.76
2025-03-17,Pune,72,26.81,0.0,10.84
2025-03-18,Pune,72,28.11,0.0,6.92
2025-03-19,Pune,72,29.39,0.0,7.86
2025-03-20,Pune,72,29.92,0.0,10.52
2025-03-21,Pune,72,30.38,0.0,6.67
2025-03-22,Pune,72,25.74,0.0,13.1
2025-03-23,Pune,72,26.33,0.0,11.66
2025-03-24,Pune,72,26.36,0.0,8.93
2025-03-25,Pune,72,26.59,0.0,8.24
2025-03-26,Pune,72,24.33,0.0,7.12
2025-03-27,Pune,72,29.4,0.0,7.99
2025-03-28,Pune,72,28.8,0.0,9.57
2025-03-29,Pune,72,25.88,0.0,10.37
2025-03-30,Pune,72,23.99,0.0,10.29
2025-03-31,Pune,72,24.71,0.0,10.65
2025-04-01,Pune,72,28.14,0.0,16.69
2025-04-02,Pune,72,28.54,0.0,13.4
2025-04-03,Pune,72,30.14,0.0,12.11
2025-04-04,Pune,72,30.57,0.0,11.4
2025-04-05,Pune,72,30.98,0.0,12.66
2025-04-06,Pune,72,30.72,0.0,11.58
2025-04-07,Pune,72,28.98,0.0,10.02
2025-04-08,Pune,72,28.43,0.0,15.62
2025-04-09,Pune,72,35.64,0.0,13.03
2025-04-10,Pune,72,32.3,0.0,8.88
2025-04-11,Pune,72,31.25,0.0,10.41
2025-04-12,Pune,72,31.77,0.0,10.25
2025-04-13,Pune,72,30.51,0.0,10.77
2025-04-14,Pune,72,29.16,0.0,11.0
2025-04-15,Pune,72,29.05,0.0,12.07
2025-04-16,Pune,72,31.39,0.0,13.38
2025-04-17,Pune,72,29.98,0.0,14.12
2025-04-18,Pune,72,27.01,0.0,12.83
2025-04-19,Pune,72,30.08,0.0,12.97
2025-04-20,Pune,72,26.92,0.0,12.46
2025-04-21,Pune,72,26.7,0.0,15.15
2025-04-22,Pune,72,26.36,0.0,13.03
2025-04-23,Pune,72,29.81,0.0,10.82
2025-04-24,Pune,72,29.06,0.0,13.01
2025-04-25,Pune,72,28.44,0.0,16.16
2025-04-26,Pune,72,26.84,0.0,14.28
2025-04-27,Pune,72,30.01,0.0,11.35
2025-04-28,Pune,72,30.48,0.0,15.08
2025-04-29,Pune,72,30.26,0.0,12.69
2025-04-30,Pune,72,28.9,0.0,11.97
2025-05-01,Pune,72,31.03,0.0,18.59
2025-05-02,Pune,72,30.07,0.0,17.05
2025-05-03,Pune,72,29.44,0.0,13.15
2025-05-04,Pune,72,29.6,0.0,12.41
2025-05-05,Pune,72,32.31,0.0,13.13
2025-05-06,Pune,72,30.73,9.65,12.59
2025-05-07,Pune,72,32.42,0.0,12.64
2025-05-08,Pune,72,31.93,0.0,11.77
2025-05-09,Pune,72,31.94,0.0,11.65
2025-05-10,Pune,72,32.1,0.0,13.44
2025-05-11,Pune,72,31.85,0.0,12.02
2025-05-12,Pune,72,35.95,0.0,11.08
2025-05-13,Pune,72,35.87,0.0,10.9
2025-05-14,Pune,72,34.46,0.0,15.63
2025-05-15,Pune,72,33.83,0.0,12.92
2025-05-16,Pune,72,33.44,0.0,10.73
2025-05-17,Pune,72,35.68,0.0,10.35
2025-05-18,Pune,72,32.42,0.0,9.06
2025-05-19,Pune,72,30.09,0.0,13.6
2025-05-20,Pune,72,31.43,0.0,15.07
2025-05-21,Pune,72,31.65,0.0,13.58
2025-05-22,Pune,72,33.4,0.0,13.18
2025-05-23,Pune,72,32.86,0.0,10.35
2025-05-24,Pune,72,32.26,0.0,9.68
2025-05-25,Pune,72,33.99,0.0,12.52
2025-05-26,Pune,72,31.68,0.0,10.29
2025-05-27,Pune,72,32.23,0.0,11.26
2025-05-28,Pune,72,37.31,0.0,13.37
2025-05-29,Pune,72,38.06,0.0,13.37
2025-05-30,Pune,72,35.61,0.0,14.13
2025-05-31,Pune,72,34.16,0.0,10.31
2025-06-01,Pune,72,30.77,1.67,13.72
2025-06-02,Pune,72,28.59,0.95,15.63
2025-06-03,Pune,72,26.88,10.36,17.72
2025-06-04,Pune,72,29.05,0.0,16.46
2025-06-05,Pune,72,29.1,0.0,17.12
2025-06-06,Pune,72,28.96,0.0,18.06
2025-06-07,Pune,72,27.49,0.0,14.46
2025-06-08,Pune,72,27.4,0.0,17.62
2025-06-09,Pune,72,27.34,0.0,16.4
2025-06-10,Pune,72,25.67,0.0,17.13
2025-06-11,Pune,72,28.07,0.0,14.53
2025-06-12,Pune,72,24.29,0.0,16.58
2025-06-13,Pune,72,26.3,0.0,12.24
2025-06-14,Pune,72,25.84,2.21,12.72
2025-06-15,Pune,72,24.72,0.0,12.94
2025-06-16,Pune,72,27.41,0.0,14.75
2025-06-17,Pune,72,25.44,0.0,16.22
2025-06-18,Pune,72,26.4,0.0,15.0
2025-06-19,Pune,72,25.53,0.0,14.87
2025-06-20,Pune,72,27.05,0.0,14.89
2025-06-21,Pune,72,29.61,45.39,21.2
2025-06-22,Pune,72,30.98,44.24,25.12
2025-06-23,Pune,72,30.21,7.24,18.43
2025-06-24,Pune,72,30.65,0.0,16.61
2025-06-25,Pune,72,29.1,0.0,12.23
2025-06-26,Pune,72,28.46,0.0,13.1
2025-06-27,Pune,72,29.73,0.0,16.01
2025-06-28,Pune,72,28.13,0.0,13.48
2025-06-29,Pune,72,28.47,0.0,19.68
2025-06-30,Pune,72,27.95,0.0,16.15
2025-07-01,Pune,72,26.18,0.0,17.89
2025-07-02,Pune,72,28.78,0.0,16.32
2025-07-03,Pune,72,24.74,1.37,21.81
2025-07-04,Pune,72,27.39,56.32,24.79
2025-07-05,Pune,72,27.19,14.03,19.01
2025-07-06,Pune,72,27.05,12.42,21.73
2025-07-07,Pune,72,26.63,33.92,16.55
2025-07-08,Pune,72,25.91,0.0,13.51
2025-07-09,Pune,72,23.26,0.0,13.12
2025-07-10,Pune,72,25.01,0.0,11.47
2025-07-11,Pune,72,26.13,18.58,20.35
2025-07-12,Pune,72,26.79,16.22,20.05
2025-07-13,Pune,72,24.53,17.97,21.15
2025-07-14,Pune,72,26.88,5.04,16.8
2025-07-15,Pune,72,27.01,12.08,17.89
2025-07-16,Pune,72,25.88,2.03,15.01
2025-07-17,Pune,72,23.63,21.42,20.4
2025-07-18,Pune,72,26.23,6.48,20.8
2025-07-19,Pune,72,24.44,18.23,19.08
2025-07-20,Pune,72,25.92,16.1,16.83
2025-07-21,Pune,72,22.83,0.45,14.3
2025-07-22,Pune,72,24.42,9.03,11.07
2025-07-23,Pune,72,23.95,0.0,13.46
2025-07-24,Pune,72,27.11,0.0,16.71
2025-07-25,Pune,72,24.28,0.0,13.5
2025-07-26,Pune,72,23.54,0.0,10.94
2025-07-27,Pune,72,25.56,0.0,13.18
2025-07-28,Pune,72,26.44,3.02,18.7
2025-07-29,Pune,72,25.04,8.77,14.99
2025-07-30,Pune,72,25.75,16.33,18.36
2025-07-31,Pune,72,26.72,24.47,20.76
2025-08-01,Pune,72,23.64,2.25,11.02
2025-08-02,Pune,72,25.29,24.41,18.56
2025-08-03,Pune,72,25.45,2.9,12.15
2025-08-04,Pune,72,24.71,0.0,16.01
2025-08-05,Pune,72,24.32,0.0,13.0
2025-08-06,Pune,72,24.69,0.0,15.3
2025-08-07,Pune,72,24.32,0.0,14.87
2025-08-08,Pune,72,24.31,0.0,16.01
2025-08-09,Pune,72,22.95,0.0,11.25
2025-08-10,Pune,72,24.77,0.0,18.2
2025-08-11,Pune,72,25.8,0.0,13.78
2025-08-12,Pune,72,27.11,0.0,14.32
2025-08-13,Pune,72,26.05,0.0,16.18
2025-08-14,Pune,72,25.13,0.0,14.66
2025-08-15,Pune,72,30.22,0.0,15.97
2025-08-16,Pune,72,27.36,0.0,11.86
2025-08-17,Pune,72,28.27,0.0,13.72
2025-08-18,Pune,72,26.44,0.0,14.1
2025-08-19,Pune,72,27.49,0.0,13.83
2025-08-20,Pune,72,27.76,14.64,17.09
2025-08-21,Pune,72,24.25,25.28,15.47
2025-08-22,Pune,72,25.06,7.25,11.2
2025-08-23,Pune,72,25.43,3.86,13.56
2025-08-24,Pune,72,25.58,0.0,10.53
2025-08-25,Pune,72,24.79,1.3,11.38
2025-08-26,Pune,72,24.8,3.73,12.51
2025-08-27,Pune,72,24.9,6.66,12.67
2025-08-28,Pune,72,25.55,0.0,14.19
2025-08-29,Pune,72,22.7,0.0,12.33
2025-08-30,Pune,72,26.3,0.0,17.54
2025-08-31,Pune,72,24.48,0.0,16.6
2025-09-01,Pune,72,24.53,0.0,12.61
2025-09-02,Pune,72,23.9,2.56,14.88
2025-09-03,Pune,72,25.46,3.49,10.99
2025-09-04,Pune,72,24.03,2.57,9.83
2025-09-05,Pune,72,24.35,6.0,14.45
2025-09-06,Pune,72,23.91,0.0,10.25
2025-09-07,Pune,72,23.34,0.0,10.67
2025-09-08,Pune,72,23.27,0.0,10.79
2025-09-09,Pune,72,21.77,0.0,9.3
2025-09-10,Pune,72,22.67,0.0,12.03
2025-09-11,Pune,72,22.92,0.0,10.53
2025-09-12,Pune,72,25.84,0.0,11.92
2025-09-13,Pune,72,24.02,4.14,12.48
2025-09-14,Pune,72,26.91,12.11,12.38
2025-09-15,Pune,72,25.46,0.0,11.66
2025-09-16,Pune,72,24.51,0.0,15.15
2025-09-17,Pune,72,25.98,0.0,10.96
2025-09-18,Pune,72,26.02,21.57,16.59
2025-09-19,Pune,72,25.62,0.0,10.1
2025-09-20,Pune,72,25.42,0.0,12.93
2025-09-21,Pune,72,25.95,0.0,13.6
2025-09-22,Pune,72,25.99,0.0,13.69
2025-09-23,Pune,72,24.66,0.0,11.89
2025-09-24,Pune,72,25.31,0.0,13.04
2025-09-25,Pune,72,23.61,0.0,7.13
2025-09-26,Pune,72,25.3,0.0,11.82
2025-09-27,Pune,72,24.18,4.33,16.06
2025-09-28,Pune,72,24.88,22.83,18.2
2025-09-29,Pune,72,24.97,4.14,8.63
2025-09-30,Pune,72,24.4,22.95,13.61
2023-01-01,Pune,120,19.9,0.0,6.12
2023-01-02,Pune,120,22.17,0.0,13.46
2023-01-03,Pune,120,21.27,0.0,12.4
2023-01-04,Pune,120,21.83,0.0,9.9
2023-01-05,Pune,120,20.13,0.0,7.9
2023-01-06,Pune,120,19.76,0.0,3.83
2023-01-07,Pune,120,18.28,0.0,8.88
2023-01-08,Pune,120,20.1,0.0,10.26
2023-01-09,Pune,120,21.67,0.0,14.16
2023-01-10,Pune,120,21.02,0.0,9.94
2023-01-11,Pune,120,19.68,0.0,7.44
2023-01-12,Pune,120,22.23,0.0,8.13
2023-01-13,Pune,120,21.41,0.0,9.05
2023-01-14,Pune,120,22.03,0.0,10.13
2023-01-15,Pune,120,18.97,0.0,10.39
2023-01-16,Pune,120,18.6,0.0,5.5
2023-01-17,Pune,120,22.15,1.64,11.89
2023-01-18,Pune,120,19.06,0.0,6.75
2023-01-19,Pune,120,18.66,0.0,7.19
2023-01-20,Pune,120,18.26,0.0,4.93
2023-01-21,Pune,120,18.7,0.0,6.49
2023-01-22,Pune,120,15.85,0.0,10.29
2023-01-23,Pune,120,16.79,0.0,8.13
2023-01-24,Pune,120,17.19,0.0,10.55
2023-01-25,Pune,120,18.68,0.0,9.59
2023-01-26,Pune,120,19.06,0.0,5.01
2023-01-27,Pune,120,17.31,0.0,6.98
2023-01-28,Pune,120,17.81,0.0,8.86
2023-01-29,Pune,120,16.54,0.0,9.52
2023-01-30,Pune,120,20.54,0.0,10.74
2023-01-31,Pune,120,18.3,0.0,8.16
2023-02-01,Pune,120,20.11,0.0,5.69
2023-02-02,Pune,120,20.08,0.0,5.34
2023-02-03,Pune,120,20.0,0.0,6.8
2023-02-04,Pune,120,22.47,0.0,4.69
2023-02-05,Pune,120,21.42,0.0,7.07
2023-02-06,Pune,120,22.28,0.0,6.52
2023-02-07,Pune,120,21.59,0.0,8.95
2023-02-08,Pune,120,22.54,0.0,7.8
2023-02-09,Pune,120,23.15,0.0,10.0
2023-02-10,Pune,120,22.74,0.0,9.02
2023-02-11,Pune,120,22.45,0.0,10.75
2023-02-12,Pune,120,21.75,0.0,10.16
2023-02-13,Pune,120,21.99,0.0,9.82
2023-02-14,Pune,120,25.74,0.0,9.41
2023-02-15,Pune,120,23.6,0.0,7.29
2023-02-16,Pune,120,22.56,0.0,8.87
2023-02-17,Pune,120,22.47,0.0,7.98
2023-02-18,Pune,120,27.04,0.0,8.88
2023-02-19,Pune,120,20.9,0.0,5.04
2023-02-20,Pune,120,24.16,0.0,11.16
2023-02-21,Pune,120,23.14,0.0,13.39
2023-02-22,Pune,120,24.11,0.0,11.63
2023-02-23,Pune,120,23.52,0.0,7.8
2023-02-24,Pune,120,24.38,0.0,8.54
2023-02-25,Pune,120,23.47,0.0,4.47
2023-02-26,Pune,120,25.84,0.0,3.43
2023-02-27,Pune,120,25.3,0.0,8.91
2023-02-28,Pune,120,25.62,0.0,11.26
2023-03-01,Pune,120,27.58,0.0,9.21
2023-03-02,Pune,120,27.21,0.0,9.91
2023-03-03,Pune,120,28.26,0.0,4.48
2023-03-04,Pune,120,28.34,0.0,6.68
2023-03-05,Pune,120,24.39,0.0,9.99
2023-03-06,Pune,120,27.78,0.0,9.72
2023-03-07,Pune,120,26.01,0.0,6.21
2023-03-08,Pune,120,27.54,0.0,8.06
2023-03-09,Pune,120,25.79,0.0,9.47
2023-03-10,Pune,120,27.48,0.0,11.37
2023-03-11,Pune,120,25.4,0.0,10.89
2023-03-12,Pune,120,25.11,0.0,9.13
2023-03-13,Pune,120,25.96,0.0,11.89
2023-03-14,Pune,120,22.75,0.0,11.83
2023-03-15,Pune,120,26.19,7.36,16.04
2023-03-16,Pune,120,25.83,0.0,9.99
2023-03-17,Pune,120,26.15,0.0,10.98
2023-03-18,Pune,120,25.53,0.0,9.66
2023-03-19,Pune,120,28.54,0.0,8.68
2023-03-20,Pune,120,24.27,0.0,9.43
2023-03-21,Pune,120,25.36,0.0,12.79
2023-03-22,Pune,120,26.96,0.0,11.63
2023-03-23,Pune,120,26.74,0.0,1.02
2023-03-24,Pune,120,27.59,0.0,7.7
2023-03-25,Pune,120,28.42,0.0,0.81
2023-03-26,Pune,120,27.56,0.0,4.11
2023-03-27,Pune,120,25.66,0.0,5.63
2023-03-28,Pune,120,27.18,0.0,2.86
2023-03-29,Pune,120,27.37,0.0,10.29
2023-03-30,Pune,120,26.67,0.0,12.98
2023-03-31,Pune,120,30.02,0.0,6.14
2023-04-01,Pune,120,30.84,0.0,15.12
2023-04-02,Pune,120,30.89,0.0,16.36
2023-04-03,Pune,120,31.43,0.0,10.64
2023-04-04,Pune,120,30.91,0.0,12.13
2023-04-05,Pune,120,33.32,0.0,12.26
2023-04-06,Pune,120,32.44,0.0,11.88
2023-04-07,Pune,120,32.1,0.0,11.41
2023-04-08,Pune,120,32.03,0.0,10.72
2023-04-09,Pune,120,31.1,0.0,10.27
2023-04-10,Pune,120,28.67,0.0,9.36
2023-04-11,Pune,120,26.79,0.0,6.53
2023-04-12,Pune,120,26.59,0.0,10.89
2023-04-13,Pune,120,27.53,0.0,5.19
2023-04-14,Pune,120,27.81,0.0,6.18
2023-04-15,Pune,120,31.67,0.0,7.63
2023-04-16,Pune,120,31.1,0.0,6.58
2023-04-17,Pune,120,30.58,0.0,11.4
2023-04-18,Pune,120,30.03,0.0,6.4
2023-04-19,Pune,120,33.29,0.0,10.47
2023-04-20,Pune,120,29.68,0.0,7.86
2023-04-21,Pune,120,31.51,0.0,11.25
2023-04-22,Pune,120,31.6,0.0,7.51
2023-04-23,Pune,120,32.32,60.72,16.99
2023-04-24,Pune,120,29.86,0.0,12.03
2023-04-25,Pune,120,29.76,0.0,10.05
2023-04-26,Pune,120,31.47,0.0,9.18
2023-04-27,Pune,120,27.75,0.0,12.11
2023-04-28,Pune,120,30.43,0.0,12.99
2023-04-29,Pune,120,27.9,0.0,13.4
2023-04-30,Pune,120,28.93,0.0,13.56
2023-05-01,Pune,120,32.26,0.0,18.71
2023-05-02,Pune,120,31.6,0.0,15.06
2023-05-03,Pune,120,33.66,0.0,13.16
2023-05-04,Pune,120,29.56,0.0,15.53
2023-05-05,Pune,120,29.6,0.0,13.36
2023-05-06,Pune,120,28.94,3.14,15.14
2023-05-07,Pune,120,30.2,0.0,18.32
2023-05-08,Pune,120,27.65,0.0,15.46
2023-05-09,Pune,120,28.27,0.0,13.55
2023-05-10,Pune,120,29.43,0.0,13.07
2023-05-11,Pune,120,31.12,0.0,7.55
2023-05-12,Pune,120,30.22,0.0,18.08
2023-05-13,Pune,120,31.5,0.0,12.62
2023-05-14,Pune,120,32.87,0.0,9.0
2023-05-15,Pune,120,31.05,0.0,14.73
2023-05-16,Pune,120,32.61,0.0,11.01
2023-05-17,Pune,120,32.77,0.0,13.19
2023-05-18,Pune,120,34.15,0.0,13.15
2023-05-19,Pune,120,31.5,0.0,9.29
2023-05-20,Pune,120,32.61,0.0,12.61
2023-05-21,Pune,120,29.95,0.0,11.96
2023-05-22,Pune,120,32.32,0.0,16.44
2023-05-23,Pune,120,32.65,0.0,10.99
2023-05-24,Pune,120,31.44,0.0,8.1
2023-05-25,Pune,120,32.01,0.0,11.74
2023-05-26,Pune,120,30.0,0.0,13.71
2023-05-27,Pune,120,31.33,0.0,15.23
2023-05-28,Pune,120,31.33,0.0,10.9
2023-05-29,Pune,120,34.34,0.0,8.84
2023-05-30,Pune,120,33.45,0.0,14.0
2023-05-31,Pune,120,32.47,0.0,12.1
2023-06-01,Pune,120,25.38,0.0,13.87
2023-06-02,Pune,120,25.89,0.0,11.87
2023-06-03,Pune,120,28.08,3.52,16.37
2023-06-04,Pune,120,24.8,0.0,17.39
2023-06-05,Pune,120,24.24,0.0,14.65
2023-06-06,Pune,120,26.23,1.34,16.93
2023-06-07,Pune,120,26.05,19.08,18.84
2023-06-08,Pune,120,23.94,0.78,15.95
2023-06-09,Pune,120,25.89,31.01,18.44
2023-06-10,Pune,120,25.89,4.53,14.58
2023-06-11,Pune,120,24.96,0.0,9.76
2023-06-12,Pune,120,27.26,0.0,13.97
2023-06-13,Pune,120,29.89,2.12,17.1
2023-06-14,Pune,120,25.85,8.15,17.2
2023-06-15,Pune,120,25.12,1.08,13.81
2023-06-16,Pune,120,24.25,0.0,10.89
2023-06-17,Pune,120,22.07,24.66,20.29
2023-06-18,Pune,120,25.47,1.37,14.03
2023-06-19,Pune,120,24.16,0.0,15.35
2023-06-20,Pune,120,27.03,0.0,14.76
2023-06-21,Pune,120,25.35,0.0,16.27
2023-06-22,Pune,120,25.68,0.0,15.22
2023-06-23,Pune,120,27.58,0.0,18.66
2023-06-24,Pune,120,24.16,0.0,20.52
2023-06-25,Pune,120,26.09,6.04,15.53
2023-06-26,Pune,120,24.35,15.37,18.42
2023-06-27,Pune,120,26.68,2.78,16.28
2023-06-28,Pune,120,25.97,9.98,19.2
2023-06-29,Pune,120,25.3,6.33,17.79
2023-06-30,Pune,120,27.3,0.0,14.44
2023-07-01,Pune,120,25.55,0.0,12.88
2023-07-02,Pune,120,21.62,0.0,18.25
2023-07-03,Pune,120,24.95,21.56,17.48
2023-07-04,Pune,120,24.41,1.36,16.15
2023-07-05,Pune,120,24.16,20.53,19.16
2023-07-06,Pune,120,25.09,0.0,12.29
2023-07-07,Pune,120,25.8,0.0,17.72
2023-07-08,Pune,120,26.06,46.15,24.75
2023-07-09,Pune,120,27.87,15.69,19.42
2023-07-10,Pune,120,24.46,0.0,20.55
2023-07-11,Pune,120,23.42,0.0,16.14
2023-07-12,Pune,120,24.72,0.0,15.98
2023-07-13,Pune,120,25.31,0.0,14.73
2023-07-14,Pune,120,25.16,0.0,16.59
2023-07-15,Pune,120,27.7,0.0,15.52
2023-07-16,Pune,120,25.79,6.58,24.8
2023-07-17,Pune,120,29.97,0.26,21.06
2023-07-18,Pune,120,25.91,5.86,18.32
2023-07-19,Pune,120,23.8,8.43,21.72
2023-07-20,Pune,120,27.0,0.0,16.96
2023-07-21,Pune,120,24.3,0.0,15.78
2023-07-22,Pune,120,27.84,0.0,13.77
2023-07-23,Pune,120,27.14,0.0,21.3
2023-07-24,Pune,120,25.99,0.0,16.73
2023-07-25,Pune,120,28.46,0.0,21.95
2023-07-26,Pune,120,29.04,0.0,17.78
2023-07-27,Pune,120,29.94,0.0,19.02
2023-07-28,Pune,120,24.82,0.0,15.51
2023-07-29,Pune,120,25.92,9.4,19.11
2023-07-30,Pune,120,24.94,0.0,13.52
2023-07-31,Pune,120,24.74,8.52,12.06
2023-08-01,Pune,120,24.54,4.33,16.42
2023-08-02,Pune,120,21.63,0.0,15.24
2023-08-03,Pune,120,20.71,0.0,16.26
2023-08-04,Pune,120,21.97,0.0,17.97
2023-08-05,Pune,120,20.85,0.0,17.06
2023-08-06,Pune,120,22.56,1.87,14.16
2023-08-07,Pune,120,21.49,3.01,15.09
2023-08-08,Pune,120,20.35,5.89,14.2
2023-08-09,Pune,120,20.9,6.83,16.71
2023-08-10,Pune,120,22.12,6.96,16.7
2023-08-11,Pune,120,22.12,0.0,14.46
2023-08-12,Pune,120,19.37,0.0,12.78
2023-08-13,Pune,120,19.92,0.0,12.41
2023-08-14,Pune,120,21.09,8.24,17.13
2023-08-15,Pune,120,22.7,0.94,14.09
2023-08-16,Pune,120,22.02,0.0,12.3
2023-08-17,Pune,120,22.4,0.61,16.66
2023-08-18,Pune,120,21.1,3.13,9.13
2023-08-19,Pune,120,22.16,4.34,12.01
2023-08-20,Pune,120,21.24,0.0,14.34
2023-08-21,Pune,120,22.11,17.43,17.0
2023-08-22,Pune,120,23.28,2.82,15.74
2023-08-23,Pune,120,23.72,2.28,17.0
2023-08-24,Pune,120,26.28,0.0,15.87
2023-08-25,Pune,120,22.51,0.0,10.02
2023-08-26,Pune,120,25.74,0.0,9.88
2023-08-27,Pune,120,23.89,0.0,13.56
2023-08-28,Pune,120,24.12,1.38,15.88
2023-08-29,Pune,120,21.52,0.0,12.48
2023-08-30,Pune,120,22.87,0.0,13.08
2023-08-31,Pune,120,23.16,39.51,23.12
2023-09-01,Pune,120,23.89,0.0,9.61
2023-09-02,Pune,120,25.57,1.67,13.87
2023-09-03,Pune,120,23.69,2.23,15.17
2023-09-04,Pune,120,26.31,36.88,18.13
2023-09-05,Pune,120,25.86,9.6,15.5
2023-09-06,Pune,120,23.65,0.0,12.66
2023-09-07,Pune,120,22.83,0.0,10.85
2023-09-08,Pune,120,19.81,0.0,5.73
2023-09-09,Pune,120,18.7,0.0,11.38
2023-09-10,Pune,120,19.97,0.0,8.2
2023-09-11,Pune,120,24.46,0.0,11.42
2023-09-12,Pune,120,25.15,0.0,9.43
2023-09-13,Pune,120,23.24,0.0,9.96
2023-09-14,Pune,120,23.0,0.0,11.8
2023-09-15,Pune,120,21.07,10.25,12.16
2023-09-16,Pune,120,23.77,2.79,9.82
2023-09-17,Pune,120,23.36,4.52,13.37
2023-09-18,Pune,120,25.28,2.88,9.9
2023-09-19,Pune,120,25.35,0.0,12.82
2023-09-20,Pune,120,26.3,0.0,10.87
2023-09-21,Pune,120,26.77,0.0,11.84
2023-09-22,Pune,120,26.48,0.0,8.13
2023-09-23,Pune,120,24.53,0.0,11.32
2023-09-24,Pune,120,24.65,0.0,13.41
2023-09-25,Pune,120,25.25,0.0,15.0
2023-09-26,Pune,120,25.81,0.0,9.59
2023-09-27,Pune,120,25.38,0.0,14.0
2023-09-28,Pune,120,23.76,0.0,8.33
2023-09-29,Pune,120,24.12,5.49,12.73
2023-09-30,Pune,120,22.23,0.0,13.83
2023-10-01,Pune,120,27.2,0.0,9.54
2023-10-02,Pune,120,27.04,0.0,10.43
2023-10-03,Pune,120,24.33,0.0,10.66
2023-10-04,Pune,120,26.66,0.0,12.78
2023-10-05,Pune,120,26.82,0.0,12.75
2023-10-06,Pune,120,24.3,0.0,11.53
2023-10-07,Pune,120,24.61,0.0,7.03
2023-10-08,Pune,120,26.6,0.0,3.21
2023-10-09,Pune,120,25.84,0.0,8.15
2023-10-10,Pune,120,25.5,0.0,9.07
2023-10-11,Pune,120,26.07,9.18,13.36
2023-10-12,Pune,120,25.86,0.0,7.52
2023-10-13,Pune,120,27.35,0.0,8.26
2023-10-14,Pune,120,26.09,0.0,8.06
2023-10-15,Pune,120,26.95,0.0,13.1
2023-10-16,Pune,120,27.91,0.0,7.25
2023-10-17,Pune,120,27.77,20.92,12.14
2023-10-18,Pune,120,25.6,0.0,11.59
2023-10-19,Pune,120,24.93,0.0,7.52
2023-10-20,Pune,120,25.82,0.0,11.66
2023-10-21,Pune,120,28.17,0.0,6.22
2023-10-22,Pune,120,29.38,0.0,7.28
2023-10-23,Pune,120,29.61,0.0,6.66
2023-10-24,Pune,120,27.35,0.0,10.94
2023-10-25,Pune,120,29.07,0.0,9.93
2023-10-26,Pune,120,25.02,0.0,11.45
2023-10-27,Pune,120,26.66,2.55,9.46
2023-10-28,Pune,120,24.84,0.0,13.6
2023-10-29,Pune,120,28.0,0.0,13.61
2023-10-30,Pune,120,26.78,0.0,3.87
2023-10-31,Pune,120,27.46,0.0,8.21
2023-11-01,Pune,120,22.71,0.0,6.31
2023-11-02,Pune,120,24.09,0.0,7.61
2023-11-03,Pune,120,26.93,0.0,8.01
2023-11-04,Pune,120,25.67,0.0,5.53
2023-11-05,Pune,120,25.5,0.0,7.0
2023-11-06,Pune,120,24.17,0.0,13.98
2023-11-07,Pune,120,22.18,0.0,9.82
2023-11-08,Pune,120,22.14,0.0,11.06
2023-11-09,Pune,120,22.21,0.0,7.61
2023-11-10,Pune,120,22.08,0.0,4.67
2023-11-11,Pune,120,23.61,0.0,9.38
2023-11-12,Pune,120,22.1,0.0,5.31
2023-11-13,Pune,120,23.22,0.0,8.33
2023-11-14,Pune,120,20.11,0.0,6.5
2023-11-15,Pune,120,23.88,0.0,7.29
2023-11-16,Pune,120,22.32,0.0,3.22
2023-11-17,Pune,120,22.25,0.0,2.26
2023-11-18,Pune,120,23.74,40.28,8.54
2023-11-19,Pune,120,23.22,0.0,5.19
2023-11-20,Pune,120,25.65,0.0,3.89
2023-11-21,Pune,120,23.56,0.0,12.58
2023-11-22,Pune,120,22.4,0.0,13.96
2023-11-23,Pune,120,24.72,0.0,8.93
2023-11-24,Pune,120,23.94,0.0,8.84
2023-11-25,Pune,120,22.92,0.0,5.01
2023-11-26,Pune,120,23.89,0.0,7.83
2023-11-27,Pune,120,25.2,0.0,11.3
2023-11-28,Pune,120,23.77,0.0,8.51
2023-11-29,Pune,120,24.17,0.0,7.16
2023-11-30,Pune,120,20.47,0.0,8.95
2023-12-01,Pune,120,21.03,0.0,8.24
2023-12-02,Pune,120,20.84,0.0,4.07
2023-12-03,Pune,120,18.49,0.0,7.08
2023-12-04,Pune,120,22.79,0.0,6.43
2023-12-05,Pune,120,19.43,0.0,6.83
2023-12-06,Pune,120,20.16,0.0,6.11
2023-12-07,Pune,120,23.57,0.0,9.08
2023-12-08,Pune,120,22.55,0.0,7.9
2023-12-09,Pune,120,23.6,0.0,3.63
2023-12-10,Pune,120,23.89,0.0,5.19
2023-12-11,Pune,120,24.11,0.0,9.07
2023-12-12,Pune,120,22.36,0.0,6.56
2023-12-13,Pune,120,20.73,0.0,7.93
2023-12-14,Pune,120,21.7,0.0,8.46
2023-12-15,Pune,120,21.52,0.0,10.97
2023-12-16,Pune,120,22.92,0.0,5.91
2023-12-17,Pune,120,22.78,0.0,8.68
2023-12-18,Pune,120,21.83,0.0,3.39
2023-12-19,Pune,120,20.86,0.0,3.36
2023-12-20,Pune,120,19.41,0.0,3.23
2023-12-21,Pune,120,20.73,0.0,9.2
2023-12-22,Pune,120,20.43,0.0,7.17
2023-12-23,Pune,120,20.9,0.0,7.03
2023-12-24,Pune,120,19.17,0.0,6.56
2023-12-25,Pune,120,18.56,0.0,9.63
2023-12-26,Pune,120,22.22,0.0,4.45
2023-12-27,Pune,120,21.92,0.0,8.11
2023-12-28,Pune,120,19.98,0.0,5.86
2023-12-29,Pune,120,23.11,0.0,9.51
2023-12-30,Pune,120,23.61,0.0,7.75
2023-12-31,Pune,120,22.33,0.0,3.39
2024-01-01,Pune,120,21.19,0.0,5.11
2024-01-02,Pune,120,20.73,0.0,6.44
2024-01-03,Pune,120,17.46,0.0,2.68
2024-01-04,Pune,120,17.49,0.0,6.97
2024-01-05,Pune,120,20.16,0.0,6.33
2024-01-06,Pune,120,19.77,0.0,7.22
2024-01-07,Pune,120,21.5,0.0,4.46
2024-01-08,Pune,120,20.04,0.0,9.9
2024-01-09,Pune,120,19.68,0.0,8.61
2024-01-10,Pune,120,19.39,0.0,5.1
2024-01-11,Pune,120,19.93,0.0,10.31
2024-01-12,Pune,120,23.37,0.0,11.55
2024-01-13,Pune,120,21.77,0.0,9.71
2024-01-14,Pune,120,18.75,0.0,6.22
2024-01-15,Pune,120,19.2,0.0,4.05
2024-01-16,Pune,120,21.77,0.0,2.02
2024-01-17,Pune,120,21.33,0.0,3.15
2024-01-18,Pune,120,17.95,0.0,2.14
2024-01-19,Pune,120,19.49,0.0,8.21
2024-01-20,Pune,120,17.99,0.0,8.65
2024-01-21,Pune,120,19.27,0.0,8.61
2024-01-22,Pune,120,21.49,0.0,13.57
2024-01-23,Pune,120,23.7,0.0,6.87
2024-01-24,Pune,120,21.92,0.0,5.34
2024-01-25,Pune,120,21.94,0.0,2.34
2024-01-26,Pune,120,19.38,0.0,4.03
2024-01-27,Pune,120,23.56,0.0,3.89
2024-01-28,Pune,120,19.46,0.0,6.27
2024-01-29,Pune,120,19.4,0.0,2.76
2024-01-30,Pune,120,19.1,0.0,3.14
2024-01-31,Pune,120,19.97,0.0,4.52
2024-02-01,Pune,120,22.79,0.0,8.48
2024-02-02,Pune,120,19.84,0.0,4.9
2024-02-03,Pune,120,22.68,0.0,9.19
2024-02-04,Pune,120,20.83,0.0,9.51
2024-02-05,Pune,120,19.59,0.0,7.31
2024-02-06,Pune,120,20.0,0.0,10.28
2024-02-07,Pune,120,23.45,0.0,11.6
2024-02-08,Pune,120,20.8,0.0,9.63
2024-02-09,Pune,120,24.73,0.0,11.42
2024-02-10,Pune,120,24.62,0.0,14.03
2024-02-11,Pune,120,21.76,0.0,14.08
2024-02-12,Pune,120,19.8,0.0,10.05
2024-02-13,Pune,120,21.98,0.0,14.1
2024-02-14,Pune,120,22.45,0.0,9.71
2024-02-15,Pune,120,20.37,0.0,11.39
2024-02-16,Pune,120,22.19,0.0,6.74
2024-02-17,Pune,120,23.74,0.0,12.55
2024-02-18,Pune,120,24.68,0.0,8.43
2024-02-19,Pune,120,24.01,0.0,8.59
2024-02-20,Pune,120,23.45,0.0,10.58
2024-02-21,Pune,120,23.46,0.0,9.95
2024-02-22,Pune,120,27.33,0.0,3.59
2024-02-23,Pune,120,24.42,0.0,8.42
2024-02-24,Pune,120,25.71,0.0,11.54
2024-02-25,Pune,120,24.21,0.0,12.13
2024-02-26,Pune,120,25.27,0.0,6.35
2024-02-27,Pune,120,22.84,0.0,12.91
2024-02-28,Pune,120,22.01,0.0,14.23
2024-02-29,Pune,120,23.09,0.0,10.99
2024-03-01,Pune,120,26.44,0.0,8.18
2024-03-02,Pune,120,28.43,0.0,6.96
2024-03-03,Pune,120,27.11,0.0,7.5
2024-03-04,Pune,120,26.76,0.0,5.87
2024-03-05,Pune,120,23.93,0.0,10.44
2024-03-06,Pune,120,24.94,0.0,6.75
2024-03-07,Pune,120,26.48,0.0,12.02
2024-03-08,Pune,120,23.89,0.0,7.44
2024-03-09,Pune,120,23.4,0.0,8.83
2024-03-10,Pune,120,25.48,0.0,9.93
2024-03-11,Pune,120,22.36,0.0,12.77
2024-03-12,Pune,120,23.37,0.0,8.4
2024-03-13,Pune,120,26.77,0.0,8.56
2024-03-14,Pune,120,26.47,0.0,10.26
2024-03-15,Pune,120,26.56,0.0,8.9
2024-03-16,Pune,120,26.94,0.0,8.2
2024-03-17,Pune,120,24.13,0.0,9.01
2024-03-18,Pune,120,24.17,0.0,10.25
2024-03-19,Pune,120,26.39,0.0,9.92
2024-03-20,Pune,120,26.88,0.0,4.9
2024-03-21,Pune,120,29.22,0.0,4.33
2024-03-22,Pune,120,27.48,0.0,0.96
2024-03-23,Pune,120,27.52,2.42,6.58
2024-03-24,Pune,120,25.71,0.0,7.04
2024-03-25,Pune,120,27.22,0.0,6.46
2024-03-26,Pune,120,26.32,0.0,6.64
2024-03-27,Pune,120,27.88,0.0,6.61
2024-03-28,Pune,120,28.98,0.0,3.31
2024-03-29,Pune,120,25.75,0.0,5.47
2024-03-30,Pune,120,28.27,0.0,9.04
2024-03-31,Pune,120,25.97,0.0,11.92
2024-04-01,Pune,120,31.63,0.0,12.43
2024-04-02,Pune,120,32.67,0.0,11.24
2024-04-03,Pune,120,32.53,0.0,5.68
2024-04-04,Pune,120,31.88,0.0,12.25
2024-04-05,Pune,120,30.59,0.0,9.6
2024-04-06,Pune,120,30.98,0.0,7.59
2024-04-07,Pune,120,28.25,0.0,8.71
2024-04-08,Pune,120,27.4,0.0,9.46
2024-04-09,Pune,120,29.15,0.0,9.21
2024-04-10,Pune,120,31.31,0.0,8.7
2024-04-11,Pune,120,28.94,0.0,6.79
2024-04-12,Pune,120,27.35,0.0,8.35
2024-04-13,Pune,120,26.66,0.0,6.6
2024-04-14,Pune,120,27.64,0.0,10.46
2024-04-15,Pune,120,32.13,0.0,10.03
2024-04-16,Pune,120,28.35,0.0,10.71
2024-04-17,Pune,120,27.79,0.0,14.77
2024-04-18,Pune,120,30.3,0.0,15.51
2024-04-19,Pune,120,29.96,0.0,8.74
2024-04-20,Pune,120,30.24,0.0,9.3
2024-04-21,Pune,120,27.05,0.0,10.1
2024-04-22,Pune,120,27.62,0.0,10.16
2024-04-23,Pune,120,26.31,0.0,15.38
2024-04-24,Pune,120,30.74,0.0,10.67
2024-04-25,Pune,120,29.26,0.0,12.9
2024-04-26,Pune,120,30.22,0.0,15.74
2024-04-27,Pune,120,29.36,0.0,12.02
2024-04-28,Pune,120,30.26,0.0,11.5
2024-04-29,Pune,120,33.39,0.0,11.51
2024-04-30,Pune,120,35.31,0.0,11.58
2024-05-01,Pune,120,32.89,8.55,16.05
2024-05-02,Pune,120,29.68,0.0,12.69
2024-05-03,Pune,120,28.51,0.0,16.84
2024-05-04,Pune,120,30.05,0.0,12.36
2024-05-05,Pune,120,30.51,0.0,10.39
2024-05-06,Pune,120,32.46,0.0,16.09
2024-05-07,Pune,120,31.12,0.0,11.78
2024-05-08,Pune,120,29.71,0.0,15.07
2024-05-09,Pune,120,27.06,0.0,18.6
2024-05-10,Pune,120,32.88,0.0,19.7
2024-05-11,Pune,120,30.75,0.0,12.25
2024-05-12,Pune,120,30.28,1.11,14.34
2024-05-13,Pune,120,29.29,21.04,17.46
2024-05-14,Pune,120,31.5,0.0,10.68
2024-05-15,Pune,120,29.99,0.0,9.44
2024-05-16,Pune,120,28.37,0.0,9.31
2024-05-17,Pune,120,28.75,0.0,9.47
2024-05-18,Pune,120,28.78,0.0,13.43
2024-05-19,Pune,120,32.29,0.0,9.97
2024-05-20,Pune,120,31.17,0.0,11.36
2024-05-21,Pune,120,31.41,0.0,11.44
2024-05-22,Pune,120,30.89,0.0,11.87
2024-05-23,Pune,120,29.59,0.0,11.82
2024-05-24,Pune,120,31.52,0.0,15.81
2024-05-25,Pune,120,30.71,0.0,15.96
2024-05-26,Pune,120,31.14,0.0,15.21
2024-05-27,Pune,120,29.4,0.0,14.78
2024-05-28,Pune,120,31.57,0.0,15.34
2024-05-29,Pune,120,28.41,0.0,11.78
2024-05-30,Pune,120,32.18,0.0,12.89
2024-05-31,Pune,120,33.4,0.0,14.75
2024-06-01,Pune,120,29.51,3.64,16.64
2024-06-02,Pune,120,27.5,6.89,15.51
2024-06-03,Pune,120,28.0,38.07,19.3
2024-06-04,Pune,120,26.73,15.3,18.19
2024-06-05,Pune,120,28.02,13.55,16.6
2024-06-06,Pune,120,22.61,7.02,19.28
2024-06-07,Pune,120,26.16,3.53,12.91
2024-06-08,Pune,120,22.28,0.0,12.68
2024-06-09,Pune,120,26.38,2.29,17.14
2024-06-10,Pune,120,26.02,18.08,16.64
2024-06-11,Pune,120,27.73,0.0,13.73
2024-06-12,Pune,120,25.41,0.0,18.09
2024-06-13,Pune,120,24.87,0.0,11.05
2024-06-14,Pune,120,22.8,0.0,19.51
2024-06-15,Pune,120,24.89,0.0,12.7
2024-06-16,Pune,120,25.38,5.36,19.52
2024-06-17,Pune,120,25.63,0.0,17.01
2024-06-18,Pune,120,25.1,0.0,19.5
2024-06-19,Pune,120,24.65,0.0,17.66
2024-06-20,Pune,120,26.11,6.47,15.79
2024-06-21,Pune,120,24.74,0.0,14.31
2024-06-22,Pune,120,22.22,0.0,15.5
2024-06-23,Pune,120,24.16,0.0,12.79
2024-06-24,Pune,120,22.03,0.0,12.51
2024-06-25,Pune,120,21.05,0.0,13.27
2024-06-26,Pune,120,25.66,0.0,14.51
2024-06-27,Pune,120,25.69,0.0,13.88
2024-06-28,Pune,120,24.14,0.0,14.83
2024-06-29,Pune,120,25.89,0.0,12.38
2024-06-30,Pune,120,24.93,0.0,16.17
2024-07-01,Pune,120,22.43,0.0,15.58
2024-07-02,Pune,120,23.2,0.0,12.24
2024-07-03,Pune,120,23.26,0.0,15.6
2024-07-04,Pune,120,21.8,0.0,14.79
2024-07-05,Pune,120,24.57,14.48,17.52
2024-07-06,Pune,120,22.26,10.25,17.51
2024-07-07,Pune,120,26.19,2.92,12.54
2024-07-08,Pune,120,24.12,1.15,14.66
2024-07-09,Pune,120,24.28,0.0,13.83
2024-07-10,Pune,120,23.45,0.0,20.65
2024-07-11,Pune,120,22.96,0.0,17.68
2024-07-12,Pune,120,24.07,0.0,15.54
2024-07-13,Pune,120,27.16,0.0,17.94
2024-07-14,Pune,120,25.91,0.0,16.65
2024-07-15,Pune,120,24.4,0.0,12.84
2024-07-16,Pune,120,24.24,25.06,20.65
2024-07-17,Pune,120,26.28,0.0,17.65
2024-07-18,Pune,120,26.69,0.0,20.14
2024-07-19,Pune,120,25.38,2.22,21.58
2024-07-20,Pune,120,25.2,10.08,23.56
2024-07-21,Pune,120,24.75,13.54,20.62
2024-07-22,Pune,120,26.07,2.23,14.86
2024-07-23,Pune,120,27.79,0.91,15.69
2024-07-24,Pune,120,25.92,11.08,23.22
2024-07-25,Pune,120,22.87,0.0,23.22
2024-07-26,Pune,120,25.57,0.0,14.22
2024-07-27,Pune,120,26.36,0.0,17.29
2024-07-28,Pune,120,22.18,0.0,14.86
2024-07-29,Pune,120,24.53,19.81,24.07
2024-07-30,Pune,120,23.62,0.0,15.97
2024-07-31,Pune,120,21.16,0.0,20.34
2024-08-01,Pune,120,20.72,0.0,15.73
2024-08-02,Pune,120,22.8,18.02,14.76
2024-08-03,Pune,120,23.53,2.04,11.62
2024-08-04,Pune,120,23.95,4.72,8.9
2024-08-05,Pune,120,25.7,23.85,14.54
2024-08-06,Pune,120,28.39,9.02,7.05
2024-08-07,Pune,120,26.49,3.42,10.39
2024-08-08,Pune,120,25.6,7.78,14.07
2024-08-09,Pune,120,22.77,6.69,14.74
2024-08-10,Pune,120,23.02,0.33,14.85
2024-08-11,Pune,120,25.15,22.26,18.66
2024-08-12,Pune,120,24.99,20.52,15.02
2024-08-13,Pune,120,24.42,6.47,14.16
2024-08-14,Pune,120,25.22,3.12,10.51
2024-08-15,Pune,120,23.13,2.03,10.81
2024-08-16,Pune,120,23.26,0.0,10.19
2024-08-17,Pune,120,25.99,0.0,15.18
2024-08-18,Pune,120,25.33,0.0,17.14
2024-08-19,Pune,120,26.26,0.0,13.06
2024-08-20,Pune,120,27.47,0.0,14.85
2024-08-21,Pune,120,24.77,0.0,14.81
2024-08-22,Pune,120,24.8,0.0,17.57
2024-08-23,Pune,120,25.48,0.0,17.86
2024-08-24,Pune,120,22.83,0.0,16.38
2024-08-25,Pune,120,21.52,0.24,14.83
2024-08-26,Pune,120,23.38,0.0,12.48
2024-08-27,Pune,120,23.04,0.0,14.69
2024-08-28,Pune,120,21.52,0.0,15.62
2024-08-29,Pune,120,21.9,10.32,14.62
2024-08-30,Pune,120,20.18,3.37,16.0
2024-08-31,Pune,120,20.75,0.55,11.17
2024-09-01,Pune,120,22.69,5.81,16.65
2024-09-02,Pune,120,21.19,9.78,10.94
2024-09-03,Pune,120,22.79,0.0,11.25
2024-09-04,Pune,120,25.22,3.89,12.99
2024-09-05,Pune,120,22.23,20.5,11.15
2024-09-06,Pune,120,23.79,0.0,8.24
2024-09-07,Pune,120,26.54,16.45,10.33
2024-09-08,Pune,120,22.08,7.06,7.72
2024-09-09,Pune,120,23.06,12.87,9.35
2024-09-10,Pune,120,23.64,3.77,8.62
2024-09-11,Pune,120,25.3,11.88,9.59
2024-09-12,Pune,120,27.6,20.4,15.59
2024-09-13,Pune,120,27.45,2.58,11.49
2024-09-14,Pune,120,27.45,5.24,8.75
2024-09-15,Pune,120,27.37,9.39,5.5
2024-09-16,Pune,120,25.37,3.99,9.04
2024-09-17,Pune,120,27.26,2.39,6.07
2024-09-18,Pune,120,27.92,11.37,10.17
2024-09-19,Pune,120,27.6,7.62,13.56
2024-09-20,Pune,120,28.7,11.78,12.2
2024-09-21,Pune,120,27.02,6.73,9.34
2024-09-22,Pune,120,27.19,0.0,10.28
2024-09-23,Pune,120,28.72,0.0,8.9
2024-09-24,Pune,120,29.31,0.0,9.32
2024-09-25,Pune,120,26.23,0.0,9.98
2024-09-26,Pune,120,29.8,0.0,8.78
2024-09-27,Pune,120,25.54,0.0,7.64
2024-09-28,Pune,120,25.09,0.0,9.91
2024-09-29,Pune,120,25.24,0.0,10.66
2024-09-30,Pune,120,26.87,0.0,12.92
2024-10-01,Pune,120,27.81,0.0,7.56
2024-10-02,Pune,120,26.99,0.0,7.6
2024-10-03,Pune,120,25.27,1.02,6.34
2024-10-04,Pune,120,27.32,0.0,7.09
2024-10-05,Pune,120,23.48,0.0,10.36
2024-10-06,Pune,120,23.72,25.5,8.02
2024-10-07,Pune,120,26.08,0.0,13.99
2024-10-08,Pune,120,27.76,0.0,10.63
2024-10-09,Pune,120,24.34,0.0,13.56
2024-10-10,Pune,120,25.71,0.0,10.48
2024-10-11,Pune,120,24.96,2.93,9.87
2024-10-12,Pune,120,27.08,0.0,6.0
2024-10-13,Pune,120,27.08,0.0,8.44
2024-10-14,Pune,120,26.64,0.0,5.81
2024-10-15,Pune,120,26.4,0.0,5.87
2024-10-16,Pune,120,26.67,0.0,9.78
2024-10-17,Pune,120,24.82,0.0,8.32
2024-10-18,Pune,120,26.72,0.0,9.83
2024-10-19,Pune,120,29.73,0.0,6.66
2024-10-20,Pune,120,24.73,0.0,1.2
2024-10-21,Pune,120,26.18,0.0,8.68
2024-10-22,Pune,120,24.77,7.24,15.91
2024-10-23,Pune,120,27.42,7.63,11.29
2024-10-24,Pune,120,24.83,0.0,7.07
2024-10-25,Pune,120,25.99,0.0,8.06
2024-10-26,Pune,120,25.23,0.0,11.68
2024-10-27,Pune,120,29.34,0.0,10.36
2024-10-28,Pune,120,33.32,0.0,8.16
2024-10-29,Pune,120,28.28,49.42,19.84
2024-10-30,Pune,120,28.28,5.43,6.62
2024-10-31,Pune,120,30.9,4.26,5.94
2024-11-01,Pune,120,24.61,0.0,9.05
2024-11-02,Pune,120,21.52,0.0,7.8
2024-11-03,Pune,120,22.15,22.68,10.0
2024-11-04,Pune,120,24.45,0.0,6.52
2024-11-05,Pune,120,24.25,0.0,5.72
2024-11-06,Pune,120,21.35,0.0,7.18
2024-11-07,Pune,120,20.21,0.0,5.09
2024-11-08,Pune,120,22.79,0.0,4.72
2024-11-09,Pune,120,21.11,0.0,11.7
2024-11-10,Pune,120,22.95,0.0,5.89
2024-11-11,Pune,120,23.75,0.0,4.3
2024-11-12,Pune,120,22.7,0.0,6.65
2024-11-13,Pune,120,24.09,0.0,7.71
2024-11-14,Pune,120,24.12,0.0,5.64
2024-11-15,Pune,120,22.17,0.0,4.61
2024-11-16,Pune,120,22.09,0.0,6.06
2024-11-17,Pune,120,22.42,0.0,4.78
2024-11-18,Pune,120,21.6,0.0,6.94
2024-11-19,Pune,120,21.22,0.0,10.38
2024-11-20,Pune,120,23.45,0.0,11.41
2024-11-21,Pune,120,24.17,0.0,6.24
2024-11-22,Pune,120,22.35,0.0,6.99
2024-11-23,Pune,120,24.22,0.0,6.57
2024-11-24,Pune,120,19.55,0.0,2.41
2024-11-25,Pune,120,19.18,0.0,1.96
2024-11-26,Pune,120,20.23,0.0,10.55
2024-11-27,Pune,120,23.79,0.0,4.63
2024-11-28,Pune,120,25.13,0.0,13.89
2024-11-29,Pune,120,23.85,0.0,7.63
2024-11-30,Pune,120,24.76,0.0,7.87
2024-12-01,Pune,120,24.45,0.0,7.0
2024-12-02,Pune,120,24.19,0.0,6.61
2024-12-03,Pune,120,23.68,0.0,9.06
2024-12-04,Pune,120,24.45,0.0,8.92
2024-12-05,Pune,120,24.97,0.0,8.0
2024-12-06,Pune,120,23.37,0.0,8.93
2024-12-07,Pune,120,21.9,0.0,10.05
2024-12-08,Pune,120,22.13,0.0,12.39
2024-12-09,Pune,120,23.45,0.0,6.17
2024-12-10,Pune,120,25.75,0.0,4.21
2024-12-11,Pune,120,25.19,0.0,5.65
2024-12-12,Pune,120,21.59,0.0,5.77
2024-12-13,Pune,120,21.79,0.0,8.1
2024-12-14,Pune,120,20.29,0.0,5.17
2024-12-15,Pune,120,19.57,0.0,4.65
2024-12-16,Pune,120,21.86,0.0,7.16
2024-12-17,Pune,120,21.49,0.0,6.16
2024-12-18,Pune,120,16.9,0.0,7.04
2024-12-19,Pune,120,21.93,0.0,9.47
2024-12-20,Pune,120,19.07,0.0,6.95
2024-12-21,Pune,120,20.24,0.0,14.35
2024-12-22,Pune,120,20.86,0.0,10.37
2024-12-23,Pune,120,21.11,0.0,9.31
2024-12-24,Pune,120,16.98,0.0,5.96
2024-12-25,Pune,120,20.67,0.0,3.69
2024-12-26,Pune,120,21.24,0.0,2.51
2024-12-27,Pune,120,21.73,0.0,10.0
2024-12-28,Pune,120,24.05,0.0,7.53
2024-12-29,Pune,120,22.1,0.0,7.85
2024-12-30,Pune,120,20.88,0.0,10.64
2024-12-31,Pune,120,18.99,0.0,9.75
2025-01-01,Pune,120,18.48,0.0,10.06
2025-01-02,Pune,120,18.87,0.0,2.94
2025-01-03,Pune,120,20.47,0.0,10.75
2025-01-04,Pune,120,17.37,0.0,7.06
2025-01-05,Pune,120,18.57,0.0,6.25
2025-01-06,Pune,120,17.29,4.02,11.38
2025-01-07,Pune,120,21.93,0.0,6.27
2025-01-08,Pune,120,18.86,0.0,7.29
2025-01-09,Pune,120,19.94,1.71,13.44
2025-01-10,Pune,120,18.08,0.0,9.93
2025-01-11,Pune,120,19.54,0.0,11.81
2025-01-12,Pune,120,17.88,0.0,11.16
2025-01-13,Pune,120,17.19,0.0,11.75
2025-01-14,Pune,120,19.42,0.0,7.65
2025-01-15,Pune,120,23.15,0.0,4.45
2025-01-16,Pune,120,23.56,0.0,8.65
2025-01-17,Pune,120,24.93,0.0,11.57
2025-01-18,Pune,120,24.43,0.0,8.98
2025-01-19,Pune,120,22.2,0.0,6.52
2025-01-20,Pune,120,23.97,0.0,8.29
2025-01-21,Pune,120,24.19,0.0,9.16
2025-01-22,Pune,120,22.75,0.0,8.44
2025-01-23,Pune,120,21.41,0.0,4.07
2025-01-24,Pune,120,21.22,0.0,8.58
2025-01-25,Pune,120,21.63,0.0,9.34
2025-01-26,Pune,120,20.63,0.0,9.68
2025-01-27,Pune,120,20.85,0.0,6.39
2025-01-28,Pune,120,18.17,0.0,8.73
2025-01-29,Pune,120,23.41,0.0,10.97
2025-01-30,Pune,120,21.21,0.0,10.74
2025-01-31,Pune,120,21.5,0.0,8.68
2025-02-01,Pune,120,26.39,0.0,8.99
2025-02-02,Pune,120,25.73,0.0,7.03
2025-02-03,Pune,120,22.41,0.0,7.46
2025-02-04,Pune,120,22.34,0.0,7.89
2025-02-05,Pune,120,24.85,0.0,11.89
2025-02-06,Pune,120,25.0,0.0,10.4
2025-02-07,Pune,120,23.84,0.0,12.66
2025-02-08,Pune,120,26.21,0.0,9.17
2025-02-09,Pune,120,23.6,0.13,9.36
2025-02-10,Pune,120,20.85,0.0,9.84
2025-02-11,Pune,120,24.33,0.0,7.38
2025-02-12,Pune,120,24.2,0.0,6.57
2025-02-13,Pune,120,22.84,0.0,5.3
2025-02-14,Pune,120,21.48,0.0,3.48
2025-02-15,Pune,120,21.12,0.0,10.66
2025-02-16,Pune,120,21.58,0.0,10.57
2025-02-17,Pune,120,24.21,0.0,12.83
2025-02-18,Pune,120,25.76,0.0,6.24
2025-02-19,Pune,120,24.06,0.0,9.35
2025-02-20,Pune,120,24.36,0.0,7.32
2025-02-21,Pune,120,23.61,0.0,10.25
2025-02-22,Pune,120,21.81,0.0,12.94
2025-02-23,Pune,120,23.2,0.0,7.98
2025-02-24,Pune,120,22.6,0.0,11.34
2025-02-25,Pune,120,17.31,0.0,10.26
2025-02-26,Pune,120,19.12,0.0,2.88
2025-02-27,Pune,120,19.23,0.0,6.06
2025-02-28,Pune,120,20.54,0.0,8.71
2025-03-01,Pune,120,26.46,0.0,9.0
2025-03-02,Pune,120,27.68,0.0,12.82
2025-03-03,Pune,120,27.01,0.0,13.07
2025-03-04,Pune,120,27.51,0.0,12.73
2025-03-05,Pune,120,25.08,0.0,14.68
2025-03-06,Pune,120,24.28,0.0,14.21
2025-03-07,Pune,120,24.24,0.0,9.74
2025-03-08,Pune,120,24.03,0.0,8.04
2025-03-09,Pune,120,26.08,0.0,7.02
2025-03-10,Pune,120,23.29,0.0,3.93
2025-03-11,Pune,120,23.15,0.0,7.84
2025-03-12,Pune,120,23.9,0.0,11.24
2025-03-13,Pune,120,26.95,0.0,8.86
2025-03-14,Pune,120,28.1,0.0,12.11
2025-03-15,Pune,120,26.01,0.0,11.93
2025-03-16,Pune,120,26.57,0.0,11.19
2025-03-17,Pune,120,28.01,0.0,8.4
2025-03-18,Pune,120,29.68,0.0,7.57
2025-03-19,Pune,120,27.6,0.0,6.13
2025-03-20,Pune,120,28.24,0.0,11.16
2025-03-21,Pune,120,29.06,0.0,11.33
2025-03-22,Pune,120,25.56,0.0,6.36
2025-03-23,Pune,120,28.29,0.0,11.21
2025-03-24,Pune,120,26.49,0.0,9.48
2025-03-25,Pune,120,26.89,0.0,8.62
2025-03-26,Pune,120,24.1,0.0,7.89
2025-03-27,Pune,120,28.96,0.0,7.95
2025-03-28,Pune,120,26.09,0.0,8.36
2025-03-29,Pune,120,25.3,0.0,10.83
2025-03-30,Pune,120,23.8,0.0,9.6
2025-03-31,Pune,120,24.65,0.0,11.42
2025-04-01,Pune,120,27.67,0.0,14.21
2025-04-02,Pune,120,28.05,0.0,12.3
2025-04-03,Pune,120,30.21,0.0,14.09
2025-04-04,Pune,120,29.17,0.0,13.56
2025-04-05,Pune,120,30.42,0.0,13.95
2025-04-06,Pune,120,30.76,0.0,11.6
2025-04-07,Pune,120,30.47,0.0,12.84
2025-04-08,Pune,120,32.43,0.0,16.83
2025-04-09,Pune,120,35.15,0.0,11.63
2025-04-10,Pune,120,31.22,0.0,11.89
2025-04-11,Pune,120,33.24,0.0,9.89
2025-04-12,Pune,120,28.51,0.0,7.73
2025-04-13,Pune,120,29.9,0.0,11.61
2025-04-14,Pune,120,28.79,0.0,11.37
2025-04-15,Pune,120,32.39,0.0,9.18
2025-04-16,Pune,120,30.15,0.0,13.85
2025-04-17,Pune,120,30.43,0.0,18.77
2025-04-18,Pune,120,26.9,0.0,14.04
2025-04-19,Pune,120,27.49,0.0,10.07
2025-04-20,Pune,120,27.33,0.0,12.34
2025-04-21,Pune,120,25.89,0.0,13.72
2025-04-22,Pune,120,27.24,0.0,10.32
2025-04-23,Pune,120,28.92,0.0,12.3
2025-04-24,Pune,120,28.86,0.0,17.03
2025-04-25,Pune,120,27.47,0.0,14.55
2025-04-26,Pune,120,28.02,0.0,11.25
2025-04-27,Pune,120,29.25,0.0,14.79
2025-04-28,Pune,120,30.82,0.0,10.74
2025-04-29,Pune,120,31.61,0.0,13.26
2025-04-30,Pune,120,28.66,0.0,9.03
2025-05-01,Pune,120,32.02,0.0,15.79
2025-05-02,Pune,120,32.15,0.0,12.24
2025-05-03,Pune,120,29.89,0.0,13.07
2025-05-04,Pune,120,29.61,0.0,11.61
2025-05-05,Pune,120,33.94,0.0,14.09
2025-05-06,Pune,120,33.41,5.14,13.49
2025-05-07,Pune,120,35.95,0.0,15.48
2025-05-08,Pune,120,34.62,0.0,15.33
2025-05-09,Pune,120,33.08,0.0,9.78
2025-05-10,Pune,120,31.68,0.0,12.45
2025-05-11,Pune,120,31.86,0.0,11.16
2025-05-12,Pune,120,37.25,0.0,13.33
2025-05-13,Pune,120,31.9,0.0,10.7
2025-05-14,Pune,120,33.78,0.0,12.36
2025-05-15,Pune,120,34.55,0.0,14.5
2025-05-16,Pune,120,33.34,0.0,9.56
2025-05-17,Pune,120,35.19,0.0,10.74
2025-05-18,Pune,120,32.95,0.0,10.76
2025-05-19,Pune,120,29.16,0.0,15.47
2025-05-20,Pune,120,32.01,0.0,16.09
2025-05-21,Pune,120,30.94,0.0,11.56
2025-05-22,Pune,120,32.11,0.0,12.61
2025-05-23,Pune,120,33.18,0.0,16.52
2025-05-24,Pune,120,35.38,0.0,12.07
2025-05-25,Pune,120,34.35,0.0,13.59
2025-05-26,Pune,120,32.65,0.0,10.43
2025-05-27,Pune,120,33.0,0.0,14.21
2025-05-28,Pune,120,34.89,0.0,11.96
2025-05-29,Pune,120,36.59,0.0,11.53
2025-05-30,Pune,120,36.35,0.0,12.79
2025-05-31,Pune,120,34.57,0.0,9.21
2025-06-01,Pune,120,28.25,1.12,10.55
2025-06-02,Pune,120,27.87,1.11,14.73
2025-06-03,Pune,120,30.34,9.97,15.85
2025-06-04,Pune,120,27.79,0.0,15.52
2025-06-05,Pune,120,29.1,0.0,17.78
2025-06-06,Pune,120,25.85,0.0,18.16
2025-06-07,Pune,120,27.44,0.0,14.69
2025-06-08,Pune,120,26.56,0.0,16.49
2025-06-09,Pune,120,28.41,0.0,16.9
2025-06-10,Pune,120,27.97,0.0,15.72
2025-06-11,Pune,120,26.57,0.0,18.63
2025-06-12,Pune,120,27.34,0.0,15.38
2025-06-13,Pune,120,26.86,0.0,11.59
2025-06-14,Pune,120,28.12,2.38,11.94
2025-06-15,Pune,120,25.92,0.0,11.03
2025-06-16,Pune,120,28.15,0.0,13.11
2025-06-17,Pune,120,28.28,0.0,17.63
2025-06-18,Pune,120,25.85,0.0,11.49
2025-06-19,Pune,120,25.83,0.0,15.83
2025-06-20,Pune,120,26.94,0.0,16.91
2025-06-21,Pune,120,29.76,30.46,21.43
2025-06-22,Pune,120,31.54,41.2,21.67
2025-06-23,Pune,120,29.84,2.5,17.81
2025-06-24,Pune,120,30.04,0.0,15.65
2025-06-25,Pune,120,30.2,0.0,14.82
2025-06-26,Pune,120,27.48,0.0,12.98
2025-06-27,Pune,120,29.36,0.0,15.62
2025-06-28,Pune,120,27.39,0.0,16.31
2025-06-29,Pune,120,27.36,0.0,14.72
2025-06-30,Pune,120,28.75,0.0,10.87
2025-07-01,Pune,120,27.09,0.0,17.47
2025-07-02,Pune,120,26.22,0.0,17.2
2025-07-03,Pune,120,24.4,0.94,18.01
2025-07-04,Pune,120,25.01,29.89,27.98
2025-07-05,Pune,120,27.06,13.63,16.94
2025-07-06,Pune,120,24.83,4.98,17.77
2025-07-07,Pune,120,27.49,31.77,17.46
2025-07-08,Pune,120,26.24,0.0,12.0
2025-07-09,Pune,120,23.4,0.0,14.33
2025-07-10,Pune,120,22.7,0.0,7.83
2025-07-11,Pune,120,24.61,22.41,20.85
2025-07-12,Pune,120,26.67,10.19,22.34
2025-07-13,Pune,120,25.06,6.6,20.03
2025-07-14,Pune,120,25.68,5.6,13.86
2025-07-15,Pune,120,24.85,8.99,17.55
2025-07-16,Pune,120,25.14,1.77,12.31
2025-07-17,Pune,120,22.57,15.23,21.96
2025-07-18,Pune,120,27.14,18.16,18.38
2025-07-19,Pune,120,24.51,13.9,22.66
2025-07-20,Pune,120,24.62,18.21,19.53
2025-07-21,Pune,120,25.56,0.41,10.62
2025-07-22,Pune,120,20.72,10.93,14.0
2025-07-23,Pune,120,24.07,0.0,12.31
2025-07-24,Pune,120,25.57,0.0,15.79
2025-07-25,Pune,120,25.4,0.0,12.72
2025-07-26,Pune,120,22.37,0.0,16.06
2025-07-27,Pune,120,23.49,0.0,12.64
2025-07-28,Pune,120,26.28,3.28,14.65
2025-07-29,Pune,120,25.66,10.4,16.04
2025-07-30,Pune,120,25.04,9.79,15.21
2025-07-31,Pune,120,25.58,21.98,19.82
2025-08-01,Pune,120,26.11,2.0,15.5
2025-08-02,Pune,120,23.67,38.76,17.07
2025-08-03,Pune,120,22.71,1.84,17.58
2025-08-04,Pune,120,23.34,0.0,20.6
2025-08-05,Pune,120,24.75,0.0,16.46
2025-08-06,Pune,120,24.33,0.0,13.64
2025-08-07,Pune,120,23.67,0.0,16.21
2025-08-08,Pune,120,21.75,0.0,16.22
2025-08-09,Pune,120,22.82,0.0,15.99
2025-08-10,Pune,120,27.59,0.0,13.18
2025-08-11,Pune,120,25.23,0.0,17.7
2025-08-12,Pune,120,26.56,0.0,15.83
2025-08-13,Pune,120,24.63,0.0,14.31
2025-08-14,Pune,120,25.99,0.0,12.14
2025-08-15,Pune,120,27.72,0.0,15.33
2025-08-16,Pune,120,28.27,0.0,14.66
2025-08-17,Pune,120,26.34,0.0,12.79
2025-08-18,Pune,120,25.58,0.0,12.6
2025-08-19,Pune,120,26.76,0.0,17.09
2025-08-20,Pune,120,25.2,6.28,16.48
2025-08-21,Pune,120,26.38,21.79,17.52
2025-08-22,Pune,120,21.69,6.96,12.45
2025-08-23,Pune,120,23.93,12.08,10.72
2025-08-24,Pune,120,23.57,0.0,11.42
2025-08-25,Pune,120,25.14,1.66,8.03
2025-08-26,Pune,120,24.77,3.08,13.02
2025-08-27,Pune,120,24.9,5.99,11.31
2025-08-28,Pune,120,27.43,0.0,18.34
2025-08-29,Pune,120,23.96,0.0,9.71
2025-08-30,Pune,120,25.76,0.0,15.57
2025-08-31,Pune,120,23.69,0.0,12.71
2025-09-01,Pune,120,24.57,0.0,8.33
2025-09-02,Pune,120,23.31,9.05,13.98
2025-09-03,Pune,120,27.37,6.93,11.57
2025-09-04,Pune,120,25.78,2.33,15.69
2025-09-05,Pune,120,23.05,8.38,15.3
2025-09-06,Pune,120,24.93,0.0,6.47
2025-09-07,Pune,120,22.74,0.0,10.9
2025-09-08,Pune,120,23.56,0.0,10.55
2025-09-09,Pune,120,20.25,0.0,9.01
2025-09-10,Pune,120,23.48,0.0,8.72
2025-09-11,Pune,120,24.16,0.0,9.33
2025-09-12,Pune,120,25.57,0.0,11.7
2025-09-13,Pune,120,24.99,5.96,13.35
2025-09-14,Pune,120,26.4,11.67,12.62
2025-09-15,Pune,120,24.93,0.0,12.07
2025-09-16,Pune,120,25.64,0.0,11.1
2025-09-17,Pune,120,26.72,0.0,12.6
2025-09-18,Pune,120,27.45,18.28,12.54
2025-09-19,Pune,120,25.07,0.0,10.08
2025-09-20,Pune,120,26.19,0.0,14.92
2025-09-21,Pune,120,23.92,0.0,13.81
2025-09-22,Pune,120,24.47,0.0,12.75
2025-09-23,Pune,120,23.28,0.0,11.6
2025-09-24,Pune,120,24.89,0.0,11.75
2025-09-25,Pune,120,24.84,0.0,9.59
2025-09-26,Pune,120,26.25,0.0,10.12
2025-09-27,Pune,120,25.64,3.25,14.59
2025-09-28,Pune,120,25.49,41.58,13.19
2025-09-29,Pune,120,24.62,4.39,12.15
2025-09-30,Pune,120,25.69,10.38,14.62
2023-01-01,Pune,168,23.59,0.0,9.18
2023-01-02,Pune,168,21.4,0.0,5.17
2023-01-03,Pune,168,23.26,0.0,12.73
2023-01-04,Pune,168,19.55,0.0,9.22
2023-01-05,Pune,168,19.06,0.0,5.13
2023-01-06,Pune,168,20.15,0.0,3.74
2023-01-07,Pune,168,17.98,0.0,7.62
2023-01-08,Pune,168,20.56,0.0,10.39
2023-01-09,Pune,168,22.44,0.0,14.01
2023-01-10,Pune,168,20.49,0.0,12.18
2023-01-11,Pune,168,19.47,0.0,7.22
2023-01-12,Pune,168,20.48,0.0,5.99
2023-01-13,Pune,168,20.17,0.0,6.4
2023-01-14,Pune,168,23.36,0.0,7.76
2023-01-15,Pune,168,20.21,0.0,8.44
2023-01-16,Pune,168,22.3,0.0,9.1
2023-01-17,Pune,168,20.05,2.38,13.63
2023-01-18,Pune,168,22.15,0.0,6.44
2023-01-19,Pune,168,18.95,0.0,8.48
2023-01-20,Pune,168,17.64,0.0,2.57
2023-01-21,Pune,168,17.93,0.0,5.85
2023-01-22,Pune,168,17.5,0.0,7.46
2023-01-23,Pune,168,18.94,0.0,4.63
2023-01-24,Pune,168,16.79,0.0,10.4
2023-01-25,Pune,168,16.75,0.0,5.69
2023-01-26,Pune,168,20.91,0.0,5.42
2023-01-27,Pune,168,19.05,0.0,7.99
2023-01-28,Pune,168,15.42,0.0,7.3
2023-01-29,Pune,168,15.69,0.0,6.54
2023-01-30,Pune,168,17.65,0.0,4.58
2023-01-31,Pune,168,16.14,0.0,8.96
2023-02-01,Pune,168,19.43,0.0,5.99
2023-02-02,Pune,168,19.38,0.0,5.37
2023-02-03,Pune,168,21.58,0.0,9.87
2023-02-04,Pune,168,20.65,0.0,1.5
2023-02-05,Pune,168,21.39,0.0,8.97
2023-02-06,Pune,168,18.08,0.0,3.84
2023-02-07,Pune,168,20.03,0.0,10.13
2023-02-08,Pune,168,22.23,0.0,9.41
2023-02-09,Pune,168,23.02,0.0,6.59
2023-02-10,Pune,168,20.05,0.0,5.42
2023-02-11,Pune,168,22.11,0.0,8.2
2023-02-12,Pune,168,20.84,0.0,9.92
2023-02-13,Pune,168,23.2,0.0,10.01
2023-02-14,Pune,168,21.3,0.0,7.97
2023-02-15,Pune,168,22.37,0.0,6.56
2023-02-16,Pune,168,21.91,0.0,8.51
2023-02-17,Pune,168,22.02,0.0,10.71
2023-02-18,Pune,168,22.45,0.0,13.69
2023-02-19,Pune,168,22.42,0.0,7.23
2023-02-20,Pune,168,23.93,0.0,10.73
2023-02-21,Pune,168,24.3,0.0,12.22
2023-02-22,Pune,168,25.29,0.0,9.67
2023-02-23,Pune,168,23.28,0.0,14.98
2023-02-24,Pune,168,22.99,0.0,9.91
2023-02-25,Pune,168,25.36,0.0,9.84
2023-02-26,Pune,168,24.65,0.0,9.27
2023-02-27,Pune,168,25.41,0.0,9.97
2023-02-28,Pune,168,23.46,0.0,7.51
2023-03-01,Pune,168,29.99,0.0,5.82
2023-03-02,Pune,168,28.73,0.0,12.36
2023-03-03,Pune,168,28.94,0.0,7.28
2023-03-04,Pune,168,26.77,0.0,7.68
2023-03-05,Pune,168,29.87,0.0,7.76
2023-03-06,Pune,168,24.53,0.0,8.42
2023-03-07,Pune,168,26.3,0.0,2.56
2023-03-08,Pune,168,25.39,0.0,10.75
2023-03-09,Pune,168,26.68,0.0,9.01
2023-03-10,Pune,168,28.08,0.0,14.45
2023-03-11,Pune,168,29.44,0.0,16.34
2023-03-12,Pune,168,24.86,0.0,12.31
2023-03-13,Pune,168,24.38,0.0,9.8
2023-03-14,Pune,168,26.02,0.0,13.94
2023-03-15,Pune,168,25.1,1.66,13.59
2023-03-16,Pune,168,25.72,0.0,13.62
2023-03-17,Pune,168,27.9,0.0,11.51
2023-03-18,Pune,168,30.16,0.0,10.84
2023-03-19,Pune,168,26.23,0.0,7.62
2023-03-20,Pune,168,26.31,0.0,5.92
2023-03-21,Pune,168,27.51,0.0,11.24
2023-03-22,Pune,168,27.96,0.0,6.43
2023-03-23,Pune,168,27.77,0.0,6.34
2023-03-24,Pune,168,25.4,0.0,4.36
2023-03-25,Pune,168,26.67,0.0,3.15
2023-03-26,Pune,168,28.17,0.0,9.04
2023-03-27,Pune,168,22.71,0.0,3.92
2023-03-28,Pune,168,26.17,0.0,4.23
2023-03-29,Pune,168,22.84,0.0,8.72
2023-03-30,Pune,168,28.79,0.0,10.49
2023-03-31,Pune,168,28.86,0.0,8.02
2023-04-01,Pune,168,34.0,0.0,13.43
2023-04-02,Pune,168,33.77,0.0,11.77
2023-04-03,Pune,168,31.12,0.0,15.58
2023-04-04,Pune,168,31.62,0.0,10.84
2023-04-05,Pune,168,31.39,0.0,14.05
2023-04-06,Pune,168,32.86,0.0,9.69
2023-04-07,Pune,168,32.15,0.0,11.97
2023-04-08,Pune,168,31.34,0.0,9.33
2023-04-09,Pune,168,30.51,0.0,8.0
2023-04-10,Pune,168,29.43,0.0,6.95
2023-04-11,Pune,168,26.34,0.0,10.19
2023-04-12,Pune,168,27.28,0.0,8.54
2023-04-13,Pune,168,26.75,0.0,4.45
2023-04-14,Pune,168,28.4,0.0,10.02
2023-04-15,Pune,168,32.35,0.0,11.89
2023-04-16,Pune,168,32.07,0.0,10.73
2023-04-17,Pune,168,28.91,0.0,12.09
2023-04-18,Pune,168,31.52,0.0,8.5
2023-04-19,Pune,168,30.06,0.0,5.83
2023-04-20,Pune,168,32.77,0.0,10.43
2023-04-21,Pune,168,30.66,0.0,10.39
2023-04-22,Pune,168,30.44,0.0,9.49
2023-04-23,Pune,168,31.77,18.71,19.55
2023-04-24,Pune,168,31.6,0.0,11.54
2023-04-25,Pune,168,30.61,0.0,9.13
2023-04-26,Pune,168,31.37,0.0,12.9
2023-04-27,Pune,168,29.59,0.0,10.15
2023-04-28,Pune,168,33.1,0.0,7.38
2023-04-29,Pune,168,30.82,0.0,15.16
2023-04-30,Pune,168,31.3,0.0,10.9
2023-05-01,Pune,168,32.7,0.0,14.05
2023-05-02,Pune,168,35.13,0.0,16.57
2023-05-03,Pune,168,31.98,0.0,14.29
2023-05-04,Pune,168,31.79,0.0,16.16
2023-05-05,Pune,168,28.19,0.0,13.57
2023-05-06,Pune,168,30.07,2.58,13.44
2023-05-07,Pune,168,29.24,0.0,12.68
2023-05-08,Pune,168,27.95,0.0,15.32
2023-05-09,Pune,168,32.95,0.0,14.66
2023-05-10,Pune,168,27.54,0.0,12.93
2023-05-11,Pune,168,31.61,0.0,11.25
2023-05-12,Pune,168,29.2,0.0,10.62
2023-05-13,Pune,168,29.27,0.0,14.61
2023-05-14,Pune,168,30.67,0.0,13.76
2023-05-15,Pune,168,29.15,0.0,13.75
2023-05-16,Pune,168,31.64,0.0,14.03
2023-05-17,Pune,168,32.98,0.0,15.12
2023-05-18,Pune,168,32.44,0.0,13.01
2023-05-19,Pune,168,32.14,0.0,11.47
2023-05-20,Pune,168,33.54,0.0,11.75
2023-05-21,Pune,168,32.02,0.0,9.28
2023-05-22,Pune,168,31.44,0.0,17.54
2023-05-23,Pune,168,31.8,0.0,12.02
2023-05-24,Pune,168,31.17,0.0,10.74
2023-05-25,Pune,168,32.36,0.0,13.45
2023-05-26,Pune,168,28.62,0.0,4.79
2023-05-27,Pune,168,30.16,0.0,8.76
2023-05-28,Pune,168,32.37,0.0,7.04
2023-05-29,Pune,168,30.95,0.0,11.62
2023-05-30,Pune,168,32.01,0.0,12.55
2023-05-31,Pune,168,32.91,0.0,11.69
2023-06-01,Pune,168,24.64,0.0,15.93
2023-06-02,Pune,168,25.39,0.0,13.41
2023-06-03,Pune,168,24.02,5.66,19.62
2023-06-04,Pune,168,26.7,0.0,14.18
2023-06-05,Pune,168,24.62,0.0,13.37
2023-06-06,Pune,168,25.4,0.67,18.74
2023-06-07,Pune,168,21.93,26.07,18.21
2023-06-08,Pune,168,23.53,1.26,15.61
2023-06-09,Pune,168,28.09,26.98,20.72
2023-06-10,Pune,168,26.6,13.12,14.79
2023-06-11,Pune,168,26.84,0.0,8.59
2023-06-12,Pune,168,22.38,0.0,18.64
2023-06-13,Pune,168,24.22,6.11,19.11
2023-06-14,Pune,168,28.19,9.96,20.62
2023-06-15,Pune,168,26.52,1.76,16.34
2023-06-16,Pune,168,23.78,0.0,14.43
2023-06-17,Pune,168,25.03,10.48,13.39
2023-06-18,Pune,168,26.13,0.66,10.95
2023-06-19,Pune,168,26.37,0.0,13.69
2023-06-20,Pune,168,26.87,0.0,12.0
2023-06-21,Pune,168,26.7,0.0,16.38
2023-06-22,Pune,168,27.24,0.0,17.93
2023-06-23,Pune,168,26.34,0.0,14.78
2023-06-24,Pune,168,26.73,0.0,15.8
2023-06-25,Pune,168,25.43,2.97,13.87
2023-06-26,Pune,168,24.35,12.38,19.15
2023-06-27,Pune,168,26.44,3.71,15.84
2023-06-28,Pune,168,25.62,10.73,18.56
2023-06-29,Pune,168,26.79,10.58,15.87
2023-06-30,Pune,168,27.53,0.0,13.09
2023-07-01,Pune,168,24.08,0.0,16.57
2023-07-02,Pune,168,23.71,0.0,20.34
2023-07-03,Pune,168,27.02,15.53,20.69
2023-07-04,Pune,168,26.87,3.35,22.39
2023-07-05,Pune,168,24.67,13.33,18.3
2023-07-06,Pune,168,23.71,0.0,15.6
2023-07-07,Pune,168,27.87,0.0,12.35
2023-07-08,Pune,168,24.52,41.39,27.41
2023-07-09,Pune,168,28.53,6.84,19.46
2023-07-10,Pune,168,27.17,0.0,15.81
2023-07-11,Pune,168,23.26,0.0,13.85
2023-07-12,Pune,168,25.03,0.0,14.14
2023-07-13,Pune,168,24.86,0.0,16.84
2023-07-14,Pune,168,25.98,0.0,14.01
2023-07-15,Pune,168,24.74,0.0,13.63
2023-07-16,Pune,168,24.92,53.04,20.55
2023-07-17,Pune,168,27.42,0.24,18.24
2023-07-18,Pune,168,26.84,6.28,20.88
2023-07-19,Pune,168,26.33,6.61,18.25
2023-07-20,Pune,168,27.38,0.0,15.75
2023-07-21,Pune,168,24.71,0.0,20.52
2023-07-22,Pune,168,26.7,0.0,14.74
2023-07-23,Pune,168,25.42,0.0,18.42
2023-07-24,Pune,168,27.76,0.0,18.12
2023-07-25,Pune,168,27.95,0.0,20.02
2023-07-26,Pune,168,30.9,0.0,17.9
2023-07-27,Pune,168,26.39,0.0,18.02
2023-07-28,Pune,168,25.48,0.0,15.06
2023-07-29,Pune,168,26.73,18.31,21.84
2023-07-30,Pune,168,24.19,0.0,11.63
2023-07-31,Pune,168,22.86,10.02,10.73
2023-08-01,Pune,168,25.44,3.76,14.46
2023-08-02,Pune,168,20.89,0.0,18.16
2023-08-03,Pune,168,21.08,0.0,22.44
2023-08-04,Pune,168,19.76,0.0,12.14
2023-08-05,Pune,168,21.75,0.0,15.82
2023-08-06,Pune,168,22.26,2.56,17.7
2023-08-07,Pune,168,22.07,3.85,19.76
2023-08-08,Pune,168,22.45,4.09,15.57
2023-08-09,Pune,168,21.65,4.88,19.06
2023-08-10,Pune,168,21.66,8.18,17.8
2023-08-11,Pune,168,21.29,0.0,13.77
2023-08-12,Pune,168,21.67,0.0,9.26
2023-08-13,Pune,168,22.45,0.0,11.88
2023-08-14,Pune,168,22.52,8.13,16.64
2023-08-15,Pune,168,22.26,0.66,13.35
2023-08-16,Pune,168,20.65,0.0,6.75
2023-08-17,Pune,168,21.04,0.26,12.99
2023-08-18,Pune,168,22.42,3.68,11.3
2023-08-19,Pune,168,21.09,4.27,10.14
2023-08-20,Pune,168,22.81,0.0,14.6
2023-08-21,Pune,168,19.79,4.13,11.07
2023-08-22,Pune,168,20.14,2.74,14.86
2023-08-23,Pune,168,23.4,22.29,11.59
2023-08-24,Pune,168,22.39,0.0,13.19
2023-08-25,Pune,168,23.26,0.0,17.37
2023-08-26,Pune,168,22.61,0.0,10.49
2023-08-27,Pune,168,24.5,0.0,10.64
2023-08-28,Pune,168,24.8,1.42,16.21
2023-08-29,Pune,168,20.92,0.0,14.69
2023-08-30,Pune,168,23.79,0.0,17.08
2023-08-31,Pune,168,23.99,51.19,19.29
2023-09-01,Pune,168,24.34,0.0,14.02
2023-09-02,Pune,168,23.45,4.31,9.81
2023-09-03,Pune,168,23.27,3.07,12.45
2023-09-04,Pune,168,25.42,31.27,19.03
2023-09-05,Pune,168,26.7,14.32,14.16
2023-09-06,Pune,168,22.83,0.0,15.57
2023-09-07,Pune,168,20.53,0.0,10.78
2023-09-08,Pune,168,18.86,0.0,12.59
2023-09-09,Pune,168,18.75,0.0,10.83
2023-09-10,Pune,168,19.1,0.0,9.35
2023-09-11,Pune,168,23.38,0.0,9.94
2023-09-12,Pune,168,23.65,0.0,11.42
2023-09-13,Pune,168,23.28,0.0,12.59
2023-09-14,Pune,168,23.33,0.0,8.42
2023-09-15,Pune,168,24.96,4.55,10.59
2023-09-16,Pune,168,24.71,1.89,10.52
2023-09-17,Pune,168,21.97,4.09,10.55
2023-09-18,Pune,168,25.44,1.81,10.21
2023-09-19,Pune,168,25.81,0.0,18.63
2023-09-20,Pune,168,26.33,0.0,10.25
2023-09-21,Pune,168,24.52,0.0,7.42
2023-09-22,Pune,168,26.62,0.0,10.22
2023-09-23,Pune,168,25.95,0.0,13.71
2023-09-24,Pune,168,25.83,0.0,8.98
2023-09-25,Pune,168,23.96,0.0,10.8
2023-09-26,Pune,168,23.12,0.0,10.52
2023-09-27,Pune,168,23.06,0.0,14.08
2023-09-28,Pune,168,26.54,0.0,10.91
2023-09-29,Pune,168,24.48,7.36,8.69
2023-09-30,Pune,168,24.35,0.0,12.11
2023-10-01,Pune,168,26.19,0.0,8.09
2023-10-02,Pune,168,26.45,0.0,11.53
2023-10-03,Pune,168,28.62,0.0,6.64
2023-10-04,Pune,168,28.18,0.0,6.82
2023-10-05,Pune,168,29.11,0.0,7.4
2023-10-06,Pune,168,24.41,0.0,11.44
2023-10-07,Pune,168,23.49,0.0,11.41
2023-10-08,Pune,168,27.04,0.0,3.62
2023-10-09,Pune,168,25.06,0.0,8.11
2023-10-10,Pune,168,24.83,0.0,7.82
2023-10-11,Pune,168,24.92,4.53,11.56
2023-10-12,Pune,168,25.8,0.0,9.13
2023-10-13,Pune,168,26.92,0.0,10.91
2023-10-14,Pune,168,28.36,0.0,5.4
2023-10-15,Pune,168,26.28,0.0,8.52
2023-10-16,Pune,168,29.36,0.0,11.18
2023-10-17,Pune,168,28.92,23.12,10.52
2023-10-18,Pune,168,25.88,0.0,7.87
2023-10-19,Pune,168,22.76,0.0,12.99
2023-10-20,Pune,168,26.21,0.0,9.07
2023-10-21,Pune,168,28.96,0.0,12.47
2023-10-22,Pune,168,28.39,0.0,4.17
2023-10-23,Pune,168,29.51,0.0,9.3
2023-10-24,Pune,168,27.78,0.0,13.28
2023-10-25,Pune,168,25.15,0.0,6.04
2023-10-26,Pune,168,25.76,0.0,7.87
2023-10-27,Pune,168,24.63,5.18,6.33
2023-10-28,Pune,168,23.93,0.0,14.15
2023-10-29,Pune,168,27.58,0.0,9.52
2023-10-30,Pune,168,29.45,0.0,4.71
2023-10-31,Pune,168,28.2,0.0,5.68
2023-11-01,Pune,168,23.99,0.0,8.7
2023-11-02,Pune,168,23.26,0.0,5.38
2023-11-03,Pune,168,24.05,0.0,8.88
2023-11-04,Pune,168,26.73,0.0,7.08
2023-11-05,Pune,168,25.32,0.0,7.54
2023-11-06,Pune,168,24.4,0.0,13.21
2023-11-07,Pune,168,19.44,0.0,10.75
2023-11-08,Pune,168,23.62,0.0,11.18
2023-11-09,Pune,168,24.92,0.0,3.4
2023-11-10,Pune,168,22.81,0.0,6.29
2023-11-11,Pune,168,20.51,0.0,6.11
2023-11-12,Pune,168,23.69,0.0,4.26
2023-11-13,Pune,168,22.16,0.0,4.86
2023-11-14,Pune,168,20.65,0.0,5.29
2023-11-15,Pune,168,20.8,0.0,2.44
2023-11-16,Pune,168,20.41,0.0,3.29
2023-11-17,Pune,168,20.92,0.0,5.53
2023-11-18,Pune,168,22.05,49.12,1.22
2023-11-19,Pune,168,24.2,0.0,6.71
2023-11-20,Pune,168,24.28,0.0,9.02
2023-11-21,Pune,168,22.17,0.0,8.84
2023-11-22,Pune,168,22.34,0.0,13.36
2023-11-23,Pune,168,22.8,0.0,8.77
2023-11-24,Pune,168,22.72,0.0,10.38
2023-11-25,Pune,168,22.31,0.0,8.23
2023-11-26,Pune,168,22.53,0.0,9.6
2023-11-27,Pune,168,24.94,0.0,6.07
2023-11-28,Pune,168,24.22,0.0,8.15
2023-11-29,Pune,168,22.09,0.0,8.5
2023-11-30,Pune,168,22.83,0.0,5.37
2023-12-01,Pune,168,22.05,0.0,1.51
2023-12-02,Pune,168,19.88,0.0,1.51
2023-12-03,Pune,168,18.82,0.0,10.58
2023-12-04,Pune,168,24.22,0.0,5.84
2023-12-05,Pune,168,20.2,0.0,3.9
2023-12-06,Pune,168,23.92,0.0,6.43
2023-12-07,Pune,168,21.84,0.0,6.5
2023-12-08,Pune,168,21.55,0.0,5.83
2023-12-09,Pune,168,20.93,0.0,7.28
2023-12-10,Pune,168,23.14,0.0,4.18
2023-12-11,Pune,168,22.18,0.0,6.08
2023-12-12,Pune,168,22.01,0.0,5.78
2023-12-13,Pune,168,20.61,0.0,12.77
2023-12-14,Pune,168,20.09,0.0,5.19
2023-12-15,Pune,168,22.28,0.0,6.38
2023-12-16,Pune,168,22.07,0.0,10.77
2023-12-17,Pune,168,20.24,0.0,11.17
2023-12-18,Pune,168,19.04,0.0,4.74
2023-12-19,Pune,168,19.41,0.0,5.83
2023-12-20,Pune,168,22.16,0.0,5.93
2023-12-21,Pune,168,17.3,0.0,8.93
2023-12-22,Pune,168,21.61,0.0,1.62
2023-12-23,Pune,168,22.02,0.0,8.36
2023-12-24,Pune,168,20.2,0.0,10.57
2023-12-25,Pune,168,21.49,0.0,5.81
2023-12-26,Pune,168,22.85,0.0,5.2
2023-12-27,Pune,168,19.99,0.0,8.84
2023-12-28,Pune,168,21.82,0.0,2.8
2023-12-29,Pune,168,22.76,0.0,11.15
2023-12-30,Pune,168,23.08,0.0,5.94
2023-12-31,Pune,168,22.8,0.0,1.57
2024-01-01,Pune,168,20.46,0.0,8.4
2024-01-02,Pune,168,20.23,0.0,5.66
2024-01-03,Pune,168,18.23,0.0,6.88
2024-01-04,Pune,168,19.35,0.0,4.73
2024-01-05,Pune,168,21.55,0.0,5.09
2024-01-06,Pune,168,21.15,0.0,4.6
2024-01-07,Pune,168,21.71,0.0,9.32
2024-01-08,Pune,168,18.37,0.0,7.58
2024-01-09,Pune,168,18.34,0.0,8.26
2024-01-10,Pune,168,18.97,0.0,8.3
2024-01-11,Pune,168,21.42,0.0,8.69
2024-01-12,Pune,168,23.0,0.0,11.55
2024-01-13,Pune,168,20.79,0.0,11.43
2024-01-14,Pune,168,22.47,0.0,2.92
2024-01-15,Pune,168,22.68,0.0,9.4
2024-01-16,Pune,168,20.59,0.0,4.77
2024-01-17,Pune,168,17.99,0.0,6.04
2024-01-18,Pune,168,19.35,0.0,9.51
2024-01-19,Pune,168,22.19,0.0,7.04
2024-01-20,Pune,168,18.39,0.0,11.44
2024-01-21,Pune,168,21.03,0.0,11.69
2024-01-22,Pune,168,21.44,0.0,7.46
2024-01-23,Pune,168,23.36,0.0,9.91
2024-01-24,Pune,168,19.07,0.0,7.04
2024-01-25,Pune,168,21.18,0.0,4.13
2024-01-26,Pune,168,21.23,0.0,6.27
2024-01-27,Pune,168,21.72,0.0,6.63
2024-01-28,Pune,168,20.84,0.0,1.09
2024-01-29,Pune,168,18.25,0.0,2.69
2024-01-30,Pune,168,17.73,0.0,4.61
2024-01-31,Pune,168,18.16,0.0,4.01
2024-02-01,Pune,168,20.66,0.0,9.9
2024-02-02,Pune,168,21.63,0.0,4.82
2024-02-03,Pune,168,23.98,0.0,8.48
2024-02-04,Pune,168,23.7,0.0,6.63
2024-02-05,Pune,168,20.61,0.0,8.79
2024-02-06,Pune,168,21.0,0.0,9.71
2024-02-07,Pune,168,22.52,0.0,11.15
2024-02-08,Pune,168,19.18,0.0,10.27
2024-02-09,Pune,168,24.35,0.0,14.19
2024-02-10,Pune,168,24.82,0.0,12.1
2024-02-11,Pune,168,20.9,0.0,15.18
2024-02-12,Pune,168,20.56,0.0,12.79
2024-02-13,Pune,168,24.83,0.0,10.61
2024-02-14,Pune,168,23.26,0.0,8.65
2024-02-15,Pune,168,20.41,0.0,6.38
2024-02-16,Pune,168,22.12,0.0,10.02
2024-02-17,Pune,168,25.76,0.0,10.01
2024-02-18,Pune,168,24.81,0.0,13.78
2024-02-19,Pune,168,23.02,0.0,8.25
2024-02-20,Pune,168,23.91,0.0,12.81
2024-02-21,Pune,168,24.38,0.0,9.22
2024-02-22,Pune,168,23.78,0.0,5.05
2024-02-23,Pune,168,22.03,0.0,8.68
2024-02-24,Pune,168,27.79,0.0,13.84
2024-02-25,Pune,168,24.39,0.0,6.82
2024-02-26,Pune,168,25.66,0.0,11.75
2024-02-27,Pune,168,23.12,0.0,9.82
2024-02-28,Pune,168,20.23,0.0,10.61
2024-02-29,Pune,168,21.19,0.0,11.34
2024-03-01,Pune,168,27.37,0.0,10.1
2024-03-02,Pune,168,26.49,0.0,9.92
2024-03-03,Pune,168,28.01,0.0,8.83
2024-03-04,Pune,168,24.85,0.0,5.66
2024-03-05,Pune,168,26.88,0.0,0.0
2024-03-06,Pune,168,24.61,0.0,9.63
2024-03-07,Pune,168,24.6,0.0,8.45
2024-03-08,Pune,168,26.99,0.0,8.69
2024-03-09,Pune,168,25.9,0.0,12.4
2024-03-10,Pune,168,24.98,0.0,10.82
2024-03-11,Pune,168,25.88,0.0,13.0
2024-03-12,Pune,168,22.01,0.0,10.42
2024-03-13,Pune,168,25.77,0.0,11.12
2024-03-14,Pune,168,27.91,0.0,14.07
2024-03-15,Pune,168,25.46,0.0,11.89
2024-03-16,Pune,168,24.85,0.0,8.78
2024-03-17,Pune,168,23.79,0.0,7.99
2024-03-18,Pune,168,24.51,0.0,15.87
2024-03-19,Pune,168,24.54,0.0,10.93
2024-03-20,Pune,168,25.89,0.0,8.33
2024-03-21,Pune,168,27.23,0.0,2.22
2024-03-22,Pune,168,26.36,0.0,2.67
2024-03-23,Pune,168,27.43,1.96,3.47
2024-03-24,Pune,168,25.59,0.0,9.83
2024-03-25,Pune,168,26.05,0.0,7.8
2024-03-26,Pune,168,27.05,0.0,11.56
2024-03-27,Pune,168,24.74,0.0,7.26
2024-03-28,Pune,168,29.41,0.0,8.54
2024-03-29,Pune,168,26.99,0.0,10.0
2024-03-30,Pune,168,25.78,0.0,7.49
2024-03-31,Pune,168,27.39,0.0,13.93
2024-04-01,Pune,168,31.39,0.0,15.09
2024-04-02,Pune,168,29.09,0.0,11.45
2024-04-03,Pune,168,32.87,0.0,11.16
2024-04-04,Pune,168,32.62,0.0,7.54
2024-04-05,Pune,168,28.12,0.0,10.26
2024-04-06,Pune,168,30.72,0.0,9.3
2024-04-07,Pune,168,29.75,0.0,11.15
2024-04-08,Pune,168,26.29,0.0,7.04
2024-04-09,Pune,168,28.61,0.0,10.77
2024-04-10,Pune,168,30.62,0.0,8.66
2024-04-11,Pune,168,30.72,0.0,7.78
2024-04-12,Pune,168,25.24,0.0,3.91
2024-04-13,Pune,168,27.54,0.0,7.32
2024-04-14,Pune,168,26.17,0.0,9.09
2024-04-15,Pune,168,30.53,0.0,13.3
2024-04-16,Pune,168,27.16,0.0,9.37
2024-04-17,Pune,168,26.96,0.0,9.42
2024-04-18,Pune,168,28.47,0.0,11.87
2024-04-19,Pune,168,29.26,0.0,10.47
2024-04-20,Pune,168,30.39,0.0,7.23
2024-04-21,Pune,168,29.7,0.0,7.75
2024-04-22,Pune,168,27.83,0.0,11.75
2024-04-23,Pune,168,26.81,0.0,10.83
2024-04-24,Pune,168,28.94,0.0,13.62
2024-04-25,Pune,168,28.95,0.0,15.63
2024-04-26,Pune,168,29.55,0.0,11.17
2024-04-27,Pune,168,29.1,0.0,12.44
2024-04-28,Pune,168,33.43,0.0,8.54
2024-04-29,Pune,168,30.89,0.0,10.74
2024-04-30,Pune,168,34.83,0.0,11.72
2024-05-01,Pune,168,31.87,5.93,11.82
2024-05-02,Pune,168,30.21,0.0,11.23
2024-05-03,Pune,168,31.87,0.0,11.48
2024-05-04,Pune,168,31.16,0.0,13.32
2024-05-05,Pune,168,29.87,0.0,12.3
2024-05-06,Pune,168,31.61,0.0,17.71
2024-05-07,Pune,168,33.16,0.0,14.07
2024-05-08,Pune,168,28.06,0.0,13.19
2024-05-09,Pune,168,29.83,0.0,18.05
2024-05-10,Pune,168,32.76,0.0,18.1
2024-05-11,Pune,168,27.95,0.0,13.07
2024-05-12,Pune,168,31.38,1.47,13.31
2024-05-13,Pune,168,27.58,20.15,14.8
2024-05-14,Pune,168,32.12,0.0,12.01
2024-05-15,Pune,168,32.16,0.0,9.23
2024-05-16,Pune,168,28.86,0.0,8.32
2024-05-17,Pune,168,29.76,0.0,9.69
2024-05-18,Pune,168,30.79,0.0,11.44
2024-05-19,Pune,168,30.5,0.0,13.35
2024-05-20,Pune,168,32.26,0.0,9.25
2024-05-21,Pune,168,31.58,0.0,7.94
2024-05-22,Pune,168,29.04,0.0,14.24
2024-05-23,Pune,168,28.98,0.0,17.0
2024-05-24,Pune,168,31.54,0.0,20.46
2024-05-25,Pune,168,29.82,0.0,14.56
2024-05-26,Pune,168,32.08,0.0,15.99
2024-05-27,Pune,168,26.82,0.0,12.98
2024-05-28,Pune,168,29.54,0.0,11.53
2024-05-29,Pune,168,27.17,0.0,16.19
2024-05-30,Pune,168,29.12,0.0,18.61
2024-05-31,Pune,168,32.69,0.0,14.84
2024-06-01,Pune,168,31.14,1.97,13.78
2024-06-02,Pune,168,28.02,2.51,17.82
2024-06-03,Pune,168,29.25,26.44,22.3
2024-06-04,Pune,168,27.07,20.88,20.23
2024-06-05,Pune,168,26.14,6.77,14.57
2024-06-06,Pune,168,23.85,11.75,14.63
2024-06-07,Pune,168,24.41,3.01,11.02
2024-06-08,Pune,168,24.16,0.0,13.79
2024-06-09,Pune,168,26.06,1.26,11.77
2024-06-10,Pune,168,28.55,13.35,9.02
2024-06-11,Pune,168,28.99,0.0,10.54
2024-06-12,Pune,168,28.0,0.0,14.86
2024-06-13,Pune,168,26.02,0.0,13.17
2024-06-14,Pune,168,25.73,0.0,16.62
2024-06-15,Pune,168,26.98,0.0,10.16
2024-06-16,Pune,168,23.3,7.53,18.4
2024-06-17,Pune,168,25.68,0.0,17.89
2024-06-18,Pune,168,27.17,0.0,14.28
2024-06-19,Pune,168,23.51,0.0,16.37
2024-06-20,Pune,168,27.52,10.93,15.53
2024-06-21,Pune,168,24.97,0.0,11.21
2024-06-22,Pune,168,24.79,0.0,16.05
2024-06-23,Pune,168,25.01,0.0,15.55
2024-06-24,Pune,168,22.41,0.0,9.8
2024-06-25,Pune,168,24.65,0.0,15.1
2024-06-26,Pune,168,24.42,0.0,14.32
2024-06-27,Pune,168,24.58,0.0,17.54
2024-06-28,Pune,168,25.11,0.0,12.25
2024-06-29,Pune,168,26.96,0.0,13.19
2024-06-30,Pune,168,23.28,0.0,14.83
2024-07-01,Pune,168,23.92,0.0,20.59
2024-07-02,Pune,168,24.15,0.0,16.5
2024-07-03,Pune,168,23.25,0.0,16.95
2024-07-04,Pune,168,21.99,0.0,12.95
2024-07-05,Pune,168,24.08,9.87,20.63
2024-07-06,Pune,168,23.13,8.0,17.35
2024-07-07,Pune,168,21.9,2.81,12.77
2024-07-08,Pune,168,25.66,1.42,13.15
2024-07-09,Pune,168,22.89,0.0,15.49
2024-07-10,Pune,168,22.13,0.0,15.91
2024-07-11,Pune,168,22.97,0.0,18.19
2024-07-12,Pune,168,24.24,0.0,19.3
2024-07-13,Pune,168,26.01,0.0,18.05
2024-07-14,Pune,168,24.71,0.0,19.07
2024-07-15,Pune,168,24.11,0.0,12.03
2024-07-16,Pune,168,24.73,24.54,18.19
2024-07-17,Pune,168,24.39,0.0,14.15
2024-07-18,Pune,168,26.24,0.0,17.71
2024-07-19,Pune,168,27.29,3.15,19.43
2024-07-20,Pune,168,24.44,5.84,17.65
2024-07-21,Pune,168,27.12,10.09,23.14
2024-07-22,Pune,168,26.89,0.0,15.97
2024-07-23,Pune,168,27.69,1.14,17.76
2024-07-24,Pune,168,23.23,14.14,19.48
2024-07-25,Pune,168,23.81,0.0,16.58
2024-07-26,Pune,168,26.92,0.0,19.08
2024-07-27,Pune,168,23.73,0.0,14.4
2024-07-28,Pune,168,22.16,0.0,18.41
2024-07-29,Pune,168,24.55,22.36,23.03
2024-07-30,Pune,168,23.66,0.0,15.49
2024-07-31,Pune,168,21.71,0.0,20.31
2024-08-01,Pune,168,20.64,0.0,12.84
2024-08-02,Pune,168,23.39,11.91,17.15
2024-08-03,Pune,168,20.12,1.63,12.25
2024-08-04,Pune,168,23.61,5.72,12.59
2024-08-05,Pune,168,24.3,31.95,16.95
2024-08-06,Pune,168,26.41,8.53,13.72
2024-08-07,Pune,168,24.14,1.8,11.96
2024-08-08,Pune,168,22.69,15.31,16.04
2024-08-09,Pune,168,23.19,10.04,13.61
2024-08-10,Pune,168,23.44,0.25,15.07
2024-08-11,Pune,168,24.07,42.91,17.93
2024-08-12,Pune,168,22.27,8.18,13.16
2024-08-13,Pune,168,23.14,5.33,13.29
2024-08-14,Pune,168,23.87,4.14,9.29
2024-08-15,Pune,168,24.52,1.85,14.52
2024-08-16,Pune,168,25.14,0.0,10.01
2024-08-17,Pune,168,25.41,0.0,15.44
2024-08-18,Pune,168,25.87,0.0,18.74
2024-08-19,Pune,168,28.18,0.0,22.89
2024-08-20,Pune,168,25.85,0.0,15.16
2024-08-21,Pune,168,24.97,0.0,13.66
2024-08-22,Pune,168,26.47,0.0,15.45
2024-08-23,Pune,168,22.03,0.0,16.02
2024-08-24,Pune,168,20.47,0.0,17.23
2024-08-25,Pune,168,23.23,0.14,12.0
2024-08-26,Pune,168,25.7,0.0,16.99
2024-08-27,Pune,168,22.6,0.0,18.18
2024-08-28,Pune,168,22.08,0.0,18.15
2024-08-29,Pune,168,21.12,4.53,17.41
2024-08-30,Pune,168,22.77,2.1,13.69
2024-08-31,Pune,168,21.98,1.5,14.89
2024-09-01,Pune,168,20.7,9.99,19.25
2024-09-02,Pune,168,20.53,3.37,17.11
2024-09-03,Pune,168,22.73,0.0,9.79
2024-09-04,Pune,168,21.87,6.65,13.42
2024-09-05,Pune,168,22.22,23.56,12.84
2024-09-06,Pune,168,24.61,0.0,11.26
2024-09-07,Pune,168,21.64,12.81,7.76
2024-09-08,Pune,168,23.88,7.67,3.23
2024-09-09,Pune,168,21.33,7.41,14.39
2024-09-10,Pune,168,24.34,5.27,10.19
2024-09-11,Pune,168,26.8,11.61,16.22
2024-09-12,Pune,168,23.16,23.6,15.67
2024-09-13,Pune,168,25.61,6.07,9.58
2024-09-14,Pune,168,26.11,3.94,10.1
2024-09-15,Pune,168,26.98,6.11,10.05
2024-09-16,Pune,168,28.77,4.38,11.31
2024-09-17,Pune,168,28.58,8.97,8.74
2024-09-18,Pune,168,25.27,6.53,9.89
2024-09-19,Pune,168,28.38,5.57,10.6
2024-09-20,Pune,168,28.07,14.36,9.05
2024-09-21,Pune,168,26.87,16.36,12.31
2024-09-22,Pune,168,27.91,0.0,9.07
2024-09-23,Pune,168,25.34,0.0,15.92
2024-09-24,Pune,168,25.88,0.0,10.07
2024-09-25,Pune,168,28.38,0.0,10.23
2024-09-26,Pune,168,28.4,0.0,12.23
2024-09-27,Pune,168,26.24,0.0,9.94
2024-09-28,Pune,168,26.0,0.0,11.51
2024-09-29,Pune,168,22.67,0.0,12.99
2024-09-30,Pune,168,26.84,0.0,7.5
2024-10-01,Pune,168,30.35,0.0,8.02
2024-10-02,Pune,168,25.79,0.0,4.67
2024-10-03,Pune,168,25.61,2.14,4.84
2024-10-04,Pune,168,25.79,0.0,8.91
2024-10-05,Pune,168,26.48,0.0,10.88
2024-10-06,Pune,168,24.32,21.84,13.47
2024-10-07,Pune,168,22.42,0.0,10.91
2024-10-08,Pune,168,27.04,0.0,6.63
2024-10-09,Pune,168,27.81,0.0,10.05
2024-10-10,Pune,168,23.34,0.0,7.21
2024-10-11,Pune,168,26.73,2.33,9.4
2024-10-12,Pune,168,27.68,0.0,6.66
2024-10-13,Pune,168,29.43,0.0,8.36
2024-10-14,Pune,168,25.39,0.0,7.56
2024-10-15,Pune,168,28.52,0.0,1.49
2024-10-16,Pune,168,26.29,0.0,8.35
2024-10-17,Pune,168,25.11,0.0,9.3
2024-10-18,Pune,168,26.6,0.0,0.0
2024-10-19,Pune,168,27.0,0.0,10.19
2024-10-20,Pune,168,26.32,0.0,6.61
2024-10-21,Pune,168,24.22,0.0,9.27
2024-10-22,Pune,168,26.07,7.36,11.27
2024-10-23,Pune,168,27.09,21.11,11.9
2024-10-24,Pune,168,29.5,0.0,9.88
2024-10-25,Pune,168,25.84,0.0,8.98
2024-10-26,Pune,168,26.55,0.0,7.36
2024-10-27,Pune,168,28.24,0.0,7.99
2024-10-28,Pune,168,30.76,0.0,9.84
2024-10-29,Pune,168,29.16,79.76,21.27
2024-10-30,Pune,168,27.04,3.23,9.72
2024-10-31,Pune,168,28.2,8.32,10.05
2024-11-01,Pune,168,25.42,0.0,6.7
2024-11-02,Pune,168,23.49,0.0,8.62
2024-11-03,Pune,168,25.84,41.69,13.15
2024-11-04,Pune,168,25.38,0.0,5.6
2024-11-05,Pune,168,23.06,0.0,6.83
2024-11-06,Pune,168,22.44,0.0,5.42
2024-11-07,Pune,168,19.7,0.0,3.79
2024-11-08,Pune,168,20.13,0.0,6.73
2024-11-09,Pune,168,18.84,0.0,9.92
2024-11-10,Pune,168,21.5,0.0,5.1
2024-11-11,Pune,168,22.69,0.0,5.64
2024-11-12,Pune,168,24.27,0.0,5.72
2024-11-13,Pune,168,19.28,0.0,7.28
2024-11-14,Pune,168,22.09,0.0,7.44
2024-11-15,Pune,168,22.21,0.0,2.43
2024-11-16,Pune,168,21.72,0.0,7.38
2024-11-17,Pune,168,18.42,0.0,3.28
2024-11-18,Pune,168,22.75,0.0,4.34
2024-11-19,Pune,168,22.32,0.0,6.33
2024-11-20,Pune,168,23.27,0.0,8.31
2024-11-21,Pune,168,20.46,0.0,1.14
2024-11-22,Pune,168,23.97,0.0,3.61
2024-11-23,Pune,168,21.58,0.0,7.74
2024-11-24,Pune,168,23.42,0.0,7.35
2024-11-25,Pune,168,20.48,0.0,1.21
2024-11-26,Pune,168,21.92,0.0,9.37
2024-11-27,Pune,168,23.72,0.0,7.34
2024-11-28,Pune,168,23.33,0.0,7.69
2024-11-29,Pune,168,25.94,0.0,7.56
2024-11-30,Pune,168,24.24,0.0,5.53
2024-12-01,Pune,168,25.95,0.0,10.68
2024-12-02,Pune,168,22.27,0.0,2.27
2024-12-03,Pune,168,21.24,0.0,9.03
2024-12-04,Pune,168,23.22,0.0,8.27
2024-12-05,Pune,168,25.04,0.0,6.21
2024-12-06,Pune,168,22.86,0.0,6.87
2024-12-07,Pune,168,25.28,0.0,8.9
2024-12-08,Pune,168,24.19,0.0,11.78
2024-12-09,Pune,168,27.27,0.0,8.42
2024-12-10,Pune,168,22.96,0.0,5.39
2024-12-11,Pune,168,24.2,0.0,8.79
2024-12-12,Pune,168,22.7,0.0,2.75
2024-12-13,Pune,168,23.71,0.0,9.15
2024-12-14,Pune,168,21.16,0.0,5.82
2024-12-15,Pune,168,24.89,0.0,3.47
2024-12-16,Pune,168,21.22,0.0,2.7
2024-12-17,Pune,168,22.14,0.0,10.11
2024-12-18,Pune,168,21.67,0.0,6.62
2024-12-19,Pune,168,21.72,0.0,16.17
2024-12-20,Pune,168,20.27,0.0,11.6
2024-12-21,Pune,168,21.23,0.0,10.07
2024-12-22,Pune,168,18.58,0.0,11.85
2024-12-23,Pune,168,20.66,0.0,9.01
2024-12-24,Pune,168,15.54,0.0,9.26
2024-12-25,Pune,168,18.37,0.0,2.39
2024-12-26,Pune,168,21.62,0.0,3.96
2024-12-27,Pune,168,22.85,0.0,6.23
2024-12-28,Pune,168,23.46,0.0,13.78
2024-12-29,Pune,168,21.72,0.0,6.46
2024-12-30,Pune,168,20.33,0.0,12.7
2024-12-31,Pune,168,18.9,0.0,7.11
2025-01-01,Pune,168,20.74,0.0,10.21
2025-01-02,Pune,168,21.86,0.0,3.34
2025-01-03,Pune,168,18.34,0.0,6.29
2025-01-04,Pune,168,18.15,0.0,5.42
2025-01-05,Pune,168,19.43,0.0,8.58
2025-01-06,Pune,168,18.52,1.65,4.51
2025-01-07,Pune,168,19.41,0.0,6.66
2025-01-08,Pune,168,20.49,0.0,11.07
2025-01-09,Pune,168,16.59,24.98,9.51
2025-01-10,Pune,168,19.1,0.0,9.04
2025-01-11,Pune,168,18.68,0.0,11.65
2025-01-12,Pune,168,18.72,0.0,11.08
2025-01-13,Pune,168,16.17,0.0,11.3
2025-01-14,Pune,168,17.89,0.0,7.45
2025-01-15,Pune,168,20.69,0.0,4.46
2025-01-16,Pune,168,24.0,0.0,9.55
2025-01-17,Pune,168,24.67,0.0,14.56
2025-01-18,Pune,168,22.82,0.0,9.53
2025-01-19,Pune,168,21.11,0.0,9.63
2025-01-20,Pune,168,21.76,0.0,8.95
2025-01-21,Pune,168,22.34,0.0,7.8
2025-01-22,Pune,168,21.72,0.0,6.71
2025-01-23,Pune,168,21.08,0.0,1.54
2025-01-24,Pune,168,22.66,0.0,13.75
2025-01-25,Pune,168,21.28,0.0,8.73
2025-01-26,Pune,168,22.06,0.0,9.4
2025-01-27,Pune,168,20.17,0.0,3.38
2025-01-28,Pune,168,20.24,0.0,4.53
2025-01-29,Pune,168,23.8,0.0,8.51
2025-01-30,Pune,168,23.4,0.0,9.81
2025-01-31,Pune,168,24.83,0.0,11.05
2025-02-01,Pune,168,23.99,0.0,5.91
2025-02-02,Pune,168,23.91,0.0,6.71
2025-02-03,Pune,168,20.69,0.0,8.85
2025-02-04,Pune,168,24.06,0.0,5.82
2025-02-05,Pune,168,26.07,0.0,12.36
2025-02-06,Pune,168,24.01,0.0,14.76
2025-02-07,Pune,168,23.43,0.0,9.07
2025-02-08,Pune,168,24.17,0.0,7.74
2025-02-09,Pune,168,24.04,0.2,10.9
2025-02-10,Pune,168,20.67,0.0,7.75
2025-02-11,Pune,168,24.07,0.0,8.23
2025-02-12,Pune,168,23.69,0.0,4.37
2025-02-13,Pune,168,22.8,0.0,7.58
2025-02-14,Pune,168,23.91,0.0,9.8
2025-02-15,Pune,168,19.19,0.0,9.07
2025-02-16,Pune,168,22.05,0.0,12.26
2025-02-17,Pune,168,22.09,0.0,11.14
2025-02-18,Pune,168,23.49,0.0,13.56
2025-02-19,Pune,168,23.82,0.0,8.12
2025-02-20,Pune,168,24.72,0.0,10.91
2025-02-21,Pune,168,23.85,0.0,9.65
2025-02-22,Pune,168,22.99,0.0,5.82
2025-02-23,Pune,168,22.61,0.0,15.12
2025-02-24,Pune,168,22.37,0.0,7.68
2025-02-25,Pune,168,21.1,0.0,9.62
2025-02-26,Pune,168,21.48,0.0,5.53
2025-02-27,Pune,168,18.93,0.0,4.96
2025-02-28,Pune,168,20.19,0.0,6.56
2025-03-01,Pune,168,24.05,0.0,11.39
2025-03-02,Pune,168,23.89,0.0,7.86
2025-03-03,Pune,168,30.28,0.0,8.23
2025-03-04,Pune,168,27.48,0.0,10.72
2025-03-05,Pune,168,25.62,0.0,11.33
2025-03-06,Pune,168,24.21,0.0,6.09
2025-03-07,Pune,168,24.76,0.0,8.82
2025-03-08,Pune,168,23.23,0.0,8.62
2025-03-09,Pune,168,26.09,0.0,9.39
2025-03-10,Pune,168,26.8,0.0,3.76
2025-03-11,Pune,168,22.61,0.0,9.41
2025-03-12,Pune,168,23.92,0.0,7.62
2025-03-13,Pune,168,25.3,0.0,9.02
2025-03-14,Pune,168,26.37,0.0,12.14
2025-03-15,Pune,168,25.98,0.0,5.39
2025-03-16,Pune,168,25.52,0.0,6.59
2025-03-17,Pune,168,27.73,0.0,6.33
2025-03-18,Pune,168,28.74,0.0,2.78
2025-03-19,Pune,168,28.6,0.0,11.36
2025-03-20,Pune,168,27.92,0.0,6.51
2025-03-21,Pune,168,28.77,0.0,11.88
2025-03-22,Pune,168,26.44,0.0,9.76
2025-03-23,Pune,168,25.51,0.0,7.71
2025-03-24,Pune,168,26.55,0.0,11.24
2025-03-25,Pune,168,26.54,0.0,7.28
2025-03-26,Pune,168,25.84,0.0,4.65
2025-03-27,Pune,168,27.3,0.0,5.85
2025-03-28,Pune,168,28.15,0.0,10.44
2025-03-29,Pune,168,24.1,0.0,6.17
2025-03-30,Pune,168,24.42,0.0,12.99
2025-03-31,Pune,168,22.72,0.0,11.09
2025-04-01,Pune,168,31.3,0.0,16.21
2025-04-02,Pune,168,28.81,0.0,16.37
2025-04-03,Pune,168,30.18,0.0,9.43
2025-04-04,Pune,168,28.83,0.0,14.46
2025-04-05,Pune,168,30.59,0.0,13.91
2025-04-06,Pune,168,29.94,0.0,8.57
2025-04-07,Pune,168,29.55,0.0,14.24
2025-04-08,Pune,168,29.32,0.0,12.87
2025-04-09,Pune,168,33.44,0.0,13.6
2025-04-10,Pune,168,32.54,0.0,11.23
2025-04-11,Pune,168,32.2,0.0,4.7
2025-04-12,Pune,168,29.85,0.0,8.09
2025-04-13,Pune,168,30.46,0.0,11.61
2025-04-14,Pune,168,29.92,0.0,11.97
2025-04-15,Pune,168,28.94,0.0,9.14
2025-04-16,Pune,168,30.62,0.0,13.07
2025-04-17,Pune,168,26.59,0.0,18.15
2025-04-18,Pune,168,27.03,0.0,14.16
2025-04-19,Pune,168,29.82,0.0,14.8
2025-04-20,Pune,168,27.15,0.0,15.85
2025-04-21,Pune,168,29.35,0.0,10.67
2025-04-22,Pune,168,25.76,0.0,11.66
2025-04-23,Pune,168,29.84,0.0,11.35
2025-04-24,Pune,168,29.05,0.0,14.83
2025-04-25,Pune,168,29.54,0.0,14.74
2025-04-26,Pune,168,29.74,0.0,15.08
2025-04-27,Pune,168,28.23,0.0,14.63
2025-04-28,Pune,168,29.55,0.0,14.2
2025-04-29,Pune,168,29.88,0.0,10.94
2025-04-30,Pune,168,32.83,0.0,12.86
2025-05-01,Pune,168,32.53,0.0,14.25
2025-05-02,Pune,168,29.66,0.0,13.43
2025-05-03,Pune,168,27.86,0.0,13.04
2025-05-04,Pune,168,30.31,0.0,13.16
2025-05-05,Pune,168,32.26,0.0,15.24
2025-05-06,Pune,168,31.59,10.83,10.2
2025-05-07,Pune,168,33.75,0.0,9.49
2025-05-08,Pune,168,30.37,0.0,16.66
2025-05-09,Pune,168,33.63,0.0,15.49
2025-05-10,Pune,168,32.92,0.0,11.15
2025-05-11,Pune,168,32.68,0.0,15.06
2025-05-12,Pune,168,34.91,0.0,15.48
2025-05-13,Pune,168,36.74,0.0,13.19
2025-05-14,Pune,168,33.18,0.0,12.87
2025-05-15,Pune,168,30.23,0.0,13.78
2025-05-16,Pune,168,30.21,0.0,10.13
2025-05-17,Pune,168,36.25,0.0,8.74
2025-05-18,Pune,168,31.81,0.0,14.3
2025-05-19,Pune,168,31.88,0.0,13.0
2025-05-20,Pune,168,29.82,0.0,14.71
2025-05-21,Pune,168,31.87,0.0,13.33
2025-05-22,Pune,168,33.34,0.0,13.44
2025-05-23,Pune,168,36.1,0.0,10.31
2025-05-24,Pune,168,32.89,0.0,10.32
2025-05-25,Pune,168,36.0,0.0,11.43
2025-05-26,Pune,168,32.72,0.0,9.44
2025-05-27,Pune,168,28.96,0.0,11.16
2025-05-28,Pune,168,32.41,0.0,13.32
2025-05-29,Pune,168,36.42,0.0,12.73
2025-05-30,Pune,168,37.01,0.0,10.92
2025-05-31,Pune,168,33.89,0.0,13.97
2025-06-01,Pune,168,30.52,3.04,11.34
2025-06-02,Pune,168,27.78,0.78,11.89
2025-06-03,Pune,168,27.17,6.03,14.55
2025-06-04,Pune,168,29.89,0.0,15.49
2025-06-05,Pune,168,28.59,0.0,13.79
2025-06-06,Pune,168,27.12,0.0,16.93
2025-06-07,Pune,168,28.78,0.0,13.75
2025-06-08,Pune,168,26.65,0.0,17.35
2025-06-09,Pune,168,27.89,0.0,12.39
2025-06-10,Pune,168,26.67,0.0,17.6
2025-06-11,Pune,168,26.39,0.0,19.49
2025-06-12,Pune,168,25.88,0.0,12.3
2025-06-13,Pune,168,25.12,0.0,10.13
2025-06-14,Pune,168,27.49,2.14,14.58
2025-06-15,Pune,168,27.19,0.0,12.99
2025-06-16,Pune,168,27.17,0.0,7.87
2025-06-17,Pune,168,25.26,0.0,17.16
2025-06-18,Pune,168,28.0,0.0,10.42
2025-06-19,Pune,168,24.19,0.0,18.49
2025-06-20,Pune,168,27.5,0.0,19.64
2025-06-21,Pune,168,30.26,20.34,21.43
2025-06-22,Pune,168,31.97,47.66,21.21
2025-06-23,Pune,168,29.63,7.62,17.29
2025-06-24,Pune,168,29.49,0.0,13.54
2025-06-25,Pune,168,31.82,0.0,13.67
2025-06-26,Pune,168,27.83,0.0,11.93
2025-06-27,Pune,168,27.81,0.0,12.18
2025-06-28,Pune,168,25.94,0.0,15.99
2025-06-29,Pune,168,28.85,0.0,17.2
2025-06-30,Pune,168,27.26,0.0,12.5
2025-07-01,Pune,168,28.52,0.0,17.77
2025-07-02,Pune,168,28.53,0.0,11.47
2025-07-03,Pune,168,23.48,1.65,18.06
2025-07-04,Pune,168,23.61,28.27,24.61
2025-07-05,Pune,168,26.11,11.3,18.72
2025-07-06,Pune,168,26.39,11.69,16.53
2025-07-07,Pune,168,24.76,14.75,20.19
2025-07-08,Pune,168,24.8,0.0,15.82
2025-07-09,Pune,168,20.58,0.0,10.27
2025-07-10,Pune,168,25.29,0.0,14.14
2025-07-11,Pune,168,27.13,17.07,22.6
2025-07-12,Pune,168,25.71,13.88,20.08
2025-07-13,Pune,168,25.91,9.61,23.19
2025-07-14,Pune,168,27.23,5.02,19.98
2025-07-15,Pune,168,27.19,5.04,12.64
2025-07-16,Pune,168,26.04,1.8,14.98
2025-07-17,Pune,168,25.46,19.93,21.45
2025-07-18,Pune,168,27.14,9.38,19.2
2025-07-19,Pune,168,22.55,16.22,16.89
2025-07-20,Pune,168,26.44,9.27,18.18
2025-07-21,Pune,168,23.97,0.71,9.29
2025-07-22,Pune,168,24.36,4.85,14.14
2025-07-23,Pune,168,25.54,0.0,14.1
2025-07-24,Pune,168,25.37,0.0,18.43
2025-07-25,Pune,168,24.55,0.0,13.88
2025-07-26,Pune,168,24.03,0.0,15.11
2025-07-27,Pune,168,24.71,0.0,14.75
2025-07-28,Pune,168,28.86,2.6,17.7
2025-07-29,Pune,168,25.78,5.25,19.1
2025-07-30,Pune,168,26.58,9.39,14.99
2025-07-31,Pune,168,26.2,15.18,20.6
2025-08-01,Pune,168,23.73,3.27,15.7
2025-08-02,Pune,168,23.78,12.33,18.55
2025-08-03,Pune,168,24.67,4.28,10.81
2025-08-04,Pune,168,23.88,0.0,16.02
2025-08-05,Pune,168,24.2,0.0,14.11
2025-08-06,Pune,168,23.09,0.0,13.06
2025-08-07,Pune,168,25.37,0.0,12.18
2025-08-08,Pune,168,24.46,0.0,12.36
2025-08-09,Pune,168,19.92,0.0,11.48
2025-08-10,Pune,168,22.58,0.0,15.27
2025-08-11,Pune,168,24.0,0.0,13.68
2025-08-12,Pune,168,25.56,0.0,15.23
2025-08-13,Pune,168,27.04,0.0,14.89
2025-08-14,Pune,168,26.94,0.0,16.48
2025-08-15,Pune,168,27.96,0.0,18.29
2025-08-16,Pune,168,28.47,0.0,12.65
2025-08-17,Pune,168,25.02,0.0,12.54
2025-08-18,Pune,168,25.06,0.0,14.69
2025-08-19,Pune,168,26.4,0.0,18.33
2025-08-20,Pune,168,28.5,15.09,18.17
2025-08-21,Pune,168,25.56,18.61,15.49
2025-08-22,Pune,168,23.79,3.19,16.98
2025-08-23,Pune,168,25.14,11.26,13.5
2025-08-24,Pune,168,25.28,0.0,12.6
2025-08-25,Pune,168,27.39,2.08,17.44
2025-08-26,Pune,168,24.55,3.47,10.28
2025-08-27,Pune,168,24.8,2.74,13.77
2025-08-28,Pune,168,26.5,0.0,16.61
2025-08-29,Pune,168,25.72,0.0,10.98
2025-08-30,Pune,168,26.63,0.0,15.23
2025-08-31,Pune,168,23.09,0.0,15.06
2025-09-01,Pune,168,23.3,0.0,9.92
2025-09-02,Pune,168,24.26,5.3,12.78
2025-09-03,Pune,168,24.28,2.19,16.4
2025-09-04,Pune,168,25.83,3.53,11.63
2025-09-05,Pune,168,24.4,14.36,11.55
2025-09-06,Pune,168,24.73,0.0,11.43
2025-09-07,Pune,168,23.16,0.0,8.71
2025-09-08,Pune,168,24.26,0.0,10.28
2025-09-09,Pune,168,21.75,0.0,13.69
2025-09-10,Pune,168,20.76,0.0,12.13
2025-09-11,Pune,168,24.98,0.0,11.95
2025-09-12,Pune,168,27.58,0.0,14.9
2025-09-13,Pune,168,26.19,8.88,10.11
2025-09-14,Pune,168,26.59,6.59,11.75
2025-09-15,Pune,168,24.89,0.0,13.22
2025-09-16,Pune,168,25.19,0.0,13.04
2025-09-17,Pune,168,27.02,0.0,4.85
2025-09-18,Pune,168,28.07,13.1,12.65
2025-09-19,Pune,168,26.26,0.0,9.94
2025-09-20,Pune,168,26.88,0.0,12.77
2025-09-21,Pune,168,27.63,0.0,10.96
2025-09-22,Pune,168,25.41,0.0,13.41
2025-09-23,Pune,168,25.11,0.0,8.97
2025-09-24,Pune,168,26.29,0.0,9.92
2025-09-25,Pune,168,25.86,0.0,10.33
2025-09-26,Pune,168,27.19,0.0,10.98
2025-09-27,Pune,168,23.76,4.98,11.84
2025-09-28,Pune,168,23.7,18.2,15.11
2025-09-29,Pune,168,24.9,7.67,8.35
2025-09-30,Pune,168,24.17,15.02,11.68
2023-01-01,Mumbai,24,24.52,0.0,9.72
2023-01-02,Mumbai,24,23.89,0.0,6.96
2023-01-03,Mumbai,24,22.74,0.0,10.75
2023-01-04,Mumbai,24,23.82,0.0,9.0
2023-01-05,Mumbai,24,21.64,0.0,10.31
2023-01-06,Mumbai,24,26.75,0.0,9.81
2023-01-07,Mumbai,24,25.43,0.0,10.96
2023-01-08,Mumbai,24,25.46,0.0,9.35
2023-01-09,Mumbai,24,27.2,0.0,9.17
2023-01-10,Mumbai,24,26.88,0.0,11.2
2023-01-11,Mumbai,24,24.13,0.0,10.77
2023-01-12,Mumbai,24,22.46,0.0,13.52
2023-01-13,Mumbai,24,23.8,0.0,14.75
2023-01-14,Mumbai,24,25.28,0.0,7.21
2023-01-15,Mumbai,24,22.85,0.0,10.14
2023-01-16,Mumbai,24,25.51,0.0,6.13
2023-01-17,Mumbai,24,27.91,0.0,10.07
2023-01-18,Mumbai,24,25.4,0.0,8.61
2023-01-19,Mumbai,24,26.1,0.0,11.96
2023-01-20,Mumbai,24,24.88,0.0,11.97
2023-01-21,Mumbai,24,25.44,0.0,7.38
2023-01-22,Mumbai,24,23.77,0.0,10.94
2023-01-23,Mumbai,24,24.86,0.0,6.1
2023-01-24,Mumbai,24,24.27,0.0,7.97
2023-01-25,Mumbai,24,25.13,0.0,13.73
2023-01-26,Mumbai,24,25.6,0.0,9.22
2023-01-27,Mumbai,24,25.57,0.0,7.29
2023-01-28,Mumbai,24,21.93,0.0,6.9
2023-01-29,Mumbai,24,25.14,0.0,9.5
2023-01-30,Mumbai,24,25.97,0.0,5.1
2023-01-31,Mumbai,24,26.51,0.0,6.61
2023-02-01,Mumbai,24,29.36,0.0,10.7
2023-02-02,Mumbai,24,25.68,0.0,7.28
2023-02-03,Mumbai,24,27.91,0.0,7.93
2023-02-04,Mumbai,24,25.61,0.0,10.13
2023-02-05,Mumbai,24,26.04,0.0,9.91
2023-02-06,Mumbai,24,24.54,0.0,10.46
2023-02-07,Mumbai,24,24.57,0.0,8.8
2023-02-08,Mumbai,24,23.48,0.0,6.36
2023-02-09,Mumbai,24,23.03,0.0,9.45
2023-02-10,Mumbai,24,24.78,0.0,8.79
2023-02-11,Mumbai,24,25.15,0.0,11.92
2023-02-12,Mumbai,24,24.11,0.0,11.74
2023-02-13,Mumbai,24,22.99,0.0,7.45
2023-02-14,Mumbai,24,25.42,0.0,8.52
2023-02-15,Mumbai,24,26.92,0.0,8.77
2023-02-16,Mumbai,24,25.78,0.0,8.42
2023-02-17,Mumbai,24,26.02,0.0,12.6
2023-02-18,Mumbai,24,25.77,0.0,12.41
2023-02-19,Mumbai,24,28.72,0.0,8.86
2023-02-20,Mumbai,24,29.36,0.0,6.58
2023-02-21,Mumbai,24,27.25,0.0,10.09
2023-02-22,Mumbai,24,28.44,0.0,9.71
2023-02-23,Mumbai,24,28.47,0.0,10.16
2023-02-24,Mumbai,24,28.91,0.0,9.66
2023-02-25,Mumbai,24,29.33,0.0,9.94
2023-02-26,Mumbai,24,27.13,0.0,13.26
2023-02-27,Mumbai,24,29.25,0.0,10.26
2023-02-28,Mumbai,24,29.39,0.0,12.91
2023-03-01,Mumbai,24,31.46,0.0,14.71
2023-03-02,Mumbai,24,30.42,0.0,8.98
2023-03-03,Mumbai,24,29.93,0.0,10.68
2023-03-04,Mumbai,24,32.06,0.0,11.39
2023-03-05,Mumbai,24,29.18,0.0,8.83
2023-03-06,Mumbai,24,28.35,0.0,12.04
2023-03-07,Mumbai,24,33.11,0.0,12.45
2023-03-08,Mumbai,24,27.35,0.0,9.3
2023-03-09,Mumbai,24,28.55,0.0,11.48
2023-03-10,Mumbai,24,29.99,0.0,13.27
2023-03-11,Mumbai,24,28.34,0.19,12.7
2023-03-12,Mumbai,24,27.33,0.0,12.07
2023-03-13,Mumbai,24,28.17,0.0,12.48
2023-03-14,Mumbai,24,31.27,0.0,10.85
2023-03-15,Mumbai,24,29.05,0.0,8.95
2023-03-16,Mumbai,24,31.41,0.0,7.5
2023-03-17,Mumbai,24,28.43,0.0,11.04
2023-03-18,Mumbai,24,27.48,0.0,8.41
2023-03-19,Mumbai,24,27.93,0.0,6.24
2023-03-20,Mumbai,24,29.62,0.0,8.2
2023-03-21,Mumbai,24,30.45,0.0,9.93
2023-03-22,Mumbai,24,28.42,0.0,8.22
2023-03-23,Mumbai,24,28.39,0.0,11.46
2023-03-24,Mumbai,24,28.11,0.0,12.17
2023-03-25,Mumbai,24,28.82,0.0,8.48
2023-03-26,Mumbai,24,27.5,0.0,7.04
2023-03-27,Mumbai,24,28.0,0.0,11.18
2023-03-28,Mumbai,24,26.65,0.0,10.75
2023-03-29,Mumbai,24,28.61,0.0,11.76
2023-03-30,Mumbai,24,27.49,0.0,9.03
2023-03-31,Mumbai,24,27.59,0.0,13.59
2023-04-01,Mumbai,24,28.84,0.0,14.44
2023-04-02,Mumbai,24,28.99,0.0,11.59
2023-04-03,Mumbai,24,28.17,0.0,9.12
2023-04-04,Mumbai,24,27.39,0.0,12.25
2023-04-05,Mumbai,24,27.23,0.0,9.97
2023-04-06,Mumbai,24,27.51,0.0,12.46
2023-04-07,Mumbai,24,30.12,0.0,13.82
2023-04-08,Mumbai,24,29.13,0.0,13.15
2023-04-09,Mumbai,24,30.88,0.0,14.11
2023-04-10,Mumbai,24,30.11,0.0,14.38
2023-04-11,Mumbai,24,28.72,0.0,13.73
2023-04-12,Mumbai,24,28.48,0.0,9.9
2023-04-13,Mumbai,24,28.45,0.0,10.85
2023-04-14,Mumbai,24,30.12,0.0,8.78
2023-04-15,Mumbai,24,26.45,0.0,8.16
2023-04-16,Mumbai,24,26.2,0.0,9.75
2023-04-17,Mumbai,24,28.24,0.0,10.78
2023-04-18,Mumbai,24,29.45,0.0,12.4
2023-04-19,Mumbai,24,27.99,0.0,12.51
2023-04-20,Mumbai,24,28.91,0.0,13.99
2023-04-21,Mumbai,24,30.5,0.0,14.39
2023-04-22,Mumbai,24,29.73,0.0,15.09
2023-04-23,Mumbai,24,28.93,0.0,13.22
2023-04-24,Mumbai,24,30.12,0.0,11.68
2023-04-25,Mumbai,24,27.97,0.0,10.38
2023-04-26,Mumbai,24,28.54,0.0,13.05
2023-04-27,Mumbai,24,29.32,0.0,13.33
2023-04-28,Mumbai,24,29.11,0.0,13.85
2023-04-29,Mumbai,24,32.04,0.0,15.04
2023-04-30,Mumbai,24,30.78,0.0,16.21
2023-05-01,Mumbai,24,34.72,0.0,18.39
2023-05-02,Mumbai,24,35.12,0.0,18.96
2023-05-03,Mumbai,24,34.22,0.0,15.09
2023-05-04,Mumbai,24,33.07,0.0,15.12
2023-05-05,Mumbai,24,33.88,0.0,15.67
2023-05-06,Mumbai,24,33.47,0.0,17.93
2023-05-07,Mumbai,24,32.48,0.0,12.87
2023-05-08,Mumbai,24,31.93,0.0,12.75
2023-05-09,Mumbai,24,33.15,0.0,14.24
2023-05-10,Mumbai,24,32.46,0.0,13.36
2023-05-11,Mumbai,24,32.0,0.0,14.43
2023-05-12,Mumbai,24,33.24,0.0,13.94
2023-05-13,Mumbai,24,31.77,0.0,17.86
2023-05-14,Mumbai,24,31.47,0.0,15.56
2023-05-15,Mumbai,24,35.07,0.0,14.18
2023-05-16,Mumbai,24,32.98,0.0,16.1
2023-05-17,Mumbai,24,35.99,0.0,16.87
2023-05-18,Mumbai,24,34.58,0.0,16.35
2023-05-19,Mumbai,24,34.68,0.0,15.54
2023-05-20,Mumbai,24,32.58,0.0,16.36
2023-05-21,Mumbai,24,33.39,0.0,15.58
2023-05-22,Mumbai,24,34.31,6.35,13.64
2023-05-23,Mumbai,24,32.74,3.56,13.86
2023-05-24,Mumbai,24,32.68,0.0,14.41
2023-05-25,Mumbai,24,35.42,0.0,16.57
2023-05-26,Mumbai,24,34.62,0.0,16.64
2023-05-27,Mumbai,24,35.77,0.0,14.31
2023-05-28,Mumbai,24,34.14,0.0,14.43
2023-05-29,Mumbai,24,36.28,0.0,14.46
2023-05-30,Mumbai,24,33.91,0.0,15.71
2023-05-31,Mumbai,24,32.26,0.0,15.3
2023-06-01,Mumbai,24,31.93,0.0,24.89
2023-06-02,Mumbai,24,31.25,18.5,29.6
2023-06-03,Mumbai,24,33.88,30.73,33.03
2023-06-04,Mumbai,24,32.22,23.32,25.12
2023-06-05,Mumbai,24,31.51,8.99,24.33
2023-06-06,Mumbai,24,29.64,12.32,27.44
2023-06-07,Mumbai,24,29.0,88.13,36.6
2023-06-08,Mumbai,24,29.8,40.14,29.0
2023-06-09,Mumbai,24,27.52,25.59,24.04
2023-06-10,Mumbai,24,28.61,27.85,23.94
2023-06-11,Mumbai,24,27.33,41.84,29.21
2023-06-12,Mumbai,24,27.25,21.46,29.2
2023-06-13,Mumbai,24,29.07,28.31,28.15
2023-06-14,Mumbai,24,29.25,32.11,26.02
2023-06-15,Mumbai,24,29.76,0.0,23.62
2023-06-16,Mumbai,24,29.61,0.0,22.73
2023-06-17,Mumbai,24,31.58,0.0,22.56
2023-06-18,Mumbai,24,31.06,26.32,27.69
2023-06-19,Mumbai,24,30.97,0.0,22.42
2023-06-20,Mumbai,24,30.39,7.74,20.75
2023-06-21,Mumbai,24,30.45,0.0,21.47
2023-06-22,Mumbai,24,31.32,22.72,25.1
2023-06-23,Mumbai,24,30.45,26.18,24.16
2023-06-24,Mumbai,24,31.03,10.18,23.26
2023-06-25,Mumbai,24,29.14,34.86,27.23
2023-06-26,Mumbai,24,28.61,7.45,23.15
2023-06-27,Mumbai,24,26.53,45.3,30.54
2023-06-28,Mumbai,24,29.09,0.0,28.46
2023-06-29,Mumbai,24,29.1,0.0,24.4
2023-06-30,Mumbai,24,26.59,0.0,22.41
2023-07-01,Mumbai,24,23.8,21.42,31.52
2023-07-02,Mumbai,24,25.77,24.54,30.66
2023-07-03,Mumbai,24,24.85,14.25,27.66
2023-07-04,Mumbai,24,23.23,0.0,24.74
2023-07-05,Mumbai,24,24.16,0.0,26.67
2023-07-06,Mumbai,24,24.48,0.0,29.5
2023-07-07,Mumbai,24,25.64,0.0,23.46
2023-07-08,Mumbai,24,25.48,0.0,19.28
2023-07-09,Mumbai,24,28.53,0.0,20.7
2023-07-10,Mumbai,24,27.14,36.58,33.11
2023-07-11,Mumbai,24,29.48,3.52,21.08
2023-07-12,Mumbai,24,30.66,70.49,32.98
2023-07-13,Mumbai,24,29.21,0.0,22.16
2023-07-14,Mumbai,24,28.52,0.0,21.18
2023-07-15,Mumbai,24,27.52,0.0,24.51
2023-07-16,Mumbai,24,27.28,0.0,23.37
2023-07-17,Mumbai,24,26.17,0.0,24.32
2023-07-18,Mumbai,24,26.34,0.0,21.31
2023-07-19,Mumbai,24,27.44,0.0,24.76
2023-07-20,Mumbai,24,26.3,11.99,26.19
2023-07-21,Mumbai,24,27.11,29.3,26.58
2023-07-22,Mumbai,24,27.33,2.83,25.21
2023-07-23,Mumbai,24,27.37,16.35,29.41
2023-07-24,Mumbai,24,27.56,21.16,26.19
2023-07-25,Mumbai,24,26.64,36.62,34.39
2023-07-26,Mumbai,24,26.08,90.43,39.8
2023-07-27,Mumbai,24,27.29,0.0,26.08
2023-07-28,Mumbai,24,27.44,0.0,28.88
2023-07-29,Mumbai,24,25.87,0.0,25.92
2023-07-30,Mumbai,24,25.37,157.06,38.78
2023-07-31,Mumbai,24,24.37,11.99,26.62
2023-08-01,Mumbai,24,23.59,76.51,34.96
2023-08-02,Mumbai,24,25.39,0.0,21.77
2023-08-03,Mumbai,24,27.61,0.0,23.81
2023-08-04,Mumbai,24,27.31,0.0,22.26
2023-08-05,Mumbai,24,27.23,0.0,20.57
2023-08-06,Mumbai,24,29.73,5.8,19.22
2023-08-07,Mumbai,24,27.7,39.81,29.22
2023-08-08,Mumbai,24,29.02,26.03,23.05
2023-08-09,Mumbai,24,28.17,55.1,28.08
2023-08-10,Mumbai,24,25.76,21.64,26.13
2023-08-11,Mumbai,24,24.55,32.89,24.86
2023-08-12,Mumbai,24,23.6,0.23,19.0
2023-08-13,Mumbai,24,24.07,29.86,25.15
2023-08-14,Mumbai,24,24.31,21.52,21.61
2023-08-15,Mumbai,24,23.15,2.29,18.29
2023-08-16,Mumbai,24,23.82,17.28,22.01
2023-08-17,Mumbai,24,23.25,12.77,19.49
2023-08-18,Mumbai,24,23.95,47.08,25.5
2023-08-19,Mumbai,24,24.62,4.19,20.4
2023-08-20,Mumbai,24,26.42,39.52,26.08
2023-08-21,Mumbai,24,26.44,13.46,24.13
2023-08-22,Mumbai,24,27.0,28.23,24.81
2023-08-23,Mumbai,24,28.65,10.13,22.39
2023-08-24,Mumbai,24,29.21,10.99,21.04
2023-08-25,Mumbai,24,27.46,14.79,22.29
2023-08-26,Mumbai,24,26.93,33.29,26.09
2023-08-27,Mumbai,24,25.6,108.57,33.24
2023-08-28,Mumbai,24,26.97,50.19,24.3
2023-08-29,Mumbai,24,25.19,5.96,22.13
2023-08-30,Mumbai,24,24.38,30.24,26.16
2023-08-31,Mumbai,24,27.29,9.75,26.26
2023-09-01,Mumbai,24,26.55,17.52,22.04
2023-09-02,Mumbai,24,27.16,8.96,18.01
2023-09-03,Mumbai,24,29.13,0.0,17.59
2023-09-04,Mumbai,24,28.96,0.0,11.95
2023-09-05,Mumbai,24,29.19,0.0,13.48
2023-09-06,Mumbai,24,29.11,1.57,19.73
2023-09-07,Mumbai,24,29.02,6.64,16.35
2023-09-08,Mumbai,24,27.89,16.21,21.54
2023-09-09,Mumbai,24,26.95,13.17,19.43
2023-09-10,Mumbai,24,27.31,0.0,17.92
2023-09-11,Mumbai,24,26.4,0.0,13.94
2023-09-12,Mumbai,24,28.08,0.0,16.01
2023-09-13,Mumbai,24,29.14,0.0,13.21
2023-09-14,Mumbai,24,28.42,32.47,15.94
2023-09-15,Mumbai,24,29.83,19.83,19.25
2023-09-16,Mumbai,24,28.32,16.7,14.73
2023-09-17,Mumbai,24,29.03,6.03,14.98
2023-09-18,Mumbai,24,29.17,1.32,16.7
2023-09-19,Mumbai,24,29.47,6.83,16.15
2023-09-20,Mumbai,24,29.27,1.7,17.86
2023-09-21,Mumbai,24,29.87,4.89,18.78
2023-09-22,Mumbai,24,29.01,34.0,21.87
2023-09-23,Mumbai,24,28.27,1.86,14.0
2023-09-24,Mumbai,24,27.7,7.73,17.55
2023-09-25,Mumbai,24,29.33,16.21,20.81
2023-09-26,Mumbai,24,27.61,14.95,16.75
2023-09-27,Mumbai,24,29.35,14.48,18.3
2023-09-28,Mumbai,24,28.51,21.93,15.33
2023-09-29,Mumbai,24,27.66,1.3,15.45
2023-09-30,Mumbai,24,30.62,1.49,14.06
2023-10-01,Mumbai,24,31.47,0.0,5.43
2023-10-02,Mumbai,24,32.4,0.0,11.16
2023-10-03,Mumbai,24,32.18,0.0,12.64
2023-10-04,Mumbai,24,29.21,0.0,10.86
2023-10-05,Mumbai,24,30.57,0.0,12.93
2023-10-06,Mumbai,24,30.43,3.43,11.45
2023-10-07,Mumbai,24,29.73,0.0,10.99
2023-10-08,Mumbai,24,29.52,0.0,10.63
2023-10-09,Mumbai,24,27.74,0.0,12.37
2023-10-10,Mumbai,24,26.25,40.93,13.99
2023-10-11,Mumbai,24,24.96,0.0,12.53
2023-10-12,Mumbai,24,25.39,0.0,13.08
2023-10-13,Mumbai,24,27.21,0.0,11.85
2023-10-14,Mumbai,24,25.46,0.0,11.16
2023-10-15,Mumbai,24,27.46,0.0,11.18
2023-10-16,Mumbai,24,26.79,0.0,7.41
2023-10-17,Mumbai,24,26.21,0.0,9.95
2023-10-18,Mumbai,24,26.23,0.0,10.37
2023-10-19,Mumbai,24,25.64,0.0,11.18
2023-10-20,Mumbai,24,32.17,0.0,11.38
2023-10-21,Mumbai,24,31.26,0.0,10.44
2023-10-22,Mumbai,24,30.11,0.0,9.86
2023-10-23,Mumbai,24,31.59,0.0,10.55
2023-10-24,Mumbai,24,33.67,0.0,7.76
2023-10-25,Mumbai,24,28.46,0.0,10.1
2023-10-26,Mumbai,24,27.38,29.3,19.42
2023-10-27,Mumbai,24,29.08,0.0,9.83
2023-10-28,Mumbai,24,29.04,0.0,12.19
2023-10-29,Mumbai,24,28.46,0.0,13.16
2023-10-30,Mumbai,24,29.32,10.63,14.19
2023-10-31,Mumbai,24,28.29,0.0,7.93
2023-11-01,Mumbai,24,26.68,0.0,8.46
2023-11-02,Mumbai,24,26.47,0.0,6.29
2023-11-03,Mumbai,24,26.23,0.0,4.38
2023-11-04,Mumbai,24,26.76,0.0,0.97
2023-11-05,Mumbai,24,25.75,0.0,6.64
2023-11-06,Mumbai,24,27.66,0.0,5.56
2023-11-07,Mumbai,24,27.0,0.0,9.52
2023-11-08,Mumbai,24,25.12,0.0,8.1
2023-11-09,Mumbai,24,25.05,0.0,10.85
2023-11-10,Mumbai,24,25.5,28.95,11.96
2023-11-11,Mumbai,24,25.47,0.0,8.33
2023-11-12,Mumbai,24,24.31,0.0,6.37
2023-11-13,Mumbai,24,27.39,0.0,6.27
2023-11-14,Mumbai,24,29.67,0.0,4.82
2023-11-15,Mumbai,24,27.51,0.0,7.62
2023-11-16,Mumbai,24,29.07,0.0,6.08
2023-11-17,Mumbai,24,29.65,0.0,1.54
2023-11-18,Mumbai,24,29.06,0.0,2.8
2023-11-19,Mumbai,24,25.53,0.0,7.61
2023-11-20,Mumbai,24,25.3,0.0,6.42
2023-11-21,Mumbai,24,27.19,0.0,8.14
2023-11-22,Mumbai,24,25.9,0.0,8.86
2023-11-23,Mumbai,24,27.25,0.0,8.73
2023-11-24,Mumbai,24,28.35,0.0,7.91
2023-11-25,Mumbai,24,28.15,0.0,11.34
2023-11-26,Mumbai,24,25.37,0.0,10.56
2023-11-27,Mumbai,24,25.32,0.0,9.45
2023-11-28,Mumbai,24,26.67,0.0,7.48
2023-11-29,Mumbai,24,28.78,0.0,5.0
2023-11-30,Mumbai,24,28.13,0.0,4.93
2023-12-01,Mumbai,24,25.62,0.0,10.63
2023-12-02,Mumbai,24,26.47,0.0,11.29
2023-12-03,Mumbai,24,26.37,0.0,14.58
2023-12-04,Mumbai,24,28.76,0.0,13.54
2023-12-05,Mumbai,24,27.24,0.0,9.65
2023-12-06,Mumbai,24,26.56,0.0,10.4
2023-12-07,Mumbai,24,26.86,0.0,10.11
2023-12-08,Mumbai,24,26.57,0.0,7.71
2023-12-09,Mumbai,24,24.06,0.0,7.11
2023-12-10,Mumbai,24,24.7,0.0,6.73
2023-12-11,Mumbai,24,24.05,0.0,6.13
2023-12-12,Mumbai,24,25.58,0.0,9.49
2023-12-13,Mumbai,24,27.74,0.0,7.83
2023-12-14,Mumbai,24,28.68,0.0,8.23
2023-12-15,Mumbai,24,29.37,0.0,7.24
2023-12-16,Mumbai,24,28.95,0.0,9.71
2023-12-17,Mumbai,24,29.16,0.0,7.35
2023-12-18,Mumbai,24,25.31,0.0,5.04
2023-12-19,Mumbai,24,28.18,0.0,9.79
2023-12-20,Mumbai,24,29.48,0.0,8.95
2023-12-21,Mumbai,24,29.85,0.0,6.68
2023-12-22,Mumbai,24,30.83,0.0,10.21
2023-12-23,Mumbai,24,28.07,0.0,7.82
2023-12-24,Mumbai,24,28.91,0.0,8.73
2023-12-25,Mumbai,24,27.86,0.0,9.74
2023-12-26,Mumbai,24,27.95,0.0,7.07
2023-12-27,Mumbai,24,26.99,0.0,11.28
2023-12-28,Mumbai,24,26.89,0.0,11.63
2023-12-29,Mumbai,24,27.72,0.0,8.56
2023-12-30,Mumbai,24,25.23,0.0,5.78
2023-12-31,Mumbai,24,24.21,0.0,5.41
2024-01-01,Mumbai,24,21.72,0.0,7.86
2024-01-02,Mumbai,24,21.37,0.0,8.46
2024-01-03,Mumbai,24,23.08,0.0,9.87
2024-01-04,Mumbai,24,25.07,0.0,9.65
2024-01-05,Mumbai,24,23.08,0.0,11.93
2024-01-06,Mumbai,24,23.79,0.0,13.2
2024-01-07,Mumbai,24,25.49,0.0,12.77
2024-01-08,Mumbai,24,23.1,0.0,11.84
2024-01-09,Mumbai,24,22.59,0.0,11.19
2024-01-10,Mumbai,24,24.7,0.0,12.76
2024-01-11,Mumbai,24,26.01,0.0,13.42
2024-01-12,Mumbai,24,24.41,0.0,11.34
2024-01-13,Mumbai,24,24.98,0.0,6.89
2024-01-14,Mumbai,24,22.97,0.0,7.8
2024-01-15,Mumbai,24,21.59,0.0,6.25
2024-01-16,Mumbai,24,21.9,0.0,10.59
2024-01-17,Mumbai,24,22.47,0.0,6.95
2024-01-18,Mumbai,24,21.21,0.0,6.09
2024-01-19,Mumbai,24,22.93,0.0,8.04
2024-01-20,Mumbai,24,20.47,0.0,6.6
2024-01-21,Mumbai,24,22.76,0.0,9.02
2024-01-22,Mumbai,24,22.42,0.0,9.47
2024-01-23,Mumbai,24,23.61,0.0,6.07
2024-01-24,Mumbai,24,21.66,0.0,7.68
2024-01-25,Mumbai,24,21.54,0.0,10.84
2024-01-26,Mumbai,24,22.94,0.0,12.27
2024-01-27,Mumbai,24,22.52,0.0,8.23
2024-01-28,Mumbai,24,23.11,0.0,9.19
2024-01-29,Mumbai,24,25.26,0.0,6.31
2024-01-30,Mumbai,24,24.67,0.0,7.9
2024-01-31,Mumbai,24,24.39,0.0,5.02
2024-02-01,Mumbai,24,24.09,0.0,8.52
2024-02-02,Mumbai,24,28.53,0.0,6.24
2024-02-03,Mumbai,24,25.74,0.0,10.84
2024-02-04,Mumbai,24,24.6,0.0,5.51
2024-02-05,Mumbai,24,25.33,0.0,4.18
2024-02-06,Mumbai,24,23.0,0.0,8.37
2024-02-07,Mumbai,24,24.54,0.0,6.88
2024-02-08,Mumbai,24,22.88,0.0,7.82
2024-02-09,Mumbai,24,22.38,0.0,9.19
2024-02-10,Mumbai,24,24.15,0.0,11.16
2024-02-11,Mumbai,24,24.46,0.0,10.0
2024-02-12,Mumbai,24,24.39,0.0,9.56
2024-02-13,Mumbai,24,23.26,0.0,9.69
2024-02-14,Mumbai,24,25.89,0.0,10.57
2024-02-15,Mumbai,24,26.67,0.0,7.5
2024-02-16,Mumbai,24,26.53,0.0,6.07
2024-02-17,Mumbai,24,26.16,0.0,8.41
2024-02-18,Mumbai,24,27.04,0.0,11.35
2024-02-19,Mumbai,24,27.87,0.0,10.61
2024-02-20,Mumbai,24,24.71,0.0,6.88
2024-02-21,Mumbai,24,22.29,0.0,7.9
2024-02-22,Mumbai,24,24.04,0.0,11.63
2024-02-23,Mumbai,24,24.24,0.0,9.88
2024-02-24,Mumbai,24,25.54,0.0,9.23
2024-02-25,Mumbai,24,24.69,0.0,11.77
2024-02-26,Mumbai,24,22.08,0.0,8.42
2024-02-27,Mumbai,24,23.12,0.0,6.78
2024-02-28,Mumbai,24,27.22,0.0,5.08
2024-02-29,Mumbai,24,23.54,0.0,6.98
2024-03-01,Mumbai,24,27.23,0.0,14.04
2024-03-02,Mumbai,24,27.13,0.0,10.08
2024-03-03,Mumbai,24,29.39,0.0,9.78
2024-03-04,Mumbai,24,29.44,0.0,8.94
2024-03-05,Mumbai,24,32.67,0.0,6.53
2024-03-06,Mumbai,24,29.85,0.0,7.12
2024-03-07,Mumbai,24,29.49,0.0,12.01
2024-03-08,Mumbai,24,29.14,0.0,10.02
2024-03-09,Mumbai,24,26.25,0.0,13.45
2024-03-10,Mumbai,24,28.55,0.0,7.33
2024-03-11,Mumbai,24,25.16,0.0,9.35
2024-03-12,Mumbai,24,27.76,1.1,9.18
2024-03-13,Mumbai,24,31.19,0.0,10.1
2024-03-14,Mumbai,24,32.33,0.0,11.03
2024-03-15,Mumbai,24,29.39,0.0,12.01
2024-03-16,Mumbai,24,28.04,0.0,8.41
2024-03-17,Mumbai,24,28.66,0.0,9.47
2024-03-18,Mumbai,24,28.76,0.0,9.6
2024-03-19,Mumbai,24,28.97,0.0,12.99
2024-03-20,Mumbai,24,28.24,0.0,11.98
2024-03-21,Mumbai,24,27.14,0.0,14.15
2024-03-22,Mumbai,24,31.14,0.0,11.86
2024-03-23,Mumbai,24,29.79,0.0,10.89
2024-03-24,Mumbai,24,29.97,0.0,6.44
2024-03-25,Mumbai,24,31.75,0.0,8.99
2024-03-26,Mumbai,24,27.36,0.0,7.73
2024-03-27,Mumbai,24,28.52,0.0,9.79
2024-03-28,Mumbai,24,26.81,0.0,10.2
2024-03-29,Mumbai,24,27.12,0.0,10.02
2024-03-30,Mumbai,24,27.87,0.0,12.28
2024-03-31,Mumbai,24,27.11,0.0,13.23
2024-04-01,Mumbai,24,28.02,0.0,15.05
2024-04-02,Mumbai,24,27.62,0.0,11.02
2024-04-03,Mumbai,24,29.37,0.0,12.27
2024-04-04,Mumbai,24,29.93,0.0,15.57
2024-04-05,Mumbai,24,31.8,0.0,16.97
2024-04-06,Mumbai,24,31.02,0.0,10.84
2024-04-07,Mumbai,24,31.62,0.0,13.24
2024-04-08,Mumbai,24,31.31,0.0,11.07
2024-04-09,Mumbai,24,26.05,0.0,14.98
2024-04-10,Mumbai,24,27.48,0.0,9.14
2024-04-11,Mumbai,24,27.41,0.0,11.64
2024-04-12,Mumbai,24,28.92,0.0,12.94
2024-04-13,Mumbai,24,30.82,0.0,13.49
2024-04-14,Mumbai,24,30.34,0.0,11.62
2024-04-15,Mumbai,24,27.19,0.0,10.91
2024-04-16,Mumbai,24,28.02,0.0,11.89
2024-04-17,Mumbai,24,28.43,0.0,15.81
2024-04-18,Mumbai,24,30.54,0.0,13.68
2024-04-19,Mumbai,24,30.51,0.0,9.56
2024-04-20,Mumbai,24,30.4,0.0,15.55
2024-04-21,Mumbai,24,31.29,0.0,14.41
2024-04-22,Mumbai,24,31.12,0.0,11.1
2024-04-23,Mumbai,24,29.82,0.0,12.34
2024-04-24,Mumbai,24,30.58,0.0,12.82
2024-04-25,Mumbai,24,30.26,0.0,11.67
2024-04-26,Mumbai,24,27.23,0.0,10.79
2024-04-27,Mumbai,24,25.16,0.0,13.49
2024-04-28,Mumbai,24,27.59,0.0,11.66
2024-04-29,Mumbai,24,28.07,0.0,14.95
2024-04-30,Mumbai,24,30.42,0.0,14.76
2024-05-01,Mumbai,24,27.67,0.0,14.13
2024-05-02,Mumbai,24,31.79,0.0,12.98
2024-05-03,Mumbai,24,29.14,0.0,14.55
2024-05-04,Mumbai,24,30.05,0.0,14.78
2024-05-05,Mumbai,24,31.38,0.0,13.93
2024-05-06,Mumbai,24,30.96,0.0,16.73
2024-05-07,Mumbai,24,30.25,0.0,12.67
2024-05-08,Mumbai,24,30.53,0.0,13.49
2024-05-09,Mumbai,24,29.66,0.0,14.05
2024-05-10,Mumbai,24,31.38,0.0,12.95
2024-05-11,Mumbai,24,29.34,0.0,12.5
2024-05-12,Mumbai,24,29.33,0.0,13.67
2024-05-13,Mumbai,24,28.55,0.0,10.11
2024-05-14,Mumbai,24,30.02,10.99,16.76
2024-05-15,Mumbai,24,31.1,0.0,15.74
2024-05-16,Mumbai,24,31.64,0.0,14.0
2024-05-17,Mumbai,24,28.58,0.0,19.96
2024-05-18,Mumbai,24,29.0,0.0,15.65
2024-05-19,Mumbai,24,29.88,0.0,17.89
2024-05-20,Mumbai,24,30.39,0.0,18.2
2024-05-21,Mumbai,24,30.26,0.0,19.55
2024-05-22,Mumbai,24,30.54,0.0,15.56
2024-05-23,Mumbai,24,32.01,0.0,15.41
2024-05-24,Mumbai,24,29.09,0.0,12.06
2024-05-25,Mumbai,24,31.74,0.0,17.17
2024-05-26,Mumbai,24,28.82,0.0,20.8
2024-05-27,Mumbai,24,32.37,0.0,18.08
2024-05-28,Mumbai,24,31.86,0.0,15.22
2024-05-29,Mumbai,24,31.66,0.0,17.45
2024-05-30,Mumbai,24,31.67,0.0,15.71
2024-05-31,Mumbai,24,28.13,0.0,18.1
2024-06-01,Mumbai,24,28.01,0.0,24.08
2024-06-02,Mumbai,24,29.15,22.89,26.63
2024-06-03,Mumbai,24,29.61,2.14,23.1
2024-06-04,Mumbai,24,31.57,31.05,29.36
2024-06-05,Mumbai,24,28.16,34.78,27.67
2024-06-06,Mumbai,24,26.79,14.6,23.57
2024-06-07,Mumbai,24,28.13,0.0,19.29
2024-06-08,Mumbai,24,29.38,31.24,24.72
2024-06-09,Mumbai,24,29.03,20.09,24.16
2024-06-10,Mumbai,24,29.45,24.9,25.89
2024-06-11,Mumbai,24,28.16,6.17,22.41
2024-06-12,Mumbai,24,28.54,9.7,24.63
2024-06-13,Mumbai,24,26.83,21.94,27.58
2024-06-14,Mumbai,24,28.41,36.22,30.74
2024-06-15,Mumbai,24,27.68,14.82,24.97
2024-06-16,Mumbai,24,30.13,14.18,26.65
2024-06-17,Mumbai,24,31.5,31.17,29.77
2024-06-18,Mumbai,24,32.7,25.82,26.8
2024-06-19,Mumbai,24,32.14,13.33,25.61
2024-06-20,Mumbai,24,31.16,5.89,24.32
2024-06-21,Mumbai,24,30.68,8.66,25.49
2024-06-22,Mumbai,24,31.95,1.97,25.1
2024-06-23,Mumbai,24,31.07,12.89,24.73
2024-06-24,Mumbai,24,29.91,45.59,33.3
2024-06-25,Mumbai,24,30.67,0.78,21.37
2024-06-26,Mumbai,24,32.62,11.85,20.68
2024-06-27,Mumbai,24,31.53,26.36,27.68
2024-06-28,Mumbai,24,33.12,22.73,28.52
2024-06-29,Mumbai,24,30.93,26.3,27.27
2024-06-30,Mumbai,24,31.08,25.72,26.76
2024-07-01,Mumbai,24,29.72,16.2,25.16
2024-07-02,Mumbai,24,29.24,36.13,28.96
2024-07-03,Mumbai,24,27.31,10.29,27.75
2024-07-04,Mumbai,24,27.85,26.17,34.04
2024-07-05,Mumbai,24,27.53,11.1,31.04
2024-07-06,Mumbai,24,29.44,6.71,29.48
2024-07-07,Mumbai,24,29.14,2.99,27.62
2024-07-08,Mumbai,24,28.4,18.4,28.26
2024-07-09,Mumbai,24,28.41,5.91,23.62
2024-07-10,Mumbai,24,27.07,18.68,25.94
2024-07-11,Mumbai,24,29.68,17.09,24.09
2024-07-12,Mumbai,24,27.55,35.39,28.34
2024-07-13,Mumbai,24,27.2,63.41,34.16
2024-07-14,Mumbai,24,27.47,2.46,23.35
2024-07-15,Mumbai,24,27.76,20.65,29.84
2024-07-16,Mumbai,24,27.35,15.7,23.85
2024-07-17,Mumbai,24,27.52,28.59,26.89
2024-07-18,Mumbai,24,28.53,40.66,28.63
2024-07-19,Mumbai,24,28.05,51.84,31.96
2024-07-20,Mumbai,24,27.9,32.35,24.54
2024-07-21,Mumbai,24,26.82,11.84,25.76
2024-07-22,Mumbai,24,29.3,34.79,29.51
2024-07-23,Mumbai,24,25.96,26.92,27.01
2024-07-24,Mumbai,24,29.11,0.0,25.57
2024-07-25,Mumbai,24,29.05,32.86,32.18
2024-07-26,Mumbai,24,26.76,70.8,39.37
2024-07-27,Mumbai,24,26.33,5.38,26.93
2024-07-28,Mumbai,24,26.38,21.98,27.56
2024-07-29,Mumbai,24,29.54,16.2,28.18
2024-07-30,Mumbai,24,28.72,21.97,28.22
2024-07-31,Mumbai,24,27.95,9.48,27.39
2024-08-01,Mumbai,24,27.0,12.69,23.71
2024-08-02,Mumbai,24,27.09,12.38,23.45
2024-08-03,Mumbai,24,27.97,12.75,24.23
2024-08-04,Mumbai,24,29.31,7.03,20.66
2024-08-05,Mumbai,24,28.45,22.06,21.7
2024-08-06,Mumbai,24,27.52,7.39,21.25
2024-08-07,Mumbai,24,27.86,13.62,24.99
2024-08-08,Mumbai,24,27.19,7.37,22.7
2024-08-09,Mumbai,24,28.71,11.89,24.63
2024-08-10,Mumbai,24,30.62,47.62,27.85
2024-08-11,Mumbai,24,27.84,6.76,21.73
2024-08-12,Mumbai,24,28.46,41.75,26.98
2024-08-13,Mumbai,24,28.89,31.99,27.2
2024-08-14,Mumbai,24,27.6,12.22,21.01
2024-08-15,Mumbai,24,30.39,32.83,28.27
2024-08-16,Mumbai,24,29.09,22.9,25.78
2024-08-17,Mumbai,24,28.02,10.93,25.25
2024-08-18,Mumbai,24,28.37,13.96,26.76
2024-08-19,Mumbai,24,27.71,10.31,23.43
2024-08-20,Mumbai,24,27.78,7.02,19.15
2024-08-21,Mumbai,24,28.65,18.76,23.83
2024-08-22,Mumbai,24,26.4,10.56,19.71
2024-08-23,Mumbai,24,28.15,0.54,21.97
2024-08-24,Mumbai,24,29.32,39.12,28.47
2024-08-25,Mumbai,24,27.72,17.91,25.5
2024-08-26,Mumbai,24,28.87,32.77,28.83
2024-08-27,Mumbai,24,28.26,20.55,26.52
2024-08-28,Mumbai,24,26.75,15.49,28.02
2024-08-29,Mumbai,24,30.34,10.44,24.77
2024-08-30,Mumbai,24,27.79,21.16,29.49
2024-08-31,Mumbai,24,26.65,23.74,24.18
2024-09-01,Mumbai,24,26.22,8.12,20.74
2024-09-02,Mumbai,24,26.57,1.31,14.92
2024-09-03,Mumbai,24,27.5,9.05,16.29
2024-09-04,Mumbai,24,27.09,11.28,20.78
2024-09-05,Mumbai,24,30.55,8.49,17.46
2024-09-06,Mumbai,24,29.52,12.81,17.7
2024-09-07,Mumbai,24,28.59,0.0,14.08
2024-09-08,Mumbai,24,28.27,0.0,15.25
2024-09-09,Mumbai,24,29.47,26.5,19.45
2024-09-10,Mumbai,24,29.7,28.15,22.28
2024-09-11,Mumbai,24,29.43,9.66,15.86
2024-09-12,Mumbai,24,29.22,20.99,18.87
2024-09-13,Mumbai,24,30.01,3.95,18.68
2024-09-14,Mumbai,24,29.94,23.17,22.84
2024-09-15,Mumbai,24,30.03,5.14,19.2
2024-09-16,Mumbai,24,29.05,15.51,22.4
2024-09-17,Mumbai,24,28.61,5.26,19.12
2024-09-18,Mumbai,24,27.14,4.15,16.21
2024-09-19,Mumbai,24,29.19,4.15,16.38
2024-09-20,Mumbai,24,29.83,8.55,14.9
2024-09-21,Mumbai,24,29.66,21.38,16.89
2024-09-22,Mumbai,24,28.51,1.07,14.42
2024-09-23,Mumbai,24,28.68,3.39,15.02
2024-09-24,Mumbai,24,28.32,5.0,16.15
2024-09-25,Mumbai,24,29.45,3.1,19.02
2024-09-26,Mumbai,24,28.36,14.17,21.03
2024-09-27,Mumbai,24,28.06,13.04,16.52
2024-09-28,Mumbai,24,27.33,25.96,17.92
2024-09-29,Mumbai,24,26.92,12.59,13.3
2024-09-30,Mumbai,24,28.28,5.15,14.06
2024-10-01,Mumbai,24,30.66,0.0,10.13
2024-10-02,Mumbai,24,30.9,0.0,12.12
2024-10-03,Mumbai,24,30.62,0.0,10.16
2024-10-04,Mumbai,24,30.15,0.0,9.2
2024-10-05,Mumbai,24,29.73,0.0,8.71
2024-10-06,Mumbai,24,30.79,0.0,11.91
2024-10-07,Mumbai,24,28.66,0.0,11.93
2024-10-08,Mumbai,24,27.06,0.0,13.48
2024-10-09,Mumbai,24,27.93,0.0,9.89
2024-10-10,Mumbai,24,29.48,3.38,11.1
2024-10-11,Mumbai,24,29.88,0.0,15.97
2024-10-12,Mumbai,24,31.02,0.0,9.44
2024-10-13,Mumbai,24,31.0,0.0,8.21
2024-10-14,Mumbai,24,28.19,0.0,7.0
2024-10-15,Mumbai,24,30.98,8.82,14.58
2024-10-16,Mumbai,24,29.12,7.21,9.92
2024-10-17,Mumbai,24,28.24,0.0,11.81
2024-10-18,Mumbai,24,29.39,0.0,8.82
2024-10-19,Mumbai,24,28.11,0.0,10.32
2024-10-20,Mumbai,24,30.75,0.0,11.0
2024-10-21,Mumbai,24,30.31,0.0,7.23
2024-10-22,Mumbai,24,29.86,0.0,9.34
2024-10-23,Mumbai,24,28.35,0.0,9.64
2024-10-24,Mumbai,24,29.08,0.0,10.33
2024-10-25,Mumbai,24,30.78,0.0,7.89
2024-10-26,Mumbai,24,32.88,0.0,9.5
2024-10-27,Mumbai,24,32.3,0.0,8.35
2024-10-28,Mumbai,24,33.93,0.0,10.72
2024-10-29,Mumbai,24,32.39,0.0,12.54
2024-10-30,Mumbai,24,29.42,0.0,12.19
2024-10-31,Mumbai,24,28.61,0.0,13.79
2024-11-01,Mumbai,24,25.32,0.0,3.05
2024-11-02,Mumbai,24,25.37,0.0,5.15
2024-11-03,Mumbai,24,27.81,0.0,5.62
2024-11-04,Mumbai,24,27.4,0.0,6.61
2024-11-05,Mumbai,24,28.84,0.0,6.52
2024-11-06,Mumbai,24,29.81,0.0,7.0
2024-11-07,Mumbai,24,29.45,0.0,9.49
2024-11-08,Mumbai,24,28.99,0.0,12.73
2024-11-09,Mumbai,24,29.34,0.0,10.58
2024-11-10,Mumbai,24,31.04,0.0,12.1
2024-11-11,Mumbai,24,28.06,0.0,11.99
2024-11-12,Mumbai,24,29.64,0.0,6.83
2024-11-13,Mumbai,24,31.03,0.0,9.44
2024-11-14,Mumbai,24,29.0,0.0,7.81
2024-11-15,Mumbai,24,27.69,0.0,9.28
2024-11-16,Mumbai,24,27.02,0.0,9.69
2024-11-17,Mumbai,24,25.98,0.0,11.08
2024-11-18,Mumbai,24,27.47,0.0,9.61
2024-11-19,Mumbai,24,27.8,0.0,11.09
2024-11-20,Mumbai,24,27.47,0.0,10.0
2024-11-21,Mumbai,24,27.31,0.0,6.13
2024-11-22,Mumbai,24,26.59,0.0,9.65
2024-11-23,Mumbai,24,28.46,0.0,9.53
2024-11-24,Mumbai,24,29.82,0.0,7.69
2024-11-25,Mumbai,24,29.9,0.0,10.44
2024-11-26,Mumbai,24,31.13,0.0,7.9
2024-11-27,Mumbai,24,30.09,0.0,8.38
2024-11-28,Mumbai,24,28.66,0.0,9.73
2024-11-29,Mumbai,24,30.28,0.0,11.29
2024-11-30,Mumbai,24,27.88,0.0,10.63
2024-12-01,Mumbai,24,28.23,0.0,8.13
2024-12-02,Mumbai,24,30.53,0.41,9.69
2024-12-03,Mumbai,24,29.67,0.0,13.48
2024-12-04,Mumbai,24,29.65,0.0,11.7
2024-12-05,Mumbai,24,29.24,0.0,9.32
2024-12-06,Mumbai,24,28.49,0.0,7.74
2024-12-07,Mumbai,24,28.64,0.0,7.97
2024-12-08,Mumbai,24,27.78,0.0,10.27
2024-12-09,Mumbai,24,26.34,0.0,8.92
2024-12-10,Mumbai,24,27.97,0.0,7.4
2024-12-11,Mumbai,24,26.63,0.0,10.23
2024-12-12,Mumbai,24,23.5,0.0,9.25
2024-12-13,Mumbai,24,24.31,0.0,8.13
2024-12-14,Mumbai,24,24.62,0.0,8.38
2024-12-15,Mumbai,24,25.29,0.0,8.51
2024-12-16,Mumbai,24,26.4,0.0,8.53
2024-12-17,Mumbai,24,28.75,0.0,9.06
2024-12-18,Mumbai,24,26.28,0.0,11.59
2024-12-19,Mumbai,24,24.86,0.0,10.97
2024-12-20,Mumbai,24,26.64,0.0,8.92
2024-12-21,Mumbai,24,26.63,0.0,5.47
2024-12-22,Mumbai,24,25.64,0.0,9.32
2024-12-23,Mumbai,24,27.7,0.0,10.35
2024-12-24,Mumbai,24,26.98,0.0,7.56
2024-12-25,Mumbai,24,27.27,0.0,8.65
2024-12-26,Mumbai,24,24.27,0.0,8.47
2024-12-27,Mumbai,24,26.0,0.0,10.22
2024-12-28,Mumbai,24,24.98,0.0,8.18
2024-12-29,Mumbai,24,27.0,0.0,8.33
2024-12-30,Mumbai,24,28.26,0.0,9.89
2024-12-31,Mumbai,24,28.4,0.0,7.41
2025-01-01,Mumbai,24,22.35,0.0,9.73
2025-01-02,Mumbai,24,21.04,0.0,8.16
2025-01-03,Mumbai,24,25.16,0.0,12.43
2025-01-04,Mumbai,24,25.18,0.0,13.0
2025-01-05,Mumbai,24,26.0,0.0,11.95
2025-01-06,Mumbai,24,27.2,0.0,13.1
2025-01-07,Mumbai,24,25.94,0.0,14.55
2025-01-08,Mumbai,24,26.7,0.0,14.36
2025-01-09,Mumbai,24,25.01,0.0,7.17
2025-01-10,Mumbai,24,25.59,1.84,7.2
2025-01-11,Mumbai,24,23.66,0.0,8.15
2025-01-12,Mumbai,24,23.22,0.0,9.68
2025-01-13,Mumbai,24,22.09,0.0,8.36
2025-01-14,Mumbai,24,20.62,0.0,11.19
2025-01-15,Mumbai,24,22.17,0.0,12.37
2025-01-16,Mumbai,24,23.75,0.0,9.97
2025-01-17,Mumbai,24,22.64,0.0,10.98
2025-01-18,Mumbai,24,23.91,0.0,9.14
2025-01-19,Mumbai,24,24.3,0.0,11.25
2025-01-20,Mumbai,24,26.28,0.0,10.68
2025-01-21,Mumbai,24,25.42,0.0,8.76
2025-01-22,Mumbai,24,23.05,0.0,10.95
2025-01-23,Mumbai,24,22.83,0.0,7.72
2025-01-24,Mumbai,24,23.42,0.0,4.61
2025-01-25,Mumbai,24,24.11,0.0,3.96
2025-01-26,Mumbai,24,25.91,0.0,10.55
2025-01-27,Mumbai,24,25.52,0.0,8.64
2025-01-28,Mumbai,24,25.98,0.0,8.1
2025-01-29,Mumbai,24,24.06,0.0,13.66
2025-01-30,Mumbai,24,23.03,0.0,7.97
2025-01-31,Mumbai,24,23.16,0.0,7.69
2025-02-01,Mumbai,24,22.94,0.0,7.69
2025-02-02,Mumbai,24,23.73,0.0,9.12
2025-02-03,Mumbai,24,23.3,0.0,12.07
2025-02-04,Mumbai,24,22.52,0.0,9.2
2025-02-05,Mumbai,24,22.05,0.0,10.57
2025-02-06,Mumbai,24,22.85,0.0,7.62
2025-02-07,Mumbai,24,24.3,0.0,6.74
2025-02-08,Mumbai,24,25.88,0.0,11.18
2025-02-09,Mumbai,24,25.46,0.0,6.03
2025-02-10,Mumbai,24,26.14,0.0,11.11
2025-02-11,Mumbai,24,25.69,0.0,9.83
2025-02-12,Mumbai,24,24.64,0.0,5.34
2025-02-13,Mumbai,24,25.25,0.0,9.1
2025-02-14,Mumbai,24,26.14,0.0,11.09
2025-02-15,Mumbai,24,22.98,0.0,9.7
2025-02-16,Mumbai,24,25.47,0.0,5.78
2025-02-17,Mumbai,24,25.66,0.0,11.2
2025-02-18,Mumbai,24,26.26,0.0,7.73
2025-02-19,Mumbai,24,26.96,0.0,10.57
2025-02-20,Mumbai,24,27.6,0.0,9.31
2025-02-21,Mumbai,24,28.08,0.0,10.0
2025-02-22,Mumbai,24,26.52,0.0,7.53
2025-02-23,Mumbai,24,28.06,0.0,7.92
2025-02-24,Mumbai,24,27.31,0.0,10.54
2025-02-25,Mumbai,24,28.26,0.0,6.74
2025-02-26,Mumbai,24,23.89,0.0,6.65
2025-02-27,Mumbai,24,25.07,0.0,10.7
2025-02-28,Mumbai,24,25.71,0.0,7.84
2025-03-01,Mumbai,24,27.21,0.0,7.84
2025-03-02,Mumbai,24,26.57,0.0,8.9
2025-03-03,Mumbai,24,28.37,0.0,9.26
2025-03-04,Mumbai,24,23.44,0.0,7.18
2025-03-05,Mumbai,24,26.85,0.0,9.82
2025-03-06,Mumbai,24,27.03,0.0,13.68
2025-03-07,Mumbai,24,27.21,0.0,9.96
2025-03-08,Mumbai,24,28.0,0.0,10.68
2025-03-09,Mumbai,24,27.18,0.0,9.74
2025-03-10,Mumbai,24,28.25,0.0,11.62
2025-03-11,Mumbai,24,23.94,0.0,10.71
2025-03-12,Mumbai,24,23.56,0.0,10.59
2025-03-13,Mumbai,24,23.81,0.0,10.92
2025-03-14,Mumbai,24,28.08,0.0,10.28
2025-03-15,Mumbai,24,28.66,0.0,12.3
2025-03-16,Mumbai,24,26.48,0.0,12.79
2025-03-17,Mumbai,24,27.65,0.0,10.76
2025-03-18,Mumbai,24,29.76,0.0,11.39
2025-03-19,Mumbai,24,31.84,0.0,11.8
2025-03-20,Mumbai,24,33.33,0.0,13.99
2025-03-21,Mumbai,24,33.09,0.0,10.07
2025-03-22,Mumbai,24,31.99,0.0,10.29
2025-03-23,Mumbai,24,29.28,0.0,10.67
2025-03-24,Mumbai,24,27.97,0.0,13.05
2025-03-25,Mumbai,24,27.06,0.0,10.31
2025-03-26,Mumbai,24,26.96,0.0,11.32
2025-03-27,Mumbai,24,28.46,0.0,9.87
2025-03-28,Mumbai,24,27.73,0.0,6.64
2025-03-29,Mumbai,24,27.24,0.0,10.42
2025-03-30,Mumbai,24,29.82,0.0,11.17
2025-03-31,Mumbai,24,28.44,0.0,8.89
2025-04-01,Mumbai,24,30.27,0.0,11.88
2025-04-02,Mumbai,24,31.01,0.0,13.45
2025-04-03,Mumbai,24,29.77,0.0,11.44
2025-04-04,Mumbai,24,30.59,0.0,10.13
2025-04-05,Mumbai,24,32.61,0.0,10.45
2025-04-06,Mumbai,24,29.19,0.0,9.41
2025-04-07,Mumbai,24,30.81,0.0,12.49
2025-04-08,Mumbai,24,30.7,0.0,13.58
2025-04-09,Mumbai,24,30.1,0.0,12.94
2025-04-10,Mumbai,24,33.41,0.0,11.04
2025-04-11,Mumbai,24,34.61,0.0,12.97
2025-04-12,Mumbai,24,32.64,0.0,15.6
2025-04-13,Mumbai,24,30.84,0.0,10.69
2025-04-14,Mumbai,24,34.8,0.0,10.54
2025-04-15,Mumbai,24,34.05,0.0,9.66
2025-04-16,Mumbai,24,34.37,0.0,13.67
2025-04-17,Mumbai,24,34.73,0.0,13.05
2025-04-18,Mumbai,24,32.71,0.0,12.62
2025-04-19,Mumbai,24,32.24,0.0,11.18
2025-04-20,Mumbai,24,33.72,0.0,11.88
2025-04-21,Mumbai,24,34.34,0.0,13.64
2025-04-22,Mumbai,24,29.93,0.0,9.58
2025-04-23,Mumbai,24,31.5,0.0,13.41
2025-04-24,Mumbai,24,34.63,0.0,14.75
2025-04-25,Mumbai,24,30.27,0.0,16.01
2025-04-26,Mumbai,24,34.17,0.0,14.87
2025-04-27,Mumbai,24,33.4,0.0,13.51
2025-04-28,Mumbai,24,33.45,0.0,12.46
2025-04-29,Mumbai,24,32.06,0.0,14.26
2025-04-30,Mumbai,24,34.73,0.0,17.2
2025-05-01,Mumbai,24,36.4,0.0,17.09
2025-05-02,Mumbai,24,35.33,0.0,15.92
2025-05-03,Mumbai,24,32.74,0.0,19.04
2025-05-04,Mumbai,24,34.98,0.0,17.97
2025-05-05,Mumbai,24,37.23,0.0,14.43
2025-05-06,Mumbai,24,33.35,0.0,14.94
2025-05-07,Mumbai,24,30.3,0.0,13.32
2025-05-08,Mumbai,24,31.22,0.0,14.82
2025-05-09,Mumbai,24,28.54,0.0,13.52
2025-05-10,Mumbai,24,28.45,0.0,13.81
2025-05-11,Mumbai,24,29.14,0.0,11.1
2025-05-12,Mumbai,24,30.33,0.0,14.37
2025-05-13,Mumbai,24,34.09,0.0,11.63
2025-05-14,Mumbai,24,31.62,0.0,14.46
2025-05-15,Mumbai,24,33.41,0.0,13.59
2025-05-16,Mumbai,24,28.66,0.0,13.9
2025-05-17,Mumbai,24,30.11,0.0,14.95
2025-05-18,Mumbai,24,29.01,0.0,14.0
2025-05-19,Mumbai,24,28.85,0.0,14.55
2025-05-20,Mumbai,24,30.82,0.0,12.4
2025-05-21,Mumbai,24,33.25,0.0,19.33
2025-05-22,Mumbai,24,31.84,0.0,15.32
2025-05-23,Mumbai,24,32.26,0.0,17.19
2025-05-24,Mumbai,24,30.28,0.0,14.81
2025-05-25,Mumbai,24,32.55,0.0,14.49
2025-05-26,Mumbai,24,29.47,0.0,12.21
2025-05-27,Mumbai,24,33.58,0.0,15.5
2025-05-28,Mumbai,24,32.28,0.0,12.42
2025-05-29,Mumbai,24,36.52,0.0,16.72
2025-05-30,Mumbai,24,36.42,0.0,15.69
2025-05-31,Mumbai,24,32.95,0.0,15.02
2025-06-01,Mumbai,24,31.11,21.91,22.97
2025-06-02,Mumbai,24,29.04,8.53,19.4
2025-06-03,Mumbai,24,28.71,30.32,24.59
2025-06-04,Mumbai,24,31.06,2.58,22.78
2025-06-05,Mumbai,24,30.81,21.26,26.4
2025-06-06,Mumbai,24,29.65,16.82,23.27
2025-06-07,Mumbai,24,28.95,0.0,25.22
2025-06-08,Mumbai,24,30.63,1.76,22.97
2025-06-09,Mumbai,24,29.44,0.0,21.64
2025-06-10,Mumbai,24,28.72,18.62,25.59
2025-06-11,Mumbai,24,31.95,16.27,23.84
2025-06-12,Mumbai,24,31.22,7.05,22.5
2025-06-13,Mumbai,24,31.3,0.0,23.95
2025-06-14,Mumbai,24,30.34,13.36,20.74
2025-06-15,Mumbai,24,31.91,77.26,32.72
2025-06-16,Mumbai,24,32.43,0.0,24.13
2025-06-17,Mumbai,24,32.86,14.8,21.72
2025-06-18,Mumbai,24,30.49,0.0,24.61
2025-06-19,Mumbai,24,30.33,15.62,23.41
2025-06-20,Mumbai,24,31.96,56.05,32.74
2025-06-21,Mumbai,24,33.37,41.23,30.01
2025-06-22,Mumbai,24,31.66,25.84,26.58
2025-06-23,Mumbai,24,30.32,37.75,26.32
2025-06-24,Mumbai,24,29.42,3.96,21.95
2025-06-25,Mumbai,24,29.45,0.0,22.07
2025-06-26,Mumbai,24,28.1,0.0,14.89
2025-06-27,Mumbai,24,30.52,0.0,19.33
2025-06-28,Mumbai,24,30.2,15.68,26.1
2025-06-29,Mumbai,24,27.86,0.0,22.63
2025-06-30,Mumbai,24,27.93,0.0,24.46
2025-07-01,Mumbai,24,25.69,41.37,32.95
2025-07-02,Mumbai,24,22.76,22.35,31.28
2025-07-03,Mumbai,24,26.57,39.22,30.3
2025-07-04,Mumbai,24,29.05,24.85,28.32
2025-07-05,Mumbai,24,28.65,84.86,38.47
2025-07-06,Mumbai,24,26.3,70.26,33.45
2025-07-07,Mumbai,24,27.19,18.1,24.05
2025-07-08,Mumbai,24,26.83,0.0,25.98
2025-07-09,Mumbai,24,28.84,0.0,24.67
2025-07-10,Mumbai,24,29.75,0.0,20.7
2025-07-11,Mumbai,24,29.38,0.0,22.24
2025-07-12,Mumbai,24,30.96,2.69,22.73
2025-07-13,Mumbai,24,29.4,12.24,25.48
2025-07-14,Mumbai,24,26.54,63.14,37.55
2025-07-15,Mumbai,24,26.32,31.89,26.64
2025-07-16,Mumbai,24,26.27,29.04,28.97
2025-07-17,Mumbai,24,28.46,8.93,23.48
2025-07-18,Mumbai,24,25.8,30.89,27.55
2025-07-19,Mumbai,24,27.28,17.59,25.88
2025-07-20,Mumbai,24,26.01,29.57,33.0
2025-07-21,Mumbai,24,26.21,17.32,29.58
2025-07-22,Mumbai,24,26.43,1.15,25.67
2025-07-23,Mumbai,24,26.53,34.94,31.46
2025-07-24,Mumbai,24,26.43,10.45,23.17
2025-07-25,Mumbai,24,25.43,36.19,33.35
2025-07-26,Mumbai,24,24.55,58.33,35.6
2025-07-27,Mumbai,24,26.36,39.73,32.55
2025-07-28,Mumbai,24,27.15,1.63,23.7
2025-07-29,Mumbai,24,29.42,1.36,26.86
2025-07-30,Mumbai,24,29.03,30.07,31.12
2025-07-31,Mumbai,24,30.23,60.32,36.25
2025-08-01,Mumbai,24,28.53,9.75,23.23
2025-08-02,Mumbai,24,30.39,1.43,19.77
2025-08-03,Mumbai,24,26.94,21.47,26.0
2025-08-04,Mumbai,24,28.31,0.0,23.37
2025-08-05,Mumbai,24,27.9,0.0,19.85
2025-08-06,Mumbai,24,28.88,0.0,21.59
2025-08-07,Mumbai,24,28.43,0.0,17.79
2025-08-08,Mumbai,24,27.05,0.0,20.57
2025-08-09,Mumbai,24,27.55,19.81,25.83
2025-08-10,Mumbai,24,25.34,27.65,28.7
2025-08-11,Mumbai,24,24.37,7.52,22.07
2025-08-12,Mumbai,24,23.0,2.89,19.03
2025-08-13,Mumbai,24,22.27,24.2,25.6
2025-08-14,Mumbai,24,25.09,0.0,17.94
2025-08-15,Mumbai,24,25.33,0.0,19.15
2025-08-16,Mumbai,24,26.99,2.51,20.82
2025-08-17,Mumbai,24,25.77,26.26,21.95
2025-08-18,Mumbai,24,27.03,7.51,21.31
2025-08-19,Mumbai,24,28.72,37.75,22.07
2025-08-20,Mumbai,24,25.68,7.37,18.69
2025-08-21,Mumbai,24,26.56,0.0,15.84
2025-08-22,Mumbai,24,26.04,0.0,17.41
2025-08-23,Mumbai,24,24.54,0.0,19.3
2025-08-24,Mumbai,24,24.75,0.0,22.54
2025-08-25,Mumbai,24,25.32,0.0,19.11
2025-08-26,Mumbai,24,26.5,28.21,22.92
2025-08-27,Mumbai,24,29.3,33.7,24.04
2025-08-28,Mumbai,24,27.45,10.06,24.31
2025-08-29,Mumbai,24,26.62,2.55,19.42
2025-08-30,Mumbai,24,25.92,5.25,18.31
2025-08-31,Mumbai,24,25.58,4.41,24.47
2025-09-01,Mumbai,24,24.82,3.64,16.76
2025-09-02,Mumbai,24,26.83,0.47,15.12
2025-09-03,Mumbai,24,28.01,64.5,21.77
2025-09-04,Mumbai,24,29.29,9.84,17.1
2025-09-05,Mumbai,24,29.34,13.87,17.23
2025-09-06,Mumbai,24,28.38,2.32,15.75
2025-09-07,Mumbai,24,29.18,16.43,18.11
2025-09-08,Mumbai,24,29.3,0.0,12.86
2025-09-09,Mumbai,24,30.91,0.0,9.84
2025-09-10,Mumbai,24,28.79,0.0,13.7
2025-09-11,Mumbai,24,29.68,17.28,17.35
2025-09-12,Mumbai,24,32.18,59.21,20.02
2025-09-13,Mumbai,24,30.39,15.3,16.02
2025-09-14,Mumbai,24,30.23,10.23,17.11
2025-09-15,Mumbai,24,29.57,9.79,19.43
2025-09-16,Mumbai,24,29.26,0.85,12.49
2025-09-17,Mumbai,24,28.03,7.81,17.18
2025-09-18,Mumbai,24,28.12,27.95,21.35
2025-09-19,Mumbai,24,27.76,11.1,16.19
2025-09-20,Mumbai,24,28.7,1.64,11.16
2025-09-21,Mumbai,24,28.65,13.39,20.12
2025-09-22,Mumbai,24,28.78,31.41,23.77
2025-09-23,Mumbai,24,29.23,3.29,14.48
2025-09-24,Mumbai,24,30.47,7.33,13.09
2025-09-25,Mumbai,24,30.34,2.47,18.4
2025-09-26,Mumbai,24,32.69,7.74,16.61
2025-09-27,Mumbai,24,31.8,13.12,19.76
2025-09-28,Mumbai,24,30.58,9.0,18.28
2025-09-29,Mumbai,24,28.5,18.04,16.42
2025-09-30,Mumbai,24,27.99,2.25,12.15
2023-01-01,Mumbai,72,23.73,0.0,9.96
2023-01-02,Mumbai,72,23.03,0.0,8.38
2023-01-03,Mumbai,72,23.66,0.0,9.01
2023-01-04,Mumbai,72,24.73,0.0,9.25
2023-01-05,Mumbai,72,23.0,0.0,8.81
2023-01-06,Mumbai,72,24.37,0.0,8.24
2023-01-07,Mumbai,72,25.32,0.0,9.14
2023-01-08,Mumbai,72,24.78,0.0,9.53
2023-01-09,Mumbai,72,25.36,0.0,9.37
2023-01-10,Mumbai,72,25.13,0.0,10.06
2023-01-11,Mumbai,72,23.95,0.0,10.53
2023-01-12,Mumbai,72,23.55,0.0,12.09
2023-01-13,Mumbai,72,23.36,0.0,11.38
2023-01-14,Mumbai,72,24.15,0.0,9.27
2023-01-15,Mumbai,72,24.2,0.0,6.74
2023-01-16,Mumbai,72,25.18,0.0,8.06
2023-01-17,Mumbai,72,27.32,0.0,11.44
2023-01-18,Mumbai,72,27.13,0.0,11.46
2023-01-19,Mumbai,72,25.4,0.0,13.93
2023-01-20,Mumbai,72,24.6,0.0,12.32
2023-01-21,Mumbai,72,24.95,0.0,7.83
2023-01-22,Mumbai,72,23.12,0.0,7.62
2023-01-23,Mumbai,72,24.2,0.0,7.41
2023-01-24,Mumbai,72,24.51,0.0,10.53
2023-01-25,Mumbai,72,23.9,0.0,9.96
2023-01-26,Mumbai,72,25.72,0.0,12.28
2023-01-27,Mumbai,72,23.16,0.0,6.52
2023-01-28,Mumbai,72,24.08,0.0,6.59
2023-01-29,Mumbai,72,25.35,0.0,8.41
2023-01-30,Mumbai,72,25.54,0.0,3.39
2023-01-31,Mumbai,72,26.02,0.0,7.62
2023-02-01,Mumbai,72,27.98,0.0,11.67
2023-02-02,Mumbai,72,25.84,0.0,5.81
2023-02-03,Mumbai,72,29.53,0.0,3.81
2023-02-04,Mumbai,72,27.24,0.0,7.63
2023-02-05,Mumbai,72,24.96,0.0,8.87
2023-02-06,Mumbai,72,21.83,0.0,10.33
2023-02-07,Mumbai,72,25.51,0.0,9.92
2023-02-08,Mumbai,72,25.13,0.0,8.58
2023-02-09,Mumbai,72,22.98,0.0,8.71
2023-02-10,Mumbai,72,23.74,0.0,13.08
2023-02-11,Mumbai,72,26.9,0.0,9.09
2023-02-12,Mumbai,72,23.27,0.0,13.54
2023-02-13,Mumbai,72,23.87,0.0,10.04
2023-02-14,Mumbai,72,23.18,0.0,12.27
2023-02-15,Mumbai,72,25.77,0.0,9.46
2023-02-16,Mumbai,72,26.99,0.0,9.13
2023-02-17,Mumbai,72,25.65,0.0,10.99
2023-02-18,Mumbai,72,25.51,0.0,9.56
2023-02-19,Mumbai,72,26.34,0.0,11.4
2023-02-20,Mumbai,72,28.87,0.0,7.69
2023-02-21,Mumbai,72,27.82,0.0,10.65
2023-02-22,Mumbai,72,29.11,0.0,8.91
2023-02-23,Mumbai,72,27.18,0.0,11.12
2023-02-24,Mumbai,72,29.35,0.0,15.09
2023-02-25,Mumbai,72,29.71,0.0,12.27
2023-02-26,Mumbai,72,27.37,0.0,13.4
2023-02-27,Mumbai,72,30.53,0.0,10.42
2023-02-28,Mumbai,72,26.15,0.0,14.28
2023-03-01,Mumbai,72,31.91,0.0,13.05
2023-03-02,Mumbai,72,32.42,0.0,12.6
2023-03-03,Mumbai,72,29.09,0.0,10.4
2023-03-04,Mumbai,72,31.16,0.0,10.67
2023-03-05,Mumbai,72,29.69,0.0,6.88
2023-03-06,Mumbai,72,27.36,0.0,10.68
2023-03-07,Mumbai,72,32.41,0.0,10.38
2023-03-08,Mumbai,72,27.99,0.0,9.28
2023-03-09,Mumbai,72,28.12,0.0,12.64
2023-03-10,Mumbai,72,29.77,0.0,7.49
2023-03-11,Mumbai,72,26.49,0.34,13.7
2023-03-12,Mumbai,72,26.95,0.0,13.32
2023-03-13,Mumbai,72,28.9,0.0,13.04
2023-03-14,Mumbai,72,31.39,0.0,12.39
2023-03-15,Mumbai,72,31.83,0.0,10.55
2023-03-16,Mumbai,72,28.42,0.0,8.1
2023-03-17,Mumbai,72,28.26,0.0,8.57
2023-03-18,Mumbai,72,28.11,0.0,8.19
2023-03-19,Mumbai,72,28.99,0.0,8.5
2023-03-20,Mumbai,72,30.39,0.0,5.96
2023-03-21,Mumbai,72,29.96,0.0,7.57
2023-03-22,Mumbai,72,28.24,0.0,7.16
2023-03-23,Mumbai,72,28.1,0.0,8.4
2023-03-24,Mumbai,72,28.09,0.0,12.48
2023-03-25,Mumbai,72,27.14,0.0,9.34
2023-03-26,Mumbai,72,28.59,0.0,5.54
2023-03-27,Mumbai,72,28.0,0.0,12.23
2023-03-28,Mumbai,72,26.37,0.0,11.21
2023-03-29,Mumbai,72,28.14,0.0,11.02
2023-03-30,Mumbai,72,28.66,0.0,10.15
2023-03-31,Mumbai,72,27.61,0.0,10.19
2023-04-01,Mumbai,72,28.06,0.0,14.25
2023-04-02,Mumbai,72,27.62,0.0,14.07
2023-04-03,Mumbai,72,27.1,0.0,13.37
2023-04-04,Mumbai,72,28.36,0.0,12.07
2023-04-05,Mumbai,72,27.85,0.0,9.25
2023-04-06,Mumbai,72,29.32,0.0,10.19
2023-04-07,Mumbai,72,31.45,0.0,14.27
2023-04-08,Mumbai,72,31.18,0.0,12.64
2023-04-09,Mumbai,72,31.46,0.0,13.25
2023-04-10,Mumbai,72,29.4,0.0,16.75
2023-04-11,Mumbai,72,29.18,0.0,11.86
2023-04-12,Mumbai,72,27.85,0.0,10.81
2023-04-13,Mumbai,72,27.92,0.0,8.95
2023-04-14,Mumbai,72,27.73,0.0,8.56
2023-04-15,Mumbai,72,28.45,0.0,10.17
2023-04-16,Mumbai,72,27.72,0.0,10.25
2023-04-17,Mumbai,72,28.72,0.0,11.5
2023-04-18,Mumbai,72,27.81,0.0,11.98
2023-04-19,Mumbai,72,27.41,0.0,11.97
2023-04-20,Mumbai,72,30.31,0.0,10.86
2023-04-21,Mumbai,72,28.83,0.0,9.83
2023-04-22,Mumbai,72,29.62,0.0,15.6
2023-04-23,Mumbai,72,28.91,0.0,13.98
2023-04-24,Mumbai,72,28.74,0.0,10.45
2023-04-25,Mumbai,72,28.18,0.0,11.99
2023-04-26,Mumbai,72,27.96,0.0,10.53
2023-04-27,Mumbai,72,30.14,0.0,10.35
2023-04-28,Mumbai,72,31.14,0.0,15.38
2023-04-29,Mumbai,72,31.43,0.0,14.79
2023-04-30,Mumbai,72,32.61,0.0,18.75
2023-05-01,Mumbai,72,34.11,0.0,20.0
2023-05-02,Mumbai,72,35.09,0.0,16.66
2023-05-03,Mumbai,72,34.5,0.0,18.64
2023-05-04,Mumbai,72,34.28,0.0,13.42
2023-05-05,Mumbai,72,35.11,0.0,13.7
2023-05-06,Mumbai,72,34.69,0.0,15.14
2023-05-07,Mumbai,72,32.39,0.0,14.85
2023-05-08,Mumbai,72,31.08,0.0,14.23
2023-05-09,Mumbai,72,33.89,0.0,14.74
2023-05-10,Mumbai,72,31.75,0.0,13.01
2023-05-11,Mumbai,72,33.19,0.0,15.74
2023-05-12,Mumbai,72,31.05,0.0,12.86
2023-05-13,Mumbai,72,33.56,0.0,16.68
2023-05-14,Mumbai,72,33.31,0.0,16.69
2023-05-15,Mumbai,72,34.62,0.0,13.85
2023-05-16,Mumbai,72,32.91,0.0,17.26
2023-05-17,Mumbai,72,33.84,0.0,13.46
2023-05-18,Mumbai,72,34.26,0.0,17.64
2023-05-19,Mumbai,72,34.69,0.0,15.37
2023-05-20,Mumbai,72,33.5,0.0,16.74
2023-05-21,Mumbai,72,35.93,0.0,12.39
2023-05-22,Mumbai,72,33.37,2.48,15.43
2023-05-23,Mumbai,72,33.01,4.26,14.4
2023-05-24,Mumbai,72,32.4,0.0,15.67
2023-05-25,Mumbai,72,34.83,0.0,16.75
2023-05-26,Mumbai,72,34.88,0.0,16.04
2023-05-27,Mumbai,72,35.08,0.0,11.78
2023-05-28,Mumbai,72,35.88,0.0,16.31
2023-05-29,Mumbai,72,34.82,0.0,14.94
2023-05-30,Mumbai,72,34.05,0.0,14.11
2023-05-31,Mumbai,72,31.93,0.0,17.34
2023-06-01,Mumbai,72,29.47,0.0,26.02
2023-06-02,Mumbai,72,31.02,23.46,29.43
2023-06-03,Mumbai,72,31.36,26.98,33.43
2023-06-04,Mumbai,72,33.18,20.62,25.74
2023-06-05,Mumbai,72,31.25,4.18,25.83
2023-06-06,Mumbai,72,29.49,15.58,26.18
2023-06-07,Mumbai,72,27.63,105.74,36.67
2023-06-08,Mumbai,72,29.24,22.91,25.32
2023-06-09,Mumbai,72,27.35,34.75,24.27
2023-06-10,Mumbai,72,27.88,20.52,24.96
2023-06-11,Mumbai,72,27.67,39.13,28.39
2023-06-12,Mumbai,72,27.51,19.49,28.16
2023-06-13,Mumbai,72,29.39,28.49,28.75
2023-06-14,Mumbai,72,26.5,12.87,26.32
2023-06-15,Mumbai,72,29.82,0.0,21.85
2023-06-16,Mumbai,72,31.52,0.0,24.03
2023-06-17,Mumbai,72,30.84,0.0,23.31
2023-06-18,Mumbai,72,31.38,27.17,27.53
2023-06-19,Mumbai,72,30.04,0.0,22.46
2023-06-20,Mumbai,72,30.4,10.1,24.65
2023-06-21,Mumbai,72,30.73,0.0,21.58
2023-06-22,Mumbai,72,30.06,20.94,25.75
2023-06-23,Mumbai,72,31.68,25.39,23.31
2023-06-24,Mumbai,72,30.45,15.86,23.87
2023-06-25,Mumbai,72,28.44,25.03,28.82
2023-06-26,Mumbai,72,29.31,10.29,26.26
2023-06-27,Mumbai,72,27.96,20.14,33.56
2023-06-28,Mumbai,72,30.34,0.0,29.6
2023-06-29,Mumbai,72,29.32,0.0,24.16
2023-06-30,Mumbai,72,26.28,0.0,26.48
2023-07-01,Mumbai,72,23.96,23.72,28.49
2023-07-02,Mumbai,72,26.27,35.06,31.0
2023-07-03,Mumbai,72,22.86,13.34,26.7
2023-07-04,Mumbai,72,23.3,0.0,27.34
2023-07-05,Mumbai,72,26.19,0.0,29.45
2023-07-06,Mumbai,72,26.49,0.0,26.31
2023-07-07,Mumbai,72,25.27,0.0,24.06
2023-07-08,Mumbai,72,26.23,0.0,22.56
2023-07-09,Mumbai,72,27.9,0.0,22.27
2023-07-10,Mumbai,72,29.63,52.2,30.41
2023-07-11,Mumbai,72,30.13,4.43,20.51
2023-07-12,Mumbai,72,30.26,76.28,32.39
2023-07-13,Mumbai,72,28.79,0.0,22.59
2023-07-14,Mumbai,72,31.03,0.0,20.13
2023-07-15,Mumbai,72,29.06,0.0,24.89
2023-07-16,Mumbai,72,24.6,0.0,25.57
2023-07-17,Mumbai,72,26.07,0.0,27.25
2023-07-18,Mumbai,72,29.08,0.0,21.97
2023-07-19,Mumbai,72,28.22,0.0,25.8
2023-07-20,Mumbai,72,26.09,11.7,23.75
2023-07-21,Mumbai,72,24.6,25.93,29.87
2023-07-22,Mumbai,72,26.42,3.05,26.47
2023-07-23,Mumbai,72,26.67,22.71,26.69
2023-07-24,Mumbai,72,25.92,10.2,27.72
2023-07-25,Mumbai,72,26.05,51.49,33.27
2023-07-26,Mumbai,72,27.13,112.98,37.44
2023-07-27,Mumbai,72,28.33,0.0,25.22
2023-07-28,Mumbai,72,26.27,0.0,25.69
2023-07-29,Mumbai,72,26.41,0.0,26.97
2023-07-30,Mumbai,72,27.16,103.64,38.69
2023-07-31,Mumbai,72,23.01,14.07,28.12
2023-08-01,Mumbai,72,24.65,89.0,34.69
2023-08-02,Mumbai,72,23.57,0.0,19.74
2023-08-03,Mumbai,72,26.66,0.0,23.72
2023-08-04,Mumbai,72,27.11,0.0,22.55
2023-08-05,Mumbai,72,26.63,0.0,19.27
2023-08-06,Mumbai,72,25.92,3.46,17.62
2023-08-07,Mumbai,72,28.79,64.59,33.39
2023-08-08,Mumbai,72,29.33,19.53,26.4
2023-08-09,Mumbai,72,28.88,85.35,30.14
2023-08-10,Mumbai,72,25.98,16.6,23.44
2023-08-11,Mumbai,72,24.01,37.63,25.8
2023-08-12,Mumbai,72,24.92,0.31,15.02
2023-08-13,Mumbai,72,25.43,34.08,24.37
2023-08-14,Mumbai,72,23.78,17.85,20.58
2023-08-15,Mumbai,72,23.65,2.16,18.04
2023-08-16,Mumbai,72,24.28,13.91,23.29
2023-08-17,Mumbai,72,22.33,10.55,20.17
2023-08-18,Mumbai,72,24.36,37.05,27.55
2023-08-19,Mumbai,72,24.8,2.7,20.58
2023-08-20,Mumbai,72,25.25,33.44,22.46
2023-08-21,Mumbai,72,26.45,9.07,26.74
2023-08-22,Mumbai,72,28.64,30.63,26.68
2023-08-23,Mumbai,72,27.67,10.04,22.62
2023-08-24,Mumbai,72,27.9,14.08,22.51
2023-08-25,Mumbai,72,27.8,13.29,24.69
2023-08-26,Mumbai,72,27.71,37.04,26.01
2023-08-27,Mumbai,72,26.59,123.65,32.11
2023-08-28,Mumbai,72,25.92,36.06,25.23
2023-08-29,Mumbai,72,26.24,5.58,22.78
2023-08-30,Mumbai,72,26.32,19.87,24.31
2023-08-31,Mumbai,72,25.08,13.13,27.72
2023-09-01,Mumbai,72,27.27,18.91,19.96
2023-09-02,Mumbai,72,26.85,11.29,19.3
2023-09-03,Mumbai,72,28.68,0.0,16.68
2023-09-04,Mumbai,72,29.42,0.0,12.74
2023-09-05,Mumbai,72,27.57,0.0,10.03
2023-09-06,Mumbai,72,30.46,2.13,17.14
2023-09-07,Mumbai,72,30.06,10.32,19.73
2023-09-08,Mumbai,72,27.91,12.56,20.32
2023-09-09,Mumbai,72,25.79,13.48,16.43
2023-09-10,Mumbai,72,27.72,0.0,14.72
2023-09-11,Mumbai,72,28.65,0.0,16.81
2023-09-12,Mumbai,72,28.17,0.0,14.8
2023-09-13,Mumbai,72,28.97,0.0,12.75
2023-09-14,Mumbai,72,26.44,25.3,17.95
2023-09-15,Mumbai,72,28.81,19.44,17.98
2023-09-16,Mumbai,72,30.15,17.55,15.81
2023-09-17,Mumbai,72,29.26,3.94,12.37
2023-09-18,Mumbai,72,26.92,1.23,15.4
2023-09-19,Mumbai,72,30.35,8.37,16.93
2023-09-20,Mumbai,72,29.01,1.44,15.83
2023-09-21,Mumbai,72,31.05,5.96,16.04
2023-09-22,Mumbai,72,31.46,30.69,22.52
2023-09-23,Mumbai,72,29.1,1.52,14.14
2023-09-24,Mumbai,72,28.06,10.4,16.7
2023-09-25,Mumbai,72,27.75,21.2,24.21
2023-09-26,Mumbai,72,29.16,6.95,18.38
2023-09-27,Mumbai,72,29.1,7.63,15.07
2023-09-28,Mumbai,72,26.66,19.63,18.22
2023-09-29,Mumbai,72,27.83,0.91,16.25
2023-09-30,Mumbai,72,29.23,2.37,17.11
2023-10-01,Mumbai,72,30.84,0.0,6.04
2023-10-02,Mumbai,72,34.19,0.0,7.86
2023-10-03,Mumbai,72,31.96,0.0,10.98
2023-10-04,Mumbai,72,31.96,0.0,9.11
2023-10-05,Mumbai,72,32.23,0.0,12.01
2023-10-06,Mumbai,72,28.18,3.44,11.92
2023-10-07,Mumbai,72,30.26,0.0,9.73
2023-10-08,Mumbai,72,28.83,0.0,9.57
2023-10-09,Mumbai,72,26.29,0.0,10.97
2023-10-10,Mumbai,72,26.75,62.35,17.12
2023-10-11,Mumbai,72,26.21,0.0,10.37
2023-10-12,Mumbai,72,27.02,0.0,15.89
2023-10-13,Mumbai,72,27.08,0.0,10.46
2023-10-14,Mumbai,72,27.05,0.0,12.68
2023-10-15,Mumbai,72,26.56,0.0,11.94
2023-10-16,Mumbai,72,27.29,0.0,12.61
2023-10-17,Mumbai,72,27.01,0.0,9.72
2023-10-18,Mumbai,72,27.73,0.0,12.93
2023-10-19,Mumbai,72,26.87,0.0,12.03
2023-10-20,Mumbai,72,31.23,0.0,11.96
2023-10-21,Mumbai,72,30.7,0.0,12.09
2023-10-22,Mumbai,72,30.91,0.0,7.01
2023-10-23,Mumbai,72,32.08,0.0,11.66
2023-10-24,Mumbai,72,34.18,0.0,8.02
2023-10-25,Mumbai,72,29.41,0.0,10.85
2023-10-26,Mumbai,72,30.01,36.42,17.27
2023-10-27,Mumbai,72,31.82,0.0,11.67
2023-10-28,Mumbai,72,30.37,0.0,11.32
2023-10-29,Mumbai,72,29.52,0.0,14.4
2023-10-30,Mumbai,72,28.69,15.93,15.58
2023-10-31,Mumbai,72,30.73,0.0,9.48
2023-11-01,Mumbai,72,26.62,0.0,9.9
2023-11-02,Mumbai,72,25.38,0.0,4.62
2023-11-03,Mumbai,72,26.02,0.0,5.53
2023-11-04,Mumbai,72,25.39,0.0,3.05
2023-11-05,Mumbai,72,27.5,0.0,7.17
2023-11-06,Mumbai,72,27.9,0.0,6.69
2023-11-07,Mumbai,72,27.93,0.0,8.0
2023-11-08,Mumbai,72,24.06,0.0,8.58
2023-11-09,Mumbai,72,24.23,0.0,8.49
2023-11-10,Mumbai,72,23.94,26.41,12.09
2023-11-11,Mumbai,72,25.22,0.0,7.91
2023-11-12,Mumbai,72,25.19,0.0,6.34
2023-11-13,Mumbai,72,25.86,0.0,2.99
2023-11-14,Mumbai,72,29.87,0.0,8.83
2023-11-15,Mumbai,72,26.51,0.0,8.11
2023-11-16,Mumbai,72,29.03,0.0,7.87
2023-11-17,Mumbai,72,28.47,0.0,6.27
2023-11-18,Mumbai,72,28.39,0.0,4.65
2023-11-19,Mumbai,72,24.57,0.0,7.37
2023-11-20,Mumbai,72,26.24,0.0,6.17
2023-11-21,Mumbai,72,27.51,0.0,7.67
2023-11-22,Mumbai,72,25.63,0.0,4.77
2023-11-23,Mumbai,72,28.38,0.0,6.43
2023-11-24,Mumbai,72,29.68,0.0,13.72
2023-11-25,Mumbai,72,28.16,0.0,9.83
2023-11-26,Mumbai,72,26.94,0.0,8.99
2023-11-27,Mumbai,72,25.72,0.0,10.62
2023-11-28,Mumbai,72,25.74,0.0,7.33
2023-11-29,Mumbai,72,27.88,0.0,8.09
2023-11-30,Mumbai,72,28.68,0.0,5.67
2023-12-01,Mumbai,72,26.31,0.0,7.35
2023-12-02,Mumbai,72,26.73,0.0,13.03
2023-12-03,Mumbai,72,25.53,0.0,15.37
2023-12-04,Mumbai,72,30.17,0.0,10.39
2023-12-05,Mumbai,72,27.4,0.0,11.6
2023-12-06,Mumbai,72,27.95,0.0,12.23
2023-12-07,Mumbai,72,26.6,0.0,10.82
2023-12-08,Mumbai,72,27.21,0.0,9.95
2023-12-09,Mumbai,72,25.08,0.0,6.42
2023-12-10,Mumbai,72,26.11,0.0,8.84
2023-12-11,Mumbai,72,23.9,0.0,8.32
2023-12-12,Mumbai,72,26.87,0.0,8.34
2023-12-13,Mumbai,72,27.14,0.0,5.21
2023-12-14,Mumbai,72,26.92,0.0,9.59
2023-12-15,Mumbai,72,30.7,0.0,10.98
2023-12-16,Mumbai,72,29.71,0.0,11.77
2023-12-17,Mumbai,72,29.71,0.0,6.52
2023-12-18,Mumbai,72,27.53,0.0,4.43
2023-12-19,Mumbai,72,26.97,0.0,10.1
2023-12-20,Mumbai,72,30.01,0.0,9.11
2023-12-21,Mumbai,72,27.58,0.0,6.94
2023-12-22,Mumbai,72,28.88,0.0,13.48
2023-12-23,Mumbai,72,28.49,0.0,11.38
2023-12-24,Mumbai,72,27.48,0.0,3.36
2023-12-25,Mumbai,72,27.52,0.0,4.53
2023-12-26,Mumbai,72,28.12,0.0,9.12
2023-12-27,Mumbai,72,29.46,0.0,10.9
2023-12-28,Mumbai,72,27.91,0.0,12.86
2023-12-29,Mumbai,72,27.09,0.0,8.22
2023-12-30,Mumbai,72,25.59,0.0,7.08
2023-12-31,Mumbai,72,23.92,0.0,5.5
2024-01-01,Mumbai,72,20.68,0.0,10.02
2024-01-02,Mumbai,72,19.82,0.0,7.68
2024-01-03,Mumbai,72,21.17,0.0,6.76
2024-01-04,Mumbai,72,24.34,0.0,8.25
2024-01-05,Mumbai,72,22.93,0.0,8.26
2024-01-06,Mumbai,72,23.79,0.0,11.51
2024-01-07,Mumbai,72,23.32,0.0,14.49
2024-01-08,Mumbai,72,22.77,0.0,10.63
2024-01-09,Mumbai,72,25.13,0.0,12.22
2024-01-10,Mumbai,72,25.44,0.0,13.12
2024-01-11,Mumbai,72,24.34,0.0,13.23
2024-01-12,Mumbai,72,23.5,0.0,8.92
2024-01-13,Mumbai,72,26.38,0.0,7.04
2024-01-14,Mumbai,72,23.6,0.0,6.39
2024-01-15,Mumbai,72,19.98,0.0,6.94
2024-01-16,Mumbai,72,19.84,0.0,9.69
2024-01-17,Mumbai,72,24.03,0.0,5.77
2024-01-18,Mumbai,72,21.24,0.0,5.11
2024-01-19,Mumbai,72,21.04,0.0,13.2
2024-01-20,Mumbai,72,19.39,0.0,9.23
2024-01-21,Mumbai,72,20.96,0.0,8.07
2024-01-22,Mumbai,72,21.3,0.0,10.32
2024-01-23,Mumbai,72,22.87,0.0,6.33
2024-01-24,Mumbai,72,21.16,0.0,6.2
2024-01-25,Mumbai,72,22.68,0.0,13.6
2024-01-26,Mumbai,72,23.64,0.0,12.12
2024-01-27,Mumbai,72,22.08,0.0,8.3
2024-01-28,Mumbai,72,22.5,0.0,8.09
2024-01-29,Mumbai,72,24.88,0.0,8.13
2024-01-30,Mumbai,72,23.63,0.0,7.25
2024-01-31,Mumbai,72,21.3,0.0,7.67
2024-02-01,Mumbai,72,22.96,0.0,6.54
2024-02-02,Mumbai,72,25.98,0.0,8.08
2024-02-03,Mumbai,72,27.18,0.0,10.08
2024-02-04,Mumbai,72,23.75,0.0,4.3
2024-02-05,Mumbai,72,23.97,0.0,3.02
2024-02-06,Mumbai,72,22.8,0.0,9.08
2024-02-07,Mumbai,72,22.72,0.0,9.09
2024-02-08,Mumbai,72,22.4,0.0,9.39
2024-02-09,Mumbai,72,22.88,0.0,9.47
2024-02-10,Mumbai,72,23.27,0.0,10.56
2024-02-11,Mumbai,72,25.36,0.0,11.72
2024-02-12,Mumbai,72,23.93,0.0,10.55
2024-02-13,Mumbai,72,24.49,0.0,10.05
2024-02-14,Mumbai,72,25.46,0.0,12.52
2024-02-15,Mumbai,72,25.35,0.0,8.15
2024-02-16,Mumbai,72,25.82,0.0,5.43
2024-02-17,Mumbai,72,27.29,0.0,9.2
2024-02-18,Mumbai,72,25.19,0.0,10.6
2024-02-19,Mumbai,72,26.5,0.0,11.7
2024-02-20,Mumbai,72,23.12,0.0,7.83
2024-02-21,Mumbai,72,24.86,0.0,7.73
2024-02-22,Mumbai,72,26.1,0.0,8.65
2024-02-23,Mumbai,72,24.9,0.0,14.43
2024-02-24,Mumbai,72,25.67,0.0,6.01
2024-02-25,Mumbai,72,24.77,0.0,10.09
2024-02-26,Mumbai,72,23.04,0.0,6.83
2024-02-27,Mumbai,72,22.39,0.0,7.85
2024-02-28,Mumbai,72,25.33,0.0,5.97
2024-02-29,Mumbai,72,24.25,0.0,6.48
2024-03-01,Mumbai,72,27.43,0.0,10.55
2024-03-02,Mumbai,72,27.83,0.0,11.02
2024-03-03,Mumbai,72,27.43,0.0,5.6
2024-03-04,Mumbai,72,29.39,0.0,9.38
2024-03-05,Mumbai,72,33.35,0.0,10.68
2024-03-06,Mumbai,72,30.66,0.0,12.73
2024-03-07,Mumbai,72,28.59,0.0,12.94
2024-03-08,Mumbai,72,27.49,0.0,12.49
2024-03-09,Mumbai,72,26.07,0.0,10.63
2024-03-10,Mumbai,72,26.52,0.0,7.64
2024-03-11,Mumbai,72,24.75,0.0,8.16
2024-03-12,Mumbai,72,27.46,0.89,8.34
2024-03-13,Mumbai,72,29.28,0.0,10.62
2024-03-14,Mumbai,72,31.6,0.0,13.32
2024-03-15,Mumbai,72,27.98,0.0,9.29
2024-03-16,Mumbai,72,28.28,0.0,7.98
2024-03-17,Mumbai,72,28.91,0.0,9.53
2024-03-18,Mumbai,72,30.56,0.0,14.57
2024-03-19,Mumbai,72,28.8,0.0,11.54
2024-03-20,Mumbai,72,28.5,0.0,10.58
2024-03-21,Mumbai,72,28.82,0.0,13.42
2024-03-22,Mumbai,72,30.82,0.0,10.8
2024-03-23,Mumbai,72,29.67,0.0,11.0
2024-03-24,Mumbai,72,31.28,0.0,9.52
2024-03-25,Mumbai,72,31.01,0.0,9.72
2024-03-26,Mumbai,72,29.05,0.0,5.86
2024-03-27,Mumbai,72,28.81,0.0,10.99
2024-03-28,Mumbai,72,28.92,0.0,9.73
2024-03-29,Mumbai,72,28.16,0.0,10.68
2024-03-30,Mumbai,72,28.01,0.0,14.03
2024-03-31,Mumbai,72,26.42,0.0,9.87
2024-04-01,Mumbai,72,27.71,0.0,16.01
2024-04-02,Mumbai,72,28.61,0.0,13.23
2024-04-03,Mumbai,72,27.84,0.0,11.95
2024-04-04,Mumbai,72,29.52,0.0,18.44
2024-04-05,Mumbai,72,31.45,0.0,16.7
2024-04-06,Mumbai,72,33.51,0.0,13.1
2024-04-07,Mumbai,72,30.55,0.0,13.85
2024-04-08,Mumbai,72,29.04,0.0,12.82
2024-04-09,Mumbai,72,25.84,0.0,10.38
2024-04-10,Mumbai,72,27.32,0.0,10.7
2024-04-11,Mumbai,72,26.63,0.0,9.98
2024-04-12,Mumbai,72,29.15,0.0,15.75
2024-04-13,Mumbai,72,29.46,0.0,12.27
2024-04-14,Mumbai,72,28.9,0.0,12.14
2024-04-15,Mumbai,72,28.1,0.0,9.33
2024-04-16,Mumbai,72,27.5,0.0,12.39
2024-04-17,Mumbai,72,29.31,0.0,16.24
2024-04-18,Mumbai,72,29.13,0.0,11.11
2024-04-19,Mumbai,72,28.28,0.0,13.39
2024-04-20,Mumbai,72,30.98,0.0,17.95
2024-04-21,Mumbai,72,29.48,0.0,12.91
2024-04-22,Mumbai,72,31.12,0.0,12.55
2024-04-23,Mumbai,72,30.86,0.0,14.64
2024-04-24,Mumbai,72,29.67,0.0,10.68
2024-04-25,Mumbai,72,29.56,0.0,12.08
2024-04-26,Mumbai,72,27.59,0.0,13.16
2024-04-27,Mumbai,72,25.63,0.0,10.25
2024-04-28,Mumbai,72,26.5,0.0,11.98
2024-04-29,Mumbai,72,27.43,0.0,11.61
2024-04-30,Mumbai,72,30.46,0.0,15.15
2024-05-01,Mumbai,72,29.01,0.0,14.26
2024-05-02,Mumbai,72,30.98,0.0,11.83
2024-05-03,Mumbai,72,29.8,0.0,12.32
2024-05-04,Mumbai,72,29.48,0.0,13.6
2024-05-05,Mumbai,72,30.64,0.0,16.95
2024-05-06,Mumbai,72,27.62,0.0,10.75
2024-05-07,Mumbai,72,32.02,0.0,15.36
2024-05-08,Mumbai,72,30.78,0.0,12.93
2024-05-09,Mumbai,72,30.27,0.0,13.53
2024-05-10,Mumbai,72,32.98,0.0,14.6
2024-05-11,Mumbai,72,32.05,0.0,14.92
2024-05-12,Mumbai,72,29.69,0.0,12.4
2024-05-13,Mumbai,72,28.8,0.0,9.72
2024-05-14,Mumbai,72,31.4,7.29,16.56
2024-05-15,Mumbai,72,30.35,0.0,13.5
2024-05-16,Mumbai,72,29.93,0.0,15.11
2024-05-17,Mumbai,72,29.96,0.0,16.67
2024-05-18,Mumbai,72,30.74,0.0,15.4
2024-05-19,Mumbai,72,26.81,0.0,16.78
2024-05-20,Mumbai,72,31.27,0.0,17.49
2024-05-21,Mumbai,72,30.82,0.0,17.84
2024-05-22,Mumbai,72,29.1,0.0,16.25
2024-05-23,Mumbai,72,29.54,0.0,13.76
2024-05-24,Mumbai,72,29.99,0.0,12.49
2024-05-25,Mumbai,72,30.71,0.0,14.39
2024-05-26,Mumbai,72,29.7,0.0,21.8
2024-05-27,Mumbai,72,31.63,0.0,16.78
2024-05-28,Mumbai,72,31.49,0.0,16.14
2024-05-29,Mumbai,72,30.48,0.0,20.16
2024-05-30,Mumbai,72,31.76,0.0,13.03
2024-05-31,Mumbai,72,28.32,0.0,19.12
2024-06-01,Mumbai,72,28.75,0.0,27.37
2024-06-02,Mumbai,72,28.6,35.23,29.36
2024-06-03,Mumbai,72,29.95,2.52,22.59
2024-06-04,Mumbai,72,30.41,23.36,26.51
2024-06-05,Mumbai,72,30.17,37.54,28.4
2024-06-06,Mumbai,72,26.75,16.51,25.22
2024-06-07,Mumbai,72,29.81,0.0,21.8
2024-06-08,Mumbai,72,29.03,30.31,25.75
2024-06-09,Mumbai,72,28.93,18.26,27.25
2024-06-10,Mumbai,72,29.42,29.62,27.48
2024-06-11,Mumbai,72,28.8,7.24,25.97
2024-06-12,Mumbai,72,30.3,8.93,23.66
2024-06-13,Mumbai,72,25.87,17.81,29.37
2024-06-14,Mumbai,72,31.79,31.97,29.35
2024-06-15,Mumbai,72,30.66,12.5,25.79
2024-06-16,Mumbai,72,31.34,14.81,27.58
2024-06-17,Mumbai,72,31.83,39.79,31.88
2024-06-18,Mumbai,72,30.85,34.38,29.52
2024-06-19,Mumbai,72,32.45,12.87,26.63
2024-06-20,Mumbai,72,31.69,9.77,23.22
2024-06-21,Mumbai,72,31.98,9.78,29.65
2024-06-22,Mumbai,72,32.17,1.54,23.86
2024-06-23,Mumbai,72,30.79,16.86,25.96
2024-06-24,Mumbai,72,29.69,71.09,34.06
2024-06-25,Mumbai,72,30.53,0.84,20.97
2024-06-26,Mumbai,72,32.95,10.18,20.3
2024-06-27,Mumbai,72,33.01,27.26,26.09
2024-06-28,Mumbai,72,32.61,20.9,26.64
2024-06-29,Mumbai,72,31.49,40.65,22.98
2024-06-30,Mumbai,72,29.88,23.65,28.86
2024-07-01,Mumbai,72,30.16,11.72,25.38
2024-07-02,Mumbai,72,28.01,28.79,29.11
2024-07-03,Mumbai,72,27.12,12.51,27.96
2024-07-04,Mumbai,72,30.69,16.56,32.14
2024-07-05,Mumbai,72,26.83,13.0,30.73
2024-07-06,Mumbai,72,28.87,11.17,29.79
2024-07-07,Mumbai,72,30.18,5.07,29.33
2024-07-08,Mumbai,72,29.69,12.61,27.53
2024-07-09,Mumbai,72,28.71,8.01,22.98
2024-07-10,Mumbai,72,26.69,22.03,22.98
2024-07-11,Mumbai,72,30.31,20.59,22.82
2024-07-12,Mumbai,72,28.35,26.03,27.5
2024-07-13,Mumbai,72,27.51,62.71,31.84
2024-07-14,Mumbai,72,27.04,1.54,20.22
2024-07-15,Mumbai,72,27.61,19.56,28.7
2024-07-16,Mumbai,72,27.03,25.33,25.27
2024-07-17,Mumbai,72,29.52,18.15,26.56
2024-07-18,Mumbai,72,27.92,34.78,28.17
2024-07-19,Mumbai,72,28.61,54.04,32.17
2024-07-20,Mumbai,72,29.19,21.72,24.2
2024-07-21,Mumbai,72,29.04,13.34,24.99
2024-07-22,Mumbai,72,27.63,49.94,30.3
2024-07-23,Mumbai,72,27.85,22.21,25.26
2024-07-24,Mumbai,72,29.76,0.0,25.07
2024-07-25,Mumbai,72,28.03,36.11,32.62
2024-07-26,Mumbai,72,26.11,94.62,40.72
2024-07-27,Mumbai,72,28.21,6.26,24.35
2024-07-28,Mumbai,72,26.69,20.16,25.97
2024-07-29,Mumbai,72,26.6,20.64,28.63
2024-07-30,Mumbai,72,29.15,25.77,28.2
2024-07-31,Mumbai,72,30.38,9.85,25.78
2024-08-01,Mumbai,72,29.22,12.09,27.06
2024-08-02,Mumbai,72,26.66,12.63,22.5
2024-08-03,Mumbai,72,27.93,16.17,21.7
2024-08-04,Mumbai,72,30.22,5.4,21.14
2024-08-05,Mumbai,72,30.39,29.98,23.36
2024-08-06,Mumbai,72,27.18,11.81,20.7
2024-08-07,Mumbai,72,28.41,16.62,27.22
2024-08-08,Mumbai,72,27.12,7.77,23.91
2024-08-09,Mumbai,72,28.88,10.87,25.65
2024-08-10,Mumbai,72,29.78,52.5,29.61
2024-08-11,Mumbai,72,27.85,9.73,22.73
2024-08-12,Mumbai,72,28.27,47.97,28.77
2024-08-13,Mumbai,72,27.66,35.17,30.67
2024-08-14,Mumbai,72,29.64,11.72,22.86
2024-08-15,Mumbai,72,31.49,39.82,30.5
2024-08-16,Mumbai,72,28.35,6.63,22.92
2024-08-17,Mumbai,72,26.87,22.43,27.17
2024-08-18,Mumbai,72,28.29,10.86,21.42
2024-08-19,Mumbai,72,27.97,5.39,18.9
2024-08-20,Mumbai,72,25.21,7.37,17.43
2024-08-21,Mumbai,72,27.63,22.29,23.54
2024-08-22,Mumbai,72,25.17,8.65,21.25
2024-08-23,Mumbai,72,29.09,0.63,23.34
2024-08-24,Mumbai,72,28.25,16.8,28.36
2024-08-25,Mumbai,72,27.38,17.06,23.98
2024-08-26,Mumbai,72,25.85,17.22,28.62
2024-08-27,Mumbai,72,27.82,8.8,28.55
2024-08-28,Mumbai,72,27.21,19.74,26.93
2024-08-29,Mumbai,72,29.03,16.22,28.14
2024-08-30,Mumbai,72,27.67,28.29,29.16
2024-08-31,Mumbai,72,27.1,20.59,27.6
2024-09-01,Mumbai,72,27.25,10.96,19.41
2024-09-02,Mumbai,72,27.18,2.01,15.63
2024-09-03,Mumbai,72,27.75,7.63,17.93
2024-09-04,Mumbai,72,27.34,14.3,22.31
2024-09-05,Mumbai,72,29.07,8.81,17.97
2024-09-06,Mumbai,72,29.48,12.57,18.82
2024-09-07,Mumbai,72,29.81,0.0,13.03
2024-09-08,Mumbai,72,27.99,0.0,17.76
2024-09-09,Mumbai,72,31.24,21.95,21.15
2024-09-10,Mumbai,72,28.95,24.25,20.53
2024-09-11,Mumbai,72,28.26,12.02,13.43
2024-09-12,Mumbai,72,30.4,19.54,19.37
2024-09-13,Mumbai,72,30.2,5.58,18.71
2024-09-14,Mumbai,72,28.91,18.51,21.68
2024-09-15,Mumbai,72,30.15,6.66,19.92
2024-09-16,Mumbai,72,28.13,15.87,23.64
2024-09-17,Mumbai,72,28.08,3.64,18.66
2024-09-18,Mumbai,72,28.37,3.22,18.23
2024-09-19,Mumbai,72,27.82,2.94,14.89
2024-09-20,Mumbai,72,28.65,3.37,16.02
2024-09-21,Mumbai,72,29.78,15.26,18.38
2024-09-22,Mumbai,72,27.51,0.89,16.21
2024-09-23,Mumbai,72,27.02,3.92,15.03
2024-09-24,Mumbai,72,28.16,6.42,14.77
2024-09-25,Mumbai,72,28.19,6.44,17.13
2024-09-26,Mumbai,72,27.8,15.08,17.96
2024-09-27,Mumbai,72,27.37,15.93,16.56
2024-09-28,Mumbai,72,25.82,31.63,18.99
2024-09-29,Mumbai,72,26.22,14.41,12.18
2024-09-30,Mumbai,72,26.9,3.49,17.7
2024-10-01,Mumbai,72,28.9,0.0,11.3
2024-10-02,Mumbai,72,30.79,0.0,10.67
2024-10-03,Mumbai,72,31.85,0.0,10.84
2024-10-04,Mumbai,72,28.32,0.0,9.02
2024-10-05,Mumbai,72,28.19,0.0,7.94
2024-10-06,Mumbai,72,30.27,0.0,10.22
2024-10-07,Mumbai,72,27.83,0.0,10.72
2024-10-08,Mumbai,72,28.2,0.0,10.07
2024-10-09,Mumbai,72,27.79,0.0,11.43
2024-10-10,Mumbai,72,29.39,3.05,12.24
2024-10-11,Mumbai,72,30.71,0.0,13.61
2024-10-12,Mumbai,72,31.94,0.0,7.82
2024-10-13,Mumbai,72,29.78,0.0,9.83
2024-10-14,Mumbai,72,28.27,0.0,7.17
2024-10-15,Mumbai,72,31.12,12.75,10.96
2024-10-16,Mumbai,72,28.61,6.1,9.39
2024-10-17,Mumbai,72,27.53,0.0,11.74
2024-10-18,Mumbai,72,27.98,0.0,9.29
2024-10-19,Mumbai,72,28.83,0.0,13.83
2024-10-20,Mumbai,72,31.03,0.0,9.85
2024-10-21,Mumbai,72,31.11,0.0,8.35
2024-10-22,Mumbai,72,30.74,0.0,9.11
2024-10-23,Mumbai,72,27.55,0.0,10.1
2024-10-24,Mumbai,72,30.18,0.0,13.57
2024-10-25,Mumbai,72,29.29,0.0,10.89
2024-10-26,Mumbai,72,33.17,0.0,8.68
2024-10-27,Mumbai,72,31.41,0.0,7.88
2024-10-28,Mumbai,72,33.41,0.0,10.46
2024-10-29,Mumbai,72,32.23,0.0,12.38
2024-10-30,Mumbai,72,31.29,0.0,8.73
2024-10-31,Mumbai,72,28.4,0.0,13.51
2024-11-01,Mumbai,72,26.38,0.0,8.81
2024-11-02,Mumbai,72,26.42,0.0,4.26
2024-11-03,Mumbai,72,28.97,0.0,6.84
2024-11-04,Mumbai,72,29.16,0.0,8.3
2024-11-05,Mumbai,72,28.77,0.0,7.12
2024-11-06,Mumbai,72,29.26,0.0,7.42
2024-11-07,Mumbai,72,29.78,0.0,8.93
2024-11-08,Mumbai,72,28.32,0.0,10.47
2024-11-09,Mumbai,72,29.76,0.0,11.98
2024-11-10,Mumbai,72,31.03,0.0,10.25
2024-11-11,Mumbai,72,28.73,0.0,12.8
2024-11-12,Mumbai,72,30.28,0.0,7.34
2024-11-13,Mumbai,72,28.83,0.0,11.19
2024-11-14,Mumbai,72,28.82,0.0,10.21
2024-11-15,Mumbai,72,26.65,0.0,9.62
2024-11-16,Mumbai,72,26.54,0.0,9.48
2024-11-17,Mumbai,72,27.63,0.0,7.25
2024-11-18,Mumbai,72,29.01,0.0,10.1
2024-11-19,Mumbai,72,28.37,0.0,9.36
2024-11-20,Mumbai,72,26.51,0.0,11.11
2024-11-21,Mumbai,72,26.42,0.0,7.43
2024-11-22,Mumbai,72,25.07,0.0,14.74
2024-11-23,Mumbai,72,27.58,0.0,10.66
2024-11-24,Mumbai,72,29.46,0.0,4.86
2024-11-25,Mumbai,72,29.07,0.0,8.04
2024-11-26,Mumbai,72,31.2,0.0,8.2
2024-11-27,Mumbai,72,30.25,0.0,8.12
2024-11-28,Mumbai,72,28.92,0.0,11.8
2024-11-29,Mumbai,72,30.84,0.0,10.34
2024-11-30,Mumbai,72,29.81,0.0,11.18
2024-12-01,Mumbai,72,26.26,0.0,9.02
2024-12-02,Mumbai,72,30.26,0.44,12.95
2024-12-03,Mumbai,72,28.38,0.0,12.27
2024-12-04,Mumbai,72,29.73,0.0,11.79
2024-12-05,Mumbai,72,29.51,0.0,11.44
2024-12-06,Mumbai,72,29.86,0.0,8.54
2024-12-07,Mumbai,72,28.51,0.0,9.28
2024-12-08,Mumbai,72,27.43,0.0,6.26
2024-12-09,Mumbai,72,27.69,0.0,8.91
2024-12-10,Mumbai,72,29.07,0.0,7.64
2024-12-11,Mumbai,72,26.39,0.0,7.81
2024-12-12,Mumbai,72,26.04,0.0,7.05
2024-12-13,Mumbai,72,23.48,0.0,7.06
2024-12-14,Mumbai,72,23.39,0.0,7.43
2024-12-15,Mumbai,72,23.78,0.0,7.11
2024-12-16,Mumbai,72,26.42,0.0,6.3
2024-12-17,Mumbai,72,29.46,0.0,8.57
2024-12-18,Mumbai,72,25.03,0.0,10.07
2024-12-19,Mumbai,72,26.8,0.0,10.1
2024-12-20,Mumbai,72,24.53,0.0,8.08
2024-12-21,Mumbai,72,28.25,0.0,6.52
2024-12-22,Mumbai,72,28.03,0.0,11.49
2024-12-23,Mumbai,72,27.34,0.0,9.11
2024-12-24,Mumbai,72,28.73,0.0,8.87
2024-12-25,Mumbai,72,28.05,0.0,7.97
2024-12-26,Mumbai,72,26.23,0.0,9.62
2024-12-27,Mumbai,72,24.78,0.0,9.28
2024-12-28,Mumbai,72,26.77,0.0,7.92
2024-12-29,Mumbai,72,27.25,0.0,10.18
2024-12-30,Mumbai,72,27.02,0.0,8.01
2024-12-31,Mumbai,72,27.32,0.0,8.18
2025-01-01,Mumbai,72,23.41,0.0,11.49
2025-01-02,Mumbai,72,21.38,0.0,8.19
2025-01-03,Mumbai,72,24.6,0.0,13.36
2025-01-04,Mumbai,72,25.94,0.0,14.79
2025-01-05,Mumbai,72,27.32,0.0,16.95
2025-01-06,Mumbai,72,27.97,0.0,11.95
2025-01-07,Mumbai,72,26.89,0.0,18.14
2025-01-08,Mumbai,72,29.43,0.0,15.0
2025-01-09,Mumbai,72,26.25,0.0,6.03
2025-01-10,Mumbai,72,26.18,2.17,7.0
2025-01-11,Mumbai,72,26.21,0.0,7.83
2025-01-12,Mumbai,72,23.67,0.0,7.81
2025-01-13,Mumbai,72,22.47,0.0,10.84
2025-01-14,Mumbai,72,22.54,0.0,8.97
2025-01-15,Mumbai,72,22.91,0.0,12.2
2025-01-16,Mumbai,72,24.48,0.0,11.06
2025-01-17,Mumbai,72,19.91,0.0,11.27
2025-01-18,Mumbai,72,24.06,0.0,7.56
2025-01-19,Mumbai,72,23.53,0.0,10.51
2025-01-20,Mumbai,72,26.27,0.0,11.17
2025-01-21,Mumbai,72,26.36,0.0,11.78
2025-01-22,Mumbai,72,23.48,0.0,10.24
2025-01-23,Mumbai,72,24.83,0.0,6.97
2025-01-24,Mumbai,72,22.63,0.0,7.57
2025-01-25,Mumbai,72,23.82,0.0,3.44
2025-01-26,Mumbai,72,22.8,0.0,9.28
2025-01-27,Mumbai,72,23.83,0.0,7.21
2025-01-28,Mumbai,72,26.63,0.0,10.71
2025-01-29,Mumbai,72,25.87,0.0,12.42
2025-01-30,Mumbai,72,23.17,0.0,10.13
2025-01-31,Mumbai,72,23.41,0.0,8.7
2025-02-01,Mumbai,72,24.17,0.0,8.49
2025-02-02,Mumbai,72,24.99,0.0,8.73
2025-02-03,Mumbai,72,22.56,0.0,15.52
2025-02-04,Mumbai,72,22.61,0.0,9.43
2025-02-05,Mumbai,72,23.2,0.0,9.46
2025-02-06,Mumbai,72,22.48,0.0,8.62
2025-02-07,Mumbai,72,25.05,0.0,6.54
2025-02-08,Mumbai,72,25.64,0.0,6.33
2025-02-09,Mumbai,72,26.3,0.0,7.4
2025-02-10,Mumbai,72,27.06,0.0,10.99
2025-02-11,Mumbai,72,26.57,0.0,8.41
2025-02-12,Mumbai,72,25.76,0.0,8.22
2025-02-13,Mumbai,72,24.95,0.0,11.49
2025-02-14,Mumbai,72,28.26,0.0,11.22
2025-02-15,Mumbai,72,23.66,0.0,13.81
2025-02-16,Mumbai,72,24.67,0.0,9.23
2025-02-17,Mumbai,72,24.67,0.0,13.79
2025-02-18,Mumbai,72,26.4,0.0,9.93
2025-02-19,Mumbai,72,28.02,0.0,11.19
2025-02-20,Mumbai,72,26.47,0.0,8.54
2025-02-21,Mumbai,72,27.1,0.0,8.91
2025-02-22,Mumbai,72,28.67,0.0,9.4
2025-02-23,Mumbai,72,29.49,0.0,5.8
2025-02-24,Mumbai,72,27.07,0.0,7.34
2025-02-25,Mumbai,72,27.82,0.0,10.87
2025-02-26,Mumbai,72,24.57,0.0,7.87
2025-02-27,Mumbai,72,24.65,0.0,10.63
2025-02-28,Mumbai,72,23.63,0.0,7.01
2025-03-01,Mumbai,72,27.28,0.0,7.64
2025-03-02,Mumbai,72,25.95,0.0,9.12
2025-03-03,Mumbai,72,27.39,0.0,9.89
2025-03-04,Mumbai,72,25.14,0.0,5.44
2025-03-05,Mumbai,72,27.3,0.0,8.07
2025-03-06,Mumbai,72,26.98,0.0,9.7
2025-03-07,Mumbai,72,28.01,0.0,10.12
2025-03-08,Mumbai,72,28.96,0.0,11.78
2025-03-09,Mumbai,72,25.0,0.0,5.58
2025-03-10,Mumbai,72,28.56,0.0,10.41
2025-03-11,Mumbai,72,25.21,0.0,14.84
2025-03-12,Mumbai,72,22.48,0.0,10.89
2025-03-13,Mumbai,72,22.53,0.0,10.54
2025-03-14,Mumbai,72,26.7,0.0,12.58
2025-03-15,Mumbai,72,28.87,0.0,12.95
2025-03-16,Mumbai,72,27.18,0.0,10.53
2025-03-17,Mumbai,72,29.02,0.0,8.63
2025-03-18,Mumbai,72,29.95,0.0,13.41
2025-03-19,Mumbai,72,28.05,0.0,12.48
2025-03-20,Mumbai,72,29.96,0.0,12.77
2025-03-21,Mumbai,72,32.79,0.0,9.61
2025-03-22,Mumbai,72,31.11,0.0,12.46
2025-03-23,Mumbai,72,28.99,0.0,11.38
2025-03-24,Mumbai,72,27.59,0.0,10.32
2025-03-25,Mumbai,72,27.17,0.0,11.62
2025-03-26,Mumbai,72,26.88,0.0,7.73
2025-03-27,Mumbai,72,27.96,0.0,8.49
2025-03-28,Mumbai,72,28.46,0.0,9.05
2025-03-29,Mumbai,72,27.01,0.0,9.79
2025-03-30,Mumbai,72,27.67,0.0,10.5
2025-03-31,Mumbai,72,27.7,0.0,8.28
2025-04-01,Mumbai,72,30.41,0.0,12.89
2025-04-02,Mumbai,72,30.13,0.0,11.75
2025-04-03,Mumbai,72,29.8,0.0,13.09
2025-04-04,Mumbai,72,30.53,0.0,10.9
2025-04-05,Mumbai,72,32.39,0.0,11.56
2025-04-06,Mumbai,72,32.69,0.0,9.42
2025-04-07,Mumbai,72,30.49,0.0,13.41
2025-04-08,Mumbai,72,29.65,0.0,12.36
2025-04-09,Mumbai,72,31.81,0.0,13.88
2025-04-10,Mumbai,72,33.17,0.0,10.65
2025-04-11,Mumbai,72,36.99,0.0,11.1
2025-04-12,Mumbai,72,32.64,0.0,14.68
2025-04-13,Mumbai,72,31.47,0.0,10.56
2025-04-14,Mumbai,72,34.36,0.0,10.76
2025-04-15,Mumbai,72,32.2,0.0,10.06
2025-04-16,Mumbai,72,35.04,0.0,13.21
2025-04-17,Mumbai,72,35.89,0.0,15.0
2025-04-18,Mumbai,72,30.33,0.0,13.55
2025-04-19,Mumbai,72,33.76,0.0,10.34
2025-04-20,Mumbai,72,32.28,0.0,15.37
2025-04-21,Mumbai,72,34.84,0.0,12.4
2025-04-22,Mumbai,72,31.02,0.0,9.92
2025-04-23,Mumbai,72,31.12,0.0,12.71
2025-04-24,Mumbai,72,34.49,0.0,14.86
2025-04-25,Mumbai,72,31.24,0.0,14.11
2025-04-26,Mumbai,72,32.58,0.0,12.12
2025-04-27,Mumbai,72,34.68,0.0,13.28
2025-04-28,Mumbai,72,33.86,0.0,14.17
2025-04-29,Mumbai,72,33.33,0.0,18.91
2025-04-30,Mumbai,72,35.32,0.0,16.48
2025-05-01,Mumbai,72,35.62,0.0,16.45
2025-05-02,Mumbai,72,34.58,0.0,17.01
2025-05-03,Mumbai,72,32.43,0.0,17.52
2025-05-04,Mumbai,72,34.18,0.0,19.19
2025-05-05,Mumbai,72,37.31,0.0,13.93
2025-05-06,Mumbai,72,32.68,0.0,11.41
2025-05-07,Mumbai,72,29.72,0.0,15.47
2025-05-08,Mumbai,72,29.63,0.0,13.97
2025-05-09,Mumbai,72,28.64,0.0,10.94
2025-05-10,Mumbai,72,28.43,0.0,15.6
2025-05-11,Mumbai,72,28.78,0.0,13.95
2025-05-12,Mumbai,72,30.23,0.0,15.1
2025-05-13,Mumbai,72,32.59,0.0,12.86
2025-05-14,Mumbai,72,31.45,0.0,14.63
2025-05-15,Mumbai,72,34.25,0.0,13.19
2025-05-16,Mumbai,72,29.99,0.0,9.94
2025-05-17,Mumbai,72,30.2,0.0,15.1
2025-05-18,Mumbai,72,29.7,0.0,16.6
2025-05-19,Mumbai,72,30.63,0.0,15.72
2025-05-20,Mumbai,72,29.64,0.0,16.19
2025-05-21,Mumbai,72,32.58,0.0,19.42
2025-05-22,Mumbai,72,33.13,0.0,16.06
2025-05-23,Mumbai,72,33.78,0.0,14.67
2025-05-24,Mumbai,72,31.84,0.0,13.13
2025-05-25,Mumbai,72,32.37,0.0,10.31
2025-05-26,Mumbai,72,29.66,0.0,13.85
2025-05-27,Mumbai,72,34.28,0.0,13.34
2025-05-28,Mumbai,72,32.83,0.0,15.26
2025-05-29,Mumbai,72,36.11,0.0,18.12
2025-05-30,Mumbai,72,37.68,0.0,15.44
2025-05-31,Mumbai,72,32.41,0.0,14.56
2025-06-01,Mumbai,72,30.75,28.59,24.22
2025-06-02,Mumbai,72,28.17,2.36,21.33
2025-06-03,Mumbai,72,28.02,14.65,27.76
2025-06-04,Mumbai,72,31.02,2.68,25.08
2025-06-05,Mumbai,72,30.67,30.13,25.94
2025-06-06,Mumbai,72,29.42,17.85,24.45
2025-06-07,Mumbai,72,28.81,0.0,24.05
2025-06-08,Mumbai,72,29.26,1.67,21.57
2025-06-09,Mumbai,72,30.34,0.0,25.71
2025-06-10,Mumbai,72,30.68,25.93,26.74
2025-06-11,Mumbai,72,32.46,16.38,23.09
2025-06-12,Mumbai,72,31.72,5.36,19.84
2025-06-13,Mumbai,72,31.26,0.0,21.34
2025-06-14,Mumbai,72,32.06,12.68,25.45
2025-06-15,Mumbai,72,32.41,62.06,29.97
2025-06-16,Mumbai,72,34.51,0.0,22.51
2025-06-17,Mumbai,72,33.1,19.58,23.07
2025-06-18,Mumbai,72,30.73,0.0,22.58
2025-06-19,Mumbai,72,30.35,9.99,26.79
2025-06-20,Mumbai,72,31.97,67.66,32.44
2025-06-21,Mumbai,72,32.32,45.56,28.85
2025-06-22,Mumbai,72,31.83,25.09,30.26
2025-06-23,Mumbai,72,30.13,29.07,28.59
2025-06-24,Mumbai,72,29.66,4.33,22.8
2025-06-25,Mumbai,72,27.71,0.0,21.39
2025-06-26,Mumbai,72,29.24,0.0,16.68
2025-06-27,Mumbai,72,30.45,0.0,19.45
2025-06-28,Mumbai,72,28.82,13.19,25.46
2025-06-29,Mumbai,72,26.48,0.0,25.99
2025-06-30,Mumbai,72,26.96,0.0,27.07
2025-07-01,Mumbai,72,26.76,46.96,32.17
2025-07-02,Mumbai,72,21.59,24.42,27.11
2025-07-03,Mumbai,72,26.98,32.44,30.86
2025-07-04,Mumbai,72,27.09,19.76,30.05
2025-07-05,Mumbai,72,28.2,93.67,37.18
2025-07-06,Mumbai,72,27.94,71.62,31.8
2025-07-07,Mumbai,72,25.15,21.36,26.64
2025-07-08,Mumbai,72,26.59,0.0,25.73
2025-07-09,Mumbai,72,28.12,0.0,20.14
2025-07-10,Mumbai,72,29.1,0.0,23.18
2025-07-11,Mumbai,72,31.23,0.0,24.12
2025-07-12,Mumbai,72,29.4,2.53,19.06
2025-07-13,Mumbai,72,28.24,12.14,24.69
2025-07-14,Mumbai,72,28.29,55.89,37.25
2025-07-15,Mumbai,72,25.81,26.76,29.9
2025-07-16,Mumbai,72,25.08,33.34,26.52
2025-07-17,Mumbai,72,26.75,11.79,26.06
2025-07-18,Mumbai,72,27.83,20.94,25.98
2025-07-19,Mumbai,72,28.52,24.23,23.98
2025-07-20,Mumbai,72,26.79,27.11,31.27
2025-07-21,Mumbai,72,25.97,15.87,26.83
2025-07-22,Mumbai,72,28.35,1.19,25.23
2025-07-23,Mumbai,72,25.11,29.35,31.23
2025-07-24,Mumbai,72,24.91,12.84,23.27
2025-07-25,Mumbai,72,25.12,69.3,30.91
2025-07-26,Mumbai,72,25.6,63.69,33.89
2025-07-27,Mumbai,72,25.85,42.74,35.52
2025-07-28,Mumbai,72,28.02,2.76,25.81
2025-07-29,Mumbai,72,27.69,1.49,25.14
2025-07-30,Mumbai,72,29.36,29.31,28.56
2025-07-31,Mumbai,72,30.18,60.09,38.02
2025-08-01,Mumbai,72,29.0,8.94,22.79
2025-08-02,Mumbai,72,30.51,0.83,20.04
2025-08-03,Mumbai,72,28.65,25.96,22.75
2025-08-04,Mumbai,72,27.0,0.0,24.1
2025-08-05,Mumbai,72,26.87,0.0,19.31
2025-08-06,Mumbai,72,28.65,0.0,21.29
2025-08-07,Mumbai,72,28.83,0.0,17.86
2025-08-08,Mumbai,72,26.68,0.0,19.73
2025-08-09,Mumbai,72,27.89,16.87,26.91
2025-08-10,Mumbai,72,25.37,22.94,26.89
2025-08-11,Mumbai,72,23.41,4.98,20.09
2025-08-12,Mumbai,72,22.05,3.21,19.27
2025-08-13,Mumbai,72,25.85,28.74,23.58
2025-08-14,Mumbai,72,24.28,0.0,22.31
2025-08-15,Mumbai,72,25.91,0.0,19.11
2025-08-16,Mumbai,72,28.75,2.88,22.1
2025-08-17,Mumbai,72,28.37,21.95,23.75
2025-08-18,Mumbai,72,26.68,13.15,22.21
2025-08-19,Mumbai,72,29.87,30.35,20.67
2025-08-20,Mumbai,72,24.39,8.02,21.22
2025-08-21,Mumbai,72,26.07,0.0,16.04
2025-08-22,Mumbai,72,27.25,0.0,18.34
2025-08-23,Mumbai,72,25.7,0.0,21.02
2025-08-24,Mumbai,72,25.9,0.0,20.85
2025-08-25,Mumbai,72,25.35,0.0,18.84
2025-08-26,Mumbai,72,26.95,21.09,21.85
2025-08-27,Mumbai,72,28.23,42.7,25.66
2025-08-28,Mumbai,72,27.77,9.71,24.7
2025-08-29,Mumbai,72,25.38,2.0,21.32
2025-08-30,Mumbai,72,27.29,4.12,20.12
2025-08-31,Mumbai,72,26.43,4.54,23.1
2025-09-01,Mumbai,72,24.61,2.52,15.3
2025-09-02,Mumbai,72,26.91,0.61,14.59
2025-09-03,Mumbai,72,28.55,57.55,22.43
2025-09-04,Mumbai,72,29.0,11.79,14.05
2025-09-05,Mumbai,72,29.79,14.07,17.96
2025-09-06,Mumbai,72,28.1,3.13,18.01
2025-09-07,Mumbai,72,28.61,14.41,19.28
2025-09-08,Mumbai,72,28.98,0.0,13.12
2025-09-09,Mumbai,72,29.94,0.0,11.15
2025-09-10,Mumbai,72,29.28,0.0,12.84
2025-09-11,Mumbai,72,28.87,15.73,14.88
2025-09-12,Mumbai,72,30.1,34.88,19.56
2025-09-13,Mumbai,72,30.87,12.45,16.15
2025-09-14,Mumbai,72,32.25,10.34,18.13
2025-09-15,Mumbai,72,30.39,3.97,17.83
2025-09-16,Mumbai,72,31.04,0.95,13.33
2025-09-17,Mumbai,72,28.54,9.05,16.25
2025-09-18,Mumbai,72,29.16,14.15,21.14
2025-09-19,Mumbai,72,27.07,8.87,15.88
2025-09-20,Mumbai,72,28.01,1.91,12.41
2025-09-21,Mumbai,72,29.94,19.46,17.44
2025-09-22,Mumbai,72,28.65,32.04,22.02
2025-09-23,Mumbai,72,29.56,3.48,15.28
2025-09-24,Mumbai,72,28.92,7.87,14.82
2025-09-25,Mumbai,72,30.85,2.51,19.16
2025-09-26,Mumbai,72,34.17,7.56,17.24
2025-09-27,Mumbai,72,33.04,12.05,16.06
2025-09-28,Mumbai,72,31.38,10.43,17.23
2025-09-29,Mumbai,72,28.47,11.88,16.53
2025-09-30,Mumbai,72,28.14,3.0,15.83
2023-01-01,Mumbai,120,21.14,0.0,5.31
2023-01-02,Mumbai,120,27.34,0.0,7.33
2023-01-03,Mumbai,120,25.82,0.0,7.63
2023-01-04,Mumbai,120,24.86,0.0,9.66
2023-01-05,Mumbai,120,25.4,0.0,10.26
2023-01-06,Mumbai,120,24.95,0.0,8.38
2023-01-07,Mumbai,120,26.73,0.0,8.16
2023-01-08,Mumbai,120,27.26,0.0,9.01
2023-01-09,Mumbai,120,28.3,0.0,11.0
2023-01-10,Mumbai,120,25.74,0.0,9.58
2023-01-11,Mumbai,120,23.91,0.0,9.48
2023-01-12,Mumbai,120,23.47,0.0,12.54
2023-01-13,Mumbai,120,22.0,0.0,12.94
2023-01-14,Mumbai,120,23.45,0.0,7.57
2023-01-15,Mumbai,120,24.17,0.0,5.35
2023-01-16,Mumbai,120,23.96,0.0,5.54
2023-01-17,Mumbai,120,27.86,0.0,11.37
2023-01-18,Mumbai,120,25.82,0.0,8.94
2023-01-19,Mumbai,120,25.77,0.0,13.33
2023-01-20,Mumbai,120,24.01,0.0,10.72
2023-01-21,Mumbai,120,25.44,0.0,11.39
2023-01-22,Mumbai,120,22.63,0.0,11.0
2023-01-23,Mumbai,120,26.62,0.0,9.7
2023-01-24,Mumbai,120,23.34,0.0,9.21
2023-01-25,Mumbai,120,25.67,0.0,10.27
2023-01-26,Mumbai,120,23.66,0.0,10.18
2023-01-27,Mumbai,120,26.12,0.0,5.85
2023-01-28,Mumbai,120,22.87,0.0,3.81
2023-01-29,Mumbai,120,26.92,0.0,7.21
2023-01-30,Mumbai,120,24.55,0.0,4.83
2023-01-31,Mumbai,120,24.19,0.0,5.53
2023-02-01,Mumbai,120,28.28,0.0,8.91
2023-02-02,Mumbai,120,26.38,0.0,7.79
2023-02-03,Mumbai,120,27.6,0.0,4.51
2023-02-04,Mumbai,120,26.49,0.0,8.81
2023-02-05,Mumbai,120,25.81,0.0,10.11
2023-02-06,Mumbai,120,25.0,0.0,9.85
2023-02-07,Mumbai,120,27.26,0.0,7.41
2023-02-08,Mumbai,120,23.38,0.0,6.33
2023-02-09,Mumbai,120,22.69,0.0,7.39
2023-02-10,Mumbai,120,24.18,0.0,12.56
2023-02-11,Mumbai,120,26.69,0.0,11.97
2023-02-12,Mumbai,120,25.75,0.0,17.27
2023-02-13,Mumbai,120,23.48,0.0,7.17
2023-02-14,Mumbai,120,24.25,0.0,8.72
2023-02-15,Mumbai,120,25.44,0.0,9.02
2023-02-16,Mumbai,120,25.42,0.0,10.26
2023-02-17,Mumbai,120,28.07,0.0,8.91
2023-02-18,Mumbai,120,26.47,0.0,9.87
2023-02-19,Mumbai,120,26.27,0.0,8.22
2023-02-20,Mumbai,120,27.85,0.0,3.78
2023-02-21,Mumbai,120,29.14,0.0,11.25
2023-02-22,Mumbai,120,29.13,0.0,9.57
2023-02-23,Mumbai,120,29.63,0.0,9.51
2023-02-24,Mumbai,120,29.78,0.0,11.65
2023-02-25,Mumbai,120,29.38,0.0,10.2
2023-02-26,Mumbai,120,28.69,0.0,15.17
2023-02-27,Mumbai,120,27.98,0.0,11.0
2023-02-28,Mumbai,120,29.68,0.0,15.37
2023-03-01,Mumbai,120,32.21,0.0,9.91
2023-03-02,Mumbai,120,30.54,0.0,10.54
2023-03-03,Mumbai,120,29.6,0.0,8.6
2023-03-04,Mumbai,120,31.75,0.0,6.71
2023-03-05,Mumbai,120,31.14,0.0,11.79
2023-03-06,Mumbai,120,28.17,0.0,11.81
2023-03-07,Mumbai,120,32.19,0.0,6.92
2023-03-08,Mumbai,120,27.37,0.0,10.75
2023-03-09,Mumbai,120,28.08,0.0,9.76
2023-03-10,Mumbai,120,30.66,0.0,11.5
2023-03-11,Mumbai,120,28.27,0.14,14.25
2023-03-12,Mumbai,120,26.88,0.0,12.53
2023-03-13,Mumbai,120,30.23,0.0,9.3
2023-03-14,Mumbai,120,31.33,0.0,10.25
2023-03-15,Mumbai,120,29.87,0.0,9.69
2023-03-16,Mumbai,120,30.2,0.0,7.07
2023-03-17,Mumbai,120,28.2,0.0,6.07
2023-03-18,Mumbai,120,29.01,0.0,8.17
2023-03-19,Mumbai,120,28.96,0.0,7.71
2023-03-20,Mumbai,120,29.91,0.0,10.29
2023-03-21,Mumbai,120,29.53,0.0,6.62
2023-03-22,Mumbai,120,30.29,0.0,5.08
2023-03-23,Mumbai,120,28.0,0.0,9.81
2023-03-24,Mumbai,120,27.39,0.0,13.73
2023-03-25,Mumbai,120,26.36,0.0,8.72
2023-03-26,Mumbai,120,30.62,0.0,12.14
2023-03-27,Mumbai,120,28.77,0.0,10.14
2023-03-28,Mumbai,120,26.03,0.0,10.69
2023-03-29,Mumbai,120,27.8,0.0,10.52
2023-03-30,Mumbai,120,26.68,0.0,10.21
2023-03-31,Mumbai,120,28.23,0.0,10.02
2023-04-01,Mumbai,120,29.86,0.0,16.81
2023-04-02,Mumbai,120,28.28,0.0,10.68
2023-04-03,Mumbai,120,27.08,0.0,9.88
2023-04-04,Mumbai,120,27.21,0.0,12.92
2023-04-05,Mumbai,120,27.85,0.0,11.79
2023-04-06,Mumbai,120,28.0,0.0,10.4
2023-04-07,Mumbai,120,29.5,0.0,17.44
2023-04-08,Mumbai,120,28.44,0.0,12.05
2023-04-09,Mumbai,120,30.38,0.0,12.07
2023-04-10,Mumbai,120,30.93,0.0,15.81
2023-04-11,Mumbai,120,29.37,0.0,17.18
2023-04-12,Mumbai,120,28.24,0.0,12.98
2023-04-13,Mumbai,120,29.17,0.0,11.72
2023-04-14,Mumbai,120,29.24,0.0,7.13
2023-04-15,Mumbai,120,26.29,0.0,4.43
2023-04-16,Mumbai,120,27.55,0.0,6.3
2023-04-17,Mumbai,120,27.88,0.0,11.82
2023-04-18,Mumbai,120,27.57,0.0,8.47
2023-04-19,Mumbai,120,27.31,0.0,11.84
2023-04-20,Mumbai,120,27.56,0.0,9.76
2023-04-21,Mumbai,120,30.77,0.0,10.93
2023-04-22,Mumbai,120,29.08,0.0,13.41
2023-04-23,Mumbai,120,29.27,0.0,14.22
2023-04-24,Mumbai,120,29.24,0.0,11.62
2023-04-25,Mumbai,120,29.18,0.0,11.74
2023-04-26,Mumbai,120,29.46,0.0,13.17
2023-04-27,Mumbai,120,29.7,0.0,15.84
2023-04-28,Mumbai,120,30.47,0.0,12.05
2023-04-29,Mumbai,120,30.34,0.0,15.2
2023-04-30,Mumbai,120,31.81,0.0,15.08
2023-05-01,Mumbai,120,33.7,0.0,17.49
2023-05-02,Mumbai,120,36.24,0.0,15.07
2023-05-03,Mumbai,120,38.43,0.0,13.3
2023-05-04,Mumbai,120,32.51,0.0,10.97
2023-05-05,Mumbai,120,35.74,0.0,13.83
2023-05-06,Mumbai,120,34.25,0.0,17.16
2023-05-07,Mumbai,120,32.71,0.0,12.16
2023-05-08,Mumbai,120,32.92,0.0,12.69
2023-05-09,Mumbai,120,31.78,0.0,16.15
2023-05-10,Mumbai,120,33.0,0.0,12.9
2023-05-11,Mumbai,120,34.38,0.0,13.04
2023-05-12,Mumbai,120,29.38,0.0,11.25
2023-05-13,Mumbai,120,32.09,0.0,18.38
2023-05-14,Mumbai,120,31.19,0.0,15.61
2023-05-15,Mumbai,120,34.59,0.0,17.37
2023-05-16,Mumbai,120,34.01,0.0,17.2
2023-05-17,Mumbai,120,33.78,0.0,16.15
2023-05-18,Mumbai,120,34.13,0.0,14.72
2023-05-19,Mumbai,120,35.64,0.0,16.43
2023-05-20,Mumbai,120,33.11,0.0,16.83
2023-05-21,Mumbai,120,37.75,0.0,12.54
2023-05-22,Mumbai,120,33.9,8.07,13.61
2023-05-23,Mumbai,120,31.04,3.18,11.72
2023-05-24,Mumbai,120,34.49,0.0,13.77
2023-05-25,Mumbai,120,32.39,0.0,20.67
2023-05-26,Mumbai,120,36.32,0.0,18.23
2023-05-27,Mumbai,120,33.72,0.0,13.06
2023-05-28,Mumbai,120,36.51,0.0,10.15
2023-05-29,Mumbai,120,36.65,0.0,17.71
2023-05-30,Mumbai,120,34.8,0.0,13.45
2023-05-31,Mumbai,120,32.84,0.0,15.32
2023-06-01,Mumbai,120,30.89,0.0,24.05
2023-06-02,Mumbai,120,30.65,27.51,30.87
2023-06-03,Mumbai,120,32.54,31.09,33.63
2023-06-04,Mumbai,120,32.71,17.17,24.75
2023-06-05,Mumbai,120,31.98,7.49,30.88
2023-06-06,Mumbai,120,31.02,13.19,28.62
2023-06-07,Mumbai,120,28.67,99.74,36.63
2023-06-08,Mumbai,120,28.23,28.66,30.49
2023-06-09,Mumbai,120,27.62,25.49,22.62
2023-06-10,Mumbai,120,26.24,27.65,23.08
2023-06-11,Mumbai,120,27.78,31.0,29.64
2023-06-12,Mumbai,120,28.79,16.49,30.08
2023-06-13,Mumbai,120,31.13,31.11,26.31
2023-06-14,Mumbai,120,25.62,37.97,24.3
2023-06-15,Mumbai,120,29.83,0.0,22.51
2023-06-16,Mumbai,120,31.64,0.0,27.63
2023-06-17,Mumbai,120,32.48,0.0,21.3
2023-06-18,Mumbai,120,30.62,27.17,28.42
2023-06-19,Mumbai,120,29.03,0.0,22.81
2023-06-20,Mumbai,120,27.51,4.13,24.8
2023-06-21,Mumbai,120,30.08,0.0,19.14
2023-06-22,Mumbai,120,32.62,42.6,20.61
2023-06-23,Mumbai,120,31.31,15.24,25.49
2023-06-24,Mumbai,120,30.33,10.49,29.56
2023-06-25,Mumbai,120,29.86,24.95,26.17
2023-06-26,Mumbai,120,29.42,6.6,23.39
2023-06-27,Mumbai,120,25.5,35.7,34.12
2023-06-28,Mumbai,120,29.61,0.0,28.04
2023-06-29,Mumbai,120,29.78,0.0,24.32
2023-06-30,Mumbai,120,26.96,0.0,21.93
2023-07-01,Mumbai,120,22.24,28.55,30.64
2023-07-02,Mumbai,120,25.49,26.18,28.09
2023-07-03,Mumbai,120,24.35,13.67,29.16
2023-07-04,Mumbai,120,24.06,0.0,22.72
2023-07-05,Mumbai,120,25.83,0.0,28.87
2023-07-06,Mumbai,120,24.11,0.0,29.05
2023-07-07,Mumbai,120,26.33,0.0,24.12
2023-07-08,Mumbai,120,27.83,0.0,21.54
2023-07-09,Mumbai,120,27.54,0.0,24.9
2023-07-10,Mumbai,120,26.85,41.18,32.42
2023-07-11,Mumbai,120,29.56,3.92,23.87
2023-07-12,Mumbai,120,29.39,49.22,31.83
2023-07-13,Mumbai,120,29.61,0.0,22.29
2023-07-14,Mumbai,120,28.76,0.0,20.26
2023-07-15,Mumbai,120,26.47,0.0,26.29
2023-07-16,Mumbai,120,26.44,0.0,24.28
2023-07-17,Mumbai,120,25.92,0.0,23.62
2023-07-18,Mumbai,120,27.31,0.0,20.93
2023-07-19,Mumbai,120,27.74,0.0,23.5
2023-07-20,Mumbai,120,27.32,14.84,25.6
2023-07-21,Mumbai,120,24.8,27.64,26.25
2023-07-22,Mumbai,120,25.8,2.86,22.21
2023-07-23,Mumbai,120,25.17,32.89,23.28
2023-07-24,Mumbai,120,29.5,20.48,28.45
2023-07-25,Mumbai,120,27.42,29.7,31.16
2023-07-26,Mumbai,120,24.51,142.99,38.46
2023-07-27,Mumbai,120,27.77,0.0,25.6
2023-07-28,Mumbai,120,27.3,0.0,27.74
2023-07-29,Mumbai,120,28.15,0.0,29.92
2023-07-30,Mumbai,120,24.6,102.82,39.24
2023-07-31,Mumbai,120,24.13,9.26,25.53
2023-08-01,Mumbai,120,26.59,81.16,36.98
2023-08-02,Mumbai,120,26.11,0.0,19.03
2023-08-03,Mumbai,120,25.36,0.0,22.43
2023-08-04,Mumbai,120,25.29,0.0,21.2
2023-08-05,Mumbai,120,25.96,0.0,20.31
2023-08-06,Mumbai,120,28.76,6.79,22.02
2023-08-07,Mumbai,120,29.54,65.32,29.62
2023-08-08,Mumbai,120,29.57,23.1,24.68
2023-08-09,Mumbai,120,30.12,62.44,30.09
2023-08-10,Mumbai,120,25.04,19.79,24.12
2023-08-11,Mumbai,120,24.46,43.8,21.87
2023-08-12,Mumbai,120,23.84,0.27,16.95
2023-08-13,Mumbai,120,25.97,35.2,22.93
2023-08-14,Mumbai,120,22.59,21.63,24.49
2023-08-15,Mumbai,120,23.43,2.36,18.18
2023-08-16,Mumbai,120,24.32,10.27,19.05
2023-08-17,Mumbai,120,23.26,6.76,17.17
2023-08-18,Mumbai,120,24.15,9.66,24.7
2023-08-19,Mumbai,120,24.68,4.79,20.69
2023-08-20,Mumbai,120,24.9,20.11,30.36
2023-08-21,Mumbai,120,28.82,11.28,26.75
2023-08-22,Mumbai,120,25.21,16.23,25.04
2023-08-23,Mumbai,120,28.22,7.94,24.43
2023-08-24,Mumbai,120,25.56,12.58,22.07
2023-08-25,Mumbai,120,26.72,11.45,21.59
2023-08-26,Mumbai,120,25.69,33.1,25.23
2023-08-27,Mumbai,120,23.8,63.68,29.84
2023-08-28,Mumbai,120,28.33,48.05,22.6
2023-08-29,Mumbai,120,21.81,11.0,24.78
2023-08-30,Mumbai,120,26.02,33.62,25.13
2023-08-31,Mumbai,120,26.78,10.87,29.51
2023-09-01,Mumbai,120,28.11,15.44,22.51
2023-09-02,Mumbai,120,29.73,10.06,17.83
2023-09-03,Mumbai,120,28.57,0.0,18.23
2023-09-04,Mumbai,120,30.13,0.0,17.06
2023-09-05,Mumbai,120,29.82,0.0,15.2
2023-09-06,Mumbai,120,29.14,2.06,16.27
2023-09-07,Mumbai,120,28.25,9.32,21.91
2023-09-08,Mumbai,120,26.67,12.8,19.82
2023-09-09,Mumbai,120,28.62,19.37,18.16
2023-09-10,Mumbai,120,27.35,0.0,17.6
2023-09-11,Mumbai,120,27.0,0.0,16.72
2023-09-12,Mumbai,120,28.44,0.0,13.37
2023-09-13,Mumbai,120,27.1,0.0,10.8
2023-09-14,Mumbai,120,28.63,23.48,19.78
2023-09-15,Mumbai,120,28.98,22.61,16.54
2023-09-16,Mumbai,120,27.07,14.12,16.0
2023-09-17,Mumbai,120,28.83,4.84,12.42
2023-09-18,Mumbai,120,28.83,1.85,14.6
2023-09-19,Mumbai,120,28.22,9.74,16.81
2023-09-20,Mumbai,120,30.1,2.77,18.91
2023-09-21,Mumbai,120,31.4,7.37,16.67
2023-09-22,Mumbai,120,30.45,22.58,25.24
2023-09-23,Mumbai,120,28.18,1.58,14.39
2023-09-24,Mumbai,120,27.23,7.72,20.95
2023-09-25,Mumbai,120,30.3,27.75,22.15
2023-09-26,Mumbai,120,29.83,13.39,12.35
2023-09-27,Mumbai,120,29.16,20.04,16.87
2023-09-28,Mumbai,120,29.21,8.21,17.56
2023-09-29,Mumbai,120,28.06,0.72,16.43
2023-09-30,Mumbai,120,31.26,1.98,15.43
2023-10-01,Mumbai,120,31.99,0.0,6.9
2023-10-02,Mumbai,120,32.47,0.0,13.01
2023-10-03,Mumbai,120,32.6,0.0,9.72
2023-10-04,Mumbai,120,31.51,0.0,9.32
2023-10-05,Mumbai,120,30.79,0.0,13.42
2023-10-06,Mumbai,120,28.81,6.36,13.18
2023-10-07,Mumbai,120,28.59,0.0,14.14
2023-10-08,Mumbai,120,28.1,0.0,9.94
2023-10-09,Mumbai,120,27.96,0.0,9.92
2023-10-10,Mumbai,120,26.06,28.13,14.84
2023-10-11,Mumbai,120,25.83,0.0,11.89
2023-10-12,Mumbai,120,25.99,0.0,10.37
2023-10-13,Mumbai,120,25.95,0.0,8.31
2023-10-14,Mumbai,120,27.6,0.0,11.35
2023-10-15,Mumbai,120,26.59,0.0,9.56
2023-10-16,Mumbai,120,27.6,0.0,12.07
2023-10-17,Mumbai,120,27.85,0.0,7.94
2023-10-18,Mumbai,120,27.14,0.0,12.24
2023-10-19,Mumbai,120,26.45,0.0,7.68
2023-10-20,Mumbai,120,27.79,0.0,10.52
2023-10-21,Mumbai,120,30.91,0.0,7.15
2023-10-22,Mumbai,120,29.66,0.0,10.06
2023-10-23,Mumbai,120,32.11,0.0,11.25
2023-10-24,Mumbai,120,33.25,0.0,9.31
2023-10-25,Mumbai,120,30.3,0.0,13.17
2023-10-26,Mumbai,120,29.15,4.46,21.86
2023-10-27,Mumbai,120,29.69,0.0,8.32
2023-10-28,Mumbai,120,27.64,0.0,12.46
2023-10-29,Mumbai,120,27.7,0.0,13.77
2023-10-30,Mumbai,120,27.83,7.99,14.04
2023-10-31,Mumbai,120,30.26,0.0,9.19
2023-11-01,Mumbai,120,27.89,0.0,7.81
2023-11-02,Mumbai,120,27.42,0.0,0.92
2023-11-03,Mumbai,120,26.16,0.0,3.79
2023-11-04,Mumbai,120,26.87,0.0,6.7
2023-11-05,Mumbai,120,26.48,0.0,7.62
2023-11-06,Mumbai,120,26.37,0.0,9.5
2023-11-07,Mumbai,120,25.39,0.0,6.65
2023-11-08,Mumbai,120,26.3,0.0,8.04
2023-11-09,Mumbai,120,24.18,0.0,10.55
2023-11-10,Mumbai,120,25.08,22.98,14.05
2023-11-11,Mumbai,120,25.91,0.0,6.9
2023-11-12,Mumbai,120,24.0,0.0,8.46
2023-11-13,Mumbai,120,25.75,0.0,8.44
2023-11-14,Mumbai,120,30.15,0.0,9.08
2023-11-15,Mumbai,120,26.87,0.0,4.66
2023-11-16,Mumbai,120,30.58,0.0,5.45
2023-11-17,Mumbai,120,29.59,0.0,1.4
2023-11-18,Mumbai,120,29.36,0.0,2.8
2023-11-19,Mumbai,120,25.81,0.0,7.16
2023-11-20,Mumbai,120,25.23,0.0,5.63
2023-11-21,Mumbai,120,29.48,0.0,7.44
2023-11-22,Mumbai,120,25.53,0.0,4.79
2023-11-23,Mumbai,120,28.07,0.0,8.06
2023-11-24,Mumbai,120,30.46,0.0,10.54
2023-11-25,Mumbai,120,29.51,0.0,10.63
2023-11-26,Mumbai,120,25.53,0.0,4.9
2023-11-27,Mumbai,120,25.91,0.0,12.24
2023-11-28,Mumbai,120,25.44,0.0,4.86
2023-11-29,Mumbai,120,27.18,0.0,5.78
2023-11-30,Mumbai,120,29.02,0.0,7.54
2023-12-01,Mumbai,120,24.61,0.0,15.79
2023-12-02,Mumbai,120,26.81,0.0,12.84
2023-12-03,Mumbai,120,30.49,0.0,12.28
2023-12-04,Mumbai,120,29.93,0.0,15.92
2023-12-05,Mumbai,120,29.58,0.0,14.38
2023-12-06,Mumbai,120,27.02,0.0,9.49
2023-12-07,Mumbai,120,25.63,0.0,7.05
2023-12-08,Mumbai,120,26.7,0.0,6.43
2023-12-09,Mumbai,120,24.56,0.0,6.6
2023-12-10,Mumbai,120,23.6,0.0,11.37
2023-12-11,Mumbai,120,26.23,0.0,7.68
2023-12-12,Mumbai,120,25.38,0.0,8.69
2023-12-13,Mumbai,120,27.55,0.0,5.43
2023-12-14,Mumbai,120,27.18,0.0,12.43
2023-12-15,Mumbai,120,29.73,0.0,8.12
2023-12-16,Mumbai,120,29.1,0.0,6.38
2023-12-17,Mumbai,120,27.05,0.0,7.74
2023-12-18,Mumbai,120,27.92,0.0,9.91
2023-12-19,Mumbai,120,26.92,0.0,7.1
2023-12-20,Mumbai,120,30.63,0.0,10.14
2023-12-21,Mumbai,120,29.97,0.0,4.13
2023-12-22,Mumbai,120,28.12,0.0,11.65
2023-12-23,Mumbai,120,31.04,0.0,9.51
2023-12-24,Mumbai,120,28.67,0.0,9.02
2023-12-25,Mumbai,120,26.33,0.0,9.44
2023-12-26,Mumbai,120,28.05,0.0,10.0
2023-12-27,Mumbai,120,27.3,0.0,13.61
2023-12-28,Mumbai,120,29.44,0.0,11.02
2023-12-29,Mumbai,120,26.23,0.0,7.14
2023-12-30,Mumbai,120,25.51,0.0,9.29
2023-12-31,Mumbai,120,23.69,0.0,4.48
2024-01-01,Mumbai,120,21.34,0.0,9.83
2024-01-02,Mumbai,120,21.26,0.0,6.86
2024-01-03,Mumbai,120,23.17,0.0,9.68
2024-01-04,Mumbai,120,24.2,0.0,7.48
2024-01-05,Mumbai,120,23.27,0.0,11.05
2024-01-06,Mumbai,120,25.66,0.0,10.45
2024-01-07,Mumbai,120,22.46,0.0,14.79
2024-01-08,Mumbai,120,22.55,0.0,9.29
2024-01-09,Mumbai,120,23.64,0.0,12.21
2024-01-10,Mumbai,120,23.78,0.0,11.18
2024-01-11,Mumbai,120,24.86,0.0,12.38
2024-01-12,Mumbai,120,25.58,0.0,10.98
2024-01-13,Mumbai,120,24.94,0.0,9.09
2024-01-14,Mumbai,120,23.85,0.0,9.95
2024-01-15,Mumbai,120,22.22,0.0,7.9
2024-01-16,Mumbai,120,22.9,0.0,9.41
2024-01-17,Mumbai,120,22.98,0.0,7.25
2024-01-18,Mumbai,120,19.15,0.0,5.56
2024-01-19,Mumbai,120,21.53,0.0,8.58
2024-01-20,Mumbai,120,19.81,0.0,7.59
2024-01-21,Mumbai,120,19.49,0.0,10.3
2024-01-22,Mumbai,120,22.1,0.0,7.6
2024-01-23,Mumbai,120,22.9,0.0,5.66
2024-01-24,Mumbai,120,19.7,0.0,5.68
2024-01-25,Mumbai,120,19.49,0.0,13.09
2024-01-26,Mumbai,120,23.21,0.0,13.72
2024-01-27,Mumbai,120,21.35,0.0,7.29
2024-01-28,Mumbai,120,20.72,0.0,8.93
2024-01-29,Mumbai,120,23.75,0.0,10.98
2024-01-30,Mumbai,120,23.73,0.0,8.95
2024-01-31,Mumbai,120,24.52,0.0,9.02
2024-02-01,Mumbai,120,26.37,0.0,8.77
2024-02-02,Mumbai,120,27.62,0.0,7.73
2024-02-03,Mumbai,120,23.93,0.0,8.59
2024-02-04,Mumbai,120,24.86,0.0,6.22
2024-02-05,Mumbai,120,25.25,0.0,1.97
2024-02-06,Mumbai,120,23.98,0.0,7.17
2024-02-07,Mumbai,120,22.84,0.0,4.22
2024-02-08,Mumbai,120,23.32,0.0,11.68
2024-02-09,Mumbai,120,22.43,0.0,10.64
2024-02-10,Mumbai,120,26.05,0.0,10.0
2024-02-11,Mumbai,120,22.93,0.0,9.23
2024-02-12,Mumbai,120,24.19,0.0,10.77
2024-02-13,Mumbai,120,23.86,0.0,5.61
2024-02-14,Mumbai,120,25.48,0.0,8.51
2024-02-15,Mumbai,120,23.23,0.0,6.83
2024-02-16,Mumbai,120,24.94,0.0,6.0
2024-02-17,Mumbai,120,27.35,0.0,9.56
2024-02-18,Mumbai,120,29.28,0.0,9.95
2024-02-19,Mumbai,120,27.34,0.0,13.72
2024-02-20,Mumbai,120,25.88,0.0,9.56
2024-02-21,Mumbai,120,24.15,0.0,6.79
2024-02-22,Mumbai,120,21.92,0.0,8.43
2024-02-23,Mumbai,120,24.3,0.0,10.31
2024-02-24,Mumbai,120,25.54,0.0,8.13
2024-02-25,Mumbai,120,26.01,0.0,13.49
2024-02-26,Mumbai,120,22.89,0.0,9.03
2024-02-27,Mumbai,120,22.62,0.0,9.84
2024-02-28,Mumbai,120,25.96,0.0,2.21
2024-02-29,Mumbai,120,24.01,0.0,6.49
2024-03-01,Mumbai,120,26.87,0.0,10.43
2024-03-02,Mumbai,120,29.6,0.0,12.75
2024-03-03,Mumbai,120,31.14,0.0,7.16
2024-03-04,Mumbai,120,28.3,0.0,5.96
2024-03-05,Mumbai,120,32.6,0.0,9.71
2024-03-06,Mumbai,120,27.94,0.0,10.68
2024-03-07,Mumbai,120,29.81,0.0,12.33
2024-03-08,Mumbai,120,29.7,0.0,8.62
2024-03-09,Mumbai,120,25.79,0.0,13.75
2024-03-10,Mumbai,120,28.93,0.0,6.45
2024-03-11,Mumbai,120,24.77,0.0,9.59
2024-03-12,Mumbai,120,29.59,0.71,8.96
2024-03-13,Mumbai,120,30.86,0.0,7.81
2024-03-14,Mumbai,120,31.21,0.0,13.87
2024-03-15,Mumbai,120,28.33,0.0,11.4
2024-03-16,Mumbai,120,28.14,0.0,8.92
2024-03-17,Mumbai,120,28.08,0.0,6.32
2024-03-18,Mumbai,120,32.06,0.0,10.09
2024-03-19,Mumbai,120,29.03,0.0,9.91
2024-03-20,Mumbai,120,27.01,0.0,10.07
2024-03-21,Mumbai,120,27.82,0.0,12.97
2024-03-22,Mumbai,120,31.24,0.0,11.75
2024-03-23,Mumbai,120,28.65,0.0,10.63
2024-03-24,Mumbai,120,31.78,0.0,5.74
2024-03-25,Mumbai,120,31.69,0.0,12.03
2024-03-26,Mumbai,120,27.34,0.0,7.49
2024-03-27,Mumbai,120,29.72,0.0,8.57
2024-03-28,Mumbai,120,26.98,0.0,7.23
2024-03-29,Mumbai,120,26.56,0.0,7.28
2024-03-30,Mumbai,120,27.92,0.0,12.84
2024-03-31,Mumbai,120,27.34,0.0,10.45
2024-04-01,Mumbai,120,29.09,0.0,18.09
2024-04-02,Mumbai,120,30.88,0.0,13.31
2024-04-03,Mumbai,120,30.45,0.0,13.08
2024-04-04,Mumbai,120,31.42,0.0,10.62
2024-04-05,Mumbai,120,31.69,0.0,12.83
2024-04-06,Mumbai,120,32.97,0.0,13.78
2024-04-07,Mumbai,120,33.1,0.0,13.67
2024-04-08,Mumbai,120,29.9,0.0,10.99
2024-04-09,Mumbai,120,26.03,0.0,13.52
2024-04-10,Mumbai,120,28.17,0.0,9.42
2024-04-11,Mumbai,120,25.61,0.0,14.26
2024-04-12,Mumbai,120,28.66,0.0,16.45
2024-04-13,Mumbai,120,32.43,0.0,8.24
2024-04-14,Mumbai,120,29.61,0.0,13.14
2024-04-15,Mumbai,120,29.57,0.0,10.85
2024-04-16,Mumbai,120,26.6,0.0,11.28
2024-04-17,Mumbai,120,27.84,0.0,19.84
2024-04-18,Mumbai,120,27.34,0.0,12.13
2024-04-19,Mumbai,120,30.67,0.0,8.21
2024-04-20,Mumbai,120,31.77,0.0,13.01
2024-04-21,Mumbai,120,32.03,0.0,15.83
2024-04-22,Mumbai,120,30.28,0.0,14.8
2024-04-23,Mumbai,120,30.36,0.0,13.34
2024-04-24,Mumbai,120,29.36,0.0,16.93
2024-04-25,Mumbai,120,28.64,0.0,14.65
2024-04-26,Mumbai,120,28.01,0.0,12.53
2024-04-27,Mumbai,120,25.88,0.0,9.84
2024-04-28,Mumbai,120,24.93,0.0,11.47
2024-04-29,Mumbai,120,28.5,0.0,14.96
2024-04-30,Mumbai,120,28.3,0.0,15.07
2024-05-01,Mumbai,120,28.22,0.0,18.48
2024-05-02,Mumbai,120,31.09,0.0,12.92
2024-05-03,Mumbai,120,28.9,0.0,12.59
2024-05-04,Mumbai,120,30.38,0.0,18.88
2024-05-05,Mumbai,120,33.47,0.0,14.19
2024-05-06,Mumbai,120,30.27,0.0,12.91
2024-05-07,Mumbai,120,30.79,0.0,13.56
2024-05-08,Mumbai,120,32.32,0.0,13.98
2024-05-09,Mumbai,120,31.05,0.0,8.2
2024-05-10,Mumbai,120,31.18,0.0,14.94
2024-05-11,Mumbai,120,28.39,0.0,12.36
2024-05-12,Mumbai,120,29.17,0.0,14.47
2024-05-13,Mumbai,120,28.13,0.0,12.56
2024-05-14,Mumbai,120,29.4,8.71,15.79
2024-05-15,Mumbai,120,30.5,0.0,15.59
2024-05-16,Mumbai,120,29.79,0.0,16.1
2024-05-17,Mumbai,120,30.22,0.0,19.78
2024-05-18,Mumbai,120,29.28,0.0,15.62
2024-05-19,Mumbai,120,30.3,0.0,15.8
2024-05-20,Mumbai,120,32.03,0.0,16.34
2024-05-21,Mumbai,120,31.49,0.0,20.59
2024-05-22,Mumbai,120,30.26,0.0,15.48
2024-05-23,Mumbai,120,30.44,0.0,14.7
2024-05-24,Mumbai,120,30.51,0.0,15.46
2024-05-25,Mumbai,120,30.15,0.0,13.63
2024-05-26,Mumbai,120,30.89,0.0,22.68
2024-05-27,Mumbai,120,29.82,0.0,14.52
2024-05-28,Mumbai,120,31.47,0.0,17.66
2024-05-29,Mumbai,120,30.45,0.0,17.93
2024-05-30,Mumbai,120,30.97,0.0,18.97
2024-05-31,Mumbai,120,30.69,0.0,19.84
2024-06-01,Mumbai,120,25.79,0.0,25.04
2024-06-02,Mumbai,120,29.32,15.56,25.74
2024-06-03,Mumbai,120,31.39,2.68,22.27
2024-06-04,Mumbai,120,28.97,23.59,27.24
2024-06-05,Mumbai,120,30.16,34.9,23.86
2024-06-06,Mumbai,120,26.39,8.88,18.65
2024-06-07,Mumbai,120,29.48,0.0,17.21
2024-06-08,Mumbai,120,29.65,37.24,24.71
2024-06-09,Mumbai,120,28.86,24.04,25.54
2024-06-10,Mumbai,120,30.5,17.19,24.63
2024-06-11,Mumbai,120,29.5,9.72,25.34
2024-06-12,Mumbai,120,29.48,9.0,22.29
2024-06-13,Mumbai,120,27.67,16.61,27.5
2024-06-14,Mumbai,120,28.76,45.99,32.31
2024-06-15,Mumbai,120,29.17,12.49,21.35
2024-06-16,Mumbai,120,30.91,19.0,27.35
2024-06-17,Mumbai,120,30.24,49.28,30.56
2024-06-18,Mumbai,120,33.72,32.52,24.63
2024-06-19,Mumbai,120,31.75,14.38,24.28
2024-06-20,Mumbai,120,33.23,10.37,26.0
2024-06-21,Mumbai,120,30.73,7.35,23.41
2024-06-22,Mumbai,120,31.42,1.6,24.89
2024-06-23,Mumbai,120,30.27,12.88,27.86
2024-06-24,Mumbai,120,31.35,42.07,34.05
2024-06-25,Mumbai,120,30.89,1.29,20.59
2024-06-26,Mumbai,120,32.5,21.23,19.05
2024-06-27,Mumbai,120,32.39,23.84,30.42
2024-06-28,Mumbai,120,32.16,11.25,27.66
2024-06-29,Mumbai,120,32.91,27.01,27.33
2024-06-30,Mumbai,120,30.81,23.9,28.48
2024-07-01,Mumbai,120,30.12,12.72,24.89
2024-07-02,Mumbai,120,29.39,42.41,28.59
2024-07-03,Mumbai,120,27.49,12.51,28.05
2024-07-04,Mumbai,120,29.5,14.99,32.22
2024-07-05,Mumbai,120,26.57,10.51,31.56
2024-07-06,Mumbai,120,27.75,8.34,28.8
2024-07-07,Mumbai,120,28.19,6.21,25.02
2024-07-08,Mumbai,120,27.85,11.65,26.82
2024-07-09,Mumbai,120,30.49,9.01,22.65
2024-07-10,Mumbai,120,26.84,9.9,26.84
2024-07-11,Mumbai,120,27.73,14.48,24.32
2024-07-12,Mumbai,120,28.18,16.82,30.72
2024-07-13,Mumbai,120,26.47,67.31,36.62
2024-07-14,Mumbai,120,25.34,4.15,22.68
2024-07-15,Mumbai,120,26.58,23.67,30.57
2024-07-16,Mumbai,120,28.59,16.11,26.65
2024-07-17,Mumbai,120,29.13,21.94,27.32
2024-07-18,Mumbai,120,29.5,31.87,26.5
2024-07-19,Mumbai,120,29.35,32.34,33.24
2024-07-20,Mumbai,120,27.96,31.08,25.17
2024-07-21,Mumbai,120,25.74,19.69,22.16
2024-07-22,Mumbai,120,29.02,28.75,27.87
2024-07-23,Mumbai,120,28.73,31.75,27.56
2024-07-24,Mumbai,120,27.45,0.0,23.98
2024-07-25,Mumbai,120,28.55,44.6,32.13
2024-07-26,Mumbai,120,25.8,73.72,37.85
2024-07-27,Mumbai,120,25.18,5.18,25.47
2024-07-28,Mumbai,120,27.23,21.89,26.49
2024-07-29,Mumbai,120,27.06,11.36,27.2
2024-07-30,Mumbai,120,28.93,25.63,28.15
2024-07-31,Mumbai,120,27.92,10.43,24.05
2024-08-01,Mumbai,120,28.44,13.03,25.71
2024-08-02,Mumbai,120,29.4,16.68,21.24
2024-08-03,Mumbai,120,28.07,23.68,22.29
2024-08-04,Mumbai,120,29.45,4.79,23.05
2024-08-05,Mumbai,120,29.67,14.38,20.81
2024-08-06,Mumbai,120,27.27,8.24,21.52
2024-08-07,Mumbai,120,28.89,17.45,26.79
2024-08-08,Mumbai,120,26.57,5.5,23.41
2024-08-09,Mumbai,120,29.34,11.14,24.54
2024-08-10,Mumbai,120,29.29,35.79,25.3
2024-08-11,Mumbai,120,28.61,4.63,23.45
2024-08-12,Mumbai,120,27.71,60.51,26.25
2024-08-13,Mumbai,120,27.25,16.8,26.35
2024-08-14,Mumbai,120,30.35,12.89,21.39
2024-08-15,Mumbai,120,28.21,35.72,29.61
2024-08-16,Mumbai,120,29.53,19.65,25.74
2024-08-17,Mumbai,120,28.69,13.47,25.31
2024-08-18,Mumbai,120,27.57,6.71,23.18
2024-08-19,Mumbai,120,27.48,2.08,20.79
2024-08-20,Mumbai,120,30.06,4.61,19.88
2024-08-21,Mumbai,120,28.92,23.51,20.4
2024-08-22,Mumbai,120,26.68,5.55,22.09
2024-08-23,Mumbai,120,28.25,0.49,19.62
2024-08-24,Mumbai,120,28.06,19.48,28.17
2024-08-25,Mumbai,120,27.82,14.38,26.97
2024-08-26,Mumbai,120,29.19,31.09,28.69
2024-08-27,Mumbai,120,27.79,13.09,31.51
2024-08-28,Mumbai,120,25.58,20.95,26.72
2024-08-29,Mumbai,120,27.88,6.85,26.0
2024-08-30,Mumbai,120,25.73,29.69,25.25
2024-08-31,Mumbai,120,27.92,9.34,30.86
2024-09-01,Mumbai,120,26.07,9.74,23.52
2024-09-02,Mumbai,120,25.98,0.83,17.01
2024-09-03,Mumbai,120,27.82,9.59,14.81
2024-09-04,Mumbai,120,27.04,5.79,18.22
2024-09-05,Mumbai,120,29.19,5.78,19.05
2024-09-06,Mumbai,120,31.28,11.71,14.75
2024-09-07,Mumbai,120,28.78,0.0,14.31
2024-09-08,Mumbai,120,26.29,0.0,12.18
2024-09-09,Mumbai,120,30.55,19.22,20.86
2024-09-10,Mumbai,120,29.73,18.56,23.96
2024-09-11,Mumbai,120,29.1,11.5,14.08
2024-09-12,Mumbai,120,29.93,29.04,20.69
2024-09-13,Mumbai,120,33.23,4.54,17.99
2024-09-14,Mumbai,120,29.55,30.46,25.47
2024-09-15,Mumbai,120,30.7,4.22,19.84
2024-09-16,Mumbai,120,30.03,9.61,20.74
2024-09-17,Mumbai,120,29.16,5.26,15.95
2024-09-18,Mumbai,120,30.9,7.71,16.74
2024-09-19,Mumbai,120,28.8,3.32,20.11
2024-09-20,Mumbai,120,29.64,12.22,16.99
2024-09-21,Mumbai,120,31.61,16.35,14.62
2024-09-22,Mumbai,120,29.79,1.64,17.85
2024-09-23,Mumbai,120,28.9,2.29,12.77
2024-09-24,Mumbai,120,28.82,5.97,15.36
2024-09-25,Mumbai,120,29.63,4.29,19.18
2024-09-26,Mumbai,120,29.05,15.31,19.79
2024-09-27,Mumbai,120,30.26,21.13,19.23
2024-09-28,Mumbai,120,25.93,32.34,18.58
2024-09-29,Mumbai,120,26.51,11.89,13.23
2024-09-30,Mumbai,120,28.66,3.83,10.8
2024-10-01,Mumbai,120,31.66,0.0,12.32
2024-10-02,Mumbai,120,29.65,0.0,11.25
2024-10-03,Mumbai,120,31.5,0.0,11.42
2024-10-04,Mumbai,120,28.04,0.0,7.84
2024-10-05,Mumbai,120,28.13,0.0,9.07
2024-10-06,Mumbai,120,30.26,0.0,11.0
2024-10-07,Mumbai,120,26.39,0.0,10.91
2024-10-08,Mumbai,120,26.67,0.0,12.11
2024-10-09,Mumbai,120,29.45,0.0,8.73
2024-10-10,Mumbai,120,28.42,4.81,13.33
2024-10-11,Mumbai,120,30.25,0.0,11.79
2024-10-12,Mumbai,120,31.97,0.0,10.3
2024-10-13,Mumbai,120,29.63,0.0,10.07
2024-10-14,Mumbai,120,30.37,0.0,9.2
2024-10-15,Mumbai,120,29.66,18.4,12.63
2024-10-16,Mumbai,120,27.59,6.22,15.5
2024-10-17,Mumbai,120,28.25,0.0,10.48
2024-10-18,Mumbai,120,30.83,0.0,7.06
2024-10-19,Mumbai,120,27.14,0.0,10.75
2024-10-20,Mumbai,120,30.16,0.0,9.11
2024-10-21,Mumbai,120,30.77,0.0,8.51
2024-10-22,Mumbai,120,28.82,0.0,8.25
2024-10-23,Mumbai,120,28.9,0.0,13.11
2024-10-24,Mumbai,120,28.74,0.0,8.02
2024-10-25,Mumbai,120,29.43,0.0,5.17
2024-10-26,Mumbai,120,32.61,0.0,8.86
2024-10-27,Mumbai,120,32.72,0.0,10.17
2024-10-28,Mumbai,120,34.52,0.0,10.55
2024-10-29,Mumbai,120,29.77,0.0,10.3
2024-10-30,Mumbai,120,28.82,0.0,11.97
2024-10-31,Mumbai,120,28.07,0.0,12.9
2024-11-01,Mumbai,120,25.46,0.0,4.86
2024-11-02,Mumbai,120,25.33,0.0,7.73
2024-11-03,Mumbai,120,26.33,0.0,4.06
2024-11-04,Mumbai,120,27.75,0.0,8.11
2024-11-05,Mumbai,120,28.1,0.0,5.33
2024-11-06,Mumbai,120,29.93,0.0,9.58
2024-11-07,Mumbai,120,27.9,0.0,11.34
2024-11-08,Mumbai,120,25.9,0.0,11.79
2024-11-09,Mumbai,120,30.41,0.0,10.71
2024-11-10,Mumbai,120,31.53,0.0,10.59
2024-11-11,Mumbai,120,30.38,0.0,13.41
2024-11-12,Mumbai,120,30.89,0.0,8.79
2024-11-13,Mumbai,120,28.71,0.0,11.1
2024-11-14,Mumbai,120,29.63,0.0,13.31
2024-11-15,Mumbai,120,27.51,0.0,9.01
2024-11-16,Mumbai,120,28.33,0.0,10.71
2024-11-17,Mumbai,120,28.91,0.0,10.69
2024-11-18,Mumbai,120,25.46,0.0,13.75
2024-11-19,Mumbai,120,28.64,0.0,6.56
2024-11-20,Mumbai,120,26.59,0.0,10.46
2024-11-21,Mumbai,120,29.01,0.0,9.72
2024-11-22,Mumbai,120,27.81,0.0,7.43
2024-11-23,Mumbai,120,26.49,0.0,12.19
2024-11-24,Mumbai,120,28.02,0.0,6.43
2024-11-25,Mumbai,120,30.17,0.0,10.56
2024-11-26,Mumbai,120,30.93,0.0,10.57
2024-11-27,Mumbai,120,29.8,0.0,10.18
2024-11-28,Mumbai,120,28.74,0.0,10.36
2024-11-29,Mumbai,120,28.64,0.0,12.18
2024-11-30,Mumbai,120,28.43,0.0,14.01
2024-12-01,Mumbai,120,26.25,0.0,7.66
2024-12-02,Mumbai,120,30.55,0.22,14.15
2024-12-03,Mumbai,120,29.37,0.0,11.38
2024-12-04,Mumbai,120,29.47,0.0,12.54
2024-12-05,Mumbai,120,29.24,0.0,11.91
2024-12-06,Mumbai,120,28.97,0.0,4.06
2024-12-07,Mumbai,120,28.76,0.0,10.4
2024-12-08,Mumbai,120,26.55,0.0,7.45
2024-12-09,Mumbai,120,27.36,0.0,8.38
2024-12-10,Mumbai,120,27.98,0.0,12.48
2024-12-11,Mumbai,120,27.88,0.0,10.97
2024-12-12,Mumbai,120,25.5,0.0,8.61
2024-12-13,Mumbai,120,26.05,0.0,6.08
2024-12-14,Mumbai,120,22.78,0.0,5.61
2024-12-15,Mumbai,120,25.04,0.0,7.53
2024-12-16,Mumbai,120,27.62,0.0,11.91
2024-12-17,Mumbai,120,26.25,0.0,9.33
2024-12-18,Mumbai,120,25.98,0.0,11.88
2024-12-19,Mumbai,120,25.58,0.0,9.15
2024-12-20,Mumbai,120,26.47,0.0,9.32
2024-12-21,Mumbai,120,27.72,0.0,5.7
2024-12-22,Mumbai,120,25.52,0.0,8.36
2024-12-23,Mumbai,120,27.36,0.0,5.33
2024-12-24,Mumbai,120,28.41,0.0,8.77
2024-12-25,Mumbai,120,26.35,0.0,10.08
2024-12-26,Mumbai,120,25.13,0.0,6.39
2024-12-27,Mumbai,120,25.46,0.0,10.16
2024-12-28,Mumbai,120,25.32,0.0,6.09
2024-12-29,Mumbai,120,27.55,0.0,6.92
2024-12-30,Mumbai,120,25.69,0.0,11.1
2024-12-31,Mumbai,120,26.83,0.0,9.28
2025-01-01,Mumbai,120,23.26,0.0,10.63
2025-01-02,Mumbai,120,23.53,0.0,6.51
2025-01-03,Mumbai,120,22.79,0.0,14.5
2025-01-04,Mumbai,120,26.21,0.0,10.03
2025-01-05,Mumbai,120,25.72,0.0,13.95
2025-01-06,Mumbai,120,27.52,0.0,13.35
2025-01-07,Mumbai,120,23.1,0.0,15.15
2025-01-08,Mumbai,120,28.73,0.0,12.71
2025-01-09,Mumbai,120,26.14,0.0,12.73
2025-01-10,Mumbai,120,27.69,1.35,8.65
2025-01-11,Mumbai,120,26.62,0.0,7.41
2025-01-12,Mumbai,120,22.5,0.0,9.43
2025-01-13,Mumbai,120,22.48,0.0,6.54
2025-01-14,Mumbai,120,21.35,0.0,12.14
2025-01-15,Mumbai,120,20.4,0.0,7.12
2025-01-16,Mumbai,120,23.73,0.0,9.69
2025-01-17,Mumbai,120,22.27,0.0,10.78
2025-01-18,Mumbai,120,25.77,0.0,8.69
2025-01-19,Mumbai,120,22.3,0.0,9.13
2025-01-20,Mumbai,120,27.89,0.0,13.8
2025-01-21,Mumbai,120,22.51,0.0,10.19
2025-01-22,Mumbai,120,23.65,0.0,16.14
2025-01-23,Mumbai,120,23.54,0.0,7.43
2025-01-24,Mumbai,120,22.97,0.0,7.22
2025-01-25,Mumbai,120,23.94,0.0,5.63
2025-01-26,Mumbai,120,23.5,0.0,5.53
2025-01-27,Mumbai,120,23.28,0.0,11.78
2025-01-28,Mumbai,120,25.93,0.0,8.33
2025-01-29,Mumbai,120,23.27,0.0,13.62
2025-01-30,Mumbai,120,23.17,0.0,5.77
2025-01-31,Mumbai,120,22.85,0.0,8.87
2025-02-01,Mumbai,120,22.58,0.0,8.93
2025-02-02,Mumbai,120,24.33,0.0,8.39
2025-02-03,Mumbai,120,21.23,0.0,13.42
2025-02-04,Mumbai,120,24.15,0.0,7.66
2025-02-05,Mumbai,120,22.28,0.0,13.43
2025-02-06,Mumbai,120,23.06,0.0,4.84
2025-02-07,Mumbai,120,25.88,0.0,9.94
2025-02-08,Mumbai,120,26.09,0.0,7.2
2025-02-09,Mumbai,120,28.55,0.0,8.83
2025-02-10,Mumbai,120,25.99,0.0,13.04
2025-02-11,Mumbai,120,26.85,0.0,11.94
2025-02-12,Mumbai,120,25.1,0.0,4.09
2025-02-13,Mumbai,120,27.22,0.0,11.38
2025-02-14,Mumbai,120,26.14,0.0,9.47
2025-02-15,Mumbai,120,24.11,0.0,7.09
2025-02-16,Mumbai,120,23.77,0.0,10.54
2025-02-17,Mumbai,120,25.71,0.0,10.77
2025-02-18,Mumbai,120,26.46,0.0,12.63
2025-02-19,Mumbai,120,28.23,0.0,12.04
2025-02-20,Mumbai,120,28.4,0.0,10.32
2025-02-21,Mumbai,120,28.9,0.0,8.3
2025-02-22,Mumbai,120,28.56,0.0,13.33
2025-02-23,Mumbai,120,26.81,0.0,7.6
2025-02-24,Mumbai,120,27.11,0.0,8.41
2025-02-25,Mumbai,120,28.52,0.0,7.84
2025-02-26,Mumbai,120,25.86,0.0,8.91
2025-02-27,Mumbai,120,24.23,0.0,7.26
2025-02-28,Mumbai,120,23.84,0.0,9.46
2025-03-01,Mumbai,120,27.35,0.0,6.28
2025-03-02,Mumbai,120,24.01,0.0,10.52
2025-03-03,Mumbai,120,26.76,0.0,10.12
2025-03-04,Mumbai,120,25.48,0.0,7.01
2025-03-05,Mumbai,120,24.54,0.0,8.14
2025-03-06,Mumbai,120,27.54,0.0,15.15
2025-03-07,Mumbai,120,28.64,0.0,11.78
2025-03-08,Mumbai,120,30.05,0.0,14.11
2025-03-09,Mumbai,120,26.13,0.0,6.69
2025-03-10,Mumbai,120,23.81,0.0,10.69
2025-03-11,Mumbai,120,25.72,0.0,8.79
2025-03-12,Mumbai,120,23.33,0.0,12.95
2025-03-13,Mumbai,120,24.79,0.0,9.44
2025-03-14,Mumbai,120,26.33,0.0,10.79
2025-03-15,Mumbai,120,29.6,0.0,11.52
2025-03-16,Mumbai,120,27.91,0.0,10.25
2025-03-17,Mumbai,120,27.66,0.0,8.38
2025-03-18,Mumbai,120,28.63,0.0,12.07
2025-03-19,Mumbai,120,30.63,0.0,13.19
2025-03-20,Mumbai,120,30.62,0.0,10.92
2025-03-21,Mumbai,120,32.86,0.0,9.36
2025-03-22,Mumbai,120,32.07,0.0,8.06
2025-03-23,Mumbai,120,27.52,0.0,5.35
2025-03-24,Mumbai,120,27.37,0.0,12.79
2025-03-25,Mumbai,120,28.43,0.0,11.74
2025-03-26,Mumbai,120,28.75,0.0,6.67
2025-03-27,Mumbai,120,26.98,0.0,11.1
2025-03-28,Mumbai,120,28.71,0.0,10.38
2025-03-29,Mumbai,120,27.83,0.0,9.83
2025-03-30,Mumbai,120,29.36,0.0,11.98
2025-03-31,Mumbai,120,29.71,0.0,12.25
2025-04-01,Mumbai,120,29.95,0.0,10.31
2025-04-02,Mumbai,120,28.13,0.0,8.31
2025-04-03,Mumbai,120,29.29,0.0,10.8
2025-04-04,Mumbai,120,30.83,0.0,10.87
2025-04-05,Mumbai,120,33.02,0.0,11.64
2025-04-06,Mumbai,120,31.16,0.0,8.57
2025-04-07,Mumbai,120,28.63,0.0,11.95
2025-04-08,Mumbai,120,29.54,0.0,11.36
2025-04-09,Mumbai,120,31.15,0.0,11.83
2025-04-10,Mumbai,120,32.86,0.0,11.94
2025-04-11,Mumbai,120,34.94,0.0,10.8
2025-04-12,Mumbai,120,31.71,0.0,15.27
2025-04-13,Mumbai,120,31.88,0.0,13.6
2025-04-14,Mumbai,120,35.69,0.0,11.68
2025-04-15,Mumbai,120,34.14,0.0,10.87
2025-04-16,Mumbai,120,35.5,0.0,13.95
2025-04-17,Mumbai,120,34.73,0.0,15.46
2025-04-18,Mumbai,120,33.47,0.0,12.32
2025-04-19,Mumbai,120,33.51,0.0,10.21
2025-04-20,Mumbai,120,33.13,0.0,15.19
2025-04-21,Mumbai,120,34.69,0.0,11.54
2025-04-22,Mumbai,120,29.75,0.0,11.05
2025-04-23,Mumbai,120,32.05,0.0,9.7
2025-04-24,Mumbai,120,35.65,0.0,15.74
2025-04-25,Mumbai,120,31.29,0.0,13.5
2025-04-26,Mumbai,120,32.67,0.0,13.62
2025-04-27,Mumbai,120,33.6,0.0,11.49
2025-04-28,Mumbai,120,33.53,0.0,15.14
2025-04-29,Mumbai,120,34.61,0.0,15.88
2025-04-30,Mumbai,120,36.25,0.0,16.04
2025-05-01,Mumbai,120,37.22,0.0,11.26
2025-05-02,Mumbai,120,35.34,0.0,12.02
2025-05-03,Mumbai,120,34.11,0.0,17.64
2025-05-04,Mumbai,120,34.28,0.0,15.11
2025-05-05,Mumbai,120,35.67,0.0,16.57
2025-05-06,Mumbai,120,31.47,0.0,14.62
2025-05-07,Mumbai,120,31.47,0.0,15.35
2025-05-08,Mumbai,120,30.14,0.0,14.41
2025-05-09,Mumbai,120,28.68,0.0,10.89
2025-05-10,Mumbai,120,29.32,0.0,11.65
2025-05-11,Mumbai,120,28.41,0.0,13.53
2025-05-12,Mumbai,120,29.57,0.0,14.16
2025-05-13,Mumbai,120,31.57,0.0,13.11
2025-05-14,Mumbai,120,32.76,0.0,12.43
2025-05-15,Mumbai,120,31.75,0.0,17.19
2025-05-16,Mumbai,120,28.16,0.0,15.15
2025-05-17,Mumbai,120,27.56,0.0,16.86
2025-05-18,Mumbai,120,28.64,0.0,9.24
2025-05-19,Mumbai,120,30.41,0.0,15.79
2025-05-20,Mumbai,120,31.56,0.0,14.76
2025-05-21,Mumbai,120,35.64,0.0,17.53
2025-05-22,Mumbai,120,33.04,0.0,8.38
2025-05-23,Mumbai,120,32.18,0.0,14.34
2025-05-24,Mumbai,120,29.84,0.0,15.16
2025-05-25,Mumbai,120,32.11,0.0,12.86
2025-05-26,Mumbai,120,29.92,0.0,13.54
2025-05-27,Mumbai,120,33.56,0.0,13.28
2025-05-28,Mumbai,120,32.88,0.0,14.32
2025-05-29,Mumbai,120,35.18,0.0,15.15
2025-05-30,Mumbai,120,37.92,0.0,17.06
2025-05-31,Mumbai,120,32.61,0.0,15.85
2025-06-01,Mumbai,120,31.92,20.6,20.68
2025-06-02,Mumbai,120,29.38,16.44,23.11
2025-06-03,Mumbai,120,29.02,15.98,25.38
2025-06-04,Mumbai,120,27.52,1.98,25.89
2025-06-05,Mumbai,120,30.1,25.3,27.18
2025-06-06,Mumbai,120,28.75,21.11,23.46
2025-06-07,Mumbai,120,28.02,0.0,21.55
2025-06-08,Mumbai,120,29.87,1.12,25.66
2025-06-09,Mumbai,120,29.68,0.0,25.83
2025-06-10,Mumbai,120,29.07,30.34,28.4
2025-06-11,Mumbai,120,29.68,20.87,24.96
2025-06-12,Mumbai,120,31.49,4.24,17.81
2025-06-13,Mumbai,120,30.86,0.0,23.88
2025-06-14,Mumbai,120,31.29,18.11,22.2
2025-06-15,Mumbai,120,32.95,47.45,33.08
2025-06-16,Mumbai,120,30.62,0.0,19.85
2025-06-17,Mumbai,120,32.66,10.47,21.77
2025-06-18,Mumbai,120,33.02,0.0,21.24
2025-06-19,Mumbai,120,30.34,15.9,26.68
2025-06-20,Mumbai,120,32.95,39.3,29.66
2025-06-21,Mumbai,120,31.6,37.98,30.71
2025-06-22,Mumbai,120,32.98,14.49,25.77
2025-06-23,Mumbai,120,31.47,44.74,29.55
2025-06-24,Mumbai,120,29.0,5.12,21.53
2025-06-25,Mumbai,120,28.97,0.0,22.66
2025-06-26,Mumbai,120,28.5,0.0,18.7
2025-06-27,Mumbai,120,31.16,0.0,18.2
2025-06-28,Mumbai,120,26.85,20.41,26.18
2025-06-29,Mumbai,120,29.88,0.0,25.53
2025-06-30,Mumbai,120,27.0,0.0,26.33
2025-07-01,Mumbai,120,25.2,76.21,31.62
2025-07-02,Mumbai,120,23.64,7.67,28.62
2025-07-03,Mumbai,120,27.41,30.85,33.86
2025-07-04,Mumbai,120,26.82,17.99,27.43
2025-07-05,Mumbai,120,27.17,68.37,37.67
2025-07-06,Mumbai,120,28.77,69.35,35.05
2025-07-07,Mumbai,120,25.1,18.48,22.09
2025-07-08,Mumbai,120,26.88,0.0,26.45
2025-07-09,Mumbai,120,27.59,0.0,20.81
2025-07-10,Mumbai,120,29.02,0.0,24.52
2025-07-11,Mumbai,120,30.96,0.0,18.12
2025-07-12,Mumbai,120,31.27,1.78,20.33
2025-07-13,Mumbai,120,27.43,10.82,23.71
2025-07-14,Mumbai,120,25.96,93.9,34.67
2025-07-15,Mumbai,120,24.89,13.15,24.15
2025-07-16,Mumbai,120,25.19,38.08,23.69
2025-07-17,Mumbai,120,26.05,11.61,20.86
2025-07-18,Mumbai,120,27.78,23.05,25.34
2025-07-19,Mumbai,120,27.92,32.65,29.4
2025-07-20,Mumbai,120,27.29,33.85,30.07
2025-07-21,Mumbai,120,25.95,23.67,32.34
2025-07-22,Mumbai,120,25.79,0.41,26.86
2025-07-23,Mumbai,120,25.35,15.98,29.15
2025-07-24,Mumbai,120,26.11,13.35,25.19
2025-07-25,Mumbai,120,26.3,44.79,30.39
2025-07-26,Mumbai,120,26.02,46.89,38.56
2025-07-27,Mumbai,120,24.24,46.61,35.28
2025-07-28,Mumbai,120,26.23,1.78,23.4
2025-07-29,Mumbai,120,28.77,1.27,24.39
2025-07-30,Mumbai,120,30.85,14.01,32.46
2025-07-31,Mumbai,120,30.41,64.68,35.87
2025-08-01,Mumbai,120,31.01,14.98,24.9
2025-08-02,Mumbai,120,27.43,0.9,21.12
2025-08-03,Mumbai,120,28.85,25.24,23.57
2025-08-04,Mumbai,120,28.86,0.0,22.85
2025-08-05,Mumbai,120,27.61,0.0,17.07
2025-08-06,Mumbai,120,28.43,0.0,21.17
2025-08-07,Mumbai,120,27.78,0.0,14.8
2025-08-08,Mumbai,120,26.54,0.0,18.36
2025-08-09,Mumbai,120,26.97,28.62,25.58
2025-08-10,Mumbai,120,25.12,25.5,23.87
2025-08-11,Mumbai,120,25.18,8.31,20.75
2025-08-12,Mumbai,120,25.52,5.66,17.12
2025-08-13,Mumbai,120,24.71,30.63,25.31
2025-08-14,Mumbai,120,25.07,0.0,21.32
2025-08-15,Mumbai,120,27.09,0.0,23.05
2025-08-16,Mumbai,120,25.91,2.86,21.22
2025-08-17,Mumbai,120,29.39,22.06,20.34
2025-08-18,Mumbai,120,26.2,6.0,22.04
2025-08-19,Mumbai,120,27.45,25.52,24.48
2025-08-20,Mumbai,120,27.07,6.18,17.08
2025-08-21,Mumbai,120,26.62,0.0,14.02
2025-08-22,Mumbai,120,26.62,0.0,15.29
2025-08-23,Mumbai,120,24.2,0.0,20.05
2025-08-24,Mumbai,120,24.54,0.0,21.52
2025-08-25,Mumbai,120,26.48,0.0,20.38
2025-08-26,Mumbai,120,28.06,27.7,24.76
2025-08-27,Mumbai,120,29.73,27.09,28.7
2025-08-28,Mumbai,120,26.39,16.86,22.48
2025-08-29,Mumbai,120,27.86,3.1,16.79
2025-08-30,Mumbai,120,25.29,3.55,18.06
2025-08-31,Mumbai,120,24.34,5.81,18.54
2025-09-01,Mumbai,120,25.75,3.78,13.03
2025-09-02,Mumbai,120,25.71,0.82,15.56
2025-09-03,Mumbai,120,30.12,62.26,21.86
2025-09-04,Mumbai,120,27.25,10.92,15.89
2025-09-05,Mumbai,120,29.25,19.23,19.67
2025-09-06,Mumbai,120,29.56,2.13,16.64
2025-09-07,Mumbai,120,29.91,16.42,20.25
2025-09-08,Mumbai,120,28.95,0.0,12.01
2025-09-09,Mumbai,120,30.54,0.0,13.48
2025-09-10,Mumbai,120,28.76,0.0,15.23
2025-09-11,Mumbai,120,27.65,7.18,16.63
2025-09-12,Mumbai,120,29.13,44.19,22.99
2025-09-13,Mumbai,120,31.8,21.11,18.3
2025-09-14,Mumbai,120,29.65,5.82,19.85
2025-09-15,Mumbai,120,28.96,13.54,16.94
2025-09-16,Mumbai,120,30.11,0.51,10.39
2025-09-17,Mumbai,120,29.94,17.13,16.96
2025-09-18,Mumbai,120,28.38,9.26,23.37
2025-09-19,Mumbai,120,29.01,5.3,14.73
2025-09-20,Mumbai,120,30.02,0.99,12.63
2025-09-21,Mumbai,120,29.64,23.43,20.77
2025-09-22,Mumbai,120,29.07,37.62,16.98
2025-09-23,Mumbai,120,30.12,3.97,14.91
2025-09-24,Mumbai,120,31.05,5.58,17.07
2025-09-25,Mumbai,120,31.44,3.35,18.87
2025-09-26,Mumbai,120,33.28,8.25,18.13
2025-09-27,Mumbai,120,31.89,15.66,17.59
2025-09-28,Mumbai,120,28.45,6.8,11.75
2025-09-29,Mumbai,120,29.79,11.17,13.9
2025-09-30,Mumbai,120,28.29,2.57,9.98
2023-01-01,Mumbai,168,21.81,0.0,15.63
2023-01-02,Mumbai,168,24.95,0.0,8.63
2023-01-03,Mumbai,168,21.57,0.0,7.09
2023-01-04,Mumbai,168,21.66,0.0,12.59
2023-01-05,Mumbai,168,24.0,0.0,14.4
2023-01-06,Mumbai,168,29.38,0.0,6.24
2023-01-07,Mumbai,168,27.06,0.0,9.18
2023-01-08,Mumbai,168,27.05,0.0,10.25
2023-01-09,Mumbai,168,26.93,0.0,10.12
2023-01-10,Mumbai,168,26.48,0.0,10.73
2023-01-11,Mumbai,168,24.1,0.0,13.43
2023-01-12,Mumbai,168,22.77,0.0,6.75
2023-01-13,Mumbai,168,22.55,0.0,14.39
2023-01-14,Mumbai,168,22.84,0.0,7.94
2023-01-15,Mumbai,168,23.69,0.0,9.6
2023-01-16,Mumbai,168,26.61,0.0,6.13
2023-01-17,Mumbai,168,25.97,0.0,10.88
2023-01-18,Mumbai,168,26.42,0.0,11.21
2023-01-19,Mumbai,168,26.88,0.0,10.91
2023-01-20,Mumbai,168,24.86,0.0,13.1
2023-01-21,Mumbai,168,26.1,0.0,12.68
2023-01-22,Mumbai,168,25.45,0.0,14.04
2023-01-23,Mumbai,168,23.94,0.0,3.83
2023-01-24,Mumbai,168,26.47,0.0,10.41
2023-01-25,Mumbai,168,25.45,0.0,12.26
2023-01-26,Mumbai,168,26.65,0.0,14.32
2023-01-27,Mumbai,168,24.79,0.0,8.94
2023-01-28,Mumbai,168,23.22,0.0,5.1
2023-01-29,Mumbai,168,26.58,0.0,7.64
2023-01-30,Mumbai,168,26.77,0.0,6.98
2023-01-31,Mumbai,168,26.29,0.0,6.49
2023-02-01,Mumbai,168,27.72,0.0,11.64
2023-02-02,Mumbai,168,28.87,0.0,6.8
2023-02-03,Mumbai,168,29.32,0.0,6.95
2023-02-04,Mumbai,168,27.93,0.0,9.98
2023-02-05,Mumbai,168,28.56,0.0,9.19
2023-02-06,Mumbai,168,24.53,0.0,9.65
2023-02-07,Mumbai,168,23.8,0.0,10.84
2023-02-08,Mumbai,168,25.35,0.0,7.65
2023-02-09,Mumbai,168,24.3,0.0,7.72
2023-02-10,Mumbai,168,24.73,0.0,9.99
2023-02-11,Mumbai,168,25.72,0.0,17.15
2023-02-12,Mumbai,168,24.7,0.0,11.43
2023-02-13,Mumbai,168,22.41,0.0,7.94
2023-02-14,Mumbai,168,23.38,0.0,11.7
2023-02-15,Mumbai,168,26.07,0.0,7.62
2023-02-16,Mumbai,168,25.17,0.0,4.21
2023-02-17,Mumbai,168,27.8,0.0,9.64
2023-02-18,Mumbai,168,25.79,0.0,11.19
2023-02-19,Mumbai,168,28.63,0.0,10.97
2023-02-20,Mumbai,168,27.85,0.0,7.01
2023-02-21,Mumbai,168,27.89,0.0,13.09
2023-02-22,Mumbai,168,29.24,0.0,11.25
2023-02-23,Mumbai,168,28.16,0.0,11.93
2023-02-24,Mumbai,168,27.64,0.0,11.82
2023-02-25,Mumbai,168,28.43,0.0,12.96
2023-02-26,Mumbai,168,28.74,0.0,12.09
2023-02-27,Mumbai,168,28.63,0.0,9.96
2023-02-28,Mumbai,168,29.49,0.0,13.87
2023-03-01,Mumbai,168,32.37,0.0,11.27
2023-03-02,Mumbai,168,30.31,0.0,9.66
2023-03-03,Mumbai,168,31.8,0.0,13.74
2023-03-04,Mumbai,168,29.91,0.0,10.64
2023-03-05,Mumbai,168,28.08,0.0,10.28
2023-03-06,Mumbai,168,29.57,0.0,10.49
2023-03-07,Mumbai,168,29.26,0.0,10.5
2023-03-08,Mumbai,168,26.73,0.0,8.97
2023-03-09,Mumbai,168,27.86,0.0,13.58
2023-03-10,Mumbai,168,28.45,0.0,8.51
2023-03-11,Mumbai,168,28.02,0.08,10.19
2023-03-12,Mumbai,168,25.59,0.0,13.79
2023-03-13,Mumbai,168,29.34,0.0,14.26
2023-03-14,Mumbai,168,30.75,0.0,9.77
2023-03-15,Mumbai,168,32.37,0.0,10.55
2023-03-16,Mumbai,168,30.47,0.0,6.2
2023-03-17,Mumbai,168,30.19,0.0,8.9
2023-03-18,Mumbai,168,27.26,0.0,12.89
2023-03-19,Mumbai,168,29.97,0.0,6.19
2023-03-20,Mumbai,168,29.0,0.0,10.51
2023-03-21,Mumbai,168,30.57,0.0,6.31
2023-03-22,Mumbai,168,26.49,0.0,1.25
2023-03-23,Mumbai,168,29.71,0.0,11.43
2023-03-24,Mumbai,168,27.88,0.0,7.42
2023-03-25,Mumbai,168,27.51,0.0,9.84
2023-03-26,Mumbai,168,28.41,0.0,7.67
2023-03-27,Mumbai,168,29.03,0.0,9.23
2023-03-28,Mumbai,168,26.27,0.0,9.27
2023-03-29,Mumbai,168,29.56,0.0,8.5
2023-03-30,Mumbai,168,28.58,0.0,9.16
2023-03-31,Mumbai,168,27.46,0.0,11.71
2023-04-01,Mumbai,168,27.39,0.0,8.7
2023-04-02,Mumbai,168,29.53,0.0,14.11
2023-04-03,Mumbai,168,28.13,0.0,14.78
2023-04-04,Mumbai,168,28.03,0.0,6.24
2023-04-05,Mumbai,168,27.61,0.0,10.74
2023-04-06,Mumbai,168,25.93,0.0,11.29
2023-04-07,Mumbai,168,29.06,0.0,12.19
2023-04-08,Mumbai,168,29.54,0.0,10.2
2023-04-09,Mumbai,168,29.15,0.0,10.93
2023-04-10,Mumbai,168,30.08,0.0,16.02
2023-04-11,Mumbai,168,31.23,0.0,12.99
2023-04-12,Mumbai,168,27.51,0.0,11.1
2023-04-13,Mumbai,168,29.03,0.0,11.4
2023-04-14,Mumbai,168,30.56,0.0,10.3
2023-04-15,Mumbai,168,26.52,0.0,5.65
2023-04-16,Mumbai,168,26.09,0.0,8.52
2023-04-17,Mumbai,168,27.5,0.0,11.69
2023-04-18,Mumbai,168,30.0,0.0,12.58
2023-04-19,Mumbai,168,29.52,0.0,15.01
2023-04-20,Mumbai,168,28.9,0.0,12.0
2023-04-21,Mumbai,168,27.42,0.0,12.46
2023-04-22,Mumbai,168,30.09,0.0,15.3
2023-04-23,Mumbai,168,26.68,0.0,14.07
2023-04-24,Mumbai,168,30.18,0.0,11.97
2023-04-25,Mumbai,168,30.54,0.0,11.01
2023-04-26,Mumbai,168,29.83,0.0,14.5
2023-04-27,Mumbai,168,30.06,0.0,12.67
2023-04-28,Mumbai,168,29.13,0.0,11.78
2023-04-29,Mumbai,168,31.34,0.0,14.67
2023-04-30,Mumbai,168,30.37,0.0,14.78
2023-05-01,Mumbai,168,33.96,0.0,12.36
2023-05-02,Mumbai,168,35.83,0.0,17.43
2023-05-03,Mumbai,168,35.5,0.0,13.3
2023-05-04,Mumbai,168,33.93,0.0,14.03
2023-05-05,Mumbai,168,31.31,0.0,15.05
2023-05-06,Mumbai,168,34.53,0.0,15.84
2023-05-07,Mumbai,168,31.76,0.0,10.43
2023-05-08,Mumbai,168,33.42,0.0,11.88
2023-05-09,Mumbai,168,33.02,0.0,14.2
2023-05-10,Mumbai,168,27.98,0.0,12.17
2023-05-11,Mumbai,168,31.97,0.0,11.63
2023-05-12,Mumbai,168,31.75,0.0,16.07
2023-05-13,Mumbai,168,31.72,0.0,13.61
2023-05-14,Mumbai,168,32.63,0.0,17.0
2023-05-15,Mumbai,168,32.22,0.0,17.05
2023-05-16,Mumbai,168,35.35,0.0,16.86
2023-05-17,Mumbai,168,35.93,0.0,15.48
2023-05-18,Mumbai,168,35.17,0.0,18.97
2023-05-19,Mumbai,168,34.59,0.0,15.95
2023-05-20,Mumbai,168,33.72,0.0,14.42
2023-05-21,Mumbai,168,35.39,0.0,13.24
2023-05-22,Mumbai,168,31.99,4.7,19.39
2023-05-23,Mumbai,168,33.56,4.01,14.81
2023-05-24,Mumbai,168,31.87,0.0,15.75
2023-05-25,Mumbai,168,39.05,0.0,13.46
2023-05-26,Mumbai,168,35.88,0.0,12.57
2023-05-27,Mumbai,168,35.44,0.0,14.55
2023-05-28,Mumbai,168,34.55,0.0,16.89
2023-05-29,Mumbai,168,33.25,0.0,13.46
2023-05-30,Mumbai,168,33.94,0.0,15.52
2023-05-31,Mumbai,168,31.7,0.0,18.93
2023-06-01,Mumbai,168,30.1,0.0,26.68
2023-06-02,Mumbai,168,29.27,14.25,25.72
2023-06-03,Mumbai,168,30.29,36.73,29.62
2023-06-04,Mumbai,168,34.01,6.78,25.23
2023-06-05,Mumbai,168,33.81,9.66,25.62
2023-06-06,Mumbai,168,26.83,20.06,28.47
2023-06-07,Mumbai,168,29.44,123.11,38.0
2023-06-08,Mumbai,168,29.55,25.74,26.42
2023-06-09,Mumbai,168,30.04,33.74,22.84
2023-06-10,Mumbai,168,26.37,25.21,22.8
2023-06-11,Mumbai,168,26.8,33.51,25.51
2023-06-12,Mumbai,168,26.31,25.97,29.67
2023-06-13,Mumbai,168,29.19,27.01,29.9
2023-06-14,Mumbai,168,28.02,20.71,22.63
2023-06-15,Mumbai,168,29.53,0.0,20.69
2023-06-16,Mumbai,168,28.25,0.0,24.77
2023-06-17,Mumbai,168,33.37,0.0,21.05
2023-06-18,Mumbai,168,31.7,18.56,24.42
2023-06-19,Mumbai,168,27.25,0.0,21.31
2023-06-20,Mumbai,168,29.9,11.41,24.82
2023-06-21,Mumbai,168,30.53,0.0,21.56
2023-06-22,Mumbai,168,32.13,18.05,26.67
2023-06-23,Mumbai,168,32.61,21.08,24.8
2023-06-24,Mumbai,168,30.47,20.32,22.56
2023-06-25,Mumbai,168,32.66,30.59,21.45
2023-06-26,Mumbai,168,28.99,10.2,27.46
2023-06-27,Mumbai,168,27.69,39.3,30.91
2023-06-28,Mumbai,168,26.77,0.0,27.92
2023-06-29,Mumbai,168,28.0,0.0,25.02
2023-06-30,Mumbai,168,26.05,0.0,22.96
2023-07-01,Mumbai,168,23.78,38.7,30.08
2023-07-02,Mumbai,168,25.59,20.44,27.83
2023-07-03,Mumbai,168,25.24,18.92,30.58
2023-07-04,Mumbai,168,24.24,0.0,27.23
2023-07-05,Mumbai,168,24.76,0.0,29.32
2023-07-06,Mumbai,168,27.23,0.0,28.72
2023-07-07,Mumbai,168,23.93,0.0,25.31
2023-07-08,Mumbai,168,28.86,0.0,20.61
2023-07-09,Mumbai,168,27.98,0.0,23.02
2023-07-10,Mumbai,168,26.16,100.35,32.9
2023-07-11,Mumbai,168,30.03,3.83,26.95
2023-07-12,Mumbai,168,29.32,55.93,35.69
2023-07-13,Mumbai,168,29.11,0.0,20.52
2023-07-14,Mumbai,168,32.32,0.0,21.03
2023-07-15,Mumbai,168,26.6,0.0,29.96
2023-07-16,Mumbai,168,24.86,0.0,23.58
2023-07-17,Mumbai,168,25.15,0.0,23.07
2023-07-18,Mumbai,168,26.46,0.0,24.88
2023-07-19,Mumbai,168,25.67,0.0,23.6
2023-07-20,Mumbai,168,27.53,15.13,25.81
2023-07-21,Mumbai,168,26.15,17.85,28.25
2023-07-22,Mumbai,168,25.37,1.48,26.78
2023-07-23,Mumbai,168,26.51,16.31,23.55
2023-07-24,Mumbai,168,27.74,20.62,24.09
2023-07-25,Mumbai,168,24.4,61.47,35.33
2023-07-26,Mumbai,168,24.39,31.44,38.98
2023-07-27,Mumbai,168,28.2,0.0,26.3
2023-07-28,Mumbai,168,26.02,0.0,24.87
2023-07-29,Mumbai,168,23.93,0.0,25.2
2023-07-30,Mumbai,168,25.99,151.93,40.59
2023-07-31,Mumbai,168,23.28,5.3,22.07
2023-08-01,Mumbai,168,25.52,78.66,37.61
2023-08-02,Mumbai,168,25.21,0.0,18.45
2023-08-03,Mumbai,168,24.61,0.0,21.28
2023-08-04,Mumbai,168,26.47,0.0,21.12
2023-08-05,Mumbai,168,27.09,0.0,21.19
2023-08-06,Mumbai,168,26.01,6.26,21.79
2023-08-07,Mumbai,168,28.33,61.08,29.53
2023-08-08,Mumbai,168,28.14,20.52,22.71
2023-08-09,Mumbai,168,24.88,68.28,23.83
2023-08-10,Mumbai,168,25.38,21.63,22.78
2023-08-11,Mumbai,168,26.22,30.02,25.94
2023-08-12,Mumbai,168,26.82,0.29,17.85
2023-08-13,Mumbai,168,25.67,26.76,25.13
2023-08-14,Mumbai,168,26.35,29.03,22.73
2023-08-15,Mumbai,168,23.41,2.69,23.57
2023-08-16,Mumbai,168,23.86,17.32,25.13
2023-08-17,Mumbai,168,22.17,13.25,17.13
2023-08-18,Mumbai,168,25.14,42.98,22.37
2023-08-19,Mumbai,168,25.2,3.76,22.25
2023-08-20,Mumbai,168,24.37,23.9,30.34
2023-08-21,Mumbai,168,26.51,6.47,25.85
2023-08-22,Mumbai,168,27.35,32.79,27.39
2023-08-23,Mumbai,168,29.22,9.61,19.95
2023-08-24,Mumbai,168,28.81,10.61,25.13
2023-08-25,Mumbai,168,27.07,12.21,19.89
2023-08-26,Mumbai,168,26.51,25.01,23.32
2023-08-27,Mumbai,168,28.14,146.43,31.86
2023-08-28,Mumbai,168,29.62,39.51,24.57
2023-08-29,Mumbai,168,24.68,12.08,19.28
2023-08-30,Mumbai,168,25.29,37.64,26.26
2023-08-31,Mumbai,168,27.48,8.19,22.75
2023-09-01,Mumbai,168,26.84,13.64,22.19
2023-09-02,Mumbai,168,24.2,8.09,16.96
2023-09-03,Mumbai,168,28.02,0.0,16.6
2023-09-04,Mumbai,168,31.27,0.0,8.49
2023-09-05,Mumbai,168,28.97,0.0,10.41
2023-09-06,Mumbai,168,27.25,1.87,19.15
2023-09-07,Mumbai,168,30.57,23.41,17.76
2023-09-08,Mumbai,168,26.11,5.81,18.34
2023-09-09,Mumbai,168,26.83,14.08,16.81
2023-09-10,Mumbai,168,27.18,0.0,14.23
2023-09-11,Mumbai,168,27.67,0.0,18.72
2023-09-12,Mumbai,168,28.32,0.0,14.2
2023-09-13,Mumbai,168,29.98,0.0,9.49
2023-09-14,Mumbai,168,27.66,34.15,15.46
2023-09-15,Mumbai,168,27.25,26.38,15.94
2023-09-16,Mumbai,168,27.3,15.23,14.15
2023-09-17,Mumbai,168,26.67,4.48,17.61
2023-09-18,Mumbai,168,27.38,1.65,14.75
2023-09-19,Mumbai,168,27.12,0.0,15.09
2023-09-20,Mumbai,168,30.36,1.6,18.26
2023-09-21,Mumbai,168,28.58,4.25,18.57
2023-09-22,Mumbai,168,28.9,39.01,21.34
2023-09-23,Mumbai,168,27.51,1.79,13.42
2023-09-24,Mumbai,168,29.46,6.96,23.16
2023-09-25,Mumbai,168,25.49,11.96,21.83
2023-09-26,Mumbai,168,26.67,11.19,19.8
2023-09-27,Mumbai,168,31.11,17.39,19.28
2023-09-28,Mumbai,168,29.84,21.27,12.16
2023-09-29,Mumbai,168,27.75,0.94,17.47
2023-09-30,Mumbai,168,30.78,1.72,15.42
2023-10-01,Mumbai,168,31.62,0.0,3.33
2023-10-02,Mumbai,168,31.91,0.0,7.18
2023-10-03,Mumbai,168,32.8,0.0,9.76
2023-10-04,Mumbai,168,31.27,0.0,7.12
2023-10-05,Mumbai,168,29.08,0.0,5.95
2023-10-06,Mumbai,168,30.11,2.49,9.51
2023-10-07,Mumbai,168,28.6,0.0,17.0
2023-10-08,Mumbai,168,27.92,0.0,12.69
2023-10-09,Mumbai,168,24.78,0.0,9.19
2023-10-10,Mumbai,168,26.04,33.8,17.79
2023-10-11,Mumbai,168,25.79,0.0,14.68
2023-10-12,Mumbai,168,27.43,0.0,12.24
2023-10-13,Mumbai,168,26.92,0.0,13.95
2023-10-14,Mumbai,168,23.84,0.0,11.44
2023-10-15,Mumbai,168,25.62,0.0,10.41
2023-10-16,Mumbai,168,26.0,0.0,12.33
2023-10-17,Mumbai,168,27.7,0.0,9.52
2023-10-18,Mumbai,168,28.05,0.0,8.37
2023-10-19,Mumbai,168,26.8,0.0,7.56
2023-10-20,Mumbai,168,30.44,0.0,12.05
2023-10-21,Mumbai,168,29.85,0.0,10.1
2023-10-22,Mumbai,168,31.59,0.0,10.26
2023-10-23,Mumbai,168,32.75,0.0,10.21
2023-10-24,Mumbai,168,34.31,0.0,11.62
2023-10-25,Mumbai,168,28.14,0.0,12.72
2023-10-26,Mumbai,168,28.89,23.64,18.96
2023-10-27,Mumbai,168,29.47,0.0,9.66
2023-10-28,Mumbai,168,28.28,0.0,11.36
2023-10-29,Mumbai,168,30.5,0.0,13.93
2023-10-30,Mumbai,168,30.78,18.83,14.18
2023-10-31,Mumbai,168,31.38,0.0,5.16
2023-11-01,Mumbai,168,27.78,0.0,4.75
2023-11-02,Mumbai,168,26.61,0.0,4.82
2023-11-03,Mumbai,168,24.86,0.0,6.26
2023-11-04,Mumbai,168,25.59,0.0,3.75
2023-11-05,Mumbai,168,25.33,0.0,4.23
2023-11-06,Mumbai,168,25.66,0.0,7.9
2023-11-07,Mumbai,168,28.97,0.0,8.35
2023-11-08,Mumbai,168,25.06,0.0,9.12
2023-11-09,Mumbai,168,22.96,0.0,11.21
2023-11-10,Mumbai,168,25.56,29.75,13.25
2023-11-11,Mumbai,168,24.8,0.0,12.06
2023-11-12,Mumbai,168,27.23,0.0,9.47
2023-11-13,Mumbai,168,25.92,0.0,5.63
2023-11-14,Mumbai,168,30.2,0.0,4.6
2023-11-15,Mumbai,168,26.4,0.0,8.15
2023-11-16,Mumbai,168,27.79,0.0,6.21
2023-11-17,Mumbai,168,26.4,0.0,6.81
2023-11-18,Mumbai,168,27.74,0.0,10.22
2023-11-19,Mumbai,168,27.8,0.0,6.4
2023-11-20,Mumbai,168,23.59,0.0,7.98
2023-11-21,Mumbai,168,25.84,0.0,9.98
2023-11-22,Mumbai,168,24.55,0.0,6.35
2023-11-23,Mumbai,168,27.62,0.0,7.11
2023-11-24,Mumbai,168,28.53,0.0,8.14
2023-11-25,Mumbai,168,26.23,0.0,14.3
2023-11-26,Mumbai,168,26.66,0.0,12.01
2023-11-27,Mumbai,168,25.85,0.0,12.11
2023-11-28,Mumbai,168,28.15,0.0,10.7
2023-11-29,Mumbai,168,28.36,0.0,4.98
2023-11-30,Mumbai,168,27.43,0.0,7.9
2023-12-01,Mumbai,168,27.83,0.0,13.66
2023-12-02,Mumbai,168,26.26,0.0,12.38
2023-12-03,Mumbai,168,29.54,0.0,13.82
2023-12-04,Mumbai,168,26.3,0.0,6.11
2023-12-05,Mumbai,168,27.17,0.0,11.8
2023-12-06,Mumbai,168,25.78,0.0,9.86
2023-12-07,Mumbai,168,27.04,0.0,9.66
2023-12-08,Mumbai,168,25.83,0.0,8.65
2023-12-09,Mumbai,168,22.79,0.0,6.15
2023-12-10,Mumbai,168,25.81,0.0,8.63
2023-12-11,Mumbai,168,23.53,0.0,10.06
2023-12-12,Mumbai,168,24.66,0.0,8.06
2023-12-13,Mumbai,168,25.43,0.0,7.23
2023-12-14,Mumbai,168,28.95,0.0,9.51
2023-12-15,Mumbai,168,28.2,0.0,5.62
2023-12-16,Mumbai,168,30.52,0.0,9.34
2023-12-17,Mumbai,168,28.0,0.0,5.29
2023-12-18,Mumbai,168,25.71,0.0,12.4
2023-12-19,Mumbai,168,25.95,0.0,10.04
2023-12-20,Mumbai,168,30.22,0.0,10.52
2023-12-21,Mumbai,168,29.59,0.0,6.37
2023-12-22,Mumbai,168,30.29,0.0,10.11
2023-12-23,Mumbai,168,29.91,0.0,12.5
2023-12-24,Mumbai,168,27.72,0.0,9.02
2023-12-25,Mumbai,168,28.32,0.0,6.72
2023-12-26,Mumbai,168,27.84,0.0,9.01
2023-12-27,Mumbai,168,28.62,0.0,11.86
2023-12-28,Mumbai,168,29.27,0.0,13.82
2023-12-29,Mumbai,168,26.23,0.0,8.89
2023-12-30,Mumbai,168,24.96,0.0,8.36
2023-12-31,Mumbai,168,25.65,0.0,6.01
2024-01-01,Mumbai,168,23.03,0.0,9.77
2024-01-02,Mumbai,168,19.66,0.0,11.68
2024-01-03,Mumbai,168,23.72,0.0,10.86
2024-01-04,Mumbai,168,26.37,0.0,9.15
2024-01-05,Mumbai,168,21.56,0.0,5.7
2024-01-06,Mumbai,168,25.5,0.0,15.71
2024-01-07,Mumbai,168,25.81,0.0,10.65
2024-01-08,Mumbai,168,24.09,0.0,6.49
2024-01-09,Mumbai,168,24.51,0.0,13.69
2024-01-10,Mumbai,168,25.34,0.0,16.78
2024-01-11,Mumbai,168,25.38,0.0,13.63
2024-01-12,Mumbai,168,24.48,0.0,8.56
2024-01-13,Mumbai,168,24.17,0.0,7.28
2024-01-14,Mumbai,168,21.94,0.0,8.47
2024-01-15,Mumbai,168,21.98,0.0,6.68
2024-01-16,Mumbai,168,22.95,0.0,13.06
2024-01-17,Mumbai,168,22.44,0.0,10.46
2024-01-18,Mumbai,168,22.56,0.0,10.27
2024-01-19,Mumbai,168,19.51,0.0,10.94
2024-01-20,Mumbai,168,21.02,0.0,5.74
2024-01-21,Mumbai,168,21.86,0.0,5.76
2024-01-22,Mumbai,168,21.94,0.0,12.45
2024-01-23,Mumbai,168,26.92,0.0,8.52
2024-01-24,Mumbai,168,20.26,0.0,6.42
2024-01-25,Mumbai,168,22.64,0.0,13.39
2024-01-26,Mumbai,168,21.47,0.0,11.95
2024-01-27,Mumbai,168,21.37,0.0,7.77
2024-01-28,Mumbai,168,25.1,0.0,4.72
2024-01-29,Mumbai,168,26.46,0.0,3.08
2024-01-30,Mumbai,168,22.76,0.0,13.32
2024-01-31,Mumbai,168,21.12,0.0,5.97
2024-02-01,Mumbai,168,23.61,0.0,9.51
2024-02-02,Mumbai,168,27.59,0.0,10.49
2024-02-03,Mumbai,168,26.78,0.0,8.68
2024-02-04,Mumbai,168,23.48,0.0,7.77
2024-02-05,Mumbai,168,25.06,0.0,3.06
2024-02-06,Mumbai,168,23.61,0.0,8.26
2024-02-07,Mumbai,168,21.67,0.0,8.37
2024-02-08,Mumbai,168,23.9,0.0,11.2
2024-02-09,Mumbai,168,21.72,0.0,7.62
2024-02-10,Mumbai,168,25.47,0.0,9.53
2024-02-11,Mumbai,168,25.87,0.0,12.35
2024-02-12,Mumbai,168,24.77,0.0,13.53
2024-02-13,Mumbai,168,24.03,0.0,12.08
2024-02-14,Mumbai,168,23.6,0.0,7.57
2024-02-15,Mumbai,168,25.4,0.0,8.49
2024-02-16,Mumbai,168,28.21,0.0,7.41
2024-02-17,Mumbai,168,25.25,0.0,9.53
2024-02-18,Mumbai,168,25.88,0.0,10.52
2024-02-19,Mumbai,168,26.51,0.0,7.66
2024-02-20,Mumbai,168,25.1,0.0,8.92
2024-02-21,Mumbai,168,25.15,0.0,8.96
2024-02-22,Mumbai,168,25.12,0.0,9.43
2024-02-23,Mumbai,168,24.86,0.0,11.14
2024-02-24,Mumbai,168,27.31,0.0,8.86
2024-02-25,Mumbai,168,25.43,0.0,13.87
2024-02-26,Mumbai,168,25.51,0.0,4.98
2024-02-27,Mumbai,168,23.55,0.0,4.92
2024-02-28,Mumbai,168,26.11,0.0,3.7
2024-02-29,Mumbai,168,23.76,0.0,7.93
2024-03-01,Mumbai,168,27.61,0.0,11.75
2024-03-02,Mumbai,168,27.36,0.0,12.97
2024-03-03,Mumbai,168,29.51,0.0,7.94
2024-03-04,Mumbai,168,31.39,0.0,11.02
2024-03-05,Mumbai,168,34.51,0.0,9.85
2024-03-06,Mumbai,168,29.85,0.0,10.07
2024-03-07,Mumbai,168,30.43,0.0,12.6
2024-03-08,Mumbai,168,28.73,0.0,12.35
2024-03-09,Mumbai,168,28.46,0.0,10.28
2024-03-10,Mumbai,168,27.82,0.0,7.56
2024-03-11,Mumbai,168,25.29,0.0,11.64
2024-03-12,Mumbai,168,27.68,0.96,9.55
2024-03-13,Mumbai,168,30.31,0.0,9.68
2024-03-14,Mumbai,168,31.11,0.0,13.46
2024-03-15,Mumbai,168,28.44,0.0,4.54
2024-03-16,Mumbai,168,28.9,0.0,7.84
2024-03-17,Mumbai,168,27.79,0.0,10.84
2024-03-18,Mumbai,168,29.0,0.0,9.38
2024-03-19,Mumbai,168,28.92,0.0,12.07
2024-03-20,Mumbai,168,27.72,0.0,14.42
2024-03-21,Mumbai,168,27.48,0.0,14.7
2024-03-22,Mumbai,168,31.11,0.0,10.26
2024-03-23,Mumbai,168,28.22,0.0,9.23
2024-03-24,Mumbai,168,32.56,0.0,7.29
2024-03-25,Mumbai,168,33.42,0.0,13.36
2024-03-26,Mumbai,168,31.72,0.0,10.73
2024-03-27,Mumbai,168,26.35,0.0,10.36
2024-03-28,Mumbai,168,26.0,0.0,13.25
2024-03-29,Mumbai,168,27.71,0.0,10.15
2024-03-30,Mumbai,168,28.57,0.0,14.46
2024-03-31,Mumbai,168,25.73,0.0,11.04
2024-04-01,Mumbai,168,30.03,0.0,11.41
2024-04-02,Mumbai,168,29.08,0.0,10.08
2024-04-03,Mumbai,168,29.02,0.0,14.73
2024-04-04,Mumbai,168,30.52,0.0,14.59
2024-04-05,Mumbai,168,31.2,0.0,13.93
2024-04-06,Mumbai,168,31.27,0.0,11.0
2024-04-07,Mumbai,168,31.83,0.0,12.34
2024-04-08,Mumbai,168,29.34,0.0,11.09
2024-04-09,Mumbai,168,25.11,0.0,10.87
2024-04-10,Mumbai,168,27.36,0.0,10.85
2024-04-11,Mumbai,168,28.43,0.0,13.14
2024-04-12,Mumbai,168,27.91,0.0,15.0
2024-04-13,Mumbai,168,30.35,0.0,11.15
2024-04-14,Mumbai,168,28.54,0.0,7.63
2024-04-15,Mumbai,168,30.53,0.0,12.7
2024-04-16,Mumbai,168,26.64,0.0,14.87
2024-04-17,Mumbai,168,29.24,0.0,12.33
2024-04-18,Mumbai,168,29.28,0.0,14.92
2024-04-19,Mumbai,168,31.69,0.0,14.97
2024-04-20,Mumbai,168,30.01,0.0,12.04
2024-04-21,Mumbai,168,32.44,0.0,13.54
2024-04-22,Mumbai,168,31.83,0.0,11.0
2024-04-23,Mumbai,168,31.04,0.0,16.99
2024-04-24,Mumbai,168,30.77,0.0,14.16
2024-04-25,Mumbai,168,30.15,0.0,13.83
2024-04-26,Mumbai,168,27.06,0.0,11.08
2024-04-27,Mumbai,168,29.35,0.0,11.89
2024-04-28,Mumbai,168,25.15,0.0,12.54
2024-04-29,Mumbai,168,28.0,0.0,14.61
2024-04-30,Mumbai,168,31.25,0.0,15.36
2024-05-01,Mumbai,168,27.18,0.0,17.24
2024-05-02,Mumbai,168,30.19,0.0,12.97
2024-05-03,Mumbai,168,29.34,0.0,13.57
2024-05-04,Mumbai,168,31.29,0.0,13.88
2024-05-05,Mumbai,168,32.43,0.0,16.22
2024-05-06,Mumbai,168,30.06,0.0,16.69
2024-05-07,Mumbai,168,32.26,0.0,10.02
2024-05-08,Mumbai,168,29.05,0.0,12.49
2024-05-09,Mumbai,168,32.94,0.0,17.56
2024-05-10,Mumbai,168,30.25,0.0,12.53
2024-05-11,Mumbai,168,29.71,0.0,12.25
2024-05-12,Mumbai,168,29.41,0.0,10.59
2024-05-13,Mumbai,168,29.08,0.0,10.23
2024-05-14,Mumbai,168,31.0,6.65,17.02
2024-05-15,Mumbai,168,31.32,0.0,11.3
2024-05-16,Mumbai,168,30.9,0.0,15.66
2024-05-17,Mumbai,168,29.16,0.0,15.39
2024-05-18,Mumbai,168,30.44,0.0,19.72
2024-05-19,Mumbai,168,27.61,0.0,19.08
2024-05-20,Mumbai,168,29.95,0.0,16.56
2024-05-21,Mumbai,168,33.42,0.0,16.66
2024-05-22,Mumbai,168,31.47,0.0,18.51
2024-05-23,Mumbai,168,31.59,0.0,12.92
2024-05-24,Mumbai,168,31.79,0.0,13.44
2024-05-25,Mumbai,168,32.59,0.0,17.3
2024-05-26,Mumbai,168,31.04,0.0,21.44
2024-05-27,Mumbai,168,31.39,0.0,12.61
2024-05-28,Mumbai,168,33.12,0.0,14.7
2024-05-29,Mumbai,168,30.47,0.0,18.58
2024-05-30,Mumbai,168,33.23,0.0,15.71
2024-05-31,Mumbai,168,30.35,0.0,18.52
2024-06-01,Mumbai,168,27.39,0.0,26.76
2024-06-02,Mumbai,168,30.56,40.96,28.63
2024-06-03,Mumbai,168,28.98,2.46,23.7
2024-06-04,Mumbai,168,32.4,26.9,25.52
2024-06-05,Mumbai,168,26.68,31.23,24.17
2024-06-06,Mumbai,168,25.73,18.08,21.75
2024-06-07,Mumbai,168,27.38,0.0,20.63
2024-06-08,Mumbai,168,30.25,29.34,23.3
2024-06-09,Mumbai,168,30.19,31.2,26.39
2024-06-10,Mumbai,168,27.68,12.81,21.14
2024-06-11,Mumbai,168,29.33,5.7,20.13
2024-06-12,Mumbai,168,30.06,16.97,24.5
2024-06-13,Mumbai,168,27.69,16.87,28.92
2024-06-14,Mumbai,168,31.25,54.46,29.3
2024-06-15,Mumbai,168,31.04,12.36,26.27
2024-06-16,Mumbai,168,29.83,13.29,25.55
2024-06-17,Mumbai,168,30.23,46.82,32.82
2024-06-18,Mumbai,168,31.82,26.59,29.29
2024-06-19,Mumbai,168,32.96,9.41,24.69
2024-06-20,Mumbai,168,32.44,6.67,24.63
2024-06-21,Mumbai,168,30.81,10.09,23.68
2024-06-22,Mumbai,168,30.41,1.75,24.85
2024-06-23,Mumbai,168,32.58,11.66,28.04
2024-06-24,Mumbai,168,30.47,30.41,35.29
2024-06-25,Mumbai,168,32.3,0.45,18.64
2024-06-26,Mumbai,168,32.82,11.7,18.78
2024-06-27,Mumbai,168,30.53,34.26,30.81
2024-06-28,Mumbai,168,32.42,9.35,32.52
2024-06-29,Mumbai,168,34.47,30.76,25.33
2024-06-30,Mumbai,168,30.14,16.44,28.31
2024-07-01,Mumbai,168,29.76,17.37,25.8
2024-07-02,Mumbai,168,31.17,20.06,31.55
2024-07-03,Mumbai,168,29.34,11.22,26.12
2024-07-04,Mumbai,168,27.09,18.93,30.5
2024-07-05,Mumbai,168,23.84,8.68,32.99
2024-07-06,Mumbai,168,27.77,7.3,28.47
2024-07-07,Mumbai,168,29.33,4.14,27.39
2024-07-08,Mumbai,168,30.4,14.76,24.41
2024-07-09,Mumbai,168,29.53,7.18,32.4
2024-07-10,Mumbai,168,24.11,18.45,22.06
2024-07-11,Mumbai,168,29.24,17.23,25.47
2024-07-12,Mumbai,168,28.48,34.09,33.33
2024-07-13,Mumbai,168,28.75,55.85,35.89
2024-07-14,Mumbai,168,26.11,1.29,17.8
2024-07-15,Mumbai,168,25.27,8.93,38.51
2024-07-16,Mumbai,168,25.0,23.53,19.76
2024-07-17,Mumbai,168,27.6,5.91,22.97
2024-07-18,Mumbai,168,29.53,25.6,30.26
2024-07-19,Mumbai,168,28.53,29.46,33.16
2024-07-20,Mumbai,168,28.28,15.8,19.38
2024-07-21,Mumbai,168,29.46,17.01,25.35
2024-07-22,Mumbai,168,29.81,46.59,31.94
2024-07-23,Mumbai,168,24.34,32.92,27.19
2024-07-24,Mumbai,168,28.82,0.0,22.8
2024-07-25,Mumbai,168,27.76,30.5,34.11
2024-07-26,Mumbai,168,25.55,69.94,36.64
2024-07-27,Mumbai,168,25.61,8.86,26.24
2024-07-28,Mumbai,168,26.83,23.08,28.5
2024-07-29,Mumbai,168,26.2,0.0,26.47
2024-07-30,Mumbai,168,30.44,8.21,28.48
2024-07-31,Mumbai,168,26.64,7.75,26.15
2024-08-01,Mumbai,168,26.64,13.02,26.96
2024-08-02,Mumbai,168,28.51,23.05,20.84
2024-08-03,Mumbai,168,31.26,6.84,26.85
2024-08-04,Mumbai,168,30.58,3.96,15.93
2024-08-05,Mumbai,168,30.86,31.62,18.8
2024-08-06,Mumbai,168,26.73,5.49,23.13
2024-08-07,Mumbai,168,30.06,13.11,24.55
2024-08-08,Mumbai,168,25.82,12.66,26.39
2024-08-09,Mumbai,168,29.48,12.28,24.43
2024-08-10,Mumbai,168,30.98,45.46,26.21
2024-08-11,Mumbai,168,29.71,5.22,21.38
2024-08-12,Mumbai,168,28.52,37.52,23.94
2024-08-13,Mumbai,168,27.65,41.75,27.33
2024-08-14,Mumbai,168,27.56,8.65,19.45
2024-08-15,Mumbai,168,30.54,39.35,31.35
2024-08-16,Mumbai,168,29.39,28.27,25.79
2024-08-17,Mumbai,168,27.74,10.5,25.8
2024-08-18,Mumbai,168,28.66,12.57,21.58
2024-08-19,Mumbai,168,29.38,6.38,26.94
2024-08-20,Mumbai,168,31.11,9.91,20.31
2024-08-21,Mumbai,168,27.83,19.76,28.09
2024-08-22,Mumbai,168,25.3,9.56,24.67
2024-08-23,Mumbai,168,25.95,0.4,22.06
2024-08-24,Mumbai,168,30.72,32.3,31.98
2024-08-25,Mumbai,168,30.12,25.03,28.64
2024-08-26,Mumbai,168,28.11,23.82,27.81
2024-08-27,Mumbai,168,26.9,13.25,23.48
2024-08-28,Mumbai,168,25.54,15.15,26.78
2024-08-29,Mumbai,168,29.71,11.47,26.43
2024-08-30,Mumbai,168,28.98,21.16,30.42
2024-08-31,Mumbai,168,26.05,8.98,28.26
2024-09-01,Mumbai,168,28.94,2.58,21.66
2024-09-02,Mumbai,168,27.6,2.33,18.19
2024-09-03,Mumbai,168,26.71,8.48,14.53
2024-09-04,Mumbai,168,27.0,14.62,20.68
2024-09-05,Mumbai,168,29.85,4.45,19.34
2024-09-06,Mumbai,168,30.7,13.79,18.34
2024-09-07,Mumbai,168,28.49,0.0,16.59
2024-09-08,Mumbai,168,26.69,0.0,16.06
2024-09-09,Mumbai,168,30.83,29.21,20.41
2024-09-10,Mumbai,168,28.93,16.08,22.3
2024-09-11,Mumbai,168,28.67,8.43,13.45
2024-09-12,Mumbai,168,29.47,6.86,19.01
2024-09-13,Mumbai,168,30.3,4.24,20.06
2024-09-14,Mumbai,168,29.09,6.45,20.42
2024-09-15,Mumbai,168,30.79,5.89,24.04
2024-09-16,Mumbai,168,25.38,16.58,21.29
2024-09-17,Mumbai,168,28.09,4.91,18.4
2024-09-18,Mumbai,168,26.64,0.37,19.88
2024-09-19,Mumbai,168,30.59,3.15,20.25
2024-09-20,Mumbai,168,26.3,8.83,16.21
2024-09-21,Mumbai,168,30.08,20.62,18.93
2024-09-22,Mumbai,168,28.44,0.83,15.84
2024-09-23,Mumbai,168,26.27,3.47,11.84
2024-09-24,Mumbai,168,25.93,4.67,17.21
2024-09-25,Mumbai,168,26.4,6.18,17.64
2024-09-26,Mumbai,168,29.56,16.08,19.45
2024-09-27,Mumbai,168,26.92,15.23,17.11
2024-09-28,Mumbai,168,26.07,20.61,14.55
2024-09-29,Mumbai,168,25.41,6.41,14.01
2024-09-30,Mumbai,168,26.5,6.59,18.65
2024-10-01,Mumbai,168,31.18,0.0,12.28
2024-10-02,Mumbai,168,30.43,0.0,12.23
2024-10-03,Mumbai,168,29.59,0.0,12.06
2024-10-04,Mumbai,168,29.86,0.0,6.96
2024-10-05,Mumbai,168,30.38,0.0,8.65
2024-10-06,Mumbai,168,28.54,0.0,11.41
2024-10-07,Mumbai,168,28.2,0.0,14.86
2024-10-08,Mumbai,168,24.84,0.0,12.21
2024-10-09,Mumbai,168,28.38,0.0,12.81
2024-10-10,Mumbai,168,28.13,2.44,13.4
2024-10-11,Mumbai,168,31.41,0.0,17.49
2024-10-12,Mumbai,168,29.99,0.0,6.23
2024-10-13,Mumbai,168,31.84,0.0,11.54
2024-10-14,Mumbai,168,29.04,0.0,11.29
2024-10-15,Mumbai,168,30.67,13.64,11.4
2024-10-16,Mumbai,168,28.15,4.86,7.44
2024-10-17,Mumbai,168,27.3,0.0,11.1
2024-10-18,Mumbai,168,29.23,0.0,6.05
2024-10-19,Mumbai,168,27.79,0.0,13.08
2024-10-20,Mumbai,168,29.99,0.0,10.59
2024-10-21,Mumbai,168,31.6,0.0,10.94
2024-10-22,Mumbai,168,30.72,0.0,10.36
2024-10-23,Mumbai,168,26.94,0.0,12.08
2024-10-24,Mumbai,168,28.43,0.0,12.6
2024-10-25,Mumbai,168,28.19,0.0,4.9
2024-10-26,Mumbai,168,33.9,0.0,11.15
2024-10-27,Mumbai,168,32.36,0.0,9.94
2024-10-28,Mumbai,168,35.22,0.0,7.68
2024-10-29,Mumbai,168,34.64,0.0,13.73
2024-10-30,Mumbai,168,29.09,0.0,13.84
2024-10-31,Mumbai,168,29.94,0.0,14.19
2024-11-01,Mumbai,168,23.75,0.0,8.7
2024-11-02,Mumbai,168,25.18,0.0,2.96
2024-11-03,Mumbai,168,26.86,0.0,6.07
2024-11-04,Mumbai,168,29.14,0.0,5.53
2024-11-05,Mumbai,168,30.28,0.0,6.38
2024-11-06,Mumbai,168,28.04,0.0,3.54
2024-11-07,Mumbai,168,28.68,0.0,9.73
2024-11-08,Mumbai,168,26.62,0.0,13.43
2024-11-09,Mumbai,168,30.83,0.0,6.66
2024-11-10,Mumbai,168,30.4,0.0,12.3
2024-11-11,Mumbai,168,28.67,0.0,11.43
2024-11-12,Mumbai,168,28.12,0.0,4.1
2024-11-13,Mumbai,168,31.02,0.0,7.96
2024-11-14,Mumbai,168,25.28,0.0,11.15
2024-11-15,Mumbai,168,28.27,0.0,14.08
2024-11-16,Mumbai,168,26.37,0.0,12.37
2024-11-17,Mumbai,168,26.35,0.0,5.71
2024-11-18,Mumbai,168,28.31,0.0,10.6
2024-11-19,Mumbai,168,27.52,0.0,7.84
2024-11-20,Mumbai,168,26.21,0.0,12.36
2024-11-21,Mumbai,168,26.88,0.0,5.96
2024-11-22,Mumbai,168,24.93,0.0,7.2
2024-11-23,Mumbai,168,26.83,0.0,12.01
2024-11-24,Mumbai,168,30.94,0.0,2.07
2024-11-25,Mumbai,168,28.37,0.0,7.4
2024-11-26,Mumbai,168,29.42,0.0,8.82
2024-11-27,Mumbai,168,28.71,0.0,7.97
2024-11-28,Mumbai,168,28.64,0.0,8.38
2024-11-29,Mumbai,168,32.15,0.0,12.72
2024-11-30,Mumbai,168,30.51,0.0,13.65
2024-12-01,Mumbai,168,26.45,0.0,10.01
2024-12-02,Mumbai,168,28.38,0.46,8.6
2024-12-03,Mumbai,168,29.26,0.0,9.54
2024-12-04,Mumbai,168,27.75,0.0,11.99
2024-12-05,Mumbai,168,29.5,0.0,9.57
2024-12-06,Mumbai,168,27.84,0.0,8.65
2024-12-07,Mumbai,168,28.4,0.0,9.44
2024-12-08,Mumbai,168,27.69,0.0,6.12
2024-12-09,Mumbai,168,27.76,0.0,7.03
2024-12-10,Mumbai,168,29.39,0.0,11.15
2024-12-11,Mumbai,168,26.42,0.0,8.09
2024-12-12,Mumbai,168,23.18,0.0,8.01
2024-12-13,Mumbai,168,24.04,0.0,9.49
2024-12-14,Mumbai,168,25.06,0.0,5.49
2024-12-15,Mumbai,168,24.83,0.0,7.42
2024-12-16,Mumbai,168,28.0,0.0,5.64
2024-12-17,Mumbai,168,28.17,0.0,5.68
2024-12-18,Mumbai,168,26.85,0.0,13.89
2024-12-19,Mumbai,168,26.28,0.0,8.95
2024-12-20,Mumbai,168,26.58,0.0,7.91
2024-12-21,Mumbai,168,25.37,0.0,6.69
2024-12-22,Mumbai,168,28.42,0.0,10.42
2024-12-23,Mumbai,168,25.61,0.0,14.9
2024-12-24,Mumbai,168,29.37,0.0,8.46
2024-12-25,Mumbai,168,27.93,0.0,6.82
2024-12-26,Mumbai,168,22.7,0.0,3.86
2024-12-27,Mumbai,168,26.25,0.0,8.57
2024-12-28,Mumbai,168,27.45,0.0,3.37
2024-12-29,Mumbai,168,26.44,0.0,10.26
2024-12-30,Mumbai,168,26.13,0.0,8.26
2024-12-31,Mumbai,168,27.53,0.0,10.27
2025-01-01,Mumbai,168,22.95,0.0,10.39
2025-01-02,Mumbai,168,20.9,0.0,9.18
2025-01-03,Mumbai,168,24.57,0.0,11.29
2025-01-04,Mumbai,168,25.23,0.0,12.88
2025-01-05,Mumbai,168,26.5,0.0,10.06
2025-01-06,Mumbai,168,27.02,0.0,11.3
2025-01-07,Mumbai,168,27.9,0.0,15.79
2025-01-08,Mumbai,168,25.82,0.0,6.86
2025-01-09,Mumbai,168,26.72,0.0,8.83
2025-01-10,Mumbai,168,27.31,2.5,5.74
2025-01-11,Mumbai,168,23.72,0.0,6.72
2025-01-12,Mumbai,168,22.91,0.0,9.65
2025-01-13,Mumbai,168,22.33,0.0,10.34
2025-01-14,Mumbai,168,19.27,0.0,11.99
2025-01-15,Mumbai,168,23.98,0.0,13.33
2025-01-16,Mumbai,168,21.81,0.0,8.87
2025-01-17,Mumbai,168,21.89,0.0,10.31
2025-01-18,Mumbai,168,22.29,0.0,7.11
2025-01-19,Mumbai,168,22.27,0.0,8.13
2025-01-20,Mumbai,168,28.36,0.0,8.87
2025-01-21,Mumbai,168,25.59,0.0,9.58
2025-01-22,Mumbai,168,23.05,0.0,14.73
2025-01-23,Mumbai,168,20.39,0.0,7.23
2025-01-24,Mumbai,168,21.91,0.0,2.58
2025-01-25,Mumbai,168,26.0,0.0,2.45
2025-01-26,Mumbai,168,22.83,0.0,13.82
2025-01-27,Mumbai,168,24.78,0.0,6.63
2025-01-28,Mumbai,168,24.62,0.0,10.84
2025-01-29,Mumbai,168,25.03,0.0,15.41
2025-01-30,Mumbai,168,21.89,0.0,11.32
2025-01-31,Mumbai,168,23.24,0.0,5.32
2025-02-01,Mumbai,168,22.89,0.0,8.76
2025-02-02,Mumbai,168,25.23,0.0,12.83
2025-02-03,Mumbai,168,23.42,0.0,6.13
2025-02-04,Mumbai,168,22.96,0.0,6.97
2025-02-05,Mumbai,168,23.19,0.0,8.99
2025-02-06,Mumbai,168,26.09,0.0,6.79
2025-02-07,Mumbai,168,26.8,0.0,10.44
2025-02-08,Mumbai,168,25.12,0.0,7.51
2025-02-09,Mumbai,168,26.12,0.0,7.34
2025-02-10,Mumbai,168,26.42,0.0,7.58
2025-02-11,Mumbai,168,25.35,0.0,10.19
2025-02-12,Mumbai,168,27.06,0.0,10.91
2025-02-13,Mumbai,168,24.83,0.0,7.06
2025-02-14,Mumbai,168,25.98,0.0,13.38
2025-02-15,Mumbai,168,22.98,0.0,13.64
2025-02-16,Mumbai,168,25.35,0.0,13.3
2025-02-17,Mumbai,168,26.56,0.0,13.3
2025-02-18,Mumbai,168,27.04,0.0,11.12
2025-02-19,Mumbai,168,28.18,0.0,8.59
2025-02-20,Mumbai,168,30.08,0.0,12.43
2025-02-21,Mumbai,168,27.2,0.0,7.16
2025-02-22,Mumbai,168,27.75,0.0,11.58
2025-02-23,Mumbai,168,28.5,0.0,10.94
2025-02-24,Mumbai,168,24.91,0.0,7.39
2025-02-25,Mumbai,168,28.57,0.0,7.45
2025-02-26,Mumbai,168,24.64,0.0,4.96
2025-02-27,Mumbai,168,23.26,0.0,12.83
2025-02-28,Mumbai,168,25.04,0.0,8.36
2025-03-01,Mumbai,168,28.85,0.0,8.63
2025-03-02,Mumbai,168,23.65,0.0,9.88
2025-03-03,Mumbai,168,27.81,0.0,12.52
2025-03-04,Mumbai,168,23.71,0.0,9.04
2025-03-05,Mumbai,168,26.73,0.0,6.5
2025-03-06,Mumbai,168,27.54,0.0,8.38
2025-03-07,Mumbai,168,29.99,0.0,8.47
2025-03-08,Mumbai,168,27.66,0.0,16.15
2025-03-09,Mumbai,168,24.13,0.0,9.05
2025-03-10,Mumbai,168,27.81,0.0,11.46
2025-03-11,Mumbai,168,24.53,0.0,8.75
2025-03-12,Mumbai,168,22.34,0.0,11.87
2025-03-13,Mumbai,168,24.79,0.0,11.26
2025-03-14,Mumbai,168,28.95,0.0,11.73
2025-03-15,Mumbai,168,27.52,0.0,9.76
2025-03-16,Mumbai,168,26.93,0.0,12.0
2025-03-17,Mumbai,168,31.05,0.0,11.91
2025-03-18,Mumbai,168,27.11,0.0,9.38
2025-03-19,Mumbai,168,30.49,0.0,8.91
2025-03-20,Mumbai,168,32.75,0.0,15.62
2025-03-21,Mumbai,168,32.3,0.0,11.93
2025-03-22,Mumbai,168,31.67,0.0,9.94
2025-03-23,Mumbai,168,29.0,0.0,8.62
2025-03-24,Mumbai,168,29.01,0.0,10.78
2025-03-25,Mumbai,168,29.64,0.0,9.28
2025-03-26,Mumbai,168,27.18,0.0,9.69
2025-03-27,Mumbai,168,27.04,0.0,7.63
2025-03-28,Mumbai,168,27.02,0.0,4.5
2025-03-29,Mumbai,168,27.59,0.0,10.95
2025-03-30,Mumbai,168,28.45,0.0,10.87
2025-03-31,Mumbai,168,28.02,0.0,7.71
2025-04-01,Mumbai,168,28.7,0.0,14.09
2025-04-02,Mumbai,168,31.92,0.0,10.27
2025-04-03,Mumbai,168,29.98,0.0,15.83
2025-04-04,Mumbai,168,30.22,0.0,10.98
2025-04-05,Mumbai,168,29.22,0.0,11.41
2025-04-06,Mumbai,168,28.45,0.0,9.06
2025-04-07,Mumbai,168,30.27,0.0,7.37
2025-04-08,Mumbai,168,27.02,0.0,18.14
2025-04-09,Mumbai,168,28.78,0.0,15.02
2025-04-10,Mumbai,168,30.88,0.0,10.71
2025-04-11,Mumbai,168,35.96,0.0,10.13
2025-04-12,Mumbai,168,33.99,0.0,10.88
2025-04-13,Mumbai,168,32.1,0.0,13.01
2025-04-14,Mumbai,168,32.95,0.0,13.76
2025-04-15,Mumbai,168,35.83,0.0,10.85
2025-04-16,Mumbai,168,30.46,0.0,14.4
2025-04-17,Mumbai,168,35.49,0.0,14.14
2025-04-18,Mumbai,168,31.49,0.0,14.99
2025-04-19,Mumbai,168,32.92,0.0,11.18
2025-04-20,Mumbai,168,32.96,0.0,12.21
2025-04-21,Mumbai,168,33.45,0.0,15.43
2025-04-22,Mumbai,168,30.71,0.0,12.1
2025-04-23,Mumbai,168,32.6,0.0,13.48
2025-04-24,Mumbai,168,34.92,0.0,20.28
2025-04-25,Mumbai,168,29.72,0.0,14.29
2025-04-26,Mumbai,168,32.35,0.0,16.25
2025-04-27,Mumbai,168,33.78,0.0,11.44
2025-04-28,Mumbai,168,34.31,0.0,10.32
2025-04-29,Mumbai,168,31.73,0.0,10.24
2025-04-30,Mumbai,168,36.92,0.0,17.14
2025-05-01,Mumbai,168,35.46,0.0,15.3
2025-05-02,Mumbai,168,32.3,0.0,14.07
2025-05-03,Mumbai,168,32.61,0.0,16.13
2025-05-04,Mumbai,168,34.53,0.0,15.61
2025-05-05,Mumbai,168,35.36,0.0,12.64
2025-05-06,Mumbai,168,32.8,0.0,13.9
2025-05-07,Mumbai,168,30.71,0.0,10.52
2025-05-08,Mumbai,168,31.09,0.0,21.16
2025-05-09,Mumbai,168,28.72,0.0,11.99
2025-05-10,Mumbai,168,27.17,0.0,9.57
2025-05-11,Mumbai,168,28.99,0.0,11.95
2025-05-12,Mumbai,168,30.53,0.0,18.11
2025-05-13,Mumbai,168,30.96,0.0,12.56
2025-05-14,Mumbai,168,30.11,0.0,17.24
2025-05-15,Mumbai,168,31.68,0.0,13.72
2025-05-16,Mumbai,168,32.95,0.0,12.89
2025-05-17,Mumbai,168,27.89,0.0,11.15
2025-05-18,Mumbai,168,29.08,0.0,14.33
2025-05-19,Mumbai,168,28.18,0.0,13.17
2025-05-20,Mumbai,168,30.04,0.0,18.19
2025-05-21,Mumbai,168,33.2,0.0,16.88
2025-05-22,Mumbai,168,32.06,0.0,16.85
2025-05-23,Mumbai,168,32.56,0.0,19.15
2025-05-24,Mumbai,168,32.84,0.0,18.42
2025-05-25,Mumbai,168,32.87,0.0,12.71
2025-05-26,Mumbai,168,30.39,0.0,10.82
2025-05-27,Mumbai,168,32.79,0.0,11.84
2025-05-28,Mumbai,168,34.0,0.0,14.99
2025-05-29,Mumbai,168,37.98,0.0,15.95
2025-05-30,Mumbai,168,35.02,0.0,13.94
2025-05-31,Mumbai,168,32.75,0.0,11.31
2025-06-01,Mumbai,168,31.13,38.0,24.52
2025-06-02,Mumbai,168,30.26,5.95,23.61
2025-06-03,Mumbai,168,28.97,25.38,26.37
2025-06-04,Mumbai,168,31.0,1.76,18.67
2025-06-05,Mumbai,168,30.11,30.74,28.27
2025-06-06,Mumbai,168,29.4,19.87,25.78
2025-06-07,Mumbai,168,30.45,0.0,23.86
2025-06-08,Mumbai,168,28.72,2.3,24.02
2025-06-09,Mumbai,168,29.51,0.0,26.74
2025-06-10,Mumbai,168,30.0,21.69,24.46
2025-06-11,Mumbai,168,34.53,5.58,27.14
2025-06-12,Mumbai,168,35.37,7.76,19.51
2025-06-13,Mumbai,168,31.89,0.0,21.06
2025-06-14,Mumbai,168,32.89,19.19,24.48
2025-06-15,Mumbai,168,32.29,59.01,31.94
2025-06-16,Mumbai,168,32.07,0.0,21.95
2025-06-17,Mumbai,168,32.51,17.78,21.53
2025-06-18,Mumbai,168,30.21,0.0,17.99
2025-06-19,Mumbai,168,29.76,20.29,21.12
2025-06-20,Mumbai,168,31.15,67.59,31.31
2025-06-21,Mumbai,168,31.92,58.34,30.02
2025-06-22,Mumbai,168,31.17,15.88,26.84
2025-06-23,Mumbai,168,31.57,40.41,23.93
2025-06-24,Mumbai,168,28.64,8.01,25.13
2025-06-25,Mumbai,168,26.95,0.0,19.67
2025-06-26,Mumbai,168,28.37,0.0,13.24
2025-06-27,Mumbai,168,30.98,0.0,21.18
2025-06-28,Mumbai,168,29.01,11.53,26.91
2025-06-29,Mumbai,168,27.53,0.0,26.09
2025-06-30,Mumbai,168,29.53,0.0,25.78
2025-07-01,Mumbai,168,26.92,54.7,37.43
2025-07-02,Mumbai,168,23.07,21.92,29.2
2025-07-03,Mumbai,168,27.96,53.04,36.35
2025-07-04,Mumbai,168,26.99,14.65,27.07
2025-07-05,Mumbai,168,27.95,50.01,36.73
2025-07-06,Mumbai,168,30.77,62.66,36.67
2025-07-07,Mumbai,168,25.32,14.22,25.11
2025-07-08,Mumbai,168,25.51,0.0,30.29
2025-07-09,Mumbai,168,28.58,0.0,22.49
2025-07-10,Mumbai,168,29.91,0.0,16.28
2025-07-11,Mumbai,168,30.63,0.0,18.39
2025-07-12,Mumbai,168,30.02,0.88,25.24
2025-07-13,Mumbai,168,29.54,10.1,24.58
2025-07-14,Mumbai,168,27.66,98.44,39.09
2025-07-15,Mumbai,168,29.05,35.74,25.13
2025-07-16,Mumbai,168,28.6,36.35,27.91
2025-07-17,Mumbai,168,24.45,18.64,28.05
2025-07-18,Mumbai,168,26.99,27.73,28.13
2025-07-19,Mumbai,168,29.06,26.62,25.85
2025-07-20,Mumbai,168,27.35,52.68,29.0
2025-07-21,Mumbai,168,26.72,31.46,30.76
2025-07-22,Mumbai,168,28.96,1.76,23.48
2025-07-23,Mumbai,168,27.65,25.09,34.19
2025-07-24,Mumbai,168,27.27,9.49,27.84
2025-07-25,Mumbai,168,26.86,52.09,32.99
2025-07-26,Mumbai,168,26.43,57.67,33.25
2025-07-27,Mumbai,168,26.67,25.82,31.34
2025-07-28,Mumbai,168,28.39,1.08,26.7
2025-07-29,Mumbai,168,28.97,2.13,22.49
2025-07-30,Mumbai,168,31.56,14.39,27.19
2025-07-31,Mumbai,168,29.38,62.2,34.01
2025-08-01,Mumbai,168,28.43,14.97,25.39
2025-08-02,Mumbai,168,30.98,1.4,20.75
2025-08-03,Mumbai,168,29.16,13.49,22.75
2025-08-04,Mumbai,168,26.69,0.0,22.7
2025-08-05,Mumbai,168,28.36,0.0,24.91
2025-08-06,Mumbai,168,29.63,0.0,22.83
2025-08-07,Mumbai,168,27.55,0.0,16.57
2025-08-08,Mumbai,168,28.82,0.0,21.65
2025-08-09,Mumbai,168,25.67,23.94,24.88
2025-08-10,Mumbai,168,27.22,27.53,26.55
2025-08-11,Mumbai,168,26.19,9.51,22.68
2025-08-12,Mumbai,168,24.24,2.88,20.86
2025-08-13,Mumbai,168,23.55,25.09,26.0
2025-08-14,Mumbai,168,24.54,0.0,24.06
2025-08-15,Mumbai,168,27.73,0.0,24.66
2025-08-16,Mumbai,168,25.75,1.69,21.31
2025-08-17,Mumbai,168,25.39,20.07,26.26
2025-08-18,Mumbai,168,26.44,11.31,19.06
2025-08-19,Mumbai,168,31.14,19.43,21.18
2025-08-20,Mumbai,168,26.62,3.25,17.12
2025-08-21,Mumbai,168,26.08,0.0,15.11
2025-08-22,Mumbai,168,26.23,0.0,19.27
2025-08-23,Mumbai,168,23.71,0.0,18.27
2025-08-24,Mumbai,168,25.07,0.0,20.94
2025-08-25,Mumbai,168,30.19,0.0,21.3
2025-08-26,Mumbai,168,25.71,31.65,25.64
2025-08-27,Mumbai,168,28.24,31.2,23.03
2025-08-28,Mumbai,168,28.13,9.43,23.75
2025-08-29,Mumbai,168,25.59,3.03,19.88
2025-08-30,Mumbai,168,26.38,5.99,18.91
2025-08-31,Mumbai,168,25.3,2.27,23.03
2025-09-01,Mumbai,168,25.33,3.72,12.45
2025-09-02,Mumbai,168,26.05,0.77,16.04
2025-09-03,Mumbai,168,28.03,79.84,19.82
2025-09-04,Mumbai,168,29.14,10.03,17.92
2025-09-05,Mumbai,168,29.74,12.61,17.69
2025-09-06,Mumbai,168,27.48,1.19,15.93
2025-09-07,Mumbai,168,29.93,16.52,21.22
2025-09-08,Mumbai,168,28.56,0.0,14.31
2025-09-09,Mumbai,168,31.41,0.0,10.85
2025-09-10,Mumbai,168,31.6,0.0,13.06
2025-09-11,Mumbai,168,30.8,22.25,14.73
2025-09-12,Mumbai,168,32.36,43.59,19.42
2025-09-13,Mumbai,168,27.75,7.54,16.49
2025-09-14,Mumbai,168,28.78,5.72,18.55
2025-09-15,Mumbai,168,28.46,4.86,15.72
2025-09-16,Mumbai,168,32.93,1.12,18.06
2025-09-17,Mumbai,168,29.61,7.27,16.63
2025-09-18,Mumbai,168,30.85,25.25,16.91
2025-09-19,Mumbai,168,28.92,9.98,13.28
2025-09-20,Mumbai,168,29.31,1.73,14.94
2025-09-21,Mumbai,168,28.21,8.34,20.27
2025-09-22,Mumbai,168,29.59,47.05,26.91
2025-09-23,Mumbai,168,30.07,3.34,20.04
2025-09-24,Mumbai,168,28.16,9.68,18.36
2025-09-25,Mumbai,168,29.35,0.81,15.09
2025-09-26,Mumbai,168,31.75,8.32,17.97
2025-09-27,Mumbai,168,28.24,6.96,27.97
2025-09-28,Mumbai,168,29.76,9.67,19.63
2025-09-29,Mumbai,168,29.21,9.06,13.8
2025-09-30,Mumbai,168,28.09,1.1,16.56
2023-01-01,Delhi,24,14.5,0.0,8.81
2023-01-02,Delhi,24,12.47,0.0,7.09
2023-01-03,Delhi,24,13.81,11.48,8.43
2023-01-04,Delhi,24,14.09,0.0,6.71
2023-01-05,Delhi,24,13.3,0.0,5.77
2023-01-06,Delhi,24,13.3,0.0,4.48
2023-01-07,Delhi,24,10.73,0.0,3.44
2023-01-08,Delhi,24,11.38,0.0,6.96
2023-01-09,Delhi,24,13.38,0.0,7.6
2023-01-10,Delhi,24,12.7,0.0,7.96
2023-01-11,Delhi,24,13.39,0.0,8.67
2023-01-12,Delhi,24,11.19,0.0,9.65
2023-01-13,Delhi,24,12.63,0.0,8.64
2023-01-14,Delhi,24,13.92,0.0,10.35
2023-01-15,Delhi,24,14.49,0.0,7.68
2023-01-16,Delhi,24,13.91,0.0,9.46
2023-01-17,Delhi,24,14.89,0.0,6.66
2023-01-18,Delhi,24,11.53,9.43,12.44
2023-01-19,Delhi,24,12.83,8.03,10.38
2023-01-20,Delhi,24,13.88,0.0,6.97
2023-01-21,Delhi,24,13.54,0.0,9.0
2023-01-22,Delhi,24,16.49,0.0,10.72
2023-01-23,Delhi,24,16.78,0.0,12.03
2023-01-24,Delhi,24,12.74,0.0,9.77
2023-01-25,Delhi,24,13.02,0.0,11.72
2023-01-26,Delhi,24,11.06,0.0,8.63
2023-01-27,Delhi,24,12.78,0.0,7.46
2023-01-28,Delhi,24,13.62,0.0,6.03
2023-01-29,Delhi,24,15.78,0.0,7.11
2023-01-30,Delhi,24,13.06,0.0,3.48
2023-01-31,Delhi,24,13.85,0.0,4.99
2023-02-01,Delhi,24,16.76,0.0,6.14
2023-02-02,Delhi,24,18.21,0.0,7.38
2023-02-03,Delhi,24,17.07,0.0,7.44
2023-02-04,Delhi,24,18.5,0.0,7.08
2023-02-05,Delhi,24,15.46,0.0,3.22
2023-02-06,Delhi,24,18.74,0.0,7.19
2023-02-07,Delhi,24,17.91,0.0,7.71
2023-02-08,Delhi,24,16.4,0.0,10.28
2023-02-09,Delhi,24,17.2,0.0,8.81
2023-02-10,Delhi,24,15.4,0.0,7.8
2023-02-11,Delhi,24,15.39,0.0,7.47
2023-02-12,Delhi,24,15.9,0.0,4.97
2023-02-13,Delhi,24,16.57,0.0,7.68
2023-02-14,Delhi,24,15.57,0.0,6.54
2023-02-15,Delhi,24,14.47,0.0,7.32
2023-02-16,Delhi,24,14.32,0.0,6.56
2023-02-17,Delhi,24,14.32,0.0,7.3
2023-02-18,Delhi,24,15.53,0.0,9.33
2023-02-19,Delhi,24,17.19,20.38,14.62
2023-02-20,Delhi,24,20.77,0.0,9.9
2023-02-21,Delhi,24,18.55,0.0,11.26
2023-02-22,Delhi,24,17.01,0.0,10.41
2023-02-23,Delhi,24,16.27,0.0,4.48
2023-02-24,Delhi,24,15.71,0.0,4.45
2023-02-25,Delhi,24,17.15,0.0,7.49
2023-02-26,Delhi,24,16.51,0.0,7.13
2023-02-27,Delhi,24,14.92,11.94,7.85
2023-02-28,Delhi,24,16.14,0.0,5.3
2023-03-01,Delhi,24,24.81,0.0,3.96
2023-03-02,Delhi,24,25.12,0.0,6.68
2023-03-03,Delhi,24,23.77,0.0,8.38
2023-03-04,Delhi,24,22.01,0.0,9.76
2023-03-05,Delhi,24,21.67,0.0,9.13
2023-03-06,Delhi,24,22.49,0.0,9.21
2023-03-07,Delhi,24,22.36,0.0,9.73
2023-03-08,Delhi,24,19.83,0.0,8.34
2023-03-09,Delhi,24,20.73,0.0,9.27
2023-03-10,Delhi,24,23.06,0.0,8.96
2023-03-11,Delhi,24,27.45,0.0,9.16
2023-03-12,Delhi,24,22.56,0.0,10.84
2023-03-13,Delhi,24,21.87,0.0,12.8
2023-03-14,Delhi,24,22.37,0.0,10.38
2023-03-15,Delhi,24,23.4,0.0,5.42
2023-03-16,Delhi,24,24.14,0.0,6.79
2023-03-17,Delhi,24,24.07,2.41,8.92
2023-03-18,Delhi,24,23.65,20.5,15.98
2023-03-19,Delhi,24,24.68,0.0,12.62
2023-03-20,Delhi,24,22.96,0.0,11.56
2023-03-21,Delhi,24,26.07,0.0,10.63
2023-03-22,Delhi,24,23.47,0.0,10.39
2023-03-23,Delhi,24,25.68,0.0,7.91
2023-03-24,Delhi,24,23.21,0.0,7.61
2023-03-25,Delhi,24,24.56,0.0,9.97
2023-03-26,Delhi,24,23.94,0.0,12.96
2023-03-27,Delhi,24,23.37,0.0,11.19
2023-03-28,Delhi,24,24.07,0.0,10.12
2023-03-29,Delhi,24,23.02,0.0,10.57
2023-03-30,Delhi,24,24.16,33.98,18.32
2023-03-31,Delhi,24,27.0,0.0,12.98
2023-04-01,Delhi,24,29.6,0.0,9.23
2023-04-02,Delhi,24,28.79,0.0,10.59
2023-04-03,Delhi,24,29.06,0.0,9.6
2023-04-04,Delhi,24,28.83,0.0,7.06
2023-04-05,Delhi,24,28.81,0.0,4.77
2023-04-06,Delhi,24,28.7,0.0,8.05
2023-04-07,Delhi,24,29.65,0.0,8.49
2023-04-08,Delhi,24,29.26,0.0,10.13
2023-04-09,Delhi,24,29.65,0.0,7.19
2023-04-10,Delhi,24,30.73,0.0,8.84
2023-04-11,Delhi,24,29.7,0.0,5.19
2023-04-12,Delhi,24,27.79,0.0,7.85
2023-04-13,Delhi,24,30.41,0.0,5.79
2023-04-14,Delhi,24,29.61,0.0,4.24
2023-04-15,Delhi,24,27.73,0.0,7.25
2023-04-16,Delhi,24,29.72,0.0,6.73
2023-04-17,Delhi,24,29.93,0.0,8.21
2023-04-18,Delhi,24,32.07,0.0,11.21
2023-04-19,Delhi,24,31.44,0.0,8.26
2023-04-20,Delhi,24,31.44,0.0,10.45
2023-04-21,Delhi,24,30.15,0.0,12.58
2023-04-22,Delhi,24,30.06,0.0,13.26
2023-04-23,Delhi,24,31.68,0.0,13.14
2023-04-24,Delhi,24,30.88,0.0,11.29
2023-04-25,Delhi,24,29.28,0.0,12.84
2023-04-26,Delhi,24,27.93,0.0,8.93
2023-04-27,Delhi,24,31.27,0.0,9.25
2023-04-28,Delhi,24,31.65,0.0,9.1
2023-04-29,Delhi,24,30.76,0.0,10.02
2023-04-30,Delhi,24,31.55,0.0,9.94
2023-05-01,Delhi,24,36.9,0.0,14.96
2023-05-02,Delhi,24,35.84,0.0,12.09
2023-05-03,Delhi,24,34.57,0.0,10.45
2023-05-04,Delhi,24,35.31,0.0,13.48
2023-05-05,Delhi,24,35.55,0.0,10.81
2023-05-06,Delhi,24,32.96,0.0,13.65
2023-05-07,Delhi,24,32.25,0.0,9.67
2023-05-08,Delhi,24,32.45,0.0,13.6
2023-05-09,Delhi,24,31.78,0.0,12.2
2023-05-10,Delhi,24,34.89,0.0,13.99
2023-05-11,Delhi,24,34.59,0.0,12.05
2023-05-12,Delhi,24,37.06,0.0,12.3
2023-05-13,Delhi,24,38.47,0.0,15.88
2023-05-14,Delhi,24,35.22,0.0,12.68
2023-05-15,Delhi,24,35.63,36.24,19.07
2023-05-16,Delhi,24,34.24,0.0,12.59
2023-05-17,Delhi,24,33.0,0.0,15.04
2023-05-18,Delhi,24,33.41,0.0,11.91
2023-05-19,Delhi,24,31.33,0.0,10.41
2023-05-20,Delhi,24,33.97,0.0,11.4
2023-05-21,Delhi,24,33.49,0.0,11.06
2023-05-22,Delhi,24,33.86,0.0,11.8
2023-05-23,Delhi,24,35.54,0.0,11.67
2023-05-24,Delhi,24,35.49,0.0,10.24
2023-05-25,Delhi,24,33.45,0.0,12.66
2023-05-26,Delhi,24,33.95,0.0,12.76
2023-05-27,Delhi,24,34.75,0.0,10.68
2023-05-28,Delhi,24,35.0,0.0,9.48
2023-05-29,Delhi,24,31.8,0.0,10.07
2023-05-30,Delhi,24,32.7,0.0,13.28
2023-05-31,Delhi,24,33.58,0.0,11.46
2023-06-01,Delhi,24,32.98,0.0,13.29
2023-06-02,Delhi,24,32.55,0.0,13.01
2023-06-03,Delhi,24,32.27,0.0,13.24
2023-06-04,Delhi,24,32.46,0.0,13.39
2023-06-05,Delhi,24,34.49,0.0,14.52
2023-06-06,Delhi,24,34.11,0.0,17.72
2023-06-07,Delhi,24,34.02,0.0,13.81
2023-06-08,Delhi,24,35.48,0.0,12.65
2023-06-09,Delhi,24,39.09,0.0,10.51
2023-06-10,Delhi,24,36.85,0.0,11.8
2023-06-11,Delhi,24,37.43,0.0,12.0
2023-06-12,Delhi,24,35.33,0.0,6.79
2023-06-13,Delhi,24,37.54,0.0,11.05
2023-06-14,Delhi,24,36.7,4.32,13.38
2023-06-15,Delhi,24,34.64,5.95,10.63
2023-06-16,Delhi,24,35.11,0.0,11.13
2023-06-17,Delhi,24,34.51,0.0,8.8
2023-06-18,Delhi,24,34.84,0.0,10.72
2023-06-19,Delhi,24,34.62,0.0,12.13
2023-06-20,Delhi,24,33.49,0.0,12.84
2023-06-21,Delhi,24,35.45,0.0,12.73
2023-06-22,Delhi,24,34.69,0.0,12.98
2023-06-23,Delhi,24,37.17,40.62,19.96
2023-06-24,Delhi,24,34.28,1.78,10.48
2023-06-25,Delhi,24,33.3,0.0,9.33
2023-06-26,Delhi,24,30.73,2.3,12.52
2023-06-27,Delhi,24,31.95,0.0,15.87
2023-06-28,Delhi,24,33.81,0.0,16.43
2023-06-29,Delhi,24,31.71,0.0,18.48
2023-06-30,Delhi,24,32.65,0.0,12.31
2023-07-01,Delhi,24,29.48,9.67,12.76
2023-07-02,Delhi,24,29.83,8.77,10.12
2023-07-03,Delhi,24,29.13,0.0,13.33
2023-07-04,Delhi,24,27.77,16.94,13.98
2023-07-05,Delhi,24,28.81,0.24,11.45
2023-07-06,Delhi,24,31.77,0.0,13.73
2023-07-07,Delhi,24,35.09,2.98,11.59
2023-07-08,Delhi,24,32.88,18.16,17.45
2023-07-09,Delhi,24,30.07,17.78,20.71
2023-07-10,Delhi,24,33.03,14.67,18.05
2023-07-11,Delhi,24,32.63,3.1,12.73
2023-07-12,Delhi,24,31.44,14.59,12.78
2023-07-13,Delhi,24,29.93,10.97,11.97
2023-07-14,Delhi,24,29.74,47.5,16.74
2023-07-15,Delhi,24,27.83,6.44,12.12
2023-07-16,Delhi,24,30.93,1.25,13.31
2023-07-17,Delhi,24,31.59,28.61,13.26
2023-07-18,Delhi,24,31.47,16.8,10.87
2023-07-19,Delhi,24,31.1,6.54,8.63
2023-07-20,Delhi,24,32.73,25.45,11.31
2023-07-21,Delhi,24,31.21,4.95,7.42
2023-07-22,Delhi,24,31.4,0.0,10.34
2023-07-23,Delhi,24,33.24,0.0,10.61
2023-07-24,Delhi,24,32.15,0.0,8.59
2023-07-25,Delhi,24,30.34,0.0,6.87
2023-07-26,Delhi,24,34.43,0.0,9.5
2023-07-27,Delhi,24,31.64,0.0,7.83
2023-07-28,Delhi,24,31.14,0.0,8.55
2023-07-29,Delhi,24,30.14,0.0,8.7
2023-07-30,Delhi,24,32.25,6.19,12.91
2023-07-31,Delhi,24,31.68,11.3,15.99
2023-08-01,Delhi,24,29.7,15.32,13.35
2023-08-02,Delhi,24,30.87,36.77,18.46
2023-08-03,Delhi,24,30.67,4.14,11.76
2023-08-04,Delhi,24,30.82,3.33,9.98
2023-08-05,Delhi,24,30.13,5.44,8.69
2023-08-06,Delhi,24,32.44,0.97,9.54
2023-08-07,Delhi,24,32.04,6.86,15.58
2023-08-08,Delhi,24,32.91,12.87,11.25
2023-08-09,Delhi,24,32.46,5.01,11.2
2023-08-10,Delhi,24,32.09,10.56,12.54
2023-08-11,Delhi,24,31.71,12.02,12.13
2023-08-12,Delhi,24,32.84,5.39,14.52
2023-08-13,Delhi,24,33.23,0.67,11.38
2023-08-14,Delhi,24,32.39,22.02,15.88
2023-08-15,Delhi,24,31.93,8.45,17.31
2023-08-16,Delhi,24,30.03,5.3,15.7
2023-08-17,Delhi,24,31.75,4.79,8.74
2023-08-18,Delhi,24,32.57,9.08,10.3
2023-08-19,Delhi,24,32.77,16.82,12.66
2023-08-20,Delhi,24,30.21,13.56,12.31
2023-08-21,Delhi,24,27.38,10.01,11.36
2023-08-22,Delhi,24,26.98,0.49,4.98
2023-08-23,Delhi,24,29.3,39.44,12.84
2023-08-24,Delhi,24,30.42,0.0,3.72
2023-08-25,Delhi,24,28.37,0.0,9.79
2023-08-26,Delhi,24,30.47,0.0,11.32
2023-08-27,Delhi,24,27.39,12.55,9.93
2023-08-28,Delhi,24,27.55,3.1,10.61
2023-08-29,Delhi,24,27.35,19.18,14.62
2023-08-30,Delhi,24,28.55,4.09,11.82
2023-08-31,Delhi,24,25.75,13.39,14.2
2023-09-01,Delhi,24,25.11,10.53,13.94
2023-09-02,Delhi,24,27.5,8.29,11.75
2023-09-03,Delhi,24,27.8,11.42,13.8
2023-09-04,Delhi,24,26.17,0.0,6.2
2023-09-05,Delhi,24,27.13,0.0,6.79
2023-09-06,Delhi,24,30.27,0.0,4.38
2023-09-07,Delhi,24,30.44,0.0,6.48
2023-09-08,Delhi,24,28.36,0.0,7.29
2023-09-09,Delhi,24,33.05,3.12,10.0
2023-09-10,Delhi,24,33.23,7.87,10.5
2023-09-11,Delhi,24,32.48,9.19,12.52
2023-09-12,Delhi,24,31.16,19.1,10.71
2023-09-13,Delhi,24,32.31,0.0,4.76
2023-09-14,Delhi,24,30.69,0.0,6.43
2023-09-15,Delhi,24,31.08,0.0,5.74
2023-09-16,Delhi,24,30.13,0.0,4.42
2023-09-17,Delhi,24,30.12,0.0,6.23
2023-09-18,Delhi,24,29.19,0.0,5.56
2023-09-19,Delhi,24,29.16,0.0,7.0
2023-09-20,Delhi,24,30.58,3.03,5.62
2023-09-21,Delhi,24,29.89,0.0,4.13
2023-09-22,Delhi,24,30.02,0.0,9.74
2023-09-23,Delhi,24,30.01,0.0,2.61
2023-09-24,Delhi,24,30.6,0.0,7.83
2023-09-25,Delhi,24,29.95,0.0,8.97
2023-09-26,Delhi,24,30.42,5.5,10.07
2023-09-27,Delhi,24,27.18,0.0,10.19
2023-09-28,Delhi,24,31.1,0.0,7.03
2023-09-29,Delhi,24,30.65,5.45,6.22
2023-09-30,Delhi,24,29.8,7.62,7.6
2023-10-01,Delhi,24,28.22,0.0,7.47
2023-10-02,Delhi,24,29.24,0.0,5.71
2023-10-03,Delhi,24,25.88,0.0,3.72
2023-10-04,Delhi,24,24.78,0.0,7.3
2023-10-05,Delhi,24,24.54,0.0,4.39
2023-10-06,Delhi,24,24.41,0.0,3.22
2023-10-07,Delhi,24,22.29,0.0,5.53
2023-10-08,Delhi,24,23.09,0.0,5.59
2023-10-09,Delhi,24,26.52,0.0,5.41
2023-10-10,Delhi,24,27.94,0.0,4.0
2023-10-11,Delhi,24,28.06,115.04,22.96
2023-10-12,Delhi,24,25.88,0.0,6.16
2023-10-13,Delhi,24,24.74,0.0,7.11
2023-10-14,Delhi,24,24.39,0.0,7.54
2023-10-15,Delhi,24,24.14,0.0,8.8
2023-10-16,Delhi,24,24.28,0.0,6.47
2023-10-17,Delhi,24,23.56,0.0,6.77
2023-10-18,Delhi,24,22.62,0.0,6.64
2023-10-19,Delhi,24,21.57,0.0,7.66
2023-10-20,Delhi,24,23.98,0.0,9.01
2023-10-21,Delhi,24,22.24,0.0,7.21
2023-10-22,Delhi,24,20.26,0.0,7.49
2023-10-23,Delhi,24,19.34,0.0,5.01
2023-10-24,Delhi,24,20.98,0.0,9.1
2023-10-25,Delhi,24,22.98,0.0,5.82
2023-10-26,Delhi,24,20.71,0.0,7.17
2023-10-27,Delhi,24,22.84,0.0,4.9
2023-10-28,Delhi,24,20.38,0.0,3.6
2023-10-29,Delhi,24,23.25,0.0,4.58
2023-10-30,Delhi,24,24.78,0.0,5.76
2023-10-31,Delhi,24,26.39,0.0,3.61
2023-11-01,Delhi,24,20.08,0.0,3.01
2023-11-02,Delhi,24,20.14,0.0,2.96
2023-11-03,Delhi,24,17.84,0.0,4.86
2023-11-04,Delhi,24,20.34,0.0,5.87
2023-11-05,Delhi,24,19.35,0.0,6.77
2023-11-06,Delhi,24,15.9,0.0,7.52
2023-11-07,Delhi,24,15.74,0.0,4.95
2023-11-08,Delhi,24,16.1,0.0,1.11
2023-11-09,Delhi,24,17.47,0.0,1.96
2023-11-10,Delhi,24,17.9,0.0,3.22
2023-11-11,Delhi,24,17.51,0.0,6.03
2023-11-12,Delhi,24,18.85,0.0,6.52
2023-11-13,Delhi,24,17.2,0.0,2.03
2023-11-14,Delhi,24,19.18,0.0,4.0
2023-11-15,Delhi,24,19.87,0.0,4.38
2023-11-16,Delhi,24,18.67,0.0,3.24
2023-11-17,Delhi,24,16.75,0.0,1.33
2023-11-18,Delhi,24,17.15,0.0,2.39
2023-11-19,Delhi,24,17.05,0.0,4.34
2023-11-20,Delhi,24,17.51,0.0,2.59
2023-11-21,Delhi,24,17.84,0.0,8.14
2023-11-22,Delhi,24,17.77,0.0,10.52
2023-11-23,Delhi,24,19.63,0.0,10.12
2023-11-24,Delhi,24,18.05,0.0,10.12
2023-11-25,Delhi,24,18.6,0.0,14.71
2023-11-26,Delhi,24,18.4,0.0,11.19
2023-11-27,Delhi,24,17.76,0.0,8.37
2023-11-28,Delhi,24,18.86,0.0,10.91
2023-11-29,Delhi,24,20.56,0.0,9.04
2023-11-30,Delhi,24,18.91,0.0,10.58
2023-12-01,Delhi,24,18.2,0.0,10.5
2023-12-02,Delhi,24,17.57,0.0,6.24
2023-12-03,Delhi,24,18.0,0.0,8.29
2023-12-04,Delhi,24,15.37,0.0,5.05
2023-12-05,Delhi,24,13.19,0.0,4.83
2023-12-06,Delhi,24,14.31,0.0,5.67
2023-12-07,Delhi,24,14.87,0.0,8.66
2023-12-08,Delhi,24,15.43,0.0,9.18
2023-12-09,Delhi,24,16.61,0.0,4.5
2023-12-10,Delhi,24,12.85,0.0,3.09
2023-12-11,Delhi,24,11.24,0.0,3.57
2023-12-12,Delhi,24,14.2,0.0,4.57
2023-12-13,Delhi,24,14.0,0.0,7.5
2023-12-14,Delhi,24,15.72,0.0,4.41
2023-12-15,Delhi,24,11.76,0.0,6.19
2023-12-16,Delhi,24,13.98,0.0,5.36
2023-12-17,Delhi,24,13.23,10.6,8.44
2023-12-18,Delhi,24,16.67,0.0,9.18
2023-12-19,Delhi,24,16.86,0.0,4.82
2023-12-20,Delhi,24,16.75,0.0,3.47
2023-12-21,Delhi,24,16.69,0.0,4.79
2023-12-22,Delhi,24,14.1,0.0,4.77
2023-12-23,Delhi,24,15.54,0.0,4.77
2023-12-24,Delhi,24,15.79,0.0,4.81
2023-12-25,Delhi,24,15.2,0.0,6.13
2023-12-26,Delhi,24,14.65,0.0,6.62
2023-12-27,Delhi,24,14.24,0.0,4.98
2023-12-28,Delhi,24,14.84,0.0,3.92
2023-12-29,Delhi,24,14.0,4.01,7.06
2023-12-30,Delhi,24,16.62,0.0,7.25
2023-12-31,Delhi,24,14.96,0.0,8.25
2024-01-01,Delhi,24,14.54,0.0,8.13
2024-01-02,Delhi,24,13.52,0.0,6.33
2024-01-03,Delhi,24,11.74,0.0,7.76
2024-01-04,Delhi,24,12.55,0.0,6.14
2024-01-05,Delhi,24,13.16,0.0,4.09
2024-01-06,Delhi,24,10.9,0.0,8.9
2024-01-07,Delhi,24,12.08,0.0,7.85
2024-01-08,Delhi,24,10.57,0.0,5.2
2024-01-09,Delhi,24,12.02,0.0,5.56
2024-01-10,Delhi,24,12.68,0.0,8.13
2024-01-11,Delhi,24,12.45,0.0,8.51
2024-01-12,Delhi,24,11.39,0.0,9.61
2024-01-13,Delhi,24,10.96,0.0,6.32
2024-01-14,Delhi,24,11.32,0.0,5.72
2024-01-15,Delhi,24,13.89,0.0,6.59
2024-01-16,Delhi,24,14.33,0.0,2.02
2024-01-17,Delhi,24,13.56,0.0,3.32
2024-01-18,Delhi,24,13.16,0.0,7.24
2024-01-19,Delhi,24,13.22,0.0,6.6
2024-01-20,Delhi,24,12.38,0.0,6.85
2024-01-21,Delhi,24,12.96,0.0,10.54
2024-01-22,Delhi,24,11.2,0.0,9.41
2024-01-23,Delhi,24,12.68,0.0,8.66
2024-01-24,Delhi,24,14.64,0.0,2.39
2024-01-25,Delhi,24,13.36,0.0,5.65
2024-01-26,Delhi,24,13.24,0.0,5.43
2024-01-27,Delhi,24,9.29,0.0,4.74
2024-01-28,Delhi,24,11.35,0.0,0.51
2024-01-29,Delhi,24,10.94,0.0,3.57
2024-01-30,Delhi,24,13.75,0.0,6.78
2024-01-31,Delhi,24,14.65,0.0,7.84
2024-02-01,Delhi,24,21.39,0.0,8.96
2024-02-02,Delhi,24,20.01,0.0,7.37
2024-02-03,Delhi,24,19.08,0.0,9.93
2024-02-04,Delhi,24,19.6,0.0,14.03
2024-02-05,Delhi,24,19.99,0.0,11.47
2024-02-06,Delhi,24,20.19,0.0,6.3
2024-02-07,Delhi,24,19.72,0.0,9.32
2024-02-08,Delhi,24,21.57,0.0,6.91
2024-02-09,Delhi,24,19.17,0.0,9.03
2024-02-10,Delhi,24,18.79,0.0,11.21
2024-02-11,Delhi,24,17.97,0.0,10.34
2024-02-12,Delhi,24,18.12,0.0,8.13
2024-02-13,Delhi,24,18.65,0.0,9.3
2024-02-14,Delhi,24,16.33,0.0,7.07
2024-02-15,Delhi,24,16.69,0.0,11.33
2024-02-16,Delhi,24,16.22,0.0,8.58
2024-02-17,Delhi,24,20.31,0.0,7.63
2024-02-18,Delhi,24,18.11,0.0,8.5
2024-02-19,Delhi,24,16.35,0.0,9.49
2024-02-20,Delhi,24,14.47,0.0,12.18
2024-02-21,Delhi,24,17.35,0.0,12.51
2024-02-22,Delhi,24,16.05,0.0,9.59
2024-02-23,Delhi,24,15.81,0.0,9.82
2024-02-24,Delhi,24,14.76,0.0,8.12
2024-02-25,Delhi,24,15.86,0.0,10.93
2024-02-26,Delhi,24,15.6,0.0,6.59
2024-02-27,Delhi,24,17.11,0.0,7.48
2024-02-28,Delhi,24,16.33,0.0,11.83
2024-02-29,Delhi,24,17.2,19.41,10.85
2024-03-01,Delhi,24,25.74,0.0,9.25
2024-03-02,Delhi,24,23.92,0.0,8.53
2024-03-03,Delhi,24,26.04,0.0,8.55
2024-03-04,Delhi,24,24.35,0.0,7.63
2024-03-05,Delhi,24,22.44,0.0,9.86
2024-03-06,Delhi,24,21.83,0.0,8.0
2024-03-07,Delhi,24,26.96,0.0,10.77
2024-03-08,Delhi,24,26.82,0.0,8.38
2024-03-09,Delhi,24,25.11,0.0,9.27
2024-03-10,Delhi,24,26.06,0.0,8.71
2024-03-11,Delhi,24,24.64,0.0,10.46
2024-03-12,Delhi,24,22.93,0.0,14.11
2024-03-13,Delhi,24,21.51,0.0,10.46
2024-03-14,Delhi,24,19.95,0.0,9.56
2024-03-15,Delhi,24,22.98,0.0,6.46
2024-03-16,Delhi,24,22.62,0.0,6.7
2024-03-17,Delhi,24,23.32,0.0,5.4
2024-03-18,Delhi,24,23.08,0.0,5.54
2024-03-19,Delhi,24,22.0,0.0,7.29
2024-03-20,Delhi,24,24.02,0.0,8.0
2024-03-21,Delhi,24,24.33,0.0,5.67
2024-03-22,Delhi,24,28.11,0.0,6.39
2024-03-23,Delhi,24,25.48,0.0,2.16
2024-03-24,Delhi,24,28.54,0.0,6.52
2024-03-25,Delhi,24,26.37,0.0,6.07
2024-03-26,Delhi,24,24.8,0.0,6.87
2024-03-27,Delhi,24,23.86,0.0,5.87
2024-03-28,Delhi,24,23.27,0.0,11.42
2024-03-29,Delhi,24,23.09,0.0,10.66
2024-03-30,Delhi,24,23.58,0.0,13.29
2024-03-31,Delhi,24,25.97,0.0,10.74
2024-04-01,Delhi,24,34.47,0.0,5.63
2024-04-02,Delhi,24,31.29,0.0,8.31
2024-04-03,Delhi,24,33.04,0.0,9.61
2024-04-04,Delhi,24,31.54,8.47,14.81
2024-04-05,Delhi,24,34.48,0.0,10.37
2024-04-06,Delhi,24,30.27,0.0,9.43
2024-04-07,Delhi,24,29.53,0.0,11.34
2024-04-08,Delhi,24,29.17,0.0,8.35
2024-04-09,Delhi,24,29.78,0.0,9.58
2024-04-10,Delhi,24,26.51,0.0,11.22
2024-04-11,Delhi,24,27.11,0.0,13.57
2024-04-12,Delhi,24,28.29,0.0,10.29
2024-04-13,Delhi,24,28.94,0.0,8.56
2024-04-14,Delhi,24,30.06,0.0,9.17
2024-04-15,Delhi,24,28.32,0.0,10.88
2024-04-16,Delhi,24,28.52,0.0,10.84
2024-04-17,Delhi,24,29.69,0.0,12.72
2024-04-18,Delhi,24,30.11,0.0,12.51
2024-04-19,Delhi,24,27.72,0.0,12.36
2024-04-20,Delhi,24,27.27,0.0,14.41
2024-04-21,Delhi,24,28.52,0.0,12.18
2024-04-22,Delhi,24,28.66,0.0,14.51
2024-04-23,Delhi,24,29.4,0.0,15.44
2024-04-24,Delhi,24,29.25,0.0,12.66
2024-04-25,Delhi,24,27.21,0.0,7.78
2024-04-26,Delhi,24,29.03,0.0,10.46
2024-04-27,Delhi,24,30.08,0.0,12.39
2024-04-28,Delhi,24,29.36,0.0,11.84
2024-04-29,Delhi,24,27.76,0.0,13.57
2024-04-30,Delhi,24,27.87,0.0,10.93
2024-05-01,Delhi,24,31.2,0.0,14.61
2024-05-02,Delhi,24,31.73,0.0,12.54
2024-05-03,Delhi,24,30.36,0.0,14.19
2024-05-04,Delhi,24,31.09,0.0,15.7
2024-05-05,Delhi,24,31.84,0.0,16.57
2024-05-06,Delhi,24,31.93,0.0,13.34
2024-05-07,Delhi,24,32.52,0.0,12.01
2024-05-08,Delhi,24,35.94,0.0,13.04
2024-05-09,Delhi,24,37.05,0.0,11.63
2024-05-10,Delhi,24,34.46,0.0,11.04
2024-05-11,Delhi,24,34.34,0.0,12.59
2024-05-12,Delhi,24,34.83,0.0,10.08
2024-05-13,Delhi,24,34.26,0.0,8.67
2024-05-14,Delhi,24,31.77,0.0,7.12
2024-05-15,Delhi,24,34.36,0.0,12.09
2024-05-16,Delhi,24,34.96,0.0,10.95
2024-05-17,Delhi,24,34.4,0.0,10.68
2024-05-18,Delhi,24,33.12,0.0,10.94
2024-05-19,Delhi,24,32.64,0.0,13.04
2024-05-20,Delhi,24,32.6,0.0,13.6
2024-05-21,Delhi,24,33.31,0.0,11.52
2024-05-22,Delhi,24,32.97,0.0,12.92
2024-05-23,Delhi,24,33.27,0.0,9.69
2024-05-24,Delhi,24,33.57,0.0,10.44
2024-05-25,Delhi,24,33.28,0.0,12.31
2024-05-26,Delhi,24,32.16,0.0,11.25
2024-05-27,Delhi,24,31.67,0.0,12.12
2024-05-28,Delhi,24,32.98,0.0,13.64
2024-05-29,Delhi,24,31.47,0.0,10.33
2024-05-30,Delhi,24,31.29,0.0,11.58
2024-05-31,Delhi,24,35.3,0.0,13.14
2024-06-01,Delhi,24,33.91,0.0,11.42
2024-06-02,Delhi,24,33.71,12.66,13.36
2024-06-03,Delhi,24,33.29,0.0,14.35
2024-06-04,Delhi,24,30.75,0.0,15.31
2024-06-05,Delhi,24,31.12,0.0,16.19
2024-06-06,Delhi,24,34.18,0.0,15.57
2024-06-07,Delhi,24,40.04,0.0,14.3
2024-06-08,Delhi,24,38.64,0.0,13.67
2024-06-09,Delhi,24,35.81,0.0,14.78
2024-06-10,Delhi,24,34.11,0.0,15.76
2024-06-11,Delhi,24,32.19,0.0,19.13
2024-06-12,Delhi,24,32.98,0.0,17.7
2024-06-13,Delhi,24,32.77,0.0,15.76
2024-06-14,Delhi,24,33.19,0.0,15.96
2024-06-15,Delhi,24,32.35,2.38,11.33
2024-06-16,Delhi,24,31.32,0.0,12.02
2024-06-17,Delhi,24,31.98,0.0,12.94
2024-06-18,Delhi,24,31.53,0.0,12.81
2024-06-19,Delhi,24,31.42,0.0,13.75
2024-06-20,Delhi,24,33.32,0.0,12.39
2024-06-21,Delhi,24,32.26,0.0,10.67
2024-06-22,Delhi,24,37.03,0.0,12.72
2024-06-23,Delhi,24,37.96,2.46,13.03
2024-06-24,Delhi,24,38.23,0.0,9.79
2024-06-25,Delhi,24,32.23,0.0,12.56
2024-06-26,Delhi,24,35.57,0.0,11.0
2024-06-27,Delhi,24,36.26,0.0,10.37
2024-06-28,Delhi,24,35.16,4.25,12.85
2024-06-29,Delhi,24,34.34,7.59,15.67
2024-06-30,Delhi,24,33.27,2.66,13.65
2024-07-01,Delhi,24,31.08,19.76,13.43
2024-07-02,Delhi,24,29.69,11.89,9.93
2024-07-03,Delhi,24,32.46,23.5,13.16
2024-07-04,Delhi,24,31.84,25.42,15.72
2024-07-05,Delhi,24,34.28,6.83,9.37
2024-07-06,Delhi,24,31.01,6.49,9.23
2024-07-07,Delhi,24,33.12,0.0,11.85
2024-07-08,Delhi,24,31.7,0.0,13.37
2024-07-09,Delhi,24,31.16,0.0,14.02
2024-07-10,Delhi,24,33.43,0.0,13.06
2024-07-11,Delhi,24,34.36,9.38,12.82
2024-07-12,Delhi,24,33.83,13.58,12.61
2024-07-13,Delhi,24,30.59,11.3,12.58
2024-07-14,Delhi,24,28.57,3.66,11.98
2024-07-15,Delhi,24,30.4,0.0,11.32
2024-07-16,Delhi,24,33.35,0.0,12.19
2024-07-17,Delhi,24,32.02,0.0,13.56
2024-07-18,Delhi,24,31.89,0.0,13.94
2024-07-19,Delhi,24,29.28,0.0,12.37
2024-07-20,Delhi,24,29.99,0.0,11.82
2024-07-21,Delhi,24,30.56,0.0,8.46
2024-07-22,Delhi,24,29.53,23.93,13.4
2024-07-23,Delhi,24,31.76,11.86,8.71
2024-07-24,Delhi,24,30.35,1.72,8.86
2024-07-25,Delhi,24,29.28,23.66,12.8
2024-07-26,Delhi,24,29.4,5.42,7.09
2024-07-27,Delhi,24,29.85,9.24,10.13
2024-07-28,Delhi,24,31.2,6.01,14.63
2024-07-29,Delhi,24,28.75,10.06,12.52
2024-07-30,Delhi,24,28.32,8.32,15.18
2024-07-31,Delhi,24,32.2,5.21,12.25
2024-08-01,Delhi,24,31.04,18.98,9.65
2024-08-02,Delhi,24,30.58,29.05,11.56
2024-08-03,Delhi,24,29.56,16.01,8.98
2024-08-04,Delhi,24,30.18,14.75,5.42
2024-08-05,Delhi,24,31.78,14.61,10.12
2024-08-06,Delhi,24,31.7,6.42,12.33
2024-08-07,Delhi,24,31.95,14.31,10.87
2024-08-08,Delhi,24,30.07,4.62,8.7
2024-08-09,Delhi,24,29.9,0.0,8.65
2024-08-10,Delhi,24,31.33,24.59,11.6
2024-08-11,Delhi,24,29.46,23.2,12.19
2024-08-12,Delhi,24,28.64,8.1,9.34
2024-08-13,Delhi,24,30.3,0.0,11.64
2024-08-14,Delhi,24,31.36,0.0,10.55
2024-08-15,Delhi,24,29.64,3.06,9.76
2024-08-16,Delhi,24,30.31,32.94,19.1
2024-08-17,Delhi,24,31.47,1.2,9.93
2024-08-18,Delhi,24,31.44,9.86,13.18
2024-08-19,Delhi,24,30.11,26.33,12.58
2024-08-20,Delhi,24,30.9,19.97,16.11
2024-08-21,Delhi,24,30.15,12.19,14.33
2024-08-22,Delhi,24,29.47,0.0,10.64
2024-08-23,Delhi,24,31.37,0.0,9.82
2024-08-24,Delhi,24,29.33,0.0,9.48
2024-08-25,Delhi,24,33.68,0.0,6.86
2024-08-26,Delhi,24,33.01,0.0,7.39
2024-08-27,Delhi,24,32.2,7.84,9.28
2024-08-28,Delhi,24,32.22,1.54,8.42
2024-08-29,Delhi,24,29.6,13.64,10.16
2024-08-30,Delhi,24,30.01,6.57,6.06
2024-08-31,Delhi,24,28.04,1.62,5.93
2024-09-01,Delhi,24,26.03,0.0,7.86
2024-09-02,Delhi,24,25.95,0.0,5.53
2024-09-03,Delhi,24,27.93,6.98,7.15
2024-09-04,Delhi,24,27.71,0.0,5.92
2024-09-05,Delhi,24,26.22,0.0,9.3
2024-09-06,Delhi,24,28.56,0.0,7.75
2024-09-07,Delhi,24,28.08,0.0,8.67
2024-09-08,Delhi,24,27.97,30.33,14.19
2024-09-09,Delhi,24,29.85,0.0,11.31
2024-09-10,Delhi,24,30.16,0.0,9.44
2024-09-11,Delhi,24,29.8,14.36,9.2
2024-09-12,Delhi,24,30.83,2.28,5.83
2024-09-13,Delhi,24,33.05,1.59,5.64
2024-09-14,Delhi,24,30.2,2.49,7.68
2024-09-15,Delhi,24,31.06,0.0,8.64
2024-09-16,Delhi,24,27.8,0.0,5.96
2024-09-17,Delhi,24,27.48,10.18,7.99
2024-09-18,Delhi,24,28.02,0.0,9.29
2024-09-19,Delhi,24,32.39,21.12,16.44
2024-09-20,Delhi,24,30.66,2.32,13.09
2024-09-21,Delhi,24,31.12,16.6,14.56
2024-09-22,Delhi,24,30.3,0.0,11.86
2024-09-23,Delhi,24,30.08,0.0,11.06
2024-09-24,Delhi,24,30.86,0.0,7.99
2024-09-25,Delhi,24,29.91,0.0,7.98
2024-09-26,Delhi,24,31.26,6.55,9.01
2024-09-27,Delhi,24,29.52,5.35,9.93
2024-09-28,Delhi,24,28.23,0.0,6.89
2024-09-29,Delhi,24,30.77,27.91,15.01
2024-09-30,Delhi,24,30.54,4.46,12.14
2024-10-01,Delhi,24,27.17,0.0,6.86
2024-10-02,Delhi,24,27.25,0.0,8.17
2024-10-03,Delhi,24,26.69,0.0,7.2
2024-10-04,Delhi,24,27.02,0.0,5.41
2024-10-05,Delhi,24,25.84,0.0,5.54
2024-10-06,Delhi,24,24.3,0.0,5.89
2024-10-07,Delhi,24,25.26,0.0,8.3
2024-10-08,Delhi,24,23.79,0.0,4.1
2024-10-09,Delhi,24,23.36,0.0,3.55
2024-10-10,Delhi,24,23.9,0.0,7.5
2024-10-11,Delhi,24,23.77,0.0,4.36
2024-10-12,Delhi,24,25.88,0.0,7.04
2024-10-13,Delhi,24,24.31,0.0,4.93
2024-10-14,Delhi,24,24.56,0.0,0.0
2024-10-15,Delhi,24,25.18,0.0,2.24
2024-10-16,Delhi,24,25.32,0.0,5.32
2024-10-17,Delhi,24,24.32,0.0,6.62
2024-10-18,Delhi,24,25.5,0.0,4.22
2024-10-19,Delhi,24,24.54,0.0,4.03
2024-10-20,Delhi,24,26.07,0.0,5.77
2024-10-21,Delhi,24,23.9,0.0,5.69
2024-10-22,Delhi,24,24.87,0.0,9.26
2024-10-23,Delhi,24,23.94,0.0,7.34
2024-10-24,Delhi,24,25.02,0.0,4.57
2024-10-25,Delhi,24,24.81,0.0,8.79
2024-10-26,Delhi,24,25.07,0.0,9.0
2024-10-27,Delhi,24,24.92,0.0,8.68
2024-10-28,Delhi,24,26.23,0.0,7.36
2024-10-29,Delhi,24,27.67,0.0,8.14
2024-10-30,Delhi,24,26.93,0.0,2.16
2024-10-31,Delhi,24,25.62,0.0,3.6
2024-11-01,Delhi,24,20.23,0.0,2.64
2024-11-02,Delhi,24,17.95,0.0,2.31
2024-11-03,Delhi,24,20.36,0.0,4.6
2024-11-04,Delhi,24,20.42,0.0,7.35
2024-11-05,Delhi,24,21.19,0.0,2.81
2024-11-06,Delhi,24,20.78,0.0,1.61
2024-11-07,Delhi,24,18.35,0.0,5.15
2024-11-08,Delhi,24,20.29,0.0,5.69
2024-11-09,Delhi,24,19.95,0.0,7.86
2024-11-10,Delhi,24,22.77,0.0,5.74
2024-11-11,Delhi,24,20.47,0.0,4.92
2024-11-12,Delhi,24,21.7,0.0,4.6
2024-11-13,Delhi,24,20.54,0.0,1.21
2024-11-14,Delhi,24,20.64,0.0,4.72
2024-11-15,Delhi,24,19.68,0.0,7.43
2024-11-16,Delhi,24,20.75,0.0,6.54
2024-11-17,Delhi,24,21.52,0.0,5.09
2024-11-18,Delhi,24,21.15,0.0,3.99
2024-11-19,Delhi,24,17.81,0.0,5.3
2024-11-20,Delhi,24,20.51,0.0,6.88
2024-11-21,Delhi,24,19.73,0.0,3.37
2024-11-22,Delhi,24,18.31,0.0,1.27
2024-11-23,Delhi,24,18.29,0.0,2.71
2024-11-24,Delhi,24,17.48,0.0,4.65
2024-11-25,Delhi,24,19.25,0.0,6.07
2024-11-26,Delhi,24,18.6,0.0,2.83
2024-11-27,Delhi,24,19.85,0.0,4.25
2024-11-28,Delhi,24,18.28,0.0,4.51
2024-11-29,Delhi,24,18.33,0.0,0.12
2024-11-30,Delhi,24,18.37,0.0,2.44
2024-12-01,Delhi,24,14.46,0.0,7.64
2024-12-02,Delhi,24,16.22,0.0,7.33
2024-12-03,Delhi,24,14.53,0.0,4.69
2024-12-04,Delhi,24,15.37,0.0,4.54
2024-12-05,Delhi,24,16.18,0.0,2.46
2024-12-06,Delhi,24,14.43,0.0,5.15
2024-12-07,Delhi,24,11.49,0.0,4.08
2024-12-08,Delhi,24,14.59,0.0,8.18
2024-12-09,Delhi,24,18.48,0.0,1.1
2024-12-10,Delhi,24,18.11,0.0,6.57
2024-12-11,Delhi,24,16.37,0.0,8.37
2024-12-12,Delhi,24,16.12,0.0,6.22
2024-12-13,Delhi,24,16.08,0.0,5.08
2024-12-14,Delhi,24,15.89,0.0,5.55
2024-12-15,Delhi,24,16.64,0.0,5.06
2024-12-16,Delhi,24,15.38,0.0,4.66
2024-12-17,Delhi,24,13.64,0.0,5.54
2024-12-18,Delhi,24,13.9,0.0,3.23
2024-12-19,Delhi,24,14.02,0.0,7.74
2024-12-20,Delhi,24,11.38,0.0,4.02
2024-12-21,Delhi,24,14.67,0.0,2.57
2024-12-22,Delhi,24,14.56,0.0,2.33
2024-12-23,Delhi,24,15.56,0.0,3.04
2024-12-24,Delhi,24,12.28,0.0,4.92
2024-12-25,Delhi,24,12.48,0.0,8.66
2024-12-26,Delhi,24,14.62,0.0,9.76
2024-12-27,Delhi,24,13.06,0.0,8.29
2024-12-28,Delhi,24,15.07,0.0,6.73
2024-12-29,Delhi,24,14.44,0.0,7.11
2024-12-30,Delhi,24,13.59,0.0,5.04
2024-12-31,Delhi,24,13.18,0.0,7.42
2025-01-01,Delhi,24,14.14,0.0,8.02
2025-01-02,Delhi,24,14.34,0.0,7.18
2025-01-03,Delhi,24,14.4,0.0,4.52
2025-01-04,Delhi,24,16.72,0.0,7.1
2025-01-05,Delhi,24,15.73,0.0,5.19
2025-01-06,Delhi,24,16.81,0.0,3.84
2025-01-07,Delhi,24,14.61,0.0,7.41
2025-01-08,Delhi,24,13.36,0.0,9.55
2025-01-09,Delhi,24,12.94,0.0,7.22
2025-01-10,Delhi,24,12.29,0.0,6.77
2025-01-11,Delhi,24,12.16,0.0,5.6
2025-01-12,Delhi,24,12.29,0.0,4.53
2025-01-13,Delhi,24,11.31,0.0,3.06
2025-01-14,Delhi,24,9.97,0.0,8.19
2025-01-15,Delhi,24,12.15,0.0,9.24
2025-01-16,Delhi,24,11.69,0.0,8.52
2025-01-17,Delhi,24,12.02,0.0,6.31
2025-01-18,Delhi,24,13.02,25.09,11.42
2025-01-19,Delhi,24,13.44,0.0,7.35
2025-01-20,Delhi,24,12.32,0.0,11.17
2025-01-21,Delhi,24,13.4,0.0,7.99
2025-01-22,Delhi,24,13.26,0.0,8.28
2025-01-23,Delhi,24,10.12,0.0,7.59
2025-01-24,Delhi,24,9.5,0.0,9.51
2025-01-25,Delhi,24,10.11,0.0,11.68
2025-01-26,Delhi,24,11.8,0.0,12.33
2025-01-27,Delhi,24,10.56,0.0,8.54
2025-01-28,Delhi,24,11.32,0.0,5.85
2025-01-29,Delhi,24,12.16,0.0,8.84
2025-01-30,Delhi,24,12.12,0.0,6.8
2025-01-31,Delhi,24,11.13,0.0,6.24
2025-02-01,Delhi,24,16.08,16.87,10.47
2025-02-02,Delhi,24,17.44,10.38,5.46
2025-02-03,Delhi,24,15.35,0.0,6.16
2025-02-04,Delhi,24,18.56,0.0,2.68
2025-02-05,Delhi,24,17.38,0.0,2.19
2025-02-06,Delhi,24,17.56,0.0,2.5
2025-02-07,Delhi,24,17.96,0.0,9.86
2025-02-08,Delhi,24,16.24,0.0,11.91
2025-02-09,Delhi,24,17.65,0.0,9.01
2025-02-10,Delhi,24,17.85,0.0,8.24
2025-02-11,Delhi,24,20.14,0.0,8.16
2025-02-12,Delhi,24,20.32,0.0,5.92
2025-02-13,Delhi,24,16.51,0.0,4.57
2025-02-14,Delhi,24,16.62,0.0,6.21
2025-02-15,Delhi,24,16.78,0.0,7.23
2025-02-16,Delhi,24,14.53,0.0,8.14
2025-02-17,Delhi,24,17.02,0.0,9.56
2025-02-18,Delhi,24,16.27,0.0,8.69
2025-02-19,Delhi,24,16.1,0.0,6.51
2025-02-20,Delhi,24,15.99,0.0,9.39
2025-02-21,Delhi,24,15.74,0.0,10.16
2025-02-22,Delhi,24,17.31,0.0,6.7
2025-02-23,Delhi,24,17.01,4.41,8.49
2025-02-24,Delhi,24,15.46,0.0,5.67
2025-02-25,Delhi,24,18.31,0.0,9.73
2025-02-26,Delhi,24,17.23,0.0,8.0
2025-02-27,Delhi,24,20.42,0.0,10.01
2025-02-28,Delhi,24,21.18,0.0,8.23
2025-03-01,Delhi,24,26.42,0.0,8.48
2025-03-02,Delhi,24,24.41,0.0,6.78
2025-03-03,Delhi,24,22.92,0.0,3.99
2025-03-04,Delhi,24,25.44,0.0,5.27
2025-03-05,Delhi,24,23.92,0.0,7.55
2025-03-06,Delhi,24,24.95,0.0,4.89
2025-03-07,Delhi,24,23.11,0.0,6.32
2025-03-08,Delhi,24,24.43,0.0,7.87
2025-03-09,Delhi,24,24.99,0.0,5.89
2025-03-10,Delhi,24,23.83,0.0,6.75
2025-03-11,Delhi,24,23.25,0.0,8.28
2025-03-12,Delhi,24,22.64,0.0,8.24
2025-03-13,Delhi,24,22.28,0.0,10.21
2025-03-14,Delhi,24,21.52,0.0,9.0
2025-03-15,Delhi,24,22.88,0.0,8.04
2025-03-16,Delhi,24,22.38,0.0,9.77
2025-03-17,Delhi,24,23.65,0.0,8.75
2025-03-18,Delhi,24,24.55,0.0,10.84
2025-03-19,Delhi,24,25.51,0.0,11.04
2025-03-20,Delhi,24,23.86,0.0,8.72
2025-03-21,Delhi,24,21.87,0.0,9.74
2025-03-22,Delhi,24,23.45,0.0,12.21
2025-03-23,Delhi,24,23.68,0.0,9.18
2025-03-24,Delhi,24,21.81,0.0,8.72
2025-03-25,Delhi,24,22.45,0.0,6.03
2025-03-26,Delhi,24,20.72,0.0,7.88
2025-03-27,Delhi,24,22.46,0.0,12.79
2025-03-28,Delhi,24,23.2,0.0,7.29
2025-03-29,Delhi,24,24.02,0.0,10.64
2025-03-30,Delhi,24,23.62,0.0,8.05
2025-03-31,Delhi,24,22.81,0.0,10.51
2025-04-01,Delhi,24,33.24,0.0,7.43
2025-04-02,Delhi,24,31.48,0.0,10.53
2025-04-03,Delhi,24,31.37,0.0,8.11
2025-04-04,Delhi,24,33.65,0.0,12.54
2025-04-05,Delhi,24,33.97,2.18,12.86
2025-04-06,Delhi,24,33.41,0.0,10.56
2025-04-07,Delhi,24,36.65,0.0,4.06
2025-04-08,Delhi,24,33.24,0.0,8.34
2025-04-09,Delhi,24,34.57,0.0,10.53
2025-04-10,Delhi,24,34.31,0.0,9.11
2025-04-11,Delhi,24,30.56,0.0,10.25
2025-04-12,Delhi,24,30.66,0.0,8.04
2025-04-13,Delhi,24,28.82,0.0,12.8
2025-04-14,Delhi,24,29.45,10.09,15.48
2025-04-15,Delhi,24,30.48,0.0,13.2
2025-04-16,Delhi,24,34.39,0.0,16.25
2025-04-17,Delhi,24,35.02,0.0,10.94
2025-04-18,Delhi,24,36.86,0.0,11.19
2025-04-19,Delhi,24,33.81,0.0,8.69
2025-04-20,Delhi,24,34.71,0.0,9.77
2025-04-21,Delhi,24,33.51,0.0,9.04
2025-04-22,Delhi,24,31.8,0.0,7.61
2025-04-23,Delhi,24,34.09,0.0,9.31
2025-04-24,Delhi,24,33.81,0.0,7.58
2025-04-25,Delhi,24,30.48,0.0,10.46
2025-04-26,Delhi,24,33.45,0.0,5.76
2025-04-27,Delhi,24,34.43,0.0,11.18
2025-04-28,Delhi,24,29.75,0.0,8.63
2025-04-29,Delhi,24,28.93,0.0,10.74
2025-04-30,Delhi,24,28.76,0.0,9.4
2025-05-01,Delhi,24,34.05,0.0,9.49
2025-05-02,Delhi,24,34.7,0.0,10.5
2025-05-03,Delhi,24,32.34,0.0,11.49
2025-05-04,Delhi,24,33.76,0.0,11.34
2025-05-05,Delhi,24,33.94,0.0,13.33
2025-05-06,Delhi,24,34.55,0.0,12.15
2025-05-07,Delhi,24,33.94,0.0,12.5
2025-05-08,Delhi,24,34.27,0.0,12.88
2025-05-09,Delhi,24,34.86,0.0,13.79
2025-05-10,Delhi,24,34.58,0.0,14.64
2025-05-11,Delhi,24,33.77,0.0,13.69
2025-05-12,Delhi,24,32.46,0.0,11.67
2025-05-13,Delhi,24,32.33,0.0,13.61
2025-05-14,Delhi,24,34.4,0.0,11.36
2025-05-15,Delhi,24,33.92,0.0,13.38
2025-05-16,Delhi,24,32.31,0.0,13.91
2025-05-17,Delhi,24,33.76,0.0,14.38
2025-05-18,Delhi,24,32.01,0.0,15.13
2025-05-19,Delhi,24,34.21,0.0,9.76
2025-05-20,Delhi,24,31.67,0.0,10.44
2025-05-21,Delhi,24,34.12,0.0,12.69
2025-05-22,Delhi,24,33.69,0.0,14.49
2025-05-23,Delhi,24,32.73,0.0,14.03
2025-05-24,Delhi,24,34.69,0.0,14.34
2025-05-25,Delhi,24,35.6,0.0,12.42
2025-05-26,Delhi,24,35.16,0.0,9.57
2025-05-27,Delhi,24,32.58,0.0,13.74
2025-05-28,Delhi,24,33.89,0.0,9.73
2025-05-29,Delhi,24,33.96,10.28,12.32
2025-05-30,Delhi,24,34.12,15.1,17.04
2025-05-31,Delhi,24,34.99,0.0,14.96
2025-06-01,Delhi,24,38.08,0.0,12.03
2025-06-02,Delhi,24,37.09,0.0,14.76
2025-06-03,Delhi,24,37.95,0.0,16.84
2025-06-04,Delhi,24,33.92,17.67,16.97
2025-06-05,Delhi,24,36.71,9.72,13.34
2025-06-06,Delhi,24,37.17,9.93,16.17
2025-06-07,Delhi,24,36.24,0.0,16.5
2025-06-08,Delhi,24,34.07,0.0,16.62
2025-06-09,Delhi,24,34.06,0.0,13.97
2025-06-10,Delhi,24,33.6,3.44,13.62
2025-06-11,Delhi,24,32.4,0.0,14.14
2025-06-12,Delhi,24,33.51,0.0,17.24
2025-06-13,Delhi,24,34.38,0.0,14.3
2025-06-14,Delhi,24,33.2,0.0,17.28
2025-06-15,Delhi,24,31.34,0.0,14.21
2025-06-16,Delhi,24,32.27,0.0,10.93
2025-06-17,Delhi,24,31.61,0.0,15.21
2025-06-18,Delhi,24,27.42,0.0,10.6
2025-06-19,Delhi,24,29.55,23.76,16.79
2025-06-20,Delhi,24,32.39,15.63,12.64
2025-06-21,Delhi,24,32.09,0.0,9.59
2025-06-22,Delhi,24,33.14,5.81,12.99
2025-06-23,Delhi,24,33.76,0.0,13.32
2025-06-24,Delhi,24,34.48,2.57,13.6
2025-06-25,Delhi,24,32.41,0.89,11.63
2025-06-26,Delhi,24,33.31,0.0,14.44
2025-06-27,Delhi,24,35.15,2.99,17.0
2025-06-28,Delhi,24,35.65,3.05,13.69
2025-06-29,Delhi,24,37.43,0.0,11.01
2025-06-30,Delhi,24,33.98,16.76,16.64
2025-07-01,Delhi,24,29.97,0.0,9.5
2025-07-02,Delhi,24,31.16,0.0,10.8
2025-07-03,Delhi,24,31.52,0.0,12.8
2025-07-04,Delhi,24,32.65,0.0,9.27
2025-07-05,Delhi,24,35.38,0.0,8.56
2025-07-06,Delhi,24,31.7,0.0,9.63
2025-07-07,Delhi,24,32.35,0.0,10.57
2025-07-08,Delhi,24,32.98,14.5,11.84
2025-07-09,Delhi,24,30.64,5.3,11.45
2025-07-10,Delhi,24,33.13,1.76,11.54
2025-07-11,Delhi,24,29.57,5.82,12.41
2025-07-12,Delhi,24,31.66,11.63,10.99
2025-07-13,Delhi,24,33.14,0.0,7.45
2025-07-14,Delhi,24,32.5,0.0,7.78
2025-07-15,Delhi,24,32.04,0.0,8.64
2025-07-16,Delhi,24,30.36,0.0,7.6
2025-07-17,Delhi,24,32.93,0.0,10.48
2025-07-18,Delhi,24,33.36,0.0,12.01
2025-07-19,Delhi,24,31.92,0.0,10.64
2025-07-20,Delhi,24,30.59,17.29,12.95
2025-07-21,Delhi,24,28.94,1.72,11.5
2025-07-22,Delhi,24,32.19,4.75,10.1
2025-07-23,Delhi,24,31.58,5.34,12.15
2025-07-24,Delhi,24,33.42,2.82,13.28
2025-07-25,Delhi,24,32.34,6.23,13.17
2025-07-26,Delhi,24,31.11,17.62,14.16
2025-07-27,Delhi,24,29.67,15.25,16.03
2025-07-28,Delhi,24,32.79,11.4,10.77
2025-07-29,Delhi,24,32.3,46.38,18.89
2025-07-30,Delhi,24,33.37,1.68,12.63
2025-07-31,Delhi,24,32.53,21.09,16.54
2025-08-01,Delhi,24,31.83,5.55,11.07
2025-08-02,Delhi,24,32.53,20.07,14.33
2025-08-03,Delhi,24,31.84,8.5,15.58
2025-08-04,Delhi,24,30.79,8.04,14.46
2025-08-05,Delhi,24,31.05,0.0,8.06
2025-08-06,Delhi,24,31.32,0.0,9.66
2025-08-07,Delhi,24,33.13,0.0,11.46
2025-08-08,Delhi,24,30.72,2.31,11.44
2025-08-09,Delhi,24,32.5,13.51,13.34
2025-08-10,Delhi,24,33.23,7.0,9.54
2025-08-11,Delhi,24,30.15,16.84,11.57
2025-08-12,Delhi,24,31.6,8.97,9.1
2025-08-13,Delhi,24,30.53,1.36,8.74
2025-08-14,Delhi,24,30.69,16.42,12.94
2025-08-15,Delhi,24,29.58,6.28,11.21
2025-08-16,Delhi,24,31.31,0.0,10.37
2025-08-17,Delhi,24,31.34,0.0,6.22
2025-08-18,Delhi,24,29.76,0.0,6.58
2025-08-19,Delhi,24,30.07,0.0,12.06
2025-08-20,Delhi,24,30.29,0.0,9.12
2025-08-21,Delhi,24,28.03,0.0,7.93
2025-08-22,Delhi,24,31.02,3.95,8.61
2025-08-23,Delhi,24,29.56,2.24,10.36
2025-08-24,Delhi,24,29.8,6.17,9.72
2025-08-25,Delhi,24,29.01,12.79,9.6
2025-08-26,Delhi,24,27.44,0.0,10.39
2025-08-27,Delhi,24,29.03,6.47,7.13
2025-08-28,Delhi,24,29.9,22.0,10.68
2025-08-29,Delhi,24,29.5,9.34,13.21
2025-08-30,Delhi,24,28.73,4.4,10.8
2025-08-31,Delhi,24,30.69,3.58,10.23
2025-09-01,Delhi,24,29.98,6.66,8.81
2025-09-02,Delhi,24,28.59,0.0,7.79
2025-09-03,Delhi,24,30.79,4.93,12.35
2025-09-04,Delhi,24,31.1,12.79,12.7
2025-09-05,Delhi,24,29.15,10.04,7.71
2025-09-06,Delhi,24,31.03,22.88,10.87
2025-09-07,Delhi,24,28.29,16.03,14.2
2025-09-08,Delhi,24,28.82,0.0,7.62
2025-09-09,Delhi,24,30.53,0.0,8.32
2025-09-10,Delhi,24,29.11,6.58,9.08
2025-09-11,Delhi,24,28.29,10.65,10.06
2025-09-12,Delhi,24,29.56,5.35,11.85
2025-09-13,Delhi,24,28.59,0.0,4.97
2025-09-14,Delhi,24,26.15,0.0,10.59
2025-09-15,Delhi,24,27.72,0.0,9.39
2025-09-16,Delhi,24,29.82,17.49,14.53
2025-09-17,Delhi,24,29.95,0.0,8.89
2025-09-18,Delhi,24,30.23,0.0,8.91
2025-09-19,Delhi,24,31.78,0.0,10.31
2025-09-20,Delhi,24,32.6,0.0,9.26
2025-09-21,Delhi,24,30.49,3.29,6.68
2025-09-22,Delhi,24,29.76,0.0,4.95
2025-09-23,Delhi,24,29.45,0.0,9.89
2025-09-24,Delhi,24,28.74,0.0,5.62
2025-09-25,Delhi,24,28.23,0.0,5.99
2025-09-26,Delhi,24,28.87,0.0,6.43
2025-09-27,Delhi,24,28.04,0.0,7.4
2025-09-28,Delhi,24,29.1,0.0,8.63
2025-09-29,Delhi,24,27.9,0.0,7.77
2025-09-30,Delhi,24,28.28,0.0,2.67
2023-01-01,Delhi,72,14.02,0.0,7.23
2023-01-02,Delhi,72,12.2,0.0,6.18
2023-01-03,Delhi,72,13.34,9.29,9.5
2023-01-04,Delhi,72,14.44,0.0,6.96
2023-01-05,Delhi,72,12.12,0.0,4.41
2023-01-06,Delhi,72,12.61,0.0,1.36
2023-01-07,Delhi,72,12.33,0.0,1.64
2023-01-08,Delhi,72,12.11,0.0,8.58
2023-01-09,Delhi,72,16.02,0.0,8.47
2023-01-10,Delhi,72,13.88,0.0,6.82
2023-01-11,Delhi,72,12.5,0.0,3.79
2023-01-12,Delhi,72,11.13,0.0,6.51
2023-01-13,Delhi,72,13.21,0.0,9.74
2023-01-14,Delhi,72,12.79,0.0,10.27
2023-01-15,Delhi,72,15.0,0.0,5.26
2023-01-16,Delhi,72,15.13,0.0,9.1
2023-01-17,Delhi,72,15.46,0.0,7.14
2023-01-18,Delhi,72,11.16,21.0,11.44
2023-01-19,Delhi,72,13.19,9.81,9.4
2023-01-20,Delhi,72,13.68,0.0,7.0
2023-01-21,Delhi,72,16.39,0.0,11.01
2023-01-22,Delhi,72,15.59,0.0,11.02
2023-01-23,Delhi,72,15.64,0.0,11.77
2023-01-24,Delhi,72,14.26,0.0,8.35
2023-01-25,Delhi,72,12.4,0.0,11.73
2023-01-26,Delhi,72,12.57,0.0,8.07
2023-01-27,Delhi,72,12.37,0.0,6.4
2023-01-28,Delhi,72,13.46,0.0,3.62
2023-01-29,Delhi,72,16.11,0.0,5.96
2023-01-30,Delhi,72,12.77,0.0,5.99
2023-01-31,Delhi,72,14.44,0.0,4.45
2023-02-01,Delhi,72,18.36,0.0,7.99
2023-02-02,Delhi,72,18.27,0.0,6.23
2023-02-03,Delhi,72,18.77,0.0,9.34
2023-02-04,Delhi,72,20.4,0.0,8.57
2023-02-05,Delhi,72,17.18,0.0,4.34
2023-02-06,Delhi,72,16.89,0.0,5.31
2023-02-07,Delhi,72,17.57,0.0,8.02
2023-02-08,Delhi,72,16.77,0.0,6.85
2023-02-09,Delhi,72,18.36,0.0,6.77
2023-02-10,Delhi,72,16.0,0.0,5.5
2023-02-11,Delhi,72,16.97,0.0,7.1
2023-02-12,Delhi,72,17.03,0.0,7.99
2023-02-13,Delhi,72,17.11,0.0,9.21
2023-02-14,Delhi,72,16.08,0.0,10.21
2023-02-15,Delhi,72,16.02,0.0,7.6
2023-02-16,Delhi,72,14.89,0.0,6.82
2023-02-17,Delhi,72,15.83,0.0,6.27
2023-02-18,Delhi,72,16.7,0.0,8.48
2023-02-19,Delhi,72,16.9,21.69,14.43
2023-02-20,Delhi,72,20.85,0.0,9.26
2023-02-21,Delhi,72,19.1,0.0,9.03
2023-02-22,Delhi,72,19.48,0.0,9.0
2023-02-23,Delhi,72,17.54,0.0,9.42
2023-02-24,Delhi,72,14.69,0.0,4.03
2023-02-25,Delhi,72,17.81,0.0,6.31
2023-02-26,Delhi,72,18.44,0.0,6.43
2023-02-27,Delhi,72,15.47,6.38,6.47
2023-02-28,Delhi,72,18.11,0.0,6.41
2023-03-01,Delhi,72,22.97,0.0,7.14
2023-03-02,Delhi,72,24.11,0.0,3.72
2023-03-03,Delhi,72,25.32,0.0,7.32
2023-03-04,Delhi,72,22.79,0.0,9.81
2023-03-05,Delhi,72,21.41,0.0,13.72
2023-03-06,Delhi,72,21.92,0.0,10.69
2023-03-07,Delhi,72,21.0,0.0,9.23
2023-03-08,Delhi,72,20.76,0.0,7.31
2023-03-09,Delhi,72,21.17,0.0,9.85
2023-03-10,Delhi,72,21.41,0.0,9.36
2023-03-11,Delhi,72,25.97,0.0,7.64
2023-03-12,Delhi,72,21.98,0.0,11.18
2023-03-13,Delhi,72,23.29,0.0,10.55
2023-03-14,Delhi,72,20.82,0.0,10.16
2023-03-15,Delhi,72,24.38,0.0,6.01
2023-03-16,Delhi,72,22.98,0.0,9.57
2023-03-17,Delhi,72,23.56,3.47,9.11
2023-03-18,Delhi,72,25.58,20.76,14.01
2023-03-19,Delhi,72,24.74,0.0,15.03
2023-03-20,Delhi,72,24.5,0.0,13.7
2023-03-21,Delhi,72,25.46,0.0,11.62
2023-03-22,Delhi,72,23.35,0.0,11.09
2023-03-23,Delhi,72,25.52,0.0,10.87
2023-03-24,Delhi,72,22.41,0.0,8.79
2023-03-25,Delhi,72,22.0,0.0,9.69
2023-03-26,Delhi,72,23.23,0.0,10.72
2023-03-27,Delhi,72,22.48,0.0,10.41
2023-03-28,Delhi,72,26.13,0.0,11.15
2023-03-29,Delhi,72,23.08,0.0,12.22
2023-03-30,Delhi,72,24.2,25.48,15.53
2023-03-31,Delhi,72,24.85,0.0,11.86
2023-04-01,Delhi,72,30.53,0.0,11.55
2023-04-02,Delhi,72,29.4,0.0,9.71
2023-04-03,Delhi,72,27.56,0.0,7.57
2023-04-04,Delhi,72,29.68,0.0,10.32
2023-04-05,Delhi,72,30.04,0.0,2.51
2023-04-06,Delhi,72,29.34,0.0,9.04
2023-04-07,Delhi,72,28.33,0.0,7.05
2023-04-08,Delhi,72,29.82,0.0,8.84
2023-04-09,Delhi,72,29.71,0.0,6.99
2023-04-10,Delhi,72,29.79,0.0,6.07
2023-04-11,Delhi,72,28.83,0.0,4.51
2023-04-12,Delhi,72,27.63,0.0,6.58
2023-04-13,Delhi,72,30.83,0.0,9.61
2023-04-14,Delhi,72,29.44,0.0,7.31
2023-04-15,Delhi,72,28.23,0.0,6.01
2023-04-16,Delhi,72,27.08,0.0,8.8
2023-04-17,Delhi,72,30.9,0.0,11.81
2023-04-18,Delhi,72,33.22,0.0,10.82
2023-04-19,Delhi,72,30.24,0.0,9.15
2023-04-20,Delhi,72,32.45,0.0,11.32
2023-04-21,Delhi,72,30.05,0.0,9.56
2023-04-22,Delhi,72,28.61,0.0,13.25
2023-04-23,Delhi,72,31.82,0.0,12.96
2023-04-24,Delhi,72,29.56,0.0,12.07
2023-04-25,Delhi,72,29.43,0.0,8.94
2023-04-26,Delhi,72,28.1,0.0,7.03
2023-04-27,Delhi,72,30.68,0.0,10.39
2023-04-28,Delhi,72,30.79,0.0,12.21
2023-04-29,Delhi,72,30.84,0.0,12.2
2023-04-30,Delhi,72,31.16,0.0,9.06
2023-05-01,Delhi,72,36.91,0.0,11.74
2023-05-02,Delhi,72,36.49,0.0,9.82
2023-05-03,Delhi,72,33.87,0.0,11.8
2023-05-04,Delhi,72,32.88,0.0,15.74
2023-05-05,Delhi,72,32.4,0.0,9.77
2023-05-06,Delhi,72,33.97,0.0,11.66
2023-05-07,Delhi,72,31.79,0.0,9.82
2023-05-08,Delhi,72,32.69,0.0,12.02
2023-05-09,Delhi,72,32.22,0.0,11.57
2023-05-10,Delhi,72,33.2,0.0,12.09
2023-05-11,Delhi,72,33.92,0.0,10.66
2023-05-12,Delhi,72,35.38,0.0,10.9
2023-05-13,Delhi,72,35.61,0.0,16.18
2023-05-14,Delhi,72,35.25,0.0,13.7
2023-05-15,Delhi,72,34.46,18.18,18.18
2023-05-16,Delhi,72,34.15,0.0,13.76
2023-05-17,Delhi,72,33.45,0.0,12.14
2023-05-18,Delhi,72,34.42,0.0,11.83
2023-05-19,Delhi,72,30.66,0.0,11.17
2023-05-20,Delhi,72,36.07,0.0,10.85
2023-05-21,Delhi,72,32.76,0.0,9.92
2023-05-22,Delhi,72,33.17,0.0,11.21
2023-05-23,Delhi,72,34.65,0.0,6.97
2023-05-24,Delhi,72,33.25,0.0,12.69
2023-05-25,Delhi,72,33.57,0.0,12.88
2023-05-26,Delhi,72,33.31,0.0,12.25
2023-05-27,Delhi,72,33.86,0.0,12.64
2023-05-28,Delhi,72,32.59,0.0,7.97
2023-05-29,Delhi,72,32.23,0.0,9.31
2023-05-30,Delhi,72,31.09,0.0,11.1
2023-05-31,Delhi,72,34.42,0.0,11.18
2023-06-01,Delhi,72,32.56,0.0,10.1
2023-06-02,Delhi,72,33.93,0.0,12.36
2023-06-03,Delhi,72,32.56,0.0,16.08
2023-06-04,Delhi,72,33.49,0.0,14.77
2023-06-05,Delhi,72,37.37,0.0,14.51
2023-06-06,Delhi,72,37.35,0.0,17.16
2023-06-07,Delhi,72,35.17,0.0,11.91
2023-06-08,Delhi,72,38.65,0.0,12.17
2023-06-09,Delhi,72,38.74,0.0,7.29
2023-06-10,Delhi,72,35.43,0.0,12.15
2023-06-11,Delhi,72,38.34,0.0,8.55
2023-06-12,Delhi,72,35.55,0.0,5.35
2023-06-13,Delhi,72,34.8,0.0,12.51
2023-06-14,Delhi,72,36.23,5.67,11.64
2023-06-15,Delhi,72,35.28,5.69,13.39
2023-06-16,Delhi,72,35.75,0.0,10.44
2023-06-17,Delhi,72,35.99,0.0,11.71
2023-06-18,Delhi,72,36.29,0.0,9.93
2023-06-19,Delhi,72,34.76,0.0,12.47
2023-06-20,Delhi,72,34.57,0.0,12.36
2023-06-21,Delhi,72,34.81,0.0,15.04
2023-06-22,Delhi,72,35.3,0.0,10.5
2023-06-23,Delhi,72,36.98,33.22,20.45
2023-06-24,Delhi,72,34.75,1.85,11.69
2023-06-25,Delhi,72,32.52,0.0,12.76
2023-06-26,Delhi,72,31.61,2.88,11.41
2023-06-27,Delhi,72,31.62,0.0,17.38
2023-06-28,Delhi,72,33.57,0.0,16.95
2023-06-29,Delhi,72,31.85,0.0,17.9
2023-06-30,Delhi,72,32.76,0.0,15.03
2023-07-01,Delhi,72,30.38,7.72,10.89
2023-07-02,Delhi,72,30.36,10.58,11.1
2023-07-03,Delhi,72,29.77,0.0,11.31
2023-07-04,Delhi,72,27.83,10.73,12.73
2023-07-05,Delhi,72,29.69,0.29,11.79
2023-07-06,Delhi,72,32.6,0.0,12.31
2023-07-07,Delhi,72,34.22,2.54,14.02
2023-07-08,Delhi,72,32.4,8.29,16.11
2023-07-09,Delhi,72,32.18,24.31,18.24
2023-07-10,Delhi,72,33.78,24.61,21.55
2023-07-11,Delhi,72,30.6,3.63,14.44
2023-07-12,Delhi,72,30.26,14.77,12.51
2023-07-13,Delhi,72,29.25,10.22,12.16
2023-07-14,Delhi,72,29.64,16.29,14.98
2023-07-15,Delhi,72,31.42,4.42,12.35
2023-07-16,Delhi,72,30.6,1.51,10.75
2023-07-17,Delhi,72,31.56,17.55,11.11
2023-07-18,Delhi,72,30.65,9.94,11.51
2023-07-19,Delhi,72,31.21,7.7,8.93
2023-07-20,Delhi,72,32.72,12.01,12.53
2023-07-21,Delhi,72,32.6,6.29,8.75
2023-07-22,Delhi,72,33.75,0.0,9.27
2023-07-23,Delhi,72,31.87,0.0,8.9
2023-07-24,Delhi,72,32.13,0.0,10.43
2023-07-25,Delhi,72,31.63,0.0,5.24
2023-07-26,Delhi,72,32.82,0.0,8.33
2023-07-27,Delhi,72,32.8,0.0,3.36
2023-07-28,Delhi,72,31.36,0.0,10.37
2023-07-29,Delhi,72,32.25,0.0,8.68
2023-07-30,Delhi,72,32.87,5.04,12.35
2023-07-31,Delhi,72,31.03,9.28,16.67
2023-08-01,Delhi,72,30.12,18.54,14.86
2023-08-02,Delhi,72,30.81,41.33,20.85
2023-08-03,Delhi,72,29.78,4.95,12.21
2023-08-04,Delhi,72,30.67,2.91,10.17
2023-08-05,Delhi,72,29.08,4.85,10.5
2023-08-06,Delhi,72,30.67,0.71,8.24
2023-08-07,Delhi,72,32.61,4.38,12.2
2023-08-08,Delhi,72,32.12,9.38,17.67
2023-08-09,Delhi,72,31.81,5.5,10.96
2023-08-10,Delhi,72,31.35,16.22,11.12
2023-08-11,Delhi,72,32.78,7.27,12.86
2023-08-12,Delhi,72,32.95,5.6,10.93
2023-08-13,Delhi,72,33.41,1.12,10.12
2023-08-14,Delhi,72,32.26,16.55,12.91
2023-08-15,Delhi,72,31.93,5.1,18.06
2023-08-16,Delhi,72,30.73,9.37,15.38
2023-08-17,Delhi,72,31.72,4.0,10.59
2023-08-18,Delhi,72,31.9,9.54,10.46
2023-08-19,Delhi,72,34.07,9.22,13.7
2023-08-20,Delhi,72,30.18,14.56,10.89
2023-08-21,Delhi,72,28.37,4.7,10.04
2023-08-22,Delhi,72,26.22,0.77,6.01
2023-08-23,Delhi,72,29.19,28.54,10.52
2023-08-24,Delhi,72,32.4,0.0,4.61
2023-08-25,Delhi,72,29.26,0.0,9.22
2023-08-26,Delhi,72,29.4,0.0,7.64
2023-08-27,Delhi,72,28.95,10.22,8.33
2023-08-28,Delhi,72,27.98,2.69,11.57
2023-08-29,Delhi,72,27.84,18.66,14.83
2023-08-30,Delhi,72,27.91,3.72,12.04
2023-08-31,Delhi,72,26.02,17.11,16.82
2023-09-01,Delhi,72,26.12,14.31,13.02
2023-09-02,Delhi,72,25.94,7.58,6.42
2023-09-03,Delhi,72,26.88,16.94,12.79
2023-09-04,Delhi,72,27.03,0.0,7.39
2023-09-05,Delhi,72,28.02,0.0,9.77
2023-09-06,Delhi,72,30.13,0.0,9.44
2023-09-07,Delhi,72,29.41,0.0,5.7
2023-09-08,Delhi,72,31.05,0.0,6.66
2023-09-09,Delhi,72,31.29,0.61,6.92
2023-09-10,Delhi,72,33.84,7.7,6.61
2023-09-11,Delhi,72,31.64,6.84,12.39
2023-09-12,Delhi,72,30.54,22.38,13.0
2023-09-13,Delhi,72,31.29,0.0,6.89
2023-09-14,Delhi,72,30.95,0.0,3.54
2023-09-15,Delhi,72,32.13,0.0,4.59
2023-09-16,Delhi,72,31.3,0.0,4.15
2023-09-17,Delhi,72,28.59,0.0,5.65
2023-09-18,Delhi,72,29.52,0.0,5.3
2023-09-19,Delhi,72,29.22,0.0,4.16
2023-09-20,Delhi,72,30.84,4.0,7.44
2023-09-21,Delhi,72,28.64,0.0,6.44
2023-09-22,Delhi,72,29.15,0.0,6.82
2023-09-23,Delhi,72,30.83,0.0,4.01
2023-09-24,Delhi,72,29.51,0.0,7.83
2023-09-25,Delhi,72,30.1,0.0,7.72
2023-09-26,Delhi,72,28.21,10.92,7.89
2023-09-27,Delhi,72,29.41,0.0,9.64
2023-09-28,Delhi,72,30.39,0.0,4.46
2023-09-29,Delhi,72,29.28,6.14,6.55
2023-09-30,Delhi,72,31.69,8.92,8.06
2023-10-01,Delhi,72,25.63,0.0,7.3
2023-10-02,Delhi,72,27.53,0.0,4.63
2023-10-03,Delhi,72,26.04,0.0,5.7
2023-10-04,Delhi,72,24.28,0.0,4.61
2023-10-05,Delhi,72,24.92,0.0,4.02
2023-10-06,Delhi,72,23.31,0.0,1.74
2023-10-07,Delhi,72,23.04,0.0,1.9
2023-10-08,Delhi,72,23.14,0.0,5.93
2023-10-09,Delhi,72,25.37,0.0,4.83
2023-10-10,Delhi,72,30.26,0.0,4.98
2023-10-11,Delhi,72,28.11,148.57,22.55
2023-10-12,Delhi,72,24.76,0.0,7.13
2023-10-13,Delhi,72,24.62,0.0,8.15
2023-10-14,Delhi,72,26.29,0.0,9.62
2023-10-15,Delhi,72,23.57,0.0,9.9
2023-10-16,Delhi,72,23.31,0.0,2.75
2023-10-17,Delhi,72,23.11,0.0,9.3
2023-10-18,Delhi,72,22.86,0.0,7.15
2023-10-19,Delhi,72,24.41,0.0,6.24
2023-10-20,Delhi,72,24.27,0.0,8.42
2023-10-21,Delhi,72,20.94,0.0,7.4
2023-10-22,Delhi,72,20.7,0.0,9.13
2023-10-23,Delhi,72,19.04,0.0,6.33
2023-10-24,Delhi,72,21.24,0.0,5.03
2023-10-25,Delhi,72,22.88,0.0,4.99
2023-10-26,Delhi,72,23.81,0.0,6.43
2023-10-27,Delhi,72,21.22,0.0,5.21
2023-10-28,Delhi,72,21.18,0.0,2.45
2023-10-29,Delhi,72,24.62,0.0,6.19
2023-10-30,Delhi,72,24.46,0.0,6.43
2023-10-31,Delhi,72,26.0,0.0,4.25
2023-11-01,Delhi,72,20.51,0.0,3.42
2023-11-02,Delhi,72,19.04,0.0,0.69
2023-11-03,Delhi,72,17.25,0.0,4.05
2023-11-04,Delhi,72,20.35,0.0,3.12
2023-11-05,Delhi,72,18.74,0.0,2.28
2023-11-06,Delhi,72,15.9,0.0,8.63
2023-11-07,Delhi,72,16.06,0.0,3.89
2023-11-08,Delhi,72,17.84,0.0,1.39
2023-11-09,Delhi,72,17.02,0.0,0.0
2023-11-10,Delhi,72,18.44,0.0,0.0
2023-11-11,Delhi,72,16.7,0.0,3.15
2023-11-12,Delhi,72,17.79,0.0,5.79
2023-11-13,Delhi,72,18.2,0.0,3.62
2023-11-14,Delhi,72,19.96,0.0,2.24
2023-11-15,Delhi,72,19.61,0.0,7.3
2023-11-16,Delhi,72,18.8,0.0,3.55
2023-11-17,Delhi,72,15.6,0.0,1.73
2023-11-18,Delhi,72,17.51,0.0,3.93
2023-11-19,Delhi,72,17.86,0.0,5.62
2023-11-20,Delhi,72,16.94,0.0,3.67
2023-11-21,Delhi,72,19.39,0.0,6.43
2023-11-22,Delhi,72,17.64,0.0,9.94
2023-11-23,Delhi,72,19.13,0.0,11.66
2023-11-24,Delhi,72,17.85,0.0,9.86
2023-11-25,Delhi,72,18.46,0.0,9.52
2023-11-26,Delhi,72,17.65,0.0,9.4
2023-11-27,Delhi,72,18.3,0.0,10.77
2023-11-28,Delhi,72,18.04,0.0,8.17
2023-11-29,Delhi,72,19.52,0.0,8.65
2023-11-30,Delhi,72,21.55,0.0,10.36
2023-12-01,Delhi,72,18.72,0.0,10.1
2023-12-02,Delhi,72,17.89,0.0,8.05
2023-12-03,Delhi,72,17.12,0.0,7.35
2023-12-04,Delhi,72,15.61,0.0,2.49
2023-12-05,Delhi,72,15.32,0.0,5.27
2023-12-06,Delhi,72,14.09,0.0,5.26
2023-12-07,Delhi,72,12.87,0.0,11.57
2023-12-08,Delhi,72,13.6,0.0,11.38
2023-12-09,Delhi,72,14.26,0.0,5.79
2023-12-10,Delhi,72,14.09,0.0,1.75
2023-12-11,Delhi,72,12.32,0.0,5.0
2023-12-12,Delhi,72,13.64,0.0,6.97
2023-12-13,Delhi,72,13.13,0.0,6.71
2023-12-14,Delhi,72,15.35,0.0,5.82
2023-12-15,Delhi,72,12.86,0.0,4.39
2023-12-16,Delhi,72,13.05,0.0,7.11
2023-12-17,Delhi,72,15.55,11.0,9.94
2023-12-18,Delhi,72,17.24,0.0,8.48
2023-12-19,Delhi,72,15.5,0.0,5.44
2023-12-20,Delhi,72,17.21,0.0,3.73
2023-12-21,Delhi,72,18.01,0.0,8.64
2023-12-22,Delhi,72,14.61,0.0,8.84
2023-12-23,Delhi,72,14.33,0.0,6.13
2023-12-24,Delhi,72,15.75,0.0,6.66
2023-12-25,Delhi,72,14.95,0.0,4.98
2023-12-26,Delhi,72,16.04,0.0,5.52
2023-12-27,Delhi,72,16.6,0.0,3.81
2023-12-28,Delhi,72,13.94,0.0,3.29
2023-12-29,Delhi,72,14.7,4.06,5.0
2023-12-30,Delhi,72,15.41,0.0,5.15
2023-12-31,Delhi,72,17.01,0.0,7.99
2024-01-01,Delhi,72,15.42,0.0,7.23
2024-01-02,Delhi,72,13.59,0.0,7.12
2024-01-03,Delhi,72,12.14,0.0,9.64
2024-01-04,Delhi,72,12.52,0.0,5.98
2024-01-05,Delhi,72,12.75,0.0,5.08
2024-01-06,Delhi,72,11.31,0.0,9.72
2024-01-07,Delhi,72,12.23,0.0,9.07
2024-01-08,Delhi,72,9.68,0.0,7.61
2024-01-09,Delhi,72,11.91,0.0,7.83
2024-01-10,Delhi,72,14.44,0.0,7.14
2024-01-11,Delhi,72,12.63,0.0,9.85
2024-01-12,Delhi,72,11.99,0.0,8.59
2024-01-13,Delhi,72,11.87,0.0,7.67
2024-01-14,Delhi,72,12.43,0.0,7.11
2024-01-15,Delhi,72,14.72,0.0,4.56
2024-01-16,Delhi,72,15.62,0.0,5.35
2024-01-17,Delhi,72,13.25,0.0,6.49
2024-01-18,Delhi,72,14.07,0.0,6.65
2024-01-19,Delhi,72,14.3,0.0,5.4
2024-01-20,Delhi,72,12.62,0.0,9.34
2024-01-21,Delhi,72,12.21,0.0,9.97
2024-01-22,Delhi,72,11.16,0.0,8.28
2024-01-23,Delhi,72,13.67,0.0,7.57
2024-01-24,Delhi,72,12.9,0.0,4.67
2024-01-25,Delhi,72,15.41,0.0,7.35
2024-01-26,Delhi,72,12.56,0.0,2.85
2024-01-27,Delhi,72,10.91,0.0,8.02
2024-01-28,Delhi,72,10.35,0.0,3.01
2024-01-29,Delhi,72,9.0,0.0,3.75
2024-01-30,Delhi,72,12.53,0.0,4.19
2024-01-31,Delhi,72,12.75,0.0,5.18
2024-02-01,Delhi,72,19.12,0.0,9.11
2024-02-02,Delhi,72,21.18,0.0,8.92
2024-02-03,Delhi,72,19.31,0.0,7.43
2024-02-04,Delhi,72,21.92,0.0,15.56
2024-02-05,Delhi,72,20.2,0.0,7.51
2024-02-06,Delhi,72,19.74,0.0,5.59
2024-02-07,Delhi,72,20.14,0.0,10.54
2024-02-08,Delhi,72,20.64,0.0,6.92
2024-02-09,Delhi,72,18.78,0.0,8.19
2024-02-10,Delhi,72,20.15,0.0,11.23
2024-02-11,Delhi,72,18.03,0.0,9.85
2024-02-12,Delhi,72,19.25,0.0,7.26
2024-02-13,Delhi,72,18.05,0.0,8.55
2024-02-14,Delhi,72,17.26,0.0,7.21
2024-02-15,Delhi,72,17.25,0.0,9.17
2024-02-16,Delhi,72,14.97,0.0,8.72
2024-02-17,Delhi,72,20.8,0.0,10.12
2024-02-18,Delhi,72,18.3,0.0,9.26
2024-02-19,Delhi,72,17.64,0.0,12.9
2024-02-20,Delhi,72,15.0,0.0,10.78
2024-02-21,Delhi,72,17.99,0.0,9.86
2024-02-22,Delhi,72,13.92,0.0,10.0
2024-02-23,Delhi,72,17.1,0.0,8.42
2024-02-24,Delhi,72,15.41,0.0,11.15
2024-02-25,Delhi,72,17.11,0.0,8.79
2024-02-26,Delhi,72,14.24,0.0,9.96
2024-02-27,Delhi,72,17.24,0.0,6.91
2024-02-28,Delhi,72,16.36,0.0,12.4
2024-02-29,Delhi,72,17.05,8.85,9.93
2024-03-01,Delhi,72,25.9,0.0,7.26
2024-03-02,Delhi,72,23.16,0.0,8.78
2024-03-03,Delhi,72,25.84,0.0,7.61
2024-03-04,Delhi,72,25.82,0.0,9.22
2024-03-05,Delhi,72,23.92,0.0,7.07
2024-03-06,Delhi,72,22.89,0.0,6.96
2024-03-07,Delhi,72,24.93,0.0,10.05
2024-03-08,Delhi,72,25.59,0.0,8.23
2024-03-09,Delhi,72,24.11,0.0,11.21
2024-03-10,Delhi,72,26.2,0.0,9.0
2024-03-11,Delhi,72,23.61,0.0,11.12
2024-03-12,Delhi,72,20.65,0.0,8.3
2024-03-13,Delhi,72,22.03,0.0,8.39
2024-03-14,Delhi,72,19.36,0.0,10.59
2024-03-15,Delhi,72,23.12,0.0,4.52
2024-03-16,Delhi,72,21.55,0.0,5.43
2024-03-17,Delhi,72,25.39,0.0,5.98
2024-03-18,Delhi,72,23.77,0.0,3.74
2024-03-19,Delhi,72,22.44,0.0,6.9
2024-03-20,Delhi,72,23.05,0.0,8.2
2024-03-21,Delhi,72,23.93,0.0,9.29
2024-03-22,Delhi,72,25.64,0.0,3.76
2024-03-23,Delhi,72,26.69,0.0,2.89
2024-03-24,Delhi,72,24.98,0.0,3.15
2024-03-25,Delhi,72,26.49,0.0,10.22
2024-03-26,Delhi,72,24.81,0.0,6.37
2024-03-27,Delhi,72,24.58,0.0,7.25
2024-03-28,Delhi,72,23.35,0.0,14.22
2024-03-29,Delhi,72,22.57,0.0,7.38
2024-03-30,Delhi,72,24.34,0.0,9.99
2024-03-31,Delhi,72,23.53,0.0,10.74
2024-04-01,Delhi,72,34.12,0.0,7.72
2024-04-02,Delhi,72,31.55,0.0,5.1
2024-04-03,Delhi,72,34.0,0.0,10.98
2024-04-04,Delhi,72,30.78,9.12,13.17
2024-04-05,Delhi,72,34.11,0.0,8.59
2024-04-06,Delhi,72,31.26,0.0,11.15
2024-04-07,Delhi,72,29.32,0.0,13.71
2024-04-08,Delhi,72,28.71,0.0,9.61
2024-04-09,Delhi,72,29.94,0.0,12.18
2024-04-10,Delhi,72,29.62,0.0,12.26
2024-04-11,Delhi,72,27.07,0.0,13.68
2024-04-12,Delhi,72,30.51,0.0,9.4
2024-04-13,Delhi,72,28.9,0.0,9.56
2024-04-14,Delhi,72,27.47,0.0,6.81
2024-04-15,Delhi,72,27.38,0.0,11.52
2024-04-16,Delhi,72,27.29,0.0,10.68
2024-04-17,Delhi,72,30.52,0.0,12.72
2024-04-18,Delhi,72,29.5,0.0,10.12
2024-04-19,Delhi,72,27.64,0.0,14.66
2024-04-20,Delhi,72,28.02,0.0,15.44
2024-04-21,Delhi,72,28.21,0.0,13.38
2024-04-22,Delhi,72,27.36,0.0,17.12
2024-04-23,Delhi,72,28.87,0.0,11.81
2024-04-24,Delhi,72,28.62,0.0,12.24
2024-04-25,Delhi,72,27.73,0.0,7.95
2024-04-26,Delhi,72,28.13,0.0,11.18
2024-04-27,Delhi,72,30.08,0.0,12.18
2024-04-28,Delhi,72,28.02,0.0,11.14
2024-04-29,Delhi,72,27.99,0.0,14.66
2024-04-30,Delhi,72,28.24,0.0,12.65
2024-05-01,Delhi,72,32.73,0.0,14.78
2024-05-02,Delhi,72,33.94,0.0,9.07
2024-05-03,Delhi,72,29.95,0.0,13.28
2024-05-04,Delhi,72,29.41,0.0,10.93
2024-05-05,Delhi,72,31.83,0.0,13.57
2024-05-06,Delhi,72,31.16,0.0,11.55
2024-05-07,Delhi,72,35.53,0.0,9.88
2024-05-08,Delhi,72,34.52,0.0,15.38
2024-05-09,Delhi,72,36.88,0.0,11.12
2024-05-10,Delhi,72,35.2,0.0,11.08
2024-05-11,Delhi,72,33.84,0.0,11.6
2024-05-12,Delhi,72,34.7,0.0,8.91
2024-05-13,Delhi,72,32.37,0.0,10.33
2024-05-14,Delhi,72,33.71,0.0,10.99
2024-05-15,Delhi,72,33.07,0.0,11.92
2024-05-16,Delhi,72,34.55,0.0,14.03
2024-05-17,Delhi,72,34.14,0.0,11.8
2024-05-18,Delhi,72,34.34,0.0,10.82
2024-05-19,Delhi,72,30.72,0.0,10.78
2024-05-20,Delhi,72,32.24,0.0,12.41
2024-05-21,Delhi,72,32.73,0.0,13.3
2024-05-22,Delhi,72,33.9,0.0,14.06
2024-05-23,Delhi,72,32.07,0.0,12.17
2024-05-24,Delhi,72,32.16,0.0,6.1
2024-05-25,Delhi,72,33.34,0.0,15.32
2024-05-26,Delhi,72,30.59,0.0,12.12
2024-05-27,Delhi,72,33.15,0.0,12.28
2024-05-28,Delhi,72,31.41,0.0,16.3
2024-05-29,Delhi,72,30.61,0.0,11.18
2024-05-30,Delhi,72,32.85,0.0,10.88
2024-05-31,Delhi,72,33.64,0.0,9.88
2024-06-01,Delhi,72,34.89,0.0,12.82
2024-06-02,Delhi,72,35.12,9.38,13.19
2024-06-03,Delhi,72,32.23,0.0,12.08
2024-06-04,Delhi,72,32.09,0.0,16.52
2024-06-05,Delhi,72,31.49,0.0,16.45
2024-06-06,Delhi,72,33.58,0.0,15.29
2024-06-07,Delhi,72,38.35,0.0,15.85
2024-06-08,Delhi,72,37.71,0.0,12.68
2024-06-09,Delhi,72,34.15,0.0,14.61
2024-06-10,Delhi,72,32.84,0.0,16.43
2024-06-11,Delhi,72,34.24,0.0,17.21
2024-06-12,Delhi,72,33.9,0.0,17.57
2024-06-13,Delhi,72,32.67,0.0,16.55
2024-06-14,Delhi,72,33.28,0.0,15.16
2024-06-15,Delhi,72,32.17,1.34,11.05
2024-06-16,Delhi,72,32.62,0.0,13.94
2024-06-17,Delhi,72,32.75,0.0,12.21
2024-06-18,Delhi,72,31.87,0.0,11.54
2024-06-19,Delhi,72,32.15,0.0,11.72
2024-06-20,Delhi,72,32.93,0.0,13.41
2024-06-21,Delhi,72,32.71,0.0,8.71
2024-06-22,Delhi,72,38.1,0.0,12.22
2024-06-23,Delhi,72,38.6,1.67,13.83
2024-06-24,Delhi,72,38.18,0.0,13.08
2024-06-25,Delhi,72,34.39,0.0,12.2
2024-06-26,Delhi,72,35.87,0.0,12.8
2024-06-27,Delhi,72,37.47,0.0,7.58
2024-06-28,Delhi,72,33.57,4.49,10.93
2024-06-29,Delhi,72,35.93,7.5,11.81
2024-06-30,Delhi,72,33.51,3.62,12.58
2024-07-01,Delhi,72,30.89,28.85,13.91
2024-07-02,Delhi,72,32.54,5.09,11.15
2024-07-03,Delhi,72,31.12,28.02,13.4
2024-07-04,Delhi,72,34.88,31.68,15.15
2024-07-05,Delhi,72,33.71,4.52,11.07
2024-07-06,Delhi,72,33.83,4.02,11.76
2024-07-07,Delhi,72,31.71,0.0,10.48
2024-07-08,Delhi,72,32.41,0.0,11.28
2024-07-09,Delhi,72,32.48,0.0,13.92
2024-07-10,Delhi,72,32.75,0.0,15.03
2024-07-11,Delhi,72,33.77,6.9,10.59
2024-07-12,Delhi,72,32.55,13.69,9.36
2024-07-13,Delhi,72,29.93,9.49,13.28
2024-07-14,Delhi,72,29.25,4.04,7.9
2024-07-15,Delhi,72,31.8,0.0,14.17
2024-07-16,Delhi,72,31.97,0.0,10.62
2024-07-17,Delhi,72,31.9,0.0,14.24
2024-07-18,Delhi,72,30.75,0.0,14.12
2024-07-19,Delhi,72,30.12,0.0,13.28
2024-07-20,Delhi,72,31.64,0.0,10.35
2024-07-21,Delhi,72,30.04,0.0,12.8
2024-07-22,Delhi,72,30.6,26.74,11.78
2024-07-23,Delhi,72,32.9,10.59,7.89
2024-07-24,Delhi,72,32.32,1.0,7.34
2024-07-25,Delhi,72,27.86,20.92,12.25
2024-07-26,Delhi,72,27.99,3.83,9.15
2024-07-27,Delhi,72,29.21,11.65,7.91
2024-07-28,Delhi,72,28.12,5.95,14.47
2024-07-29,Delhi,72,28.34,12.2,14.93
2024-07-30,Delhi,72,27.21,7.61,7.78
2024-07-31,Delhi,72,29.26,4.05,11.93
2024-08-01,Delhi,72,30.83,19.53,11.14
2024-08-02,Delhi,72,31.74,23.28,12.82
2024-08-03,Delhi,72,29.84,17.24,8.37
2024-08-04,Delhi,72,29.32,11.84,3.47
2024-08-05,Delhi,72,33.2,15.02,11.67
2024-08-06,Delhi,72,31.73,4.03,11.74
2024-08-07,Delhi,72,31.49,13.46,10.53
2024-08-08,Delhi,72,30.16,2.64,10.4
2024-08-09,Delhi,72,30.25,0.0,10.85
2024-08-10,Delhi,72,31.39,21.98,13.81
2024-08-11,Delhi,72,29.9,21.44,12.54
2024-08-12,Delhi,72,28.88,8.32,8.81
2024-08-13,Delhi,72,30.16,0.0,12.57
2024-08-14,Delhi,72,32.94,0.0,12.43
2024-08-15,Delhi,72,28.79,2.47,9.8
2024-08-16,Delhi,72,30.27,17.93,16.8
2024-08-17,Delhi,72,30.43,1.44,13.36
2024-08-18,Delhi,72,29.51,9.91,13.37
2024-08-19,Delhi,72,29.35,22.17,13.08
2024-08-20,Delhi,72,31.11,26.76,13.49
2024-08-21,Delhi,72,30.21,14.87,14.07
2024-08-22,Delhi,72,27.94,0.0,11.4
2024-08-23,Delhi,72,30.19,0.0,11.25
2024-08-24,Delhi,72,30.17,0.0,10.8
2024-08-25,Delhi,72,32.37,0.0,8.57
2024-08-26,Delhi,72,32.72,0.0,9.79
2024-08-27,Delhi,72,32.05,6.93,11.91
2024-08-28,Delhi,72,31.99,3.6,8.36
2024-08-29,Delhi,72,29.04,15.76,11.34
2024-08-30,Delhi,72,28.46,5.42,7.69
2024-08-31,Delhi,72,26.39,0.99,11.99
2024-09-01,Delhi,72,24.95,0.0,8.72
2024-09-02,Delhi,72,26.21,0.0,5.96
2024-09-03,Delhi,72,26.3,8.42,8.1
2024-09-04,Delhi,72,25.46,0.0,7.69
2024-09-05,Delhi,72,28.17,0.0,7.86
2024-09-06,Delhi,72,26.88,0.0,5.09
2024-09-07,Delhi,72,31.0,0.0,8.03
2024-09-08,Delhi,72,27.44,40.74,18.11
2024-09-09,Delhi,72,27.58,0.0,11.87
2024-09-10,Delhi,72,30.95,0.0,9.75
2024-09-11,Delhi,72,29.5,15.44,10.76
2024-09-12,Delhi,72,30.74,2.27,5.71
2024-09-13,Delhi,72,32.79,2.61,6.9
2024-09-14,Delhi,72,32.31,5.29,7.29
2024-09-15,Delhi,72,30.73,0.0,8.98
2024-09-16,Delhi,72,28.42,0.0,4.94
2024-09-17,Delhi,72,29.94,9.74,8.37
2024-09-18,Delhi,72,29.69,0.0,6.86
2024-09-19,Delhi,72,30.72,34.49,16.37
2024-09-20,Delhi,72,31.73,2.59,14.24
2024-09-21,Delhi,72,30.74,23.17,15.87
2024-09-22,Delhi,72,30.46,0.0,10.54
2024-09-23,Delhi,72,32.37,0.0,11.16
2024-09-24,Delhi,72,30.8,0.0,11.12
2024-09-25,Delhi,72,30.07,0.0,9.83
2024-09-26,Delhi,72,29.15,9.31,10.06
2024-09-27,Delhi,72,30.86,4.46,6.3
2024-09-28,Delhi,72,29.78,0.0,8.51
2024-09-29,Delhi,72,28.8,29.09,13.53
2024-09-30,Delhi,72,29.21,3.11,13.49
2024-10-01,Delhi,72,25.04,0.0,6.08
2024-10-02,Delhi,72,25.92,0.0,7.16
2024-10-03,Delhi,72,27.17,0.0,8.15
2024-10-04,Delhi,72,26.06,0.0,6.28
2024-10-05,Delhi,72,26.7,0.0,7.69
2024-10-06,Delhi,72,24.34,0.0,5.87
2024-10-07,Delhi,72,24.48,0.0,8.88
2024-10-08,Delhi,72,23.7,0.0,6.52
2024-10-09,Delhi,72,24.83,0.0,5.15
2024-10-10,Delhi,72,24.7,0.0,3.41
2024-10-11,Delhi,72,22.42,0.0,1.71
2024-10-12,Delhi,72,25.19,0.0,8.27
2024-10-13,Delhi,72,25.82,0.0,4.03
2024-10-14,Delhi,72,23.45,0.0,0.0
2024-10-15,Delhi,72,25.48,0.0,5.99
2024-10-16,Delhi,72,24.01,0.0,1.79
2024-10-17,Delhi,72,24.63,0.0,8.26
2024-10-18,Delhi,72,23.39,0.0,10.24
2024-10-19,Delhi,72,26.37,0.0,5.31
2024-10-20,Delhi,72,25.23,0.0,3.62
2024-10-21,Delhi,72,24.75,0.0,7.53
2024-10-22,Delhi,72,23.98,0.0,8.16
2024-10-23,Delhi,72,24.28,0.0,7.58
2024-10-24,Delhi,72,25.66,0.0,5.5
2024-10-25,Delhi,72,24.92,0.0,9.41
2024-10-26,Delhi,72,24.38,0.0,6.97
2024-10-27,Delhi,72,24.62,0.0,8.82
2024-10-28,Delhi,72,27.22,0.0,7.34
2024-10-29,Delhi,72,27.69,0.0,6.71
2024-10-30,Delhi,72,26.48,0.0,5.75
2024-10-31,Delhi,72,26.55,0.0,1.5
2024-11-01,Delhi,72,21.38,0.0,4.57
2024-11-02,Delhi,72,19.54,0.0,1.83
2024-11-03,Delhi,72,19.83,0.0,2.79
2024-11-04,Delhi,72,21.39,0.0,7.92
2024-11-05,Delhi,72,20.48,0.0,4.61
2024-11-06,Delhi,72,19.74,0.0,3.15
2024-11-07,Delhi,72,17.66,0.0,4.03
2024-11-08,Delhi,72,19.05,0.0,6.68
2024-11-09,Delhi,72,17.73,0.0,4.72
2024-11-10,Delhi,72,21.86,0.0,6.32
2024-11-11,Delhi,72,20.43,0.0,4.21
2024-11-12,Delhi,72,18.49,0.0,1.57
2024-11-13,Delhi,72,19.34,0.0,0.88
2024-11-14,Delhi,72,20.63,0.0,3.99
2024-11-15,Delhi,72,21.28,0.0,5.79
2024-11-16,Delhi,72,19.78,0.0,6.93
2024-11-17,Delhi,72,21.21,0.0,7.31
2024-11-18,Delhi,72,19.51,0.0,4.83
2024-11-19,Delhi,72,19.18,0.0,4.63
2024-11-20,Delhi,72,19.97,0.0,7.16
2024-11-21,Delhi,72,18.98,0.0,3.75
2024-11-22,Delhi,72,18.77,0.0,2.14
2024-11-23,Delhi,72,17.79,0.0,2.14
2024-11-24,Delhi,72,18.11,0.0,5.92
2024-11-25,Delhi,72,18.09,0.0,4.95
2024-11-26,Delhi,72,17.45,0.0,3.89
2024-11-27,Delhi,72,20.1,0.0,3.48
2024-11-28,Delhi,72,17.98,0.0,3.48
2024-11-29,Delhi,72,20.22,0.0,4.62
2024-11-30,Delhi,72,18.62,0.0,4.34
2024-12-01,Delhi,72,16.42,0.0,5.96
2024-12-02,Delhi,72,15.04,0.0,8.02
2024-12-03,Delhi,72,13.99,0.0,4.84
2024-12-04,Delhi,72,16.13,0.0,3.97
2024-12-05,Delhi,72,14.81,0.0,3.75
2024-12-06,Delhi,72,13.6,0.0,4.75
2024-12-07,Delhi,72,12.99,0.0,3.76
2024-12-08,Delhi,72,15.17,0.0,6.68
2024-12-09,Delhi,72,18.91,0.0,5.88
2024-12-10,Delhi,72,18.26,0.0,3.05
2024-12-11,Delhi,72,15.27,0.0,8.87
2024-12-12,Delhi,72,16.48,0.0,6.78
2024-12-13,Delhi,72,14.61,0.0,5.89
2024-12-14,Delhi,72,16.47,0.0,6.03
2024-12-15,Delhi,72,17.07,0.0,8.14
2024-12-16,Delhi,72,14.98,0.0,4.21
2024-12-17,Delhi,72,13.95,0.0,4.8
2024-12-18,Delhi,72,14.02,0.0,5.79
2024-12-19,Delhi,72,12.43,0.0,7.87
2024-12-20,Delhi,72,11.89,0.0,5.82
2024-12-21,Delhi,72,14.73,0.0,0.0
2024-12-22,Delhi,72,12.66,0.0,1.63
2024-12-23,Delhi,72,15.44,0.0,2.77
2024-12-24,Delhi,72,13.18,0.0,2.46
2024-12-25,Delhi,72,14.23,0.0,5.43
2024-12-26,Delhi,72,13.64,0.0,9.59
2024-12-27,Delhi,72,16.64,0.0,8.7
2024-12-28,Delhi,72,14.88,0.0,4.6
2024-12-29,Delhi,72,15.33,0.0,3.68
2024-12-30,Delhi,72,13.96,0.0,6.59
2024-12-31,Delhi,72,13.71,0.0,6.47
2025-01-01,Delhi,72,12.32,0.0,7.24
2025-01-02,Delhi,72,16.29,0.0,3.92
2025-01-03,Delhi,72,14.64,0.0,9.31
2025-01-04,Delhi,72,16.0,0.0,10.97
2025-01-05,Delhi,72,15.22,0.0,4.62
2025-01-06,Delhi,72,15.87,0.0,4.67
2025-01-07,Delhi,72,12.3,0.0,5.94
2025-01-08,Delhi,72,13.91,0.0,7.96
2025-01-09,Delhi,72,12.19,0.0,3.53
2025-01-10,Delhi,72,13.48,0.0,6.14
2025-01-11,Delhi,72,11.4,0.0,7.41
2025-01-12,Delhi,72,10.74,0.0,4.79
2025-01-13,Delhi,72,11.09,0.0,6.11
2025-01-14,Delhi,72,11.13,0.0,7.03
2025-01-15,Delhi,72,10.62,0.0,6.51
2025-01-16,Delhi,72,10.93,0.0,9.75
2025-01-17,Delhi,72,12.3,0.0,8.07
2025-01-18,Delhi,72,12.77,30.42,9.55
2025-01-19,Delhi,72,13.92,0.0,6.99
2025-01-20,Delhi,72,12.84,0.0,10.99
2025-01-21,Delhi,72,13.7,0.0,9.09
2025-01-22,Delhi,72,12.0,0.0,9.59
2025-01-23,Delhi,72,9.66,0.0,7.61
2025-01-24,Delhi,72,9.01,0.0,9.46
2025-01-25,Delhi,72,9.49,0.0,10.65
2025-01-26,Delhi,72,11.64,0.0,8.72
2025-01-27,Delhi,72,10.44,0.0,7.69
2025-01-28,Delhi,72,12.51,0.0,7.73
2025-01-29,Delhi,72,11.45,0.0,7.05
2025-01-30,Delhi,72,10.91,0.0,5.08
2025-01-31,Delhi,72,12.64,0.0,5.13
2025-02-01,Delhi,72,14.83,21.86,12.34
2025-02-02,Delhi,72,16.71,10.44,9.45
2025-02-03,Delhi,72,15.26,0.0,7.65
2025-02-04,Delhi,72,17.59,0.0,6.9
2025-02-05,Delhi,72,16.28,0.0,3.16
2025-02-06,Delhi,72,19.14,0.0,5.44
2025-02-07,Delhi,72,16.57,0.0,4.63
2025-02-08,Delhi,72,15.42,0.0,8.97
2025-02-09,Delhi,72,16.81,0.0,8.66
2025-02-10,Delhi,72,20.55,0.0,6.23
2025-02-11,Delhi,72,18.01,0.0,6.81
2025-02-12,Delhi,72,17.77,0.0,10.09
2025-02-13,Delhi,72,18.43,0.0,4.88
2025-02-14,Delhi,72,16.26,0.0,7.6
2025-02-15,Delhi,72,14.66,0.0,5.18
2025-02-16,Delhi,72,15.79,0.0,9.18
2025-02-17,Delhi,72,16.82,0.0,7.43
2025-02-18,Delhi,72,15.17,0.0,8.8
2025-02-19,Delhi,72,15.95,0.0,9.0
2025-02-20,Delhi,72,16.81,0.0,7.15
2025-02-21,Delhi,72,15.37,0.0,7.63
2025-02-22,Delhi,72,16.68,0.0,6.82
2025-02-23,Delhi,72,16.95,3.75,10.55
2025-02-24,Delhi,72,18.32,0.0,6.04
2025-02-25,Delhi,72,17.82,0.0,7.59
2025-02-26,Delhi,72,17.95,0.0,8.16
2025-02-27,Delhi,72,21.05,0.0,8.25
2025-02-28,Delhi,72,21.28,0.0,7.73
2025-03-01,Delhi,72,28.22,0.0,7.78
2025-03-02,Delhi,72,25.73,0.0,7.48
2025-03-03,Delhi,72,23.91,0.0,5.95
2025-03-04,Delhi,72,26.13,0.0,9.55
2025-03-05,Delhi,72,25.67,0.0,7.85
2025-03-06,Delhi,72,24.66,0.0,6.87
2025-03-07,Delhi,72,24.17,0.0,6.27
2025-03-08,Delhi,72,22.57,0.0,8.72
2025-03-09,Delhi,72,24.44,0.0,8.73
2025-03-10,Delhi,72,24.85,0.0,6.74
2025-03-11,Delhi,72,23.56,0.0,6.73
2025-03-12,Delhi,72,22.39,0.0,8.46
2025-03-13,Delhi,72,22.32,0.0,9.85
2025-03-14,Delhi,72,21.97,0.0,7.84
2025-03-15,Delhi,72,23.06,0.0,7.57
2025-03-16,Delhi,72,22.09,0.0,12.0
2025-03-17,Delhi,72,22.49,0.0,11.88
2025-03-18,Delhi,72,24.17,0.0,11.99
2025-03-19,Delhi,72,24.09,0.0,13.97
2025-03-20,Delhi,72,23.23,0.0,9.33
2025-03-21,Delhi,72,22.13,0.0,8.64
2025-03-22,Delhi,72,24.23,0.0,13.6
2025-03-23,Delhi,72,24.01,0.0,12.13
2025-03-24,Delhi,72,23.44,0.0,9.19
2025-03-25,Delhi,72,22.89,0.0,7.35
2025-03-26,Delhi,72,22.74,0.0,7.37
2025-03-27,Delhi,72,22.0,0.0,9.99
2025-03-28,Delhi,72,22.01,0.0,8.99
2025-03-29,Delhi,72,24.72,0.0,11.34
2025-03-30,Delhi,72,23.25,0.0,6.88
2025-03-31,Delhi,72,25.47,0.0,10.12
2025-04-01,Delhi,72,33.18,0.0,9.99
2025-04-02,Delhi,72,30.37,0.0,10.26
2025-04-03,Delhi,72,30.76,0.0,9.0
2025-04-04,Delhi,72,31.72,0.0,13.08
2025-04-05,Delhi,72,33.74,3.11,11.68
2025-04-06,Delhi,72,32.51,0.0,9.79
2025-04-07,Delhi,72,35.67,0.0,3.13
2025-04-08,Delhi,72,34.11,0.0,9.94
2025-04-09,Delhi,72,34.82,0.0,11.0
2025-04-10,Delhi,72,33.82,0.0,8.55
2025-04-11,Delhi,72,30.6,0.0,11.26
2025-04-12,Delhi,72,30.89,0.0,9.48
2025-04-13,Delhi,72,27.92,0.0,11.31
2025-04-14,Delhi,72,29.1,14.49,14.73
2025-04-15,Delhi,72,32.86,0.0,14.62
2025-04-16,Delhi,72,33.66,0.0,13.17
2025-04-17,Delhi,72,35.66,0.0,9.41
2025-04-18,Delhi,72,37.48,0.0,11.07
2025-04-19,Delhi,72,34.89,0.0,11.44
2025-04-20,Delhi,72,33.31,0.0,8.79
2025-04-21,Delhi,72,33.28,0.0,8.26
2025-04-22,Delhi,72,31.98,0.0,8.58
2025-04-23,Delhi,72,34.08,0.0,10.34
2025-04-24,Delhi,72,32.66,0.0,4.57
2025-04-25,Delhi,72,31.51,0.0,9.54
2025-04-26,Delhi,72,35.12,0.0,8.62
2025-04-27,Delhi,72,31.71,0.0,7.81
2025-04-28,Delhi,72,30.25,0.0,10.15
2025-04-29,Delhi,72,28.7,0.0,8.61
2025-04-30,Delhi,72,29.71,0.0,13.49
2025-05-01,Delhi,72,32.55,0.0,12.65
2025-05-02,Delhi,72,32.55,0.0,14.04
2025-05-03,Delhi,72,33.2,0.0,11.55
2025-05-04,Delhi,72,33.21,0.0,11.68
2025-05-05,Delhi,72,33.81,0.0,15.48
2025-05-06,Delhi,72,35.04,0.0,8.32
2025-05-07,Delhi,72,34.44,0.0,11.78
2025-05-08,Delhi,72,37.9,0.0,15.35
2025-05-09,Delhi,72,33.71,0.0,14.74
2025-05-10,Delhi,72,33.41,0.0,12.78
2025-05-11,Delhi,72,34.07,0.0,10.62
2025-05-12,Delhi,72,32.72,0.0,12.16
2025-05-13,Delhi,72,33.79,0.0,13.72
2025-05-14,Delhi,72,33.19,0.0,17.04
2025-05-15,Delhi,72,34.11,0.0,14.77
2025-05-16,Delhi,72,32.8,0.0,16.18
2025-05-17,Delhi,72,33.05,0.0,14.35
2025-05-18,Delhi,72,33.42,0.0,13.05
2025-05-19,Delhi,72,33.2,0.0,8.61
2025-05-20,Delhi,72,32.66,0.0,11.46
2025-05-21,Delhi,72,34.72,0.0,12.38
2025-05-22,Delhi,72,33.63,0.0,13.37
2025-05-23,Delhi,72,31.44,0.0,13.35
2025-05-24,Delhi,72,33.44,0.0,13.17
2025-05-25,Delhi,72,38.25,0.0,11.54
2025-05-26,Delhi,72,34.64,0.0,10.54
2025-05-27,Delhi,72,34.16,0.0,10.67
2025-05-28,Delhi,72,34.56,0.0,11.04
2025-05-29,Delhi,72,35.03,10.61,13.64
2025-05-30,Delhi,72,33.64,7.69,17.73
2025-05-31,Delhi,72,35.86,0.0,9.79
2025-06-01,Delhi,72,36.68,0.0,15.01
2025-06-02,Delhi,72,38.13,0.0,15.74
2025-06-03,Delhi,72,36.98,0.0,17.51
2025-06-04,Delhi,72,33.9,26.69,19.08
2025-06-05,Delhi,72,36.56,14.16,13.21
2025-06-06,Delhi,72,36.29,10.86,19.69
2025-06-07,Delhi,72,35.29,0.0,13.12
2025-06-08,Delhi,72,34.35,0.0,14.73
2025-06-09,Delhi,72,33.82,0.0,10.59
2025-06-10,Delhi,72,32.93,3.21,12.69
2025-06-11,Delhi,72,33.87,0.0,16.38
2025-06-12,Delhi,72,32.59,0.0,16.79
2025-06-13,Delhi,72,33.95,0.0,17.17
2025-06-14,Delhi,72,34.91,0.0,17.0
2025-06-15,Delhi,72,33.97,0.0,9.14
2025-06-16,Delhi,72,31.76,0.0,11.39
2025-06-17,Delhi,72,31.7,0.0,14.17
2025-06-18,Delhi,72,28.11,0.0,15.8
2025-06-19,Delhi,72,29.89,13.69,18.65
2025-06-20,Delhi,72,30.41,13.45,15.17
2025-06-21,Delhi,72,33.28,0.0,9.93
2025-06-22,Delhi,72,32.72,5.89,12.12
2025-06-23,Delhi,72,34.11,0.0,12.29
2025-06-24,Delhi,72,33.89,3.16,13.61
2025-06-25,Delhi,72,32.03,2.22,13.07
2025-06-26,Delhi,72,34.11,0.0,15.38
2025-06-27,Delhi,72,35.94,2.75,14.32
2025-06-28,Delhi,72,35.61,2.33,9.86
2025-06-29,Delhi,72,33.76,0.0,11.0
2025-06-30,Delhi,72,35.25,20.78,14.97
2025-07-01,Delhi,72,31.76,0.0,8.72
2025-07-02,Delhi,72,30.26,0.0,11.98
2025-07-03,Delhi,72,31.67,0.0,11.46
2025-07-04,Delhi,72,31.22,0.0,12.83
2025-07-05,Delhi,72,35.24,0.0,11.77
2025-07-06,Delhi,72,33.35,0.0,10.19
2025-07-07,Delhi,72,34.26,0.0,10.31
2025-07-08,Delhi,72,32.38,13.71,10.56
2025-07-09,Delhi,72,29.38,2.18,13.95
2025-07-10,Delhi,72,31.29,2.32,10.91
2025-07-11,Delhi,72,31.62,4.16,12.41
2025-07-12,Delhi,72,32.22,12.99,13.91
2025-07-13,Delhi,72,32.78,0.0,11.91
2025-07-14,Delhi,72,33.46,0.0,10.46
2025-07-15,Delhi,72,31.93,0.0,6.37
2025-07-16,Delhi,72,31.3,0.0,6.63
2025-07-17,Delhi,72,32.11,0.0,9.68
2025-07-18,Delhi,72,33.76,0.0,13.08
2025-07-19,Delhi,72,32.61,0.0,8.96
2025-07-20,Delhi,72,30.59,14.49,14.17
2025-07-21,Delhi,72,29.93,2.86,8.39
2025-07-22,Delhi,72,31.83,5.77,12.01
2025-07-23,Delhi,72,31.51,3.82,10.99
2025-07-24,Delhi,72,33.0,3.02,14.03
2025-07-25,Delhi,72,30.7,5.78,11.37
2025-07-26,Delhi,72,31.5,11.11,16.11
2025-07-27,Delhi,72,30.6,12.72,14.4
2025-07-28,Delhi,72,31.9,11.89,12.21
2025-07-29,Delhi,72,32.45,22.96,18.27
2025-07-30,Delhi,72,30.75,1.38,13.27
2025-07-31,Delhi,72,32.49,19.4,18.69
2025-08-01,Delhi,72,33.08,5.84,13.11
2025-08-02,Delhi,72,33.18,10.46,11.39
2025-08-03,Delhi,72,31.33,15.58,14.9
2025-08-04,Delhi,72,30.92,8.4,13.26
2025-08-05,Delhi,72,32.54,0.0,12.23
2025-08-06,Delhi,72,31.67,0.0,11.66
2025-08-07,Delhi,72,32.24,0.0,15.42
2025-08-08,Delhi,72,30.36,3.01,9.24
2025-08-09,Delhi,72,33.09,15.46,9.41
2025-08-10,Delhi,72,32.77,6.89,10.82
2025-08-11,Delhi,72,32.3,23.19,13.09
2025-08-12,Delhi,72,31.26,7.73,13.12
2025-08-13,Delhi,72,30.67,1.31,8.05
2025-08-14,Delhi,72,32.36,12.82,10.8
2025-08-15,Delhi,72,29.61,7.91,10.79
2025-08-16,Delhi,72,29.75,0.0,7.68
2025-08-17,Delhi,72,32.7,0.0,5.92
2025-08-18,Delhi,72,31.3,0.0,6.06
2025-08-19,Delhi,72,28.88,0.0,14.96
2025-08-20,Delhi,72,29.06,0.0,11.66
2025-08-21,Delhi,72,29.97,0.0,8.9
2025-08-22,Delhi,72,29.68,3.01,5.95
2025-08-23,Delhi,72,30.56,2.45,10.81
2025-08-24,Delhi,72,27.07,11.99,4.81
2025-08-25,Delhi,72,28.36,16.62,12.14
2025-08-26,Delhi,72,29.1,0.0,9.15
2025-08-27,Delhi,72,30.06,6.16,9.68
2025-08-28,Delhi,72,29.32,21.82,11.45
2025-08-29,Delhi,72,30.48,8.95,12.29
2025-08-30,Delhi,72,28.46,4.18,10.52
2025-08-31,Delhi,72,28.22,2.74,10.45
2025-09-01,Delhi,72,28.93,5.55,7.42
2025-09-02,Delhi,72,29.76,0.0,8.86
2025-09-03,Delhi,72,31.65,5.3,13.9
2025-09-04,Delhi,72,31.2,13.18,15.16
2025-09-05,Delhi,72,30.31,12.77,8.36
2025-09-06,Delhi,72,31.32,26.11,13.11
2025-09-07,Delhi,72,28.86,19.04,11.71
2025-09-08,Delhi,72,28.27,0.0,5.73
2025-09-09,Delhi,72,29.12,0.0,8.49
2025-09-10,Delhi,72,30.18,5.31,6.29
2025-09-11,Delhi,72,26.38,12.67,8.96
2025-09-12,Delhi,72,30.14,4.5,11.14
2025-09-13,Delhi,72,28.35,0.0,5.96
2025-09-14,Delhi,72,28.46,0.0,7.45
2025-09-15,Delhi,72,28.0,0.0,9.28
2025-09-16,Delhi,72,30.03,18.91,13.2
2025-09-17,Delhi,72,30.54,0.0,8.39
2025-09-18,Delhi,72,32.02,0.0,7.4
2025-09-19,Delhi,72,34.12,0.0,10.58
2025-09-20,Delhi,72,30.86,0.0,11.36
2025-09-21,Delhi,72,31.89,3.51,8.53
2025-09-22,Delhi,72,29.79,0.0,7.03
2025-09-23,Delhi,72,28.7,0.0,10.02
2025-09-24,Delhi,72,28.44,0.0,6.57
2025-09-25,Delhi,72,28.75,0.0,5.35
2025-09-26,Delhi,72,29.49,0.0,8.37
2025-09-27,Delhi,72,26.72,0.0,8.01
2025-09-28,Delhi,72,30.18,0.0,4.68
2025-09-29,Delhi,72,27.66,0.0,5.37
2025-09-30,Delhi,72,28.55,0.0,1.85
2023-01-01,Delhi,120,14.7,0.0,7.23
2023-01-02,Delhi,120,12.82,0.0,6.26
2023-01-03,Delhi,120,12.77,8.28,7.61
2023-01-04,Delhi,120,13.55,0.0,6.13
2023-01-05,Delhi,120,11.04,0.0,2.74
2023-01-06,Delhi,120,13.8,0.0,1.68
2023-01-07,Delhi,120,12.71,0.0,0.28
2023-01-08,Delhi,120,10.32,0.0,5.86
2023-01-09,Delhi,120,13.66,0.0,13.47
2023-01-10,Delhi,120,14.78,0.0,6.62
2023-01-11,Delhi,120,15.21,0.0,5.02
2023-01-12,Delhi,120,13.37,0.0,6.32
2023-01-13,Delhi,120,13.57,0.0,8.17
2023-01-14,Delhi,120,12.72,0.0,8.61
2023-01-15,Delhi,120,14.05,0.0,8.0
2023-01-16,Delhi,120,12.61,0.0,5.05
2023-01-17,Delhi,120,16.7,0.0,6.49
2023-01-18,Delhi,120,11.74,19.56,14.64
2023-01-19,Delhi,120,13.27,16.22,14.24
2023-01-20,Delhi,120,13.76,0.0,5.42
2023-01-21,Delhi,120,15.36,0.0,7.03
2023-01-22,Delhi,120,17.54,0.0,6.67
2023-01-23,Delhi,120,15.32,0.0,5.64
2023-01-24,Delhi,120,10.76,0.0,9.39
2023-01-25,Delhi,120,13.15,0.0,9.37
2023-01-26,Delhi,120,13.03,0.0,6.15
2023-01-27,Delhi,120,14.39,0.0,8.21
2023-01-28,Delhi,120,12.56,0.0,7.33
2023-01-29,Delhi,120,15.52,0.0,6.86
2023-01-30,Delhi,120,12.0,0.0,4.74
2023-01-31,Delhi,120,15.63,0.0,5.96
2023-02-01,Delhi,120,18.89,0.0,5.83
2023-02-02,Delhi,120,18.17,0.0,7.24
2023-02-03,Delhi,120,17.23,0.0,6.77
2023-02-04,Delhi,120,15.87,0.0,8.66
2023-02-05,Delhi,120,18.51,0.0,5.04
2023-02-06,Delhi,120,19.45,0.0,10.71
2023-02-07,Delhi,120,18.85,0.0,5.03
2023-02-08,Delhi,120,17.42,0.0,8.03
2023-02-09,Delhi,120,17.89,0.0,9.53
2023-02-10,Delhi,120,16.0,0.0,8.86
2023-02-11,Delhi,120,16.12,0.0,5.62
2023-02-12,Delhi,120,17.5,0.0,10.49
2023-02-13,Delhi,120,16.39,0.0,7.22
2023-02-14,Delhi,120,16.83,0.0,3.24
2023-02-15,Delhi,120,15.81,0.0,7.84
2023-02-16,Delhi,120,15.8,0.0,10.71
2023-02-17,Delhi,120,14.37,0.0,7.78
2023-02-18,Delhi,120,15.04,0.0,10.02
2023-02-19,Delhi,120,18.83,15.6,16.33
2023-02-20,Delhi,120,19.3,0.0,8.83
2023-02-21,Delhi,120,22.16,0.0,14.81
2023-02-22,Delhi,120,15.75,0.0,13.31
2023-02-23,Delhi,120,18.4,0.0,9.58
2023-02-24,Delhi,120,17.47,0.0,6.36
2023-02-25,Delhi,120,17.0,0.0,7.64
2023-02-26,Delhi,120,15.47,0.0,8.59
2023-02-27,Delhi,120,16.14,8.03,7.65
2023-02-28,Delhi,120,16.99,0.0,6.2
2023-03-01,Delhi,120,23.16,0.0,7.61
2023-03-02,Delhi,120,25.47,0.0,7.8
2023-03-03,Delhi,120,24.38,0.0,3.39
2023-03-04,Delhi,120,22.36,0.0,11.26
2023-03-05,Delhi,120,21.11,0.0,11.16
2023-03-06,Delhi,120,21.14,0.0,10.71
2023-03-07,Delhi,120,21.59,0.0,11.59
2023-03-08,Delhi,120,18.8,0.0,8.58
2023-03-09,Delhi,120,21.12,0.0,6.74
2023-03-10,Delhi,120,22.29,0.0,8.78
2023-03-11,Delhi,120,25.38,0.0,9.84
2023-03-12,Delhi,120,23.28,0.0,7.53
2023-03-13,Delhi,120,21.39,0.0,11.43
2023-03-14,Delhi,120,25.72,0.0,15.77
2023-03-15,Delhi,120,24.86,0.0,5.08
2023-03-16,Delhi,120,24.02,0.0,7.31
2023-03-17,Delhi,120,24.22,5.14,9.44
2023-03-18,Delhi,120,24.1,15.52,14.48
2023-03-19,Delhi,120,25.4,0.0,12.15
2023-03-20,Delhi,120,26.35,0.0,9.08
2023-03-21,Delhi,120,26.61,0.0,14.63
2023-03-22,Delhi,120,20.1,0.0,10.29
2023-03-23,Delhi,120,25.45,0.0,10.4
2023-03-24,Delhi,120,24.63,0.0,9.86
2023-03-25,Delhi,120,22.78,0.0,10.22
2023-03-26,Delhi,120,25.28,0.0,10.36
2023-03-27,Delhi,120,24.64,0.0,5.76
2023-03-28,Delhi,120,23.52,0.0,12.08
2023-03-29,Delhi,120,22.47,0.0,9.3
2023-03-30,Delhi,120,25.89,32.18,19.52
2023-03-31,Delhi,120,26.27,0.0,13.76
2023-04-01,Delhi,120,31.36,0.0,12.03
2023-04-02,Delhi,120,31.26,0.0,10.18
2023-04-03,Delhi,120,28.1,0.0,10.99
2023-04-04,Delhi,120,29.11,0.0,10.3
2023-04-05,Delhi,120,28.17,0.0,0.95
2023-04-06,Delhi,120,29.42,0.0,6.56
2023-04-07,Delhi,120,28.8,0.0,10.54
2023-04-08,Delhi,120,28.91,0.0,8.82
2023-04-09,Delhi,120,30.59,0.0,6.3
2023-04-10,Delhi,120,29.93,0.0,4.7
2023-04-11,Delhi,120,27.3,0.0,4.49
2023-04-12,Delhi,120,26.16,0.0,7.59
2023-04-13,Delhi,120,30.04,0.0,9.14
2023-04-14,Delhi,120,31.87,0.0,5.95
2023-04-15,Delhi,120,29.24,0.0,3.75
2023-04-16,Delhi,120,29.2,0.0,8.19
2023-04-17,Delhi,120,29.21,0.0,6.74
2023-04-18,Delhi,120,30.96,0.0,8.67
2023-04-19,Delhi,120,30.18,0.0,11.24
2023-04-20,Delhi,120,32.79,0.0,11.93
2023-04-21,Delhi,120,29.44,0.0,10.97
2023-04-22,Delhi,120,29.63,0.0,10.03
2023-04-23,Delhi,120,32.82,0.0,13.38
2023-04-24,Delhi,120,31.79,0.0,13.47
2023-04-25,Delhi,120,29.08,0.0,11.58
2023-04-26,Delhi,120,28.59,0.0,11.02
2023-04-27,Delhi,120,33.23,0.0,9.68
2023-04-28,Delhi,120,31.56,0.0,8.87
2023-04-29,Delhi,120,31.76,0.0,8.86
2023-04-30,Delhi,120,32.45,0.0,9.11
2023-05-01,Delhi,120,37.53,0.0,16.15
2023-05-02,Delhi,120,33.66,0.0,12.42
2023-05-03,Delhi,120,35.17,0.0,12.34
2023-05-04,Delhi,120,35.84,0.0,12.81
2023-05-05,Delhi,120,33.62,0.0,9.76
2023-05-06,Delhi,120,31.5,0.0,9.5
2023-05-07,Delhi,120,31.6,0.0,7.37
2023-05-08,Delhi,120,31.89,0.0,13.21
2023-05-09,Delhi,120,32.85,0.0,14.52
2023-05-10,Delhi,120,32.22,0.0,11.94
2023-05-11,Delhi,120,34.96,0.0,12.64
2023-05-12,Delhi,120,37.36,0.0,12.25
2023-05-13,Delhi,120,37.92,0.0,14.14
2023-05-14,Delhi,120,33.64,0.0,11.04
2023-05-15,Delhi,120,33.44,52.0,16.15
2023-05-16,Delhi,120,30.99,0.0,13.9
2023-05-17,Delhi,120,33.58,0.0,14.94
2023-05-18,Delhi,120,34.4,0.0,11.95
2023-05-19,Delhi,120,34.65,0.0,10.69
2023-05-20,Delhi,120,35.17,0.0,13.25
2023-05-21,Delhi,120,31.67,0.0,9.08
2023-05-22,Delhi,120,34.01,0.0,13.14
2023-05-23,Delhi,120,36.14,0.0,7.07
2023-05-24,Delhi,120,35.33,0.0,12.56
2023-05-25,Delhi,120,34.47,0.0,11.94
2023-05-26,Delhi,120,33.86,0.0,12.97
2023-05-27,Delhi,120,34.34,0.0,12.03
2023-05-28,Delhi,120,35.01,0.0,9.21
2023-05-29,Delhi,120,32.12,0.0,12.12
2023-05-30,Delhi,120,32.29,0.0,13.01
2023-05-31,Delhi,120,32.15,0.0,8.89
2023-06-01,Delhi,120,32.7,0.0,10.8
2023-06-02,Delhi,120,34.07,0.0,15.81
2023-06-03,Delhi,120,31.47,0.0,14.44
2023-06-04,Delhi,120,30.65,0.0,12.34
2023-06-05,Delhi,120,35.62,0.0,15.65
2023-06-06,Delhi,120,37.62,0.0,13.02
2023-06-07,Delhi,120,35.34,0.0,15.56
2023-06-08,Delhi,120,36.54,0.0,10.57
2023-06-09,Delhi,120,40.99,0.0,10.79
2023-06-10,Delhi,120,38.5,0.0,12.71
2023-06-11,Delhi,120,36.36,0.0,9.17
2023-06-12,Delhi,120,35.34,0.0,7.43
2023-06-13,Delhi,120,35.32,0.0,13.56
2023-06-14,Delhi,120,34.66,2.75,16.05
2023-06-15,Delhi,120,35.5,5.4,11.07
2023-06-16,Delhi,120,38.12,0.0,10.24
2023-06-17,Delhi,120,37.82,0.0,9.21
2023-06-18,Delhi,120,36.03,0.0,7.02
2023-06-19,Delhi,120,34.59,0.0,11.12
2023-06-20,Delhi,120,33.91,0.0,13.44
2023-06-21,Delhi,120,34.58,0.0,13.37
2023-06-22,Delhi,120,36.8,0.0,15.51
2023-06-23,Delhi,120,35.29,49.62,16.89
2023-06-24,Delhi,120,34.15,1.46,14.69
2023-06-25,Delhi,120,33.88,0.0,6.05
2023-06-26,Delhi,120,30.2,2.48,11.28
2023-06-27,Delhi,120,31.22,0.0,20.04
2023-06-28,Delhi,120,33.51,0.0,16.78
2023-06-29,Delhi,120,30.69,0.0,20.69
2023-06-30,Delhi,120,34.53,0.0,15.12
2023-07-01,Delhi,120,31.37,8.96,12.35
2023-07-02,Delhi,120,28.53,9.07,7.98
2023-07-03,Delhi,120,31.23,0.0,14.19
2023-07-04,Delhi,120,28.72,14.59,16.16
2023-07-05,Delhi,120,30.01,0.52,10.89
2023-07-06,Delhi,120,31.8,0.0,14.52
2023-07-07,Delhi,120,33.39,5.0,11.61
2023-07-08,Delhi,120,33.0,13.43,19.88
2023-07-09,Delhi,120,31.19,18.12,19.37
2023-07-10,Delhi,120,32.87,19.27,18.46
2023-07-11,Delhi,120,33.12,3.37,11.82
2023-07-12,Delhi,120,30.17,12.18,12.66
2023-07-13,Delhi,120,30.6,8.77,12.84
2023-07-14,Delhi,120,29.04,48.69,19.02
2023-07-15,Delhi,120,30.0,6.57,11.24
2023-07-16,Delhi,120,28.85,1.52,13.46
2023-07-17,Delhi,120,32.29,22.63,12.15
2023-07-18,Delhi,120,32.95,15.16,15.66
2023-07-19,Delhi,120,32.28,6.88,7.08
2023-07-20,Delhi,120,33.15,15.46,10.87
2023-07-21,Delhi,120,30.8,6.77,9.06
2023-07-22,Delhi,120,30.4,0.0,8.94
2023-07-23,Delhi,120,33.39,0.0,9.08
2023-07-24,Delhi,120,31.58,0.0,10.04
2023-07-25,Delhi,120,33.3,0.0,6.37
2023-07-26,Delhi,120,32.73,0.0,13.14
2023-07-27,Delhi,120,33.16,0.0,8.61
2023-07-28,Delhi,120,30.44,0.0,12.2
2023-07-29,Delhi,120,29.77,0.0,8.71
2023-07-30,Delhi,120,32.73,3.28,15.97
2023-07-31,Delhi,120,31.23,12.44,15.28
2023-08-01,Delhi,120,29.55,13.51,16.39
2023-08-02,Delhi,120,30.76,43.16,17.51
2023-08-03,Delhi,120,29.64,4.64,12.79
2023-08-04,Delhi,120,29.91,3.19,8.85
2023-08-05,Delhi,120,28.78,6.39,8.87
2023-08-06,Delhi,120,32.15,0.17,8.04
2023-08-07,Delhi,120,31.94,4.42,11.45
2023-08-08,Delhi,120,32.58,17.04,10.29
2023-08-09,Delhi,120,32.65,9.04,14.46
2023-08-10,Delhi,120,33.07,9.06,10.36
2023-08-11,Delhi,120,31.53,10.82,10.16
2023-08-12,Delhi,120,31.42,3.73,12.8
2023-08-13,Delhi,120,34.47,0.28,9.81
2023-08-14,Delhi,120,30.76,18.36,16.55
2023-08-15,Delhi,120,33.32,8.43,11.69
2023-08-16,Delhi,120,32.75,10.13,16.17
2023-08-17,Delhi,120,30.22,7.86,12.99
2023-08-18,Delhi,120,31.88,4.22,10.32
2023-08-19,Delhi,120,33.68,12.93,15.62
2023-08-20,Delhi,120,30.12,10.6,10.39
2023-08-21,Delhi,120,28.96,12.96,7.02
2023-08-22,Delhi,120,28.23,0.5,7.74
2023-08-23,Delhi,120,29.48,34.2,13.51
2023-08-24,Delhi,120,31.75,0.0,2.12
2023-08-25,Delhi,120,29.03,0.0,7.56
2023-08-26,Delhi,120,29.26,0.0,7.75
2023-08-27,Delhi,120,28.16,7.79,7.97
2023-08-28,Delhi,120,31.52,2.77,9.17
2023-08-29,Delhi,120,27.11,13.68,14.92
2023-08-30,Delhi,120,30.37,5.4,11.17
2023-08-31,Delhi,120,28.65,16.37,18.44
2023-09-01,Delhi,120,25.49,13.22,13.9
2023-09-02,Delhi,120,25.44,9.86,12.88
2023-09-03,Delhi,120,27.88,12.6,10.57
2023-09-04,Delhi,120,25.6,0.0,4.94
2023-09-05,Delhi,120,26.92,0.0,8.32
2023-09-06,Delhi,120,29.87,0.0,7.28
2023-09-07,Delhi,120,30.26,0.0,6.93
2023-09-08,Delhi,120,31.37,0.0,11.05
2023-09-09,Delhi,120,33.06,3.33,8.35
2023-09-10,Delhi,120,33.59,5.25,10.4
2023-09-11,Delhi,120,32.05,9.36,11.87
2023-09-12,Delhi,120,31.5,17.22,14.27
2023-09-13,Delhi,120,30.3,0.0,4.59
2023-09-14,Delhi,120,29.24,0.0,9.84
2023-09-15,Delhi,120,32.01,0.0,2.64
2023-09-16,Delhi,120,30.44,0.0,3.21
2023-09-17,Delhi,120,29.59,0.0,6.84
2023-09-18,Delhi,120,28.36,0.0,5.48
2023-09-19,Delhi,120,27.98,0.0,0.0
2023-09-20,Delhi,120,29.56,2.4,6.07
2023-09-21,Delhi,120,29.17,0.0,6.12
2023-09-22,Delhi,120,30.02,0.0,4.96
2023-09-23,Delhi,120,30.61,0.0,5.52
2023-09-24,Delhi,120,30.46,0.0,6.09
2023-09-25,Delhi,120,28.79,0.0,5.54
2023-09-26,Delhi,120,28.69,11.15,7.95
2023-09-27,Delhi,120,28.81,0.0,9.22
2023-09-28,Delhi,120,30.73,0.0,10.61
2023-09-29,Delhi,120,31.13,4.33,2.88
2023-09-30,Delhi,120,32.49,4.3,9.38
2023-10-01,Delhi,120,26.78,0.0,7.01
2023-10-02,Delhi,120,26.46,0.0,8.84
2023-10-03,Delhi,120,26.79,0.0,5.52
2023-10-04,Delhi,120,25.44,0.0,8.05
2023-10-05,Delhi,120,23.99,0.0,5.14
2023-10-06,Delhi,120,22.95,0.0,2.48
2023-10-07,Delhi,120,21.77,0.0,3.72
2023-10-08,Delhi,120,23.95,0.0,1.54
2023-10-09,Delhi,120,27.11,0.0,4.32
2023-10-10,Delhi,120,28.96,0.0,3.25
2023-10-11,Delhi,120,27.44,101.29,21.53
2023-10-12,Delhi,120,24.93,0.0,5.44
2023-10-13,Delhi,120,23.03,0.0,4.04
2023-10-14,Delhi,120,25.95,0.0,6.19
2023-10-15,Delhi,120,22.48,0.0,12.9
2023-10-16,Delhi,120,25.44,0.0,5.98
2023-10-17,Delhi,120,24.61,0.0,10.92
2023-10-18,Delhi,120,22.04,0.0,8.85
2023-10-19,Delhi,120,23.59,0.0,6.41
2023-10-20,Delhi,120,21.97,0.0,6.15
2023-10-21,Delhi,120,20.16,0.0,9.03
2023-10-22,Delhi,120,21.28,0.0,10.48
2023-10-23,Delhi,120,20.47,0.0,2.4
2023-10-24,Delhi,120,21.11,0.0,5.11
2023-10-25,Delhi,120,23.55,0.0,10.34
2023-10-26,Delhi,120,23.01,0.0,3.43
2023-10-27,Delhi,120,21.01,0.0,8.55
2023-10-28,Delhi,120,22.14,0.0,0.8
2023-10-29,Delhi,120,24.78,0.0,5.02
2023-10-30,Delhi,120,26.7,0.0,4.14
2023-10-31,Delhi,120,26.11,0.0,1.49
2023-11-01,Delhi,120,21.32,0.0,3.97
2023-11-02,Delhi,120,21.06,0.0,4.16
2023-11-03,Delhi,120,18.59,0.0,3.42
2023-11-04,Delhi,120,22.73,0.0,3.19
2023-11-05,Delhi,120,19.15,0.0,4.83
2023-11-06,Delhi,120,17.28,0.0,7.08
2023-11-07,Delhi,120,17.22,0.0,4.43
2023-11-08,Delhi,120,16.87,0.0,5.11
2023-11-09,Delhi,120,17.83,0.0,0.0
2023-11-10,Delhi,120,15.76,0.0,0.07
2023-11-11,Delhi,120,19.92,0.0,2.26
2023-11-12,Delhi,120,18.82,0.0,3.27
2023-11-13,Delhi,120,18.66,0.0,0.33
2023-11-14,Delhi,120,19.02,0.0,9.72
2023-11-15,Delhi,120,19.15,0.0,3.43
2023-11-16,Delhi,120,20.83,0.0,5.69
2023-11-17,Delhi,120,16.29,0.0,2.26
2023-11-18,Delhi,120,18.05,0.0,6.35
2023-11-19,Delhi,120,17.46,0.0,5.25
2023-11-20,Delhi,120,21.34,0.0,5.75
2023-11-21,Delhi,120,20.52,0.0,7.3
2023-11-22,Delhi,120,17.83,0.0,11.34
2023-11-23,Delhi,120,16.02,0.0,10.16
2023-11-24,Delhi,120,15.0,0.0,9.95
2023-11-25,Delhi,120,17.59,0.0,11.66
2023-11-26,Delhi,120,18.64,0.0,10.98
2023-11-27,Delhi,120,17.22,0.0,9.76
2023-11-28,Delhi,120,18.22,0.0,10.71
2023-11-29,Delhi,120,17.55,0.0,9.78
2023-11-30,Delhi,120,20.86,0.0,8.7
2023-12-01,Delhi,120,14.77,0.0,8.17
2023-12-02,Delhi,120,18.32,0.0,9.52
2023-12-03,Delhi,120,17.95,0.0,5.0
2023-12-04,Delhi,120,15.2,0.0,3.69
2023-12-05,Delhi,120,14.86,0.0,1.86
2023-12-06,Delhi,120,13.42,0.0,5.31
2023-12-07,Delhi,120,13.93,0.0,9.03
2023-12-08,Delhi,120,15.43,0.0,8.65
2023-12-09,Delhi,120,15.27,0.0,5.55
2023-12-10,Delhi,120,12.61,0.0,3.6
2023-12-11,Delhi,120,8.93,0.0,2.52
2023-12-12,Delhi,120,11.41,0.0,5.04
2023-12-13,Delhi,120,14.17,0.0,5.98
2023-12-14,Delhi,120,15.83,0.0,8.6
2023-12-15,Delhi,120,13.18,0.0,4.89
2023-12-16,Delhi,120,14.5,0.0,7.01
2023-12-17,Delhi,120,14.83,6.46,6.96
2023-12-18,Delhi,120,17.23,0.0,8.0
2023-12-19,Delhi,120,17.66,0.0,4.84
2023-12-20,Delhi,120,16.79,0.0,2.59
2023-12-21,Delhi,120,17.03,0.0,6.67
2023-12-22,Delhi,120,14.05,0.0,6.82
2023-12-23,Delhi,120,16.41,0.0,5.89
2023-12-24,Delhi,120,16.67,0.0,1.93
2023-12-25,Delhi,120,16.1,0.0,7.34
2023-12-26,Delhi,120,15.94,0.0,6.4
2023-12-27,Delhi,120,17.26,0.0,2.11
2023-12-28,Delhi,120,14.86,0.0,4.83
2023-12-29,Delhi,120,14.42,4.37,9.51
2023-12-30,Delhi,120,15.78,0.0,7.42
2023-12-31,Delhi,120,16.11,0.0,8.41
2024-01-01,Delhi,120,16.08,0.0,8.02
2024-01-02,Delhi,120,12.96,0.0,8.03
2024-01-03,Delhi,120,13.11,0.0,6.7
2024-01-04,Delhi,120,12.51,0.0,7.46
2024-01-05,Delhi,120,13.94,0.0,3.5
2024-01-06,Delhi,120,12.72,0.0,10.21
2024-01-07,Delhi,120,11.7,0.0,11.66
2024-01-08,Delhi,120,11.16,0.0,3.94
2024-01-09,Delhi,120,10.88,0.0,4.43
2024-01-10,Delhi,120,12.46,0.0,9.06
2024-01-11,Delhi,120,12.82,0.0,5.79
2024-01-12,Delhi,120,12.36,0.0,4.82
2024-01-13,Delhi,120,13.07,0.0,7.51
2024-01-14,Delhi,120,11.76,0.0,9.31
2024-01-15,Delhi,120,14.29,0.0,9.17
2024-01-16,Delhi,120,15.18,0.0,6.8
2024-01-17,Delhi,120,12.69,0.0,6.61
2024-01-18,Delhi,120,15.31,0.0,7.45
2024-01-19,Delhi,120,10.92,0.0,7.6
2024-01-20,Delhi,120,12.83,0.0,9.17
2024-01-21,Delhi,120,12.23,0.0,8.43
2024-01-22,Delhi,120,12.03,0.0,12.99
2024-01-23,Delhi,120,10.46,0.0,6.74
2024-01-24,Delhi,120,15.22,0.0,3.89
2024-01-25,Delhi,120,14.83,0.0,7.34
2024-01-26,Delhi,120,12.16,0.0,5.89
2024-01-27,Delhi,120,11.97,0.0,5.07
2024-01-28,Delhi,120,13.46,0.0,5.72
2024-01-29,Delhi,120,12.02,0.0,3.69
2024-01-30,Delhi,120,15.82,0.0,8.29
2024-01-31,Delhi,120,14.02,0.0,8.66
2024-02-01,Delhi,120,19.6,0.0,7.37
2024-02-02,Delhi,120,22.0,0.0,8.19
2024-02-03,Delhi,120,19.52,0.0,12.86
2024-02-04,Delhi,120,22.31,0.0,11.61
2024-02-05,Delhi,120,18.6,0.0,14.23
2024-02-06,Delhi,120,19.37,0.0,8.08
2024-02-07,Delhi,120,20.37,0.0,11.83
2024-02-08,Delhi,120,19.89,0.0,6.68
2024-02-09,Delhi,120,20.85,0.0,7.62
2024-02-10,Delhi,120,18.29,0.0,14.71
2024-02-11,Delhi,120,19.53,0.0,9.7
2024-02-12,Delhi,120,16.73,0.0,9.92
2024-02-13,Delhi,120,17.84,0.0,7.9
2024-02-14,Delhi,120,15.74,0.0,7.56
2024-02-15,Delhi,120,16.28,0.0,10.4
2024-02-16,Delhi,120,18.59,0.0,9.26
2024-02-17,Delhi,120,19.71,0.0,11.97
2024-02-18,Delhi,120,20.7,0.0,12.36
2024-02-19,Delhi,120,18.29,0.0,10.0
2024-02-20,Delhi,120,17.07,0.0,10.11
2024-02-21,Delhi,120,17.53,0.0,7.94
2024-02-22,Delhi,120,14.59,0.0,10.68
2024-02-23,Delhi,120,17.26,0.0,8.95
2024-02-24,Delhi,120,14.65,0.0,9.82
2024-02-25,Delhi,120,15.84,0.0,6.65
2024-02-26,Delhi,120,14.56,0.0,5.19
2024-02-27,Delhi,120,16.21,0.0,8.75
2024-02-28,Delhi,120,17.03,0.0,11.74
2024-02-29,Delhi,120,15.96,22.6,10.6
2024-03-01,Delhi,120,24.31,0.0,8.96
2024-03-02,Delhi,120,25.07,0.0,8.5
2024-03-03,Delhi,120,24.5,0.0,6.2
2024-03-04,Delhi,120,24.51,0.0,7.92
2024-03-05,Delhi,120,23.3,0.0,8.5
2024-03-06,Delhi,120,22.68,0.0,7.74
2024-03-07,Delhi,120,25.27,0.0,12.21
2024-03-08,Delhi,120,26.71,0.0,6.44
2024-03-09,Delhi,120,25.14,0.0,10.0
2024-03-10,Delhi,120,27.51,0.0,8.53
2024-03-11,Delhi,120,26.74,0.0,10.03
2024-03-12,Delhi,120,20.8,0.0,9.0
2024-03-13,Delhi,120,23.99,0.0,10.91
2024-03-14,Delhi,120,19.9,0.0,13.0
2024-03-15,Delhi,120,20.8,0.0,4.08
2024-03-16,Delhi,120,24.7,0.0,5.47
2024-03-17,Delhi,120,24.62,0.0,6.42
2024-03-18,Delhi,120,21.9,0.0,3.73
2024-03-19,Delhi,120,22.01,0.0,6.8
2024-03-20,Delhi,120,23.89,0.0,6.91
2024-03-21,Delhi,120,24.3,0.0,5.9
2024-03-22,Delhi,120,27.66,0.0,5.73
2024-03-23,Delhi,120,26.11,0.0,6.39
2024-03-24,Delhi,120,24.75,0.0,3.93
2024-03-25,Delhi,120,27.35,0.0,8.68
2024-03-26,Delhi,120,25.87,0.0,9.32
2024-03-27,Delhi,120,25.81,0.0,9.44
2024-03-28,Delhi,120,22.14,0.0,14.74
2024-03-29,Delhi,120,21.58,0.0,10.78
2024-03-30,Delhi,120,24.46,0.0,13.91
2024-03-31,Delhi,120,26.72,0.0,14.32
2024-04-01,Delhi,120,33.45,0.0,7.27
2024-04-02,Delhi,120,30.88,0.0,8.36
2024-04-03,Delhi,120,33.47,0.0,6.33
2024-04-04,Delhi,120,32.98,8.72,10.54
2024-04-05,Delhi,120,32.29,0.0,9.12
2024-04-06,Delhi,120,30.15,0.0,12.94
2024-04-07,Delhi,120,30.79,0.0,10.83
2024-04-08,Delhi,120,27.95,0.0,11.23
2024-04-09,Delhi,120,29.9,0.0,11.27
2024-04-10,Delhi,120,28.54,0.0,8.23
2024-04-11,Delhi,120,24.61,0.0,8.81
2024-04-12,Delhi,120,28.49,0.0,11.52
2024-04-13,Delhi,120,28.63,0.0,10.02
2024-04-14,Delhi,120,30.12,0.0,10.07
2024-04-15,Delhi,120,29.18,0.0,9.66
2024-04-16,Delhi,120,29.05,0.0,11.25
2024-04-17,Delhi,120,29.89,0.0,11.97
2024-04-18,Delhi,120,29.77,0.0,10.72
2024-04-19,Delhi,120,27.12,0.0,9.79
2024-04-20,Delhi,120,29.79,0.0,12.23
2024-04-21,Delhi,120,28.48,0.0,12.87
2024-04-22,Delhi,120,28.99,0.0,12.19
2024-04-23,Delhi,120,29.01,0.0,14.21
2024-04-24,Delhi,120,29.87,0.0,11.2
2024-04-25,Delhi,120,29.07,0.0,9.43
2024-04-26,Delhi,120,28.68,0.0,9.46
2024-04-27,Delhi,120,29.35,0.0,9.19
2024-04-28,Delhi,120,29.98,0.0,10.23
2024-04-29,Delhi,120,28.06,0.0,12.8
2024-04-30,Delhi,120,29.13,0.0,10.12
2024-05-01,Delhi,120,29.66,0.0,12.47
2024-05-02,Delhi,120,32.95,0.0,13.16
2024-05-03,Delhi,120,32.14,0.0,14.68
2024-05-04,Delhi,120,29.85,0.0,11.46
2024-05-05,Delhi,120,32.51,0.0,12.03
2024-05-06,Delhi,120,31.13,0.0,14.41
2024-05-07,Delhi,120,33.73,0.0,11.04
2024-05-08,Delhi,120,36.79,0.0,14.05
2024-05-09,Delhi,120,37.85,0.0,10.26
2024-05-10,Delhi,120,35.73,0.0,10.78
2024-05-11,Delhi,120,35.12,0.0,10.65
2024-05-12,Delhi,120,35.61,0.0,12.36
2024-05-13,Delhi,120,35.99,0.0,6.87
2024-05-14,Delhi,120,33.59,0.0,10.56
2024-05-15,Delhi,120,31.79,0.0,7.67
2024-05-16,Delhi,120,35.25,0.0,14.67
2024-05-17,Delhi,120,35.64,0.0,8.91
2024-05-18,Delhi,120,33.65,0.0,15.52
2024-05-19,Delhi,120,32.63,0.0,8.78
2024-05-20,Delhi,120,34.52,0.0,12.61
2024-05-21,Delhi,120,34.33,0.0,15.87
2024-05-22,Delhi,120,34.15,0.0,12.37
2024-05-23,Delhi,120,33.09,0.0,10.47
2024-05-24,Delhi,120,32.45,0.0,11.02
2024-05-25,Delhi,120,32.09,0.0,15.88
2024-05-26,Delhi,120,31.79,0.0,10.16
2024-05-27,Delhi,120,32.17,0.0,16.05
2024-05-28,Delhi,120,29.94,0.0,18.55
2024-05-29,Delhi,120,29.81,0.0,14.0
2024-05-30,Delhi,120,32.99,0.0,11.37
2024-05-31,Delhi,120,32.8,0.0,8.42
2024-06-01,Delhi,120,32.83,0.0,13.29
2024-06-02,Delhi,120,34.92,15.1,10.16
2024-06-03,Delhi,120,34.15,0.0,11.99
2024-06-04,Delhi,120,32.23,0.0,12.42
2024-06-05,Delhi,120,30.47,0.0,20.78
2024-06-06,Delhi,120,36.1,0.0,13.44
2024-06-07,Delhi,120,37.7,0.0,14.57
2024-06-08,Delhi,120,37.44,0.0,14.14
2024-06-09,Delhi,120,35.62,0.0,16.07
2024-06-10,Delhi,120,31.7,0.0,18.64
2024-06-11,Delhi,120,31.32,0.0,16.63
2024-06-12,Delhi,120,34.25,0.0,16.6
2024-06-13,Delhi,120,32.76,0.0,21.75
2024-06-14,Delhi,120,34.67,0.0,15.7
2024-06-15,Delhi,120,32.06,1.11,12.47
2024-06-16,Delhi,120,30.92,0.0,10.97
2024-06-17,Delhi,120,32.46,0.0,12.12
2024-06-18,Delhi,120,31.34,0.0,12.68
2024-06-19,Delhi,120,31.47,0.0,10.11
2024-06-20,Delhi,120,34.39,0.0,10.28
2024-06-21,Delhi,120,33.27,0.0,9.96
2024-06-22,Delhi,120,34.5,0.0,12.57
2024-06-23,Delhi,120,36.74,3.42,15.69
2024-06-24,Delhi,120,37.31,0.0,8.7
2024-06-25,Delhi,120,35.05,0.0,12.49
2024-06-26,Delhi,120,36.4,0.0,12.88
2024-06-27,Delhi,120,39.24,0.0,11.38
2024-06-28,Delhi,120,35.04,4.34,13.2
2024-06-29,Delhi,120,35.01,3.94,13.19
2024-06-30,Delhi,120,34.95,3.72,12.61
2024-07-01,Delhi,120,29.65,22.14,17.05
2024-07-02,Delhi,120,31.01,5.16,9.32
2024-07-03,Delhi,120,31.76,21.97,14.18
2024-07-04,Delhi,120,33.68,35.55,18.36
2024-07-05,Delhi,120,36.15,8.51,12.71
2024-07-06,Delhi,120,34.25,6.38,7.93
2024-07-07,Delhi,120,34.16,0.0,11.12
2024-07-08,Delhi,120,31.37,0.0,12.42
2024-07-09,Delhi,120,31.81,0.0,15.94
2024-07-10,Delhi,120,31.34,0.0,14.89
2024-07-11,Delhi,120,33.16,8.93,12.74
2024-07-12,Delhi,120,32.26,14.26,10.45
2024-07-13,Delhi,120,29.12,10.3,9.76
2024-07-14,Delhi,120,27.61,2.88,13.24
2024-07-15,Delhi,120,32.87,0.0,12.52
2024-07-16,Delhi,120,32.41,0.0,12.38
2024-07-17,Delhi,120,32.47,0.0,12.64
2024-07-18,Delhi,120,32.55,0.0,12.26
2024-07-19,Delhi,120,29.48,0.0,11.25
2024-07-20,Delhi,120,30.03,0.0,10.16
2024-07-21,Delhi,120,31.47,0.0,7.39
2024-07-22,Delhi,120,30.95,23.69,16.77
2024-07-23,Delhi,120,31.14,14.21,6.05
2024-07-24,Delhi,120,30.56,1.4,9.01
2024-07-25,Delhi,120,29.34,25.6,10.95
2024-07-26,Delhi,120,26.57,5.14,12.4
2024-07-27,Delhi,120,29.63,4.96,11.81
2024-07-28,Delhi,120,30.62,10.0,12.28
2024-07-29,Delhi,120,30.84,6.8,12.32
2024-07-30,Delhi,120,27.4,7.34,11.24
2024-07-31,Delhi,120,29.33,5.02,11.05
2024-08-01,Delhi,120,30.66,24.25,9.31
2024-08-02,Delhi,120,30.02,21.76,14.05
2024-08-03,Delhi,120,31.73,31.64,7.63
2024-08-04,Delhi,120,32.78,11.6,9.06
2024-08-05,Delhi,120,31.72,21.49,9.8
2024-08-06,Delhi,120,32.9,9.93,9.09
2024-08-07,Delhi,120,32.1,12.88,9.29
2024-08-08,Delhi,120,28.39,1.52,12.4
2024-08-09,Delhi,120,29.76,0.0,7.93
2024-08-10,Delhi,120,30.81,22.06,12.77
2024-08-11,Delhi,120,29.25,16.42,9.3
2024-08-12,Delhi,120,30.2,17.56,11.61
2024-08-13,Delhi,120,30.12,0.0,11.53
2024-08-14,Delhi,120,28.69,0.0,13.16
2024-08-15,Delhi,120,28.62,2.78,8.35
2024-08-16,Delhi,120,31.11,40.62,18.55
2024-08-17,Delhi,120,30.38,0.76,11.57
2024-08-18,Delhi,120,30.7,10.48,12.64
2024-08-19,Delhi,120,29.47,29.55,10.54
2024-08-20,Delhi,120,31.95,16.66,14.03
2024-08-21,Delhi,120,33.03,10.19,15.03
2024-08-22,Delhi,120,29.24,0.0,13.3
2024-08-23,Delhi,120,31.41,0.0,12.49
2024-08-24,Delhi,120,28.66,0.0,7.78
2024-08-25,Delhi,120,31.7,0.0,8.65
2024-08-26,Delhi,120,33.24,0.0,7.59
2024-08-27,Delhi,120,32.58,5.67,6.95
2024-08-28,Delhi,120,33.14,4.62,6.79
2024-08-29,Delhi,120,28.23,19.22,14.26
2024-08-30,Delhi,120,29.75,4.54,4.31
2024-08-31,Delhi,120,26.76,0.43,10.48
2024-09-01,Delhi,120,26.49,0.0,5.72
2024-09-02,Delhi,120,24.44,0.0,7.79
2024-09-03,Delhi,120,28.17,8.0,12.47
2024-09-04,Delhi,120,28.26,0.0,7.23
2024-09-05,Delhi,120,26.33,0.0,8.84
2024-09-06,Delhi,120,28.14,0.0,5.99
2024-09-07,Delhi,120,29.32,0.0,9.87
2024-09-08,Delhi,120,27.59,41.36,16.37
2024-09-09,Delhi,120,30.41,0.0,14.35
2024-09-10,Delhi,120,29.2,0.0,9.95
2024-09-11,Delhi,120,30.42,14.64,14.35
2024-09-12,Delhi,120,31.09,2.57,9.69
2024-09-13,Delhi,120,31.85,1.34,7.07
2024-09-14,Delhi,120,31.16,2.76,9.26
2024-09-15,Delhi,120,29.49,0.0,4.01
2024-09-16,Delhi,120,30.22,0.0,2.46
2024-09-17,Delhi,120,29.19,17.18,7.38
2024-09-18,Delhi,120,30.34,0.0,9.26
2024-09-19,Delhi,120,29.82,26.59,19.57
2024-09-20,Delhi,120,33.19,2.22,12.68
2024-09-21,Delhi,120,32.19,26.64,14.07
2024-09-22,Delhi,120,30.34,0.0,13.58
2024-09-23,Delhi,120,28.69,0.0,7.6
2024-09-24,Delhi,120,29.64,0.0,9.61
2024-09-25,Delhi,120,30.49,0.0,8.76
2024-09-26,Delhi,120,27.33,4.99,9.06
2024-09-27,Delhi,120,29.35,4.89,8.75
2024-09-28,Delhi,120,28.31,0.0,7.44
2024-09-29,Delhi,120,29.41,27.21,15.75
2024-09-30,Delhi,120,32.06,3.87,12.27
2024-10-01,Delhi,120,26.19,0.0,5.26
2024-10-02,Delhi,120,26.9,0.0,12.3
2024-10-03,Delhi,120,27.2,0.0,8.64
2024-10-04,Delhi,120,25.9,0.0,5.62
2024-10-05,Delhi,120,25.33,0.0,7.28
2024-10-06,Delhi,120,25.77,0.0,4.04
2024-10-07,Delhi,120,25.58,0.0,3.06
2024-10-08,Delhi,120,21.59,0.0,2.03
2024-10-09,Delhi,120,24.44,0.0,6.59
2024-10-10,Delhi,120,24.34,0.0,5.6
2024-10-11,Delhi,120,23.93,0.0,3.2
2024-10-12,Delhi,120,24.25,0.0,7.45
2024-10-13,Delhi,120,24.81,0.0,2.68
2024-10-14,Delhi,120,24.83,0.0,1.15
2024-10-15,Delhi,120,26.56,0.0,5.47
2024-10-16,Delhi,120,26.95,0.0,4.47
2024-10-17,Delhi,120,22.7,0.0,5.92
2024-10-18,Delhi,120,24.67,0.0,4.83
2024-10-19,Delhi,120,24.17,0.0,6.13
2024-10-20,Delhi,120,24.93,0.0,3.64
2024-10-21,Delhi,120,22.58,0.0,4.51
2024-10-22,Delhi,120,24.98,0.0,7.01
2024-10-23,Delhi,120,23.61,0.0,5.74
2024-10-24,Delhi,120,25.88,0.0,5.88
2024-10-25,Delhi,120,26.33,0.0,9.78
2024-10-26,Delhi,120,26.83,0.0,8.39
2024-10-27,Delhi,120,24.89,0.0,10.04
2024-10-28,Delhi,120,28.95,0.0,8.11
2024-10-29,Delhi,120,28.42,0.0,4.61
2024-10-30,Delhi,120,27.15,0.0,4.69
2024-10-31,Delhi,120,25.96,0.0,5.09
2024-11-01,Delhi,120,17.77,0.0,1.67
2024-11-02,Delhi,120,18.7,0.0,4.86
2024-11-03,Delhi,120,18.92,0.0,6.04
2024-11-04,Delhi,120,19.79,0.0,7.14
2024-11-05,Delhi,120,21.49,0.0,5.22
2024-11-06,Delhi,120,21.54,0.0,2.09
2024-11-07,Delhi,120,19.97,0.0,5.79
2024-11-08,Delhi,120,19.42,0.0,4.82
2024-11-09,Delhi,120,21.1,0.0,5.39
2024-11-10,Delhi,120,23.59,0.0,3.4
2024-11-11,Delhi,120,21.17,0.0,2.55
2024-11-12,Delhi,120,19.44,0.0,2.57
2024-11-13,Delhi,120,18.25,0.0,3.66
2024-11-14,Delhi,120,20.09,0.0,2.55
2024-11-15,Delhi,120,19.3,0.0,7.69
2024-11-16,Delhi,120,20.21,0.0,8.38
2024-11-17,Delhi,120,21.81,0.0,7.8
2024-11-18,Delhi,120,19.93,0.0,7.37
2024-11-19,Delhi,120,18.23,0.0,5.58
2024-11-20,Delhi,120,22.24,0.0,6.66
2024-11-21,Delhi,120,19.89,0.0,3.54
2024-11-22,Delhi,120,21.72,0.0,0.18
2024-11-23,Delhi,120,18.74,0.0,1.54
2024-11-24,Delhi,120,15.01,0.0,7.08
2024-11-25,Delhi,120,18.42,0.0,6.97
2024-11-26,Delhi,120,19.06,0.0,0.72
2024-11-27,Delhi,120,19.75,0.0,3.71
2024-11-28,Delhi,120,18.65,0.0,2.34
2024-11-29,Delhi,120,18.39,0.0,0.0
2024-11-30,Delhi,120,17.86,0.0,2.59
2024-12-01,Delhi,120,15.15,0.0,5.61
2024-12-02,Delhi,120,15.93,0.0,5.36
2024-12-03,Delhi,120,15.07,0.0,1.06
2024-12-04,Delhi,120,16.85,0.0,2.37
2024-12-05,Delhi,120,16.19,0.0,4.45
2024-12-06,Delhi,120,14.98,0.0,2.56
2024-12-07,Delhi,120,11.28,0.0,5.79
2024-12-08,Delhi,120,14.75,0.0,7.12
2024-12-09,Delhi,120,17.39,0.0,6.59
2024-12-10,Delhi,120,18.99,0.0,6.76
2024-12-11,Delhi,120,15.42,0.0,5.34
2024-12-12,Delhi,120,16.85,0.0,9.84
2024-12-13,Delhi,120,16.86,0.0,3.21
2024-12-14,Delhi,120,17.52,0.0,3.49
2024-12-15,Delhi,120,14.12,0.0,7.26
2024-12-16,Delhi,120,14.48,0.0,7.26
2024-12-17,Delhi,120,15.27,0.0,5.36
2024-12-18,Delhi,120,14.69,0.0,0.14
2024-12-19,Delhi,120,11.74,0.0,5.06
2024-12-20,Delhi,120,14.09,0.0,4.16
2024-12-21,Delhi,120,11.29,0.0,0.04
2024-12-22,Delhi,120,13.68,0.0,0.39
2024-12-23,Delhi,120,16.63,0.0,2.98
2024-12-24,Delhi,120,13.74,0.0,7.81
2024-12-25,Delhi,120,13.15,0.0,6.08
2024-12-26,Delhi,120,13.15,0.0,8.87
2024-12-27,Delhi,120,13.73,0.0,6.68
2024-12-28,Delhi,120,15.14,0.0,5.28
2024-12-29,Delhi,120,15.79,0.0,6.38
2024-12-30,Delhi,120,13.11,0.0,5.31
2024-12-31,Delhi,120,13.85,0.0,8.94
2025-01-01,Delhi,120,13.24,0.0,5.62
2025-01-02,Delhi,120,14.87,0.0,5.48
2025-01-03,Delhi,120,15.78,0.0,6.25
2025-01-04,Delhi,120,15.87,0.0,8.76
2025-01-05,Delhi,120,17.26,0.0,0.93
2025-01-06,Delhi,120,16.58,0.0,3.63
2025-01-07,Delhi,120,13.94,0.0,8.0
2025-01-08,Delhi,120,15.23,0.0,7.65
2025-01-09,Delhi,120,12.53,0.0,6.3
2025-01-10,Delhi,120,10.92,0.0,4.7
2025-01-11,Delhi,120,11.66,0.0,7.1
2025-01-12,Delhi,120,12.85,0.0,5.7
2025-01-13,Delhi,120,11.49,0.0,6.94
2025-01-14,Delhi,120,10.08,0.0,9.98
2025-01-15,Delhi,120,11.37,0.0,9.52
2025-01-16,Delhi,120,11.08,0.0,9.58
2025-01-17,Delhi,120,12.45,0.0,5.86
2025-01-18,Delhi,120,11.81,27.19,12.37
2025-01-19,Delhi,120,13.42,0.0,8.94
2025-01-20,Delhi,120,12.99,0.0,8.54
2025-01-21,Delhi,120,11.37,0.0,9.39
2025-01-22,Delhi,120,11.71,0.0,5.21
2025-01-23,Delhi,120,8.59,0.0,7.67
2025-01-24,Delhi,120,10.93,0.0,9.83
2025-01-25,Delhi,120,10.4,0.0,7.63
2025-01-26,Delhi,120,10.24,0.0,13.15
2025-01-27,Delhi,120,11.22,0.0,12.06
2025-01-28,Delhi,120,11.35,0.0,5.2
2025-01-29,Delhi,120,11.06,0.0,4.73
2025-01-30,Delhi,120,14.16,0.0,6.49
2025-01-31,Delhi,120,13.39,0.0,5.83
2025-02-01,Delhi,120,14.86,13.91,5.22
2025-02-02,Delhi,120,17.48,12.15,1.97
2025-02-03,Delhi,120,17.64,0.0,3.7
2025-02-04,Delhi,120,16.77,0.0,3.71
2025-02-05,Delhi,120,18.0,0.0,1.35
2025-02-06,Delhi,120,19.46,0.0,2.83
2025-02-07,Delhi,120,18.45,0.0,7.95
2025-02-08,Delhi,120,14.42,0.0,9.59
2025-02-09,Delhi,120,15.96,0.0,9.91
2025-02-10,Delhi,120,17.76,0.0,9.27
2025-02-11,Delhi,120,18.12,0.0,6.92
2025-02-12,Delhi,120,19.79,0.0,3.65
2025-02-13,Delhi,120,18.08,0.0,7.15
2025-02-14,Delhi,120,17.41,0.0,5.45
2025-02-15,Delhi,120,16.53,0.0,4.47
2025-02-16,Delhi,120,15.77,0.0,9.32
2025-02-17,Delhi,120,15.32,0.0,11.14
2025-02-18,Delhi,120,14.79,0.0,9.68
2025-02-19,Delhi,120,17.49,0.0,10.61
2025-02-20,Delhi,120,17.69,0.0,9.06
2025-02-21,Delhi,120,17.97,0.0,8.78
2025-02-22,Delhi,120,19.41,0.0,10.33
2025-02-23,Delhi,120,17.0,1.95,10.49
2025-02-24,Delhi,120,16.34,0.0,4.14
2025-02-25,Delhi,120,17.54,0.0,6.2
2025-02-26,Delhi,120,18.87,0.0,6.74
2025-02-27,Delhi,120,20.54,0.0,8.95
2025-02-28,Delhi,120,20.72,0.0,9.62
2025-03-01,Delhi,120,25.92,0.0,8.54
2025-03-02,Delhi,120,24.61,0.0,5.89
2025-03-03,Delhi,120,24.96,0.0,2.98
2025-03-04,Delhi,120,24.69,0.0,8.65
2025-03-05,Delhi,120,25.89,0.0,3.46
2025-03-06,Delhi,120,24.93,0.0,8.37
2025-03-07,Delhi,120,23.82,0.0,2.09
2025-03-08,Delhi,120,22.36,0.0,10.38
2025-03-09,Delhi,120,23.75,0.0,5.4
2025-03-10,Delhi,120,23.56,0.0,10.44
2025-03-11,Delhi,120,22.55,0.0,13.0
2025-03-12,Delhi,120,20.72,0.0,8.37
2025-03-13,Delhi,120,18.87,0.0,10.55
2025-03-14,Delhi,120,21.25,0.0,5.65
2025-03-15,Delhi,120,22.73,0.0,13.07
2025-03-16,Delhi,120,21.98,0.0,15.37
2025-03-17,Delhi,120,25.19,0.0,9.56
2025-03-18,Delhi,120,24.07,0.0,12.38
2025-03-19,Delhi,120,22.51,0.0,16.99
2025-03-20,Delhi,120,24.2,0.0,9.0
2025-03-21,Delhi,120,22.26,0.0,10.61
2025-03-22,Delhi,120,23.61,0.0,10.76
2025-03-23,Delhi,120,23.53,0.0,10.97
2025-03-24,Delhi,120,24.86,0.0,5.95
2025-03-25,Delhi,120,24.18,0.0,10.36
2025-03-26,Delhi,120,24.89,0.0,7.47
2025-03-27,Delhi,120,21.82,0.0,11.02
2025-03-28,Delhi,120,22.77,0.0,8.39
2025-03-29,Delhi,120,22.97,0.0,12.31
2025-03-30,Delhi,120,23.25,0.0,7.29
2025-03-31,Delhi,120,24.78,0.0,7.87
2025-04-01,Delhi,120,34.51,0.0,11.76
2025-04-02,Delhi,120,31.4,0.0,7.72
2025-04-03,Delhi,120,31.03,0.0,12.17
2025-04-04,Delhi,120,32.58,0.0,15.83
2025-04-05,Delhi,120,33.44,2.84,9.86
2025-04-06,Delhi,120,32.1,0.0,12.39
2025-04-07,Delhi,120,34.49,0.0,5.32
2025-04-08,Delhi,120,33.5,0.0,12.41
2025-04-09,Delhi,120,33.49,0.0,4.42
2025-04-10,Delhi,120,33.44,0.0,11.19
2025-04-11,Delhi,120,31.53,0.0,12.68
2025-04-12,Delhi,120,32.03,0.0,8.02
2025-04-13,Delhi,120,29.09,0.0,12.11
2025-04-14,Delhi,120,28.39,7.23,15.07
2025-04-15,Delhi,120,30.95,0.0,15.79
2025-04-16,Delhi,120,32.42,0.0,12.83
2025-04-17,Delhi,120,35.09,0.0,12.89
2025-04-18,Delhi,120,36.43,0.0,16.06
2025-04-19,Delhi,120,33.82,0.0,10.41
2025-04-20,Delhi,120,34.09,0.0,6.25
2025-04-21,Delhi,120,34.4,0.0,8.64
2025-04-22,Delhi,120,32.45,0.0,8.4
2025-04-23,Delhi,120,33.62,0.0,11.02
2025-04-24,Delhi,120,34.03,0.0,7.53
2025-04-25,Delhi,120,32.4,0.0,7.79
2025-04-26,Delhi,120,35.42,0.0,5.29
2025-04-27,Delhi,120,33.07,0.0,13.29
2025-04-28,Delhi,120,29.36,0.0,12.23
2025-04-29,Delhi,120,26.69,0.0,11.37
2025-04-30,Delhi,120,26.89,0.0,8.87
2025-05-01,Delhi,120,32.57,0.0,11.59
2025-05-02,Delhi,120,32.86,0.0,12.31
2025-05-03,Delhi,120,31.18,0.0,9.52
2025-05-04,Delhi,120,32.83,0.0,14.07
2025-05-05,Delhi,120,34.02,0.0,11.09
2025-05-06,Delhi,120,32.23,0.0,11.75
2025-05-07,Delhi,120,35.64,0.0,11.2
2025-05-08,Delhi,120,34.78,0.0,15.04
2025-05-09,Delhi,120,35.57,0.0,13.01
2025-05-10,Delhi,120,33.24,0.0,14.43
2025-05-11,Delhi,120,35.1,0.0,14.39
2025-05-12,Delhi,120,32.82,0.0,9.52
2025-05-13,Delhi,120,32.15,0.0,10.74
2025-05-14,Delhi,120,33.6,0.0,11.57
2025-05-15,Delhi,120,36.29,0.0,10.81
2025-05-16,Delhi,120,32.94,0.0,15.98
2025-05-17,Delhi,120,34.85,0.0,11.0
2025-05-18,Delhi,120,33.64,0.0,12.53
2025-05-19,Delhi,120,31.55,0.0,11.32
2025-05-20,Delhi,120,30.38,0.0,16.33
2025-05-21,Delhi,120,33.17,0.0,15.39
2025-05-22,Delhi,120,33.87,0.0,15.49
2025-05-23,Delhi,120,34.02,0.0,15.37
2025-05-24,Delhi,120,33.45,0.0,16.5
2025-05-25,Delhi,120,36.97,0.0,10.04
2025-05-26,Delhi,120,31.47,0.0,8.31
2025-05-27,Delhi,120,33.57,0.0,13.3
2025-05-28,Delhi,120,31.26,0.0,6.39
2025-05-29,Delhi,120,33.28,17.7,11.88
2025-05-30,Delhi,120,34.71,10.65,18.74
2025-05-31,Delhi,120,35.86,0.0,14.76
2025-06-01,Delhi,120,37.68,0.0,11.05
2025-06-02,Delhi,120,40.11,0.0,17.11
2025-06-03,Delhi,120,37.29,0.0,17.57
2025-06-04,Delhi,120,33.61,13.0,18.03
2025-06-05,Delhi,120,36.11,13.23,13.55
2025-06-06,Delhi,120,36.92,10.23,17.71
2025-06-07,Delhi,120,37.94,0.0,16.13
2025-06-08,Delhi,120,33.79,0.0,14.62
2025-06-09,Delhi,120,33.85,0.0,12.29
2025-06-10,Delhi,120,31.64,4.97,18.22
2025-06-11,Delhi,120,33.84,0.0,16.4
2025-06-12,Delhi,120,34.66,0.0,15.98
2025-06-13,Delhi,120,35.49,0.0,14.64
2025-06-14,Delhi,120,33.95,0.0,14.61
2025-06-15,Delhi,120,32.0,0.0,15.53
2025-06-16,Delhi,120,32.29,0.0,13.61
2025-06-17,Delhi,120,30.4,0.0,13.5
2025-06-18,Delhi,120,28.37,0.0,14.25
2025-06-19,Delhi,120,30.86,11.84,16.9
2025-06-20,Delhi,120,30.3,11.56,11.13
2025-06-21,Delhi,120,32.89,0.0,10.53
2025-06-22,Delhi,120,33.2,9.68,13.97
2025-06-23,Delhi,120,34.31,0.0,12.96
2025-06-24,Delhi,120,34.19,2.54,14.6
2025-06-25,Delhi,120,32.3,1.46,9.83
2025-06-26,Delhi,120,34.79,0.0,14.1
2025-06-27,Delhi,120,34.41,4.47,11.03
2025-06-28,Delhi,120,34.86,5.79,13.67
2025-06-29,Delhi,120,38.03,0.0,11.81
2025-06-30,Delhi,120,34.91,24.04,14.1
2025-07-01,Delhi,120,30.43,0.0,9.54
2025-07-02,Delhi,120,31.09,0.0,14.02
2025-07-03,Delhi,120,31.63,0.0,12.91
2025-07-04,Delhi,120,32.92,0.0,13.39
2025-07-05,Delhi,120,33.6,0.0,9.35
2025-07-06,Delhi,120,32.77,0.0,10.03
2025-07-07,Delhi,120,33.22,0.0,10.12
2025-07-08,Delhi,120,32.12,21.36,11.74
2025-07-09,Delhi,120,30.98,0.85,8.35
2025-07-10,Delhi,120,29.1,1.26,13.21
2025-07-11,Delhi,120,30.12,8.3,10.54
2025-07-12,Delhi,120,33.45,11.94,12.41
2025-07-13,Delhi,120,31.83,0.0,5.6
2025-07-14,Delhi,120,32.11,0.0,6.62
2025-07-15,Delhi,120,29.8,0.0,12.89
2025-07-16,Delhi,120,30.46,0.0,4.15
2025-07-17,Delhi,120,32.41,0.0,10.41
2025-07-18,Delhi,120,33.19,0.0,14.64
2025-07-19,Delhi,120,31.26,0.0,9.3
2025-07-20,Delhi,120,31.09,17.23,14.0
2025-07-21,Delhi,120,30.8,4.01,10.45
2025-07-22,Delhi,120,31.92,3.57,11.45
2025-07-23,Delhi,120,32.92,6.21,12.55
2025-07-24,Delhi,120,30.87,4.35,11.85
2025-07-25,Delhi,120,32.01,5.06,11.26
2025-07-26,Delhi,120,31.29,13.76,11.53
2025-07-27,Delhi,120,31.32,17.17,17.67
2025-07-28,Delhi,120,30.64,7.14,10.7
2025-07-29,Delhi,120,31.39,19.17,17.12
2025-07-30,Delhi,120,31.86,1.76,16.15
2025-07-31,Delhi,120,34.14,20.72,20.13
2025-08-01,Delhi,120,32.72,7.75,9.86
2025-08-02,Delhi,120,30.57,15.78,10.98
2025-08-03,Delhi,120,33.94,23.83,18.87
2025-08-04,Delhi,120,29.2,8.37,13.86
2025-08-05,Delhi,120,33.22,0.0,15.78
2025-08-06,Delhi,120,31.2,0.0,12.27
2025-08-07,Delhi,120,31.88,0.0,9.81
2025-08-08,Delhi,120,31.0,5.84,10.66
2025-08-09,Delhi,120,33.16,7.35,12.33
2025-08-10,Delhi,120,31.6,4.0,9.48
2025-08-11,Delhi,120,30.1,16.68,14.12
2025-08-12,Delhi,120,27.99,10.83,10.89
2025-08-13,Delhi,120,31.01,1.81,8.39
2025-08-14,Delhi,120,31.19,11.58,13.51
2025-08-15,Delhi,120,30.98,8.13,13.62
2025-08-16,Delhi,120,30.31,0.0,7.55
2025-08-17,Delhi,120,32.73,0.0,8.61
2025-08-18,Delhi,120,30.14,0.0,9.6
2025-08-19,Delhi,120,29.45,0.0,9.77
2025-08-20,Delhi,120,27.95,0.0,9.42
2025-08-21,Delhi,120,29.63,0.0,11.77
2025-08-22,Delhi,120,28.93,2.44,8.48
2025-08-23,Delhi,120,29.96,1.56,9.29
2025-08-24,Delhi,120,29.04,0.35,10.59
2025-08-25,Delhi,120,30.08,12.65,6.56
2025-08-26,Delhi,120,28.02,0.0,9.49
2025-08-27,Delhi,120,31.12,6.12,8.9
2025-08-28,Delhi,120,28.8,7.2,8.92
2025-08-29,Delhi,120,31.24,6.72,13.14
2025-08-30,Delhi,120,29.19,4.92,10.02
2025-08-31,Delhi,120,31.84,2.07,8.47
2025-09-01,Delhi,120,31.08,5.61,12.2
2025-09-02,Delhi,120,27.59,0.0,8.05
2025-09-03,Delhi,120,30.92,5.53,9.73
2025-09-04,Delhi,120,29.55,20.43,12.07
2025-09-05,Delhi,120,30.39,9.9,7.09
2025-09-06,Delhi,120,29.86,27.89,13.33
2025-09-07,Delhi,120,30.28,26.82,14.12
2025-09-08,Delhi,120,29.85,0.0,8.44
2025-09-09,Delhi,120,30.24,0.0,10.58
2025-09-10,Delhi,120,30.48,7.42,11.03
2025-09-11,Delhi,120,27.27,10.68,8.21
2025-09-12,Delhi,120,28.83,4.68,8.4
2025-09-13,Delhi,120,27.87,0.0,5.84
2025-09-14,Delhi,120,27.69,0.0,10.99
2025-09-15,Delhi,120,27.29,0.0,11.96
2025-09-16,Delhi,120,28.46,25.65,14.62
2025-09-17,Delhi,120,31.17,0.0,11.05
2025-09-18,Delhi,120,29.61,0.0,9.62
2025-09-19,Delhi,120,33.02,0.0,11.36
2025-09-20,Delhi,120,32.22,0.0,12.61
2025-09-21,Delhi,120,32.41,4.41,2.06
2025-09-22,Delhi,120,29.05,0.0,6.95
2025-09-23,Delhi,120,29.92,0.0,8.86
2025-09-24,Delhi,120,29.19,0.0,8.02
2025-09-25,Delhi,120,29.62,0.0,5.76
2025-09-26,Delhi,120,29.13,0.0,7.44
2025-09-27,Delhi,120,29.53,0.0,9.9
2025-09-28,Delhi,120,28.54,0.0,6.17
2025-09-29,Delhi,120,29.09,0.0,4.14
2025-09-30,Delhi,120,29.9,0.0,3.26
2023-01-01,Delhi,168,15.35,0.0,7.18
2023-01-02,Delhi,168,12.81,0.0,9.17
2023-01-03,Delhi,168,11.45,9.44,9.42
2023-01-04,Delhi,168,17.15,0.0,6.25
2023-01-05,Delhi,168,12.55,0.0,3.34
2023-01-06,Delhi,168,13.28,0.0,1.55
2023-01-07,Delhi,168,14.27,0.0,1.33
2023-01-08,Delhi,168,10.95,0.0,5.97
2023-01-09,Delhi,168,14.33,0.0,5.56
2023-01-10,Delhi,168,13.09,0.0,6.04
2023-01-11,Delhi,168,13.04,0.0,7.43
2023-01-12,Delhi,168,10.94,0.0,4.66
2023-01-13,Delhi,168,12.79,0.0,11.21
2023-01-14,Delhi,168,11.18,0.0,13.41
2023-01-15,Delhi,168,17.09,0.0,5.84
2023-01-16,Delhi,168,14.39,0.0,6.67
2023-01-17,Delhi,168,16.59,0.0,7.64
2023-01-18,Delhi,168,12.37,21.88,13.88
2023-01-19,Delhi,168,11.94,5.73,12.55
2023-01-20,Delhi,168,16.17,0.0,1.2
2023-01-21,Delhi,168,15.35,0.0,5.77
2023-01-22,Delhi,168,18.57,0.0,13.76
2023-01-23,Delhi,168,16.94,0.0,12.13
2023-01-24,Delhi,168,11.65,0.0,12.09
2023-01-25,Delhi,168,12.3,0.0,4.55
2023-01-26,Delhi,168,10.71,0.0,9.05
2023-01-27,Delhi,168,11.58,0.0,11.78
2023-01-28,Delhi,168,14.29,0.0,4.19
2023-01-29,Delhi,168,14.08,0.0,5.56
2023-01-30,Delhi,168,14.59,0.0,3.12
2023-01-31,Delhi,168,14.01,0.0,4.2
2023-02-01,Delhi,168,17.97,0.0,4.29
2023-02-02,Delhi,168,16.16,0.0,8.0
2023-02-03,Delhi,168,19.3,0.0,10.08
2023-02-04,Delhi,168,19.11,0.0,6.98
2023-02-05,Delhi,168,15.06,0.0,2.17
2023-02-06,Delhi,168,19.63,0.0,9.82
2023-02-07,Delhi,168,17.87,0.0,8.14
2023-02-08,Delhi,168,16.53,0.0,6.22
2023-02-09,Delhi,168,17.81,0.0,11.14
2023-02-10,Delhi,168,16.4,0.0,8.17
2023-02-11,Delhi,168,15.11,0.0,4.63
2023-02-12,Delhi,168,16.35,0.0,12.04
2023-02-13,Delhi,168,17.43,0.0,3.28
2023-02-14,Delhi,168,16.36,0.0,3.78
2023-02-15,Delhi,168,15.82,0.0,12.5
2023-02-16,Delhi,168,12.88,0.0,8.2
2023-02-17,Delhi,168,14.03,0.0,6.42
2023-02-18,Delhi,168,15.99,0.0,9.58
2023-02-19,Delhi,168,16.49,35.33,12.6
2023-02-20,Delhi,168,18.95,0.0,7.65
2023-02-21,Delhi,168,16.1,0.0,12.93
2023-02-22,Delhi,168,17.72,0.0,9.66
2023-02-23,Delhi,168,16.45,0.0,8.68
2023-02-24,Delhi,168,14.86,0.0,6.95
2023-02-25,Delhi,168,15.84,0.0,3.98
2023-02-26,Delhi,168,16.64,0.0,9.03
2023-02-27,Delhi,168,14.63,13.95,12.42
2023-02-28,Delhi,168,17.55,0.0,11.63
2023-03-01,Delhi,168,22.76,0.0,7.85
2023-03-02,Delhi,168,26.22,0.0,4.5
2023-03-03,Delhi,168,26.62,0.0,8.08
2023-03-04,Delhi,168,22.91,0.0,5.59
2023-03-05,Delhi,168,22.24,0.0,6.44
2023-03-06,Delhi,168,19.85,0.0,12.32
2023-03-07,Delhi,168,24.25,0.0,2.05
2023-03-08,Delhi,168,18.67,0.0,8.7
2023-03-09,Delhi,168,24.38,0.0,8.92
2023-03-10,Delhi,168,24.51,0.0,8.41
2023-03-11,Delhi,168,28.18,0.0,10.41
2023-03-12,Delhi,168,24.56,0.0,7.74
2023-03-13,Delhi,168,23.21,0.0,6.76
2023-03-14,Delhi,168,23.23,0.0,9.98
2023-03-15,Delhi,168,22.76,0.0,8.13
2023-03-16,Delhi,168,23.22,0.0,6.03
2023-03-17,Delhi,168,25.48,2.92,7.48
2023-03-18,Delhi,168,24.88,7.02,14.97
2023-03-19,Delhi,168,24.02,0.0,11.39
2023-03-20,Delhi,168,25.05,0.0,11.34
2023-03-21,Delhi,168,25.37,0.0,12.76
2023-03-22,Delhi,168,23.5,0.0,10.36
2023-03-23,Delhi,168,24.34,0.0,8.15
2023-03-24,Delhi,168,23.57,0.0,12.44
2023-03-25,Delhi,168,23.97,0.0,9.93
2023-03-26,Delhi,168,22.0,0.0,9.39
2023-03-27,Delhi,168,22.59,0.0,12.52
2023-03-28,Delhi,168,23.55,0.0,11.44
2023-03-29,Delhi,168,22.83,0.0,12.51
2023-03-30,Delhi,168,25.16,30.37,15.09
2023-03-31,Delhi,168,24.72,0.0,15.7
2023-04-01,Delhi,168,31.91,0.0,9.68
2023-04-02,Delhi,168,27.77,0.0,10.74
2023-04-03,Delhi,168,27.48,0.0,13.15
2023-04-04,Delhi,168,29.67,0.0,6.54
2023-04-05,Delhi,168,29.88,0.0,8.05
2023-04-06,Delhi,168,28.4,0.0,7.74
2023-04-07,Delhi,168,29.93,0.0,8.59
2023-04-08,Delhi,168,31.52,0.0,12.85
2023-04-09,Delhi,168,29.72,0.0,6.18
2023-04-10,Delhi,168,28.99,0.0,5.2
2023-04-11,Delhi,168,27.22,0.0,2.51
2023-04-12,Delhi,168,29.42,0.0,6.62
2023-04-13,Delhi,168,28.83,0.0,6.8
2023-04-14,Delhi,168,29.75,0.0,2.02
2023-04-15,Delhi,168,29.32,0.0,10.65
2023-04-16,Delhi,168,31.57,0.0,6.3
2023-04-17,Delhi,168,30.28,0.0,11.99
2023-04-18,Delhi,168,31.59,0.0,14.02
2023-04-19,Delhi,168,33.16,0.0,4.39
2023-04-20,Delhi,168,31.37,0.0,4.28
2023-04-21,Delhi,168,29.62,0.0,10.85
2023-04-22,Delhi,168,30.68,0.0,12.88
2023-04-23,Delhi,168,31.62,0.0,12.85
2023-04-24,Delhi,168,32.77,0.0,14.86
2023-04-25,Delhi,168,28.22,0.0,14.09
2023-04-26,Delhi,168,28.01,0.0,10.2
2023-04-27,Delhi,168,30.81,0.0,8.38
2023-04-28,Delhi,168,33.12,0.0,8.89
2023-04-29,Delhi,168,30.04,0.0,8.51
2023-04-30,Delhi,168,30.4,0.0,9.34
2023-05-01,Delhi,168,36.09,0.0,18.37
2023-05-02,Delhi,168,36.61,0.0,15.82
2023-05-03,Delhi,168,34.86,0.0,15.4
2023-05-04,Delhi,168,34.66,0.0,14.24
2023-05-05,Delhi,168,35.23,0.0,12.95
2023-05-06,Delhi,168,31.48,0.0,11.15
2023-05-07,Delhi,168,33.6,0.0,10.58
2023-05-08,Delhi,168,32.63,0.0,13.08
2023-05-09,Delhi,168,31.79,0.0,8.15
2023-05-10,Delhi,168,32.73,0.0,7.95
2023-05-11,Delhi,168,32.45,0.0,13.27
2023-05-12,Delhi,168,37.62,0.0,10.95
2023-05-13,Delhi,168,36.72,0.0,14.73
2023-05-14,Delhi,168,32.9,0.0,12.56
2023-05-15,Delhi,168,34.92,53.28,20.07
2023-05-16,Delhi,168,32.86,0.0,11.04
2023-05-17,Delhi,168,32.25,0.0,9.65
2023-05-18,Delhi,168,32.67,0.0,16.42
2023-05-19,Delhi,168,33.61,0.0,7.79
2023-05-20,Delhi,168,34.33,0.0,17.0
2023-05-21,Delhi,168,36.11,0.0,14.94
2023-05-22,Delhi,168,33.98,0.0,9.79
2023-05-23,Delhi,168,37.01,0.0,9.59
2023-05-24,Delhi,168,34.48,0.0,13.88
2023-05-25,Delhi,168,35.12,0.0,14.61
2023-05-26,Delhi,168,32.48,0.0,14.37
2023-05-27,Delhi,168,35.89,0.0,8.28
2023-05-28,Delhi,168,34.98,0.0,10.4
2023-05-29,Delhi,168,31.73,0.0,12.15
2023-05-30,Delhi,168,32.57,0.0,7.33
2023-05-31,Delhi,168,32.88,0.0,11.27
2023-06-01,Delhi,168,34.99,0.0,9.58
2023-06-02,Delhi,168,32.43,0.0,9.69
2023-06-03,Delhi,168,31.2,0.0,15.75
2023-06-04,Delhi,168,33.43,0.0,16.9
2023-06-05,Delhi,168,35.67,0.0,15.01
2023-06-06,Delhi,168,34.18,0.0,15.38
2023-06-07,Delhi,168,33.28,0.0,17.78
2023-06-08,Delhi,168,39.91,0.0,11.54
2023-06-09,Delhi,168,40.98,0.0,8.56
2023-06-10,Delhi,168,37.99,0.0,11.12
2023-06-11,Delhi,168,37.63,0.0,11.6
2023-06-12,Delhi,168,35.43,0.0,6.56
2023-06-13,Delhi,168,33.2,0.0,9.05
2023-06-14,Delhi,168,34.37,4.95,11.9
2023-06-15,Delhi,168,34.82,6.9,9.8
2023-06-16,Delhi,168,35.36,0.0,14.5
2023-06-17,Delhi,168,35.1,0.0,11.45
2023-06-18,Delhi,168,35.03,0.0,5.11
2023-06-19,Delhi,168,34.8,0.0,14.0
2023-06-20,Delhi,168,35.23,0.0,12.18
2023-06-21,Delhi,168,34.95,0.0,12.03
2023-06-22,Delhi,168,34.5,0.0,11.17
2023-06-23,Delhi,168,36.52,30.91,20.21
2023-06-24,Delhi,168,33.24,0.6,10.59
2023-06-25,Delhi,168,34.5,0.0,11.54
2023-06-26,Delhi,168,28.34,1.82,12.6
2023-06-27,Delhi,168,30.44,0.0,14.55
2023-06-28,Delhi,168,32.8,0.0,17.75
2023-06-29,Delhi,168,33.06,0.0,23.25
2023-06-30,Delhi,168,32.03,0.0,13.23
2023-07-01,Delhi,168,28.84,6.85,9.83
2023-07-02,Delhi,168,29.46,9.01,14.95
2023-07-03,Delhi,168,30.33,0.0,12.44
2023-07-04,Delhi,168,29.54,11.29,11.21
2023-07-05,Delhi,168,30.72,0.44,13.59
2023-07-06,Delhi,168,31.53,0.0,12.97
2023-07-07,Delhi,168,34.03,1.05,16.16
2023-07-08,Delhi,168,33.41,11.14,16.33
2023-07-09,Delhi,168,29.49,13.17,22.65
2023-07-10,Delhi,168,34.11,22.95,18.12
2023-07-11,Delhi,168,32.42,3.54,12.97
2023-07-12,Delhi,168,31.8,21.77,10.58
2023-07-13,Delhi,168,29.73,9.46,12.72
2023-07-14,Delhi,168,30.6,33.71,19.44
2023-07-15,Delhi,168,29.19,7.92,10.44
2023-07-16,Delhi,168,29.0,1.96,7.46
2023-07-17,Delhi,168,32.95,24.59,12.22
2023-07-18,Delhi,168,34.45,11.38,13.56
2023-07-19,Delhi,168,31.57,4.29,9.45
2023-07-20,Delhi,168,30.32,0.0,16.32
2023-07-21,Delhi,168,32.62,7.55,7.21
2023-07-22,Delhi,168,32.39,0.0,12.05
2023-07-23,Delhi,168,32.71,0.0,12.7
2023-07-24,Delhi,168,32.26,0.0,8.89
2023-07-25,Delhi,168,32.83,0.0,6.09
2023-07-26,Delhi,168,33.25,0.0,7.93
2023-07-27,Delhi,168,31.76,0.0,7.0
2023-07-28,Delhi,168,29.17,0.0,12.5
2023-07-29,Delhi,168,30.5,0.0,8.17
2023-07-30,Delhi,168,32.39,2.8,13.81
2023-07-31,Delhi,168,31.73,12.07,14.44
2023-08-01,Delhi,168,30.04,14.43,14.84
2023-08-02,Delhi,168,31.35,39.64,16.36
2023-08-03,Delhi,168,30.96,2.69,13.18
2023-08-04,Delhi,168,30.88,2.29,11.1
2023-08-05,Delhi,168,30.04,10.0,9.12
2023-08-06,Delhi,168,32.42,1.01,3.83
2023-08-07,Delhi,168,32.89,2.02,17.95
2023-08-08,Delhi,168,30.99,7.64,15.13
2023-08-09,Delhi,168,31.99,7.75,14.21
2023-08-10,Delhi,168,31.15,6.79,9.3
2023-08-11,Delhi,168,32.41,8.55,9.97
2023-08-12,Delhi,168,32.29,6.54,14.1
2023-08-13,Delhi,168,34.39,0.84,13.86
2023-08-14,Delhi,168,32.91,8.22,14.0
2023-08-15,Delhi,168,30.76,4.4,15.5
2023-08-16,Delhi,168,30.61,9.0,14.26
2023-08-17,Delhi,168,29.37,2.01,10.44
2023-08-18,Delhi,168,34.27,7.44,8.05
2023-08-19,Delhi,168,32.43,8.54,13.21
2023-08-20,Delhi,168,28.14,12.69,12.88
2023-08-21,Delhi,168,27.44,8.47,9.7
2023-08-22,Delhi,168,26.34,0.75,1.3
2023-08-23,Delhi,168,28.45,20.52,12.69
2023-08-24,Delhi,168,31.0,0.0,1.91
2023-08-25,Delhi,168,29.58,0.0,8.94
2023-08-26,Delhi,168,30.05,0.0,8.09
2023-08-27,Delhi,168,29.97,7.94,10.61
2023-08-28,Delhi,168,27.4,3.75,11.12
2023-08-29,Delhi,168,27.03,17.58,15.79
2023-08-30,Delhi,168,28.03,4.98,15.39
2023-08-31,Delhi,168,22.45,14.1,15.45
2023-09-01,Delhi,168,25.17,9.52,11.78
2023-09-02,Delhi,168,25.92,10.45,11.5
2023-09-03,Delhi,168,25.94,12.24,15.87
2023-09-04,Delhi,168,28.13,0.0,9.04
2023-09-05,Delhi,168,28.63,0.0,6.4
2023-09-06,Delhi,168,29.65,0.0,10.57
2023-09-07,Delhi,168,30.07,0.0,7.31
2023-09-08,Delhi,168,28.0,0.0,6.71
2023-09-09,Delhi,168,34.29,0.0,8.09
2023-09-10,Delhi,168,31.1,5.82,6.65
2023-09-11,Delhi,168,31.42,8.97,17.31
2023-09-12,Delhi,168,28.69,16.33,11.1
2023-09-13,Delhi,168,29.74,0.0,4.49
2023-09-14,Delhi,168,25.76,0.0,11.6
2023-09-15,Delhi,168,32.54,0.0,7.01
2023-09-16,Delhi,168,28.62,0.0,4.85
2023-09-17,Delhi,168,26.82,0.0,3.98
2023-09-18,Delhi,168,28.86,0.0,3.83
2023-09-19,Delhi,168,30.58,0.0,1.43
2023-09-20,Delhi,168,31.07,5.35,5.79
2023-09-21,Delhi,168,27.98,0.0,5.96
2023-09-22,Delhi,168,28.59,0.0,6.43
2023-09-23,Delhi,168,30.58,0.0,2.56
2023-09-24,Delhi,168,30.85,0.0,4.03
2023-09-25,Delhi,168,27.88,0.0,8.08
2023-09-26,Delhi,168,29.79,2.35,6.07
2023-09-27,Delhi,168,28.95,0.0,4.08
2023-09-28,Delhi,168,30.02,0.0,7.15
2023-09-29,Delhi,168,29.8,5.33,6.56
2023-09-30,Delhi,168,32.38,13.44,6.39
2023-10-01,Delhi,168,25.17,0.0,3.65
2023-10-02,Delhi,168,28.59,0.0,7.16
2023-10-03,Delhi,168,27.56,0.0,4.72
2023-10-04,Delhi,168,25.38,0.0,5.49
2023-10-05,Delhi,168,24.54,0.0,5.48
2023-10-06,Delhi,168,23.61,0.0,6.94
2023-10-07,Delhi,168,22.82,0.0,4.52
2023-10-08,Delhi,168,23.35,0.0,1.11
2023-10-09,Delhi,168,27.16,0.0,2.02
2023-10-10,Delhi,168,27.83,0.0,5.99
2023-10-11,Delhi,168,27.58,102.96,21.81
2023-10-12,Delhi,168,27.08,0.0,6.19
2023-10-13,Delhi,168,22.79,0.0,3.0
2023-10-14,Delhi,168,24.14,0.0,7.33
2023-10-15,Delhi,168,25.22,0.0,4.36
2023-10-16,Delhi,168,25.65,0.0,4.2
2023-10-17,Delhi,168,22.59,0.0,2.81
2023-10-18,Delhi,168,25.19,0.0,6.95
2023-10-19,Delhi,168,23.48,0.0,8.13
2023-10-20,Delhi,168,20.87,0.0,7.33
2023-10-21,Delhi,168,21.0,0.0,7.67
2023-10-22,Delhi,168,19.94,0.0,9.41
2023-10-23,Delhi,168,19.2,0.0,3.25
2023-10-24,Delhi,168,20.95,0.0,9.53
2023-10-25,Delhi,168,22.19,0.0,4.63
2023-10-26,Delhi,168,21.97,0.0,10.06
2023-10-27,Delhi,168,22.26,0.0,3.05
2023-10-28,Delhi,168,21.27,0.0,6.68
2023-10-29,Delhi,168,24.04,0.0,4.25
2023-10-30,Delhi,168,24.8,0.0,6.05
2023-10-31,Delhi,168,31.22,0.0,2.17
2023-11-01,Delhi,168,22.13,0.0,6.75
2023-11-02,Delhi,168,18.76,0.0,3.97
2023-11-03,Delhi,168,18.49,0.0,8.95
2023-11-04,Delhi,168,19.82,0.0,2.88
2023-11-05,Delhi,168,18.4,0.0,1.34
2023-11-06,Delhi,168,17.24,0.0,7.25
2023-11-07,Delhi,168,15.55,0.0,12.67
2023-11-08,Delhi,168,16.97,0.0,2.58
2023-11-09,Delhi,168,15.89,0.0,0.8
2023-11-10,Delhi,168,15.16,0.0,0.98
2023-11-11,Delhi,168,16.89,0.0,6.85
2023-11-12,Delhi,168,20.45,0.0,5.73
2023-11-13,Delhi,168,17.46,0.0,7.71
2023-11-14,Delhi,168,20.8,0.0,2.7
2023-11-15,Delhi,168,21.65,0.0,3.27
2023-11-16,Delhi,168,19.67,0.0,0.25
2023-11-17,Delhi,168,17.01,0.0,4.38
2023-11-18,Delhi,168,16.76,0.0,0.0
2023-11-19,Delhi,168,16.19,0.0,4.25
2023-11-20,Delhi,168,19.43,0.0,2.51
2023-11-21,Delhi,168,17.63,0.0,4.2
2023-11-22,Delhi,168,19.98,0.0,6.51
2023-11-23,Delhi,168,18.15,0.0,10.29
2023-11-24,Delhi,168,18.4,0.0,13.0
2023-11-25,Delhi,168,19.88,0.0,12.18
2023-11-26,Delhi,168,17.76,0.0,14.93
2023-11-27,Delhi,168,16.5,0.0,9.94
2023-11-28,Delhi,168,20.26,0.0,9.5
2023-11-29,Delhi,168,20.33,0.0,8.35
2023-11-30,Delhi,168,19.07,0.0,11.81
2023-12-01,Delhi,168,18.39,0.0,5.43
2023-12-02,Delhi,168,16.46,0.0,7.86
2023-12-03,Delhi,168,19.35,0.0,9.81
2023-12-04,Delhi,168,17.36,0.0,4.11
2023-12-05,Delhi,168,15.06,0.0,2.97
2023-12-06,Delhi,168,14.07,0.0,2.31
2023-12-07,Delhi,168,12.65,0.0,12.14
2023-12-08,Delhi,168,16.28,0.0,10.02
2023-12-09,Delhi,168,15.91,0.0,6.95
2023-12-10,Delhi,168,11.61,0.0,0.0
2023-12-11,Delhi,168,8.75,0.0,7.13
2023-12-12,Delhi,168,12.39,0.0,6.38
2023-12-13,Delhi,168,14.91,0.0,10.23
2023-12-14,Delhi,168,11.85,0.0,2.29
2023-12-15,Delhi,168,10.35,0.0,3.62
2023-12-16,Delhi,168,12.98,0.0,4.42
2023-12-17,Delhi,168,14.1,9.9,11.0
2023-12-18,Delhi,168,14.76,0.0,8.01
2023-12-19,Delhi,168,18.12,0.0,8.46
2023-12-20,Delhi,168,18.8,0.0,8.5
2023-12-21,Delhi,168,17.74,0.0,7.0
2023-12-22,Delhi,168,14.43,0.0,4.2
2023-12-23,Delhi,168,15.07,0.0,3.25
2023-12-24,Delhi,168,14.73,0.0,6.06
2023-12-25,Delhi,168,14.6,0.0,5.6
2023-12-26,Delhi,168,16.39,0.0,6.93
2023-12-27,Delhi,168,14.91,0.0,6.46
2023-12-28,Delhi,168,15.43,0.0,8.8
2023-12-29,Delhi,168,16.35,1.88,6.53
2023-12-30,Delhi,168,15.03,0.0,9.1
2023-12-31,Delhi,168,14.56,0.0,11.79
2024-01-01,Delhi,168,15.98,0.0,4.92
2024-01-02,Delhi,168,13.87,0.0,5.04
2024-01-03,Delhi,168,11.65,0.0,10.43
2024-01-04,Delhi,168,12.91,0.0,5.83
2024-01-05,Delhi,168,12.36,0.0,6.64
2024-01-06,Delhi,168,12.46,0.0,10.36
2024-01-07,Delhi,168,11.37,0.0,11.86
2024-01-08,Delhi,168,10.76,0.0,6.35
2024-01-09,Delhi,168,11.68,0.0,10.3
2024-01-10,Delhi,168,9.81,0.0,8.15
2024-01-11,Delhi,168,11.95,0.0,9.1
2024-01-12,Delhi,168,13.03,0.0,6.22
2024-01-13,Delhi,168,13.51,0.0,6.37
2024-01-14,Delhi,168,12.55,0.0,4.55
2024-01-15,Delhi,168,14.72,0.0,8.31
2024-01-16,Delhi,168,12.48,0.0,0.0
2024-01-17,Delhi,168,10.71,0.0,1.07
2024-01-18,Delhi,168,14.04,0.0,5.96
2024-01-19,Delhi,168,15.33,0.0,5.52
2024-01-20,Delhi,168,14.05,0.0,4.9
2024-01-21,Delhi,168,10.77,0.0,10.17
2024-01-22,Delhi,168,10.54,0.0,11.14
2024-01-23,Delhi,168,11.95,0.0,1.24
2024-01-24,Delhi,168,16.09,0.0,5.32
2024-01-25,Delhi,168,14.28,0.0,8.3
2024-01-26,Delhi,168,12.07,0.0,4.22
2024-01-27,Delhi,168,9.67,0.0,5.39
2024-01-28,Delhi,168,12.69,0.0,6.13
2024-01-29,Delhi,168,9.32,0.0,3.3
2024-01-30,Delhi,168,14.66,0.0,2.44
2024-01-31,Delhi,168,14.64,0.0,5.11
2024-02-01,Delhi,168,21.51,0.0,7.55
2024-02-02,Delhi,168,20.19,0.0,8.18
2024-02-03,Delhi,168,20.23,0.0,13.83
2024-02-04,Delhi,168,20.96,0.0,13.39
2024-02-05,Delhi,168,18.91,0.0,10.46
2024-02-06,Delhi,168,17.71,0.0,6.32
2024-02-07,Delhi,168,16.85,0.0,10.49
2024-02-08,Delhi,168,22.72,0.0,9.2
2024-02-09,Delhi,168,21.08,0.0,9.54
2024-02-10,Delhi,168,18.5,0.0,13.15
2024-02-11,Delhi,168,20.17,0.0,10.4
2024-02-12,Delhi,168,17.94,0.0,11.16
2024-02-13,Delhi,168,18.83,0.0,8.97
2024-02-14,Delhi,168,14.0,0.0,3.12
2024-02-15,Delhi,168,17.61,0.0,12.15
2024-02-16,Delhi,168,16.1,0.0,12.95
2024-02-17,Delhi,168,21.45,0.0,6.43
2024-02-18,Delhi,168,16.97,0.0,15.6
2024-02-19,Delhi,168,16.84,0.0,9.03
2024-02-20,Delhi,168,18.53,0.0,14.54
2024-02-21,Delhi,168,14.92,0.0,12.09
2024-02-22,Delhi,168,14.4,0.0,9.21
2024-02-23,Delhi,168,17.4,0.0,9.37
2024-02-24,Delhi,168,17.22,0.0,9.08
2024-02-25,Delhi,168,15.23,0.0,13.56
2024-02-26,Delhi,168,12.78,0.0,7.87
2024-02-27,Delhi,168,14.81,0.0,10.32
2024-02-28,Delhi,168,17.83,0.0,10.62
2024-02-29,Delhi,168,18.92,12.76,12.84
2024-03-01,Delhi,168,27.71,0.0,7.62
2024-03-02,Delhi,168,24.66,0.0,7.21
2024-03-03,Delhi,168,23.27,0.0,9.64
2024-03-04,Delhi,168,25.59,0.0,6.63
2024-03-05,Delhi,168,24.6,0.0,9.69
2024-03-06,Delhi,168,24.83,0.0,10.65
2024-03-07,Delhi,168,27.07,0.0,7.77
2024-03-08,Delhi,168,24.67,0.0,9.91
2024-03-09,Delhi,168,24.91,0.0,6.99
2024-03-10,Delhi,168,23.63,0.0,8.25
2024-03-11,Delhi,168,25.84,0.0,8.95
2024-03-12,Delhi,168,22.94,0.0,9.74
2024-03-13,Delhi,168,22.78,0.0,10.4
2024-03-14,Delhi,168,19.91,0.0,7.22
2024-03-15,Delhi,168,22.2,0.0,5.5
2024-03-16,Delhi,168,22.85,0.0,5.16
2024-03-17,Delhi,168,23.08,0.0,3.73
2024-03-18,Delhi,168,21.7,0.0,5.04
2024-03-19,Delhi,168,21.64,0.0,3.55
2024-03-20,Delhi,168,22.86,0.0,8.79
2024-03-21,Delhi,168,23.39,0.0,7.0
2024-03-22,Delhi,168,24.13,0.0,6.13
2024-03-23,Delhi,168,26.71,0.0,4.99
2024-03-24,Delhi,168,26.71,0.0,4.3
2024-03-25,Delhi,168,27.99,0.0,7.51
2024-03-26,Delhi,168,25.87,0.0,12.83
2024-03-27,Delhi,168,24.03,0.0,6.86
2024-03-28,Delhi,168,22.07,0.0,13.78
2024-03-29,Delhi,168,21.99,0.0,8.67
2024-03-30,Delhi,168,26.52,0.0,16.06
2024-03-31,Delhi,168,27.07,0.0,13.13
2024-04-01,Delhi,168,33.09,0.0,11.47
2024-04-02,Delhi,168,32.14,0.0,8.25
2024-04-03,Delhi,168,34.19,0.0,7.54
2024-04-04,Delhi,168,29.78,4.1,14.5
2024-04-05,Delhi,168,34.98,0.0,13.17
2024-04-06,Delhi,168,29.77,0.0,11.27
2024-04-07,Delhi,168,28.73,0.0,8.79
2024-04-08,Delhi,168,29.91,0.0,11.97
2024-04-09,Delhi,168,26.33,0.0,12.62
2024-04-10,Delhi,168,30.02,0.0,12.51
2024-04-11,Delhi,168,28.36,0.0,13.38
2024-04-12,Delhi,168,28.61,0.0,11.44
2024-04-13,Delhi,168,27.89,0.0,8.64
2024-04-14,Delhi,168,28.42,0.0,10.57
2024-04-15,Delhi,168,29.09,0.0,5.57
2024-04-16,Delhi,168,29.11,0.0,15.24
2024-04-17,Delhi,168,29.52,0.0,13.66
2024-04-18,Delhi,168,33.14,0.0,13.42
2024-04-19,Delhi,168,26.92,0.0,9.78
2024-04-20,Delhi,168,28.7,0.0,13.24
2024-04-21,Delhi,168,27.71,0.0,16.98
2024-04-22,Delhi,168,29.73,0.0,8.81
2024-04-23,Delhi,168,27.52,0.0,15.45
2024-04-24,Delhi,168,30.55,0.0,14.37
2024-04-25,Delhi,168,25.03,0.0,7.99
2024-04-26,Delhi,168,29.13,0.0,12.23
2024-04-27,Delhi,168,29.43,0.0,10.11
2024-04-28,Delhi,168,28.91,0.0,13.74
2024-04-29,Delhi,168,26.49,0.0,14.36
2024-04-30,Delhi,168,27.47,0.0,11.69
2024-05-01,Delhi,168,32.5,0.0,13.66
2024-05-02,Delhi,168,33.94,0.0,11.19
2024-05-03,Delhi,168,30.05,0.0,16.05
2024-05-04,Delhi,168,32.43,0.0,6.58
2024-05-05,Delhi,168,32.69,0.0,13.24
2024-05-06,Delhi,168,31.14,0.0,12.87
2024-05-07,Delhi,168,33.94,0.0,13.03
2024-05-08,Delhi,168,35.12,0.0,12.34
2024-05-09,Delhi,168,37.59,0.0,16.95
2024-05-10,Delhi,168,35.64,0.0,11.51
2024-05-11,Delhi,168,35.72,0.0,10.94
2024-05-12,Delhi,168,34.62,0.0,7.38
2024-05-13,Delhi,168,32.2,0.0,12.72
2024-05-14,Delhi,168,33.22,0.0,10.06
2024-05-15,Delhi,168,33.84,0.0,10.99
2024-05-16,Delhi,168,35.59,0.0,10.79
2024-05-17,Delhi,168,36.73,0.0,11.18
2024-05-18,Delhi,168,35.74,0.0,9.69
2024-05-19,Delhi,168,33.46,0.0,11.87
2024-05-20,Delhi,168,32.3,0.0,15.55
2024-05-21,Delhi,168,32.21,0.0,16.71
2024-05-22,Delhi,168,31.38,0.0,10.4
2024-05-23,Delhi,168,31.94,0.0,12.97
2024-05-24,Delhi,168,32.5,0.0,7.88
2024-05-25,Delhi,168,32.95,0.0,13.26
2024-05-26,Delhi,168,30.7,0.0,11.28
2024-05-27,Delhi,168,31.42,0.0,9.14
2024-05-28,Delhi,168,31.55,0.0,13.64
2024-05-29,Delhi,168,33.1,0.0,13.58
2024-05-30,Delhi,168,32.31,0.0,10.77
2024-05-31,Delhi,168,33.28,0.0,13.35
2024-06-01,Delhi,168,31.93,0.0,14.77
2024-06-02,Delhi,168,34.97,14.23,11.49
2024-06-03,Delhi,168,31.3,0.0,14.11
2024-06-04,Delhi,168,33.39,0.0,18.62
2024-06-05,Delhi,168,32.87,0.0,16.85
2024-06-06,Delhi,168,35.28,0.0,9.97
2024-06-07,Delhi,168,39.42,0.0,15.1
2024-06-08,Delhi,168,35.85,0.0,16.41
2024-06-09,Delhi,168,36.41,0.0,13.55
2024-06-10,Delhi,168,31.73,0.0,19.07
2024-06-11,Delhi,168,30.32,0.0,13.31
2024-06-12,Delhi,168,32.25,0.0,14.52
2024-06-13,Delhi,168,33.63,0.0,20.01
2024-06-14,Delhi,168,32.15,0.0,14.7
2024-06-15,Delhi,168,30.63,0.71,12.25
2024-06-16,Delhi,168,32.81,0.0,12.97
2024-06-17,Delhi,168,34.01,0.0,11.3
2024-06-18,Delhi,168,32.43,0.0,11.68
2024-06-19,Delhi,168,33.55,0.0,11.51
2024-06-20,Delhi,168,33.09,0.0,11.95
2024-06-21,Delhi,168,32.65,0.0,7.3
2024-06-22,Delhi,168,36.18,0.0,9.25
2024-06-23,Delhi,168,38.07,4.24,13.06
2024-06-24,Delhi,168,37.93,0.0,10.43
2024-06-25,Delhi,168,35.79,0.0,15.27
2024-06-26,Delhi,168,35.9,0.0,14.87
2024-06-27,Delhi,168,37.97,0.0,12.49
2024-06-28,Delhi,168,34.01,1.28,10.24
2024-06-29,Delhi,168,33.82,6.16,12.36
2024-06-30,Delhi,168,33.28,3.09,8.82
2024-07-01,Delhi,168,28.48,47.16,15.14
2024-07-02,Delhi,168,30.26,10.01,9.85
2024-07-03,Delhi,168,31.2,11.44,11.92
2024-07-04,Delhi,168,34.77,22.4,18.32
2024-07-05,Delhi,168,34.88,7.29,11.27
2024-07-06,Delhi,168,33.79,7.23,16.56
2024-07-07,Delhi,168,34.47,0.0,10.07
2024-07-08,Delhi,168,33.33,0.0,13.91
2024-07-09,Delhi,168,30.99,0.0,10.5
2024-07-10,Delhi,168,33.25,0.0,13.24
2024-07-11,Delhi,168,33.51,7.49,11.69
2024-07-12,Delhi,168,34.26,9.05,7.67
2024-07-13,Delhi,168,32.51,13.87,10.85
2024-07-14,Delhi,168,32.89,2.2,5.0
2024-07-15,Delhi,168,32.0,0.0,14.01
2024-07-16,Delhi,168,33.13,0.0,14.31
2024-07-17,Delhi,168,30.95,0.0,17.1
2024-07-18,Delhi,168,32.67,0.0,16.84
2024-07-19,Delhi,168,29.29,0.0,11.17
2024-07-20,Delhi,168,30.71,0.0,11.17
2024-07-21,Delhi,168,29.4,0.0,10.09
2024-07-22,Delhi,168,32.12,27.65,11.01
2024-07-23,Delhi,168,31.16,12.84,7.18
2024-07-24,Delhi,168,32.53,1.39,8.12
2024-07-25,Delhi,168,26.56,31.82,13.75
2024-07-26,Delhi,168,29.55,7.99,13.16
2024-07-27,Delhi,168,28.21,4.31,10.51
2024-07-28,Delhi,168,28.82,6.8,15.55
2024-07-29,Delhi,168,29.9,10.93,13.1
2024-07-30,Delhi,168,29.34,0.46,15.39
2024-07-31,Delhi,168,29.19,3.52,16.35
2024-08-01,Delhi,168,32.04,24.84,12.57
2024-08-02,Delhi,168,27.77,16.49,14.43
2024-08-03,Delhi,168,30.96,28.06,9.2
2024-08-04,Delhi,168,31.11,15.02,5.39
2024-08-05,Delhi,168,32.19,24.06,9.85
2024-08-06,Delhi,168,31.92,11.54,8.97
2024-08-07,Delhi,168,32.63,21.58,8.77
2024-08-08,Delhi,168,32.45,6.1,7.04
2024-08-09,Delhi,168,31.1,0.0,7.63
2024-08-10,Delhi,168,30.9,23.27,10.04
2024-08-11,Delhi,168,30.32,16.93,12.74
2024-08-12,Delhi,168,26.59,10.07,9.04
2024-08-13,Delhi,168,29.81,0.0,10.26
2024-08-14,Delhi,168,31.1,0.0,11.53
2024-08-15,Delhi,168,31.55,2.69,9.56
2024-08-16,Delhi,168,29.22,38.1,14.88
2024-08-17,Delhi,168,29.2,0.97,11.21
2024-08-18,Delhi,168,30.64,9.66,12.55
2024-08-19,Delhi,168,30.86,26.47,13.89
2024-08-20,Delhi,168,33.1,22.37,15.53
2024-08-21,Delhi,168,30.9,15.22,16.09
2024-08-22,Delhi,168,33.29,0.0,10.79
2024-08-23,Delhi,168,30.2,0.0,16.03
2024-08-24,Delhi,168,28.55,0.0,11.48
2024-08-25,Delhi,168,34.74,0.0,5.93
2024-08-26,Delhi,168,31.19,0.0,6.82
2024-08-27,Delhi,168,35.5,11.94,5.11
2024-08-28,Delhi,168,31.27,4.14,6.76
2024-08-29,Delhi,168,28.39,18.64,4.52
2024-08-30,Delhi,168,30.29,4.12,4.05
2024-08-31,Delhi,168,28.3,2.3,9.33
2024-09-01,Delhi,168,27.93,0.0,6.85
2024-09-02,Delhi,168,26.63,0.0,8.4
2024-09-03,Delhi,168,28.39,11.33,10.09
2024-09-04,Delhi,168,26.61,0.0,8.87
2024-09-05,Delhi,168,24.89,0.0,13.78
2024-09-06,Delhi,168,29.5,0.0,7.19
2024-09-07,Delhi,168,28.3,0.0,6.63
2024-09-08,Delhi,168,25.98,19.61,11.82
2024-09-09,Delhi,168,30.62,0.0,8.8
2024-09-10,Delhi,168,31.33,0.0,7.86
2024-09-11,Delhi,168,29.29,18.9,10.39
2024-09-12,Delhi,168,31.14,3.31,0.54
2024-09-13,Delhi,168,31.62,1.09,6.04
2024-09-14,Delhi,168,31.64,0.36,5.67
2024-09-15,Delhi,168,32.26,0.0,3.41
2024-09-16,Delhi,168,27.05,0.0,2.11
2024-09-17,Delhi,168,29.15,9.7,7.52
2024-09-18,Delhi,168,29.0,0.0,6.19
2024-09-19,Delhi,168,32.31,29.02,14.92
2024-09-20,Delhi,168,31.85,2.37,15.03
2024-09-21,Delhi,168,31.94,14.89,10.65
2024-09-22,Delhi,168,30.87,0.0,9.35
2024-09-23,Delhi,168,32.9,0.0,9.77
2024-09-24,Delhi,168,29.16,0.0,10.3
2024-09-25,Delhi,168,31.17,0.0,9.01
2024-09-26,Delhi,168,29.01,11.32,9.69
2024-09-27,Delhi,168,29.22,3.83,2.62
2024-09-28,Delhi,168,28.07,0.0,7.04
2024-09-29,Delhi,168,30.29,13.79,14.07
2024-09-30,Delhi,168,29.33,4.7,10.74
2024-10-01,Delhi,168,27.34,0.0,9.87
2024-10-02,Delhi,168,26.64,0.0,6.3
2024-10-03,Delhi,168,27.47,0.0,2.55
2024-10-04,Delhi,168,27.36,0.0,6.25
2024-10-05,Delhi,168,27.56,0.0,3.06
2024-10-06,Delhi,168,24.21,0.0,2.83
2024-10-07,Delhi,168,24.91,0.0,8.72
2024-10-08,Delhi,168,23.94,0.0,3.54
2024-10-09,Delhi,168,24.87,0.0,5.98
2024-10-10,Delhi,168,25.39,0.0,2.79
2024-10-11,Delhi,168,24.42,0.0,2.35
2024-10-12,Delhi,168,23.79,0.0,10.37
2024-10-13,Delhi,168,26.24,0.0,8.89
2024-10-14,Delhi,168,23.2,0.0,0.07
2024-10-15,Delhi,168,25.17,0.0,1.44
2024-10-16,Delhi,168,24.97,0.0,5.61
2024-10-17,Delhi,168,23.83,0.0,7.41
2024-10-18,Delhi,168,23.62,0.0,2.8
2024-10-19,Delhi,168,27.19,0.0,5.42
2024-10-20,Delhi,168,25.54,0.0,4.54
2024-10-21,Delhi,168,24.88,0.0,5.99
2024-10-22,Delhi,168,24.28,0.0,7.08
2024-10-23,Delhi,168,22.77,0.0,4.34
2024-10-24,Delhi,168,25.95,0.0,2.06
2024-10-25,Delhi,168,24.32,0.0,8.86
2024-10-26,Delhi,168,27.19,0.0,4.36
2024-10-27,Delhi,168,24.41,0.0,8.07
2024-10-28,Delhi,168,25.25,0.0,7.37
2024-10-29,Delhi,168,29.81,0.0,2.57
2024-10-30,Delhi,168,27.17,0.0,1.35
2024-10-31,Delhi,168,27.02,0.0,8.06
2024-11-01,Delhi,168,19.04,0.0,6.68
2024-11-02,Delhi,168,18.94,0.0,6.43
2024-11-03,Delhi,168,21.53,0.0,5.19
2024-11-04,Delhi,168,19.17,0.0,9.9
2024-11-05,Delhi,168,22.17,0.0,7.72
2024-11-06,Delhi,168,22.02,0.0,6.01
2024-11-07,Delhi,168,19.68,0.0,7.34
2024-11-08,Delhi,168,18.58,0.0,10.69
2024-11-09,Delhi,168,19.66,0.0,8.33
2024-11-10,Delhi,168,24.15,0.0,3.18
2024-11-11,Delhi,168,21.64,0.0,2.76
2024-11-12,Delhi,168,21.53,0.0,0.0
2024-11-13,Delhi,168,20.06,0.0,0.0
2024-11-14,Delhi,168,19.43,0.0,4.86
2024-11-15,Delhi,168,17.76,0.0,6.53
2024-11-16,Delhi,168,18.63,0.0,9.38
2024-11-17,Delhi,168,23.68,0.0,5.52
2024-11-18,Delhi,168,19.37,0.0,3.46
2024-11-19,Delhi,168,20.97,0.0,9.11
2024-11-20,Delhi,168,18.84,0.0,3.93
2024-11-21,Delhi,168,20.45,0.0,5.57
2024-11-22,Delhi,168,19.55,0.0,1.87
2024-11-23,Delhi,168,18.07,0.0,3.05
2024-11-24,Delhi,168,19.61,0.0,8.57
2024-11-25,Delhi,168,16.83,0.0,8.81
2024-11-26,Delhi,168,15.94,0.0,1.0
2024-11-27,Delhi,168,19.14,0.0,2.68
2024-11-28,Delhi,168,16.65,0.0,1.02
2024-11-29,Delhi,168,19.98,0.0,0.69
2024-11-30,Delhi,168,18.64,0.0,1.45
2024-12-01,Delhi,168,12.68,0.0,10.09
2024-12-02,Delhi,168,15.41,0.0,7.37
2024-12-03,Delhi,168,14.0,0.0,4.93
2024-12-04,Delhi,168,16.02,0.0,6.65
2024-12-05,Delhi,168,17.68,0.0,4.82
2024-12-06,Delhi,168,17.25,0.0,5.57
2024-12-07,Delhi,168,12.35,0.0,4.87
2024-12-08,Delhi,168,17.23,0.0,10.05
2024-12-09,Delhi,168,17.69,0.0,6.33
2024-12-10,Delhi,168,17.47,0.0,7.91
2024-12-11,Delhi,168,15.82,0.0,9.44
2024-12-12,Delhi,168,15.58,0.0,5.3
2024-12-13,Delhi,168,15.38,0.0,7.9
2024-12-14,Delhi,168,17.18,0.0,3.72
2024-12-15,Delhi,168,15.94,0.0,8.59
2024-12-16,Delhi,168,14.91,0.0,0.38
2024-12-17,Delhi,168,13.46,0.0,8.46
2024-12-18,Delhi,168,15.18,0.0,2.22
2024-12-19,Delhi,168,13.15,0.0,9.78
2024-12-20,Delhi,168,12.85,0.0,4.09
2024-12-21,Delhi,168,12.96,0.0,5.96
2024-12-22,Delhi,168,14.0,0.0,6.14
2024-12-23,Delhi,168,15.92,0.0,2.7
2024-12-24,Delhi,168,12.01,0.0,5.36
2024-12-25,Delhi,168,12.66,0.0,4.55
2024-12-26,Delhi,168,13.64,0.0,6.95
2024-12-27,Delhi,168,14.41,0.0,6.58
2024-12-28,Delhi,168,15.99,0.0,7.12
2024-12-29,Delhi,168,13.34,0.0,2.27
2024-12-30,Delhi,168,12.65,0.0,9.19
2024-12-31,Delhi,168,16.32,0.0,7.51
2025-01-01,Delhi,168,14.44,0.0,7.67
2025-01-02,Delhi,168,16.3,0.0,7.73
2025-01-03,Delhi,168,13.88,0.0,9.79
2025-01-04,Delhi,168,14.27,0.0,4.6
2025-01-05,Delhi,168,12.71,0.0,4.79
2025-01-06,Delhi,168,18.8,0.0,2.02
2025-01-07,Delhi,168,13.86,0.0,7.0
2025-01-08,Delhi,168,12.45,0.0,7.29
2025-01-09,Delhi,168,12.01,0.0,4.47
2025-01-10,Delhi,168,13.65,0.0,5.83
2025-01-11,Delhi,168,11.19,0.0,6.13
2025-01-12,Delhi,168,10.57,0.0,1.5
2025-01-13,Delhi,168,11.42,0.0,6.09
2025-01-14,Delhi,168,9.53,0.0,8.13
2025-01-15,Delhi,168,10.24,0.0,10.78
2025-01-16,Delhi,168,16.18,0.0,9.21
2025-01-17,Delhi,168,12.83,0.0,6.04
2025-01-18,Delhi,168,12.82,23.11,12.65
2025-01-19,Delhi,168,13.96,0.0,3.52
2025-01-20,Delhi,168,13.57,0.0,7.73
2025-01-21,Delhi,168,11.04,0.0,11.0
2025-01-22,Delhi,168,11.41,0.0,4.47
2025-01-23,Delhi,168,10.98,0.0,5.17
2025-01-24,Delhi,168,9.46,0.0,7.26
2025-01-25,Delhi,168,11.05,0.0,10.65
2025-01-26,Delhi,168,12.0,0.0,8.33
2025-01-27,Delhi,168,9.15,0.0,10.46
2025-01-28,Delhi,168,12.03,0.0,7.69
2025-01-29,Delhi,168,12.98,0.0,9.84
2025-01-30,Delhi,168,13.7,0.0,5.14
2025-01-31,Delhi,168,12.9,0.0,9.99
2025-02-01,Delhi,168,16.36,11.89,12.39
2025-02-02,Delhi,168,17.86,7.76,8.71
2025-02-03,Delhi,168,18.84,0.0,10.25
2025-02-04,Delhi,168,15.51,0.0,5.91
2025-02-05,Delhi,168,16.91,0.0,3.38
2025-02-06,Delhi,168,17.6,0.0,0.0
2025-02-07,Delhi,168,16.0,0.0,10.05
2025-02-08,Delhi,168,14.32,0.0,8.89
2025-02-09,Delhi,168,18.19,0.0,7.06
2025-02-10,Delhi,168,18.88,0.0,4.77
2025-02-11,Delhi,168,20.36,0.0,9.02
2025-02-12,Delhi,168,18.38,0.0,3.94
2025-02-13,Delhi,168,17.37,0.0,4.38
2025-02-14,Delhi,168,18.29,0.0,6.67
2025-02-15,Delhi,168,16.67,0.0,9.62
2025-02-16,Delhi,168,15.36,0.0,9.62
2025-02-17,Delhi,168,16.71,0.0,9.88
2025-02-18,Delhi,168,14.69,0.0,9.5
2025-02-19,Delhi,168,15.69,0.0,2.37
2025-02-20,Delhi,168,14.67,0.0,5.13
2025-02-21,Delhi,168,16.15,0.0,10.08
2025-02-22,Delhi,168,18.08,0.0,9.38
2025-02-23,Delhi,168,16.29,3.74,6.99
2025-02-24,Delhi,168,17.29,0.0,11.82
2025-02-25,Delhi,168,15.59,0.0,7.93
2025-02-26,Delhi,168,18.56,0.0,6.86
2025-02-27,Delhi,168,20.91,0.0,7.57
2025-02-28,Delhi,168,22.77,0.0,6.33
2025-03-01,Delhi,168,31.51,0.0,8.7
2025-03-02,Delhi,168,25.27,0.0,10.98
2025-03-03,Delhi,168,23.79,0.0,8.01
2025-03-04,Delhi,168,25.05,0.0,9.34
2025-03-05,Delhi,168,23.89,0.0,7.28
2025-03-06,Delhi,168,21.29,0.0,8.63
2025-03-07,Delhi,168,22.73,0.0,9.48
2025-03-08,Delhi,168,22.89,0.0,6.48
2025-03-09,Delhi,168,23.78,0.0,9.6
2025-03-10,Delhi,168,23.76,0.0,9.59
2025-03-11,Delhi,168,22.65,0.0,9.56
2025-03-12,Delhi,168,23.62,0.0,8.1
2025-03-13,Delhi,168,21.12,0.0,7.33
2025-03-14,Delhi,168,21.35,0.0,9.42
2025-03-15,Delhi,168,20.67,0.0,13.22
2025-03-16,Delhi,168,22.81,0.0,10.32
2025-03-17,Delhi,168,23.9,0.0,11.24
2025-03-18,Delhi,168,23.89,0.0,9.66
2025-03-19,Delhi,168,23.42,0.0,12.76
2025-03-20,Delhi,168,24.68,0.0,6.73
2025-03-21,Delhi,168,23.69,0.0,9.72
2025-03-22,Delhi,168,21.43,0.0,11.55
2025-03-23,Delhi,168,21.65,0.0,9.36
2025-03-24,Delhi,168,23.65,0.0,11.76
2025-03-25,Delhi,168,22.98,0.0,4.35
2025-03-26,Delhi,168,23.08,0.0,7.5
2025-03-27,Delhi,168,21.26,0.0,10.83
2025-03-28,Delhi,168,23.09,0.0,11.65
2025-03-29,Delhi,168,23.55,0.0,13.31
2025-03-30,Delhi,168,28.0,0.0,5.28
2025-03-31,Delhi,168,23.71,0.0,8.05
2025-04-01,Delhi,168,31.95,0.0,9.23
2025-04-02,Delhi,168,29.89,0.0,6.72
2025-04-03,Delhi,168,32.12,0.0,10.36
2025-04-04,Delhi,168,35.13,0.0,15.83
2025-04-05,Delhi,168,35.31,1.75,13.49
2025-04-06,Delhi,168,33.28,0.0,9.77
2025-04-07,Delhi,168,36.29,0.0,4.3
2025-04-08,Delhi,168,32.1,0.0,13.01
2025-04-09,Delhi,168,33.95,0.0,8.29
2025-04-10,Delhi,168,32.21,0.0,7.54
2025-04-11,Delhi,168,28.89,0.0,11.59
2025-04-12,Delhi,168,30.38,0.0,14.75
2025-04-13,Delhi,168,29.65,0.0,7.42
2025-04-14,Delhi,168,28.79,10.04,15.46
2025-04-15,Delhi,168,33.57,0.0,17.97
2025-04-16,Delhi,168,32.91,0.0,15.04
2025-04-17,Delhi,168,36.23,0.0,12.27
2025-04-18,Delhi,168,36.3,0.0,9.51
2025-04-19,Delhi,168,37.15,0.0,12.29
2025-04-20,Delhi,168,36.04,0.0,7.7
2025-04-21,Delhi,168,34.65,0.0,8.36
2025-04-22,Delhi,168,31.11,0.0,9.91
2025-04-23,Delhi,168,32.27,0.0,10.36
2025-04-24,Delhi,168,34.85,0.0,8.88
2025-04-25,Delhi,168,31.83,0.0,13.41
2025-04-26,Delhi,168,32.28,0.0,10.98
2025-04-27,Delhi,168,34.33,0.0,8.33
2025-04-28,Delhi,168,32.51,0.0,7.95
2025-04-29,Delhi,168,26.86,0.0,12.22
2025-04-30,Delhi,168,27.59,0.0,12.52
2025-05-01,Delhi,168,33.45,0.0,7.79
2025-05-02,Delhi,168,34.25,0.0,10.93
2025-05-03,Delhi,168,34.2,0.0,10.8
2025-05-04,Delhi,168,34.19,0.0,11.01
2025-05-05,Delhi,168,35.26,0.0,8.68
2025-05-06,Delhi,168,34.79,0.0,9.18
2025-05-07,Delhi,168,35.06,0.0,9.14
2025-05-08,Delhi,168,34.73,0.0,19.55
2025-05-09,Delhi,168,36.54,0.0,15.45
2025-05-10,Delhi,168,31.63,0.0,14.66
2025-05-11,Delhi,168,33.91,0.0,13.04
2025-05-12,Delhi,168,33.81,0.0,10.79
2025-05-13,Delhi,168,32.9,0.0,14.93
2025-05-14,Delhi,168,35.5,0.0,16.61
2025-05-15,Delhi,168,35.98,0.0,13.14
2025-05-16,Delhi,168,29.62,0.0,14.88
2025-05-17,Delhi,168,31.06,0.0,16.2
2025-05-18,Delhi,168,33.4,0.0,13.24
2025-05-19,Delhi,168,33.65,0.0,10.45
2025-05-20,Delhi,168,33.23,0.0,14.94
2025-05-21,Delhi,168,36.2,0.0,14.14
2025-05-22,Delhi,168,34.49,0.0,15.33
2025-05-23,Delhi,168,32.94,0.0,14.11
2025-05-24,Delhi,168,33.12,0.0,14.09
2025-05-25,Delhi,168,35.95,0.0,8.75
2025-05-26,Delhi,168,34.11,0.0,12.37
2025-05-27,Delhi,168,32.9,0.0,10.45
2025-05-28,Delhi,168,32.33,0.0,10.04
2025-05-29,Delhi,168,33.82,8.97,10.72
2025-05-30,Delhi,168,33.6,28.36,16.69
2025-05-31,Delhi,168,35.53,0.0,15.78
2025-06-01,Delhi,168,38.34,0.0,12.65
2025-06-02,Delhi,168,37.33,0.0,12.64
2025-06-03,Delhi,168,38.41,0.0,15.22
2025-06-04,Delhi,168,34.99,21.9,16.28
2025-06-05,Delhi,168,37.02,13.49,16.19
2025-06-06,Delhi,168,34.69,12.02,19.27
2025-06-07,Delhi,168,35.63,0.0,12.16
2025-06-08,Delhi,168,35.19,0.0,13.5
2025-06-09,Delhi,168,32.72,0.0,13.03
2025-06-10,Delhi,168,33.76,2.38,15.28
2025-06-11,Delhi,168,34.34,0.0,9.97
2025-06-12,Delhi,168,31.82,0.0,15.51
2025-06-13,Delhi,168,32.13,0.0,15.31
2025-06-14,Delhi,168,33.98,0.0,14.51
2025-06-15,Delhi,168,32.91,0.0,10.26
2025-06-16,Delhi,168,33.99,0.0,12.51
2025-06-17,Delhi,168,30.75,0.0,14.64
2025-06-18,Delhi,168,27.06,0.0,14.34
2025-06-19,Delhi,168,28.55,20.3,15.78
2025-06-20,Delhi,168,30.19,19.55,13.67
2025-06-21,Delhi,168,32.86,0.0,12.97
2025-06-22,Delhi,168,32.48,7.02,13.62
2025-06-23,Delhi,168,34.69,0.0,15.65
2025-06-24,Delhi,168,32.62,2.76,15.89
2025-06-25,Delhi,168,36.24,1.37,14.51
2025-06-26,Delhi,168,34.25,0.0,11.83
2025-06-27,Delhi,168,35.21,4.09,10.39
2025-06-28,Delhi,168,33.94,6.51,13.08
2025-06-29,Delhi,168,35.0,0.0,10.79
2025-06-30,Delhi,168,37.36,12.84,14.96
2025-07-01,Delhi,168,30.42,0.0,10.42
2025-07-02,Delhi,168,29.58,0.0,10.57
2025-07-03,Delhi,168,32.34,0.0,9.3
2025-07-04,Delhi,168,33.23,0.0,13.08
2025-07-05,Delhi,168,34.8,0.0,10.99
2025-07-06,Delhi,168,33.24,0.0,17.94
2025-07-07,Delhi,168,31.74,0.0,11.83
2025-07-08,Delhi,168,31.74,17.9,14.01
2025-07-09,Delhi,168,29.67,7.63,13.49
2025-07-10,Delhi,168,30.21,1.61,16.87
2025-07-11,Delhi,168,30.84,2.86,14.41
2025-07-12,Delhi,168,29.6,10.48,8.49
2025-07-13,Delhi,168,32.3,0.0,9.17
2025-07-14,Delhi,168,33.73,0.0,5.42
2025-07-15,Delhi,168,32.76,0.0,7.3
2025-07-16,Delhi,168,31.0,0.0,9.93
2025-07-17,Delhi,168,33.9,0.0,9.87
2025-07-18,Delhi,168,31.72,0.0,8.03
2025-07-19,Delhi,168,31.05,0.0,7.86
2025-07-20,Delhi,168,29.31,12.4,18.77
2025-07-21,Delhi,168,28.33,4.68,10.92
2025-07-22,Delhi,168,31.6,5.31,12.51
2025-07-23,Delhi,168,29.87,7.32,11.18
2025-07-24,Delhi,168,30.84,3.44,15.72
2025-07-25,Delhi,168,30.87,5.28,9.45
2025-07-26,Delhi,168,34.09,12.1,11.23
2025-07-27,Delhi,168,27.53,17.17,17.41
2025-07-28,Delhi,168,32.8,12.67,10.39
2025-07-29,Delhi,168,31.84,3.54,15.43
2025-07-30,Delhi,168,32.2,1.11,11.22
2025-07-31,Delhi,168,33.15,11.09,18.11
2025-08-01,Delhi,168,33.1,11.65,8.81
2025-08-02,Delhi,168,32.71,17.81,10.96
2025-08-03,Delhi,168,31.37,9.99,18.45
2025-08-04,Delhi,168,31.47,6.36,16.8
2025-08-05,Delhi,168,28.71,0.0,13.11
2025-08-06,Delhi,168,31.84,0.0,11.92
2025-08-07,Delhi,168,34.75,0.0,16.42
2025-08-08,Delhi,168,30.82,3.73,11.15
2025-08-09,Delhi,168,33.74,19.57,18.56
2025-08-10,Delhi,168,33.48,2.65,6.59
2025-08-11,Delhi,168,30.4,37.05,12.99
2025-08-12,Delhi,168,28.19,4.69,8.23
2025-08-13,Delhi,168,30.27,0.67,7.26
2025-08-14,Delhi,168,32.85,4.3,10.58
2025-08-15,Delhi,168,31.79,9.56,7.7
2025-08-16,Delhi,168,28.78,0.0,7.22
2025-08-17,Delhi,168,32.92,0.0,4.29
2025-08-18,Delhi,168,28.67,0.0,4.96
2025-08-19,Delhi,168,27.02,0.0,10.1
2025-08-20,Delhi,168,28.5,0.0,9.67
2025-08-21,Delhi,168,29.49,0.0,6.73
2025-08-22,Delhi,168,29.1,5.9,8.62
2025-08-23,Delhi,168,30.51,2.4,6.03
2025-08-24,Delhi,168,29.68,9.93,7.53
2025-08-25,Delhi,168,25.85,0.83,7.6
2025-08-26,Delhi,168,28.0,0.0,7.34
2025-08-27,Delhi,168,30.52,4.84,6.37
2025-08-28,Delhi,168,29.52,13.94,11.24
2025-08-29,Delhi,168,29.32,16.69,13.43
2025-08-30,Delhi,168,29.37,5.86,9.54
2025-08-31,Delhi,168,29.69,3.45,8.13
2025-09-01,Delhi,168,28.57,4.42,9.44
2025-09-02,Delhi,168,28.83,0.0,7.2
2025-09-03,Delhi,168,29.49,0.0,9.97
2025-09-04,Delhi,168,29.67,11.77,11.41
2025-09-05,Delhi,168,27.09,15.04,4.61
2025-09-06,Delhi,168,33.27,15.34,12.74
2025-09-07,Delhi,168,31.24,11.21,16.56
2025-09-08,Delhi,168,28.12,0.0,7.53
2025-09-09,Delhi,168,31.77,0.0,9.24
2025-09-10,Delhi,168,29.51,6.68,6.25
2025-09-11,Delhi,168,28.88,13.36,6.73
2025-09-12,Delhi,168,30.31,4.95,12.43
2025-09-13,Delhi,168,28.7,0.0,2.52
2025-09-14,Delhi,168,27.31,0.0,6.61
2025-09-15,Delhi,168,26.66,0.0,9.89
2025-09-16,Delhi,168,29.95,25.77,13.5
2025-09-17,Delhi,168,30.23,0.0,5.6
2025-09-18,Delhi,168,33.04,0.0,11.26
2025-09-19,Delhi,168,33.07,0.0,14.21
2025-09-20,Delhi,168,32.78,0.0,5.49
2025-09-21,Delhi,168,33.06,0.93,12.1
2025-09-22,Delhi,168,29.77,0.0,9.7
2025-09-23,Delhi,168,28.45,0.0,9.35
2025-09-24,Delhi,168,29.29,0.0,5.14
2025-09-25,Delhi,168,31.4,0.0,2.64
2025-09-26,Delhi,168,28.75,0.0,6.84
2025-09-27,Delhi,168,28.94,0.0,8.75
2025-09-28,Delhi,168,27.58,0.0,0.79
2025-09-29,Delhi,168,28.73,0.0,8.46
2025-09-30,Delhi,168,28.16,0.0,6.23
2023-01-01,Chennai,24,24.23,0.0,10.2
2023-01-02,Chennai,24,25.04,0.0,9.62
2023-01-03,Chennai,24,22.86,0.0,9.18
2023-01-04,Chennai,24,25.93,0.0,5.46
2023-01-05,Chennai,24,24.22,2.44,8.16
2023-01-06,Chennai,24,24.1,0.0,7.33
2023-01-07,Chennai,24,23.72,0.0,8.41
2023-01-08,Chennai,24,24.45,0.0,8.15
2023-01-09,Chennai,24,24.96,0.0,10.5
2023-01-10,Chennai,24,25.07,0.0,8.76
2023-01-11,Chennai,24,23.68,0.0,8.07
2023-01-12,Chennai,24,25.5,0.0,12.69
2023-01-13,Chennai,24,25.41,0.0,9.9
2023-01-14,Chennai,24,22.54,0.0,8.84
2023-01-15,Chennai,24,26.07,0.0,7.36
2023-01-16,Chennai,24,26.93,0.0,5.12
2023-01-17,Chennai,24,23.96,0.0,8.87
2023-01-18,Chennai,24,24.14,0.0,6.27
2023-01-19,Chennai,24,25.57,0.0,10.43
2023-01-20,Chennai,24,23.88,0.0,8.25
2023-01-21,Chennai,24,26.62,0.0,5.03
2023-01-22,Chennai,24,27.42,0.0,6.96
2023-01-23,Chennai,24,27.16,0.0,6.74
2023-01-24,Chennai,24,27.76,20.85,12.93
2023-01-25,Chennai,24,27.0,0.0,6.57
2023-01-26,Chennai,24,26.44,0.0,9.26
2023-01-27,Chennai,24,26.32,0.0,10.01
2023-01-28,Chennai,24,24.36,0.0,10.56
2023-01-29,Chennai,24,24.69,0.0,10.69
2023-01-30,Chennai,24,23.5,0.0,8.35
2023-01-31,Chennai,24,22.25,0.0,13.45
2023-02-01,Chennai,24,26.93,0.0,13.48
2023-02-02,Chennai,24,30.15,0.0,12.66
2023-02-03,Chennai,24,27.42,0.0,9.68
2023-02-04,Chennai,24,28.26,0.0,11.99
2023-02-05,Chennai,24,27.02,0.0,11.38
2023-02-06,Chennai,24,25.75,0.0,7.05
2023-02-07,Chennai,24,27.01,0.0,7.4
2023-02-08,Chennai,24,27.07,0.0,6.61
2023-02-09,Chennai,24,25.91,0.0,4.06
2023-02-10,Chennai,24,24.97,0.0,7.5
2023-02-11,Chennai,24,26.77,0.0,7.56
2023-02-12,Chennai,24,25.64,0.0,10.52
2023-02-13,Chennai,24,25.58,0.0,11.13
2023-02-14,Chennai,24,25.83,8.45,13.3
2023-02-15,Chennai,24,26.56,0.0,11.6
2023-02-16,Chennai,24,27.64,0.0,8.41
2023-02-17,Chennai,24,30.14,0.0,6.28
2023-02-18,Chennai,24,32.13,0.0,10.58
2023-02-19,Chennai,24,29.34,0.0,7.62
2023-02-20,Chennai,24,26.0,0.0,8.78
2023-02-21,Chennai,24,26.93,0.0,7.44
2023-02-22,Chennai,24,28.86,0.0,9.71
2023-02-23,Chennai,24,27.92,0.0,8.16
2023-02-24,Chennai,24,27.07,0.0,7.65
2023-02-25,Chennai,24,28.0,0.0,10.51
2023-02-26,Chennai,24,26.39,0.0,6.54
2023-02-27,Chennai,24,25.58,0.0,4.73
2023-02-28,Chennai,24,26.55,0.0,5.97
2023-03-01,Chennai,24,25.89,0.0,5.5
2023-03-02,Chennai,24,26.45,0.0,9.45
2023-03-03,Chennai,24,26.1,0.0,10.64
2023-03-04,Chennai,24,26.27,0.0,9.3
2023-03-05,Chennai,24,25.45,0.0,9.67
2023-03-06,Chennai,24,26.67,0.0,9.21
2023-03-07,Chennai,24,27.65,0.0,8.14
2023-03-08,Chennai,24,28.2,0.0,9.01
2023-03-09,Chennai,24,27.11,0.0,10.38
2023-03-10,Chennai,24,27.63,0.0,9.9
2023-03-11,Chennai,24,27.18,0.0,8.94
2023-03-12,Chennai,24,25.33,0.0,9.9
2023-03-13,Chennai,24,26.5,0.0,11.49
2023-03-14,Chennai,24,26.86,0.0,7.91
2023-03-15,Chennai,24,27.4,0.0,10.39
2023-03-16,Chennai,24,30.62,0.0,12.72
2023-03-17,Chennai,24,27.73,0.0,10.28
2023-03-18,Chennai,24,31.35,0.0,9.97
2023-03-19,Chennai,24,30.94,0.0,12.58
2023-03-20,Chennai,24,29.21,0.0,13.18
2023-03-21,Chennai,24,28.89,0.0,11.43
2023-03-22,Chennai,24,28.4,0.0,14.55
2023-03-23,Chennai,24,27.33,0.0,9.14
2023-03-24,Chennai,24,27.63,0.0,12.68
2023-03-25,Chennai,24,27.86,0.0,11.77
2023-03-26,Chennai,24,26.97,0.0,11.95
2023-03-27,Chennai,24,27.72,0.0,11.0
2023-03-28,Chennai,24,26.27,0.0,11.01
2023-03-29,Chennai,24,29.98,0.0,13.68
2023-03-30,Chennai,24,28.43,0.0,12.92
2023-03-31,Chennai,24,29.35,0.0,14.26
2023-04-01,Chennai,24,32.92,0.0,13.01
2023-04-02,Chennai,24,33.18,0.0,8.8
2023-04-03,Chennai,24,32.51,0.0,10.65
2023-04-04,Chennai,24,33.67,0.0,7.47
2023-04-05,Chennai,24,32.84,0.0,6.72
2023-04-06,Chennai,24,34.12,0.28,4.66
2023-04-07,Chennai,24,32.63,0.0,9.89
2023-04-08,Chennai,24,31.99,0.0,13.45
2023-04-09,Chennai,24,31.9,0.0,9.87
2023-04-10,Chennai,24,31.19,0.95,10.63
2023-04-11,Chennai,24,34.65,0.0,11.92
2023-04-12,Chennai,24,37.6,0.0,9.63
2023-04-13,Chennai,24,36.82,0.0,12.5
2023-04-14,Chennai,24,34.33,0.0,13.11
2023-04-15,Chennai,24,33.72,5.14,15.64
2023-04-16,Chennai,24,31.02,12.53,15.13
2023-04-17,Chennai,24,32.19,0.0,14.92
2023-04-18,Chennai,24,31.11,0.0,13.12
2023-04-19,Chennai,24,33.12,0.0,11.7
2023-04-20,Chennai,24,33.12,0.0,11.49
2023-04-21,Chennai,24,33.44,0.0,10.14
2023-04-22,Chennai,24,36.27,0.0,10.75
2023-04-23,Chennai,24,34.71,0.0,12.82
2023-04-24,Chennai,24,36.73,0.0,8.99
2023-04-25,Chennai,24,34.73,0.0,9.25
2023-04-26,Chennai,24,34.06,0.0,8.1
2023-04-27,Chennai,24,33.89,0.0,14.15
2023-04-28,Chennai,24,33.4,0.0,11.47
2023-04-29,Chennai,24,32.7,0.0,13.61
2023-04-30,Chennai,24,33.96,1.52,12.66
2023-05-01,Chennai,24,36.23,0.0,13.33
2023-05-02,Chennai,24,36.22,0.0,13.08
2023-05-03,Chennai,24,34.54,0.0,12.5
2023-05-04,Chennai,24,33.56,0.0,13.22
2023-05-05,Chennai,24,31.35,0.0,11.91
2023-05-06,Chennai,24,33.08,0.0,12.25
2023-05-07,Chennai,24,34.1,0.0,10.64
2023-05-08,Chennai,24,34.06,0.0,11.49
2023-05-09,Chennai,24,35.63,0.0,12.83
2023-05-10,Chennai,24,36.16,17.5,16.08
2023-05-11,Chennai,24,34.59,0.0,13.68
2023-05-12,Chennai,24,38.57,0.0,11.78
2023-05-13,Chennai,24,37.83,0.0,11.89
2023-05-14,Chennai,24,35.35,0.0,15.32
2023-05-15,Chennai,24,35.83,25.19,18.82
2023-05-16,Chennai,24,37.41,6.6,14.64
2023-05-17,Chennai,24,32.72,4.27,14.61
2023-05-18,Chennai,24,33.2,0.0,12.96
2023-05-19,Chennai,24,34.94,0.0,13.9
2023-05-20,Chennai,24,35.55,0.0,12.3
2023-05-21,Chennai,24,35.21,0.0,13.28
2023-05-22,Chennai,24,34.86,0.0,13.31
2023-05-23,Chennai,24,35.18,0.0,10.48
2023-05-24,Chennai,24,34.39,0.0,12.96
2023-05-25,Chennai,24,33.64,0.0,11.74
2023-05-26,Chennai,24,35.52,0.0,14.23
2023-05-27,Chennai,24,34.72,0.0,15.95
2023-05-28,Chennai,24,37.82,0.0,10.25
2023-05-29,Chennai,24,38.13,0.0,13.27
2023-05-30,Chennai,24,39.22,0.0,10.95
2023-05-31,Chennai,24,38.61,0.0,14.16
2023-06-01,Chennai,24,35.62,0.0,16.72
2023-06-02,Chennai,24,33.76,4.82,18.87
2023-06-03,Chennai,24,32.74,0.0,21.71
2023-06-04,Chennai,24,36.24,0.0,15.83
2023-06-05,Chennai,24,36.4,0.0,17.29
2023-06-06,Chennai,24,35.63,0.0,17.44
2023-06-07,Chennai,24,36.15,11.38,15.95
2023-06-08,Chennai,24,34.43,0.0,16.48
2023-06-09,Chennai,24,36.53,0.0,14.3
2023-06-10,Chennai,24,34.14,0.0,18.28
2023-06-11,Chennai,24,33.86,0.0,16.36
2023-06-12,Chennai,24,34.54,0.0,20.02
2023-06-13,Chennai,24,37.2,0.0,16.8
2023-06-14,Chennai,24,36.71,0.0,16.3
2023-06-15,Chennai,24,36.96,0.0,13.47
2023-06-16,Chennai,24,34.55,0.0,19.44
2023-06-17,Chennai,24,33.7,0.0,21.02
2023-06-18,Chennai,24,33.87,0.0,19.97
2023-06-19,Chennai,24,33.26,0.0,19.72
2023-06-20,Chennai,24,35.56,8.76,15.55
2023-06-21,Chennai,24,35.03,44.09,25.81
2023-06-22,Chennai,24,36.27,8.56,20.38
2023-06-23,Chennai,24,35.78,0.0,16.9
2023-06-24,Chennai,24,33.0,0.0,13.55
2023-06-25,Chennai,24,36.09,0.0,15.0
2023-06-26,Chennai,24,35.79,0.0,17.26
2023-06-27,Chennai,24,38.02,0.0,15.24
2023-06-28,Chennai,24,36.66,0.0,16.37
2023-06-29,Chennai,24,35.33,0.0,15.74
2023-06-30,Chennai,24,34.35,0.0,13.77
2023-07-01,Chennai,24,31.92,1.51,12.83
2023-07-02,Chennai,24,30.99,0.0,17.11
2023-07-03,Chennai,24,30.76,0.0,13.94
2023-07-04,Chennai,24,32.5,0.0,10.16
2023-07-05,Chennai,24,33.24,0.0,14.7
2023-07-06,Chennai,24,33.48,0.0,17.47
2023-07-07,Chennai,24,33.12,0.0,17.67
2023-07-08,Chennai,24,31.45,0.0,18.68
2023-07-09,Chennai,24,31.15,0.0,17.09
2023-07-10,Chennai,24,32.21,0.0,14.16
2023-07-11,Chennai,24,32.45,0.0,12.42
2023-07-12,Chennai,24,31.22,0.0,13.64
2023-07-13,Chennai,24,32.19,0.0,16.98
2023-07-14,Chennai,24,30.83,0.0,15.21
2023-07-15,Chennai,24,31.11,0.0,15.53
2023-07-16,Chennai,24,30.94,0.0,12.4
2023-07-17,Chennai,24,32.33,0.0,16.54
2023-07-18,Chennai,24,31.19,0.0,12.35
2023-07-19,Chennai,24,30.21,0.55,14.02
2023-07-20,Chennai,24,29.2,6.1,16.76
2023-07-21,Chennai,24,28.74,0.0,16.41
2023-07-22,Chennai,24,30.42,0.0,14.48
2023-07-23,Chennai,24,30.11,4.75,14.33
2023-07-24,Chennai,24,29.72,4.36,18.19
2023-07-25,Chennai,24,32.79,3.15,15.37
2023-07-26,Chennai,24,30.72,3.65,15.6
2023-07-27,Chennai,24,30.09,0.0,15.21
2023-07-28,Chennai,24,29.27,0.0,15.38
2023-07-29,Chennai,24,29.24,5.32,17.96
2023-07-30,Chennai,24,31.51,0.0,17.1
2023-07-31,Chennai,24,32.8,0.0,20.3
2023-08-01,Chennai,24,30.22,0.0,12.56
2023-08-02,Chennai,24,28.67,0.0,12.16
2023-08-03,Chennai,24,31.15,25.92,15.67
2023-08-04,Chennai,24,30.39,0.0,13.82
2023-08-05,Chennai,24,30.3,0.0,12.93
2023-08-06,Chennai,24,30.75,0.0,15.19
2023-08-07,Chennai,24,29.14,0.0,13.66
2023-08-08,Chennai,24,29.36,0.0,12.18
2023-08-09,Chennai,24,28.39,0.0,12.81
2023-08-10,Chennai,24,29.7,0.0,12.87
2023-08-11,Chennai,24,27.22,0.0,11.16
2023-08-12,Chennai,24,28.09,0.0,12.76
2023-08-13,Chennai,24,30.04,19.12,15.16
2023-08-14,Chennai,24,30.36,0.0,14.11
2023-08-15,Chennai,24,30.46,0.0,12.13
2023-08-16,Chennai,24,30.8,0.0,13.73
2023-08-17,Chennai,24,31.42,0.0,14.88
2023-08-18,Chennai,24,31.46,0.0,15.09
2023-08-19,Chennai,24,29.2,0.0,15.7
2023-08-20,Chennai,24,29.44,0.0,13.43
2023-08-21,Chennai,24,31.65,0.0,13.25
2023-08-22,Chennai,24,29.22,0.0,15.54
2023-08-23,Chennai,24,29.0,0.0,15.5
2023-08-24,Chennai,24,31.03,0.0,16.51
2023-08-25,Chennai,24,30.91,0.0,15.06
2023-08-26,Chennai,24,29.72,0.0,12.54
2023-08-27,Chennai,24,30.26,0.0,10.42
2023-08-28,Chennai,24,29.96,0.0,12.28
2023-08-29,Chennai,24,31.41,0.0,15.77
2023-08-30,Chennai,24,31.93,0.0,13.02
2023-08-31,Chennai,24,30.65,12.52,16.83
2023-09-01,Chennai,24,30.82,0.0,11.07
2023-09-02,Chennai,24,29.62,0.0,9.48
2023-09-03,Chennai,24,29.49,2.73,12.56
2023-09-04,Chennai,24,28.34,3.09,9.89
2023-09-05,Chennai,24,26.47,20.57,14.61
2023-09-06,Chennai,24,27.42,5.53,14.46
2023-09-07,Chennai,24,27.57,0.0,9.77
2023-09-08,Chennai,24,27.1,13.5,13.53
2023-09-09,Chennai,24,28.16,8.45,19.19
2023-09-10,Chennai,24,27.05,5.67,16.13
2023-09-11,Chennai,24,26.72,0.0,12.87
2023-09-12,Chennai,24,26.2,0.0,10.22
2023-09-13,Chennai,24,25.49,0.0,9.38
2023-09-14,Chennai,24,26.93,2.11,10.14
2023-09-15,Chennai,24,27.16,7.99,13.93
2023-09-16,Chennai,24,28.5,8.17,15.96
2023-09-17,Chennai,24,28.43,0.0,11.64
2023-09-18,Chennai,24,28.77,0.0,12.39
2023-09-19,Chennai,24,28.05,15.83,14.54
2023-09-20,Chennai,24,29.06,9.9,12.13
2023-09-21,Chennai,24,31.12,22.77,16.98
2023-09-22,Chennai,24,31.18,13.03,18.08
2023-09-23,Chennai,24,30.4,0.0,11.61
2023-09-24,Chennai,24,31.27,0.0,15.54
2023-09-25,Chennai,24,30.92,0.0,15.3
2023-09-26,Chennai,24,27.92,0.0,12.6
2023-09-27,Chennai,24,28.63,3.34,15.84
2023-09-28,Chennai,24,31.07,7.42,14.94
2023-09-29,Chennai,24,31.09,2.96,12.52
2023-09-30,Chennai,24,27.44,6.6,12.93
2023-10-01,Chennai,24,29.29,6.46,8.93
2023-10-02,Chennai,24,29.73,7.79,11.11
2023-10-03,Chennai,24,27.54,0.35,14.24
2023-10-04,Chennai,24,26.32,3.33,14.78
2023-10-05,Chennai,24,27.97,7.87,16.76
2023-10-06,Chennai,24,30.06,7.85,14.75
2023-10-07,Chennai,24,25.32,16.07,20.17
2023-10-08,Chennai,24,27.71,8.31,13.06
2023-10-09,Chennai,24,27.62,29.03,13.09
2023-10-10,Chennai,24,24.98,4.67,9.99
2023-10-11,Chennai,24,25.99,21.0,16.47
2023-10-12,Chennai,24,27.7,8.63,12.98
2023-10-13,Chennai,24,26.07,1.29,13.6
2023-10-14,Chennai,24,23.75,45.68,17.51
2023-10-15,Chennai,24,26.43,0.0,11.99
2023-10-16,Chennai,24,26.4,0.0,10.33
2023-10-17,Chennai,24,26.26,4.81,15.44
2023-10-18,Chennai,24,24.86,5.0,17.12
2023-10-19,Chennai,24,27.51,5.16,12.74
2023-10-20,Chennai,24,27.83,7.85,13.06
2023-10-21,Chennai,24,26.39,0.43,15.97
2023-10-22,Chennai,24,25.21,1.02,13.63
2023-10-23,Chennai,24,27.17,12.11,17.8
2023-10-24,Chennai,24,28.8,0.0,16.28
2023-10-25,Chennai,24,29.25,0.0,13.71
2023-10-26,Chennai,24,31.49,2.79,15.14
2023-10-27,Chennai,24,28.32,21.12,16.96
2023-10-28,Chennai,24,28.58,30.57,16.2
2023-10-29,Chennai,24,27.27,5.14,17.46
2023-10-30,Chennai,24,25.29,9.09,11.21
2023-10-31,Chennai,24,25.59,4.63,9.77
2023-11-01,Chennai,24,24.81,3.89,12.29
2023-11-02,Chennai,24,24.78,4.48,16.1
2023-11-03,Chennai,24,25.13,6.9,17.29
2023-11-04,Chennai,24,23.62,34.3,25.54
2023-11-05,Chennai,24,25.69,3.19,12.75
2023-11-06,Chennai,24,23.85,22.52,15.69
2023-11-07,Chennai,24,21.97,8.97,15.88
2023-11-08,Chennai,24,22.47,9.03,16.14
2023-11-09,Chennai,24,22.38,5.82,18.04
2023-11-10,Chennai,24,24.84,31.05,20.02
2023-11-11,Chennai,24,22.1,10.81,15.44
2023-11-12,Chennai,24,24.99,23.25,18.9
2023-11-13,Chennai,24,26.24,28.93,22.03
2023-11-14,Chennai,24,23.72,18.2,20.42
2023-11-15,Chennai,24,26.37,4.44,12.97
2023-11-16,Chennai,24,27.91,6.02,16.45
2023-11-17,Chennai,24,25.21,9.56,17.96
2023-11-18,Chennai,24,23.73,1.74,17.4
2023-11-19,Chennai,24,24.59,11.43,17.74
2023-11-20,Chennai,24,23.88,12.21,15.88
2023-11-21,Chennai,24,25.31,0.0,13.81
2023-11-22,Chennai,24,25.92,0.97,11.44
2023-11-23,Chennai,24,25.44,22.58,18.46
2023-11-24,Chennai,24,25.97,7.79,14.74
2023-11-25,Chennai,24,25.68,4.6,11.13
2023-11-26,Chennai,24,26.73,2.03,15.38
2023-11-27,Chennai,24,24.51,8.2,15.1
2023-11-28,Chennai,24,24.33,4.39,14.03
2023-11-29,Chennai,24,23.16,29.59,22.13
2023-11-30,Chennai,24,24.35,23.47,20.68
2023-12-01,Chennai,24,23.92,8.4,10.64
2023-12-02,Chennai,24,25.09,16.59,12.37
2023-12-03,Chennai,24,24.84,0.0,9.54
2023-12-04,Chennai,24,25.8,5.43,12.22
2023-12-05,Chennai,24,26.87,0.0,8.25
2023-12-06,Chennai,24,27.44,0.0,9.47
2023-12-07,Chennai,24,26.1,0.0,10.05
2023-12-08,Chennai,24,27.57,0.0,9.53
2023-12-09,Chennai,24,27.53,0.0,10.6
2023-12-10,Chennai,24,26.17,0.0,7.76
2023-12-11,Chennai,24,28.59,24.72,14.11
2023-12-12,Chennai,24,25.05,0.0,10.74
2023-12-13,Chennai,24,26.22,0.0,10.56
2023-12-14,Chennai,24,25.73,1.56,12.53
2023-12-15,Chennai,24,25.3,5.54,12.89
2023-12-16,Chennai,24,24.5,7.9,15.63
2023-12-17,Chennai,24,25.11,0.0,9.83
2023-12-18,Chennai,24,26.15,0.0,9.69
2023-12-19,Chennai,24,24.48,0.0,6.38
2023-12-20,Chennai,24,24.34,0.0,8.23
2023-12-21,Chennai,24,22.02,0.0,9.21
2023-12-22,Chennai,24,23.65,1.31,10.0
2023-12-23,Chennai,24,21.64,0.47,10.8
2023-12-24,Chennai,24,25.69,30.27,14.1
2023-12-25,Chennai,24,23.8,0.0,9.19
2023-12-26,Chennai,24,24.48,0.0,8.41
2023-12-27,Chennai,24,26.37,0.0,8.92
2023-12-28,Chennai,24,25.64,0.0,10.75
2023-12-29,Chennai,24,22.87,0.0,12.79
2023-12-30,Chennai,24,23.61,0.0,13.04
2023-12-31,Chennai,24,25.89,0.0,12.64
2024-01-01,Chennai,24,25.84,8.52,11.13
2024-01-02,Chennai,24,27.72,0.0,9.26
2024-01-03,Chennai,24,26.19,0.0,8.88
2024-01-04,Chennai,24,24.3,0.0,4.26
2024-01-05,Chennai,24,24.4,0.0,8.25
2024-01-06,Chennai,24,23.56,9.46,9.66
2024-01-07,Chennai,24,23.9,0.0,9.41
2024-01-08,Chennai,24,23.74,0.0,12.16
2024-01-09,Chennai,24,25.49,0.0,8.89
2024-01-10,Chennai,24,26.05,0.0,11.77
2024-01-11,Chennai,24,27.14,0.0,11.4
2024-01-12,Chennai,24,27.06,0.0,12.16
2024-01-13,Chennai,24,26.11,0.0,13.53
2024-01-14,Chennai,24,25.47,0.0,12.14
2024-01-15,Chennai,24,23.67,0.0,10.6
2024-01-16,Chennai,24,24.57,0.0,11.54
2024-01-17,Chennai,24,24.78,0.0,9.55
2024-01-18,Chennai,24,23.57,0.0,10.1
2024-01-19,Chennai,24,26.26,0.0,8.09
2024-01-20,Chennai,24,30.13,0.0,12.78
2024-01-21,Chennai,24,27.32,0.0,12.0
2024-01-22,Chennai,24,25.98,0.0,10.81
2024-01-23,Chennai,24,25.74,0.0,13.34
2024-01-24,Chennai,24,25.76,0.0,6.81
2024-01-25,Chennai,24,25.36,0.0,9.33
2024-01-26,Chennai,24,26.18,0.0,9.8
2024-01-27,Chennai,24,26.89,0.0,9.94
2024-01-28,Chennai,24,27.3,0.08,12.46
2024-01-29,Chennai,24,26.18,5.51,8.25
2024-01-30,Chennai,24,25.2,0.0,7.66
2024-01-31,Chennai,24,25.64,0.0,5.95
2024-02-01,Chennai,24,26.93,0.0,6.72
2024-02-02,Chennai,24,28.04,0.0,6.94
2024-02-03,Chennai,24,28.13,0.0,6.9
2024-02-04,Chennai,24,28.07,0.0,11.52
2024-02-05,Chennai,24,26.59,0.0,12.82
2024-02-06,Chennai,24,27.41,0.0,12.85
2024-02-07,Chennai,24,26.05,0.0,9.91
2024-02-08,Chennai,24,28.7,0.0,9.56
2024-02-09,Chennai,24,26.2,0.0,8.01
2024-02-10,Chennai,24,26.88,0.0,7.37
2024-02-11,Chennai,24,27.96,0.0,7.9
2024-02-12,Chennai,24,29.12,0.0,7.12
2024-02-13,Chennai,24,28.31,0.0,7.9
2024-02-14,Chennai,24,28.4,0.0,8.64
2024-02-15,Chennai,24,28.1,0.0,11.17
2024-02-16,Chennai,24,28.5,0.0,9.57
2024-02-17,Chennai,24,24.31,0.0,10.53
2024-02-18,Chennai,24,26.04,0.0,9.7
2024-02-19,Chennai,24,26.05,0.0,11.05
2024-02-20,Chennai,24,26.1,0.0,11.87
2024-02-21,Chennai,24,27.41,0.0,11.78
2024-02-22,Chennai,24,27.74,0.0,10.85
2024-02-23,Chennai,24,30.79,0.0,12.67
2024-02-24,Chennai,24,28.29,0.0,10.88
2024-02-25,Chennai,24,29.33,0.0,11.07
2024-02-26,Chennai,24,27.81,0.0,9.6
2024-02-27,Chennai,24,29.16,0.0,13.56
2024-02-28,Chennai,24,28.24,0.0,7.91
2024-02-29,Chennai,24,28.02,0.0,9.13
2024-03-01,Chennai,24,29.13,0.0,11.83
2024-03-02,Chennai,24,27.35,0.0,9.24
2024-03-03,Chennai,24,25.34,0.0,11.69
2024-03-04,Chennai,24,25.24,0.0,10.33
2024-03-05,Chennai,24,24.21,0.0,11.16
2024-03-06,Chennai,24,22.65,0.0,10.1
2024-03-07,Chennai,24,22.56,0.0,8.05
2024-03-08,Chennai,24,22.94,0.0,12.8
2024-03-09,Chennai,24,24.14,0.0,13.03
2024-03-10,Chennai,24,26.53,0.0,8.35
2024-03-11,Chennai,24,27.35,0.0,8.9
2024-03-12,Chennai,24,27.85,0.0,9.28
2024-03-13,Chennai,24,27.29,0.0,12.56
2024-03-14,Chennai,24,26.54,0.0,10.59
2024-03-15,Chennai,24,25.55,0.0,10.04
2024-03-16,Chennai,24,27.33,12.3,9.94
2024-03-17,Chennai,24,27.97,2.13,9.53
2024-03-18,Chennai,24,28.22,0.0,12.01
2024-03-19,Chennai,24,28.57,0.0,10.19
2024-03-20,Chennai,24,27.54,0.0,9.96
2024-03-21,Chennai,24,30.54,0.0,17.03
2024-03-22,Chennai,24,31.65,0.0,11.33
2024-03-23,Chennai,24,33.05,0.0,11.62
2024-03-24,Chennai,24,32.09,0.0,15.13
2024-03-25,Chennai,24,32.58,0.0,12.41
2024-03-26,Chennai,24,35.19,0.0,11.53
2024-03-27,Chennai,24,36.52,0.0,10.97
2024-03-28,Chennai,24,33.97,0.0,9.77
2024-03-29,Chennai,24,30.3,0.0,7.75
2024-03-30,Chennai,24,30.74,0.0,8.38
2024-03-31,Chennai,24,31.25,0.0,6.26
2024-04-01,Chennai,24,31.72,0.0,12.24
2024-04-02,Chennai,24,32.66,0.0,10.39
2024-04-03,Chennai,24,32.63,0.0,11.89
2024-04-04,Chennai,24,33.96,0.0,12.51
2024-04-05,Chennai,24,31.6,0.0,11.05
2024-04-06,Chennai,24,32.79,0.0,12.31
2024-04-07,Chennai,24,32.4,17.95,11.87
2024-04-08,Chennai,24,30.24,0.0,9.84
2024-04-09,Chennai,24,30.58,0.0,9.85
2024-04-10,Chennai,24,31.73,0.0,11.94
2024-04-11,Chennai,24,34.03,0.0,10.26
2024-04-12,Chennai,24,34.7,0.0,8.33
2024-04-13,Chennai,24,35.31,0.0,11.36
2024-04-14,Chennai,24,33.32,0.0,6.79
2024-04-15,Chennai,24,32.84,0.0,10.47
2024-04-16,Chennai,24,32.95,0.0,9.84
2024-04-17,Chennai,24,34.36,5.93,12.68
2024-04-18,Chennai,24,33.32,2.73,13.33
2024-04-19,Chennai,24,34.6,0.0,12.01
2024-04-20,Chennai,24,35.1,0.0,6.19
2024-04-21,Chennai,24,32.63,0.0,10.72
2024-04-22,Chennai,24,31.23,0.0,8.83
2024-04-23,Chennai,24,32.46,0.0,10.85
2024-04-24,Chennai,24,32.12,0.0,6.11
2024-04-25,Chennai,24,33.24,0.0,10.67
2024-04-26,Chennai,24,34.2,0.0,6.69
2024-04-27,Chennai,24,34.95,0.0,8.4
2024-04-28,Chennai,24,33.76,0.0,6.98
2024-04-29,Chennai,24,31.56,2.1,10.78
2024-04-30,Chennai,24,30.24,0.0,12.51
2024-05-01,Chennai,24,32.0,0.0,12.36
2024-05-02,Chennai,24,31.26,0.0,15.88
2024-05-03,Chennai,24,33.82,0.0,13.37
2024-05-04,Chennai,24,34.0,0.0,15.01
2024-05-05,Chennai,24,33.08,0.0,14.53
2024-05-06,Chennai,24,35.33,0.0,13.91
2024-05-07,Chennai,24,32.5,0.0,13.87
2024-05-08,Chennai,24,31.69,0.0,14.86
2024-05-09,Chennai,24,34.89,0.0,15.42
2024-05-10,Chennai,24,33.38,0.0,14.98
2024-05-11,Chennai,24,33.02,0.0,14.42
2024-05-12,Chennai,24,34.16,5.51,11.33
2024-05-13,Chennai,24,34.51,0.0,16.02
2024-05-14,Chennai,24,35.83,0.0,12.85
2024-05-15,Chennai,24,35.25,0.0,11.55
2024-05-16,Chennai,24,35.47,0.0,14.04
2024-05-17,Chennai,24,35.44,0.0,11.79
2024-05-18,Chennai,24,35.02,5.2,13.1
2024-05-19,Chennai,24,35.53,0.0,7.99
2024-05-20,Chennai,24,34.34,0.0,11.05
2024-05-21,Chennai,24,35.77,0.0,11.51
2024-05-22,Chennai,24,36.3,0.0,11.68
2024-05-23,Chennai,24,34.51,0.0,12.72
2024-05-24,Chennai,24,36.09,0.0,13.4
2024-05-25,Chennai,24,34.27,2.65,19.06
2024-05-26,Chennai,24,33.81,39.21,21.02
2024-05-27,Chennai,24,33.51,0.0,14.77
2024-05-28,Chennai,24,33.63,0.0,10.98
2024-05-29,Chennai,24,34.84,2.68,11.79
2024-05-30,Chennai,24,32.52,0.0,14.56
2024-05-31,Chennai,24,32.44,13.0,17.06
2024-06-01,Chennai,24,31.6,0.0,17.52
2024-06-02,Chennai,24,31.0,0.0,17.38
2024-06-03,Chennai,24,30.24,0.0,14.08
2024-06-04,Chennai,24,32.48,0.0,15.39
2024-06-05,Chennai,24,31.28,0.0,14.27
2024-06-06,Chennai,24,34.24,0.0,13.9
2024-06-07,Chennai,24,33.19,0.0,15.85
2024-06-08,Chennai,24,32.99,0.0,13.84
2024-06-09,Chennai,24,32.71,0.0,15.83
2024-06-10,Chennai,24,33.4,0.0,18.35
2024-06-11,Chennai,24,35.0,0.0,17.38
2024-06-12,Chennai,24,36.4,0.0,16.28
2024-06-13,Chennai,24,35.18,0.0,17.46
2024-06-14,Chennai,24,34.64,0.0,19.55
2024-06-15,Chennai,24,33.47,0.0,17.33
2024-06-16,Chennai,24,33.03,0.0,19.27
2024-06-17,Chennai,24,32.18,0.0,19.87
2024-06-18,Chennai,24,34.4,0.0,16.34
2024-06-19,Chennai,24,33.95,13.93,20.04
2024-06-20,Chennai,24,33.49,0.0,18.61
2024-06-21,Chennai,24,32.92,0.0,13.87
2024-06-22,Chennai,24,33.68,0.0,19.44
2024-06-23,Chennai,24,34.96,0.0,16.89
2024-06-24,Chennai,24,32.72,0.0,16.68
2024-06-25,Chennai,24,35.79,0.0,15.9
2024-06-26,Chennai,24,36.32,0.0,19.12
2024-06-27,Chennai,24,33.95,0.0,16.66
2024-06-28,Chennai,24,32.04,0.0,15.39
2024-06-29,Chennai,24,32.14,0.0,11.53
2024-06-30,Chennai,24,30.63,0.0,12.84
2024-07-01,Chennai,24,30.09,0.0,11.36
2024-07-02,Chennai,24,28.16,0.0,12.72
2024-07-03,Chennai,24,27.36,0.0,16.34
2024-07-04,Chennai,24,27.94,5.36,16.47
2024-07-05,Chennai,24,29.99,3.99,16.02
2024-07-06,Chennai,24,29.21,0.0,15.37
2024-07-07,Chennai,24,29.27,0.0,16.15
2024-07-08,Chennai,24,32.8,6.92,15.56
2024-07-09,Chennai,24,34.35,0.96,15.14
2024-07-10,Chennai,24,34.02,8.84,16.28
2024-07-11,Chennai,24,31.33,3.15,18.39
2024-07-12,Chennai,24,29.65,2.85,18.67
2024-07-13,Chennai,24,31.84,9.31,19.82
2024-07-14,Chennai,24,31.46,4.78,12.98
2024-07-15,Chennai,24,34.05,11.8,15.52
2024-07-16,Chennai,24,32.48,0.0,15.05
2024-07-17,Chennai,24,32.33,0.0,9.7
2024-07-18,Chennai,24,31.67,0.0,12.25
2024-07-19,Chennai,24,34.32,0.0,16.1
2024-07-20,Chennai,24,33.91,0.0,18.04
2024-07-21,Chennai,24,32.28,9.47,17.64
2024-07-22,Chennai,24,34.5,0.0,14.11
2024-07-23,Chennai,24,33.86,1.46,14.21
2024-07-24,Chennai,24,32.57,0.0,14.15
2024-07-25,Chennai,24,34.95,0.0,10.94
2024-07-26,Chennai,24,34.3,0.0,14.78
2024-07-27,Chennai,24,34.63,0.0,14.86
2024-07-28,Chennai,24,34.35,0.0,14.13
2024-07-29,Chennai,24,34.03,9.75,15.07
2024-07-30,Chennai,24,34.51,0.0,15.81
2024-07-31,Chennai,24,33.04,0.0,12.05
2024-08-01,Chennai,24,32.76,0.0,13.9
2024-08-02,Chennai,24,32.39,0.0,15.46
2024-08-03,Chennai,24,34.51,0.0,11.98
2024-08-04,Chennai,24,32.65,27.32,14.9
2024-08-05,Chennai,24,33.35,0.0,13.83
2024-08-06,Chennai,24,31.93,0.0,14.1
2024-08-07,Chennai,24,32.67,0.0,19.42
2024-08-08,Chennai,24,32.58,0.0,12.27
2024-08-09,Chennai,24,31.48,5.91,17.33
2024-08-10,Chennai,24,33.5,10.49,16.04
2024-08-11,Chennai,24,34.55,24.83,16.39
2024-08-12,Chennai,24,31.56,2.96,10.54
2024-08-13,Chennai,24,32.54,0.0,8.46
2024-08-14,Chennai,24,29.56,0.0,7.64
2024-08-15,Chennai,24,31.02,0.0,9.64
2024-08-16,Chennai,24,31.89,0.0,10.29
2024-08-17,Chennai,24,31.41,0.0,10.8
2024-08-18,Chennai,24,31.71,0.0,7.41
2024-08-19,Chennai,24,34.66,0.0,3.43
2024-08-20,Chennai,24,34.78,0.0,9.71
2024-08-21,Chennai,24,33.99,0.0,7.4
2024-08-22,Chennai,24,31.5,0.0,11.37
2024-08-23,Chennai,24,32.67,0.0,10.5
2024-08-24,Chennai,24,32.86,0.0,11.96
2024-08-25,Chennai,24,31.39,11.66,17.0
2024-08-26,Chennai,24,31.14,0.0,15.04
2024-08-27,Chennai,24,30.42,0.0,12.62
2024-08-28,Chennai,24,33.69,10.99,15.23
2024-08-29,Chennai,24,36.1,21.77,15.34
2024-08-30,Chennai,24,33.63,0.0,10.62
2024-08-31,Chennai,24,33.04,0.0,16.05
2024-09-01,Chennai,24,32.33,0.0,11.39
2024-09-02,Chennai,24,33.2,0.0,12.66
2024-09-03,Chennai,24,30.74,0.0,8.55
2024-09-04,Chennai,24,29.73,0.0,10.94
2024-09-05,Chennai,24,30.75,0.0,10.31
2024-09-06,Chennai,24,31.93,4.87,13.24
2024-09-07,Chennai,24,29.15,15.69,14.17
2024-09-08,Chennai,24,32.19,24.23,19.08
2024-09-09,Chennai,24,33.48,10.17,12.94
2024-09-10,Chennai,24,32.52,0.0,10.67
2024-09-11,Chennai,24,32.23,0.0,12.42
2024-09-12,Chennai,24,30.13,3.11,10.76
2024-09-13,Chennai,24,30.4,1.99,10.84
2024-09-14,Chennai,24,29.03,0.96,9.06
2024-09-15,Chennai,24,29.64,1.81,8.7
2024-09-16,Chennai,24,29.43,0.0,7.9
2024-09-17,Chennai,24,28.28,0.0,11.9
2024-09-18,Chennai,24,28.32,4.22,12.12
2024-09-19,Chennai,24,30.14,6.48,14.03
2024-09-20,Chennai,24,29.81,0.0,10.71
2024-09-21,Chennai,24,32.51,0.0,8.83
2024-09-22,Chennai,24,30.53,0.0,11.88
2024-09-23,Chennai,24,32.5,14.81,13.67
2024-09-24,Chennai,24,31.12,0.0,12.73
2024-09-25,Chennai,24,31.74,0.0,13.8
2024-09-26,Chennai,24,31.46,0.0,12.51
2024-09-27,Chennai,24,33.07,0.0,10.7
2024-09-28,Chennai,24,31.5,0.0,15.73
2024-09-29,Chennai,24,31.25,0.0,13.91
2024-09-30,Chennai,24,29.41,0.0,10.94
2024-10-01,Chennai,24,26.78,0.0,12.02
2024-10-02,Chennai,24,27.55,0.0,14.19
2024-10-03,Chennai,24,29.92,0.0,12.74
2024-10-04,Chennai,24,25.04,2.98,12.65
2024-10-05,Chennai,24,26.51,5.98,11.12
2024-10-06,Chennai,24,28.4,5.76,9.65
2024-10-07,Chennai,24,27.97,6.52,12.13
2024-10-08,Chennai,24,27.63,30.35,15.35
2024-10-09,Chennai,24,26.16,10.34,14.8
2024-10-10,Chennai,24,27.43,8.73,10.83
2024-10-11,Chennai,24,27.63,6.42,10.11
2024-10-12,Chennai,24,30.85,3.32,12.25
2024-10-13,Chennai,24,31.69,8.5,10.31
2024-10-14,Chennai,24,28.77,10.84,17.62
2024-10-15,Chennai,24,31.03,21.67,17.36
2024-10-16,Chennai,24,31.77,8.4,12.67
2024-10-17,Chennai,24,30.58,21.0,16.72
2024-10-18,Chennai,24,33.33,1.8,12.46
2024-10-19,Chennai,24,32.31,1.84,10.99
2024-10-20,Chennai,24,28.77,5.42,11.24
2024-10-21,Chennai,24,28.91,0.0,9.82
2024-10-22,Chennai,24,29.16,0.0,10.59
2024-10-23,Chennai,24,29.48,0.0,14.86
2024-10-24,Chennai,24,27.8,0.0,15.09
2024-10-25,Chennai,24,26.43,2.67,13.87
2024-10-26,Chennai,24,24.94,3.43,15.83
2024-10-27,Chennai,24,24.01,0.9,12.69
2024-10-28,Chennai,24,22.91,7.68,14.63
2024-10-29,Chennai,24,26.86,22.27,16.27
2024-10-30,Chennai,24,23.91,14.14,12.97
2024-10-31,Chennai,24,24.15,31.23,15.31
2024-11-01,Chennai,24,23.61,0.0,13.62
2024-11-02,Chennai,24,24.84,9.64,12.14
2024-11-03,Chennai,24,23.77,0.73,11.07
2024-11-04,Chennai,24,27.54,6.66,14.36
2024-11-05,Chennai,24,27.52,5.44,17.81
2024-11-06,Chennai,24,27.46,15.61,18.54
2024-11-07,Chennai,24,27.69,7.7,16.87
2024-11-08,Chennai,24,26.74,5.97,15.34
2024-11-09,Chennai,24,26.45,22.65,18.02
2024-11-10,Chennai,24,26.8,8.69,13.48
2024-11-11,Chennai,24,28.52,4.96,14.38
2024-11-12,Chennai,24,28.44,6.92,16.38
2024-11-13,Chennai,24,27.19,3.25,14.29
2024-11-14,Chennai,24,26.92,12.79,12.5
2024-11-15,Chennai,24,26.05,18.33,9.4
2024-11-16,Chennai,24,26.55,17.34,15.19
2024-11-17,Chennai,24,27.26,9.43,16.5
2024-11-18,Chennai,24,25.78,4.14,13.48
2024-11-19,Chennai,24,26.8,7.93,16.31
2024-11-20,Chennai,24,29.89,1.4,14.57
2024-11-21,Chennai,24,28.66,0.0,15.29
2024-11-22,Chennai,24,27.85,4.09,17.2
2024-11-23,Chennai,24,29.97,0.92,12.7
2024-11-24,Chennai,24,27.63,5.06,12.92
2024-11-25,Chennai,24,26.42,9.25,16.37
2024-11-26,Chennai,24,28.12,4.84,14.88
2024-11-27,Chennai,24,28.88,12.43,14.17
2024-11-28,Chennai,24,30.6,11.61,16.24
2024-11-29,Chennai,24,26.86,28.9,20.4
2024-11-30,Chennai,24,24.67,23.57,18.71
2024-12-01,Chennai,24,26.37,24.06,15.89
2024-12-02,Chennai,24,25.94,0.58,6.05
2024-12-03,Chennai,24,26.59,7.37,10.14
2024-12-04,Chennai,24,26.55,0.0,5.05
2024-12-05,Chennai,24,28.71,0.0,8.82
2024-12-06,Chennai,24,25.39,14.52,8.56
2024-12-07,Chennai,24,27.15,7.4,10.81
2024-12-08,Chennai,24,26.97,2.97,13.27
2024-12-09,Chennai,24,25.97,0.0,12.37
2024-12-10,Chennai,24,24.87,0.0,9.88
2024-12-11,Chennai,24,25.97,5.41,9.28
2024-12-12,Chennai,24,22.99,3.11,4.7
2024-12-13,Chennai,24,24.01,5.86,9.9
2024-12-14,Chennai,24,25.03,2.94,12.21
2024-12-15,Chennai,24,26.33,3.56,9.4
2024-12-16,Chennai,24,24.42,8.23,11.32
2024-12-17,Chennai,24,25.34,3.67,10.16
2024-12-18,Chennai,24,22.7,7.29,10.74
2024-12-19,Chennai,24,20.29,3.73,9.56
2024-12-20,Chennai,24,23.0,0.0,7.81
2024-12-21,Chennai,24,23.06,0.14,6.35
2024-12-22,Chennai,24,24.52,5.78,11.97
2024-12-23,Chennai,24,24.19,10.71,13.14
2024-12-24,Chennai,24,23.46,6.93,12.03
2024-12-25,Chennai,24,20.63,2.77,6.92
2024-12-26,Chennai,24,23.51,10.21,11.56
2024-12-27,Chennai,24,23.24,3.06,11.14
2024-12-28,Chennai,24,24.08,19.9,10.77
2024-12-29,Chennai,24,23.93,10.35,7.62
2024-12-30,Chennai,24,25.19,6.48,10.6
2024-12-31,Chennai,24,23.73,0.0,8.57
2025-01-01,Chennai,24,26.19,0.0,7.93
2025-01-02,Chennai,24,26.27,0.0,10.41
2025-01-03,Chennai,24,27.01,0.0,11.48
2025-01-04,Chennai,24,26.81,1.54,7.66
2025-01-05,Chennai,24,24.51,0.0,9.64
2025-01-06,Chennai,24,26.51,0.0,8.57
2025-01-07,Chennai,24,24.0,0.0,7.9
2025-01-08,Chennai,24,25.18,0.0,9.24
2025-01-09,Chennai,24,25.35,0.0,8.43
2025-01-10,Chennai,24,25.07,0.0,9.97
2025-01-11,Chennai,24,27.93,0.0,11.97
2025-01-12,Chennai,24,26.52,0.0,10.78
2025-01-13,Chennai,24,22.67,1.85,11.63
2025-01-14,Chennai,24,24.72,2.35,14.22
2025-01-15,Chennai,24,24.37,0.0,11.25
2025-01-16,Chennai,24,25.08,0.0,9.14
2025-01-17,Chennai,24,24.22,5.56,11.74
2025-01-18,Chennai,24,25.24,0.0,13.91
2025-01-19,Chennai,24,26.59,0.0,13.79
2025-01-20,Chennai,24,26.42,0.0,13.95
2025-01-21,Chennai,24,26.99,0.0,12.65
2025-01-22,Chennai,24,26.26,0.0,9.97
2025-01-23,Chennai,24,27.6,0.0,9.63
2025-01-24,Chennai,24,24.52,0.0,7.09
2025-01-25,Chennai,24,25.55,0.0,10.66
2025-01-26,Chennai,24,24.48,0.0,10.44
2025-01-27,Chennai,24,24.45,0.0,11.44
2025-01-28,Chennai,24,24.26,0.0,12.11
2025-01-29,Chennai,24,25.77,2.22,9.03
2025-01-30,Chennai,24,25.53,0.0,10.87
2025-01-31,Chennai,24,23.89,0.0,10.28
2025-02-01,Chennai,24,25.23,0.0,8.87
2025-02-02,Chennai,24,25.64,0.0,8.11
2025-02-03,Chennai,24,26.0,0.0,6.29
2025-02-04,Chennai,24,26.85,0.0,9.14
2025-02-05,Chennai,24,26.44,0.0,4.96
2025-02-06,Chennai,24,26.77,0.0,9.64
2025-02-07,Chennai,24,29.15,0.0,10.44
2025-02-08,Chennai,24,25.67,0.0,7.92
2025-02-09,Chennai,24,27.51,0.0,6.76
2025-02-10,Chennai,24,26.43,0.0,9.12
2025-02-11,Chennai,24,26.6,0.0,11.04
2025-02-12,Chennai,24,25.84,0.0,10.38
2025-02-13,Chennai,24,25.64,1.96,10.68
2025-02-14,Chennai,24,24.11,0.0,9.83
2025-02-15,Chennai,24,25.98,0.0,10.33
2025-02-16,Chennai,24,26.75,0.0,8.07
2025-02-17,Chennai,24,26.71,0.0,9.61
2025-02-18,Chennai,24,26.52,0.0,6.69
2025-02-19,Chennai,24,26.99,0.0,9.04
2025-02-20,Chennai,24,26.62,0.0,8.21
2025-02-21,Chennai,24,29.52,0.0,10.36
2025-02-22,Chennai,24,27.69,8.58,11.18
2025-02-23,Chennai,24,30.3,0.0,10.98
2025-02-24,Chennai,24,27.02,0.0,14.53
2025-02-25,Chennai,24,27.85,0.0,10.0
2025-02-26,Chennai,24,28.9,0.0,7.27
2025-02-27,Chennai,24,28.91,22.23,14.59
2025-02-28,Chennai,24,26.73,0.0,9.12
2025-03-01,Chennai,24,29.9,0.0,9.29
2025-03-02,Chennai,24,28.62,0.0,12.08
2025-03-03,Chennai,24,28.14,0.0,10.01
2025-03-04,Chennai,24,27.63,0.0,8.09
2025-03-05,Chennai,24,31.03,0.0,7.54
2025-03-06,Chennai,24,29.67,0.0,10.03
2025-03-07,Chennai,24,28.63,0.0,8.64
2025-03-08,Chennai,24,29.01,0.0,7.68
2025-03-09,Chennai,24,24.22,0.0,8.08
2025-03-10,Chennai,24,28.27,0.0,4.78
2025-03-11,Chennai,24,26.79,0.0,9.52
2025-03-12,Chennai,24,28.34,0.0,7.97
2025-03-13,Chennai,24,26.08,0.0,7.09
2025-03-14,Chennai,24,27.03,0.0,11.5
2025-03-15,Chennai,24,27.1,0.0,7.05
2025-03-16,Chennai,24,28.89,0.0,10.14
2025-03-17,Chennai,24,28.9,0.0,11.07
2025-03-18,Chennai,24,29.7,0.0,10.07
2025-03-19,Chennai,24,29.41,0.0,13.51
2025-03-20,Chennai,24,30.42,0.0,14.52
2025-03-21,Chennai,24,29.13,0.0,11.46
2025-03-22,Chennai,24,28.19,0.0,12.82
2025-03-23,Chennai,24,26.63,0.0,10.97
2025-03-24,Chennai,24,27.13,0.0,7.22
2025-03-25,Chennai,24,29.19,0.0,3.99
2025-03-26,Chennai,24,27.54,0.0,3.57
2025-03-27,Chennai,24,27.66,0.0,5.26
2025-03-28,Chennai,24,27.66,0.0,9.33
2025-03-29,Chennai,24,29.1,0.0,6.5
2025-03-30,Chennai,24,28.05,0.0,9.25
2025-03-31,Chennai,24,27.26,0.0,8.14
2025-04-01,Chennai,24,33.82,4.29,9.48
2025-04-02,Chennai,24,34.51,0.0,10.49
2025-04-03,Chennai,24,34.36,0.0,8.76
2025-04-04,Chennai,24,30.99,0.0,11.41
2025-04-05,Chennai,24,32.22,0.0,10.36
2025-04-06,Chennai,24,31.21,0.0,10.68
2025-04-07,Chennai,24,30.97,0.0,13.3
2025-04-08,Chennai,24,31.03,0.0,9.52
2025-04-09,Chennai,24,32.76,0.0,10.61
2025-04-10,Chennai,24,31.96,0.0,10.14
2025-04-11,Chennai,24,32.96,0.0,9.45
2025-04-12,Chennai,24,34.32,0.0,8.45
2025-04-13,Chennai,24,32.75,0.0,6.96
2025-04-14,Chennai,24,31.38,0.0,9.09
2025-04-15,Chennai,24,29.92,0.0,9.14
2025-04-16,Chennai,24,29.59,0.0,10.27
2025-04-17,Chennai,24,33.16,0.0,9.62
2025-04-18,Chennai,24,32.96,0.0,10.45
2025-04-19,Chennai,24,33.68,0.0,13.09
2025-04-20,Chennai,24,32.34,0.0,14.76
2025-04-21,Chennai,24,32.84,0.0,11.76
2025-04-22,Chennai,24,32.35,0.0,10.3
2025-04-23,Chennai,24,31.1,0.0,11.64
2025-04-24,Chennai,24,34.1,0.0,10.93
2025-04-25,Chennai,24,33.05,0.0,7.56
2025-04-26,Chennai,24,33.38,0.0,8.94
2025-04-27,Chennai,24,32.52,0.0,10.03
2025-04-28,Chennai,24,32.31,7.62,14.02
2025-04-29,Chennai,24,34.33,0.0,11.87
2025-04-30,Chennai,24,30.02,0.0,8.9
2025-05-01,Chennai,24,32.31,0.0,11.1
2025-05-02,Chennai,24,33.27,0.0,14.13
2025-05-03,Chennai,24,33.55,0.0,13.91
2025-05-04,Chennai,24,33.17,0.0,10.83
2025-05-05,Chennai,24,34.04,0.0,14.1
2025-05-06,Chennai,24,34.12,0.0,13.77
2025-05-07,Chennai,24,34.11,0.0,15.35
2025-05-08,Chennai,24,33.94,0.0,15.13
2025-05-09,Chennai,24,33.76,0.0,13.88
2025-05-10,Chennai,24,36.97,0.0,13.57
2025-05-11,Chennai,24,34.55,0.0,15.72
2025-05-12,Chennai,24,37.66,0.0,11.82
2025-05-13,Chennai,24,34.28,0.0,14.29
2025-05-14,Chennai,24,34.99,0.0,13.48
2025-05-15,Chennai,24,37.05,0.0,13.11
2025-05-16,Chennai,24,37.43,0.0,13.05
2025-05-17,Chennai,24,38.88,0.0,12.28
2025-05-18,Chennai,24,39.24,0.0,10.59
2025-05-19,Chennai,24,37.4,0.0,8.12
2025-05-20,Chennai,24,35.52,0.0,14.48
2025-05-21,Chennai,24,40.35,0.0,18.17
2025-05-22,Chennai,24,41.55,0.0,14.3
2025-05-23,Chennai,24,40.92,0.0,13.81
2025-05-24,Chennai,24,39.8,0.0,13.0
2025-05-25,Chennai,24,39.08,0.0,13.93
2025-05-26,Chennai,24,37.84,0.0,13.6
2025-05-27,Chennai,24,37.54,0.0,11.43
2025-05-28,Chennai,24,36.37,0.0,12.94
2025-05-29,Chennai,24,39.22,0.0,12.85
2025-05-30,Chennai,24,36.78,0.0,12.63
2025-05-31,Chennai,24,38.0,0.0,11.02
2025-06-01,Chennai,24,39.35,1.89,16.3
2025-06-02,Chennai,24,35.38,27.45,20.94
2025-06-03,Chennai,24,33.69,0.0,15.75
2025-06-04,Chennai,24,31.72,0.0,17.21
2025-06-05,Chennai,24,31.99,0.0,19.4
2025-06-06,Chennai,24,33.25,0.0,13.32
2025-06-07,Chennai,24,35.38,0.0,12.29
2025-06-08,Chennai,24,33.41,0.0,13.15
2025-06-09,Chennai,24,33.78,0.0,14.85
2025-06-10,Chennai,24,33.15,0.0,15.3
2025-06-11,Chennai,24,33.01,0.0,15.08
2025-06-12,Chennai,24,33.28,10.66,18.13
2025-06-13,Chennai,24,32.89,1.77,13.86
2025-06-14,Chennai,24,31.32,0.0,14.01
2025-06-15,Chennai,24,32.26,0.0,16.04
2025-06-16,Chennai,24,34.31,0.0,16.5
2025-06-17,Chennai,24,36.26,0.0,16.83
2025-06-18,Chennai,24,35.58,0.0,11.91
2025-06-19,Chennai,24,33.68,0.76,14.34
2025-06-20,Chennai,24,36.39,12.62,15.03
2025-06-21,Chennai,24,34.01,0.0,15.35
2025-06-22,Chennai,24,34.35,9.42,18.28
2025-06-23,Chennai,24,34.54,0.0,12.74
2025-06-24,Chennai,24,34.93,0.0,12.62
2025-06-25,Chennai,24,33.72,0.0,14.0
2025-06-26,Chennai,24,34.48,0.0,16.39
2025-06-27,Chennai,24,34.73,0.0,18.19
2025-06-28,Chennai,24,32.76,0.0,17.03
2025-06-29,Chennai,24,35.62,0.0,17.34
2025-06-30,Chennai,24,34.37,0.0,13.77
2025-07-01,Chennai,24,30.96,0.0,16.75
2025-07-02,Chennai,24,31.7,0.0,17.86
2025-07-03,Chennai,24,33.81,9.88,19.84
2025-07-04,Chennai,24,30.16,2.93,16.86
2025-07-05,Chennai,24,33.11,0.89,13.84
2025-07-06,Chennai,24,33.82,15.93,18.95
2025-07-07,Chennai,24,34.44,6.85,23.8
2025-07-08,Chennai,24,34.24,0.0,16.6
2025-07-09,Chennai,24,32.97,0.0,16.39
2025-07-10,Chennai,24,31.97,0.0,14.67
2025-07-11,Chennai,24,33.6,0.0,16.35
2025-07-12,Chennai,24,34.55,0.0,18.59
2025-07-13,Chennai,24,34.95,7.61,14.85
2025-07-14,Chennai,24,33.37,0.37,15.1
2025-07-15,Chennai,24,29.65,0.0,11.66
2025-07-16,Chennai,24,31.32,14.31,17.88
2025-07-17,Chennai,24,30.22,5.4,13.24
2025-07-18,Chennai,24,29.84,17.49,15.89
2025-07-19,Chennai,24,29.63,0.0,11.75
2025-07-20,Chennai,24,30.61,1.32,17.64
2025-07-21,Chennai,24,29.15,5.34,15.44
2025-07-22,Chennai,24,30.95,7.62,19.69
2025-07-23,Chennai,24,31.17,1.29,11.62
2025-07-24,Chennai,24,32.5,21.28,13.99
2025-07-25,Chennai,24,32.18,3.01,13.54
2025-07-26,Chennai,24,31.98,6.12,14.23
2025-07-27,Chennai,24,30.1,2.86,14.17
2025-07-28,Chennai,24,29.11,13.44,19.98
2025-07-29,Chennai,24,30.32,0.0,14.31
2025-07-30,Chennai,24,28.8,0.0,15.62
2025-07-31,Chennai,24,30.92,0.0,14.57
2025-08-01,Chennai,24,30.33,9.58,10.11
2025-08-02,Chennai,24,28.89,45.13,17.56
2025-08-03,Chennai,24,29.91,14.89,12.26
2025-08-04,Chennai,24,30.29,0.0,5.86
2025-08-05,Chennai,24,28.65,1.71,11.08
2025-08-06,Chennai,24,32.08,0.0,11.3
2025-08-07,Chennai,24,29.37,15.57,13.13
2025-08-08,Chennai,24,30.34,34.55,22.5
2025-08-09,Chennai,24,28.43,0.0,12.83
2025-08-10,Chennai,24,27.22,3.28,10.0
2025-08-11,Chennai,24,28.04,38.59,16.75
2025-08-12,Chennai,24,29.25,0.0,13.93
2025-08-13,Chennai,24,30.23,0.0,12.78
2025-08-14,Chennai,24,29.6,0.0,17.5
2025-08-15,Chennai,24,30.44,0.0,13.4
2025-08-16,Chennai,24,29.23,0.0,14.79
2025-08-17,Chennai,24,30.87,0.0,16.45
2025-08-18,Chennai,24,29.84,28.39,18.78
2025-08-19,Chennai,24,30.53,13.4,13.56
2025-08-20,Chennai,24,29.91,0.0,8.76
2025-08-21,Chennai,24,27.8,10.98,10.28
2025-08-22,Chennai,24,28.35,0.0,12.52
2025-08-23,Chennai,24,30.18,0.0,12.21
2025-08-24,Chennai,24,31.54,0.0,15.84
2025-08-25,Chennai,24,31.04,0.0,14.34
2025-08-26,Chennai,24,28.16,0.0,16.57
2025-08-27,Chennai,24,30.44,0.0,15.68
2025-08-28,Chennai,24,30.04,0.0,13.22
2025-08-29,Chennai,24,32.33,0.0,15.34
2025-08-30,Chennai,24,31.4,15.23,15.17
2025-08-31,Chennai,24,32.44,0.0,13.0
2025-09-01,Chennai,24,31.82,0.0,12.24
2025-09-02,Chennai,24,30.01,3.69,10.27
2025-09-03,Chennai,24,26.08,0.0,12.29
2025-09-04,Chennai,24,29.62,0.0,9.76
2025-09-05,Chennai,24,24.93,0.0,10.22
2025-09-06,Chennai,24,27.81,0.39,12.49
2025-09-07,Chennai,24,27.37,11.28,11.43
2025-09-08,Chennai,24,28.8,12.86,14.86
2025-09-09,Chennai,24,28.96,7.58,15.55
2025-09-10,Chennai,24,29.77,7.8,15.9
2025-09-11,Chennai,24,30.16,0.0,16.47
2025-09-12,Chennai,24,30.26,0.0,16.58
2025-09-13,Chennai,24,31.65,13.62,14.31
2025-09-14,Chennai,24,30.73,0.0,11.97
2025-09-15,Chennai,24,30.82,0.0,9.43
2025-09-16,Chennai,24,27.89,5.28,10.77
2025-09-17,Chennai,24,28.58,12.65,9.5
2025-09-18,Chennai,24,30.6,1.19,8.07
2025-09-19,Chennai,24,31.1,2.64,10.79
2025-09-20,Chennai,24,31.08,21.32,15.15
2025-09-21,Chennai,24,29.21,3.35,12.07
2025-09-22,Chennai,24,30.76,10.69,14.48
2025-09-23,Chennai,24,31.44,0.0,13.08
2025-09-24,Chennai,24,30.39,0.0,11.82
2025-09-25,Chennai,24,28.72,0.0,12.21
2025-09-26,Chennai,24,28.63,0.0,12.73
2025-09-27,Chennai,24,27.57,0.0,10.88
2025-09-28,Chennai,24,27.82,7.95,9.71
2025-09-29,Chennai,24,27.69,0.0,8.4
2025-09-30,Chennai,24,27.92,0.0,16.26
2023-01-01,Chennai,72,24.02,0.0,8.12
2023-01-02,Chennai,72,25.78,0.0,10.96
2023-01-03,Chennai,72,21.79,0.0,9.27
2023-01-04,Chennai,72,23.81,0.0,6.21
2023-01-05,Chennai,72,24.76,1.58,7.97
2023-01-06,Chennai,72,25.2,0.0,9.65
2023-01-07,Chennai,72,25.11,0.0,8.21
2023-01-08,Chennai,72,23.58,0.0,7.49
2023-01-09,Chennai,72,25.4,0.0,8.71
2023-01-10,Chennai,72,23.47,0.0,7.71
2023-01-11,Chennai,72,24.12,0.0,9.85
2023-01-12,Chennai,72,23.94,0.0,11.99
2023-01-13,Chennai,72,25.25,0.0,13.06
2023-01-14,Chennai,72,25.03,0.0,9.88
2023-01-15,Chennai,72,27.1,0.0,6.66
2023-01-16,Chennai,72,27.43,0.0,8.47
2023-01-17,Chennai,72,23.06,0.0,6.93
2023-01-18,Chennai,72,22.97,0.0,6.78
2023-01-19,Chennai,72,25.08,0.0,9.14
2023-01-20,Chennai,72,23.85,0.0,10.13
2023-01-21,Chennai,72,25.79,0.0,7.83
2023-01-22,Chennai,72,25.92,0.0,6.75
2023-01-23,Chennai,72,26.12,0.0,8.3
2023-01-24,Chennai,72,28.47,21.3,13.44
2023-01-25,Chennai,72,26.92,0.0,6.56
2023-01-26,Chennai,72,24.25,0.0,10.65
2023-01-27,Chennai,72,25.8,0.0,10.66
2023-01-28,Chennai,72,25.25,0.0,10.08
2023-01-29,Chennai,72,25.83,0.0,8.65
2023-01-30,Chennai,72,22.52,0.0,7.13
2023-01-31,Chennai,72,23.96,0.0,12.02
2023-02-01,Chennai,72,27.34,0.0,12.68
2023-02-02,Chennai,72,28.07,0.0,10.89
2023-02-03,Chennai,72,28.9,0.0,8.97
2023-02-04,Chennai,72,29.45,0.0,10.32
2023-02-05,Chennai,72,28.22,0.0,9.88
2023-02-06,Chennai,72,25.82,0.0,10.76
2023-02-07,Chennai,72,27.62,0.0,6.19
2023-02-08,Chennai,72,25.05,0.0,6.18
2023-02-09,Chennai,72,26.99,0.0,3.97
2023-02-10,Chennai,72,25.59,0.0,6.62
2023-02-11,Chennai,72,26.13,0.0,8.79
2023-02-12,Chennai,72,25.06,0.0,14.14
2023-02-13,Chennai,72,26.45,0.0,14.23
2023-02-14,Chennai,72,27.64,2.19,12.62
2023-02-15,Chennai,72,25.78,0.0,10.52
2023-02-16,Chennai,72,27.7,0.0,8.84
2023-02-17,Chennai,72,30.54,0.0,4.13
2023-02-18,Chennai,72,30.76,0.0,10.51
2023-02-19,Chennai,72,30.46,0.0,8.3
2023-02-20,Chennai,72,25.78,0.0,13.82
2023-02-21,Chennai,72,25.35,0.0,7.4
2023-02-22,Chennai,72,29.75,0.0,11.38
2023-02-23,Chennai,72,26.7,0.0,5.86
2023-02-24,Chennai,72,27.24,0.0,10.49
2023-02-25,Chennai,72,27.6,0.0,10.07
2023-02-26,Chennai,72,25.15,0.0,8.46
2023-02-27,Chennai,72,27.39,0.0,7.24
2023-02-28,Chennai,72,25.43,0.0,6.44
2023-03-01,Chennai,72,27.34,0.0,9.11
2023-03-02,Chennai,72,23.87,0.0,9.43
2023-03-03,Chennai,72,27.68,0.0,10.5
2023-03-04,Chennai,72,25.09,0.0,10.31
2023-03-05,Chennai,72,26.44,0.0,10.88
2023-03-06,Chennai,72,26.29,0.0,10.69
2023-03-07,Chennai,72,27.48,0.0,10.36
2023-03-08,Chennai,72,27.6,0.0,8.54
2023-03-09,Chennai,72,27.64,0.0,11.73
2023-03-10,Chennai,72,26.84,0.0,6.33
2023-03-11,Chennai,72,26.91,0.0,9.71
2023-03-12,Chennai,72,25.72,0.0,8.48
2023-03-13,Chennai,72,26.05,0.0,8.13
2023-03-14,Chennai,72,27.18,0.0,9.23
2023-03-15,Chennai,72,26.76,0.0,10.53
2023-03-16,Chennai,72,28.95,0.0,10.24
2023-03-17,Chennai,72,28.31,0.0,11.5
2023-03-18,Chennai,72,31.57,0.0,10.68
2023-03-19,Chennai,72,28.98,0.0,12.38
2023-03-20,Chennai,72,27.48,0.0,12.81
2023-03-21,Chennai,72,28.78,0.0,11.1
2023-03-22,Chennai,72,26.87,0.0,16.96
2023-03-23,Chennai,72,28.0,0.0,11.45
2023-03-24,Chennai,72,28.15,0.0,9.5
2023-03-25,Chennai,72,26.23,0.0,12.68
2023-03-26,Chennai,72,27.37,0.0,12.61
2023-03-27,Chennai,72,26.6,0.0,12.23
2023-03-28,Chennai,72,26.96,0.0,11.73
2023-03-29,Chennai,72,28.48,0.0,13.48
2023-03-30,Chennai,72,26.9,0.0,10.26
2023-03-31,Chennai,72,28.96,0.0,13.84
2023-04-01,Chennai,72,32.42,0.0,13.07
2023-04-02,Chennai,72,31.45,0.0,10.47
2023-04-03,Chennai,72,32.12,0.0,6.3
2023-04-04,Chennai,72,32.58,0.0,7.15
2023-04-05,Chennai,72,32.84,0.0,6.79
2023-04-06,Chennai,72,32.12,0.28,7.13
2023-04-07,Chennai,72,34.49,0.0,8.78
2023-04-08,Chennai,72,31.45,0.0,13.32
2023-04-09,Chennai,72,31.58,0.0,8.87
2023-04-10,Chennai,72,32.69,0.43,9.93
2023-04-11,Chennai,72,32.98,0.0,9.97
2023-04-12,Chennai,72,37.38,0.0,11.78
2023-04-13,Chennai,72,36.06,0.0,8.58
2023-04-14,Chennai,72,33.05,0.0,12.49
2023-04-15,Chennai,72,31.35,9.61,16.09
2023-04-16,Chennai,72,33.35,10.08,15.61
2023-04-17,Chennai,72,32.24,0.0,15.94
2023-04-18,Chennai,72,31.66,0.0,14.82
2023-04-19,Chennai,72,32.06,0.0,11.39
2023-04-20,Chennai,72,32.74,0.0,7.53
2023-04-21,Chennai,72,34.4,0.0,13.42
2023-04-22,Chennai,72,35.06,0.0,9.57
2023-04-23,Chennai,72,34.38,0.0,11.68
2023-04-24,Chennai,72,38.69,0.0,9.74
2023-04-25,Chennai,72,33.3,0.0,8.02
2023-04-26,Chennai,72,33.74,0.0,10.08
2023-04-27,Chennai,72,33.37,0.0,10.3
2023-04-28,Chennai,72,32.41,0.0,12.79
2023-04-29,Chennai,72,33.34,0.0,12.79
2023-04-30,Chennai,72,33.29,0.85,11.07
2023-05-01,Chennai,72,33.95,0.0,15.16
2023-05-02,Chennai,72,36.58,0.0,11.09
2023-05-03,Chennai,72,35.67,0.0,13.73
2023-05-04,Chennai,72,31.77,0.0,13.31
2023-05-05,Chennai,72,33.75,0.0,16.61
2023-05-06,Chennai,72,30.63,0.0,12.46
2023-05-07,Chennai,72,34.07,0.0,11.1
2023-05-08,Chennai,72,32.96,0.0,10.54
2023-05-09,Chennai,72,36.67,0.0,10.92
2023-05-10,Chennai,72,36.03,18.03,12.5
2023-05-11,Chennai,72,34.91,0.0,14.92
2023-05-12,Chennai,72,37.58,0.0,8.89
2023-05-13,Chennai,72,40.16,0.0,12.92
2023-05-14,Chennai,72,35.12,0.0,15.0
2023-05-15,Chennai,72,36.28,28.05,19.26
2023-05-16,Chennai,72,37.13,5.14,15.45
2023-05-17,Chennai,72,34.65,5.47,13.22
2023-05-18,Chennai,72,33.26,0.0,9.33
2023-05-19,Chennai,72,32.68,0.0,14.71
2023-05-20,Chennai,72,38.32,0.0,10.58
2023-05-21,Chennai,72,35.88,0.0,9.58
2023-05-22,Chennai,72,36.66,0.0,15.66
2023-05-23,Chennai,72,34.71,0.0,11.5
2023-05-24,Chennai,72,34.49,0.0,14.59
2023-05-25,Chennai,72,36.17,0.0,13.77
2023-05-26,Chennai,72,35.79,0.0,14.41
2023-05-27,Chennai,72,36.7,0.0,14.8
2023-05-28,Chennai,72,39.58,0.0,12.97
2023-05-29,Chennai,72,38.6,0.0,12.33
2023-05-30,Chennai,72,36.69,0.0,12.98
2023-05-31,Chennai,72,38.57,0.0,11.55
2023-06-01,Chennai,72,36.59,0.0,20.18
2023-06-02,Chennai,72,34.53,7.33,18.35
2023-06-03,Chennai,72,31.86,0.0,17.72
2023-06-04,Chennai,72,36.21,0.0,16.44
2023-06-05,Chennai,72,38.51,0.0,17.44
2023-06-06,Chennai,72,34.74,0.0,17.38
2023-06-07,Chennai,72,34.74,8.52,20.56
2023-06-08,Chennai,72,33.07,0.0,14.92
2023-06-09,Chennai,72,36.83,0.0,18.28
2023-06-10,Chennai,72,35.77,0.0,19.84
2023-06-11,Chennai,72,32.82,0.0,14.59
2023-06-12,Chennai,72,35.21,0.0,16.68
2023-06-13,Chennai,72,35.96,0.0,16.24
2023-06-14,Chennai,72,38.56,0.0,17.72
2023-06-15,Chennai,72,35.09,0.0,16.92
2023-06-16,Chennai,72,34.94,0.0,21.5
2023-06-17,Chennai,72,33.86,0.0,18.54
2023-06-18,Chennai,72,34.88,0.0,19.03
2023-06-19,Chennai,72,35.84,0.0,20.92
2023-06-20,Chennai,72,35.8,18.49,17.33
2023-06-21,Chennai,72,33.98,53.27,26.2
2023-06-22,Chennai,72,36.19,11.69,19.8
2023-06-23,Chennai,72,36.09,0.0,15.04
2023-06-24,Chennai,72,32.99,0.0,13.31
2023-06-25,Chennai,72,34.19,0.0,14.89
2023-06-26,Chennai,72,36.45,0.0,16.4
2023-06-27,Chennai,72,36.02,0.0,15.03
2023-06-28,Chennai,72,36.6,0.0,16.03
2023-06-29,Chennai,72,33.39,0.0,16.17
2023-06-30,Chennai,72,34.03,0.0,16.1
2023-07-01,Chennai,72,32.48,1.17,12.87
2023-07-02,Chennai,72,31.48,0.0,18.4
2023-07-03,Chennai,72,31.87,0.0,12.48
2023-07-04,Chennai,72,30.74,0.0,10.65
2023-07-05,Chennai,72,31.55,0.0,9.96
2023-07-06,Chennai,72,31.67,0.0,15.33
2023-07-07,Chennai,72,32.58,0.0,15.23
2023-07-08,Chennai,72,31.75,0.0,18.78
2023-07-09,Chennai,72,29.91,0.0,17.33
2023-07-10,Chennai,72,32.39,0.0,14.92
2023-07-11,Chennai,72,33.88,0.0,14.69
2023-07-12,Chennai,72,33.01,0.0,13.87
2023-07-13,Chennai,72,32.56,0.0,15.53
2023-07-14,Chennai,72,31.88,0.0,13.73
2023-07-15,Chennai,72,28.28,0.0,15.26
2023-07-16,Chennai,72,30.96,0.0,13.55
2023-07-17,Chennai,72,31.49,0.0,15.16
2023-07-18,Chennai,72,31.61,0.0,13.38
2023-07-19,Chennai,72,29.3,0.4,13.45
2023-07-20,Chennai,72,30.48,2.82,12.22
2023-07-21,Chennai,72,29.58,0.0,14.84
2023-07-22,Chennai,72,28.52,0.0,14.41
2023-07-23,Chennai,72,30.86,5.67,15.23
2023-07-24,Chennai,72,29.39,3.4,19.35
2023-07-25,Chennai,72,30.7,2.05,18.4
2023-07-26,Chennai,72,32.1,3.86,15.75
2023-07-27,Chennai,72,30.28,0.0,18.49
2023-07-28,Chennai,72,29.74,0.0,15.66
2023-07-29,Chennai,72,28.71,6.79,18.98
2023-07-30,Chennai,72,33.52,0.0,16.17
2023-07-31,Chennai,72,33.62,0.0,18.34
2023-08-01,Chennai,72,29.65,0.0,15.59
2023-08-02,Chennai,72,27.95,0.0,9.0
2023-08-03,Chennai,72,29.68,37.52,18.88
2023-08-04,Chennai,72,28.67,0.0,10.78
2023-08-05,Chennai,72,30.18,0.0,13.73
2023-08-06,Chennai,72,30.59,0.0,15.64
2023-08-07,Chennai,72,29.2,0.0,15.86
2023-08-08,Chennai,72,29.03,0.0,10.93
2023-08-09,Chennai,72,29.02,0.0,9.53
2023-08-10,Chennai,72,28.73,0.0,12.88
2023-08-11,Chennai,72,29.31,0.0,13.77
2023-08-12,Chennai,72,29.98,0.0,13.09
2023-08-13,Chennai,72,30.96,19.2,18.12
2023-08-14,Chennai,72,29.73,0.0,13.71
2023-08-15,Chennai,72,29.88,0.0,12.9
2023-08-16,Chennai,72,31.72,0.0,14.1
2023-08-17,Chennai,72,31.76,0.0,11.37
2023-08-18,Chennai,72,31.27,0.0,13.04
2023-08-19,Chennai,72,28.06,0.0,11.83
2023-08-20,Chennai,72,28.92,0.0,15.39
2023-08-21,Chennai,72,30.48,0.0,13.05
2023-08-22,Chennai,72,29.06,0.0,17.86
2023-08-23,Chennai,72,28.23,0.0,12.34
2023-08-24,Chennai,72,31.15,0.0,14.45
2023-08-25,Chennai,72,31.65,0.0,14.44
2023-08-26,Chennai,72,30.08,0.0,9.09
2023-08-27,Chennai,72,31.27,0.0,12.46
2023-08-28,Chennai,72,29.83,0.0,11.93
2023-08-29,Chennai,72,31.24,0.0,13.87
2023-08-30,Chennai,72,32.26,0.0,11.71
2023-08-31,Chennai,72,30.84,12.92,12.2
2023-09-01,Chennai,72,31.99,0.0,8.71
2023-09-02,Chennai,72,29.88,0.0,9.54
2023-09-03,Chennai,72,29.63,3.98,12.11
2023-09-04,Chennai,72,27.84,2.83,12.1
2023-09-05,Chennai,72,27.69,21.26,11.79
2023-09-06,Chennai,72,27.81,8.35,14.91
2023-09-07,Chennai,72,28.0,0.0,11.96
2023-09-08,Chennai,72,26.54,9.25,13.45
2023-09-09,Chennai,72,27.45,17.39,18.05
2023-09-10,Chennai,72,26.78,7.78,16.92
2023-09-11,Chennai,72,28.02,0.0,13.99
2023-09-12,Chennai,72,26.74,0.0,9.17
2023-09-13,Chennai,72,26.61,0.0,11.36
2023-09-14,Chennai,72,27.95,3.08,9.19
2023-09-15,Chennai,72,27.3,9.39,12.48
2023-09-16,Chennai,72,28.74,6.05,17.48
2023-09-17,Chennai,72,28.92,0.0,13.84
2023-09-18,Chennai,72,29.44,0.0,14.18
2023-09-19,Chennai,72,28.05,13.32,16.13
2023-09-20,Chennai,72,30.34,6.07,11.15
2023-09-21,Chennai,72,30.46,14.63,13.77
2023-09-22,Chennai,72,31.02,11.36,14.59
2023-09-23,Chennai,72,29.43,0.0,10.83
2023-09-24,Chennai,72,30.5,0.0,16.5
2023-09-25,Chennai,72,31.67,0.0,15.14
2023-09-26,Chennai,72,29.67,0.0,12.37
2023-09-27,Chennai,72,27.55,3.88,16.64
2023-09-28,Chennai,72,29.89,12.21,14.23
2023-09-29,Chennai,72,33.28,2.44,10.88
2023-09-30,Chennai,72,28.56,6.96,9.71
2023-10-01,Chennai,72,30.27,7.86,11.8
2023-10-02,Chennai,72,29.54,5.98,10.76
2023-10-03,Chennai,72,27.77,0.49,13.74
2023-10-04,Chennai,72,29.18,4.32,14.25
2023-10-05,Chennai,72,27.75,8.19,13.85
2023-10-06,Chennai,72,27.9,10.28,16.18
2023-10-07,Chennai,72,26.67,20.31,19.45
2023-10-08,Chennai,72,27.61,8.89,12.85
2023-10-09,Chennai,72,28.06,18.33,10.05
2023-10-10,Chennai,72,26.43,7.91,8.4
2023-10-11,Chennai,72,25.88,22.32,14.51
2023-10-12,Chennai,72,27.1,7.22,12.94
2023-10-13,Chennai,72,25.11,1.54,13.97
2023-10-14,Chennai,72,25.16,52.02,17.9
2023-10-15,Chennai,72,27.77,0.0,12.69
2023-10-16,Chennai,72,27.79,0.0,12.15
2023-10-17,Chennai,72,25.52,4.27,16.04
2023-10-18,Chennai,72,24.57,2.8,16.55
2023-10-19,Chennai,72,27.69,5.41,12.43
2023-10-20,Chennai,72,26.92,8.18,13.51
2023-10-21,Chennai,72,26.64,0.25,11.96
2023-10-22,Chennai,72,26.02,1.48,12.93
2023-10-23,Chennai,72,24.46,16.09,17.82
2023-10-24,Chennai,72,28.08,0.0,16.91
2023-10-25,Chennai,72,27.86,0.0,15.12
2023-10-26,Chennai,72,31.35,2.93,13.24
2023-10-27,Chennai,72,30.49,24.34,18.61
2023-10-28,Chennai,72,28.2,34.39,15.27
2023-10-29,Chennai,72,28.32,4.76,17.06
2023-10-30,Chennai,72,24.44,9.95,15.79
2023-10-31,Chennai,72,23.52,5.11,9.95
2023-11-01,Chennai,72,24.38,2.78,11.98
2023-11-02,Chennai,72,25.94,3.79,14.73
2023-11-03,Chennai,72,23.22,4.15,16.54
2023-11-04,Chennai,72,22.1,63.31,23.07
2023-11-05,Chennai,72,27.85,3.74,10.97
2023-11-06,Chennai,72,23.07,30.7,20.21
2023-11-07,Chennai,72,23.01,10.34,15.75
2023-11-08,Chennai,72,24.39,13.09,16.26
2023-11-09,Chennai,72,23.25,4.62,16.69
2023-11-10,Chennai,72,25.31,49.16,19.6
2023-11-11,Chennai,72,23.77,15.43,15.69
2023-11-12,Chennai,72,23.77,41.85,19.8
2023-11-13,Chennai,72,27.44,30.42,21.27
2023-11-14,Chennai,72,23.71,16.39,19.57
2023-11-15,Chennai,72,27.74,5.78,11.49
2023-11-16,Chennai,72,25.36,6.18,13.15
2023-11-17,Chennai,72,25.94,7.23,15.7
2023-11-18,Chennai,72,23.85,1.35,17.57
2023-11-19,Chennai,72,25.41,15.62,21.31
2023-11-20,Chennai,72,25.8,11.67,14.37
2023-11-21,Chennai,72,23.46,0.0,14.88
2023-11-22,Chennai,72,24.81,1.19,14.41
2023-11-23,Chennai,72,25.38,21.35,20.47
2023-11-24,Chennai,72,23.2,8.53,14.37
2023-11-25,Chennai,72,27.74,3.0,9.73
2023-11-26,Chennai,72,25.94,3.49,15.88
2023-11-27,Chennai,72,24.87,5.79,17.37
2023-11-28,Chennai,72,25.68,6.03,13.57
2023-11-29,Chennai,72,22.49,28.15,20.05
2023-11-30,Chennai,72,25.69,18.41,21.93
2023-12-01,Chennai,72,24.03,9.92,9.54
2023-12-02,Chennai,72,24.75,13.21,15.71
2023-12-03,Chennai,72,25.79,0.0,8.54
2023-12-04,Chennai,72,25.83,3.08,14.18
2023-12-05,Chennai,72,28.06,0.0,4.64
2023-12-06,Chennai,72,27.24,0.0,8.59
2023-12-07,Chennai,72,25.3,0.0,6.23
2023-12-08,Chennai,72,27.77,0.0,12.63
2023-12-09,Chennai,72,27.69,0.0,11.4
2023-12-10,Chennai,72,25.53,0.0,10.4
2023-12-11,Chennai,72,27.56,21.53,14.76
2023-12-12,Chennai,72,27.43,0.0,6.01
2023-12-13,Chennai,72,24.53,0.0,8.36
2023-12-14,Chennai,72,26.71,1.48,11.86
2023-12-15,Chennai,72,24.61,4.14,14.8
2023-12-16,Chennai,72,25.83,4.21,15.58
2023-12-17,Chennai,72,24.38,0.0,12.55
2023-12-18,Chennai,72,26.53,0.0,9.92
2023-12-19,Chennai,72,23.78,0.0,8.14
2023-12-20,Chennai,72,24.81,0.0,10.28
2023-12-21,Chennai,72,22.87,0.0,12.49
2023-12-22,Chennai,72,23.66,1.17,11.46
2023-12-23,Chennai,72,24.41,0.66,8.2
2023-12-24,Chennai,72,25.08,26.1,17.05
2023-12-25,Chennai,72,24.85,0.0,12.99
2023-12-26,Chennai,72,23.77,0.0,8.77
2023-12-27,Chennai,72,26.26,0.0,8.06
2023-12-28,Chennai,72,25.36,0.0,10.1
2023-12-29,Chennai,72,23.86,0.0,14.49
2023-12-30,Chennai,72,24.24,0.0,10.2
2023-12-31,Chennai,72,24.87,0.0,12.63
2024-01-01,Chennai,72,24.76,7.72,10.97
2024-01-02,Chennai,72,28.73,0.0,9.88
2024-01-03,Chennai,72,26.88,0.0,11.64
2024-01-04,Chennai,72,26.7,0.0,6.33
2024-01-05,Chennai,72,26.16,0.0,8.82
2024-01-06,Chennai,72,24.02,8.64,11.76
2024-01-07,Chennai,72,22.73,0.0,9.84
2024-01-08,Chennai,72,23.32,0.0,12.72
2024-01-09,Chennai,72,24.45,0.0,11.04
2024-01-10,Chennai,72,25.5,0.0,15.74
2024-01-11,Chennai,72,27.88,0.0,8.77
2024-01-12,Chennai,72,26.05,0.0,11.22
2024-01-13,Chennai,72,25.41,0.0,11.08
2024-01-14,Chennai,72,26.09,0.0,6.83
2024-01-15,Chennai,72,24.84,0.0,12.17
2024-01-16,Chennai,72,24.02,0.0,12.45
2024-01-17,Chennai,72,24.31,0.0,7.51
2024-01-18,Chennai,72,24.93,0.0,9.58
2024-01-19,Chennai,72,27.34,0.0,10.96
2024-01-20,Chennai,72,28.52,0.0,11.93
2024-01-21,Chennai,72,27.91,0.0,12.7
2024-01-22,Chennai,72,26.06,0.0,12.77
2024-01-23,Chennai,72,22.93,0.0,14.27
2024-01-24,Chennai,72,23.69,0.0,7.44
2024-01-25,Chennai,72,24.52,0.0,9.26
2024-01-26,Chennai,72,26.7,0.0,10.09
2024-01-27,Chennai,72,27.67,0.0,8.81
2024-01-28,Chennai,72,27.38,0.09,8.8
2024-01-29,Chennai,72,26.81,4.24,9.15
2024-01-30,Chennai,72,25.19,0.0,5.99
2024-01-31,Chennai,72,25.52,0.0,5.4
2024-02-01,Chennai,72,26.74,0.0,8.73
2024-02-02,Chennai,72,27.02,0.0,4.03
2024-02-03,Chennai,72,27.24,0.0,9.83
2024-02-04,Chennai,72,28.69,0.0,11.68
2024-02-05,Chennai,72,25.36,0.0,8.92
2024-02-06,Chennai,72,27.23,0.0,13.9
2024-02-07,Chennai,72,27.36,0.0,10.15
2024-02-08,Chennai,72,29.11,0.0,7.46
2024-02-09,Chennai,72,26.51,0.0,9.65
2024-02-10,Chennai,72,28.11,0.0,8.39
2024-02-11,Chennai,72,29.23,0.0,9.28
2024-02-12,Chennai,72,28.53,0.0,7.78
2024-02-13,Chennai,72,27.91,0.0,7.58
2024-02-14,Chennai,72,29.29,0.0,9.21
2024-02-15,Chennai,72,28.91,0.0,10.51
2024-02-16,Chennai,72,28.35,0.0,12.05
2024-02-17,Chennai,72,24.02,0.0,6.17
2024-02-18,Chennai,72,27.88,0.0,9.96
2024-02-19,Chennai,72,28.43,0.0,13.12
2024-02-20,Chennai,72,27.93,0.0,13.38
2024-02-21,Chennai,72,28.27,0.0,13.91
2024-02-22,Chennai,72,28.55,0.0,14.33
2024-02-23,Chennai,72,29.68,0.0,12.04
2024-02-24,Chennai,72,30.04,0.0,8.3
2024-02-25,Chennai,72,29.41,0.0,10.17
2024-02-26,Chennai,72,29.54,0.0,11.23
2024-02-27,Chennai,72,30.27,0.0,8.89
2024-02-28,Chennai,72,29.57,0.0,8.62
2024-02-29,Chennai,72,27.6,0.0,10.21
2024-03-01,Chennai,72,29.77,0.0,9.54
2024-03-02,Chennai,72,28.09,0.0,8.53
2024-03-03,Chennai,72,25.5,0.0,13.57
2024-03-04,Chennai,72,21.76,0.0,9.41
2024-03-05,Chennai,72,25.01,0.0,10.7
2024-03-06,Chennai,72,23.34,0.0,12.83
2024-03-07,Chennai,72,25.24,0.0,5.99
2024-03-08,Chennai,72,24.97,0.0,14.28
2024-03-09,Chennai,72,25.49,0.0,12.89
2024-03-10,Chennai,72,25.78,0.0,5.54
2024-03-11,Chennai,72,27.21,0.0,9.33
2024-03-12,Chennai,72,29.69,0.0,8.06
2024-03-13,Chennai,72,26.62,0.0,9.49
2024-03-14,Chennai,72,27.41,0.0,10.11
2024-03-15,Chennai,72,25.44,0.0,10.13
2024-03-16,Chennai,72,26.85,8.38,8.55
2024-03-17,Chennai,72,27.56,6.86,9.27
2024-03-18,Chennai,72,27.97,0.0,6.82
2024-03-19,Chennai,72,29.84,0.0,10.57
2024-03-20,Chennai,72,29.11,0.0,11.21
2024-03-21,Chennai,72,29.14,0.0,13.57
2024-03-22,Chennai,72,31.55,0.0,12.92
2024-03-23,Chennai,72,32.54,0.0,14.62
2024-03-24,Chennai,72,32.33,0.0,13.17
2024-03-25,Chennai,72,33.21,0.0,13.41
2024-03-26,Chennai,72,35.18,0.0,12.93
2024-03-27,Chennai,72,36.6,0.0,7.96
2024-03-28,Chennai,72,33.59,0.0,10.18
2024-03-29,Chennai,72,32.14,0.0,6.34
2024-03-30,Chennai,72,33.47,0.0,9.78
2024-03-31,Chennai,72,32.56,0.0,7.47
2024-04-01,Chennai,72,31.79,0.0,11.82
2024-04-02,Chennai,72,32.14,0.0,8.4
2024-04-03,Chennai,72,33.54,0.0,9.77
2024-04-04,Chennai,72,32.05,0.0,12.31
2024-04-05,Chennai,72,32.83,0.0,13.97
2024-04-06,Chennai,72,31.77,0.0,9.88
2024-04-07,Chennai,72,29.92,12.97,14.42
2024-04-08,Chennai,72,31.64,0.0,8.98
2024-04-09,Chennai,72,31.0,0.0,10.97
2024-04-10,Chennai,72,31.0,0.0,14.17
2024-04-11,Chennai,72,33.74,0.0,14.44
2024-04-12,Chennai,72,34.49,0.0,11.98
2024-04-13,Chennai,72,35.44,0.0,11.83
2024-04-14,Chennai,72,35.29,0.0,9.9
2024-04-15,Chennai,72,31.9,0.0,8.02
2024-04-16,Chennai,72,33.25,0.0,7.28
2024-04-17,Chennai,72,34.9,5.99,12.46
2024-04-18,Chennai,72,36.47,2.03,10.96
2024-04-19,Chennai,72,33.35,0.0,12.17
2024-04-20,Chennai,72,36.36,0.0,11.89
2024-04-21,Chennai,72,34.51,0.0,9.62
2024-04-22,Chennai,72,32.67,0.0,8.72
2024-04-23,Chennai,72,33.57,0.0,7.35
2024-04-24,Chennai,72,32.31,0.0,7.31
2024-04-25,Chennai,72,33.4,0.0,10.08
2024-04-26,Chennai,72,33.53,0.0,7.21
2024-04-27,Chennai,72,36.08,0.0,12.13
2024-04-28,Chennai,72,31.88,0.0,4.66
2024-04-29,Chennai,72,32.6,1.06,9.5
2024-04-30,Chennai,72,31.23,0.0,11.29
2024-05-01,Chennai,72,33.92,0.0,14.25
2024-05-02,Chennai,72,32.77,0.0,15.04
2024-05-03,Chennai,72,32.4,0.0,14.11
2024-05-04,Chennai,72,32.58,0.0,15.63
2024-05-05,Chennai,72,33.03,0.0,20.42
2024-05-06,Chennai,72,35.74,0.0,12.0
2024-05-07,Chennai,72,31.76,0.0,11.89
2024-05-08,Chennai,72,30.49,0.0,13.17
2024-05-09,Chennai,72,34.39,0.0,11.04
2024-05-10,Chennai,72,31.41,0.0,13.56
2024-05-11,Chennai,72,33.85,0.0,12.56
2024-05-12,Chennai,72,33.25,4.14,15.22
2024-05-13,Chennai,72,34.98,0.0,13.08
2024-05-14,Chennai,72,35.09,0.0,11.68
2024-05-15,Chennai,72,34.42,0.0,14.27
2024-05-16,Chennai,72,35.3,0.0,11.11
2024-05-17,Chennai,72,35.26,0.0,11.89
2024-05-18,Chennai,72,34.22,4.3,10.69
2024-05-19,Chennai,72,35.79,0.0,9.14
2024-05-20,Chennai,72,33.82,0.0,12.08
2024-05-21,Chennai,72,35.88,0.0,11.17
2024-05-22,Chennai,72,35.59,0.0,10.01
2024-05-23,Chennai,72,36.32,0.0,10.65
2024-05-24,Chennai,72,35.54,0.0,15.68
2024-05-25,Chennai,72,33.38,1.69,18.27
2024-05-26,Chennai,72,32.8,20.26,23.21
2024-05-27,Chennai,72,33.44,0.0,12.0
2024-05-28,Chennai,72,34.08,0.0,11.34
2024-05-29,Chennai,72,33.44,4.96,12.45
2024-05-30,Chennai,72,31.68,0.0,13.07
2024-05-31,Chennai,72,33.86,13.36,19.7
2024-06-01,Chennai,72,31.86,0.0,18.4
2024-06-02,Chennai,72,29.42,0.0,14.94
2024-06-03,Chennai,72,31.62,0.0,14.9
2024-06-04,Chennai,72,30.2,0.0,19.47
2024-06-05,Chennai,72,31.34,0.0,12.77
2024-06-06,Chennai,72,32.64,0.0,13.14
2024-06-07,Chennai,72,32.0,0.0,14.88
2024-06-08,Chennai,72,32.9,0.0,13.33
2024-06-09,Chennai,72,31.0,0.0,11.78
2024-06-10,Chennai,72,33.06,0.0,19.83
2024-06-11,Chennai,72,34.51,0.0,18.16
2024-06-12,Chennai,72,40.39,0.0,16.21
2024-06-13,Chennai,72,36.4,0.0,17.99
2024-06-14,Chennai,72,34.43,0.0,17.66
2024-06-15,Chennai,72,33.2,0.0,15.34
2024-06-16,Chennai,72,33.62,0.0,17.45
2024-06-17,Chennai,72,33.3,0.0,19.73
2024-06-18,Chennai,72,35.11,0.0,13.46
2024-06-19,Chennai,72,34.6,14.31,19.47
2024-06-20,Chennai,72,33.79,0.0,17.21
2024-06-21,Chennai,72,31.03,0.0,15.28
2024-06-22,Chennai,72,33.06,0.0,17.22
2024-06-23,Chennai,72,35.79,0.0,17.03
2024-06-24,Chennai,72,32.65,0.0,16.64
2024-06-25,Chennai,72,35.03,0.0,17.04
2024-06-26,Chennai,72,35.76,0.0,14.27
2024-06-27,Chennai,72,34.14,0.0,15.85
2024-06-28,Chennai,72,33.26,0.0,14.46
2024-06-29,Chennai,72,29.28,0.0,12.48
2024-06-30,Chennai,72,30.81,0.0,12.66
2024-07-01,Chennai,72,30.3,0.0,13.25
2024-07-02,Chennai,72,30.59,0.0,13.83
2024-07-03,Chennai,72,30.25,0.0,16.75
2024-07-04,Chennai,72,27.71,4.47,17.27
2024-07-05,Chennai,72,29.99,3.38,18.76
2024-07-06,Chennai,72,28.27,0.0,13.5
2024-07-07,Chennai,72,30.41,0.0,14.43
2024-07-08,Chennai,72,32.8,3.46,14.06
2024-07-09,Chennai,72,33.98,0.76,14.45
2024-07-10,Chennai,72,32.25,8.8,15.23
2024-07-11,Chennai,72,31.37,1.91,18.88
2024-07-12,Chennai,72,32.64,2.57,14.13
2024-07-13,Chennai,72,30.86,14.96,18.51
2024-07-14,Chennai,72,31.71,5.36,10.54
2024-07-15,Chennai,72,34.06,10.23,14.46
2024-07-16,Chennai,72,30.6,0.0,12.57
2024-07-17,Chennai,72,30.55,0.0,12.62
2024-07-18,Chennai,72,31.61,0.0,11.73
2024-07-19,Chennai,72,35.08,0.0,17.06
2024-07-20,Chennai,72,32.53,0.0,19.34
2024-07-21,Chennai,72,32.59,7.18,14.26
2024-07-22,Chennai,72,33.15,0.0,14.65
2024-07-23,Chennai,72,33.89,1.75,15.03
2024-07-24,Chennai,72,33.18,0.0,13.25
2024-07-25,Chennai,72,36.05,0.0,13.35
2024-07-26,Chennai,72,31.83,0.0,15.53
2024-07-27,Chennai,72,35.76,0.0,13.09
2024-07-28,Chennai,72,35.04,0.0,13.69
2024-07-29,Chennai,72,34.77,8.75,15.11
2024-07-30,Chennai,72,33.63,0.0,14.1
2024-07-31,Chennai,72,32.97,0.0,9.66
2024-08-01,Chennai,72,32.81,0.0,15.07
2024-08-02,Chennai,72,32.48,0.0,14.39
2024-08-03,Chennai,72,35.38,0.0,12.68
2024-08-04,Chennai,72,32.65,28.21,15.41
2024-08-05,Chennai,72,32.42,0.0,11.71
2024-08-06,Chennai,72,31.43,0.0,14.13
2024-08-07,Chennai,72,33.13,0.0,14.83
2024-08-08,Chennai,72,34.78,0.0,14.09
2024-08-09,Chennai,72,32.72,3.04,17.47
2024-08-10,Chennai,72,32.66,12.34,13.35
2024-08-11,Chennai,72,32.12,18.19,18.54
2024-08-12,Chennai,72,32.71,1.7,10.06
2024-08-13,Chennai,72,33.22,0.0,10.52
2024-08-14,Chennai,72,28.33,0.0,7.1
2024-08-15,Chennai,72,31.16,0.0,11.6
2024-08-16,Chennai,72,34.44,0.0,9.51
2024-08-17,Chennai,72,31.54,0.0,11.3
2024-08-18,Chennai,72,30.67,0.0,4.47
2024-08-19,Chennai,72,32.21,0.0,6.73
2024-08-20,Chennai,72,35.01,0.0,7.32
2024-08-21,Chennai,72,32.85,0.0,6.33
2024-08-22,Chennai,72,32.69,0.0,7.18
2024-08-23,Chennai,72,33.83,0.0,11.44
2024-08-24,Chennai,72,31.39,0.0,12.42
2024-08-25,Chennai,72,30.57,11.96,17.73
2024-08-26,Chennai,72,31.42,0.0,16.9
2024-08-27,Chennai,72,31.17,0.0,13.8
2024-08-28,Chennai,72,33.39,12.35,15.7
2024-08-29,Chennai,72,34.87,14.71,15.47
2024-08-30,Chennai,72,34.4,0.0,10.22
2024-08-31,Chennai,72,33.43,0.0,13.31
2024-09-01,Chennai,72,31.88,0.0,11.37
2024-09-02,Chennai,72,31.08,0.0,11.59
2024-09-03,Chennai,72,31.7,0.0,6.91
2024-09-04,Chennai,72,30.01,0.0,11.27
2024-09-05,Chennai,72,31.48,0.0,13.93
2024-09-06,Chennai,72,32.75,6.53,13.05
2024-09-07,Chennai,72,29.03,9.31,15.82
2024-09-08,Chennai,72,31.85,25.77,22.1
2024-09-09,Chennai,72,33.96,13.22,13.7
2024-09-10,Chennai,72,32.56,0.0,10.36
2024-09-11,Chennai,72,32.33,0.0,11.61
2024-09-12,Chennai,72,29.93,1.84,10.18
2024-09-13,Chennai,72,29.67,2.31,12.76
2024-09-14,Chennai,72,29.76,1.02,7.45
2024-09-15,Chennai,72,29.73,3.17,7.75
2024-09-16,Chennai,72,30.45,0.0,8.1
2024-09-17,Chennai,72,27.68,0.0,9.5
2024-09-18,Chennai,72,29.34,5.83,13.71
2024-09-19,Chennai,72,30.32,6.7,14.19
2024-09-20,Chennai,72,29.51,0.0,8.88
2024-09-21,Chennai,72,33.2,0.0,8.95
2024-09-22,Chennai,72,32.16,0.0,11.03
2024-09-23,Chennai,72,31.08,17.08,14.77
2024-09-24,Chennai,72,31.95,0.0,12.56
2024-09-25,Chennai,72,33.51,0.0,10.14
2024-09-26,Chennai,72,30.82,0.0,11.04
2024-09-27,Chennai,72,31.39,0.0,15.53
2024-09-28,Chennai,72,30.81,0.0,13.83
2024-09-29,Chennai,72,33.34,0.0,13.57
2024-09-30,Chennai,72,29.91,0.0,10.14
2024-10-01,Chennai,72,27.6,0.0,11.19
2024-10-02,Chennai,72,25.04,0.0,14.5
2024-10-03,Chennai,72,29.59,0.0,12.0
2024-10-04,Chennai,72,26.51,1.88,10.32
2024-10-05,Chennai,72,26.93,5.56,10.83
2024-10-06,Chennai,72,27.35,3.91,9.89
2024-10-07,Chennai,72,27.56,3.95,10.29
2024-10-08,Chennai,72,27.94,19.85,13.83
2024-10-09,Chennai,72,27.39,8.13,14.51
2024-10-10,Chennai,72,27.21,9.33,8.1
2024-10-11,Chennai,72,28.22,6.62,10.48
2024-10-12,Chennai,72,31.15,2.67,7.5
2024-10-13,Chennai,72,31.04,12.23,10.07
2024-10-14,Chennai,72,31.44,11.51,14.8
2024-10-15,Chennai,72,32.41,18.25,18.15
2024-10-16,Chennai,72,31.04,9.73,15.83
2024-10-17,Chennai,72,32.37,22.89,14.26
2024-10-18,Chennai,72,32.77,2.26,11.63
2024-10-19,Chennai,72,32.16,1.08,10.22
2024-10-20,Chennai,72,27.14,7.14,13.55
2024-10-21,Chennai,72,31.13,0.0,9.06
2024-10-22,Chennai,72,28.44,0.0,10.8
2024-10-23,Chennai,72,29.1,0.0,16.68
2024-10-24,Chennai,72,29.35,0.0,14.56
2024-10-25,Chennai,72,27.45,3.06,13.73
2024-10-26,Chennai,72,23.73,3.13,16.12
2024-10-27,Chennai,72,24.8,0.73,13.89
2024-10-28,Chennai,72,24.15,2.87,13.18
2024-10-29,Chennai,72,24.07,17.82,15.83
2024-10-30,Chennai,72,23.86,14.14,16.52
2024-10-31,Chennai,72,24.89,32.82,13.31
2024-11-01,Chennai,72,23.23,0.0,11.62
2024-11-02,Chennai,72,28.08,13.7,11.36
2024-11-03,Chennai,72,23.57,1.78,13.94
2024-11-04,Chennai,72,24.42,8.57,13.04
2024-11-05,Chennai,72,24.38,4.89,20.43
2024-11-06,Chennai,72,27.62,15.78,15.3
2024-11-07,Chennai,72,27.88,7.34,13.44
2024-11-08,Chennai,72,27.3,6.33,12.41
2024-11-09,Chennai,72,26.79,24.31,21.12
2024-11-10,Chennai,72,24.89,8.53,12.8
2024-11-11,Chennai,72,29.04,5.41,12.78
2024-11-12,Chennai,72,28.49,5.81,15.0
2024-11-13,Chennai,72,27.96,5.16,12.0
2024-11-14,Chennai,72,28.33,11.06,11.93
2024-11-15,Chennai,72,26.6,22.39,9.7
2024-11-16,Chennai,72,25.06,13.36,12.92
2024-11-17,Chennai,72,26.98,9.89,14.34
2024-11-18,Chennai,72,26.03,3.14,16.02
2024-11-19,Chennai,72,28.46,5.28,12.16
2024-11-20,Chennai,72,28.03,1.79,13.63
2024-11-21,Chennai,72,29.0,0.0,16.62
2024-11-22,Chennai,72,29.79,7.43,14.45
2024-11-23,Chennai,72,30.73,0.54,14.66
2024-11-24,Chennai,72,29.0,5.05,15.75
2024-11-25,Chennai,72,26.92,6.39,15.19
2024-11-26,Chennai,72,27.63,4.49,12.97
2024-11-27,Chennai,72,27.68,15.23,14.09
2024-11-28,Chennai,72,30.31,11.61,15.05
2024-11-29,Chennai,72,27.1,20.2,18.04
2024-11-30,Chennai,72,27.23,26.48,14.59
2024-12-01,Chennai,72,25.52,23.54,14.06
2024-12-02,Chennai,72,27.54,0.66,10.39
2024-12-03,Chennai,72,25.03,5.34,8.77
2024-12-04,Chennai,72,26.55,0.0,5.55
2024-12-05,Chennai,72,27.02,0.0,11.22
2024-12-06,Chennai,72,29.3,15.7,7.75
2024-12-07,Chennai,72,25.0,10.49,15.86
2024-12-08,Chennai,72,25.61,1.58,13.23
2024-12-09,Chennai,72,26.27,0.0,9.69
2024-12-10,Chennai,72,24.72,0.0,7.99
2024-12-11,Chennai,72,26.22,7.07,10.34
2024-12-12,Chennai,72,24.9,4.69,8.31
2024-12-13,Chennai,72,24.8,5.24,9.36
2024-12-14,Chennai,72,25.34,2.86,13.62
2024-12-15,Chennai,72,26.98,3.66,7.59
2024-12-16,Chennai,72,23.28,12.31,10.45
2024-12-17,Chennai,72,24.35,1.81,10.37
2024-12-18,Chennai,72,23.5,3.72,11.38
2024-12-19,Chennai,72,22.46,4.62,7.06
2024-12-20,Chennai,72,21.97,0.0,8.55
2024-12-21,Chennai,72,23.19,0.19,9.77
2024-12-22,Chennai,72,24.03,8.15,14.39
2024-12-23,Chennai,72,21.62,11.54,12.86
2024-12-24,Chennai,72,24.03,16.78,9.53
2024-12-25,Chennai,72,19.36,4.65,6.62
2024-12-26,Chennai,72,23.41,13.66,12.36
2024-12-27,Chennai,72,23.17,2.33,11.43
2024-12-28,Chennai,72,24.22,21.3,10.2
2024-12-29,Chennai,72,26.68,11.17,7.59
2024-12-30,Chennai,72,25.88,7.93,8.33
2024-12-31,Chennai,72,25.76,0.0,9.11
2025-01-01,Chennai,72,24.95,0.0,8.46
2025-01-02,Chennai,72,26.21,0.0,11.7
2025-01-03,Chennai,72,26.54,0.0,10.26
2025-01-04,Chennai,72,29.38,1.6,9.01
2025-01-05,Chennai,72,25.82,0.0,6.05
2025-01-06,Chennai,72,26.66,0.0,7.69
2025-01-07,Chennai,72,23.4,0.0,6.26
2025-01-08,Chennai,72,26.38,0.0,10.88
2025-01-09,Chennai,72,25.12,0.0,8.57
2025-01-10,Chennai,72,23.59,0.0,10.39
2025-01-11,Chennai,72,29.23,0.0,12.62
2025-01-12,Chennai,72,24.11,0.0,9.67
2025-01-13,Chennai,72,24.99,1.43,11.75
2025-01-14,Chennai,72,25.87,3.56,12.0
2025-01-15,Chennai,72,24.27,0.0,13.04
2025-01-16,Chennai,72,25.53,0.0,6.17
2025-01-17,Chennai,72,23.8,7.33,12.13
2025-01-18,Chennai,72,26.28,0.0,17.02
2025-01-19,Chennai,72,27.37,0.0,13.12
2025-01-20,Chennai,72,28.04,0.0,11.32
2025-01-21,Chennai,72,26.98,0.0,12.86
2025-01-22,Chennai,72,25.94,0.0,9.91
2025-01-23,Chennai,72,27.28,0.0,13.2
2025-01-24,Chennai,72,24.35,0.0,10.51
2025-01-25,Chennai,72,25.12,0.0,12.73
2025-01-26,Chennai,72,22.86,0.0,10.85
2025-01-27,Chennai,72,24.35,0.0,12.84
2025-01-28,Chennai,72,24.11,0.0,14.11
2025-01-29,Chennai,72,24.11,2.29,10.97
2025-01-30,Chennai,72,21.95,0.0,11.72
2025-01-31,Chennai,72,22.87,0.0,6.56
2025-02-01,Chennai,72,23.43,0.0,8.69
2025-02-02,Chennai,72,25.84,0.0,9.16
2025-02-03,Chennai,72,25.4,0.0,5.94
2025-02-04,Chennai,72,28.9,0.0,10.78
2025-02-05,Chennai,72,26.09,0.0,2.71
2025-02-06,Chennai,72,26.71,0.0,7.63
2025-02-07,Chennai,72,26.01,0.0,9.0
2025-02-08,Chennai,72,26.24,0.0,10.48
2025-02-09,Chennai,72,27.5,0.0,6.2
2025-02-10,Chennai,72,25.62,0.0,8.98
2025-02-11,Chennai,72,28.27,0.0,10.59
2025-02-12,Chennai,72,25.88,0.0,13.12
2025-02-13,Chennai,72,25.68,3.13,11.09
2025-02-14,Chennai,72,25.0,0.0,11.54
2025-02-15,Chennai,72,26.14,0.0,10.99
2025-02-16,Chennai,72,26.16,0.0,9.87
2025-02-17,Chennai,72,27.81,0.0,11.8
2025-02-18,Chennai,72,26.39,0.0,7.64
2025-02-19,Chennai,72,27.45,0.0,10.54
2025-02-20,Chennai,72,26.57,0.0,10.04
2025-02-21,Chennai,72,29.25,0.0,8.99
2025-02-22,Chennai,72,27.22,5.99,12.07
2025-02-23,Chennai,72,28.26,0.0,12.73
2025-02-24,Chennai,72,28.15,0.0,12.73
2025-02-25,Chennai,72,25.77,0.0,9.89
2025-02-26,Chennai,72,27.68,0.0,9.68
2025-02-27,Chennai,72,28.02,33.71,15.07
2025-02-28,Chennai,72,27.89,0.0,9.94
2025-03-01,Chennai,72,31.62,0.0,11.21
2025-03-02,Chennai,72,27.6,0.0,12.21
2025-03-03,Chennai,72,28.67,0.0,9.83
2025-03-04,Chennai,72,28.37,0.0,6.64
2025-03-05,Chennai,72,29.06,0.0,8.47
2025-03-06,Chennai,72,29.87,0.0,9.6
2025-03-07,Chennai,72,29.18,0.0,6.87
2025-03-08,Chennai,72,26.98,0.0,4.11
2025-03-09,Chennai,72,26.06,0.0,6.25
2025-03-10,Chennai,72,27.49,0.0,5.93
2025-03-11,Chennai,72,29.12,0.0,6.74
2025-03-12,Chennai,72,26.97,0.0,9.64
2025-03-13,Chennai,72,26.81,0.0,6.82
2025-03-14,Chennai,72,26.34,0.0,10.15
2025-03-15,Chennai,72,26.86,0.0,8.35
2025-03-16,Chennai,72,27.89,0.0,9.21
2025-03-17,Chennai,72,27.66,0.0,9.24
2025-03-18,Chennai,72,30.15,0.0,8.53
2025-03-19,Chennai,72,29.35,0.0,14.44
2025-03-20,Chennai,72,30.52,0.0,14.57
2025-03-21,Chennai,72,31.29,0.0,9.49
2025-03-22,Chennai,72,28.94,0.0,14.06
2025-03-23,Chennai,72,27.62,0.0,10.42
2025-03-24,Chennai,72,27.79,0.0,8.73
2025-03-25,Chennai,72,29.73,0.0,5.93
2025-03-26,Chennai,72,27.7,0.0,7.49
2025-03-27,Chennai,72,26.6,0.0,1.54
2025-03-28,Chennai,72,27.85,0.0,6.49
2025-03-29,Chennai,72,27.58,0.0,8.57
2025-03-30,Chennai,72,28.0,0.0,9.97
2025-03-31,Chennai,72,26.04,0.0,8.78
2025-04-01,Chennai,72,34.5,2.17,8.85
2025-04-02,Chennai,72,34.29,0.0,11.53
2025-04-03,Chennai,72,33.46,0.0,13.56
2025-04-04,Chennai,72,30.14,0.0,13.46
2025-04-05,Chennai,72,33.07,0.0,12.86
2025-04-06,Chennai,72,30.83,0.0,13.39
2025-04-07,Chennai,72,31.14,0.0,13.05
2025-04-08,Chennai,72,31.49,0.0,11.72
2025-04-09,Chennai,72,32.22,0.0,9.3
2025-04-10,Chennai,72,31.21,0.0,8.29
2025-04-11,Chennai,72,30.87,0.0,9.77
2025-04-12,Chennai,72,34.48,0.0,8.62
2025-04-13,Chennai,72,31.93,0.0,6.18
2025-04-14,Chennai,72,33.47,0.0,8.88
2025-04-15,Chennai,72,30.03,0.0,6.29
2025-04-16,Chennai,72,29.25,0.0,8.29
2025-04-17,Chennai,72,31.89,0.0,10.87
2025-04-18,Chennai,72,31.79,0.0,11.97
2025-04-19,Chennai,72,34.03,0.0,13.29
2025-04-20,Chennai,72,31.87,0.0,15.0
2025-04-21,Chennai,72,34.15,0.0,16.53
2025-04-22,Chennai,72,32.23,0.0,12.99
2025-04-23,Chennai,72,31.14,0.0,11.96
2025-04-24,Chennai,72,33.13,0.0,10.35
2025-04-25,Chennai,72,34.32,0.0,9.32
2025-04-26,Chennai,72,31.44,0.0,8.49
2025-04-27,Chennai,72,34.85,0.0,11.58
2025-04-28,Chennai,72,33.08,10.74,12.2
2025-04-29,Chennai,72,34.43,0.0,9.66
2025-04-30,Chennai,72,29.39,0.0,8.95
2025-05-01,Chennai,72,31.49,0.0,12.13
2025-05-02,Chennai,72,33.77,0.0,11.34
2025-05-03,Chennai,72,35.02,0.0,13.35
2025-05-04,Chennai,72,34.64,0.0,12.41
2025-05-05,Chennai,72,34.49,0.0,14.66
2025-05-06,Chennai,72,33.96,0.0,17.78
2025-05-07,Chennai,72,33.16,0.0,14.44
2025-05-08,Chennai,72,33.9,0.0,11.36
2025-05-09,Chennai,72,33.93,0.0,9.67
2025-05-10,Chennai,72,35.86,0.0,11.89
2025-05-11,Chennai,72,34.3,0.0,15.99
2025-05-12,Chennai,72,36.41,0.0,10.64
2025-05-13,Chennai,72,32.53,0.0,12.89
2025-05-14,Chennai,72,36.01,0.0,10.72
2025-05-15,Chennai,72,37.18,0.0,14.1
2025-05-16,Chennai,72,36.69,0.0,14.62
2025-05-17,Chennai,72,41.08,0.0,10.38
2025-05-18,Chennai,72,38.81,0.0,11.39
2025-05-19,Chennai,72,36.57,0.0,6.34
2025-05-20,Chennai,72,35.29,0.0,16.17
2025-05-21,Chennai,72,39.95,0.0,19.4
2025-05-22,Chennai,72,41.01,0.0,17.54
2025-05-23,Chennai,72,39.05,0.0,14.67
2025-05-24,Chennai,72,38.78,0.0,12.5
2025-05-25,Chennai,72,37.7,0.0,11.43
2025-05-26,Chennai,72,37.73,0.0,14.73
2025-05-27,Chennai,72,36.31,0.0,13.59
2025-05-28,Chennai,72,35.26,0.0,13.66
2025-05-29,Chennai,72,37.66,0.0,14.35
2025-05-30,Chennai,72,36.26,0.0,12.1
2025-05-31,Chennai,72,38.69,0.0,9.75
2025-06-01,Chennai,72,37.58,2.65,14.88
2025-06-02,Chennai,72,36.58,35.75,21.05
2025-06-03,Chennai,72,33.01,0.0,18.54
2025-06-04,Chennai,72,33.66,0.0,15.06
2025-06-05,Chennai,72,31.58,0.0,16.78
2025-06-06,Chennai,72,32.62,0.0,12.99
2025-06-07,Chennai,72,35.31,0.0,14.11
2025-06-08,Chennai,72,35.3,0.0,12.03
2025-06-09,Chennai,72,32.98,0.0,13.51
2025-06-10,Chennai,72,34.95,0.0,15.87
2025-06-11,Chennai,72,32.27,0.0,11.58
2025-06-12,Chennai,72,33.15,8.57,17.32
2025-06-13,Chennai,72,33.25,1.99,16.73
2025-06-14,Chennai,72,31.33,0.0,15.88
2025-06-15,Chennai,72,32.94,0.0,15.7
2025-06-16,Chennai,72,34.3,0.0,17.81
2025-06-17,Chennai,72,35.98,0.0,13.83
2025-06-18,Chennai,72,35.18,0.0,16.17
2025-06-19,Chennai,72,33.37,0.44,13.76
2025-06-20,Chennai,72,35.6,14.91,16.51
2025-06-21,Chennai,72,34.72,0.0,15.8
2025-06-22,Chennai,72,33.2,8.24,20.43
2025-06-23,Chennai,72,32.84,0.0,12.23
2025-06-24,Chennai,72,34.8,0.0,12.72
2025-06-25,Chennai,72,35.14,0.0,15.05
2025-06-26,Chennai,72,35.17,0.0,16.68
2025-06-27,Chennai,72,33.89,0.0,19.79
2025-06-28,Chennai,72,33.68,0.0,15.5
2025-06-29,Chennai,72,35.08,0.0,16.37
2025-06-30,Chennai,72,33.11,0.0,13.32
2025-07-01,Chennai,72,31.04,0.0,21.41
2025-07-02,Chennai,72,31.73,0.0,18.53
2025-07-03,Chennai,72,34.5,15.29,21.29
2025-07-04,Chennai,72,31.66,2.23,17.82
2025-07-05,Chennai,72,33.34,0.8,14.34
2025-07-06,Chennai,72,33.84,19.24,18.96
2025-07-07,Chennai,72,33.78,6.16,23.48
2025-07-08,Chennai,72,33.37,0.0,16.9
2025-07-09,Chennai,72,32.99,0.0,14.07
2025-07-10,Chennai,72,32.36,0.0,17.06
2025-07-11,Chennai,72,34.26,0.0,17.82
2025-07-12,Chennai,72,32.42,0.0,18.22
2025-07-13,Chennai,72,34.47,7.5,17.19
2025-07-14,Chennai,72,33.76,0.49,16.17
2025-07-15,Chennai,72,30.38,0.0,11.36
2025-07-16,Chennai,72,31.91,23.88,17.85
2025-07-17,Chennai,72,31.16,6.99,13.67
2025-07-18,Chennai,72,27.95,17.02,17.56
2025-07-19,Chennai,72,29.4,0.0,12.92
2025-07-20,Chennai,72,30.14,1.34,18.42
2025-07-21,Chennai,72,29.16,6.42,14.74
2025-07-22,Chennai,72,29.64,11.32,19.04
2025-07-23,Chennai,72,30.12,1.14,10.28
2025-07-24,Chennai,72,30.82,21.48,19.2
2025-07-25,Chennai,72,31.31,2.6,14.19
2025-07-26,Chennai,72,33.58,11.01,15.92
2025-07-27,Chennai,72,29.26,3.43,16.16
2025-07-28,Chennai,72,28.91,13.16,20.63
2025-07-29,Chennai,72,30.33,0.0,15.1
2025-07-30,Chennai,72,28.74,0.0,12.24
2025-07-31,Chennai,72,28.75,0.0,14.57
2025-08-01,Chennai,72,30.74,16.1,10.75
2025-08-02,Chennai,72,29.49,48.76,15.91
2025-08-03,Chennai,72,31.01,17.54,13.02
2025-08-04,Chennai,72,30.1,0.0,7.64
2025-08-05,Chennai,72,28.39,3.42,11.77
2025-08-06,Chennai,72,31.0,0.0,11.68
2025-08-07,Chennai,72,30.89,13.63,13.1
2025-08-08,Chennai,72,30.21,56.99,24.46
2025-08-09,Chennai,72,28.67,0.0,12.67
2025-08-10,Chennai,72,27.9,4.5,13.21
2025-08-11,Chennai,72,28.21,31.98,15.94
2025-08-12,Chennai,72,29.58,0.0,15.83
2025-08-13,Chennai,72,29.88,0.0,13.43
2025-08-14,Chennai,72,29.59,0.0,16.76
2025-08-15,Chennai,72,28.15,0.0,15.33
2025-08-16,Chennai,72,26.43,0.0,13.79
2025-08-17,Chennai,72,31.07,0.0,16.17
2025-08-18,Chennai,72,29.76,34.91,19.57
2025-08-19,Chennai,72,32.2,18.09,17.84
2025-08-20,Chennai,72,28.43,0.0,9.48
2025-08-21,Chennai,72,28.29,11.37,14.77
2025-08-22,Chennai,72,28.83,0.0,11.42
2025-08-23,Chennai,72,31.43,0.0,14.66
2025-08-24,Chennai,72,31.34,0.0,14.55
2025-08-25,Chennai,72,30.76,0.0,13.32
2025-08-26,Chennai,72,29.5,0.0,15.24
2025-08-27,Chennai,72,30.92,0.0,15.58
2025-08-28,Chennai,72,29.15,0.0,15.69
2025-08-29,Chennai,72,30.76,0.0,12.72
2025-08-30,Chennai,72,33.57,19.15,16.93
2025-08-31,Chennai,72,33.56,0.0,12.86
2025-09-01,Chennai,72,31.99,0.0,11.26
2025-09-02,Chennai,72,31.01,2.02,10.03
2025-09-03,Chennai,72,27.72,0.0,11.28
2025-09-04,Chennai,72,29.51,0.0,7.46
2025-09-05,Chennai,72,26.85,0.0,10.08
2025-09-06,Chennai,72,28.32,0.5,11.89
2025-09-07,Chennai,72,27.56,11.85,9.57
2025-09-08,Chennai,72,27.58,12.52,15.44
2025-09-09,Chennai,72,29.37,9.37,12.01
2025-09-10,Chennai,72,27.75,7.43,13.71
2025-09-11,Chennai,72,31.18,0.0,16.33
2025-09-12,Chennai,72,30.99,0.0,18.28
2025-09-13,Chennai,72,31.35,19.59,18.8
2025-09-14,Chennai,72,30.97,0.0,11.54
2025-09-15,Chennai,72,29.03,0.0,10.67
2025-09-16,Chennai,72,29.66,7.98,11.24
2025-09-17,Chennai,72,28.15,7.34,12.5
2025-09-18,Chennai,72,28.67,1.08,9.7
2025-09-19,Chennai,72,29.62,4.79,11.68
2025-09-20,Chennai,72,31.93,15.82,13.95
2025-09-21,Chennai,72,31.89,4.28,12.38
2025-09-22,Chennai,72,30.07,6.72,14.71
2025-09-23,Chennai,72,32.59,0.0,11.02
2025-09-24,Chennai,72,30.49,0.0,13.55
2025-09-25,Chennai,72,28.97,0.0,9.0
2025-09-26,Chennai,72,28.48,0.0,10.14
2025-09-27,Chennai,72,26.79,0.0,12.82
2025-09-28,Chennai,72,26.64,11.83,10.99
2025-09-29,Chennai,72,29.38,0.0,10.03
2025-09-30,Chennai,72,26.49,0.0,16.99
2023-01-01,Chennai,120,25.86,0.0,8.99
2023-01-02,Chennai,120,23.83,0.0,10.49
2023-01-03,Chennai,120,23.71,0.0,7.48
2023-01-04,Chennai,120,24.99,0.0,7.47
2023-01-05,Chennai,120,24.54,1.34,10.21
2023-01-06,Chennai,120,25.55,0.0,9.0
2023-01-07,Chennai,120,26.26,0.0,10.38
2023-01-08,Chennai,120,25.02,0.0,11.8
2023-01-09,Chennai,120,25.83,0.0,9.46
2023-01-10,Chennai,120,24.99,0.0,8.96
2023-01-11,Chennai,120,24.7,0.0,8.56
2023-01-12,Chennai,120,25.55,0.0,13.53
2023-01-13,Chennai,120,25.95,0.0,17.15
2023-01-14,Chennai,120,23.9,0.0,8.77
2023-01-15,Chennai,120,27.96,0.0,4.11
2023-01-16,Chennai,120,26.53,0.0,7.8
2023-01-17,Chennai,120,23.3,0.0,7.88
2023-01-18,Chennai,120,24.27,0.0,8.44
2023-01-19,Chennai,120,24.8,0.0,7.63
2023-01-20,Chennai,120,24.4,0.0,7.08
2023-01-21,Chennai,120,25.44,0.0,11.27
2023-01-22,Chennai,120,27.46,0.0,8.41
2023-01-23,Chennai,120,27.52,0.0,7.22
2023-01-24,Chennai,120,26.98,20.59,9.75
2023-01-25,Chennai,120,26.1,0.0,9.44
2023-01-26,Chennai,120,26.66,0.0,6.43
2023-01-27,Chennai,120,27.5,0.0,11.1
2023-01-28,Chennai,120,25.37,0.0,8.7
2023-01-29,Chennai,120,24.64,0.0,11.11
2023-01-30,Chennai,120,23.98,0.0,7.14
2023-01-31,Chennai,120,25.88,0.0,12.9
2023-02-01,Chennai,120,27.35,0.0,10.3
2023-02-02,Chennai,120,28.57,0.0,14.07
2023-02-03,Chennai,120,27.38,0.0,7.41
2023-02-04,Chennai,120,27.41,0.0,12.61
2023-02-05,Chennai,120,28.25,0.0,9.32
2023-02-06,Chennai,120,27.08,0.0,5.75
2023-02-07,Chennai,120,25.88,0.0,4.58
2023-02-08,Chennai,120,26.32,0.0,5.7
2023-02-09,Chennai,120,26.85,0.0,5.92
2023-02-10,Chennai,120,25.45,0.0,7.41
2023-02-11,Chennai,120,28.9,0.0,8.91
2023-02-12,Chennai,120,26.53,0.0,13.94
2023-02-13,Chennai,120,25.19,0.0,10.59
2023-02-14,Chennai,120,27.14,6.67,11.08
2023-02-15,Chennai,120,29.42,0.0,13.44
2023-02-16,Chennai,120,28.62,0.0,4.76
2023-02-17,Chennai,120,29.65,0.0,6.18
2023-02-18,Chennai,120,31.86,0.0,9.82
2023-02-19,Chennai,120,28.42,0.0,10.05
2023-02-20,Chennai,120,29.12,0.0,10.85
2023-02-21,Chennai,120,28.05,0.0,11.29
2023-02-22,Chennai,120,29.13,0.0,9.94
2023-02-23,Chennai,120,28.03,0.0,4.47
2023-02-24,Chennai,120,27.28,0.0,8.46
2023-02-25,Chennai,120,24.37,0.0,7.85
2023-02-26,Chennai,120,25.68,0.0,8.51
2023-02-27,Chennai,120,25.29,0.0,4.76
2023-02-28,Chennai,120,26.42,0.0,9.55
2023-03-01,Chennai,120,28.24,0.0,9.21
2023-03-02,Chennai,120,26.38,0.0,8.97
2023-03-03,Chennai,120,24.66,0.0,12.19
2023-03-04,Chennai,120,27.14,0.0,14.1
2023-03-05,Chennai,120,27.78,0.0,10.85
2023-03-06,Chennai,120,24.7,0.0,4.62
2023-03-07,Chennai,120,26.92,0.0,9.31
2023-03-08,Chennai,120,26.54,0.0,6.94
2023-03-09,Chennai,120,27.27,0.0,9.88
2023-03-10,Chennai,120,26.23,0.0,11.79
2023-03-11,Chennai,120,26.37,0.0,6.53
2023-03-12,Chennai,120,25.32,0.0,7.03
2023-03-13,Chennai,120,28.15,0.0,10.79
2023-03-14,Chennai,120,28.68,0.0,8.45
2023-03-15,Chennai,120,27.21,0.0,8.95
2023-03-16,Chennai,120,29.72,0.0,9.41
2023-03-17,Chennai,120,29.13,0.0,7.42
2023-03-18,Chennai,120,30.1,0.0,12.13
2023-03-19,Chennai,120,30.89,0.0,11.79
2023-03-20,Chennai,120,26.95,0.0,12.94
2023-03-21,Chennai,120,30.03,0.0,10.05
2023-03-22,Chennai,120,29.34,0.0,15.6
2023-03-23,Chennai,120,26.69,0.0,13.51
2023-03-24,Chennai,120,25.67,0.0,11.83
2023-03-25,Chennai,120,26.77,0.0,7.41
2023-03-26,Chennai,120,28.4,0.0,12.07
2023-03-27,Chennai,120,24.3,0.0,13.85
2023-03-28,Chennai,120,27.29,0.0,11.41
2023-03-29,Chennai,120,30.28,0.0,13.5
2023-03-30,Chennai,120,26.86,0.0,14.79
2023-03-31,Chennai,120,29.37,0.0,18.11
2023-04-01,Chennai,120,32.15,0.0,16.51
2023-04-02,Chennai,120,31.79,0.0,10.93
2023-04-03,Chennai,120,32.21,0.0,9.0
2023-04-04,Chennai,120,35.15,0.0,8.94
2023-04-05,Chennai,120,33.45,0.0,7.17
2023-04-06,Chennai,120,31.89,0.28,6.36
2023-04-07,Chennai,120,32.56,0.0,9.72
2023-04-08,Chennai,120,31.74,0.0,10.41
2023-04-09,Chennai,120,32.91,0.0,8.82
2023-04-10,Chennai,120,33.44,1.07,10.55
2023-04-11,Chennai,120,35.26,0.0,11.52
2023-04-12,Chennai,120,36.15,0.0,8.89
2023-04-13,Chennai,120,34.0,0.0,9.82
2023-04-14,Chennai,120,33.49,0.0,9.29
2023-04-15,Chennai,120,34.67,4.14,15.43
2023-04-16,Chennai,120,32.35,15.23,20.23
2023-04-17,Chennai,120,31.56,0.0,13.45
2023-04-18,Chennai,120,30.11,0.0,13.32
2023-04-19,Chennai,120,32.77,0.0,11.92
2023-04-20,Chennai,120,32.58,0.0,11.51
2023-04-21,Chennai,120,33.91,0.0,11.31
2023-04-22,Chennai,120,35.1,0.0,12.24
2023-04-23,Chennai,120,36.96,0.0,12.97
2023-04-24,Chennai,120,36.85,0.0,11.74
2023-04-25,Chennai,120,36.12,0.0,6.95
2023-04-26,Chennai,120,33.16,0.0,8.71
2023-04-27,Chennai,120,35.75,0.0,14.04
2023-04-28,Chennai,120,33.25,0.0,11.4
2023-04-29,Chennai,120,34.35,0.0,12.42
2023-04-30,Chennai,120,35.46,0.36,10.11
2023-05-01,Chennai,120,36.57,0.0,13.73
2023-05-02,Chennai,120,36.53,0.0,15.25
2023-05-03,Chennai,120,33.62,0.0,9.8
2023-05-04,Chennai,120,32.6,0.0,10.74
2023-05-05,Chennai,120,32.47,0.0,12.01
2023-05-06,Chennai,120,34.14,0.0,14.89
2023-05-07,Chennai,120,32.08,0.0,13.03
2023-05-08,Chennai,120,32.44,0.0,7.83
2023-05-09,Chennai,120,36.74,0.0,13.57
2023-05-10,Chennai,120,38.15,20.65,13.65
2023-05-11,Chennai,120,36.64,0.0,15.3
2023-05-12,Chennai,120,37.91,0.0,14.31
2023-05-13,Chennai,120,40.2,0.0,9.9
2023-05-14,Chennai,120,36.36,0.0,12.42
2023-05-15,Chennai,120,34.23,15.95,19.48
2023-05-16,Chennai,120,35.39,5.92,17.67
2023-05-17,Chennai,120,34.78,3.75,12.35
2023-05-18,Chennai,120,34.58,0.0,12.11
2023-05-19,Chennai,120,36.0,0.0,11.9
2023-05-20,Chennai,120,32.9,0.0,9.4
2023-05-21,Chennai,120,39.61,0.0,12.74
2023-05-22,Chennai,120,35.15,0.0,12.07
2023-05-23,Chennai,120,36.22,0.0,9.35
2023-05-24,Chennai,120,34.7,0.0,16.54
2023-05-25,Chennai,120,35.78,0.0,15.28
2023-05-26,Chennai,120,37.25,0.0,15.22
2023-05-27,Chennai,120,35.8,0.0,11.26
2023-05-28,Chennai,120,35.99,0.0,13.96
2023-05-29,Chennai,120,38.52,0.0,11.94
2023-05-30,Chennai,120,38.54,0.0,14.21
2023-05-31,Chennai,120,37.54,0.0,15.56
2023-06-01,Chennai,120,33.87,0.0,19.21
2023-06-02,Chennai,120,33.4,2.2,22.4
2023-06-03,Chennai,120,33.29,0.0,24.03
2023-06-04,Chennai,120,32.41,0.0,15.72
2023-06-05,Chennai,120,37.92,0.0,18.99
2023-06-06,Chennai,120,34.68,0.0,15.68
2023-06-07,Chennai,120,36.07,10.67,15.0
2023-06-08,Chennai,120,34.83,0.0,17.27
2023-06-09,Chennai,120,35.05,0.0,20.89
2023-06-10,Chennai,120,36.04,0.0,20.14
2023-06-11,Chennai,120,32.92,0.0,15.16
2023-06-12,Chennai,120,34.67,0.0,15.51
2023-06-13,Chennai,120,37.96,0.0,18.98
2023-06-14,Chennai,120,36.78,0.0,14.72
2023-06-15,Chennai,120,34.16,0.0,12.64
2023-06-16,Chennai,120,35.6,0.0,16.97
2023-06-17,Chennai,120,35.13,0.0,21.29
2023-06-18,Chennai,120,35.39,0.0,17.09
2023-06-19,Chennai,120,35.06,0.0,18.81
2023-06-20,Chennai,120,33.94,14.17,14.98
2023-06-21,Chennai,120,33.91,52.18,26.89
2023-06-22,Chennai,120,37.54,6.83,18.22
2023-06-23,Chennai,120,34.64,0.0,15.32
2023-06-24,Chennai,120,34.85,0.0,19.8
2023-06-25,Chennai,120,34.4,0.0,13.74
2023-06-26,Chennai,120,34.96,0.0,16.97
2023-06-27,Chennai,120,35.98,0.0,15.33
2023-06-28,Chennai,120,36.17,0.0,16.84
2023-06-29,Chennai,120,33.97,0.0,17.58
2023-06-30,Chennai,120,33.54,0.0,14.71
2023-07-01,Chennai,120,31.24,1.58,12.04
2023-07-02,Chennai,120,32.72,0.0,17.26
2023-07-03,Chennai,120,31.97,0.0,12.53
2023-07-04,Chennai,120,31.91,0.0,9.81
2023-07-05,Chennai,120,33.31,0.0,9.71
2023-07-06,Chennai,120,33.89,0.0,16.99
2023-07-07,Chennai,120,32.65,0.0,18.62
2023-07-08,Chennai,120,33.13,0.0,19.28
2023-07-09,Chennai,120,33.35,0.0,15.33
2023-07-10,Chennai,120,31.23,0.0,11.76
2023-07-11,Chennai,120,31.67,0.0,18.04
2023-07-12,Chennai,120,32.14,0.0,14.84
2023-07-13,Chennai,120,32.57,0.0,12.57
2023-07-14,Chennai,120,33.39,0.0,13.88
2023-07-15,Chennai,120,28.78,0.0,9.66
2023-07-16,Chennai,120,29.68,0.0,7.34
2023-07-17,Chennai,120,31.87,0.0,12.66
2023-07-18,Chennai,120,31.04,0.0,12.71
2023-07-19,Chennai,120,27.43,0.96,14.39
2023-07-20,Chennai,120,30.1,7.36,17.88
2023-07-21,Chennai,120,29.18,0.0,21.46
2023-07-22,Chennai,120,27.75,0.0,13.95
2023-07-23,Chennai,120,29.66,5.49,17.38
2023-07-24,Chennai,120,28.71,3.53,18.54
2023-07-25,Chennai,120,32.22,4.11,18.09
2023-07-26,Chennai,120,29.21,3.42,12.63
2023-07-27,Chennai,120,29.83,0.0,19.14
2023-07-28,Chennai,120,29.0,0.0,13.56
2023-07-29,Chennai,120,28.71,8.56,14.04
2023-07-30,Chennai,120,33.39,0.0,13.87
2023-07-31,Chennai,120,33.17,0.0,20.66
2023-08-01,Chennai,120,31.64,0.0,12.02
2023-08-02,Chennai,120,29.38,0.0,8.15
2023-08-03,Chennai,120,32.21,41.28,16.47
2023-08-04,Chennai,120,28.92,0.0,12.2
2023-08-05,Chennai,120,31.75,0.0,12.57
2023-08-06,Chennai,120,30.08,0.0,14.66
2023-08-07,Chennai,120,30.48,0.0,19.28
2023-08-08,Chennai,120,29.6,0.0,13.45
2023-08-09,Chennai,120,29.82,0.0,8.0
2023-08-10,Chennai,120,29.12,0.0,10.65
2023-08-11,Chennai,120,27.91,0.0,10.7
2023-08-12,Chennai,120,29.87,0.0,9.27
2023-08-13,Chennai,120,28.19,21.09,18.42
2023-08-14,Chennai,120,29.79,0.0,14.23
2023-08-15,Chennai,120,30.54,0.0,11.08
2023-08-16,Chennai,120,30.67,0.0,17.65
2023-08-17,Chennai,120,30.07,0.0,13.27
2023-08-18,Chennai,120,33.34,0.0,14.2
2023-08-19,Chennai,120,28.05,0.0,15.32
2023-08-20,Chennai,120,29.39,0.0,12.13
2023-08-21,Chennai,120,30.3,0.0,16.11
2023-08-22,Chennai,120,29.26,0.0,15.61
2023-08-23,Chennai,120,31.77,0.0,17.95
2023-08-24,Chennai,120,30.69,0.0,16.71
2023-08-25,Chennai,120,30.67,0.0,19.58
2023-08-26,Chennai,120,29.18,0.0,9.31
2023-08-27,Chennai,120,30.76,0.0,7.17
2023-08-28,Chennai,120,30.65,0.0,11.92
2023-08-29,Chennai,120,31.73,0.0,14.32
2023-08-30,Chennai,120,31.98,0.0,15.03
2023-08-31,Chennai,120,29.9,16.62,10.27
2023-09-01,Chennai,120,31.39,0.0,11.41
2023-09-02,Chennai,120,29.73,0.0,5.63
2023-09-03,Chennai,120,29.21,2.39,12.49
2023-09-04,Chennai,120,27.1,4.5,17.21
2023-09-05,Chennai,120,29.17,21.89,15.93
2023-09-06,Chennai,120,28.23,11.62,9.94
2023-09-07,Chennai,120,25.34,0.0,9.43
2023-09-08,Chennai,120,28.84,2.08,16.23
2023-09-09,Chennai,120,30.93,8.04,19.17
2023-09-10,Chennai,120,29.9,3.97,14.52
2023-09-11,Chennai,120,27.88,0.0,11.59
2023-09-12,Chennai,120,25.55,0.0,3.23
2023-09-13,Chennai,120,23.06,0.0,10.44
2023-09-14,Chennai,120,27.32,3.51,12.55
2023-09-15,Chennai,120,25.68,5.35,14.41
2023-09-16,Chennai,120,29.22,4.54,15.88
2023-09-17,Chennai,120,28.97,0.0,10.03
2023-09-18,Chennai,120,27.08,0.0,13.32
2023-09-19,Chennai,120,27.5,11.19,15.62
2023-09-20,Chennai,120,27.27,12.1,11.21
2023-09-21,Chennai,120,32.88,11.84,14.99
2023-09-22,Chennai,120,31.5,18.04,17.06
2023-09-23,Chennai,120,31.43,0.0,16.17
2023-09-24,Chennai,120,28.9,0.0,13.43
2023-09-25,Chennai,120,29.67,0.0,18.54
2023-09-26,Chennai,120,29.24,0.0,11.81
2023-09-27,Chennai,120,29.29,4.33,10.95
2023-09-28,Chennai,120,29.73,7.96,17.75
2023-09-29,Chennai,120,31.74,1.98,12.3
2023-09-30,Chennai,120,29.17,7.58,14.91
2023-10-01,Chennai,120,28.82,6.76,5.94
2023-10-02,Chennai,120,29.3,6.62,15.3
2023-10-03,Chennai,120,28.33,0.43,13.16
2023-10-04,Chennai,120,28.51,5.67,13.93
2023-10-05,Chennai,120,29.39,12.88,16.12
2023-10-06,Chennai,120,27.4,7.31,18.9
2023-10-07,Chennai,120,26.76,26.35,19.83
2023-10-08,Chennai,120,27.74,10.31,12.64
2023-10-09,Chennai,120,26.86,26.45,15.39
2023-10-10,Chennai,120,24.77,8.29,12.27
2023-10-11,Chennai,120,24.17,28.11,12.7
2023-10-12,Chennai,120,27.41,8.22,12.2
2023-10-13,Chennai,120,26.7,1.37,9.17
2023-10-14,Chennai,120,23.01,47.31,15.93
2023-10-15,Chennai,120,27.87,0.0,13.69
2023-10-16,Chennai,120,28.14,0.0,10.66
2023-10-17,Chennai,120,26.88,8.29,14.92
2023-10-18,Chennai,120,23.75,6.28,13.94
2023-10-19,Chennai,120,26.96,5.05,14.28
2023-10-20,Chennai,120,28.0,6.06,15.09
2023-10-21,Chennai,120,25.85,0.46,17.84
2023-10-22,Chennai,120,25.29,1.47,12.7
2023-10-23,Chennai,120,24.08,18.28,15.74
2023-10-24,Chennai,120,30.39,0.0,14.31
2023-10-25,Chennai,120,28.43,0.0,12.09
2023-10-26,Chennai,120,30.13,5.58,17.92
2023-10-27,Chennai,120,29.84,30.92,17.63
2023-10-28,Chennai,120,28.98,25.84,16.02
2023-10-29,Chennai,120,27.19,6.6,16.02
2023-10-30,Chennai,120,24.01,6.39,12.46
2023-10-31,Chennai,120,25.01,6.2,13.8
2023-11-01,Chennai,120,25.81,2.25,10.14
2023-11-02,Chennai,120,26.3,5.14,11.62
2023-11-03,Chennai,120,24.97,9.19,15.26
2023-11-04,Chennai,120,22.33,66.74,23.13
2023-11-05,Chennai,120,27.1,2.81,10.03
2023-11-06,Chennai,120,23.31,28.26,20.63
2023-11-07,Chennai,120,22.06,13.73,15.45
2023-11-08,Chennai,120,22.98,8.72,14.97
2023-11-09,Chennai,120,22.47,9.06,17.48
2023-11-10,Chennai,120,24.76,19.18,17.35
2023-11-11,Chennai,120,23.43,12.36,16.8
2023-11-12,Chennai,120,23.1,40.96,22.22
2023-11-13,Chennai,120,26.71,25.64,19.28
2023-11-14,Chennai,120,24.58,8.79,22.37
2023-11-15,Chennai,120,25.68,3.05,12.84
2023-11-16,Chennai,120,28.77,7.12,13.65
2023-11-17,Chennai,120,26.67,9.52,17.76
2023-11-18,Chennai,120,23.14,2.88,16.61
2023-11-19,Chennai,120,24.58,9.92,19.9
2023-11-20,Chennai,120,23.69,11.54,14.32
2023-11-21,Chennai,120,25.01,0.0,11.44
2023-11-22,Chennai,120,24.49,0.6,14.51
2023-11-23,Chennai,120,27.32,39.68,16.92
2023-11-24,Chennai,120,28.11,9.21,17.94
2023-11-25,Chennai,120,26.65,3.37,13.54
2023-11-26,Chennai,120,28.24,1.68,17.62
2023-11-27,Chennai,120,27.43,5.6,14.49
2023-11-28,Chennai,120,24.62,5.62,12.06
2023-11-29,Chennai,120,22.13,42.39,21.56
2023-11-30,Chennai,120,23.17,37.49,20.72
2023-12-01,Chennai,120,20.92,5.98,10.85
2023-12-02,Chennai,120,26.16,23.02,14.61
2023-12-03,Chennai,120,26.56,0.0,10.56
2023-12-04,Chennai,120,25.69,2.85,12.22
2023-12-05,Chennai,120,27.11,0.0,10.83
2023-12-06,Chennai,120,27.17,0.0,9.15
2023-12-07,Chennai,120,27.54,0.0,9.98
2023-12-08,Chennai,120,28.47,0.0,9.04
2023-12-09,Chennai,120,28.02,0.0,10.49
2023-12-10,Chennai,120,25.97,0.0,13.37
2023-12-11,Chennai,120,27.94,10.97,12.65
2023-12-12,Chennai,120,26.72,0.0,7.53
2023-12-13,Chennai,120,26.52,0.0,7.79
2023-12-14,Chennai,120,25.8,1.35,11.67
2023-12-15,Chennai,120,26.85,5.32,14.53
2023-12-16,Chennai,120,25.53,6.2,14.52
2023-12-17,Chennai,120,25.41,0.0,9.47
2023-12-18,Chennai,120,26.73,0.0,9.03
2023-12-19,Chennai,120,24.28,0.0,5.77
2023-12-20,Chennai,120,22.85,0.0,3.02
2023-12-21,Chennai,120,24.02,0.0,5.78
2023-12-22,Chennai,120,21.32,0.77,12.1
2023-12-23,Chennai,120,23.95,0.7,12.65
2023-12-24,Chennai,120,23.02,31.08,11.08
2023-12-25,Chennai,120,25.16,0.0,7.17
2023-12-26,Chennai,120,25.78,0.0,11.44
2023-12-27,Chennai,120,25.58,0.0,15.37
2023-12-28,Chennai,120,24.2,0.0,8.25
2023-12-29,Chennai,120,23.94,0.0,11.58
2023-12-30,Chennai,120,23.79,0.0,8.55
2023-12-31,Chennai,120,26.69,0.0,9.24
2024-01-01,Chennai,120,27.08,4.46,11.16
2024-01-02,Chennai,120,28.34,0.0,7.67
2024-01-03,Chennai,120,28.81,0.0,11.94
2024-01-04,Chennai,120,25.17,0.0,7.04
2024-01-05,Chennai,120,25.73,0.0,9.54
2024-01-06,Chennai,120,23.15,12.74,11.31
2024-01-07,Chennai,120,22.27,0.0,10.73
2024-01-08,Chennai,120,24.3,0.0,12.8
2024-01-09,Chennai,120,24.88,0.0,9.41
2024-01-10,Chennai,120,24.76,0.0,13.45
2024-01-11,Chennai,120,28.12,0.0,10.35
2024-01-12,Chennai,120,27.65,0.0,10.75
2024-01-13,Chennai,120,26.65,0.0,12.26
2024-01-14,Chennai,120,24.25,0.0,12.01
2024-01-15,Chennai,120,23.17,0.0,14.21
2024-01-16,Chennai,120,25.7,0.0,12.83
2024-01-17,Chennai,120,23.48,0.0,7.55
2024-01-18,Chennai,120,22.67,0.0,11.09
2024-01-19,Chennai,120,27.39,0.0,9.37
2024-01-20,Chennai,120,29.36,0.0,12.69
2024-01-21,Chennai,120,28.98,0.0,11.12
2024-01-22,Chennai,120,24.91,0.0,10.47
2024-01-23,Chennai,120,24.46,0.0,11.2
2024-01-24,Chennai,120,22.72,0.0,10.29
2024-01-25,Chennai,120,24.81,0.0,11.49
2024-01-26,Chennai,120,26.73,0.0,13.12
2024-01-27,Chennai,120,27.03,0.0,11.29
2024-01-28,Chennai,120,26.31,0.08,12.38
2024-01-29,Chennai,120,27.25,7.19,8.56
2024-01-30,Chennai,120,25.48,0.0,8.25
2024-01-31,Chennai,120,24.99,0.0,8.59
2024-02-01,Chennai,120,26.1,0.0,4.28
2024-02-02,Chennai,120,27.86,0.0,4.25
2024-02-03,Chennai,120,26.88,0.0,9.05
2024-02-04,Chennai,120,29.8,0.0,11.01
2024-02-05,Chennai,120,27.23,0.0,13.71
2024-02-06,Chennai,120,26.05,0.0,8.07
2024-02-07,Chennai,120,27.81,0.0,10.93
2024-02-08,Chennai,120,28.03,0.0,10.0
2024-02-09,Chennai,120,27.05,0.0,4.39
2024-02-10,Chennai,120,27.11,0.0,7.9
2024-02-11,Chennai,120,28.27,0.0,6.7
2024-02-12,Chennai,120,29.5,0.0,4.39
2024-02-13,Chennai,120,28.61,0.0,8.83
2024-02-14,Chennai,120,28.72,0.0,5.81
2024-02-15,Chennai,120,27.43,0.0,13.77
2024-02-16,Chennai,120,27.47,0.0,10.93
2024-02-17,Chennai,120,26.28,0.0,8.7
2024-02-18,Chennai,120,26.21,0.0,6.22
2024-02-19,Chennai,120,25.8,0.0,11.61
2024-02-20,Chennai,120,26.38,0.0,7.88
2024-02-21,Chennai,120,28.04,0.0,11.17
2024-02-22,Chennai,120,29.48,0.0,10.65
2024-02-23,Chennai,120,30.66,0.0,11.1
2024-02-24,Chennai,120,29.66,0.0,10.09
2024-02-25,Chennai,120,28.52,0.0,10.33
2024-02-26,Chennai,120,29.72,0.0,13.03
2024-02-27,Chennai,120,28.5,0.0,9.03
2024-02-28,Chennai,120,29.2,0.0,9.9
2024-02-29,Chennai,120,28.7,0.0,11.36
2024-03-01,Chennai,120,29.53,0.0,11.96
2024-03-02,Chennai,120,30.77,0.0,12.39
2024-03-03,Chennai,120,25.18,0.0,7.75
2024-03-04,Chennai,120,23.25,0.0,8.83
2024-03-05,Chennai,120,24.02,0.0,12.65
2024-03-06,Chennai,120,25.03,0.0,8.66
2024-03-07,Chennai,120,23.85,0.0,8.18
2024-03-08,Chennai,120,24.59,0.0,10.98
2024-03-09,Chennai,120,23.2,0.0,9.72
2024-03-10,Chennai,120,25.94,0.0,9.47
2024-03-11,Chennai,120,24.67,0.0,9.79
2024-03-12,Chennai,120,27.76,0.0,11.8
2024-03-13,Chennai,120,27.23,0.0,10.21
2024-03-14,Chennai,120,26.84,0.0,9.83
2024-03-15,Chennai,120,26.72,0.0,10.88
2024-03-16,Chennai,120,29.88,1.27,8.29
2024-03-17,Chennai,120,26.11,5.34,14.26
2024-03-18,Chennai,120,29.21,0.0,10.09
2024-03-19,Chennai,120,31.22,0.0,10.31
2024-03-20,Chennai,120,25.55,0.0,12.64
2024-03-21,Chennai,120,28.71,0.0,10.19
2024-03-22,Chennai,120,30.44,0.0,10.55
2024-03-23,Chennai,120,30.81,0.0,12.43
2024-03-24,Chennai,120,31.52,0.0,20.39
2024-03-25,Chennai,120,34.01,0.0,11.91
2024-03-26,Chennai,120,35.52,0.0,11.39
2024-03-27,Chennai,120,34.52,0.0,12.94
2024-03-28,Chennai,120,33.01,0.0,12.63
2024-03-29,Chennai,120,30.4,0.0,5.49
2024-03-30,Chennai,120,33.67,0.0,8.56
2024-03-31,Chennai,120,32.3,0.0,7.34
2024-04-01,Chennai,120,32.5,0.0,13.2
2024-04-02,Chennai,120,32.4,0.0,11.51
2024-04-03,Chennai,120,33.75,0.0,9.87
2024-04-04,Chennai,120,30.91,0.0,9.09
2024-04-05,Chennai,120,32.12,0.0,11.96
2024-04-06,Chennai,120,33.02,0.0,7.5
2024-04-07,Chennai,120,30.24,16.65,9.85
2024-04-08,Chennai,120,31.07,0.0,9.94
2024-04-09,Chennai,120,29.73,0.0,11.01
2024-04-10,Chennai,120,32.49,0.0,11.51
2024-04-11,Chennai,120,33.13,0.0,10.47
2024-04-12,Chennai,120,32.5,0.0,11.87
2024-04-13,Chennai,120,36.01,0.0,11.27
2024-04-14,Chennai,120,31.91,0.0,10.7
2024-04-15,Chennai,120,32.66,0.0,8.82
2024-04-16,Chennai,120,33.14,0.0,5.1
2024-04-17,Chennai,120,34.35,7.23,12.79
2024-04-18,Chennai,120,34.71,3.09,10.8
2024-04-19,Chennai,120,34.26,0.0,11.87
2024-04-20,Chennai,120,37.88,0.0,10.39
2024-04-21,Chennai,120,34.82,0.0,9.2
2024-04-22,Chennai,120,32.73,0.0,12.43
2024-04-23,Chennai,120,35.04,0.0,13.27
2024-04-24,Chennai,120,32.18,0.0,7.81
2024-04-25,Chennai,120,34.09,0.0,10.63
2024-04-26,Chennai,120,34.04,0.0,6.01
2024-04-27,Chennai,120,35.63,0.0,10.59
2024-04-28,Chennai,120,33.85,0.0,8.49
2024-04-29,Chennai,120,33.62,1.58,9.06
2024-04-30,Chennai,120,29.58,0.0,12.9
2024-05-01,Chennai,120,33.29,0.0,7.9
2024-05-02,Chennai,120,31.88,0.0,16.34
2024-05-03,Chennai,120,34.14,0.0,11.96
2024-05-04,Chennai,120,33.78,0.0,17.57
2024-05-05,Chennai,120,34.85,0.0,16.32
2024-05-06,Chennai,120,33.61,0.0,7.57
2024-05-07,Chennai,120,34.09,0.0,13.47
2024-05-08,Chennai,120,32.34,0.0,15.4
2024-05-09,Chennai,120,32.33,0.0,16.64
2024-05-10,Chennai,120,32.68,0.0,13.2
2024-05-11,Chennai,120,32.62,0.0,10.37
2024-05-12,Chennai,120,32.86,1.99,10.91
2024-05-13,Chennai,120,36.3,0.0,11.12
2024-05-14,Chennai,120,36.86,0.0,9.22
2024-05-15,Chennai,120,36.14,0.0,14.33
2024-05-16,Chennai,120,34.61,0.0,14.64
2024-05-17,Chennai,120,34.52,0.0,14.01
2024-05-18,Chennai,120,33.49,4.56,12.1
2024-05-19,Chennai,120,32.74,0.0,9.85
2024-05-20,Chennai,120,35.42,0.0,13.03
2024-05-21,Chennai,120,37.05,0.0,9.2
2024-05-22,Chennai,120,36.89,0.0,10.06
2024-05-23,Chennai,120,32.52,0.0,13.09
2024-05-24,Chennai,120,35.03,0.0,13.51
2024-05-25,Chennai,120,35.8,2.62,14.35
2024-05-26,Chennai,120,32.03,22.02,19.01
2024-05-27,Chennai,120,32.64,0.0,8.91
2024-05-28,Chennai,120,33.86,0.0,15.52
2024-05-29,Chennai,120,33.83,3.61,14.65
2024-05-30,Chennai,120,32.72,0.0,11.0
2024-05-31,Chennai,120,30.99,10.53,20.57
2024-06-01,Chennai,120,29.82,0.0,19.27
2024-06-02,Chennai,120,30.77,0.0,16.79
2024-06-03,Chennai,120,31.74,0.0,14.47
2024-06-04,Chennai,120,30.45,0.0,11.93
2024-06-05,Chennai,120,29.9,0.0,13.81
2024-06-06,Chennai,120,33.43,0.0,12.58
2024-06-07,Chennai,120,31.78,0.0,16.5
2024-06-08,Chennai,120,33.77,0.0,15.6
2024-06-09,Chennai,120,32.09,0.0,15.77
2024-06-10,Chennai,120,32.7,0.0,17.99
2024-06-11,Chennai,120,35.31,0.0,17.31
2024-06-12,Chennai,120,35.85,0.0,16.51
2024-06-13,Chennai,120,33.39,0.0,17.55
2024-06-14,Chennai,120,32.46,0.0,19.15
2024-06-15,Chennai,120,33.9,0.0,17.3
2024-06-16,Chennai,120,33.02,0.0,19.81
2024-06-17,Chennai,120,32.29,0.0,19.26
2024-06-18,Chennai,120,34.77,0.0,17.37
2024-06-19,Chennai,120,33.18,5.59,19.8
2024-06-20,Chennai,120,32.05,0.0,22.42
2024-06-21,Chennai,120,31.66,0.0,15.69
2024-06-22,Chennai,120,34.35,0.0,16.06
2024-06-23,Chennai,120,33.96,0.0,19.27
2024-06-24,Chennai,120,31.73,0.0,14.58
2024-06-25,Chennai,120,34.21,0.0,17.78
2024-06-26,Chennai,120,34.91,0.0,16.49
2024-06-27,Chennai,120,35.75,0.0,14.11
2024-06-28,Chennai,120,34.87,0.0,9.92
2024-06-29,Chennai,120,31.87,0.0,11.48
2024-06-30,Chennai,120,33.19,0.0,13.64
2024-07-01,Chennai,120,29.23,0.0,13.69
2024-07-02,Chennai,120,28.34,0.0,17.35
2024-07-03,Chennai,120,28.81,0.0,12.69
2024-07-04,Chennai,120,28.13,5.52,15.14
2024-07-05,Chennai,120,29.61,4.46,13.4
2024-07-06,Chennai,120,28.7,0.0,17.8
2024-07-07,Chennai,120,30.47,0.0,11.94
2024-07-08,Chennai,120,31.6,5.9,15.61
2024-07-09,Chennai,120,33.61,1.32,10.69
2024-07-10,Chennai,120,33.38,11.75,13.85
2024-07-11,Chennai,120,31.16,2.72,22.03
2024-07-12,Chennai,120,30.36,2.5,16.06
2024-07-13,Chennai,120,30.22,10.27,17.42
2024-07-14,Chennai,120,31.89,3.33,9.94
2024-07-15,Chennai,120,34.4,9.96,12.87
2024-07-16,Chennai,120,31.17,0.0,12.66
2024-07-17,Chennai,120,33.25,0.0,7.82
2024-07-18,Chennai,120,34.1,0.0,9.8
2024-07-19,Chennai,120,32.28,0.0,17.84
2024-07-20,Chennai,120,33.84,0.0,16.86
2024-07-21,Chennai,120,33.15,7.04,17.68
2024-07-22,Chennai,120,34.73,0.0,14.72
2024-07-23,Chennai,120,33.65,1.1,11.07
2024-07-24,Chennai,120,33.12,0.0,16.53
2024-07-25,Chennai,120,34.79,0.0,10.28
2024-07-26,Chennai,120,34.72,0.0,14.5
2024-07-27,Chennai,120,34.66,0.0,12.52
2024-07-28,Chennai,120,35.28,0.0,14.3
2024-07-29,Chennai,120,34.61,10.85,11.21
2024-07-30,Chennai,120,32.92,0.0,14.87
2024-07-31,Chennai,120,31.36,0.0,9.31
2024-08-01,Chennai,120,33.43,0.0,12.9
2024-08-02,Chennai,120,34.09,0.0,12.09
2024-08-03,Chennai,120,35.18,0.0,12.49
2024-08-04,Chennai,120,33.57,36.07,15.97
2024-08-05,Chennai,120,31.7,0.0,12.05
2024-08-06,Chennai,120,33.29,0.0,13.88
2024-08-07,Chennai,120,32.18,0.0,17.8
2024-08-08,Chennai,120,34.65,0.0,13.69
2024-08-09,Chennai,120,32.95,2.85,15.22
2024-08-10,Chennai,120,32.03,9.93,15.5
2024-08-11,Chennai,120,34.26,28.74,12.79
2024-08-12,Chennai,120,33.7,1.58,6.09
2024-08-13,Chennai,120,31.1,0.0,8.12
2024-08-14,Chennai,120,31.8,0.0,6.22
2024-08-15,Chennai,120,31.87,0.0,10.5
2024-08-16,Chennai,120,31.87,0.0,10.05
2024-08-17,Chennai,120,30.89,0.0,4.8
2024-08-18,Chennai,120,30.81,0.0,4.74
2024-08-19,Chennai,120,30.67,0.0,5.03
2024-08-20,Chennai,120,32.28,0.0,5.45
2024-08-21,Chennai,120,33.04,0.0,6.76
2024-08-22,Chennai,120,33.59,0.0,5.59
2024-08-23,Chennai,120,32.64,0.0,8.67
2024-08-24,Chennai,120,32.26,0.0,12.24
2024-08-25,Chennai,120,32.12,14.16,14.86
2024-08-26,Chennai,120,30.24,0.0,12.23
2024-08-27,Chennai,120,30.06,0.0,16.07
2024-08-28,Chennai,120,34.34,16.59,17.62
2024-08-29,Chennai,120,34.8,23.23,14.35
2024-08-30,Chennai,120,34.51,0.0,10.56
2024-08-31,Chennai,120,32.88,0.0,16.27
2024-09-01,Chennai,120,31.46,0.0,10.98
2024-09-02,Chennai,120,31.82,0.0,15.93
2024-09-03,Chennai,120,31.92,0.0,9.94
2024-09-04,Chennai,120,31.37,0.0,14.36
2024-09-05,Chennai,120,28.32,0.0,11.11
2024-09-06,Chennai,120,31.65,7.14,11.79
2024-09-07,Chennai,120,28.6,27.63,17.59
2024-09-08,Chennai,120,31.75,7.23,19.48
2024-09-09,Chennai,120,34.43,9.69,10.24
2024-09-10,Chennai,120,32.22,0.0,12.5
2024-09-11,Chennai,120,33.38,0.0,11.45
2024-09-12,Chennai,120,32.01,3.67,13.56
2024-09-13,Chennai,120,29.69,2.35,9.74
2024-09-14,Chennai,120,29.07,1.01,8.18
2024-09-15,Chennai,120,31.98,2.82,7.62
2024-09-16,Chennai,120,30.79,0.0,6.18
2024-09-17,Chennai,120,27.18,0.0,10.9
2024-09-18,Chennai,120,29.12,7.51,13.59
2024-09-19,Chennai,120,29.69,8.34,11.22
2024-09-20,Chennai,120,29.42,0.0,6.97
2024-09-21,Chennai,120,31.12,0.0,7.96
2024-09-22,Chennai,120,31.06,0.0,16.13
2024-09-23,Chennai,120,33.42,10.52,14.52
2024-09-24,Chennai,120,31.51,0.0,11.8
2024-09-25,Chennai,120,29.57,0.0,11.01
2024-09-26,Chennai,120,31.33,0.0,10.89
2024-09-27,Chennai,120,33.1,0.0,9.69
2024-09-28,Chennai,120,32.39,0.0,12.91
2024-09-29,Chennai,120,31.75,0.0,12.74
2024-09-30,Chennai,120,28.06,0.0,9.83
2024-10-01,Chennai,120,27.0,0.0,12.65
2024-10-02,Chennai,120,28.06,0.0,12.04
2024-10-03,Chennai,120,27.98,0.0,10.9
2024-10-04,Chennai,120,26.51,2.12,14.32
2024-10-05,Chennai,120,25.54,6.64,13.24
2024-10-06,Chennai,120,29.26,5.02,8.03
2024-10-07,Chennai,120,29.38,4.12,8.9
2024-10-08,Chennai,120,28.75,21.17,14.64
2024-10-09,Chennai,120,27.4,7.91,12.71
2024-10-10,Chennai,120,25.04,13.18,12.29
2024-10-11,Chennai,120,28.96,3.24,11.27
2024-10-12,Chennai,120,30.42,2.14,10.3
2024-10-13,Chennai,120,32.2,14.41,10.1
2024-10-14,Chennai,120,33.26,6.85,17.27
2024-10-15,Chennai,120,29.4,15.74,17.38
2024-10-16,Chennai,120,31.81,5.87,11.8
2024-10-17,Chennai,120,29.16,18.01,13.03
2024-10-18,Chennai,120,33.46,2.51,8.1
2024-10-19,Chennai,120,30.47,0.98,11.03
2024-10-20,Chennai,120,27.56,4.87,10.27
2024-10-21,Chennai,120,32.0,0.0,8.77
2024-10-22,Chennai,120,27.59,0.0,12.5
2024-10-23,Chennai,120,29.74,0.0,14.89
2024-10-24,Chennai,120,29.51,0.0,16.06
2024-10-25,Chennai,120,24.27,2.24,16.91
2024-10-26,Chennai,120,24.34,2.55,15.75
2024-10-27,Chennai,120,22.82,0.36,11.7
2024-10-28,Chennai,120,23.93,13.43,12.09
2024-10-29,Chennai,120,24.64,13.79,16.22
2024-10-30,Chennai,120,26.62,11.58,14.05
2024-10-31,Chennai,120,25.83,19.98,14.4
2024-11-01,Chennai,120,22.71,0.0,10.89
2024-11-02,Chennai,120,25.28,21.64,12.53
2024-11-03,Chennai,120,24.33,1.28,14.27
2024-11-04,Chennai,120,25.08,6.26,10.3
2024-11-05,Chennai,120,27.14,2.97,18.79
2024-11-06,Chennai,120,26.62,16.03,17.46
2024-11-07,Chennai,120,30.68,5.62,15.45
2024-11-08,Chennai,120,28.42,5.21,17.65
2024-11-09,Chennai,120,25.06,22.07,18.18
2024-11-10,Chennai,120,27.55,8.67,15.41
2024-11-11,Chennai,120,26.1,5.83,15.63
2024-11-12,Chennai,120,30.05,6.81,17.4
2024-11-13,Chennai,120,30.78,2.85,12.06
2024-11-14,Chennai,120,27.24,18.84,14.0
2024-11-15,Chennai,120,24.45,13.78,14.23
2024-11-16,Chennai,120,25.78,17.62,18.29
2024-11-17,Chennai,120,26.49,7.53,15.67
2024-11-18,Chennai,120,26.94,1.93,16.46
2024-11-19,Chennai,120,25.91,6.21,15.31
2024-11-20,Chennai,120,28.06,1.33,16.66
2024-11-21,Chennai,120,27.14,0.0,17.27
2024-11-22,Chennai,120,27.69,6.85,18.97
2024-11-23,Chennai,120,29.92,1.05,15.69
2024-11-24,Chennai,120,27.85,4.36,17.77
2024-11-25,Chennai,120,26.52,6.71,14.96
2024-11-26,Chennai,120,27.86,5.38,11.85
2024-11-27,Chennai,120,29.15,9.98,15.43
2024-11-28,Chennai,120,28.58,11.2,12.43
2024-11-29,Chennai,120,27.07,31.73,20.1
2024-11-30,Chennai,120,25.82,17.92,17.64
2024-12-01,Chennai,120,25.99,30.16,13.91
2024-12-02,Chennai,120,26.66,0.54,10.2
2024-12-03,Chennai,120,27.25,3.86,9.5
2024-12-04,Chennai,120,26.67,0.0,4.91
2024-12-05,Chennai,120,27.95,0.0,9.8
2024-12-06,Chennai,120,28.36,13.46,5.96
2024-12-07,Chennai,120,25.86,7.42,13.44
2024-12-08,Chennai,120,25.87,2.39,13.04
2024-12-09,Chennai,120,25.68,0.0,11.68
2024-12-10,Chennai,120,24.09,0.0,9.39
2024-12-11,Chennai,120,24.39,4.15,6.62
2024-12-12,Chennai,120,24.6,5.33,4.62
2024-12-13,Chennai,120,25.17,4.38,11.7
2024-12-14,Chennai,120,24.88,2.04,10.87
2024-12-15,Chennai,120,25.7,2.7,9.37
2024-12-16,Chennai,120,24.73,10.7,9.48
2024-12-17,Chennai,120,25.82,3.05,10.35
2024-12-18,Chennai,120,22.68,7.8,12.69
2024-12-19,Chennai,120,20.15,6.35,7.38
2024-12-20,Chennai,120,22.72,0.0,9.53
2024-12-21,Chennai,120,24.81,0.07,4.58
2024-12-22,Chennai,120,25.37,5.21,7.02
2024-12-23,Chennai,120,22.96,20.45,15.91
2024-12-24,Chennai,120,21.76,12.69,8.38
2024-12-25,Chennai,120,20.49,3.03,6.28
2024-12-26,Chennai,120,22.06,11.86,11.85
2024-12-27,Chennai,120,21.19,3.07,11.51
2024-12-28,Chennai,120,23.16,14.01,9.03
2024-12-29,Chennai,120,26.29,4.17,9.88
2024-12-30,Chennai,120,26.22,7.02,14.89
2024-12-31,Chennai,120,22.73,0.0,10.62
2025-01-01,Chennai,120,24.81,0.0,9.59
2025-01-02,Chennai,120,25.63,0.0,11.76
2025-01-03,Chennai,120,24.73,0.0,11.9
2025-01-04,Chennai,120,28.46,2.68,6.81
2025-01-05,Chennai,120,24.32,0.0,7.74
2025-01-06,Chennai,120,26.24,0.0,8.91
2025-01-07,Chennai,120,23.37,0.0,7.13
2025-01-08,Chennai,120,23.6,0.0,9.42
2025-01-09,Chennai,120,25.17,0.0,8.79
2025-01-10,Chennai,120,26.16,0.0,10.19
2025-01-11,Chennai,120,29.31,0.0,11.73
2025-01-12,Chennai,120,22.73,0.0,14.66
2025-01-13,Chennai,120,24.99,0.99,11.53
2025-01-14,Chennai,120,26.8,1.73,13.4
2025-01-15,Chennai,120,23.62,0.0,11.16
2025-01-16,Chennai,120,25.63,0.0,9.99
2025-01-17,Chennai,120,23.79,3.39,10.64
2025-01-18,Chennai,120,25.44,0.0,13.42
2025-01-19,Chennai,120,27.31,0.0,12.18
2025-01-20,Chennai,120,26.5,0.0,11.54
2025-01-21,Chennai,120,28.72,0.0,8.57
2025-01-22,Chennai,120,28.16,0.0,13.88
2025-01-23,Chennai,120,28.65,0.0,11.5
2025-01-24,Chennai,120,27.16,0.0,8.72
2025-01-25,Chennai,120,23.67,0.0,7.73
2025-01-26,Chennai,120,24.23,0.0,13.69
2025-01-27,Chennai,120,23.95,0.0,13.48
2025-01-28,Chennai,120,24.4,0.0,9.7
2025-01-29,Chennai,120,24.72,3.23,10.97
2025-01-30,Chennai,120,23.61,0.0,11.13
2025-01-31,Chennai,120,23.45,0.0,8.26
2025-02-01,Chennai,120,24.91,0.0,7.82
2025-02-02,Chennai,120,25.12,0.0,9.32
2025-02-03,Chennai,120,26.74,0.0,7.57
2025-02-04,Chennai,120,26.26,0.0,8.77
2025-02-05,Chennai,120,26.48,0.0,2.99
2025-02-06,Chennai,120,26.52,0.0,5.32
2025-02-07,Chennai,120,30.89,0.0,7.59
2025-02-08,Chennai,120,27.52,0.0,6.46
2025-02-09,Chennai,120,27.38,0.0,11.65
2025-02-10,Chennai,120,26.16,0.0,9.31
2025-02-11,Chennai,120,28.06,0.0,12.95
2025-02-12,Chennai,120,26.46,0.0,9.46
2025-02-13,Chennai,120,25.21,2.0,11.64
2025-02-14,Chennai,120,24.16,0.0,8.29
2025-02-15,Chennai,120,25.59,0.0,14.85
2025-02-16,Chennai,120,27.01,0.0,7.06
2025-02-17,Chennai,120,26.92,0.0,12.59
2025-02-18,Chennai,120,28.57,0.0,6.38
2025-02-19,Chennai,120,25.72,0.0,3.29
2025-02-20,Chennai,120,27.9,0.0,6.57
2025-02-21,Chennai,120,28.08,0.0,7.21
2025-02-22,Chennai,120,28.43,4.49,8.47
2025-02-23,Chennai,120,28.16,0.0,14.68
2025-02-24,Chennai,120,28.18,0.0,11.65
2025-02-25,Chennai,120,25.68,0.0,8.98
2025-02-26,Chennai,120,28.94,0.0,7.74
2025-02-27,Chennai,120,28.74,21.96,12.37
2025-02-28,Chennai,120,28.23,0.0,8.42
2025-03-01,Chennai,120,30.06,0.0,10.21
2025-03-02,Chennai,120,26.95,0.0,14.02
2025-03-03,Chennai,120,31.22,0.0,11.24
2025-03-04,Chennai,120,28.49,0.0,5.03
2025-03-05,Chennai,120,29.8,0.0,4.57
2025-03-06,Chennai,120,30.36,0.0,7.53
2025-03-07,Chennai,120,30.72,0.0,6.06
2025-03-08,Chennai,120,29.5,0.0,5.84
2025-03-09,Chennai,120,27.13,0.0,6.3
2025-03-10,Chennai,120,25.78,0.0,1.59
2025-03-11,Chennai,120,27.31,0.0,8.24
2025-03-12,Chennai,120,27.75,0.0,9.75
2025-03-13,Chennai,120,27.31,0.0,8.38
2025-03-14,Chennai,120,26.87,0.0,8.14
2025-03-15,Chennai,120,28.45,0.0,9.07
2025-03-16,Chennai,120,29.22,0.0,5.82
2025-03-17,Chennai,120,26.55,0.0,13.21
2025-03-18,Chennai,120,31.31,0.0,10.19
2025-03-19,Chennai,120,27.26,0.0,14.66
2025-03-20,Chennai,120,30.18,0.0,12.3
2025-03-21,Chennai,120,28.35,0.0,12.12
2025-03-22,Chennai,120,27.32,0.0,10.06
2025-03-23,Chennai,120,26.75,0.0,12.63
2025-03-24,Chennai,120,26.73,0.0,9.0
2025-03-25,Chennai,120,27.33,0.0,7.77
2025-03-26,Chennai,120,27.75,0.0,6.34
2025-03-27,Chennai,120,26.89,0.0,9.4
2025-03-28,Chennai,120,27.71,0.0,8.67
2025-03-29,Chennai,120,29.56,0.0,8.42
2025-03-30,Chennai,120,28.88,0.0,9.49
2025-03-31,Chennai,120,26.02,0.0,7.64
2025-04-01,Chennai,120,33.43,4.67,9.18
2025-04-02,Chennai,120,34.7,0.0,10.62
2025-04-03,Chennai,120,33.63,0.0,11.25
2025-04-04,Chennai,120,29.16,0.0,12.15
2025-04-05,Chennai,120,31.58,0.0,13.39
2025-04-06,Chennai,120,30.12,0.0,8.68
2025-04-07,Chennai,120,31.29,0.0,11.35
2025-04-08,Chennai,120,31.76,0.0,8.45
2025-04-09,Chennai,120,31.58,0.0,10.97
2025-04-10,Chennai,120,29.69,0.0,7.83
2025-04-11,Chennai,120,30.93,0.0,10.32
2025-04-12,Chennai,120,34.42,0.0,9.58
2025-04-13,Chennai,120,31.53,0.0,7.66
2025-04-14,Chennai,120,30.85,0.0,7.16
2025-04-15,Chennai,120,31.89,0.0,7.8
2025-04-16,Chennai,120,30.49,0.0,10.72
2025-04-17,Chennai,120,31.29,0.0,8.67
2025-04-18,Chennai,120,32.1,0.0,7.91
2025-04-19,Chennai,120,32.36,0.0,11.34
2025-04-20,Chennai,120,32.95,0.0,13.02
2025-04-21,Chennai,120,32.62,0.0,15.0
2025-04-22,Chennai,120,32.58,0.0,7.72
2025-04-23,Chennai,120,31.91,0.0,13.78
2025-04-24,Chennai,120,32.79,0.0,13.01
2025-04-25,Chennai,120,33.34,0.0,9.88
2025-04-26,Chennai,120,31.99,0.0,9.27
2025-04-27,Chennai,120,32.6,0.0,10.48
2025-04-28,Chennai,120,33.02,7.4,14.46
2025-04-29,Chennai,120,34.69,0.0,12.81
2025-04-30,Chennai,120,32.72,0.0,6.13
2025-05-01,Chennai,120,31.1,0.0,14.51
2025-05-02,Chennai,120,33.77,0.0,13.17
2025-05-03,Chennai,120,33.18,0.0,10.77
2025-05-04,Chennai,120,34.22,0.0,13.08
2025-05-05,Chennai,120,34.3,0.0,9.33
2025-05-06,Chennai,120,35.38,0.0,12.84
2025-05-07,Chennai,120,32.56,0.0,13.1
2025-05-08,Chennai,120,33.45,0.0,15.84
2025-05-09,Chennai,120,34.56,0.0,12.04
2025-05-10,Chennai,120,34.86,0.0,7.33
2025-05-11,Chennai,120,33.0,0.0,17.57
2025-05-12,Chennai,120,38.69,0.0,11.11
2025-05-13,Chennai,120,32.98,0.0,16.35
2025-05-14,Chennai,120,35.27,0.0,11.34
2025-05-15,Chennai,120,36.14,0.0,13.22
2025-05-16,Chennai,120,39.04,0.0,14.4
2025-05-17,Chennai,120,40.15,0.0,10.75
2025-05-18,Chennai,120,39.59,0.0,7.03
2025-05-19,Chennai,120,35.28,0.0,6.01
2025-05-20,Chennai,120,36.28,0.0,17.42
2025-05-21,Chennai,120,39.12,0.0,15.8
2025-05-22,Chennai,120,38.75,0.0,16.03
2025-05-23,Chennai,120,41.86,0.0,16.33
2025-05-24,Chennai,120,38.69,0.0,10.37
2025-05-25,Chennai,120,37.73,0.0,16.99
2025-05-26,Chennai,120,38.18,0.0,16.15
2025-05-27,Chennai,120,38.55,0.0,8.42
2025-05-28,Chennai,120,36.6,0.0,11.29
2025-05-29,Chennai,120,36.86,0.0,11.31
2025-05-30,Chennai,120,35.54,0.0,13.23
2025-05-31,Chennai,120,39.96,0.0,14.04
2025-06-01,Chennai,120,38.19,1.72,11.77
2025-06-02,Chennai,120,37.81,37.97,19.05
2025-06-03,Chennai,120,33.37,0.0,14.42
2025-06-04,Chennai,120,31.14,0.0,12.79
2025-06-05,Chennai,120,34.02,0.0,15.93
2025-06-06,Chennai,120,35.21,0.0,13.78
2025-06-07,Chennai,120,35.17,0.0,16.1
2025-06-08,Chennai,120,32.82,0.0,10.44
2025-06-09,Chennai,120,34.39,0.0,17.0
2025-06-10,Chennai,120,34.76,0.0,11.06
2025-06-11,Chennai,120,32.14,0.0,15.83
2025-06-12,Chennai,120,33.87,15.84,19.71
2025-06-13,Chennai,120,30.98,1.38,15.21
2025-06-14,Chennai,120,30.78,0.0,15.0
2025-06-15,Chennai,120,31.74,0.0,12.52
2025-06-16,Chennai,120,34.5,0.0,13.4
2025-06-17,Chennai,120,38.7,0.0,18.15
2025-06-18,Chennai,120,36.44,0.0,15.9
2025-06-19,Chennai,120,33.49,0.7,11.98
2025-06-20,Chennai,120,36.02,12.68,15.78
2025-06-21,Chennai,120,34.81,0.0,14.9
2025-06-22,Chennai,120,34.92,11.25,16.89
2025-06-23,Chennai,120,34.87,0.0,12.41
2025-06-24,Chennai,120,36.11,0.0,14.26
2025-06-25,Chennai,120,34.77,0.0,14.74
2025-06-26,Chennai,120,34.31,0.0,13.22
2025-06-27,Chennai,120,32.86,0.0,19.42
2025-06-28,Chennai,120,34.24,0.0,12.57
2025-06-29,Chennai,120,34.23,0.0,17.59
2025-06-30,Chennai,120,33.12,0.0,15.4
2025-07-01,Chennai,120,30.75,0.0,16.47
2025-07-02,Chennai,120,32.67,0.0,18.97
2025-07-03,Chennai,120,32.74,8.3,18.78
2025-07-04,Chennai,120,29.89,1.31,17.69
2025-07-05,Chennai,120,32.23,0.74,14.57
2025-07-06,Chennai,120,34.76,13.9,20.42
2025-07-07,Chennai,120,33.75,10.27,22.41
2025-07-08,Chennai,120,33.43,0.0,16.49
2025-07-09,Chennai,120,33.06,0.0,13.82
2025-07-10,Chennai,120,33.72,0.0,14.17
2025-07-11,Chennai,120,34.1,0.0,14.99
2025-07-12,Chennai,120,33.37,0.0,17.11
2025-07-13,Chennai,120,34.41,6.26,12.78
2025-07-14,Chennai,120,34.02,0.49,14.33
2025-07-15,Chennai,120,31.21,0.0,10.84
2025-07-16,Chennai,120,30.61,14.21,18.37
2025-07-17,Chennai,120,31.13,7.09,10.77
2025-07-18,Chennai,120,29.44,16.37,17.53
2025-07-19,Chennai,120,31.8,0.0,13.91
2025-07-20,Chennai,120,30.21,1.38,19.44
2025-07-21,Chennai,120,28.64,6.35,15.91
2025-07-22,Chennai,120,31.3,11.81,21.1
2025-07-23,Chennai,120,30.57,1.13,11.96
2025-07-24,Chennai,120,32.57,39.51,15.74
2025-07-25,Chennai,120,32.13,3.73,12.79
2025-07-26,Chennai,120,32.64,6.59,15.85
2025-07-27,Chennai,120,29.27,0.84,14.18
2025-07-28,Chennai,120,30.06,13.96,19.65
2025-07-29,Chennai,120,30.02,0.0,18.26
2025-07-30,Chennai,120,27.88,0.0,17.33
2025-07-31,Chennai,120,31.25,0.0,13.88
2025-08-01,Chennai,120,30.19,16.74,10.13
2025-08-02,Chennai,120,28.34,47.31,16.59
2025-08-03,Chennai,120,29.66,17.75,10.63
2025-08-04,Chennai,120,30.37,0.0,6.06
2025-08-05,Chennai,120,27.15,3.97,11.36
2025-08-06,Chennai,120,34.13,0.0,13.59
2025-08-07,Chennai,120,28.41,6.1,14.16
2025-08-08,Chennai,120,28.52,64.03,20.61
2025-08-09,Chennai,120,27.03,0.0,11.71
2025-08-10,Chennai,120,27.75,5.56,11.85
2025-08-11,Chennai,120,26.9,32.7,18.07
2025-08-12,Chennai,120,26.85,0.0,9.47
2025-08-13,Chennai,120,31.02,0.0,12.78
2025-08-14,Chennai,120,31.53,0.0,13.66
2025-08-15,Chennai,120,29.02,0.0,14.79
2025-08-16,Chennai,120,28.12,0.0,18.73
2025-08-17,Chennai,120,30.4,0.0,13.6
2025-08-18,Chennai,120,29.14,33.02,15.15
2025-08-19,Chennai,120,31.51,15.79,16.45
2025-08-20,Chennai,120,29.19,0.0,7.35
2025-08-21,Chennai,120,28.63,10.87,12.26
2025-08-22,Chennai,120,26.6,0.0,13.47
2025-08-23,Chennai,120,31.83,0.0,16.11
2025-08-24,Chennai,120,30.3,0.0,15.84
2025-08-25,Chennai,120,30.84,0.0,10.95
2025-08-26,Chennai,120,29.25,0.0,17.37
2025-08-27,Chennai,120,28.77,0.0,15.86
2025-08-28,Chennai,120,29.97,0.0,12.49
2025-08-29,Chennai,120,32.62,0.0,14.42
2025-08-30,Chennai,120,29.32,12.81,11.19
2025-08-31,Chennai,120,32.1,0.0,11.55
2025-09-01,Chennai,120,29.68,0.0,9.01
2025-09-02,Chennai,120,30.4,4.86,10.05
2025-09-03,Chennai,120,27.32,0.0,9.66
2025-09-04,Chennai,120,27.55,0.0,9.29
2025-09-05,Chennai,120,27.29,0.0,9.04
2025-09-06,Chennai,120,27.34,0.42,13.12
2025-09-07,Chennai,120,26.81,8.63,11.95
2025-09-08,Chennai,120,26.92,13.77,16.37
2025-09-09,Chennai,120,27.91,7.02,15.33
2025-09-10,Chennai,120,29.2,7.3,15.87
2025-09-11,Chennai,120,33.1,0.0,14.24
2025-09-12,Chennai,120,33.91,0.0,16.57
2025-09-13,Chennai,120,28.68,23.44,16.95
2025-09-14,Chennai,120,30.65,0.0,11.05
2025-09-15,Chennai,120,30.89,0.0,9.39
2025-09-16,Chennai,120,30.21,3.84,10.02
2025-09-17,Chennai,120,27.52,20.74,12.88
2025-09-18,Chennai,120,27.93,0.67,13.09
2025-09-19,Chennai,120,32.98,3.13,11.9
2025-09-20,Chennai,120,30.8,26.59,12.25
2025-09-21,Chennai,120,29.22,2.97,13.07
2025-09-22,Chennai,120,29.87,15.96,15.75
2025-09-23,Chennai,120,31.18,0.0,11.44
2025-09-24,Chennai,120,29.8,0.0,15.6
2025-09-25,Chennai,120,29.99,0.0,9.34
2025-09-26,Chennai,120,26.62,0.0,12.07
2025-09-27,Chennai,120,28.8,0.0,13.18
2025-09-28,Chennai,120,26.97,7.12,8.41
2025-09-29,Chennai,120,29.63,0.0,8.43
2025-09-30,Chennai,120,26.22,0.0,17.53
2023-01-01,Chennai,168,23.0,0.0,7.74
2023-01-02,Chennai,168,25.81,0.0,13.92
2023-01-03,Chennai,168,22.78,0.0,11.48
2023-01-04,Chennai,168,22.86,0.0,6.73
2023-01-05,Chennai,168,26.27,1.72,5.2
2023-01-06,Chennai,168,24.55,0.0,11.39
2023-01-07,Chennai,168,24.78,0.0,9.89
2023-01-08,Chennai,168,23.46,0.0,9.86
2023-01-09,Chennai,168,25.41,0.0,6.68
2023-01-10,Chennai,168,26.47,0.0,10.1
2023-01-11,Chennai,168,22.89,0.0,7.92
2023-01-12,Chennai,168,25.87,0.0,13.15
2023-01-13,Chennai,168,24.61,0.0,10.02
2023-01-14,Chennai,168,22.23,0.0,10.85
2023-01-15,Chennai,168,29.6,0.0,8.64
2023-01-16,Chennai,168,25.26,0.0,4.91
2023-01-17,Chennai,168,22.94,0.0,7.42
2023-01-18,Chennai,168,21.99,0.0,7.78
2023-01-19,Chennai,168,26.35,0.0,8.04
2023-01-20,Chennai,168,25.11,0.0,5.62
2023-01-21,Chennai,168,24.8,0.0,6.81
2023-01-22,Chennai,168,27.31,0.0,7.36
2023-01-23,Chennai,168,26.28,0.0,9.13
2023-01-24,Chennai,168,26.29,21.2,7.7
2023-01-25,Chennai,168,29.46,0.0,8.06
2023-01-26,Chennai,168,27.69,0.0,10.55
2023-01-27,Chennai,168,25.65,0.0,15.63
2023-01-28,Chennai,168,25.12,0.0,7.39
2023-01-29,Chennai,168,25.07,0.0,7.07
2023-01-30,Chennai,168,24.37,0.0,4.67
2023-01-31,Chennai,168,22.02,0.0,16.15
2023-02-01,Chennai,168,26.75,0.0,18.81
2023-02-02,Chennai,168,28.39,0.0,12.35
2023-02-03,Chennai,168,30.08,0.0,12.66
2023-02-04,Chennai,168,27.69,0.0,13.06
2023-02-05,Chennai,168,26.41,0.0,12.36
2023-02-06,Chennai,168,26.5,0.0,9.25
2023-02-07,Chennai,168,25.43,0.0,9.64
2023-02-08,Chennai,168,25.34,0.0,8.22
2023-02-09,Chennai,168,25.86,0.0,5.66
2023-02-10,Chennai,168,28.82,0.0,5.25
2023-02-11,Chennai,168,28.49,0.0,6.05
2023-02-12,Chennai,168,27.06,0.0,9.22
2023-02-13,Chennai,168,24.56,0.0,11.49
2023-02-14,Chennai,168,26.46,9.17,14.08
2023-02-15,Chennai,168,27.18,0.0,15.08
2023-02-16,Chennai,168,26.34,0.0,10.83
2023-02-17,Chennai,168,28.06,0.0,13.26
2023-02-18,Chennai,168,29.44,0.0,15.03
2023-02-19,Chennai,168,29.08,0.0,11.36
2023-02-20,Chennai,168,26.98,0.0,8.33
2023-02-21,Chennai,168,26.14,0.0,6.23
2023-02-22,Chennai,168,30.09,0.0,10.4
2023-02-23,Chennai,168,27.51,0.0,6.67
2023-02-24,Chennai,168,27.91,0.0,6.87
2023-02-25,Chennai,168,27.18,0.0,13.16
2023-02-26,Chennai,168,26.98,0.0,7.47
2023-02-27,Chennai,168,26.36,0.0,6.25
2023-02-28,Chennai,168,27.99,0.0,6.85
2023-03-01,Chennai,168,24.49,0.0,9.74
2023-03-02,Chennai,168,23.99,0.0,7.68
2023-03-03,Chennai,168,25.08,0.0,12.81
2023-03-04,Chennai,168,27.05,0.0,9.43
2023-03-05,Chennai,168,26.84,0.0,9.92
2023-03-06,Chennai,168,27.88,0.0,10.44
2023-03-07,Chennai,168,31.28,0.0,9.62
2023-03-08,Chennai,168,26.08,0.0,12.71
2023-03-09,Chennai,168,28.07,0.0,16.74
2023-03-10,Chennai,168,28.12,0.0,6.33
2023-03-11,Chennai,168,27.6,0.0,10.03
2023-03-12,Chennai,168,26.44,0.0,9.41
2023-03-13,Chennai,168,25.7,0.0,10.27
2023-03-14,Chennai,168,28.96,0.0,9.21
2023-03-15,Chennai,168,28.01,0.0,10.45
2023-03-16,Chennai,168,31.58,0.0,11.25
2023-03-17,Chennai,168,28.97,0.0,10.5
2023-03-18,Chennai,168,28.92,0.0,7.71
2023-03-19,Chennai,168,30.56,0.0,12.86
2023-03-20,Chennai,168,27.51,0.0,9.44
2023-03-21,Chennai,168,27.64,0.0,14.25
2023-03-22,Chennai,168,28.22,0.0,12.69
2023-03-23,Chennai,168,26.58,0.0,10.26
2023-03-24,Chennai,168,26.01,0.0,12.43
2023-03-25,Chennai,168,29.33,0.0,10.08
2023-03-26,Chennai,168,27.88,0.0,13.19
2023-03-27,Chennai,168,25.46,0.0,8.71
2023-03-28,Chennai,168,27.05,0.0,13.92
2023-03-29,Chennai,168,31.07,0.0,15.55
2023-03-30,Chennai,168,27.19,0.0,10.09
2023-03-31,Chennai,168,27.88,0.0,14.49
2023-04-01,Chennai,168,31.24,0.0,12.49
2023-04-02,Chennai,168,33.68,0.0,5.83
2023-04-03,Chennai,168,32.35,0.0,11.58
2023-04-04,Chennai,168,33.44,0.0,5.7
2023-04-05,Chennai,168,33.54,0.0,7.79
2023-04-06,Chennai,168,34.15,0.35,7.0
2023-04-07,Chennai,168,31.23,0.0,8.82
2023-04-08,Chennai,168,32.17,0.0,13.71
2023-04-09,Chennai,168,31.68,0.0,10.09
2023-04-10,Chennai,168,32.21,0.86,11.61
2023-04-11,Chennai,168,32.29,0.0,15.48
2023-04-12,Chennai,168,34.35,0.0,8.65
2023-04-13,Chennai,168,37.03,0.0,11.95
2023-04-14,Chennai,168,32.86,0.0,16.31
2023-04-15,Chennai,168,33.46,4.64,18.38
2023-04-16,Chennai,168,31.81,10.39,17.62
2023-04-17,Chennai,168,29.73,0.0,18.39
2023-04-18,Chennai,168,30.81,0.0,11.64
2023-04-19,Chennai,168,28.21,0.0,13.79
2023-04-20,Chennai,168,33.98,0.0,9.26
2023-04-21,Chennai,168,33.5,0.0,10.09
2023-04-22,Chennai,168,36.79,0.0,8.09
2023-04-23,Chennai,168,36.73,0.0,12.78
2023-04-24,Chennai,168,36.22,0.0,10.3
2023-04-25,Chennai,168,33.45,0.0,6.02
2023-04-26,Chennai,168,35.86,0.0,10.45
2023-04-27,Chennai,168,32.23,0.0,8.82
2023-04-28,Chennai,168,35.26,0.0,11.25
2023-04-29,Chennai,168,30.36,0.0,15.07
2023-04-30,Chennai,168,32.98,2.32,11.57
2023-05-01,Chennai,168,35.44,0.0,17.69
2023-05-02,Chennai,168,37.99,0.0,15.54
2023-05-03,Chennai,168,33.35,0.0,15.44
2023-05-04,Chennai,168,31.92,0.0,9.52
2023-05-05,Chennai,168,33.43,0.0,12.75
2023-05-06,Chennai,168,32.06,0.0,10.92
2023-05-07,Chennai,168,34.29,0.0,13.66
2023-05-08,Chennai,168,31.03,0.0,14.85
2023-05-09,Chennai,168,36.39,0.0,14.79
2023-05-10,Chennai,168,35.89,20.24,16.18
2023-05-11,Chennai,168,37.47,0.0,14.48
2023-05-12,Chennai,168,38.62,0.0,6.23
2023-05-13,Chennai,168,37.85,0.0,8.72
2023-05-14,Chennai,168,36.01,0.0,14.14
2023-05-15,Chennai,168,33.26,13.55,24.0
2023-05-16,Chennai,168,35.86,10.48,13.84
2023-05-17,Chennai,168,34.87,2.26,13.7
2023-05-18,Chennai,168,34.55,0.0,12.9
2023-05-19,Chennai,168,33.36,0.0,11.71
2023-05-20,Chennai,168,36.5,0.0,8.21
2023-05-21,Chennai,168,39.33,0.0,12.58
2023-05-22,Chennai,168,37.01,0.0,11.45
2023-05-23,Chennai,168,34.02,0.0,9.86
2023-05-24,Chennai,168,32.67,0.0,15.6
2023-05-25,Chennai,168,32.3,0.0,16.49
2023-05-26,Chennai,168,37.77,0.0,13.82
2023-05-27,Chennai,168,34.09,0.0,15.73
2023-05-28,Chennai,168,39.04,0.0,11.79
2023-05-29,Chennai,168,38.72,0.0,7.75
2023-05-30,Chennai,168,40.42,0.0,13.78
2023-05-31,Chennai,168,38.96,0.0,16.19
2023-06-01,Chennai,168,33.24,0.0,18.57
2023-06-02,Chennai,168,33.14,10.77,16.62
2023-06-03,Chennai,168,34.42,0.0,25.38
2023-06-04,Chennai,168,34.4,0.0,20.96
2023-06-05,Chennai,168,38.43,0.0,21.11
2023-06-06,Chennai,168,35.35,0.0,11.92
2023-06-07,Chennai,168,32.86,6.17,15.12
2023-06-08,Chennai,168,35.61,0.0,19.76
2023-06-09,Chennai,168,33.99,0.0,21.66
2023-06-10,Chennai,168,36.14,0.0,20.74
2023-06-11,Chennai,168,33.84,0.0,16.12
2023-06-12,Chennai,168,36.74,0.0,21.13
2023-06-13,Chennai,168,39.34,0.0,18.68
2023-06-14,Chennai,168,34.98,0.0,12.04
2023-06-15,Chennai,168,36.87,0.0,13.56
2023-06-16,Chennai,168,33.9,0.0,18.19
2023-06-17,Chennai,168,30.26,0.0,25.92
2023-06-18,Chennai,168,37.16,0.0,15.3
2023-06-19,Chennai,168,36.34,0.0,15.98
2023-06-20,Chennai,168,36.35,10.49,16.22
2023-06-21,Chennai,168,36.11,45.07,24.58
2023-06-22,Chennai,168,34.59,10.01,18.38
2023-06-23,Chennai,168,35.99,0.0,14.37
2023-06-24,Chennai,168,34.52,0.0,17.34
2023-06-25,Chennai,168,34.12,0.0,17.81
2023-06-26,Chennai,168,36.7,0.0,20.46
2023-06-27,Chennai,168,36.83,0.0,15.63
2023-06-28,Chennai,168,36.24,0.0,16.15
2023-06-29,Chennai,168,33.21,0.0,16.2
2023-06-30,Chennai,168,34.5,0.0,12.4
2023-07-01,Chennai,168,32.71,1.26,8.97
2023-07-02,Chennai,168,30.39,0.0,16.53
2023-07-03,Chennai,168,31.56,0.0,11.32
2023-07-04,Chennai,168,32.67,0.0,7.09
2023-07-05,Chennai,168,32.38,0.0,10.07
2023-07-06,Chennai,168,33.59,0.0,16.68
2023-07-07,Chennai,168,33.26,0.0,18.45
2023-07-08,Chennai,168,31.43,0.0,17.84
2023-07-09,Chennai,168,29.74,0.0,14.7
2023-07-10,Chennai,168,31.42,0.0,10.22
2023-07-11,Chennai,168,30.51,0.0,10.18
2023-07-12,Chennai,168,32.42,0.0,11.65
2023-07-13,Chennai,168,32.34,0.0,11.36
2023-07-14,Chennai,168,29.89,0.0,16.7
2023-07-15,Chennai,168,28.98,0.0,15.72
2023-07-16,Chennai,168,30.09,0.0,14.76
2023-07-17,Chennai,168,30.28,0.0,18.13
2023-07-18,Chennai,168,30.5,0.0,13.3
2023-07-19,Chennai,168,28.89,0.8,13.11
2023-07-20,Chennai,168,29.74,2.97,19.43
2023-07-21,Chennai,168,27.89,0.0,15.93
2023-07-22,Chennai,168,30.09,0.0,15.04
2023-07-23,Chennai,168,27.74,3.92,11.89
2023-07-24,Chennai,168,32.88,5.65,15.46
2023-07-25,Chennai,168,29.97,5.0,18.34
2023-07-26,Chennai,168,29.89,2.43,17.42
2023-07-27,Chennai,168,30.35,0.0,16.06
2023-07-28,Chennai,168,27.75,0.0,16.64
2023-07-29,Chennai,168,28.02,9.28,17.06
2023-07-30,Chennai,168,32.57,0.0,18.63
2023-07-31,Chennai,168,32.62,0.0,20.06
2023-08-01,Chennai,168,30.45,0.0,10.75
2023-08-02,Chennai,168,27.34,0.0,13.22
2023-08-03,Chennai,168,29.21,25.71,18.38
2023-08-04,Chennai,168,31.0,0.0,9.28
2023-08-05,Chennai,168,29.67,0.0,16.16
2023-08-06,Chennai,168,30.66,0.0,15.72
2023-08-07,Chennai,168,29.34,0.0,14.49
2023-08-08,Chennai,168,27.36,0.0,9.17
2023-08-09,Chennai,168,28.57,0.0,11.02
2023-08-10,Chennai,168,29.45,0.0,13.93
2023-08-11,Chennai,168,26.32,0.0,10.7
2023-08-12,Chennai,168,27.74,0.0,14.41
2023-08-13,Chennai,168,28.89,10.86,19.73
2023-08-14,Chennai,168,31.9,0.0,13.2
2023-08-15,Chennai,168,32.33,0.0,12.33
2023-08-16,Chennai,168,30.67,0.0,13.74
2023-08-17,Chennai,168,29.36,0.0,12.28
2023-08-18,Chennai,168,32.91,0.0,14.73
2023-08-19,Chennai,168,26.83,0.0,16.48
2023-08-20,Chennai,168,28.39,0.0,19.58
2023-08-21,Chennai,168,31.82,0.0,15.31
2023-08-22,Chennai,168,27.73,0.0,17.06
2023-08-23,Chennai,168,28.23,0.0,9.96
2023-08-24,Chennai,168,31.74,0.0,16.1
2023-08-25,Chennai,168,31.4,0.0,16.74
2023-08-26,Chennai,168,27.62,0.0,15.45
2023-08-27,Chennai,168,27.91,0.0,10.35
2023-08-28,Chennai,168,28.78,0.0,11.75
2023-08-29,Chennai,168,33.68,0.0,14.44
2023-08-30,Chennai,168,32.07,0.0,12.87
2023-08-31,Chennai,168,30.64,4.79,15.34
2023-09-01,Chennai,168,31.27,0.0,12.14
2023-09-02,Chennai,168,28.59,0.0,6.75
2023-09-03,Chennai,168,29.51,3.49,8.58
2023-09-04,Chennai,168,28.1,4.4,10.17
2023-09-05,Chennai,168,27.16,25.92,12.66
2023-09-06,Chennai,168,24.25,10.31,14.41
2023-09-07,Chennai,168,29.58,0.0,15.42
2023-09-08,Chennai,168,30.18,21.32,13.71
2023-09-09,Chennai,168,27.53,2.68,19.9
2023-09-10,Chennai,168,27.3,9.1,20.93
2023-09-11,Chennai,168,27.34,0.0,10.62
2023-09-12,Chennai,168,25.82,0.0,9.85
2023-09-13,Chennai,168,25.32,0.0,9.27
2023-09-14,Chennai,168,27.79,2.64,8.05
2023-09-15,Chennai,168,26.31,13.2,16.77
2023-09-16,Chennai,168,28.83,3.08,19.27
2023-09-17,Chennai,168,29.39,0.0,5.49
2023-09-18,Chennai,168,27.23,0.0,15.72
2023-09-19,Chennai,168,29.57,10.42,15.44
2023-09-20,Chennai,168,29.28,9.82,11.89
2023-09-21,Chennai,168,32.08,28.32,18.94
2023-09-22,Chennai,168,30.36,8.44,15.21
2023-09-23,Chennai,168,28.3,0.0,11.65
2023-09-24,Chennai,168,29.7,0.0,14.17
2023-09-25,Chennai,168,28.81,0.0,12.22
2023-09-26,Chennai,168,28.78,0.0,16.08
2023-09-27,Chennai,168,30.22,3.76,9.81
2023-09-28,Chennai,168,30.42,10.28,15.69
2023-09-29,Chennai,168,30.11,2.38,11.32
2023-09-30,Chennai,168,28.4,14.83,11.88
2023-10-01,Chennai,168,30.71,1.74,9.56
2023-10-02,Chennai,168,29.72,7.03,10.67
2023-10-03,Chennai,168,28.91,0.21,11.14
2023-10-04,Chennai,168,27.21,3.02,15.38
2023-10-05,Chennai,168,27.49,17.14,17.48
2023-10-06,Chennai,168,29.58,6.55,15.4
2023-10-07,Chennai,168,25.91,17.31,18.19
2023-10-08,Chennai,168,29.65,2.31,11.87
2023-10-09,Chennai,168,29.28,24.15,14.5
2023-10-10,Chennai,168,26.43,9.86,8.18
2023-10-11,Chennai,168,25.66,24.65,17.67
2023-10-12,Chennai,168,28.59,1.0,13.64
2023-10-13,Chennai,168,24.0,1.26,13.16
2023-10-14,Chennai,168,22.99,44.76,24.95
2023-10-15,Chennai,168,25.22,0.0,10.4
2023-10-16,Chennai,168,27.92,0.0,10.81
2023-10-17,Chennai,168,26.78,4.05,16.34
2023-10-18,Chennai,168,23.59,5.06,14.55
2023-10-19,Chennai,168,26.57,3.81,19.27
2023-10-20,Chennai,168,28.11,8.67,13.16
2023-10-21,Chennai,168,29.47,0.55,10.62
2023-10-22,Chennai,168,26.5,1.53,12.2
2023-10-23,Chennai,168,25.71,13.86,13.64
2023-10-24,Chennai,168,29.04,0.0,13.84
2023-10-25,Chennai,168,29.1,0.0,14.77
2023-10-26,Chennai,168,31.0,5.99,12.98
2023-10-27,Chennai,168,29.55,21.62,15.59
2023-10-28,Chennai,168,29.07,36.64,19.33
2023-10-29,Chennai,168,30.63,8.62,15.63
2023-10-30,Chennai,168,26.25,4.57,16.61
2023-10-31,Chennai,168,27.96,9.36,14.49
2023-11-01,Chennai,168,25.94,2.44,11.78
2023-11-02,Chennai,168,25.7,2.59,13.18
2023-11-03,Chennai,168,26.81,9.36,17.48
2023-11-04,Chennai,168,24.2,82.66,20.72
2023-11-05,Chennai,168,25.63,5.08,12.1
2023-11-06,Chennai,168,25.59,22.82,14.35
2023-11-07,Chennai,168,24.25,13.61,19.15
2023-11-08,Chennai,168,22.65,10.56,12.45
2023-11-09,Chennai,168,20.53,2.57,12.07
2023-11-10,Chennai,168,21.96,39.33,16.84
2023-11-11,Chennai,168,23.06,12.49,11.11
2023-11-12,Chennai,168,24.58,35.11,22.95
2023-11-13,Chennai,168,26.0,28.68,21.48
2023-11-14,Chennai,168,23.69,26.0,19.58
2023-11-15,Chennai,168,24.29,3.33,14.54
2023-11-16,Chennai,168,28.54,11.23,15.18
2023-11-17,Chennai,168,24.51,12.23,15.34
2023-11-18,Chennai,168,24.97,1.95,22.82
2023-11-19,Chennai,168,27.41,12.53,20.92
2023-11-20,Chennai,168,22.53,14.68,17.32
2023-11-21,Chennai,168,27.01,0.0,16.42
2023-11-22,Chennai,168,24.86,0.38,13.86
2023-11-23,Chennai,168,25.63,11.54,17.02
2023-11-24,Chennai,168,24.92,6.6,14.43
2023-11-25,Chennai,168,25.27,4.29,11.23
2023-11-26,Chennai,168,27.5,1.95,20.56
2023-11-27,Chennai,168,24.13,12.37,11.07
2023-11-28,Chennai,168,23.5,5.86,18.36
2023-11-29,Chennai,168,22.18,25.46,19.91
2023-11-30,Chennai,168,23.36,19.31,19.09
2023-12-01,Chennai,168,21.86,9.03,10.26
2023-12-02,Chennai,168,26.06,17.52,13.79
2023-12-03,Chennai,168,24.91,0.0,14.69
2023-12-04,Chennai,168,26.3,5.25,13.54
2023-12-05,Chennai,168,27.55,0.0,7.09
2023-12-06,Chennai,168,28.51,0.0,7.92
2023-12-07,Chennai,168,24.37,0.0,7.94
2023-12-08,Chennai,168,27.56,0.0,9.63
2023-12-09,Chennai,168,27.58,0.0,9.2
2023-12-10,Chennai,168,24.8,0.0,6.22
2023-12-11,Chennai,168,27.07,14.52,14.6
2023-12-12,Chennai,168,26.36,0.0,10.37
2023-12-13,Chennai,168,25.05,0.0,6.83
2023-12-14,Chennai,168,27.73,1.54,11.86
2023-12-15,Chennai,168,24.71,5.47,18.17
2023-12-16,Chennai,168,26.09,8.46,16.21
2023-12-17,Chennai,168,25.74,0.0,9.18
2023-12-18,Chennai,168,28.04,0.0,5.3
2023-12-19,Chennai,168,23.07,0.0,7.11
2023-12-20,Chennai,168,24.22,0.0,1.21
2023-12-21,Chennai,168,24.44,0.0,11.11
2023-12-22,Chennai,168,24.07,1.42,12.62
2023-12-23,Chennai,168,23.27,0.6,9.2
2023-12-24,Chennai,168,22.77,34.08,14.23
2023-12-25,Chennai,168,24.84,0.0,8.39
2023-12-26,Chennai,168,22.86,0.0,6.16
2023-12-27,Chennai,168,23.19,0.0,9.14
2023-12-28,Chennai,168,25.37,0.0,10.84
2023-12-29,Chennai,168,24.34,0.0,14.85
2023-12-30,Chennai,168,25.83,0.0,13.84
2023-12-31,Chennai,168,25.99,0.0,15.18
2024-01-01,Chennai,168,25.77,4.25,13.28
2024-01-02,Chennai,168,26.75,0.0,8.13
2024-01-03,Chennai,168,29.92,0.0,11.7
2024-01-04,Chennai,168,25.92,0.0,13.57
2024-01-05,Chennai,168,23.3,0.0,7.25
2024-01-06,Chennai,168,25.28,7.19,5.32
2024-01-07,Chennai,168,21.36,0.0,10.31
2024-01-08,Chennai,168,24.98,0.0,15.79
2024-01-09,Chennai,168,26.94,0.0,6.69
2024-01-10,Chennai,168,23.71,0.0,12.96
2024-01-11,Chennai,168,27.97,0.0,6.05
2024-01-12,Chennai,168,23.9,0.0,9.61
2024-01-13,Chennai,168,25.43,0.0,13.27
2024-01-14,Chennai,168,26.74,0.0,12.04
2024-01-15,Chennai,168,25.16,0.0,12.88
2024-01-16,Chennai,168,26.18,0.0,8.22
2024-01-17,Chennai,168,25.4,0.0,8.16
2024-01-18,Chennai,168,21.41,0.0,10.98
2024-01-19,Chennai,168,28.26,0.0,8.75
2024-01-20,Chennai,168,28.2,0.0,13.24
2024-01-21,Chennai,168,26.24,0.0,13.54
2024-01-22,Chennai,168,25.61,0.0,18.58
2024-01-23,Chennai,168,26.2,0.0,8.7
2024-01-24,Chennai,168,25.16,0.0,10.58
2024-01-25,Chennai,168,25.17,0.0,7.5
2024-01-26,Chennai,168,25.11,0.0,11.26
2024-01-27,Chennai,168,28.43,0.0,10.47
2024-01-28,Chennai,168,26.75,0.08,13.69
2024-01-29,Chennai,168,25.25,5.24,6.3
2024-01-30,Chennai,168,22.65,0.0,8.28
2024-01-31,Chennai,168,22.92,0.0,8.46
2024-02-01,Chennai,168,26.73,0.0,4.93
2024-02-02,Chennai,168,25.57,0.0,5.65
2024-02-03,Chennai,168,29.34,0.0,7.33
2024-02-04,Chennai,168,25.94,0.0,8.53
2024-02-05,Chennai,168,26.82,0.0,11.93
2024-02-06,Chennai,168,25.99,0.0,11.24
2024-02-07,Chennai,168,24.96,0.0,7.82
2024-02-08,Chennai,168,27.9,0.0,8.33
2024-02-09,Chennai,168,26.3,0.0,9.23
2024-02-10,Chennai,168,29.18,0.0,10.09
2024-02-11,Chennai,168,31.06,0.0,7.28
2024-02-12,Chennai,168,29.03,0.0,6.27
2024-02-13,Chennai,168,27.23,0.0,6.77
2024-02-14,Chennai,168,29.29,0.0,10.25
2024-02-15,Chennai,168,28.92,0.0,7.13
2024-02-16,Chennai,168,28.75,0.0,12.01
2024-02-17,Chennai,168,25.28,0.0,11.67
2024-02-18,Chennai,168,24.74,0.0,8.91
2024-02-19,Chennai,168,26.25,0.0,6.33
2024-02-20,Chennai,168,28.18,0.0,12.85
2024-02-21,Chennai,168,27.82,0.0,13.44
2024-02-22,Chennai,168,28.49,0.0,7.9
2024-02-23,Chennai,168,28.59,0.0,15.23
2024-02-24,Chennai,168,28.07,0.0,10.67
2024-02-25,Chennai,168,28.41,0.0,9.3
2024-02-26,Chennai,168,30.21,0.0,9.29
2024-02-27,Chennai,168,30.71,0.0,8.64
2024-02-28,Chennai,168,26.85,0.0,9.14
2024-02-29,Chennai,168,27.56,0.0,10.75
2024-03-01,Chennai,168,30.47,0.0,14.42
2024-03-02,Chennai,168,31.86,0.0,11.88
2024-03-03,Chennai,168,24.48,0.0,7.74
2024-03-04,Chennai,168,22.51,0.0,6.36
2024-03-05,Chennai,168,26.45,0.0,13.86
2024-03-06,Chennai,168,22.29,0.0,16.83
2024-03-07,Chennai,168,22.8,0.0,6.71
2024-03-08,Chennai,168,22.8,0.0,11.32
2024-03-09,Chennai,168,24.77,0.0,12.42
2024-03-10,Chennai,168,25.85,0.0,7.16
2024-03-11,Chennai,168,27.31,0.0,12.55
2024-03-12,Chennai,168,28.36,0.0,10.47
2024-03-13,Chennai,168,27.64,0.0,9.68
2024-03-14,Chennai,168,27.45,0.0,8.61
2024-03-15,Chennai,168,28.77,0.0,7.88
2024-03-16,Chennai,168,27.63,12.31,9.08
2024-03-17,Chennai,168,27.67,4.21,9.89
2024-03-18,Chennai,168,29.01,0.0,9.97
2024-03-19,Chennai,168,28.19,0.0,8.23
2024-03-20,Chennai,168,28.8,0.0,11.99
2024-03-21,Chennai,168,28.57,0.0,11.34
2024-03-22,Chennai,168,31.69,0.0,11.66
2024-03-23,Chennai,168,31.69,0.0,13.84
2024-03-24,Chennai,168,32.61,0.0,16.14
2024-03-25,Chennai,168,31.99,0.0,11.89
2024-03-26,Chennai,168,35.49,0.0,11.9
2024-03-27,Chennai,168,36.63,0.0,6.74
2024-03-28,Chennai,168,33.76,0.0,10.61
2024-03-29,Chennai,168,30.65,0.0,8.68
2024-03-30,Chennai,168,29.89,0.0,9.8
2024-03-31,Chennai,168,32.58,0.0,13.8
2024-04-01,Chennai,168,32.0,0.0,17.65
2024-04-02,Chennai,168,30.2,0.0,7.14
2024-04-03,Chennai,168,33.25,0.0,10.45
2024-04-04,Chennai,168,32.0,0.0,17.03
2024-04-05,Chennai,168,34.23,0.0,11.05
2024-04-06,Chennai,168,32.38,0.0,16.32
2024-04-07,Chennai,168,30.96,8.97,11.21
2024-04-08,Chennai,168,30.75,0.0,9.26
2024-04-09,Chennai,168,30.37,0.0,7.42
2024-04-10,Chennai,168,32.6,0.0,11.7
2024-04-11,Chennai,168,34.68,0.0,17.75
2024-04-12,Chennai,168,33.35,0.0,7.15
2024-04-13,Chennai,168,35.48,0.0,10.9
2024-04-14,Chennai,168,31.91,0.0,11.51
2024-04-15,Chennai,168,32.95,0.0,10.24
2024-04-16,Chennai,168,35.39,0.0,6.44
2024-04-17,Chennai,168,33.53,5.67,13.15
2024-04-18,Chennai,168,34.4,4.24,11.21
2024-04-19,Chennai,168,34.79,0.0,12.43
2024-04-20,Chennai,168,36.93,0.0,9.89
2024-04-21,Chennai,168,34.95,0.0,9.21
2024-04-22,Chennai,168,29.9,0.0,6.49
2024-04-23,Chennai,168,32.27,0.0,10.63
2024-04-24,Chennai,168,31.89,0.0,8.37
2024-04-25,Chennai,168,33.18,0.0,5.12
2024-04-26,Chennai,168,34.25,0.0,5.17
2024-04-27,Chennai,168,33.45,0.0,9.85
2024-04-28,Chennai,168,32.87,0.0,12.08
2024-04-29,Chennai,168,29.86,2.88,11.14
2024-04-30,Chennai,168,29.66,0.0,10.9
2024-05-01,Chennai,168,32.21,0.0,13.03
2024-05-02,Chennai,168,32.51,0.0,15.0
2024-05-03,Chennai,168,32.23,0.0,10.16
2024-05-04,Chennai,168,31.03,0.0,12.52
2024-05-05,Chennai,168,36.37,0.0,17.73
2024-05-06,Chennai,168,35.95,0.0,10.36
2024-05-07,Chennai,168,30.81,0.0,12.33
2024-05-08,Chennai,168,30.62,0.0,14.66
2024-05-09,Chennai,168,33.89,0.0,12.44
2024-05-10,Chennai,168,30.88,0.0,12.02
2024-05-11,Chennai,168,34.35,0.0,9.44
2024-05-12,Chennai,168,34.54,6.61,10.41
2024-05-13,Chennai,168,33.74,0.0,12.3
2024-05-14,Chennai,168,36.71,0.0,11.19
2024-05-15,Chennai,168,33.25,0.0,11.16
2024-05-16,Chennai,168,35.38,0.0,14.91
2024-05-17,Chennai,168,35.6,0.0,10.09
2024-05-18,Chennai,168,34.67,5.53,12.67
2024-05-19,Chennai,168,33.31,0.0,8.08
2024-05-20,Chennai,168,34.39,0.0,6.86
2024-05-21,Chennai,168,38.07,0.0,9.7
2024-05-22,Chennai,168,36.86,0.0,11.32
2024-05-23,Chennai,168,35.83,0.0,10.54
2024-05-24,Chennai,168,33.62,0.0,12.93
2024-05-25,Chennai,168,33.39,2.42,20.72
2024-05-26,Chennai,168,33.06,39.6,18.69
2024-05-27,Chennai,168,31.99,0.0,12.0
2024-05-28,Chennai,168,35.23,0.0,12.55
2024-05-29,Chennai,168,32.29,2.76,14.96
2024-05-30,Chennai,168,31.96,0.0,14.59
2024-05-31,Chennai,168,32.15,7.4,16.4
2024-06-01,Chennai,168,29.74,0.0,17.47
2024-06-02,Chennai,168,30.99,0.0,15.57
2024-06-03,Chennai,168,31.69,0.0,18.35
2024-06-04,Chennai,168,29.3,0.0,11.93
2024-06-05,Chennai,168,32.54,0.0,11.75
2024-06-06,Chennai,168,34.25,0.0,15.46
2024-06-07,Chennai,168,33.44,0.0,13.72
2024-06-08,Chennai,168,31.34,0.0,16.15
2024-06-09,Chennai,168,35.76,0.0,12.81
2024-06-10,Chennai,168,32.38,0.0,19.26
2024-06-11,Chennai,168,34.04,0.0,21.06
2024-06-12,Chennai,168,35.14,0.0,15.34
2024-06-13,Chennai,168,34.96,0.0,19.51
2024-06-14,Chennai,168,34.15,0.0,21.89
2024-06-15,Chennai,168,34.65,0.0,16.29
2024-06-16,Chennai,168,31.52,0.0,21.17
2024-06-17,Chennai,168,29.59,0.0,19.72
2024-06-18,Chennai,168,36.02,0.0,11.64
2024-06-19,Chennai,168,31.95,10.41,22.38
2024-06-20,Chennai,168,34.89,0.0,17.27
2024-06-21,Chennai,168,33.06,0.0,15.23
2024-06-22,Chennai,168,34.07,0.0,16.26
2024-06-23,Chennai,168,37.88,0.0,20.41
2024-06-24,Chennai,168,33.37,0.0,17.56
2024-06-25,Chennai,168,33.48,0.0,18.61
2024-06-26,Chennai,168,38.03,0.0,16.76
2024-06-27,Chennai,168,37.52,0.0,19.81
2024-06-28,Chennai,168,32.9,0.0,12.41
2024-06-29,Chennai,168,31.65,0.0,11.53
2024-06-30,Chennai,168,30.39,0.0,10.13
2024-07-01,Chennai,168,30.08,0.0,18.62
2024-07-02,Chennai,168,26.5,0.0,15.25
2024-07-03,Chennai,168,29.28,0.0,13.79
2024-07-04,Chennai,168,26.65,7.62,15.34
2024-07-05,Chennai,168,27.81,1.11,15.51
2024-07-06,Chennai,168,27.96,0.0,14.74
2024-07-07,Chennai,168,28.69,0.0,18.44
2024-07-08,Chennai,168,34.45,10.65,14.63
2024-07-09,Chennai,168,34.53,0.63,17.52
2024-07-10,Chennai,168,34.0,9.87,18.46
2024-07-11,Chennai,168,30.15,0.84,17.54
2024-07-12,Chennai,168,33.31,3.0,15.39
2024-07-13,Chennai,168,30.42,17.52,19.28
2024-07-14,Chennai,168,28.87,1.35,13.69
2024-07-15,Chennai,168,34.33,15.01,11.8
2024-07-16,Chennai,168,31.52,0.0,13.75
2024-07-17,Chennai,168,31.93,0.0,7.34
2024-07-18,Chennai,168,34.06,0.0,12.02
2024-07-19,Chennai,168,33.71,0.0,12.64
2024-07-20,Chennai,168,34.89,0.0,18.63
2024-07-21,Chennai,168,35.84,5.63,15.1
2024-07-22,Chennai,168,33.44,0.0,16.29
2024-07-23,Chennai,168,33.7,0.35,14.4
2024-07-24,Chennai,168,33.68,0.0,13.69
2024-07-25,Chennai,168,33.43,0.0,10.06
2024-07-26,Chennai,168,36.02,0.0,13.8
2024-07-27,Chennai,168,34.6,0.0,11.98
2024-07-28,Chennai,168,32.94,0.0,11.58
2024-07-29,Chennai,168,35.14,1.96,14.74
2024-07-30,Chennai,168,34.4,0.0,14.88
2024-07-31,Chennai,168,32.5,0.0,12.31
2024-08-01,Chennai,168,33.43,0.0,16.59
2024-08-02,Chennai,168,30.05,0.0,13.07
2024-08-03,Chennai,168,34.39,0.0,15.33
2024-08-04,Chennai,168,31.49,23.87,13.85
2024-08-05,Chennai,168,33.06,0.0,7.49
2024-08-06,Chennai,168,31.96,0.0,12.5
2024-08-07,Chennai,168,32.44,0.0,20.27
2024-08-08,Chennai,168,32.98,0.0,10.99
2024-08-09,Chennai,168,34.13,4.94,20.74
2024-08-10,Chennai,168,34.64,4.94,16.82
2024-08-11,Chennai,168,35.54,5.89,16.67
2024-08-12,Chennai,168,31.95,1.31,8.74
2024-08-13,Chennai,168,32.15,0.0,9.76
2024-08-14,Chennai,168,32.1,0.0,7.93
2024-08-15,Chennai,168,30.26,0.0,8.43
2024-08-16,Chennai,168,28.92,0.0,13.47
2024-08-17,Chennai,168,30.98,0.0,10.98
2024-08-18,Chennai,168,32.55,0.0,2.86
2024-08-19,Chennai,168,30.9,0.0,5.25
2024-08-20,Chennai,168,34.48,0.0,10.34
2024-08-21,Chennai,168,35.12,0.0,3.45
2024-08-22,Chennai,168,32.47,0.0,9.46
2024-08-23,Chennai,168,32.42,0.0,12.76
2024-08-24,Chennai,168,32.7,0.0,9.6
2024-08-25,Chennai,168,31.19,7.02,15.81
2024-08-26,Chennai,168,31.92,0.0,14.81
2024-08-27,Chennai,168,30.79,0.0,13.59
2024-08-28,Chennai,168,35.19,8.68,13.66
2024-08-29,Chennai,168,34.53,10.28,10.63
2024-08-30,Chennai,168,35.95,0.0,11.45
2024-08-31,Chennai,168,33.96,0.0,17.1
2024-09-01,Chennai,168,32.24,0.0,10.63
2024-09-02,Chennai,168,30.99,0.0,14.69
2024-09-03,Chennai,168,32.57,0.0,9.14
2024-09-04,Chennai,168,29.41,0.0,9.41
2024-09-05,Chennai,168,32.19,0.0,11.04
2024-09-06,Chennai,168,30.82,6.32,14.8
2024-09-07,Chennai,168,27.68,14.33,13.51
2024-09-08,Chennai,168,30.37,42.53,18.61
2024-09-09,Chennai,168,31.85,4.35,12.03
2024-09-10,Chennai,168,32.98,0.0,13.28
2024-09-11,Chennai,168,31.5,0.0,13.57
2024-09-12,Chennai,168,30.53,4.85,13.99
2024-09-13,Chennai,168,28.19,3.15,6.54
2024-09-14,Chennai,168,29.67,0.19,5.54
2024-09-15,Chennai,168,29.39,0.89,8.89
2024-09-16,Chennai,168,28.82,0.0,8.04
2024-09-17,Chennai,168,29.82,0.0,4.94
2024-09-18,Chennai,168,27.91,4.53,13.06
2024-09-19,Chennai,168,28.65,3.87,15.31
2024-09-20,Chennai,168,30.45,0.0,9.93
2024-09-21,Chennai,168,33.93,0.0,6.34
2024-09-22,Chennai,168,32.06,0.0,10.56
2024-09-23,Chennai,168,31.84,14.92,12.39
2024-09-24,Chennai,168,33.71,0.0,11.97
2024-09-25,Chennai,168,30.76,0.0,14.3
2024-09-26,Chennai,168,30.4,0.0,12.06
2024-09-27,Chennai,168,32.15,0.0,8.55
2024-09-28,Chennai,168,35.05,0.0,18.04
2024-09-29,Chennai,168,31.06,0.0,12.65
2024-09-30,Chennai,168,30.03,0.0,11.68
2024-10-01,Chennai,168,26.15,0.0,11.82
2024-10-02,Chennai,168,27.38,0.0,20.49
2024-10-03,Chennai,168,29.45,0.0,13.39
2024-10-04,Chennai,168,28.61,3.9,12.23
2024-10-05,Chennai,168,26.11,5.53,11.51
2024-10-06,Chennai,168,29.58,4.45,7.56
2024-10-07,Chennai,168,28.29,2.68,11.34
2024-10-08,Chennai,168,29.57,18.86,15.26
2024-10-09,Chennai,168,27.94,8.44,14.54
2024-10-10,Chennai,168,24.81,11.41,7.43
2024-10-11,Chennai,168,29.02,10.23,11.89
2024-10-12,Chennai,168,33.37,3.43,14.33
2024-10-13,Chennai,168,31.58,10.26,12.65
2024-10-14,Chennai,168,28.78,7.26,19.43
2024-10-15,Chennai,168,32.35,25.58,17.24
2024-10-16,Chennai,168,31.75,6.77,11.16
2024-10-17,Chennai,168,29.49,14.23,15.57
2024-10-18,Chennai,168,30.61,2.76,11.1
2024-10-19,Chennai,168,31.51,2.0,12.28
2024-10-20,Chennai,168,29.54,7.23,4.74
2024-10-21,Chennai,168,29.69,0.0,8.12
2024-10-22,Chennai,168,28.62,0.0,14.2
2024-10-23,Chennai,168,30.0,0.0,18.43
2024-10-24,Chennai,168,28.43,0.0,16.73
2024-10-25,Chennai,168,29.47,5.43,14.21
2024-10-26,Chennai,168,24.11,2.14,15.08
2024-10-27,Chennai,168,24.97,1.29,14.19
2024-10-28,Chennai,168,25.57,9.63,16.46
2024-10-29,Chennai,168,25.65,5.6,14.13
2024-10-30,Chennai,168,24.49,18.32,12.32
2024-10-31,Chennai,168,25.13,18.85,14.47
2024-11-01,Chennai,168,21.91,0.0,11.65
2024-11-02,Chennai,168,26.52,7.82,12.76
2024-11-03,Chennai,168,24.2,0.19,14.68
2024-11-04,Chennai,168,25.28,15.41,14.93
2024-11-05,Chennai,168,28.14,9.53,18.46
2024-11-06,Chennai,168,27.85,24.91,17.83
2024-11-07,Chennai,168,27.87,7.64,13.49
2024-11-08,Chennai,168,26.57,3.73,16.47
2024-11-09,Chennai,168,26.7,26.19,19.31
2024-11-10,Chennai,168,27.07,12.1,15.15
2024-11-11,Chennai,168,24.69,6.72,15.14
2024-11-12,Chennai,168,26.99,9.48,14.89
2024-11-13,Chennai,168,28.39,3.48,12.31
2024-11-14,Chennai,168,29.07,16.47,12.15
2024-11-15,Chennai,168,23.73,22.96,8.01
2024-11-16,Chennai,168,25.39,18.48,13.13
2024-11-17,Chennai,168,28.52,8.36,12.22
2024-11-18,Chennai,168,24.33,5.29,12.09
2024-11-19,Chennai,168,27.39,5.85,16.38
2024-11-20,Chennai,168,29.45,1.89,17.78
2024-11-21,Chennai,168,28.48,0.0,19.32
2024-11-22,Chennai,168,30.02,6.21,15.3
2024-11-23,Chennai,168,27.2,0.78,13.62
2024-11-24,Chennai,168,28.05,5.28,15.01
2024-11-25,Chennai,168,28.34,1.36,14.59
2024-11-26,Chennai,168,30.19,6.15,18.25
2024-11-27,Chennai,168,28.21,15.21,12.07
2024-11-28,Chennai,168,30.43,14.63,14.95
2024-11-29,Chennai,168,29.07,18.26,18.96
2024-11-30,Chennai,168,24.49,28.44,23.94
2024-12-01,Chennai,168,26.37,24.63,9.95
2024-12-02,Chennai,168,26.87,0.31,7.51
2024-12-03,Chennai,168,25.34,7.16,7.74
2024-12-04,Chennai,168,25.26,0.0,7.02
2024-12-05,Chennai,168,26.44,0.0,6.85
2024-12-06,Chennai,168,25.33,15.81,5.45
2024-12-07,Chennai,168,26.37,14.2,11.21
2024-12-08,Chennai,168,24.76,3.83,8.97
2024-12-09,Chennai,168,25.67,0.0,11.65
2024-12-10,Chennai,168,26.19,0.0,10.81
2024-12-11,Chennai,168,23.51,9.43,8.98
2024-12-12,Chennai,168,24.67,3.28,10.75
2024-12-13,Chennai,168,26.09,5.59,11.57
2024-12-14,Chennai,168,24.39,2.9,9.17
2024-12-15,Chennai,168,26.63,1.73,7.98
2024-12-16,Chennai,168,22.98,9.38,11.41
2024-12-17,Chennai,168,24.0,1.93,15.9
2024-12-18,Chennai,168,23.98,5.11,7.91
2024-12-19,Chennai,168,23.45,6.59,10.99
2024-12-20,Chennai,168,20.21,0.0,6.2
2024-12-21,Chennai,168,24.8,0.18,9.6
2024-12-22,Chennai,168,26.13,6.72,10.39
2024-12-23,Chennai,168,23.19,14.89,18.83
2024-12-24,Chennai,168,24.69,13.05,10.95
2024-12-25,Chennai,168,20.24,4.46,7.77
2024-12-26,Chennai,168,24.25,10.02,9.72
2024-12-27,Chennai,168,22.7,3.1,11.97
2024-12-28,Chennai,168,22.17,12.19,13.81
2024-12-29,Chennai,168,24.38,7.97,8.41
2024-12-30,Chennai,168,25.33,6.73,8.66
2024-12-31,Chennai,168,23.69,0.0,8.6
2025-01-01,Chennai,168,23.73,0.0,10.5
2025-01-02,Chennai,168,27.47,0.0,12.4
2025-01-03,Chennai,168,26.2,0.0,10.83
2025-01-04,Chennai,168,25.49,2.1,12.05
2025-01-05,Chennai,168,25.04,0.0,10.21
2025-01-06,Chennai,168,26.46,0.0,4.99
2025-01-07,Chennai,168,22.26,0.0,7.6
2025-01-08,Chennai,168,25.87,0.0,8.36
2025-01-09,Chennai,168,27.37,0.0,6.68
2025-01-10,Chennai,168,27.11,0.0,12.6
2025-01-11,Chennai,168,30.26,0.0,16.9
2025-01-12,Chennai,168,25.08,0.0,12.74
2025-01-13,Chennai,168,25.62,1.67,11.96
2025-01-14,Chennai,168,25.54,3.07,13.61
2025-01-15,Chennai,168,25.3,0.0,8.4
2025-01-16,Chennai,168,23.21,0.0,10.11
2025-01-17,Chennai,168,21.67,8.07,13.66
2025-01-18,Chennai,168,27.9,0.0,13.93
2025-01-19,Chennai,168,28.41,0.0,11.49
2025-01-20,Chennai,168,26.47,0.0,14.43
2025-01-21,Chennai,168,25.63,0.0,10.32
2025-01-22,Chennai,168,26.9,0.0,13.7
2025-01-23,Chennai,168,26.46,0.0,12.37
2025-01-24,Chennai,168,24.85,0.0,7.03
2025-01-25,Chennai,168,25.62,0.0,10.45
2025-01-26,Chennai,168,24.44,0.0,11.19
2025-01-27,Chennai,168,27.85,0.0,8.68
2025-01-28,Chennai,168,23.98,0.0,14.77
2025-01-29,Chennai,168,24.79,1.31,10.75
2025-01-30,Chennai,168,24.44,0.0,11.43
2025-01-31,Chennai,168,23.34,0.0,10.05
2025-02-01,Chennai,168,24.72,0.0,10.46
2025-02-02,Chennai,168,25.64,0.0,7.45
2025-02-03,Chennai,168,24.39,0.0,9.59
2025-02-04,Chennai,168,24.84,0.0,11.08
2025-02-05,Chennai,168,27.23,0.0,2.38
2025-02-06,Chennai,168,24.92,0.0,6.03
2025-02-07,Chennai,168,27.52,0.0,13.99
2025-02-08,Chennai,168,28.05,0.0,10.12
2025-02-09,Chennai,168,25.73,0.0,2.96
2025-02-10,Chennai,168,24.66,0.0,7.75
2025-02-11,Chennai,168,27.55,0.0,15.22
2025-02-12,Chennai,168,25.78,0.0,8.77
2025-02-13,Chennai,168,26.68,2.37,11.82
2025-02-14,Chennai,168,26.08,0.0,12.33
2025-02-15,Chennai,168,26.91,0.0,13.99
2025-02-16,Chennai,168,23.09,0.0,11.72
2025-02-17,Chennai,168,25.69,0.0,8.71
2025-02-18,Chennai,168,25.53,0.0,7.88
2025-02-19,Chennai,168,27.44,0.0,7.26
2025-02-20,Chennai,168,26.9,0.0,10.49
2025-02-21,Chennai,168,27.2,0.0,8.41
2025-02-22,Chennai,168,26.28,8.71,8.51
2025-02-23,Chennai,168,32.09,0.0,11.98
2025-02-24,Chennai,168,28.06,0.0,10.42
2025-02-25,Chennai,168,27.05,0.0,9.5
2025-02-26,Chennai,168,25.62,0.0,6.43
2025-02-27,Chennai,168,27.12,18.71,13.63
2025-02-28,Chennai,168,27.43,0.0,9.79
2025-03-01,Chennai,168,31.19,0.0,10.79
2025-03-02,Chennai,168,28.52,0.0,13.91
2025-03-03,Chennai,168,27.15,0.0,11.54
2025-03-04,Chennai,168,28.39,0.0,11.87
2025-03-05,Chennai,168,30.78,0.0,5.26
2025-03-06,Chennai,168,30.8,0.0,9.33
2025-03-07,Chennai,168,31.03,0.0,6.35
2025-03-08,Chennai,168,30.12,0.0,4.92
2025-03-09,Chennai,168,24.94,0.0,4.71
2025-03-10,Chennai,168,24.64,0.0,3.58
2025-03-11,Chennai,168,25.18,0.0,8.01
2025-03-12,Chennai,168,28.61,0.0,7.98
2025-03-13,Chennai,168,27.29,0.0,6.92
2025-03-14,Chennai,168,28.62,0.0,11.37
2025-03-15,Chennai,168,27.65,0.0,3.07
2025-03-16,Chennai,168,27.88,0.0,14.6
2025-03-17,Chennai,168,28.45,0.0,8.91
2025-03-18,Chennai,168,31.49,0.0,9.07
2025-03-19,Chennai,168,28.86,0.0,15.44
2025-03-20,Chennai,168,28.52,0.0,10.13
2025-03-21,Chennai,168,27.3,0.0,9.84
2025-03-22,Chennai,168,28.59,0.0,12.34
2025-03-23,Chennai,168,28.18,0.0,8.74
2025-03-24,Chennai,168,25.43,0.0,6.51
2025-03-25,Chennai,168,28.81,0.0,7.39
2025-03-26,Chennai,168,26.82,0.0,8.89
2025-03-27,Chennai,168,26.63,0.0,6.13
2025-03-28,Chennai,168,27.6,0.0,10.83
2025-03-29,Chennai,168,28.58,0.0,7.47
2025-03-30,Chennai,168,27.95,0.0,7.94
2025-03-31,Chennai,168,28.62,0.0,8.78
2025-04-01,Chennai,168,34.34,4.76,9.11
2025-04-02,Chennai,168,34.17,0.0,7.23
2025-04-03,Chennai,168,33.73,0.0,10.53
2025-04-04,Chennai,168,33.42,0.0,5.46
2025-04-05,Chennai,168,33.72,0.0,12.92
2025-04-06,Chennai,168,28.2,0.0,13.59
2025-04-07,Chennai,168,31.12,0.0,14.33
2025-04-08,Chennai,168,31.9,0.0,8.46
2025-04-09,Chennai,168,31.35,0.0,13.72
2025-04-10,Chennai,168,30.29,0.0,8.77
2025-04-11,Chennai,168,33.06,0.0,4.23
2025-04-12,Chennai,168,32.9,0.0,8.32
2025-04-13,Chennai,168,32.49,0.0,6.36
2025-04-14,Chennai,168,33.27,0.0,7.72
2025-04-15,Chennai,168,30.54,0.0,5.25
2025-04-16,Chennai,168,29.15,0.0,12.9
2025-04-17,Chennai,168,31.69,0.0,6.96
2025-04-18,Chennai,168,33.33,0.0,10.5
2025-04-19,Chennai,168,34.93,0.0,8.63
2025-04-20,Chennai,168,28.28,0.0,12.19
2025-04-21,Chennai,168,33.08,0.0,11.49
2025-04-22,Chennai,168,34.82,0.0,6.62
2025-04-23,Chennai,168,31.68,0.0,13.39
2025-04-24,Chennai,168,33.58,0.0,14.2
2025-04-25,Chennai,168,30.56,0.0,8.57
2025-04-26,Chennai,168,30.91,0.0,10.77
2025-04-27,Chennai,168,30.56,0.0,10.3
2025-04-28,Chennai,168,35.48,5.78,13.11
2025-04-29,Chennai,168,34.52,0.0,9.32
2025-04-30,Chennai,168,29.63,0.0,6.56
2025-05-01,Chennai,168,31.06,0.0,13.54
2025-05-02,Chennai,168,33.86,0.0,10.69
2025-05-03,Chennai,168,34.07,0.0,13.3
2025-05-04,Chennai,168,34.74,0.0,8.18
2025-05-05,Chennai,168,34.4,0.0,12.21
2025-05-06,Chennai,168,34.99,0.0,10.8
2025-05-07,Chennai,168,33.58,0.0,15.49
2025-05-08,Chennai,168,33.22,0.0,12.82
2025-05-09,Chennai,168,34.97,0.0,15.68
2025-05-10,Chennai,168,35.41,0.0,19.97
2025-05-11,Chennai,168,35.58,0.0,13.74
2025-05-12,Chennai,168,37.11,0.0,11.57
2025-05-13,Chennai,168,32.91,0.0,17.08
2025-05-14,Chennai,168,35.36,0.0,14.2
2025-05-15,Chennai,168,37.8,0.0,9.66
2025-05-16,Chennai,168,37.96,0.0,8.22
2025-05-17,Chennai,168,39.66,0.0,14.08
2025-05-18,Chennai,168,38.57,0.0,9.72
2025-05-19,Chennai,168,34.55,0.0,6.89
2025-05-20,Chennai,168,36.64,0.0,16.92
2025-05-21,Chennai,168,38.47,0.0,20.33
2025-05-22,Chennai,168,41.31,0.0,18.49
2025-05-23,Chennai,168,42.65,0.0,17.7
2025-05-24,Chennai,168,38.88,0.0,10.57
2025-05-25,Chennai,168,37.71,0.0,13.88
2025-05-26,Chennai,168,38.49,0.0,7.26
2025-05-27,Chennai,168,37.9,0.0,11.96
2025-05-28,Chennai,168,40.23,0.0,15.87
2025-05-29,Chennai,168,38.0,0.0,12.43
2025-05-30,Chennai,168,36.05,0.0,14.59
2025-05-31,Chennai,168,39.58,0.0,12.07
2025-06-01,Chennai,168,38.52,2.35,11.95
2025-06-02,Chennai,168,36.08,23.85,20.6
2025-06-03,Chennai,168,34.5,0.0,18.13
2025-06-04,Chennai,168,33.4,0.0,17.45
2025-06-05,Chennai,168,33.97,0.0,19.98
2025-06-06,Chennai,168,33.6,0.0,13.44
2025-06-07,Chennai,168,33.08,0.0,18.01
2025-06-08,Chennai,168,33.81,0.0,12.62
2025-06-09,Chennai,168,36.0,0.0,15.43
2025-06-10,Chennai,168,30.46,0.0,14.8
2025-06-11,Chennai,168,32.49,0.0,14.5
2025-06-12,Chennai,168,31.01,11.23,14.0
2025-06-13,Chennai,168,30.48,1.76,18.25
2025-06-14,Chennai,168,32.0,0.0,18.69
2025-06-15,Chennai,168,31.92,0.0,13.72
2025-06-16,Chennai,168,36.0,0.0,15.58
2025-06-17,Chennai,168,39.51,0.0,16.39
2025-06-18,Chennai,168,35.36,0.0,13.89
2025-06-19,Chennai,168,34.36,1.14,17.11
2025-06-20,Chennai,168,34.88,14.62,16.94
2025-06-21,Chennai,168,32.41,0.0,14.62
2025-06-22,Chennai,168,36.81,13.15,21.83
2025-06-23,Chennai,168,33.7,0.0,15.72
2025-06-24,Chennai,168,35.04,0.0,12.97
2025-06-25,Chennai,168,36.06,0.0,13.04
2025-06-26,Chennai,168,34.37,0.0,17.49
2025-06-27,Chennai,168,34.24,0.0,16.39
2025-06-28,Chennai,168,32.05,0.0,18.43
2025-06-29,Chennai,168,34.26,0.0,16.23
2025-06-30,Chennai,168,33.61,0.0,14.21
2025-07-01,Chennai,168,31.26,0.0,20.93
2025-07-02,Chennai,168,28.31,0.0,16.86
2025-07-03,Chennai,168,34.08,4.49,24.87
2025-07-04,Chennai,168,30.7,2.28,15.42
2025-07-05,Chennai,168,34.71,0.76,16.25
2025-07-06,Chennai,168,32.28,5.66,22.79
2025-07-07,Chennai,168,32.31,10.15,23.47
2025-07-08,Chennai,168,34.25,0.0,16.75
2025-07-09,Chennai,168,32.76,0.0,15.15
2025-07-10,Chennai,168,35.07,0.0,16.71
2025-07-11,Chennai,168,33.22,0.0,16.97
2025-07-12,Chennai,168,33.78,0.0,14.01
2025-07-13,Chennai,168,33.52,7.99,10.13
2025-07-14,Chennai,168,31.89,0.43,13.09
2025-07-15,Chennai,168,30.29,0.0,13.63
2025-07-16,Chennai,168,29.66,14.5,14.8
2025-07-17,Chennai,168,32.04,11.74,15.57
2025-07-18,Chennai,168,29.18,9.43,21.25
2025-07-19,Chennai,168,31.08,0.0,14.5
2025-07-20,Chennai,168,29.86,1.87,18.32
2025-07-21,Chennai,168,29.39,6.3,13.46
2025-07-22,Chennai,168,31.04,3.29,18.56
2025-07-23,Chennai,168,29.89,0.51,11.76
2025-07-24,Chennai,168,33.11,27.08,14.21
2025-07-25,Chennai,168,31.32,3.35,11.67
2025-07-26,Chennai,168,35.52,8.84,14.45
2025-07-27,Chennai,168,28.9,3.46,18.2
2025-07-28,Chennai,168,28.33,8.74,15.84
2025-07-29,Chennai,168,30.99,0.0,13.01
2025-07-30,Chennai,168,29.34,0.0,15.99
2025-07-31,Chennai,168,28.65,0.0,13.82
2025-08-01,Chennai,168,31.78,18.55,9.93
2025-08-02,Chennai,168,28.99,38.91,19.26
2025-08-03,Chennai,168,28.87,12.52,13.63
2025-08-04,Chennai,168,27.84,0.0,9.36
2025-08-05,Chennai,168,26.59,6.03,15.69
2025-08-06,Chennai,168,33.48,0.0,14.68
2025-08-07,Chennai,168,30.33,13.1,15.33
2025-08-08,Chennai,168,30.29,74.51,23.11
2025-08-09,Chennai,168,28.31,0.0,12.11
2025-08-10,Chennai,168,29.72,4.39,9.81
2025-08-11,Chennai,168,28.24,17.66,16.76
2025-08-12,Chennai,168,30.06,0.0,16.68
2025-08-13,Chennai,168,28.15,0.0,9.45
2025-08-14,Chennai,168,30.85,0.0,15.92
2025-08-15,Chennai,168,32.69,0.0,14.88
2025-08-16,Chennai,168,26.8,0.0,10.8
2025-08-17,Chennai,168,29.49,0.0,14.13
2025-08-18,Chennai,168,32.33,19.17,23.05
2025-08-19,Chennai,168,30.71,16.88,12.48
2025-08-20,Chennai,168,28.94,0.0,10.1
2025-08-21,Chennai,168,28.23,11.42,17.93
2025-08-22,Chennai,168,29.34,0.0,8.68
2025-08-23,Chennai,168,31.12,0.0,12.09
2025-08-24,Chennai,168,30.18,0.0,14.08
2025-08-25,Chennai,168,32.44,0.0,15.81
2025-08-26,Chennai,168,27.48,0.0,16.5
2025-08-27,Chennai,168,27.59,0.0,15.72
2025-08-28,Chennai,168,32.24,0.0,13.63
2025-08-29,Chennai,168,30.21,0.0,14.73
2025-08-30,Chennai,168,28.29,18.29,19.5
2025-08-31,Chennai,168,33.54,0.0,12.88
2025-09-01,Chennai,168,31.81,0.0,16.29
2025-09-02,Chennai,168,28.49,5.11,11.45
2025-09-03,Chennai,168,27.78,0.0,13.31
2025-09-04,Chennai,168,25.55,0.0,13.09
2025-09-05,Chennai,168,25.47,0.0,11.4
2025-09-06,Chennai,168,26.3,0.42,9.26
2025-09-07,Chennai,168,27.24,8.84,9.58
2025-09-08,Chennai,168,26.03,7.57,19.26
2025-09-09,Chennai,168,28.7,7.7,10.21
2025-09-10,Chennai,168,30.23,4.35,19.49
2025-09-11,Chennai,168,28.7,0.0,11.73
2025-09-12,Chennai,168,30.42,0.0,18.69
2025-09-13,Chennai,168,30.54,15.6,12.55
2025-09-14,Chennai,168,29.37,0.0,12.34
2025-09-15,Chennai,168,30.17,0.0,8.67
2025-09-16,Chennai,168,26.68,5.11,17.31
2025-09-17,Chennai,168,27.32,15.68,14.54
2025-09-18,Chennai,168,29.61,1.59,9.13
2025-09-19,Chennai,168,29.71,0.97,10.69
2025-09-20,Chennai,168,28.9,18.78,11.19
2025-09-21,Chennai,168,29.68,3.06,12.63
2025-09-22,Chennai,168,31.34,12.09,16.54
2025-09-23,Chennai,168,33.37,0.0,11.56
2025-09-24,Chennai,168,27.91,0.0,9.16
2025-09-25,Chennai,168,29.08,0.0,10.57
2025-09-26,Chennai,168,27.68,0.0,10.32
2025-09-27,Chennai,168,29.6,0.0,12.17
2025-09-28,Chennai,168,26.07,10.29,9.59
2025-09-29,Chennai,168,29.84,0.0,13.83
2025-09-30,Chennai,168,28.47,0.0,11.99
2023-01-01,Bengaluru,24,20.35,0.0,4.78
2023-01-02,Bengaluru,24,21.99,0.0,4.51
2023-01-03,Bengaluru,24,19.48,0.0,5.03
2023-01-04,Bengaluru,24,18.51,0.0,6.19
2023-01-05,Bengaluru,24,19.23,0.0,4.67
2023-01-06,Bengaluru,24,18.58,0.0,6.55
2023-01-07,Bengaluru,24,19.95,0.0,5.13
2023-01-08,Bengaluru,24,20.01,0.0,6.66
2023-01-09,Bengaluru,24,18.31,0.0,10.26
2023-01-10,Bengaluru,24,18.92,0.0,6.66
2023-01-11,Bengaluru,24,18.29,0.0,8.99
2023-01-12,Bengaluru,24,22.39,0.0,13.09
2023-01-13,Bengaluru,24,18.95,2.45,10.1
2023-01-14,Bengaluru,24,20.01,0.0,10.17
2023-01-15,Bengaluru,24,20.59,0.0,10.7
2023-01-16,Bengaluru,24,17.64,0.0,9.67
2023-01-17,Bengaluru,24,21.67,0.0,6.08
2023-01-18,Bengaluru,24,22.63,0.23,5.58
2023-01-19,Bengaluru,24,22.01,0.0,4.27
2023-01-20,Bengaluru,24,21.73,0.0,6.02
2023-01-21,Bengaluru,24,20.56,0.0,6.06
2023-01-22,Bengaluru,24,21.48,0.0,7.46
2023-01-23,Bengaluru,24,22.35,0.0,3.3
2023-01-24,Bengaluru,24,18.91,0.0,5.0
2023-01-25,Bengaluru,24,20.39,0.0,7.89
2023-01-26,Bengaluru,24,19.85,0.0,8.32
2023-01-27,Bengaluru,24,20.35,0.0,4.34
2023-01-28,Bengaluru,24,20.93,0.0,8.93
2023-01-29,Bengaluru,24,22.02,0.0,6.06
2023-01-30,Bengaluru,24,20.18,0.0,9.16
2023-01-31,Bengaluru,24,19.55,0.0,5.78
2023-02-01,Bengaluru,24,24.48,0.0,6.68
2023-02-02,Bengaluru,24,24.01,0.0,8.96
2023-02-03,Bengaluru,24,23.6,0.0,4.33
2023-02-04,Bengaluru,24,23.84,0.0,4.28
2023-02-05,Bengaluru,24,25.97,0.0,4.55
2023-02-06,Bengaluru,24,23.58,0.0,4.41
2023-02-07,Bengaluru,24,19.28,0.0,6.78
2023-02-08,Bengaluru,24,21.99,0.0,6.82
2023-02-09,Bengaluru,24,24.46,0.0,7.99
2023-02-10,Bengaluru,24,22.22,0.0,8.48
2023-02-11,Bengaluru,24,23.93,0.0,9.96
2023-02-12,Bengaluru,24,21.67,0.0,8.92
2023-02-13,Bengaluru,24,21.79,0.0,11.28
2023-02-14,Bengaluru,24,23.56,0.0,11.17
2023-02-15,Bengaluru,24,22.28,0.0,10.87
2023-02-16,Bengaluru,24,25.24,0.0,9.66
2023-02-17,Bengaluru,24,24.55,0.0,8.88
2023-02-18,Bengaluru,24,24.21,0.0,8.04
2023-02-19,Bengaluru,24,24.18,0.0,8.88
2023-02-20,Bengaluru,24,24.03,0.0,8.54
2023-02-21,Bengaluru,24,23.08,0.0,5.54
2023-02-22,Bengaluru,24,22.17,0.0,5.78
2023-02-23,Bengaluru,24,22.52,0.0,4.34
2023-02-24,Bengaluru,24,22.99,0.0,4.74
2023-02-25,Bengaluru,24,23.24,0.0,4.43
2023-02-26,Bengaluru,24,22.94,0.0,6.06
2023-02-27,Bengaluru,24,22.81,0.0,5.98
2023-02-28,Bengaluru,24,20.77,0.0,5.49
2023-03-01,Bengaluru,24,24.31,0.0,8.58
2023-03-02,Bengaluru,24,24.76,0.0,5.95
2023-03-03,Bengaluru,24,25.91,0.0,8.23
2023-03-04,Bengaluru,24,28.76,0.0,10.1
2023-03-05,Bengaluru,24,26.35,0.0,8.91
2023-03-06,Bengaluru,24,25.39,0.0,8.21
2023-03-07,Bengaluru,24,26.38,0.0,8.96
2023-03-08,Bengaluru,24,25.67,0.0,8.99
2023-03-09,Bengaluru,24,28.42,0.0,6.79
2023-03-10,Bengaluru,24,28.59,0.0,9.92
2023-03-11,Bengaluru,24,27.53,0.0,7.52
2023-03-12,Bengaluru,24,25.85,0.0,7.73
2023-03-13,Bengaluru,24,28.2,0.0,7.41
2023-03-14,Bengaluru,24,26.7,0.0,10.64
2023-03-15,Bengaluru,24,28.5,0.0,8.34
2023-03-16,Bengaluru,24,27.34,0.0,10.85
2023-03-17,Bengaluru,24,27.58,0.0,10.63
2023-03-18,Bengaluru,24,25.85,0.0,10.1
2023-03-19,Bengaluru,24,26.57,0.0,11.88
2023-03-20,Bengaluru,24,27.47,0.0,12.36
2023-03-21,Bengaluru,24,27.75,0.0,8.12
2023-03-22,Bengaluru,24,29.06,0.0,9.76
2023-03-23,Bengaluru,24,27.91,0.0,11.46
2023-03-24,Bengaluru,24,26.36,0.0,10.57
2023-03-25,Bengaluru,24,25.02,0.0,12.41
2023-03-26,Bengaluru,24,23.98,0.0,5.94
2023-03-27,Bengaluru,24,24.08,0.0,7.41
2023-03-28,Bengaluru,24,22.89,0.0,8.84
2023-03-29,Bengaluru,24,25.08,0.0,9.35
2023-03-30,Bengaluru,24,23.8,0.0,10.82
2023-03-31,Bengaluru,24,25.91,0.0,7.1
2023-04-01,Bengaluru,24,26.28,0.0,11.44
2023-04-02,Bengaluru,24,29.14,0.0,12.47
2023-04-03,Bengaluru,24,28.67,0.0,9.33
2023-04-04,Bengaluru,24,28.29,0.0,10.93
2023-04-05,Bengaluru,24,26.98,0.0,14.11
2023-04-06,Bengaluru,24,28.21,0.0,11.45
2023-04-07,Bengaluru,24,27.97,0.0,9.78
2023-04-08,Bengaluru,24,27.79,0.0,9.42
2023-04-09,Bengaluru,24,26.69,0.0,15.02
2023-04-10,Bengaluru,24,25.53,0.0,12.84
2023-04-11,Bengaluru,24,28.14,0.0,12.32
2023-04-12,Bengaluru,24,27.72,0.0,9.16
2023-04-13,Bengaluru,24,27.18,0.0,8.89
2023-04-14,Bengaluru,24,27.1,0.0,8.34
2023-04-15,Bengaluru,24,26.26,3.22,10.67
2023-04-16,Bengaluru,24,26.04,10.32,14.58
2023-04-17,Bengaluru,24,26.27,5.5,15.01
2023-04-18,Bengaluru,24,25.58,0.0,10.51
2023-04-19,Bengaluru,24,26.37,0.0,7.75
2023-04-20,Bengaluru,24,25.61,0.0,12.28
2023-04-21,Bengaluru,24,26.93,0.0,9.89
2023-04-22,Bengaluru,24,25.57,0.0,12.27
2023-04-23,Bengaluru,24,28.7,0.0,6.98
2023-04-24,Bengaluru,24,25.98,0.0,7.54
2023-04-25,Bengaluru,24,24.16,0.0,9.2
2023-04-26,Bengaluru,24,25.76,0.0,9.32
2023-04-27,Bengaluru,24,28.3,0.0,12.34
2023-04-28,Bengaluru,24,27.39,0.0,6.69
2023-04-29,Bengaluru,24,28.11,0.0,11.25
2023-04-30,Bengaluru,24,28.54,0.0,8.27
2023-05-01,Bengaluru,24,25.74,2.18,10.58
2023-05-02,Bengaluru,24,26.39,22.07,15.97
2023-05-03,Bengaluru,24,28.15,14.81,12.29
2023-05-04,Bengaluru,24,29.17,15.49,14.15
2023-05-05,Bengaluru,24,28.12,0.0,9.85
2023-05-06,Bengaluru,24,26.79,0.0,14.15
2023-05-07,Bengaluru,24,29.51,18.88,18.31
2023-05-08,Bengaluru,24,30.84,3.16,14.0
2023-05-09,Bengaluru,24,30.2,6.67,12.44
2023-05-10,Bengaluru,24,28.78,0.0,12.46
2023-05-11,Bengaluru,24,28.98,0.0,9.97
2023-05-12,Bengaluru,24,27.23,0.0,13.04
2023-05-13,Bengaluru,24,26.41,0.0,13.49
2023-05-14,Bengaluru,24,26.8,0.0,11.04
2023-05-15,Bengaluru,24,30.89,0.0,11.4
2023-05-16,Bengaluru,24,28.21,21.32,15.19
2023-05-17,Bengaluru,24,34.2,1.68,11.0
2023-05-18,Bengaluru,24,33.33,6.87,13.51
2023-05-19,Bengaluru,24,31.48,12.57,10.84
2023-05-20,Bengaluru,24,30.86,4.8,13.05
2023-05-21,Bengaluru,24,27.76,1.83,12.72
2023-05-22,Bengaluru,24,28.58,9.58,10.68
2023-05-23,Bengaluru,24,24.88,0.0,8.13
2023-05-24,Bengaluru,24,28.87,7.66,9.51
2023-05-25,Bengaluru,24,26.67,0.0,12.78
2023-05-26,Bengaluru,24,29.61,21.29,15.95
2023-05-27,Bengaluru,24,28.56,2.94,11.32
2023-05-28,Bengaluru,24,28.47,3.08,10.5
2023-05-29,Bengaluru,24,28.35,0.0,8.75
2023-05-30,Bengaluru,24,30.57,0.0,6.11
2023-05-31,Bengaluru,24,30.45,0.0,6.91
2023-06-01,Bengaluru,24,28.05,16.06,15.56
2023-06-02,Bengaluru,24,26.04,0.0,15.14
2023-06-03,Bengaluru,24,24.02,0.0,13.27
2023-06-04,Bengaluru,24,23.76,52.25,24.54
2023-06-05,Bengaluru,24,25.39,21.93,17.14
2023-06-06,Bengaluru,24,23.85,0.0,12.89
2023-06-07,Bengaluru,24,25.94,0.0,12.08
2023-06-08,Bengaluru,24,23.25,0.0,12.17
2023-06-09,Bengaluru,24,23.53,0.0,12.19
2023-06-10,Bengaluru,24,24.85,0.0,11.97
2023-06-11,Bengaluru,24,24.88,0.0,11.01
2023-06-12,Bengaluru,24,26.16,4.85,10.74
2023-06-13,Bengaluru,24,26.03,0.0,10.24
2023-06-14,Bengaluru,24,26.77,0.0,11.41
2023-06-15,Bengaluru,24,27.79,0.0,18.62
2023-06-16,Bengaluru,24,28.56,0.0,10.85
2023-06-17,Bengaluru,24,27.68,0.0,12.36
2023-06-18,Bengaluru,24,25.23,0.0,11.62
2023-06-19,Bengaluru,24,26.15,0.0,11.64
2023-06-20,Bengaluru,24,24.96,0.0,9.75
2023-06-21,Bengaluru,24,25.01,0.0,10.17
2023-06-22,Bengaluru,24,24.8,0.0,12.2
2023-06-23,Bengaluru,24,25.02,0.0,10.67
2023-06-24,Bengaluru,24,27.02,0.0,11.46
2023-06-25,Bengaluru,24,26.3,0.0,12.32
2023-06-26,Bengaluru,24,25.57,0.0,11.07
2023-06-27,Bengaluru,24,26.07,0.0,13.0
2023-06-28,Bengaluru,24,26.19,0.0,14.6
2023-06-29,Bengaluru,24,26.19,0.0,9.56
2023-06-30,Bengaluru,24,26.64,0.0,8.64
2023-07-01,Bengaluru,24,26.11,4.72,9.47
2023-07-02,Bengaluru,24,25.44,2.86,14.49
2023-07-03,Bengaluru,24,26.21,0.0,13.14
2023-07-04,Bengaluru,24,25.44,0.0,12.62
2023-07-05,Bengaluru,24,24.65,0.0,12.97
2023-07-06,Bengaluru,24,22.67,0.0,8.62
2023-07-07,Bengaluru,24,23.08,0.0,14.68
2023-07-08,Bengaluru,24,23.15,0.0,14.97
2023-07-09,Bengaluru,24,24.19,0.0,14.84
2023-07-10,Bengaluru,24,24.03,0.0,13.27
2023-07-11,Bengaluru,24,26.22,0.0,17.76
2023-07-12,Bengaluru,24,24.27,0.0,12.64
2023-07-13,Bengaluru,24,23.23,2.77,11.82
2023-07-14,Bengaluru,24,23.91,51.81,23.37
2023-07-15,Bengaluru,24,23.12,0.55,11.22
2023-07-16,Bengaluru,24,25.19,2.32,12.95
2023-07-17,Bengaluru,24,26.82,1.47,10.68
2023-07-18,Bengaluru,24,23.64,0.0,13.58
2023-07-19,Bengaluru,24,23.88,0.0,16.22
2023-07-20,Bengaluru,24,24.14,0.0,14.22
2023-07-21,Bengaluru,24,24.39,0.0,12.9
2023-07-22,Bengaluru,24,22.22,0.0,14.74
2023-07-23,Bengaluru,24,23.89,0.0,15.82
2023-07-24,Bengaluru,24,24.44,4.11,12.9
2023-07-25,Bengaluru,24,23.55,0.0,12.54
2023-07-26,Bengaluru,24,22.54,0.0,12.22
2023-07-27,Bengaluru,24,24.56,0.0,11.68
2023-07-28,Bengaluru,24,24.27,0.0,14.17
2023-07-29,Bengaluru,24,23.13,0.19,11.36
2023-07-30,Bengaluru,24,24.94,0.0,9.87
2023-07-31,Bengaluru,24,27.45,0.0,9.24
2023-08-01,Bengaluru,24,24.45,2.64,10.19
2023-08-02,Bengaluru,24,25.67,9.79,13.06
2023-08-03,Bengaluru,24,25.1,0.0,8.38
2023-08-04,Bengaluru,24,26.79,3.05,11.69
2023-08-05,Bengaluru,24,24.73,0.0,8.91
2023-08-06,Bengaluru,24,23.86,0.0,10.51
2023-08-07,Bengaluru,24,21.61,2.58,11.31
2023-08-08,Bengaluru,24,23.17,2.13,14.06
2023-08-09,Bengaluru,24,22.29,3.65,7.91
2023-08-10,Bengaluru,24,23.51,5.17,9.32
2023-08-11,Bengaluru,24,22.91,50.85,19.25
2023-08-12,Bengaluru,24,23.19,3.55,13.24
2023-08-13,Bengaluru,24,21.5,0.0,7.46
2023-08-14,Bengaluru,24,23.72,0.0,7.64
2023-08-15,Bengaluru,24,25.5,11.92,11.73
2023-08-16,Bengaluru,24,26.91,0.0,10.42
2023-08-17,Bengaluru,24,27.72,0.0,13.58
2023-08-18,Bengaluru,24,25.13,0.0,12.19
2023-08-19,Bengaluru,24,23.66,0.0,11.9
2023-08-20,Bengaluru,24,23.07,0.0,13.86
2023-08-21,Bengaluru,24,22.73,0.0,9.73
2023-08-22,Bengaluru,24,24.36,0.0,11.1
2023-08-23,Bengaluru,24,24.43,0.0,8.92
2023-08-24,Bengaluru,24,21.11,0.0,14.2
2023-08-25,Bengaluru,24,25.43,0.0,13.27
2023-08-26,Bengaluru,24,25.79,0.0,8.22
2023-08-27,Bengaluru,24,23.21,0.0,9.36
2023-08-28,Bengaluru,24,23.72,0.0,8.29
2023-08-29,Bengaluru,24,24.36,4.32,12.93
2023-08-30,Bengaluru,24,24.58,0.0,13.51
2023-08-31,Bengaluru,24,22.93,4.16,11.85
2023-09-01,Bengaluru,24,21.23,10.49,11.51
2023-09-02,Bengaluru,24,20.96,7.22,11.57
2023-09-03,Bengaluru,24,22.84,23.35,11.79
2023-09-04,Bengaluru,24,23.59,2.98,7.6
2023-09-05,Bengaluru,24,22.77,5.84,5.68
2023-09-06,Bengaluru,24,22.21,2.76,8.98
2023-09-07,Bengaluru,24,19.84,21.58,12.43
2023-09-08,Bengaluru,24,20.12,6.3,9.69
2023-09-09,Bengaluru,24,20.37,7.91,10.01
2023-09-10,Bengaluru,24,20.68,3.63,10.03
2023-09-11,Bengaluru,24,20.58,6.59,7.31
2023-09-12,Bengaluru,24,19.5,5.35,8.89
2023-09-13,Bengaluru,24,20.62,0.0,5.15
2023-09-14,Bengaluru,24,20.22,0.0,9.64
2023-09-15,Bengaluru,24,21.98,0.0,10.74
2023-09-16,Bengaluru,24,21.84,10.97,11.15
2023-09-17,Bengaluru,24,23.49,4.55,12.98
2023-09-18,Bengaluru,24,20.81,14.54,13.91
2023-09-19,Bengaluru,24,19.62,7.26,10.62
2023-09-20,Bengaluru,24,20.88,11.42,12.17
2023-09-21,Bengaluru,24,21.09,19.4,12.69
2023-09-22,Bengaluru,24,21.97,2.26,7.95
2023-09-23,Bengaluru,24,20.81,30.62,13.38
2023-09-24,Bengaluru,24,23.13,0.67,7.49
2023-09-25,Bengaluru,24,23.85,2.96,11.64
2023-09-26,Bengaluru,24,25.5,26.62,13.39
2023-09-27,Bengaluru,24,24.97,6.59,6.64
2023-09-28,Bengaluru,24,24.24,13.13,13.04
2023-09-29,Bengaluru,24,25.07,10.33,9.31
2023-09-30,Bengaluru,24,25.05,17.01,12.95
2023-10-01,Bengaluru,24,26.18,0.0,7.91
2023-10-02,Bengaluru,24,27.51,0.0,8.39
2023-10-03,Bengaluru,24,22.39,7.28,12.77
2023-10-04,Bengaluru,24,23.48,12.01,10.79
2023-10-05,Bengaluru,24,23.58,1.03,8.42
2023-10-06,Bengaluru,24,23.9,0.0,8.13
2023-10-07,Bengaluru,24,23.31,0.0,8.44
2023-10-08,Bengaluru,24,21.73,0.0,11.17
2023-10-09,Bengaluru,24,21.27,0.0,10.74
2023-10-10,Bengaluru,24,20.53,32.92,16.53
2023-10-11,Bengaluru,24,23.27,2.87,8.4
2023-10-12,Bengaluru,24,21.81,0.0,7.99
2023-10-13,Bengaluru,24,22.87,15.86,8.53
2023-10-14,Bengaluru,24,23.74,8.53,4.07
2023-10-15,Bengaluru,24,25.49,11.84,7.97
2023-10-16,Bengaluru,24,22.74,0.0,8.43
2023-10-17,Bengaluru,24,22.39,0.0,8.92
2023-10-18,Bengaluru,24,21.12,0.0,7.98
2023-10-19,Bengaluru,24,24.42,1.31,8.19
2023-10-20,Bengaluru,24,22.77,6.39,11.26
2023-10-21,Bengaluru,24,24.68,25.17,9.68
2023-10-22,Bengaluru,24,23.86,12.96,5.41
2023-10-23,Bengaluru,24,24.02,18.17,10.17
2023-10-24,Bengaluru,24,22.55,0.0,7.05
2023-10-25,Bengaluru,24,22.68,0.0,2.2
2023-10-26,Bengaluru,24,24.34,20.15,7.46
2023-10-27,Bengaluru,24,24.49,15.38,9.04
2023-10-28,Bengaluru,24,23.13,0.0,3.81
2023-10-29,Bengaluru,24,25.44,0.0,4.17
2023-10-30,Bengaluru,24,21.26,0.0,7.47
2023-10-31,Bengaluru,24,23.46,0.0,9.18
2023-11-01,Bengaluru,24,21.93,0.0,6.38
2023-11-02,Bengaluru,24,21.31,0.0,7.36
2023-11-03,Bengaluru,24,19.97,0.0,7.06
2023-11-04,Bengaluru,24,21.24,7.15,10.7
2023-11-05,Bengaluru,24,23.04,0.0,8.76
2023-11-06,Bengaluru,24,22.05,0.0,7.3
2023-11-07,Bengaluru,24,19.56,0.0,5.78
2023-11-08,Bengaluru,24,20.15,9.32,5.51
2023-11-09,Bengaluru,24,21.22,7.53,5.52
2023-11-10,Bengaluru,24,18.41,19.87,10.2
2023-11-11,Bengaluru,24,19.7,0.0,3.83
2023-11-12,Bengaluru,24,21.01,0.0,5.67
2023-11-13,Bengaluru,24,16.82,0.0,2.48
2023-11-14,Bengaluru,24,19.95,0.0,7.56
2023-11-15,Bengaluru,24,18.39,0.0,5.49
2023-11-16,Bengaluru,24,17.62,0.0,6.4
2023-11-17,Bengaluru,24,18.09,0.0,5.65
2023-11-18,Bengaluru,24,20.47,0.0,6.26
2023-11-19,Bengaluru,24,22.27,0.0,5.27
2023-11-20,Bengaluru,24,23.56,0.0,4.71
2023-11-21,Bengaluru,24,21.67,0.0,8.51
2023-11-22,Bengaluru,24,23.97,0.0,6.0
2023-11-23,Bengaluru,24,22.75,0.0,7.47
2023-11-24,Bengaluru,24,22.51,0.0,9.01
2023-11-25,Bengaluru,24,22.44,0.0,8.72
2023-11-26,Bengaluru,24,21.53,0.0,6.29
2023-11-27,Bengaluru,24,21.34,0.0,7.07
2023-11-28,Bengaluru,24,21.56,0.0,6.21
2023-11-29,Bengaluru,24,22.43,0.0,1.76
2023-11-30,Bengaluru,24,22.69,0.0,5.35
2023-12-01,Bengaluru,24,20.98,0.0,4.03
2023-12-02,Bengaluru,24,21.97,0.0,8.3
2023-12-03,Bengaluru,24,21.73,0.0,9.01
2023-12-04,Bengaluru,24,21.82,0.0,7.22
2023-12-05,Bengaluru,24,21.69,0.0,4.14
2023-12-06,Bengaluru,24,21.7,0.0,5.08
2023-12-07,Bengaluru,24,18.23,0.0,3.69
2023-12-08,Bengaluru,24,17.14,0.0,6.12
2023-12-09,Bengaluru,24,19.52,0.0,7.58
2023-12-10,Bengaluru,24,18.86,0.0,3.55
2023-12-11,Bengaluru,24,21.64,0.0,3.74
2023-12-12,Bengaluru,24,20.74,0.0,5.73
2023-12-13,Bengaluru,24,21.55,0.0,8.28
2023-12-14,Bengaluru,24,20.53,0.0,7.02
2023-12-15,Bengaluru,24,20.57,0.0,7.71
2023-12-16,Bengaluru,24,22.24,0.0,6.95
2023-12-17,Bengaluru,24,20.16,0.0,8.85
2023-12-18,Bengaluru,24,22.06,0.0,11.37
2023-12-19,Bengaluru,24,19.85,0.0,10.73
2023-12-20,Bengaluru,24,19.06,0.0,10.53
2023-12-21,Bengaluru,24,18.66,0.0,7.53
2023-12-22,Bengaluru,24,21.86,0.0,7.65
2023-12-23,Bengaluru,24,19.48,0.0,5.31
2023-12-24,Bengaluru,24,21.1,0.0,4.35
2023-12-25,Bengaluru,24,23.32,0.0,6.88
2023-12-26,Bengaluru,24,22.13,0.0,8.84
2023-12-27,Bengaluru,24,19.43,0.0,5.27
2023-12-28,Bengaluru,24,17.94,0.0,5.66
2023-12-29,Bengaluru,24,18.25,0.0,2.8
2023-12-30,Bengaluru,24,17.97,0.0,6.59
2023-12-31,Bengaluru,24,17.41,0.0,5.29
2024-01-01,Bengaluru,24,19.57,0.0,3.27
2024-01-02,Bengaluru,24,20.33,0.0,0.0
2024-01-03,Bengaluru,24,21.29,0.12,3.49
2024-01-04,Bengaluru,24,19.97,0.0,6.06
2024-01-05,Bengaluru,24,22.61,0.15,6.71
2024-01-06,Bengaluru,24,22.54,0.58,9.27
2024-01-07,Bengaluru,24,22.24,0.0,7.65
2024-01-08,Bengaluru,24,19.29,0.0,5.35
2024-01-09,Bengaluru,24,17.38,0.0,8.02
2024-01-10,Bengaluru,24,19.26,0.0,5.92
2024-01-11,Bengaluru,24,18.88,0.0,5.58
2024-01-12,Bengaluru,24,18.87,0.0,5.36
2024-01-13,Bengaluru,24,19.73,0.0,7.56
2024-01-14,Bengaluru,24,21.6,0.0,6.27
2024-01-15,Bengaluru,24,22.95,0.0,8.19
2024-01-16,Bengaluru,24,22.0,0.0,7.39
2024-01-17,Bengaluru,24,21.85,0.0,11.49
2024-01-18,Bengaluru,24,23.7,0.0,9.29
2024-01-19,Bengaluru,24,22.78,0.0,7.71
2024-01-20,Bengaluru,24,21.04,0.0,7.06
2024-01-21,Bengaluru,24,21.16,0.0,9.88
2024-01-22,Bengaluru,24,20.69,0.0,7.93
2024-01-23,Bengaluru,24,21.2,0.0,4.45
2024-01-24,Bengaluru,24,22.33,0.0,5.26
2024-01-25,Bengaluru,24,24.33,0.0,5.2
2024-01-26,Bengaluru,24,21.07,0.0,6.75
2024-01-27,Bengaluru,24,21.69,0.0,6.69
2024-01-28,Bengaluru,24,21.27,0.0,6.48
2024-01-29,Bengaluru,24,22.4,0.0,7.59
2024-01-30,Bengaluru,24,23.82,0.0,7.6
2024-01-31,Bengaluru,24,22.49,0.0,5.94
2024-02-01,Bengaluru,24,24.89,0.0,5.81
2024-02-02,Bengaluru,24,25.13,0.0,3.41
2024-02-03,Bengaluru,24,25.49,0.0,7.17
2024-02-04,Bengaluru,24,27.87,0.0,7.44
2024-02-05,Bengaluru,24,27.05,0.0,5.13
2024-02-06,Bengaluru,24,26.19,0.0,7.06
2024-02-07,Bengaluru,24,23.01,0.0,7.48
2024-02-08,Bengaluru,24,22.95,0.0,6.56
2024-02-09,Bengaluru,24,21.26,0.0,4.77
2024-02-10,Bengaluru,24,24.33,0.0,9.13
2024-02-11,Bengaluru,24,23.18,0.0,8.37
2024-02-12,Bengaluru,24,20.6,0.0,4.52
2024-02-13,Bengaluru,24,20.82,0.0,7.68
2024-02-14,Bengaluru,24,19.47,0.0,11.22
2024-02-15,Bengaluru,24,18.67,0.0,7.44
2024-02-16,Bengaluru,24,16.69,0.0,9.6
2024-02-17,Bengaluru,24,19.3,0.0,3.56
2024-02-18,Bengaluru,24,20.43,0.0,7.05
2024-02-19,Bengaluru,24,21.45,0.0,6.92
2024-02-20,Bengaluru,24,20.2,0.0,6.04
2024-02-21,Bengaluru,24,20.86,0.0,5.26
2024-02-22,Bengaluru,24,22.06,0.0,4.19
2024-02-23,Bengaluru,24,20.54,0.0,8.41
2024-02-24,Bengaluru,24,23.94,0.0,6.02
2024-02-25,Bengaluru,24,21.46,0.0,4.92
2024-02-26,Bengaluru,24,23.21,0.0,8.38
2024-02-27,Bengaluru,24,25.02,0.0,8.17
2024-02-28,Bengaluru,24,23.2,0.0,9.5
2024-02-29,Bengaluru,24,22.95,0.0,5.0
2024-03-01,Bengaluru,24,26.5,0.0,9.44
2024-03-02,Bengaluru,24,26.14,0.0,7.28
2024-03-03,Bengaluru,24,23.53,0.0,11.64
2024-03-04,Bengaluru,24,21.83,0.0,11.04
2024-03-05,Bengaluru,24,26.06,0.0,10.84
2024-03-06,Bengaluru,24,25.6,0.0,13.31
2024-03-07,Bengaluru,24,24.47,0.0,10.18
2024-03-08,Bengaluru,24,29.87,0.0,9.28
2024-03-09,Bengaluru,24,28.12,0.0,10.76
2024-03-10,Bengaluru,24,31.71,0.0,9.38
2024-03-11,Bengaluru,24,29.17,0.0,9.18
2024-03-12,Bengaluru,24,28.36,0.0,8.33
2024-03-13,Bengaluru,24,28.18,0.0,5.62
2024-03-14,Bengaluru,24,29.42,0.0,8.34
2024-03-15,Bengaluru,24,30.75,0.0,11.84
2024-03-16,Bengaluru,24,27.84,1.04,10.43
2024-03-17,Bengaluru,24,31.5,0.0,7.92
2024-03-18,Bengaluru,24,30.29,0.0,11.64
2024-03-19,Bengaluru,24,27.39,0.0,6.97
2024-03-20,Bengaluru,24,25.13,0.0,11.07
2024-03-21,Bengaluru,24,27.05,0.0,6.07
2024-03-22,Bengaluru,24,25.77,0.0,10.17
2024-03-23,Bengaluru,24,27.11,0.0,12.22
2024-03-24,Bengaluru,24,25.67,0.0,11.0
2024-03-25,Bengaluru,24,24.27,0.0,8.11
2024-03-26,Bengaluru,24,26.12,0.0,8.56
2024-03-27,Bengaluru,24,26.54,2.65,9.31
2024-03-28,Bengaluru,24,25.75,0.0,10.11
2024-03-29,Bengaluru,24,27.04,0.0,12.82
2024-03-30,Bengaluru,24,26.99,0.0,12.2
2024-03-31,Bengaluru,24,27.05,0.0,6.79
2024-04-01,Bengaluru,24,25.46,0.0,11.18
2024-04-02,Bengaluru,24,28.07,0.0,13.07
2024-04-03,Bengaluru,24,32.47,2.02,10.33
2024-04-04,Bengaluru,24,28.86,5.76,10.73
2024-04-05,Bengaluru,24,28.46,0.0,12.23
2024-04-06,Bengaluru,24,28.66,0.0,11.63
2024-04-07,Bengaluru,24,26.97,0.0,15.51
2024-04-08,Bengaluru,24,27.07,0.0,12.5
2024-04-09,Bengaluru,24,28.71,0.0,10.84
2024-04-10,Bengaluru,24,30.07,0.0,9.65
2024-04-11,Bengaluru,24,31.06,0.0,8.02
2024-04-12,Bengaluru,24,30.22,8.48,9.25
2024-04-13,Bengaluru,24,29.94,0.0,7.66
2024-04-14,Bengaluru,24,27.23,0.0,10.22
2024-04-15,Bengaluru,24,27.18,0.0,9.64
2024-04-16,Bengaluru,24,29.13,0.0,7.13
2024-04-17,Bengaluru,24,27.13,0.0,10.64
2024-04-18,Bengaluru,24,29.85,0.0,10.37
2024-04-19,Bengaluru,24,27.37,0.0,11.01
2024-04-20,Bengaluru,24,25.75,0.0,12.88
2024-04-21,Bengaluru,24,27.7,0.0,10.66
2024-04-22,Bengaluru,24,28.4,0.0,11.53
2024-04-23,Bengaluru,24,28.31,0.0,15.14
2024-04-24,Bengaluru,24,28.49,0.0,13.52
2024-04-25,Bengaluru,24,29.06,0.0,11.11
2024-04-26,Bengaluru,24,27.15,0.0,10.11
2024-04-27,Bengaluru,24,32.58,0.0,9.73
2024-04-28,Bengaluru,24,30.56,0.0,8.84
2024-04-29,Bengaluru,24,28.4,0.0,9.65
2024-04-30,Bengaluru,24,29.15,0.0,10.82
2024-05-01,Bengaluru,24,25.05,0.0,12.17
2024-05-02,Bengaluru,24,23.51,0.0,10.59
2024-05-03,Bengaluru,24,25.14,0.0,9.11
2024-05-04,Bengaluru,24,26.6,0.0,8.89
2024-05-05,Bengaluru,24,24.21,2.26,9.9
2024-05-06,Bengaluru,24,24.55,6.58,11.24
2024-05-07,Bengaluru,24,25.23,3.36,7.3
2024-05-08,Bengaluru,24,26.92,9.24,8.38
2024-05-09,Bengaluru,24,25.61,2.08,7.17
2024-05-10,Bengaluru,24,26.03,3.29,8.19
2024-05-11,Bengaluru,24,28.83,0.0,7.28
2024-05-12,Bengaluru,24,30.01,0.0,11.27
2024-05-13,Bengaluru,24,28.67,0.0,13.59
2024-05-14,Bengaluru,24,26.47,0.0,9.89
2024-05-15,Bengaluru,24,28.41,0.0,9.93
2024-05-16,Bengaluru,24,25.81,0.0,10.93
2024-05-17,Bengaluru,24,24.32,7.08,15.41
2024-05-18,Bengaluru,24,26.36,1.99,15.24
2024-05-19,Bengaluru,24,27.41,6.25,11.4
2024-05-20,Bengaluru,24,27.43,0.0,13.46
2024-05-21,Bengaluru,24,25.86,0.0,14.7
2024-05-22,Bengaluru,24,25.7,0.0,8.37
2024-05-23,Bengaluru,24,24.21,0.0,8.86
2024-05-24,Bengaluru,24,24.7,0.0,12.79
2024-05-25,Bengaluru,24,24.84,0.0,9.75
2024-05-26,Bengaluru,24,25.76,0.0,11.65
2024-05-27,Bengaluru,24,24.89,0.0,9.37
2024-05-28,Bengaluru,24,24.29,0.19,8.32
2024-05-29,Bengaluru,24,25.35,0.0,11.35
2024-05-30,Bengaluru,24,24.28,0.0,7.93
2024-05-31,Bengaluru,24,25.26,0.0,11.47
2024-06-01,Bengaluru,24,22.31,0.0,16.57
2024-06-02,Bengaluru,24,20.98,0.0,12.43
2024-06-03,Bengaluru,24,20.46,0.0,15.43
2024-06-04,Bengaluru,24,23.43,0.0,12.39
2024-06-05,Bengaluru,24,24.84,0.0,12.19
2024-06-06,Bengaluru,24,25.04,0.0,10.35
2024-06-07,Bengaluru,24,24.31,7.43,9.82
2024-06-08,Bengaluru,24,26.32,0.0,8.03
2024-06-09,Bengaluru,24,24.97,0.0,11.99
2024-06-10,Bengaluru,24,23.33,60.81,16.6
2024-06-11,Bengaluru,24,21.76,0.0,11.38
2024-06-12,Bengaluru,24,23.02,26.69,17.76
2024-06-13,Bengaluru,24,21.52,0.0,12.15
2024-06-14,Bengaluru,24,23.31,0.0,11.91
2024-06-15,Bengaluru,24,25.2,0.0,12.97
2024-06-16,Bengaluru,24,26.36,0.0,15.48
2024-06-17,Bengaluru,24,24.82,0.0,13.28
2024-06-18,Bengaluru,24,24.68,0.0,14.66
2024-06-19,Bengaluru,24,24.41,0.0,13.65
2024-06-20,Bengaluru,24,23.03,0.0,11.34
2024-06-21,Bengaluru,24,23.16,0.0,12.34
2024-06-22,Bengaluru,24,25.12,0.0,12.18
2024-06-23,Bengaluru,24,24.42,0.0,10.34
2024-06-24,Bengaluru,24,24.14,5.22,15.7
2024-06-25,Bengaluru,24,24.05,0.0,12.53
2024-06-26,Bengaluru,24,22.34,0.0,10.18
2024-06-27,Bengaluru,24,24.16,0.0,7.99
2024-06-28,Bengaluru,24,23.97,0.0,11.9
2024-06-29,Bengaluru,24,21.48,0.0,9.75
2024-06-30,Bengaluru,24,25.3,32.36,12.83
2024-07-01,Bengaluru,24,22.96,30.42,15.73
2024-07-02,Bengaluru,24,21.63,0.0,10.6
2024-07-03,Bengaluru,24,22.1,0.0,8.59
2024-07-04,Bengaluru,24,22.24,0.0,9.2
2024-07-05,Bengaluru,24,22.05,0.0,10.71
2024-07-06,Bengaluru,24,25.28,0.0,11.64
2024-07-07,Bengaluru,24,22.27,0.0,9.87
2024-07-08,Bengaluru,24,21.07,8.02,15.43
2024-07-09,Bengaluru,24,20.87,0.0,12.45
2024-07-10,Bengaluru,24,19.65,0.0,8.61
2024-07-11,Bengaluru,24,19.68,0.0,11.43
2024-07-12,Bengaluru,24,20.67,0.0,10.27
2024-07-13,Bengaluru,24,20.62,0.0,11.15
2024-07-14,Bengaluru,24,21.44,0.0,14.54
2024-07-15,Bengaluru,24,25.31,0.0,12.67
2024-07-16,Bengaluru,24,24.35,0.0,12.31
2024-07-17,Bengaluru,24,22.92,0.0,11.87
2024-07-18,Bengaluru,24,20.99,1.41,11.02
2024-07-19,Bengaluru,24,21.96,1.58,12.27
2024-07-20,Bengaluru,24,21.52,0.0,15.16
2024-07-21,Bengaluru,24,20.87,0.0,12.93
2024-07-22,Bengaluru,24,24.16,0.0,11.37
2024-07-23,Bengaluru,24,22.07,0.0,11.95
2024-07-24,Bengaluru,24,21.87,8.12,14.4
2024-07-25,Bengaluru,24,20.96,0.0,11.97
2024-07-26,Bengaluru,24,22.69,0.0,10.15
2024-07-27,Bengaluru,24,21.95,0.0,11.17
2024-07-28,Bengaluru,24,18.91,0.0,14.51
2024-07-29,Bengaluru,24,19.74,0.0,15.83
2024-07-30,Bengaluru,24,20.95,7.37,14.72
2024-07-31,Bengaluru,24,23.19,11.47,16.56
2024-08-01,Bengaluru,24,22.84,0.0,8.35
2024-08-02,Bengaluru,24,21.57,0.0,15.21
2024-08-03,Bengaluru,24,19.67,0.0,13.67
2024-08-04,Bengaluru,24,21.81,9.69,10.25
2024-08-05,Bengaluru,24,20.27,3.81,10.36
2024-08-06,Bengaluru,24,23.62,4.42,7.06
2024-08-07,Bengaluru,24,23.35,5.37,10.91
2024-08-08,Bengaluru,24,23.89,1.37,7.13
2024-08-09,Bengaluru,24,25.8,3.88,15.39
2024-08-10,Bengaluru,24,25.26,12.25,14.48
2024-08-11,Bengaluru,24,22.26,4.79,10.83
2024-08-12,Bengaluru,24,25.52,0.0,14.33
2024-08-13,Bengaluru,24,25.68,0.0,14.0
2024-08-14,Bengaluru,24,24.3,8.35,12.74
2024-08-15,Bengaluru,24,23.95,0.0,12.79
2024-08-16,Bengaluru,24,21.36,0.0,14.27
2024-08-17,Bengaluru,24,23.75,1.96,13.16
2024-08-18,Bengaluru,24,22.35,4.27,10.76
2024-08-19,Bengaluru,24,23.22,6.68,10.35
2024-08-20,Bengaluru,24,24.47,6.02,11.05
2024-08-21,Bengaluru,24,24.61,13.02,13.4
2024-08-22,Bengaluru,24,23.4,9.36,14.04
2024-08-23,Bengaluru,24,25.04,0.0,9.3
2024-08-24,Bengaluru,24,22.74,0.0,10.41
2024-08-25,Bengaluru,24,23.47,0.0,13.05
2024-08-26,Bengaluru,24,22.8,0.0,11.52
2024-08-27,Bengaluru,24,20.92,1.85,14.1
2024-08-28,Bengaluru,24,21.32,16.2,15.18
2024-08-29,Bengaluru,24,19.24,0.0,13.3
2024-08-30,Bengaluru,24,21.25,0.0,12.14
2024-08-31,Bengaluru,24,19.56,0.0,7.09
2024-09-01,Bengaluru,24,19.55,0.0,8.69
2024-09-02,Bengaluru,24,21.16,0.0,7.79
2024-09-03,Bengaluru,24,22.1,6.25,9.25
2024-09-04,Bengaluru,24,21.09,20.41,11.61
2024-09-05,Bengaluru,24,23.01,2.23,10.22
2024-09-06,Bengaluru,24,21.8,12.64,9.58
2024-09-07,Bengaluru,24,24.59,5.96,9.64
2024-09-08,Bengaluru,24,25.07,1.57,9.35
2024-09-09,Bengaluru,24,22.93,17.6,10.58
2024-09-10,Bengaluru,24,21.19,13.43,11.5
2024-09-11,Bengaluru,24,23.38,6.06,11.08
2024-09-12,Bengaluru,24,23.73,27.03,13.51
2024-09-13,Bengaluru,24,23.55,22.5,9.83
2024-09-14,Bengaluru,24,21.83,5.9,10.0
2024-09-15,Bengaluru,24,24.91,15.57,11.6
2024-09-16,Bengaluru,24,22.79,0.43,8.03
2024-09-17,Bengaluru,24,23.0,8.79,10.65
2024-09-18,Bengaluru,24,23.52,13.16,10.65
2024-09-19,Bengaluru,24,26.01,15.33,11.2
2024-09-20,Bengaluru,24,25.68,9.04,9.92
2024-09-21,Bengaluru,24,24.77,1.92,10.86
2024-09-22,Bengaluru,24,25.19,11.23,14.47
2024-09-23,Bengaluru,24,26.51,0.0,10.22
2024-09-24,Bengaluru,24,26.12,25.26,10.48
2024-09-25,Bengaluru,24,24.55,4.81,10.71
2024-09-26,Bengaluru,24,24.89,2.03,9.23
2024-09-27,Bengaluru,24,25.35,3.93,8.86
2024-09-28,Bengaluru,24,27.53,2.79,12.71
2024-09-29,Bengaluru,24,25.88,34.02,14.88
2024-09-30,Bengaluru,24,25.74,3.41,12.43
2024-10-01,Bengaluru,24,25.14,7.1,10.65
2024-10-02,Bengaluru,24,25.62,6.31,10.43
2024-10-03,Bengaluru,24,26.55,7.65,15.11
2024-10-04,Bengaluru,24,24.83,11.9,10.1
2024-10-05,Bengaluru,24,23.8,6.38,8.87
2024-10-06,Bengaluru,24,20.84,1.26,5.02
2024-10-07,Bengaluru,24,23.55,5.23,5.32
2024-10-08,Bengaluru,24,24.17,5.6,5.51
2024-10-09,Bengaluru,24,21.66,20.17,9.66
2024-10-10,Bengaluru,24,20.93,0.0,2.53
2024-10-11,Bengaluru,24,21.35,0.0,2.83
2024-10-12,Bengaluru,24,21.08,0.0,4.06
2024-10-13,Bengaluru,24,22.18,0.0,7.3
2024-10-14,Bengaluru,24,22.58,0.0,6.75
2024-10-15,Bengaluru,24,23.02,0.0,7.37
2024-10-16,Bengaluru,24,23.11,0.0,8.03
2024-10-17,Bengaluru,24,23.97,0.0,8.85
2024-10-18,Bengaluru,24,22.83,0.0,8.7
2024-10-19,Bengaluru,24,25.02,0.0,6.62
2024-10-20,Bengaluru,24,24.34,0.85,10.15
2024-10-21,Bengaluru,24,23.95,7.73,10.21
2024-10-22,Bengaluru,24,24.57,24.71,12.94
2024-10-23,Bengaluru,24,22.12,2.79,10.01
2024-10-24,Bengaluru,24,23.64,25.33,11.94
2024-10-25,Bengaluru,24,24.47,10.49,9.54
2024-10-26,Bengaluru,24,23.9,0.0,7.12
2024-10-27,Bengaluru,24,22.7,0.0,8.56
2024-10-28,Bengaluru,24,19.56,0.0,6.78
2024-10-29,Bengaluru,24,20.78,0.0,8.29
2024-10-30,Bengaluru,24,20.77,0.0,5.53
2024-10-31,Bengaluru,24,21.2,0.0,9.37
2024-11-01,Bengaluru,24,19.38,0.0,6.38
2024-11-02,Bengaluru,24,20.45,5.58,4.64
2024-11-03,Bengaluru,24,22.04,0.0,4.31
2024-11-04,Bengaluru,24,20.07,0.0,4.64
2024-11-05,Bengaluru,24,18.19,8.72,9.2
2024-11-06,Bengaluru,24,18.17,2.87,8.21
2024-11-07,Bengaluru,24,17.17,34.71,14.18
2024-11-08,Bengaluru,24,18.81,0.0,7.21
2024-11-09,Bengaluru,24,17.53,0.0,6.34
2024-11-10,Bengaluru,24,18.47,0.0,7.43
2024-11-11,Bengaluru,24,18.23,0.0,7.76
2024-11-12,Bengaluru,24,20.58,0.0,8.28
2024-11-13,Bengaluru,24,21.55,10.51,13.07
2024-11-14,Bengaluru,24,21.28,0.0,7.22
2024-11-15,Bengaluru,24,23.41,0.0,5.72
2024-11-16,Bengaluru,24,22.28,18.04,6.66
2024-11-17,Bengaluru,24,21.92,0.0,5.58
2024-11-18,Bengaluru,24,22.67,0.0,4.41
2024-11-19,Bengaluru,24,22.6,0.0,7.15
2024-11-20,Bengaluru,24,23.59,0.0,6.3
2024-11-21,Bengaluru,24,21.03,0.0,9.97
2024-11-22,Bengaluru,24,18.6,6.62,9.04
2024-11-23,Bengaluru,24,19.63,8.24,6.43
2024-11-24,Bengaluru,24,20.66,3.25,5.08
2024-11-25,Bengaluru,24,20.52,0.0,7.11
2024-11-26,Bengaluru,24,18.27,0.0,7.96
2024-11-27,Bengaluru,24,18.95,0.0,5.63
2024-11-28,Bengaluru,24,18.16,0.0,5.93
2024-11-29,Bengaluru,24,20.7,0.0,4.41
2024-11-30,Bengaluru,24,20.85,3.14,7.01
2024-12-01,Bengaluru,24,20.79,0.0,5.35
2024-12-02,Bengaluru,24,20.24,0.0,4.9
2024-12-03,Bengaluru,24,21.28,0.0,5.9
2024-12-04,Bengaluru,24,18.53,0.0,3.83
2024-12-05,Bengaluru,24,20.26,0.0,5.6
2024-12-06,Bengaluru,24,22.58,0.0,7.17
2024-12-07,Bengaluru,24,23.34,0.0,6.18
2024-12-08,Bengaluru,24,18.75,0.0,7.96
2024-12-09,Bengaluru,24,22.69,0.0,6.84
2024-12-10,Bengaluru,24,21.27,0.0,6.69
2024-12-11,Bengaluru,24,19.68,0.0,6.33
2024-12-12,Bengaluru,24,18.14,0.0,8.04
2024-12-13,Bengaluru,24,22.68,0.0,4.61
2024-12-14,Bengaluru,24,22.4,0.0,8.1
2024-12-15,Bengaluru,24,22.13,0.0,8.78
2024-12-16,Bengaluru,24,22.07,0.0,8.77
2024-12-17,Bengaluru,24,20.71,0.0,10.69
2024-12-18,Bengaluru,24,20.4,0.0,10.52
2024-12-19,Bengaluru,24,19.68,0.0,8.28
2024-12-20,Bengaluru,24,21.11,0.0,6.17
2024-12-21,Bengaluru,24,18.93,0.0,7.8
2024-12-22,Bengaluru,24,21.44,0.0,6.62
2024-12-23,Bengaluru,24,19.32,0.0,5.03
2024-12-24,Bengaluru,24,18.41,0.0,6.16
2024-12-25,Bengaluru,24,18.56,0.0,5.88
2024-12-26,Bengaluru,24,21.41,0.0,2.74
2024-12-27,Bengaluru,24,18.52,89.89,19.43
2024-12-28,Bengaluru,24,21.41,0.0,2.47
2024-12-29,Bengaluru,24,21.51,0.0,3.96
2024-12-30,Bengaluru,24,20.11,0.0,3.13
2024-12-31,Bengaluru,24,20.2,0.0,3.84
2025-01-01,Bengaluru,24,22.12,0.0,2.81
2025-01-02,Bengaluru,24,24.03,0.0,7.18
2025-01-03,Bengaluru,24,22.98,0.0,6.02
2025-01-04,Bengaluru,24,20.2,0.0,4.49
2025-01-05,Bengaluru,24,22.04,0.0,8.68
2025-01-06,Bengaluru,24,21.72,0.0,6.27
2025-01-07,Bengaluru,24,20.29,0.0,7.87
2025-01-08,Bengaluru,24,21.74,0.0,8.63
2025-01-09,Bengaluru,24,18.57,0.0,8.09
2025-01-10,Bengaluru,24,18.26,0.0,10.28
2025-01-11,Bengaluru,24,20.37,0.0,4.34
2025-01-12,Bengaluru,24,20.44,0.0,6.25
2025-01-13,Bengaluru,24,22.02,0.0,5.67
2025-01-14,Bengaluru,24,23.03,0.0,7.43
2025-01-15,Bengaluru,24,20.49,0.0,2.35
2025-01-16,Bengaluru,24,23.2,0.0,5.82
2025-01-17,Bengaluru,24,20.73,0.0,8.92
2025-01-18,Bengaluru,24,23.0,0.0,10.54
2025-01-19,Bengaluru,24,20.49,0.0,5.46
2025-01-20,Bengaluru,24,20.04,0.0,5.89
2025-01-21,Bengaluru,24,19.62,0.0,5.17
2025-01-22,Bengaluru,24,18.12,0.0,6.16
2025-01-23,Bengaluru,24,16.76,0.0,4.4
2025-01-24,Bengaluru,24,19.32,0.0,2.22
2025-01-25,Bengaluru,24,17.11,0.0,5.3
2025-01-26,Bengaluru,24,17.55,0.0,4.21
2025-01-27,Bengaluru,24,19.43,0.0,5.39
2025-01-28,Bengaluru,24,19.7,0.0,4.17
2025-01-29,Bengaluru,24,18.1,0.0,5.05
2025-01-30,Bengaluru,24,18.67,0.0,2.9
2025-01-31,Bengaluru,24,17.55,0.0,0.32
2025-02-01,Bengaluru,24,21.82,0.0,0.32
2025-02-02,Bengaluru,24,22.63,0.0,5.66
2025-02-03,Bengaluru,24,19.44,0.0,4.92
2025-02-04,Bengaluru,24,23.66,0.0,8.49
2025-02-05,Bengaluru,24,21.83,0.0,6.82
2025-02-06,Bengaluru,24,23.15,0.0,7.69
2025-02-07,Bengaluru,24,22.87,0.0,6.8
2025-02-08,Bengaluru,24,22.95,0.0,5.28
2025-02-09,Bengaluru,24,24.13,0.0,8.82
2025-02-10,Bengaluru,24,23.38,0.0,5.37
2025-02-11,Bengaluru,24,25.75,0.0,5.03
2025-02-12,Bengaluru,24,26.23,0.0,5.97
2025-02-13,Bengaluru,24,24.53,0.0,7.9
2025-02-14,Bengaluru,24,27.16,0.0,9.57
2025-02-15,Bengaluru,24,25.34,0.0,6.11
2025-02-16,Bengaluru,24,23.39,0.0,5.05
2025-02-17,Bengaluru,24,23.28,0.0,6.17
2025-02-18,Bengaluru,24,22.72,0.0,5.88
2025-02-19,Bengaluru,24,22.97,0.0,8.81
2025-02-20,Bengaluru,24,22.75,0.0,8.34
2025-02-21,Bengaluru,24,22.01,0.0,5.37
2025-02-22,Bengaluru,24,20.25,0.0,8.62
2025-02-23,Bengaluru,24,19.42,0.0,10.34
2025-02-24,Bengaluru,24,19.35,0.0,5.92
2025-02-25,Bengaluru,24,19.67,0.0,5.94
2025-02-26,Bengaluru,24,21.27,0.0,5.81
2025-02-27,Bengaluru,24,23.14,0.0,4.95
2025-02-28,Bengaluru,24,24.12,0.0,6.63
2025-03-01,Bengaluru,24,25.23,0.0,5.33
2025-03-02,Bengaluru,24,23.02,0.0,9.12
2025-03-03,Bengaluru,24,26.54,0.0,5.44
2025-03-04,Bengaluru,24,27.19,0.0,7.15
2025-03-05,Bengaluru,24,25.8,0.0,6.04
2025-03-06,Bengaluru,24,24.98,0.0,7.56
2025-03-07,Bengaluru,24,25.65,0.0,7.84
2025-03-08,Bengaluru,24,27.74,0.0,6.39
2025-03-09,Bengaluru,24,27.14,0.0,6.44
2025-03-10,Bengaluru,24,25.65,0.0,9.22
2025-03-11,Bengaluru,24,24.51,0.0,9.07
2025-03-12,Bengaluru,24,23.55,0.0,5.01
2025-03-13,Bengaluru,24,23.28,0.0,5.92
2025-03-14,Bengaluru,24,22.27,0.0,6.62
2025-03-15,Bengaluru,24,24.14,0.0,6.27
2025-03-16,Bengaluru,24,20.71,0.0,6.17
2025-03-17,Bengaluru,24,22.42,0.0,8.45
2025-03-18,Bengaluru,24,21.25,0.0,10.25
2025-03-19,Bengaluru,24,27.03,0.0,10.57
2025-03-20,Bengaluru,24,25.54,0.0,9.02
2025-03-21,Bengaluru,24,25.31,0.0,8.85
2025-03-22,Bengaluru,24,24.62,0.0,6.11
2025-03-23,Bengaluru,24,26.22,0.0,6.0
2025-03-24,Bengaluru,24,25.72,0.0,8.22
2025-03-25,Bengaluru,24,26.3,0.0,9.88
2025-03-26,Bengaluru,24,25.8,0.0,8.39
2025-03-27,Bengaluru,24,24.61,0.0,12.26
2025-03-28,Bengaluru,24,27.64,0.0,9.73
2025-03-29,Bengaluru,24,26.71,0.0,5.6
2025-03-30,Bengaluru,24,26.11,0.0,3.86
2025-03-31,Bengaluru,24,25.31,0.0,8.51
2025-04-01,Bengaluru,24,25.31,0.0,7.27
2025-04-02,Bengaluru,24,27.9,0.0,9.32
2025-04-03,Bengaluru,24,26.1,0.0,8.61
2025-04-04,Bengaluru,24,28.9,0.0,10.43
2025-04-05,Bengaluru,24,28.23,0.0,11.52
2025-04-06,Bengaluru,24,27.79,0.0,9.7
2025-04-07,Bengaluru,24,27.57,0.0,9.89
2025-04-08,Bengaluru,24,29.81,0.0,12.66
2025-04-09,Bengaluru,24,26.11,0.0,11.65
2025-04-10,Bengaluru,24,25.16,0.0,12.31
2025-04-11,Bengaluru,24,25.08,0.0,14.26
2025-04-12,Bengaluru,24,26.77,0.0,13.32
2025-04-13,Bengaluru,24,28.97,0.0,6.93
2025-04-14,Bengaluru,24,27.29,5.89,10.22
2025-04-15,Bengaluru,24,28.38,7.33,15.11
2025-04-16,Bengaluru,24,29.02,0.0,12.12
2025-04-17,Bengaluru,24,28.02,0.0,13.46
2025-04-18,Bengaluru,24,27.85,5.35,13.16
2025-04-19,Bengaluru,24,26.1,13.06,18.23
2025-04-20,Bengaluru,24,25.2,9.39,14.61
2025-04-21,Bengaluru,24,23.71,0.0,12.22
2025-04-22,Bengaluru,24,25.94,0.0,7.16
2025-04-23,Bengaluru,24,27.46,0.0,10.47
2025-04-24,Bengaluru,24,26.86,9.15,11.41
2025-04-25,Bengaluru,24,27.96,2.05,5.39
2025-04-26,Bengaluru,24,28.03,0.0,9.38
2025-04-27,Bengaluru,24,31.81,0.0,8.0
2025-04-28,Bengaluru,24,28.74,2.44,5.78
2025-04-29,Bengaluru,24,29.25,20.66,11.2
2025-04-30,Bengaluru,24,27.3,7.89,13.98
2025-05-01,Bengaluru,24,27.44,1.7,11.41
2025-05-02,Bengaluru,24,30.83,0.0,9.54
2025-05-03,Bengaluru,24,28.15,0.0,5.57
2025-05-04,Bengaluru,24,30.37,0.0,12.33
2025-05-05,Bengaluru,24,27.67,0.0,13.93
2025-05-06,Bengaluru,24,26.36,26.29,14.28
2025-05-07,Bengaluru,24,26.63,0.82,11.99
2025-05-08,Bengaluru,24,29.43,17.12,12.95
2025-05-09,Bengaluru,24,27.15,0.0,9.48
2025-05-10,Bengaluru,24,25.05,0.0,6.91
2025-05-11,Bengaluru,24,25.3,0.0,6.75
2025-05-12,Bengaluru,24,27.41,0.0,12.24
2025-05-13,Bengaluru,24,27.54,0.0,11.34
2025-05-14,Bengaluru,24,25.21,0.0,10.21
2025-05-15,Bengaluru,24,25.55,6.45,13.5
2025-05-16,Bengaluru,24,25.2,0.48,12.04
2025-05-17,Bengaluru,24,25.19,5.17,6.79
2025-05-18,Bengaluru,24,25.55,3.0,9.84
2025-05-19,Bengaluru,24,27.02,0.0,9.32
2025-05-20,Bengaluru,24,28.32,13.5,11.95
2025-05-21,Bengaluru,24,27.32,0.0,11.54
2025-05-22,Bengaluru,24,26.86,0.0,12.64
2025-05-23,Bengaluru,24,26.21,0.0,15.51
2025-05-24,Bengaluru,24,25.21,22.47,15.62
2025-05-25,Bengaluru,24,24.61,0.0,9.98
2025-05-26,Bengaluru,24,23.86,0.0,7.76
2025-05-27,Bengaluru,24,24.09,0.0,8.75
2025-05-28,Bengaluru,24,24.74,8.12,11.95
2025-05-29,Bengaluru,24,27.69,4.52,7.69
2025-05-30,Bengaluru,24,29.7,0.0,6.46
2025-05-31,Bengaluru,24,28.04,0.0,10.27
2025-06-01,Bengaluru,24,28.61,0.0,15.79
2025-06-02,Bengaluru,24,26.14,0.0,12.01
2025-06-03,Bengaluru,24,26.98,0.0,12.51
2025-06-04,Bengaluru,24,24.72,20.79,17.41
2025-06-05,Bengaluru,24,24.8,0.0,10.28
2025-06-06,Bengaluru,24,26.73,0.0,10.49
2025-06-07,Bengaluru,24,26.96,0.0,12.0
2025-06-08,Bengaluru,24,28.42,0.0,13.04
2025-06-09,Bengaluru,24,27.61,0.0,12.33
2025-06-10,Bengaluru,24,25.86,0.0,12.47
2025-06-11,Bengaluru,24,26.91,0.0,12.99
2025-06-12,Bengaluru,24,26.52,0.0,13.72
2025-06-13,Bengaluru,24,24.95,0.0,13.9
2025-06-14,Bengaluru,24,24.22,0.0,9.37
2025-06-15,Bengaluru,24,23.66,0.0,15.59
2025-06-16,Bengaluru,24,22.07,0.0,15.02
2025-06-17,Bengaluru,24,20.58,0.0,14.1
2025-06-18,Bengaluru,24,21.57,0.0,8.58
2025-06-19,Bengaluru,24,23.37,0.0,11.13
2025-06-20,Bengaluru,24,24.49,0.0,9.07
2025-06-21,Bengaluru,24,22.76,3.37,10.28
2025-06-22,Bengaluru,24,23.01,0.0,13.61
2025-06-23,Bengaluru,24,22.92,0.0,11.33
2025-06-24,Bengaluru,24,23.72,0.0,12.06
2025-06-25,Bengaluru,24,22.25,0.0,13.87
2025-06-26,Bengaluru,24,21.12,0.0,13.58
2025-06-27,Bengaluru,24,22.37,0.0,10.69
2025-06-28,Bengaluru,24,22.74,0.0,14.05
2025-06-29,Bengaluru,24,24.01,0.0,12.09
2025-06-30,Bengaluru,24,26.08,2.06,13.84
2025-07-01,Bengaluru,24,23.7,10.24,12.93
2025-07-02,Bengaluru,24,23.7,0.0,11.11
2025-07-03,Bengaluru,24,24.55,0.0,15.61
2025-07-04,Bengaluru,24,21.24,0.0,12.55
2025-07-05,Bengaluru,24,19.4,0.0,14.32
2025-07-06,Bengaluru,24,21.64,0.0,9.85
2025-07-07,Bengaluru,24,22.3,0.0,12.17
2025-07-08,Bengaluru,24,19.35,3.65,14.24
2025-07-09,Bengaluru,24,21.16,41.46,20.28
2025-07-10,Bengaluru,24,21.56,0.0,11.74
2025-07-11,Bengaluru,24,19.37,6.56,8.29
2025-07-12,Bengaluru,24,20.55,1.55,11.6
2025-07-13,Bengaluru,24,21.74,15.55,18.16
2025-07-14,Bengaluru,24,22.94,0.0,19.15
2025-07-15,Bengaluru,24,22.42,0.0,12.05
2025-07-16,Bengaluru,24,22.45,0.0,9.5
2025-07-17,Bengaluru,24,21.43,27.0,16.12
2025-07-18,Bengaluru,24,19.97,3.55,10.27
2025-07-19,Bengaluru,24,23.42,0.0,14.78
2025-07-20,Bengaluru,24,23.17,0.0,13.31
2025-07-21,Bengaluru,24,22.83,0.0,10.94
2025-07-22,Bengaluru,24,23.18,5.1,14.99
2025-07-23,Bengaluru,24,23.7,14.29,14.56
2025-07-24,Bengaluru,24,25.58,14.44,15.03
2025-07-25,Bengaluru,24,23.22,0.0,11.45
2025-07-26,Bengaluru,24,24.02,0.0,14.23
2025-07-27,Bengaluru,24,21.06,0.0,10.89
2025-07-28,Bengaluru,24,21.8,3.73,9.5
2025-07-29,Bengaluru,24,23.28,0.0,12.68
2025-07-30,Bengaluru,24,21.77,0.0,15.23
2025-07-31,Bengaluru,24,24.14,0.66,11.07
2025-08-01,Bengaluru,24,24.04,43.72,18.19
2025-08-02,Bengaluru,24,24.56,0.0,10.28
2025-08-03,Bengaluru,24,26.67,0.0,6.27
2025-08-04,Bengaluru,24,24.53,0.0,7.98
2025-08-05,Bengaluru,24,23.61,0.0,8.86
2025-08-06,Bengaluru,24,22.44,0.0,11.36
2025-08-07,Bengaluru,24,21.9,0.0,8.5
2025-08-08,Bengaluru,24,24.25,0.0,10.34
2025-08-09,Bengaluru,24,22.38,0.0,7.02
2025-08-10,Bengaluru,24,22.88,0.0,12.65
2025-08-11,Bengaluru,24,21.19,0.0,11.25
2025-08-12,Bengaluru,24,22.23,0.0,12.87
2025-08-13,Bengaluru,24,24.4,0.0,15.41
2025-08-14,Bengaluru,24,20.63,3.13,16.9
2025-08-15,Bengaluru,24,22.22,19.86,16.99
2025-08-16,Bengaluru,24,23.09,3.8,15.14
2025-08-17,Bengaluru,24,23.31,9.07,15.91
2025-08-18,Bengaluru,24,23.04,3.34,12.0
2025-08-19,Bengaluru,24,22.0,9.58,12.89
2025-08-20,Bengaluru,24,24.67,0.0,13.94
2025-08-21,Bengaluru,24,23.97,0.0,15.52
2025-08-22,Bengaluru,24,25.41,0.0,14.35
2025-08-23,Bengaluru,24,23.04,0.0,8.86
2025-08-24,Bengaluru,24,22.02,0.0,9.5
2025-08-25,Bengaluru,24,18.87,0.0,13.98
2025-08-26,Bengaluru,24,21.89,0.0,8.7
2025-08-27,Bengaluru,24,21.12,6.33,12.77
2025-08-28,Bengaluru,24,22.66,0.0,11.57
2025-08-29,Bengaluru,24,22.81,0.0,8.61
2025-08-30,Bengaluru,24,21.17,0.0,12.54
2025-08-31,Bengaluru,24,21.51,0.0,8.94
2025-09-01,Bengaluru,24,23.52,0.0,8.88
2025-09-02,Bengaluru,24,22.99,0.0,11.81
2025-09-03,Bengaluru,24,25.06,0.0,9.66
2025-09-04,Bengaluru,24,24.35,0.0,11.63
2025-09-05,Bengaluru,24,25.38,0.0,10.9
2025-09-06,Bengaluru,24,23.83,0.0,10.74
2025-09-07,Bengaluru,24,22.27,0.0,13.67
2025-09-08,Bengaluru,24,23.61,0.0,9.87
2025-09-09,Bengaluru,24,25.44,0.0,10.67
2025-09-10,Bengaluru,24,23.97,0.0,10.48
2025-09-11,Bengaluru,24,24.2,0.0,14.39
2025-09-12,Bengaluru,24,25.08,0.0,10.32
2025-09-13,Bengaluru,24,23.54,0.0,10.34
2025-09-14,Bengaluru,24,21.81,0.0,12.71
2025-09-15,Bengaluru,24,20.19,0.0,8.97
2025-09-16,Bengaluru,24,20.83,0.0,10.11
2025-09-17,Bengaluru,24,22.87,0.0,8.39
2025-09-18,Bengaluru,24,21.6,0.0,6.35
2025-09-19,Bengaluru,24,22.24,9.53,11.04
2025-09-20,Bengaluru,24,21.09,28.15,15.81
2025-09-21,Bengaluru,24,22.73,10.89,11.05
2025-09-22,Bengaluru,24,23.58,0.0,8.11
2025-09-23,Bengaluru,24,20.75,0.0,10.0
2025-09-24,Bengaluru,24,19.18,0.0,9.59
2025-09-25,Bengaluru,24,20.53,0.0,8.26
2025-09-26,Bengaluru,24,20.36,0.0,11.96
2025-09-27,Bengaluru,24,22.44,0.0,9.36
2025-09-28,Bengaluru,24,20.68,0.75,13.03
2025-09-29,Bengaluru,24,20.81,5.8,11.09
2025-09-30,Bengaluru,24,22.5,8.69,15.41
2023-01-01,Bengaluru,72,20.89,0.0,8.32
2023-01-02,Bengaluru,72,20.1,0.0,4.51
2023-01-03,Bengaluru,72,19.21,0.0,2.46
2023-01-04,Bengaluru,72,17.53,0.0,7.41
2023-01-05,Bengaluru,72,18.46,0.0,7.93
2023-01-06,Bengaluru,72,18.39,0.0,8.54
2023-01-07,Bengaluru,72,19.21,0.0,5.84
2023-01-08,Bengaluru,72,20.1,0.0,7.97
2023-01-09,Bengaluru,72,17.88,0.0,6.2
2023-01-10,Bengaluru,72,19.59,0.0,6.25
2023-01-11,Bengaluru,72,20.13,0.0,10.39
2023-01-12,Bengaluru,72,21.09,0.0,9.92
2023-01-13,Bengaluru,72,19.37,2.21,10.72
2023-01-14,Bengaluru,72,18.3,0.0,10.85
2023-01-15,Bengaluru,72,19.65,0.0,10.81
2023-01-16,Bengaluru,72,19.7,0.0,11.87
2023-01-17,Bengaluru,72,21.88,0.0,8.33
2023-01-18,Bengaluru,72,22.93,0.23,5.73
2023-01-19,Bengaluru,72,23.24,0.0,4.51
2023-01-20,Bengaluru,72,21.31,0.0,6.41
2023-01-21,Bengaluru,72,22.12,0.0,5.4
2023-01-22,Bengaluru,72,20.8,0.0,6.37
2023-01-23,Bengaluru,72,20.91,0.0,2.57
2023-01-24,Bengaluru,72,18.74,0.0,4.49
2023-01-25,Bengaluru,72,19.18,0.0,5.19
2023-01-26,Bengaluru,72,19.4,0.0,9.5
2023-01-27,Bengaluru,72,22.39,0.0,6.61
2023-01-28,Bengaluru,72,19.85,0.0,8.13
2023-01-29,Bengaluru,72,22.96,0.0,9.87
2023-01-30,Bengaluru,72,19.93,0.0,8.18
2023-01-31,Bengaluru,72,19.38,0.0,7.7
2023-02-01,Bengaluru,72,24.85,0.0,7.54
2023-02-02,Bengaluru,72,24.33,0.0,8.64
2023-02-03,Bengaluru,72,23.37,0.0,7.72
2023-02-04,Bengaluru,72,22.28,0.0,3.28
2023-02-05,Bengaluru,72,24.95,0.0,6.22
2023-02-06,Bengaluru,72,24.06,0.0,3.14
2023-02-07,Bengaluru,72,21.27,0.0,7.8
2023-02-08,Bengaluru,72,21.47,0.0,6.86
2023-02-09,Bengaluru,72,21.95,0.0,8.18
2023-02-10,Bengaluru,72,22.24,0.0,11.34
2023-02-11,Bengaluru,72,24.12,0.0,9.24
2023-02-12,Bengaluru,72,22.27,0.0,9.26
2023-02-13,Bengaluru,72,21.94,0.0,10.83
2023-02-14,Bengaluru,72,22.43,0.0,11.99
2023-02-15,Bengaluru,72,23.28,0.0,11.65
2023-02-16,Bengaluru,72,24.43,0.0,9.56
2023-02-17,Bengaluru,72,25.78,0.0,7.49
2023-02-18,Bengaluru,72,23.76,0.0,10.06
2023-02-19,Bengaluru,72,23.94,0.0,8.51
2023-02-20,Bengaluru,72,23.96,0.0,7.77
2023-02-21,Bengaluru,72,21.46,0.0,4.41
2023-02-22,Bengaluru,72,22.11,0.0,4.72
2023-02-23,Bengaluru,72,21.89,0.0,4.3
2023-02-24,Bengaluru,72,22.38,0.0,1.86
2023-02-25,Bengaluru,72,23.35,0.0,4.06
2023-02-26,Bengaluru,72,23.67,0.0,7.27
2023-02-27,Bengaluru,72,22.93,0.0,6.58
2023-02-28,Bengaluru,72,22.82,0.0,6.37
2023-03-01,Bengaluru,72,23.02,0.0,7.09
2023-03-02,Bengaluru,72,25.92,0.0,7.15
2023-03-03,Bengaluru,72,24.97,0.0,10.44
2023-03-04,Bengaluru,72,27.41,0.0,8.76
2023-03-05,Bengaluru,72,25.42,0.0,7.75
2023-03-06,Bengaluru,72,25.73,0.0,10.61
2023-03-07,Bengaluru,72,23.94,0.0,8.73
2023-03-08,Bengaluru,72,25.72,0.0,10.76
2023-03-09,Bengaluru,72,26.46,0.0,7.13
2023-03-10,Bengaluru,72,28.44,0.0,8.25
2023-03-11,Bengaluru,72,27.59,0.0,6.12
2023-03-12,Bengaluru,72,27.26,0.0,3.33
2023-03-13,Bengaluru,72,27.42,0.0,9.38
2023-03-14,Bengaluru,72,27.3,0.0,9.81
2023-03-15,Bengaluru,72,28.22,0.0,8.27
2023-03-16,Bengaluru,72,28.09,0.0,12.02
2023-03-17,Bengaluru,72,26.77,0.0,12.3
2023-03-18,Bengaluru,72,27.11,0.0,10.88
2023-03-19,Bengaluru,72,27.56,0.0,14.18
2023-03-20,Bengaluru,72,26.86,0.0,12.56
2023-03-21,Bengaluru,72,27.5,0.0,8.52
2023-03-22,Bengaluru,72,32.31,0.0,9.23
2023-03-23,Bengaluru,72,26.24,0.0,15.23
2023-03-24,Bengaluru,72,27.74,0.0,10.82
2023-03-25,Bengaluru,72,24.62,0.0,11.08
2023-03-26,Bengaluru,72,23.56,0.0,8.94
2023-03-27,Bengaluru,72,21.69,0.0,4.96
2023-03-28,Bengaluru,72,23.75,0.0,5.62
2023-03-29,Bengaluru,72,24.14,0.0,7.79
2023-03-30,Bengaluru,72,25.59,0.0,11.32
2023-03-31,Bengaluru,72,27.15,0.0,9.16
2023-04-01,Bengaluru,72,26.47,0.0,13.94
2023-04-02,Bengaluru,72,28.82,0.0,9.76
2023-04-03,Bengaluru,72,27.6,0.0,9.64
2023-04-04,Bengaluru,72,27.31,0.0,11.79
2023-04-05,Bengaluru,72,26.24,0.0,13.84
2023-04-06,Bengaluru,72,25.31,0.0,10.21
2023-04-07,Bengaluru,72,29.11,0.0,13.84
2023-04-08,Bengaluru,72,27.5,0.0,11.01
2023-04-09,Bengaluru,72,27.12,0.0,10.61
2023-04-10,Bengaluru,72,27.37,0.0,12.06
2023-04-11,Bengaluru,72,25.05,0.0,9.98
2023-04-12,Bengaluru,72,28.63,0.0,8.9
2023-04-13,Bengaluru,72,28.52,0.0,4.17
2023-04-14,Bengaluru,72,27.14,0.0,6.55
2023-04-15,Bengaluru,72,26.04,4.86,10.2
2023-04-16,Bengaluru,72,26.27,14.79,14.28
2023-04-17,Bengaluru,72,26.59,4.8,13.4
2023-04-18,Bengaluru,72,24.9,0.0,12.35
2023-04-19,Bengaluru,72,27.3,0.0,6.34
2023-04-20,Bengaluru,72,24.74,0.0,10.56
2023-04-21,Bengaluru,72,26.79,0.0,6.46
2023-04-22,Bengaluru,72,25.76,0.0,9.76
2023-04-23,Bengaluru,72,27.67,0.0,8.37
2023-04-24,Bengaluru,72,26.69,0.0,8.77
2023-04-25,Bengaluru,72,24.34,0.0,8.85
2023-04-26,Bengaluru,72,25.33,0.0,8.16
2023-04-27,Bengaluru,72,27.31,0.0,12.48
2023-04-28,Bengaluru,72,28.88,0.0,8.73
2023-04-29,Bengaluru,72,27.76,0.0,8.55
2023-04-30,Bengaluru,72,25.75,0.0,8.6
2023-05-01,Bengaluru,72,25.73,2.17,11.48
2023-05-02,Bengaluru,72,25.53,17.89,17.78
2023-05-03,Bengaluru,72,27.29,17.74,10.28
2023-05-04,Bengaluru,72,28.93,8.0,11.37
2023-05-05,Bengaluru,72,25.69,0.0,13.59
2023-05-06,Bengaluru,72,27.35,0.0,13.28
2023-05-07,Bengaluru,72,27.67,13.11,19.42
2023-05-08,Bengaluru,72,29.39,3.72,15.1
2023-05-09,Bengaluru,72,31.28,6.74,16.61
2023-05-10,Bengaluru,72,25.97,0.0,13.15
2023-05-11,Bengaluru,72,27.36,0.0,12.0
2023-05-12,Bengaluru,72,25.33,0.0,13.8
2023-05-13,Bengaluru,72,23.5,0.0,11.73
2023-05-14,Bengaluru,72,27.21,0.0,10.51
2023-05-15,Bengaluru,72,28.91,0.0,12.87
2023-05-16,Bengaluru,72,28.84,11.17,13.95
2023-05-17,Bengaluru,72,31.27,1.63,8.31
2023-05-18,Bengaluru,72,33.76,7.97,11.56
2023-05-19,Bengaluru,72,30.85,11.13,16.58
2023-05-20,Bengaluru,72,30.63,2.49,10.65
2023-05-21,Bengaluru,72,28.34,2.13,9.66
2023-05-22,Bengaluru,72,28.34,7.16,9.73
2023-05-23,Bengaluru,72,25.54,0.0,8.15
2023-05-24,Bengaluru,72,29.36,2.9,9.57
2023-05-25,Bengaluru,72,28.08,0.0,8.81
2023-05-26,Bengaluru,72,28.23,26.88,18.74
2023-05-27,Bengaluru,72,28.25,5.48,12.49
2023-05-28,Bengaluru,72,29.62,3.2,9.33
2023-05-29,Bengaluru,72,29.52,0.0,10.02
2023-05-30,Bengaluru,72,31.79,0.0,11.58
2023-05-31,Bengaluru,72,29.42,0.0,6.84
2023-06-01,Bengaluru,72,28.2,13.25,11.95
2023-06-02,Bengaluru,72,27.17,0.0,14.34
2023-06-03,Bengaluru,72,25.33,0.0,15.09
2023-06-04,Bengaluru,72,26.4,64.33,23.09
2023-06-05,Bengaluru,72,24.53,20.1,16.42
2023-06-06,Bengaluru,72,25.12,0.0,14.04
2023-06-07,Bengaluru,72,28.13,0.0,9.63
2023-06-08,Bengaluru,72,24.37,0.0,10.41
2023-06-09,Bengaluru,72,24.45,0.0,10.36
2023-06-10,Bengaluru,72,23.83,0.0,12.54
2023-06-11,Bengaluru,72,23.72,0.0,9.36
2023-06-12,Bengaluru,72,26.29,7.15,10.64
2023-06-13,Bengaluru,72,26.36,0.0,11.33
2023-06-14,Bengaluru,72,27.54,0.0,8.41
2023-06-15,Bengaluru,72,28.76,0.0,17.24
2023-06-16,Bengaluru,72,28.55,0.0,11.02
2023-06-17,Bengaluru,72,27.78,0.0,13.1
2023-06-18,Bengaluru,72,28.23,0.0,12.91
2023-06-19,Bengaluru,72,25.29,0.0,10.88
2023-06-20,Bengaluru,72,24.71,0.0,11.4
2023-06-21,Bengaluru,72,25.43,0.0,9.43
2023-06-22,Bengaluru,72,24.9,0.0,9.48
2023-06-23,Bengaluru,72,24.42,0.0,7.16
2023-06-24,Bengaluru,72,26.16,0.0,10.98
2023-06-25,Bengaluru,72,26.59,0.0,8.52
2023-06-26,Bengaluru,72,25.02,0.0,9.8
2023-06-27,Bengaluru,72,26.52,0.0,12.36
2023-06-28,Bengaluru,72,24.29,0.0,15.54
2023-06-29,Bengaluru,72,26.25,0.0,7.86
2023-06-30,Bengaluru,72,26.7,0.0,6.75
2023-07-01,Bengaluru,72,26.28,4.25,11.9
2023-07-02,Bengaluru,72,25.1,1.74,13.13
2023-07-03,Bengaluru,72,24.43,0.0,12.41
2023-07-04,Bengaluru,72,26.88,0.0,11.37
2023-07-05,Bengaluru,72,24.87,0.0,14.3
2023-07-06,Bengaluru,72,24.65,0.0,9.09
2023-07-07,Bengaluru,72,25.1,0.0,10.41
2023-07-08,Bengaluru,72,24.84,0.0,15.62
2023-07-09,Bengaluru,72,25.44,0.0,12.33
2023-07-10,Bengaluru,72,24.7,0.0,14.46
2023-07-11,Bengaluru,72,25.28,0.0,16.37
2023-07-12,Bengaluru,72,24.96,0.0,12.27
2023-07-13,Bengaluru,72,23.86,2.55,11.65
2023-07-14,Bengaluru,72,22.48,60.97,25.04
2023-07-15,Bengaluru,72,23.73,0.51,10.52
2023-07-16,Bengaluru,72,24.91,3.02,10.25
2023-07-17,Bengaluru,72,23.81,1.83,10.31
2023-07-18,Bengaluru,72,26.3,0.0,10.11
2023-07-19,Bengaluru,72,22.25,0.0,15.82
2023-07-20,Bengaluru,72,22.76,0.0,12.96
2023-07-21,Bengaluru,72,24.54,0.0,15.14
2023-07-22,Bengaluru,72,24.51,0.0,13.95
2023-07-23,Bengaluru,72,25.56,0.0,11.89
2023-07-24,Bengaluru,72,25.12,3.78,14.07
2023-07-25,Bengaluru,72,23.79,0.0,12.73
2023-07-26,Bengaluru,72,22.62,0.0,13.36
2023-07-27,Bengaluru,72,23.05,0.0,10.97
2023-07-28,Bengaluru,72,21.81,0.0,11.69
2023-07-29,Bengaluru,72,23.41,0.17,14.28
2023-07-30,Bengaluru,72,23.69,0.0,10.26
2023-07-31,Bengaluru,72,24.75,0.0,10.42
2023-08-01,Bengaluru,72,26.38,2.7,8.99
2023-08-02,Bengaluru,72,23.34,7.09,12.38
2023-08-03,Bengaluru,72,26.34,0.0,12.49
2023-08-04,Bengaluru,72,27.12,1.08,8.33
2023-08-05,Bengaluru,72,26.08,0.0,6.52
2023-08-06,Bengaluru,72,23.75,0.0,10.89
2023-08-07,Bengaluru,72,24.31,2.16,12.21
2023-08-08,Bengaluru,72,23.35,3.49,15.15
2023-08-09,Bengaluru,72,22.68,3.58,9.79
2023-08-10,Bengaluru,72,24.44,5.42,9.88
2023-08-11,Bengaluru,72,21.47,46.6,18.33
2023-08-12,Bengaluru,72,23.63,2.99,9.03
2023-08-13,Bengaluru,72,21.63,0.0,9.84
2023-08-14,Bengaluru,72,23.98,0.0,9.77
2023-08-15,Bengaluru,72,25.06,9.66,15.0
2023-08-16,Bengaluru,72,26.77,0.0,8.53
2023-08-17,Bengaluru,72,28.69,0.0,11.79
2023-08-18,Bengaluru,72,25.67,0.0,15.83
2023-08-19,Bengaluru,72,23.02,0.0,15.59
2023-08-20,Bengaluru,72,24.71,0.0,13.62
2023-08-21,Bengaluru,72,21.73,0.0,12.54
2023-08-22,Bengaluru,72,25.15,0.0,10.59
2023-08-23,Bengaluru,72,22.64,0.0,7.44
2023-08-24,Bengaluru,72,22.02,0.0,16.83
2023-08-25,Bengaluru,72,24.45,0.0,9.06
2023-08-26,Bengaluru,72,24.96,0.0,12.21
2023-08-27,Bengaluru,72,23.24,0.0,9.25
2023-08-28,Bengaluru,72,23.68,0.0,6.19
2023-08-29,Bengaluru,72,24.47,3.86,8.66
2023-08-30,Bengaluru,72,25.69,0.0,11.94
2023-08-31,Bengaluru,72,20.86,3.69,12.26
2023-09-01,Bengaluru,72,22.03,3.69,12.35
2023-09-02,Bengaluru,72,21.04,3.18,9.42
2023-09-03,Bengaluru,72,21.99,24.92,10.36
2023-09-04,Bengaluru,72,25.04,2.79,8.35
2023-09-05,Bengaluru,72,23.28,4.37,8.1
2023-09-06,Bengaluru,72,23.47,3.81,6.96
2023-09-07,Bengaluru,72,19.8,37.17,12.69
2023-09-08,Bengaluru,72,18.4,4.59,10.99
2023-09-09,Bengaluru,72,19.65,3.48,9.49
2023-09-10,Bengaluru,72,20.61,3.62,9.4
2023-09-11,Bengaluru,72,17.96,8.84,7.04
2023-09-12,Bengaluru,72,19.26,4.52,6.58
2023-09-13,Bengaluru,72,19.78,0.0,4.42
2023-09-14,Bengaluru,72,21.49,0.0,8.54
2023-09-15,Bengaluru,72,21.27,0.0,11.48
2023-09-16,Bengaluru,72,23.6,9.63,12.92
2023-09-17,Bengaluru,72,21.76,5.05,16.68
2023-09-18,Bengaluru,72,24.35,10.37,13.91
2023-09-19,Bengaluru,72,20.9,7.42,11.84
2023-09-20,Bengaluru,72,20.46,9.88,13.79
2023-09-21,Bengaluru,72,22.96,12.21,14.22
2023-09-22,Bengaluru,72,20.71,3.59,9.84
2023-09-23,Bengaluru,72,23.03,16.26,14.55
2023-09-24,Bengaluru,72,21.95,0.79,9.34
2023-09-25,Bengaluru,72,23.19,2.87,8.09
2023-09-26,Bengaluru,72,24.33,23.11,10.06
2023-09-27,Bengaluru,72,26.48,5.53,7.72
2023-09-28,Bengaluru,72,25.42,15.51,13.37
2023-09-29,Bengaluru,72,25.75,5.79,10.18
2023-09-30,Bengaluru,72,25.31,15.44,13.56
2023-10-01,Bengaluru,72,25.3,0.0,7.74
2023-10-02,Bengaluru,72,26.83,0.0,6.41
2023-10-03,Bengaluru,72,23.99,4.42,12.18
2023-10-04,Bengaluru,72,24.59,13.39,10.02
2023-10-05,Bengaluru,72,24.33,2.94,10.32
2023-10-06,Bengaluru,72,22.4,0.0,6.67
2023-10-07,Bengaluru,72,24.25,0.0,7.62
2023-10-08,Bengaluru,72,24.65,0.0,10.84
2023-10-09,Bengaluru,72,21.03,0.0,13.65
2023-10-10,Bengaluru,72,21.53,44.71,14.75
2023-10-11,Bengaluru,72,20.56,2.0,9.33
2023-10-12,Bengaluru,72,22.32,0.0,7.41
2023-10-13,Bengaluru,72,23.11,18.42,9.12
2023-10-14,Bengaluru,72,24.12,9.36,4.58
2023-10-15,Bengaluru,72,23.8,10.74,9.83
2023-10-16,Bengaluru,72,23.31,0.0,9.65
2023-10-17,Bengaluru,72,23.52,0.0,6.92
2023-10-18,Bengaluru,72,21.57,0.0,8.73
2023-10-19,Bengaluru,72,21.09,1.47,8.8
2023-10-20,Bengaluru,72,25.1,6.66,9.65
2023-10-21,Bengaluru,72,23.33,22.24,11.06
2023-10-22,Bengaluru,72,23.54,13.82,2.17
2023-10-23,Bengaluru,72,25.06,17.29,5.57
2023-10-24,Bengaluru,72,22.11,0.0,5.19
2023-10-25,Bengaluru,72,22.31,0.0,4.81
2023-10-26,Bengaluru,72,24.04,13.0,6.11
2023-10-27,Bengaluru,72,23.38,20.91,8.54
2023-10-28,Bengaluru,72,22.64,0.0,2.58
2023-10-29,Bengaluru,72,26.0,0.0,2.37
2023-10-30,Bengaluru,72,22.74,0.0,5.58
2023-10-31,Bengaluru,72,24.12,0.0,7.23
2023-11-01,Bengaluru,72,23.67,0.0,9.04
2023-11-02,Bengaluru,72,21.48,0.0,7.25
2023-11-03,Bengaluru,72,21.5,0.0,3.78
2023-11-04,Bengaluru,72,21.87,11.21,11.37
2023-11-05,Bengaluru,72,21.36,0.0,7.69
2023-11-06,Bengaluru,72,23.14,0.0,8.64
2023-11-07,Bengaluru,72,19.79,0.0,4.17
2023-11-08,Bengaluru,72,20.86,7.76,8.08
2023-11-09,Bengaluru,72,20.6,11.6,9.9
2023-11-10,Bengaluru,72,19.15,9.72,10.7
2023-11-11,Bengaluru,72,18.11,0.0,4.12
2023-11-12,Bengaluru,72,18.52,0.0,6.57
2023-11-13,Bengaluru,72,16.68,0.0,5.11
2023-11-14,Bengaluru,72,19.11,0.0,3.84
2023-11-15,Bengaluru,72,15.98,0.0,1.21
2023-11-16,Bengaluru,72,19.41,0.0,11.07
2023-11-17,Bengaluru,72,17.22,0.0,6.35
2023-11-18,Bengaluru,72,22.02,0.0,6.91
2023-11-19,Bengaluru,72,22.58,0.0,4.33
2023-11-20,Bengaluru,72,23.05,0.0,7.29
2023-11-21,Bengaluru,72,22.66,0.0,8.59
2023-11-22,Bengaluru,72,25.94,0.0,4.66
2023-11-23,Bengaluru,72,23.07,0.0,9.89
2023-11-24,Bengaluru,72,23.3,0.0,8.99
2023-11-25,Bengaluru,72,23.71,0.0,8.41
2023-11-26,Bengaluru,72,21.37,0.0,8.82
2023-11-27,Bengaluru,72,22.3,0.0,5.47
2023-11-28,Bengaluru,72,21.7,0.0,4.66
2023-11-29,Bengaluru,72,23.14,0.0,4.28
2023-11-30,Bengaluru,72,21.58,0.0,5.69
2023-12-01,Bengaluru,72,21.5,0.0,2.99
2023-12-02,Bengaluru,72,21.18,0.0,9.78
2023-12-03,Bengaluru,72,21.27,0.0,8.29
2023-12-04,Bengaluru,72,21.11,0.0,6.52
2023-12-05,Bengaluru,72,22.88,0.0,4.68
2023-12-06,Bengaluru,72,22.08,0.0,5.26
2023-12-07,Bengaluru,72,22.23,0.0,5.44
2023-12-08,Bengaluru,72,17.28,0.0,4.95
2023-12-09,Bengaluru,72,20.55,0.0,8.6
2023-12-10,Bengaluru,72,20.03,0.0,3.12
2023-12-11,Bengaluru,72,19.81,0.0,0.0
2023-12-12,Bengaluru,72,19.3,0.0,7.68
2023-12-13,Bengaluru,72,21.79,0.0,7.47
2023-12-14,Bengaluru,72,21.21,0.0,6.59
2023-12-15,Bengaluru,72,21.29,0.0,10.78
2023-12-16,Bengaluru,72,19.76,0.0,9.51
2023-12-17,Bengaluru,72,21.79,0.0,9.94
2023-12-18,Bengaluru,72,20.82,0.0,11.73
2023-12-19,Bengaluru,72,20.9,0.0,10.75
2023-12-20,Bengaluru,72,20.7,0.0,11.11
2023-12-21,Bengaluru,72,19.68,0.0,8.58
2023-12-22,Bengaluru,72,22.47,0.0,11.29
2023-12-23,Bengaluru,72,21.06,0.0,7.38
2023-12-24,Bengaluru,72,20.96,0.0,4.55
2023-12-25,Bengaluru,72,23.73,0.0,6.86
2023-12-26,Bengaluru,72,22.32,0.0,7.72
2023-12-27,Bengaluru,72,20.0,0.0,5.55
2023-12-28,Bengaluru,72,17.05,0.0,8.98
2023-12-29,Bengaluru,72,16.67,0.0,4.9
2023-12-30,Bengaluru,72,18.05,0.0,6.22
2023-12-31,Bengaluru,72,18.76,0.0,2.74
2024-01-01,Bengaluru,72,19.89,0.0,3.45
2024-01-02,Bengaluru,72,20.13,0.0,0.0
2024-01-03,Bengaluru,72,21.61,0.11,4.17
2024-01-04,Bengaluru,72,21.41,0.0,9.35
2024-01-05,Bengaluru,72,23.34,0.16,1.34
2024-01-06,Bengaluru,72,22.52,0.55,9.0
2024-01-07,Bengaluru,72,21.88,0.0,7.7
2024-01-08,Bengaluru,72,20.39,0.0,3.99
2024-01-09,Bengaluru,72,18.4,0.0,7.58
2024-01-10,Bengaluru,72,20.29,0.0,8.36
2024-01-11,Bengaluru,72,19.59,0.0,5.39
2024-01-12,Bengaluru,72,17.64,0.0,7.17
2024-01-13,Bengaluru,72,20.12,0.0,6.12
2024-01-14,Bengaluru,72,21.94,0.0,6.3
2024-01-15,Bengaluru,72,21.87,0.0,7.2
2024-01-16,Bengaluru,72,22.49,0.0,9.69
2024-01-17,Bengaluru,72,22.85,0.0,9.52
2024-01-18,Bengaluru,72,22.05,0.0,7.91
2024-01-19,Bengaluru,72,22.47,0.0,9.14
2024-01-20,Bengaluru,72,20.49,0.0,4.58
2024-01-21,Bengaluru,72,20.03,0.0,7.53
2024-01-22,Bengaluru,72,20.91,0.0,5.99
2024-01-23,Bengaluru,72,19.23,0.0,3.78
2024-01-24,Bengaluru,72,23.46,0.0,2.62
2024-01-25,Bengaluru,72,22.39,0.0,5.28
2024-01-26,Bengaluru,72,22.17,0.0,5.5
2024-01-27,Bengaluru,72,20.97,0.0,5.53
2024-01-28,Bengaluru,72,23.03,0.0,6.01
2024-01-29,Bengaluru,72,22.6,0.0,5.93
2024-01-30,Bengaluru,72,25.07,0.0,7.77
2024-01-31,Bengaluru,72,22.51,0.0,4.58
2024-02-01,Bengaluru,72,25.8,0.0,6.21
2024-02-02,Bengaluru,72,25.01,0.0,5.73
2024-02-03,Bengaluru,72,24.76,0.0,8.83
2024-02-04,Bengaluru,72,27.29,0.0,8.98
2024-02-05,Bengaluru,72,27.13,0.0,3.59
2024-02-06,Bengaluru,72,26.25,0.0,6.8
2024-02-07,Bengaluru,72,23.63,0.0,5.9
2024-02-08,Bengaluru,72,24.98,0.0,6.14
2024-02-09,Bengaluru,72,21.64,0.0,8.67
2024-02-10,Bengaluru,72,22.35,0.0,7.92
2024-02-11,Bengaluru,72,20.97,0.0,6.79
2024-02-12,Bengaluru,72,19.98,0.0,3.21
2024-02-13,Bengaluru,72,20.0,0.0,6.8
2024-02-14,Bengaluru,72,17.74,0.0,10.7
2024-02-15,Bengaluru,72,18.52,0.0,7.83
2024-02-16,Bengaluru,72,18.03,0.0,6.78
2024-02-17,Bengaluru,72,21.52,0.0,4.3
2024-02-18,Bengaluru,72,22.59,0.0,6.57
2024-02-19,Bengaluru,72,21.43,0.0,5.58
2024-02-20,Bengaluru,72,20.87,0.0,5.42
2024-02-21,Bengaluru,72,21.37,0.0,5.74
2024-02-22,Bengaluru,72,22.14,0.0,5.33
2024-02-23,Bengaluru,72,21.73,0.0,8.82
2024-02-24,Bengaluru,72,22.39,0.0,5.19
2024-02-25,Bengaluru,72,22.59,0.0,5.53
2024-02-26,Bengaluru,72,25.14,0.0,7.94
2024-02-27,Bengaluru,72,24.98,0.0,7.97
2024-02-28,Bengaluru,72,22.07,0.0,7.47
2024-02-29,Bengaluru,72,23.37,0.0,4.91
2024-03-01,Bengaluru,72,25.69,0.0,11.42
2024-03-02,Bengaluru,72,25.77,0.0,7.31
2024-03-03,Bengaluru,72,23.8,0.0,10.11
2024-03-04,Bengaluru,72,22.17,0.0,10.84
2024-03-05,Bengaluru,72,26.49,0.0,11.35
2024-03-06,Bengaluru,72,23.35,0.0,11.0
2024-03-07,Bengaluru,72,25.11,0.0,9.57
2024-03-08,Bengaluru,72,28.76,0.0,9.67
2024-03-09,Bengaluru,72,26.66,0.0,9.09
2024-03-10,Bengaluru,72,30.55,0.0,9.72
2024-03-11,Bengaluru,72,29.69,0.0,11.4
2024-03-12,Bengaluru,72,28.42,0.0,9.51
2024-03-13,Bengaluru,72,28.56,0.0,7.26
2024-03-14,Bengaluru,72,29.3,0.0,8.71
2024-03-15,Bengaluru,72,29.87,0.0,9.45
2024-03-16,Bengaluru,72,27.67,2.34,10.96
2024-03-17,Bengaluru,72,29.31,0.0,7.3
2024-03-18,Bengaluru,72,29.26,0.0,10.75
2024-03-19,Bengaluru,72,28.05,0.0,5.42
2024-03-20,Bengaluru,72,26.28,0.0,11.04
2024-03-21,Bengaluru,72,28.46,0.0,6.44
2024-03-22,Bengaluru,72,25.84,0.0,8.29
2024-03-23,Bengaluru,72,27.42,0.0,11.67
2024-03-24,Bengaluru,72,26.17,0.0,5.56
2024-03-25,Bengaluru,72,23.24,0.0,10.46
2024-03-26,Bengaluru,72,25.53,0.0,10.9
2024-03-27,Bengaluru,72,27.53,1.07,8.42
2024-03-28,Bengaluru,72,25.9,0.0,11.48
2024-03-29,Bengaluru,72,25.8,0.0,14.86
2024-03-30,Bengaluru,72,28.16,0.0,11.16
2024-03-31,Bengaluru,72,25.34,0.0,6.68
2024-04-01,Bengaluru,72,27.02,0.0,9.09
2024-04-02,Bengaluru,72,26.77,0.0,8.33
2024-04-03,Bengaluru,72,31.96,3.37,12.74
2024-04-04,Bengaluru,72,29.08,5.59,8.86
2024-04-05,Bengaluru,72,28.72,0.0,10.19
2024-04-06,Bengaluru,72,27.4,0.0,10.39
2024-04-07,Bengaluru,72,27.15,0.0,17.28
2024-04-08,Bengaluru,72,27.82,0.0,10.6
2024-04-09,Bengaluru,72,28.73,0.0,10.15
2024-04-10,Bengaluru,72,31.49,0.0,5.33
2024-04-11,Bengaluru,72,30.87,0.0,9.04
2024-04-12,Bengaluru,72,29.3,4.64,11.99
2024-04-13,Bengaluru,72,30.07,0.0,5.92
2024-04-14,Bengaluru,72,28.06,0.0,9.97
2024-04-15,Bengaluru,72,26.0,0.0,12.88
2024-04-16,Bengaluru,72,26.43,0.0,7.95
2024-04-17,Bengaluru,72,28.13,0.0,10.69
2024-04-18,Bengaluru,72,28.87,0.0,8.92
2024-04-19,Bengaluru,72,27.84,0.0,9.46
2024-04-20,Bengaluru,72,26.05,0.0,11.08
2024-04-21,Bengaluru,72,28.64,0.0,13.12
2024-04-22,Bengaluru,72,26.31,0.0,8.22
2024-04-23,Bengaluru,72,29.37,0.0,12.08
2024-04-24,Bengaluru,72,28.37,0.0,13.26
2024-04-25,Bengaluru,72,31.48,0.0,11.45
2024-04-26,Bengaluru,72,28.93,0.0,8.83
2024-04-27,Bengaluru,72,33.04,0.0,8.73
2024-04-28,Bengaluru,72,29.35,0.0,9.91
2024-04-29,Bengaluru,72,27.56,0.0,10.25
2024-04-30,Bengaluru,72,29.14,0.0,15.73
2024-05-01,Bengaluru,72,26.2,0.0,11.87
2024-05-02,Bengaluru,72,24.53,0.0,8.98
2024-05-03,Bengaluru,72,26.71,0.0,5.75
2024-05-04,Bengaluru,72,27.12,0.0,7.6
2024-05-05,Bengaluru,72,25.59,3.03,7.99
2024-05-06,Bengaluru,72,24.68,5.46,11.31
2024-05-07,Bengaluru,72,25.75,2.77,8.15
2024-05-08,Bengaluru,72,26.84,11.41,7.79
2024-05-09,Bengaluru,72,26.59,2.09,5.97
2024-05-10,Bengaluru,72,26.2,2.62,9.6
2024-05-11,Bengaluru,72,27.51,0.0,5.49
2024-05-12,Bengaluru,72,32.24,0.0,14.5
2024-05-13,Bengaluru,72,28.71,0.0,12.78
2024-05-14,Bengaluru,72,26.3,0.0,12.16
2024-05-15,Bengaluru,72,27.86,0.0,10.28
2024-05-16,Bengaluru,72,25.92,0.0,9.02
2024-05-17,Bengaluru,72,26.63,9.44,11.87
2024-05-18,Bengaluru,72,26.53,1.85,14.25
2024-05-19,Bengaluru,72,25.95,5.14,12.49
2024-05-20,Bengaluru,72,26.85,0.0,9.71
2024-05-21,Bengaluru,72,25.43,0.0,15.35
2024-05-22,Bengaluru,72,24.68,0.0,7.4
2024-05-23,Bengaluru,72,24.84,0.0,9.81
2024-05-24,Bengaluru,72,23.54,0.0,10.68
2024-05-25,Bengaluru,72,26.73,0.0,10.41
2024-05-26,Bengaluru,72,24.0,0.0,13.76
2024-05-27,Bengaluru,72,24.88,0.0,10.65
2024-05-28,Bengaluru,72,24.56,0.14,8.88
2024-05-29,Bengaluru,72,24.74,0.0,12.5
2024-05-30,Bengaluru,72,23.69,0.0,9.56
2024-05-31,Bengaluru,72,25.39,0.0,12.44
2024-06-01,Bengaluru,72,22.77,0.0,13.25
2024-06-02,Bengaluru,72,22.8,0.0,16.41
2024-06-03,Bengaluru,72,21.4,0.0,16.45
2024-06-04,Bengaluru,72,23.98,0.0,12.44
2024-06-05,Bengaluru,72,28.09,0.0,10.98
2024-06-06,Bengaluru,72,26.2,0.0,10.11
2024-06-07,Bengaluru,72,24.57,9.79,9.78
2024-06-08,Bengaluru,72,28.09,0.0,7.86
2024-06-09,Bengaluru,72,27.21,0.0,9.66
2024-06-10,Bengaluru,72,25.94,59.54,19.75
2024-06-11,Bengaluru,72,21.87,0.0,10.73
2024-06-12,Bengaluru,72,22.92,16.85,17.57
2024-06-13,Bengaluru,72,21.77,0.0,12.93
2024-06-14,Bengaluru,72,23.95,0.0,14.34
2024-06-15,Bengaluru,72,26.09,0.0,16.04
2024-06-16,Bengaluru,72,25.63,0.0,16.37
2024-06-17,Bengaluru,72,28.03,0.0,14.72
2024-06-18,Bengaluru,72,23.65,0.0,10.49
2024-06-19,Bengaluru,72,24.92,0.0,13.04
2024-06-20,Bengaluru,72,23.81,0.0,8.9
2024-06-21,Bengaluru,72,24.19,0.0,13.55
2024-06-22,Bengaluru,72,27.08,0.0,11.89
2024-06-23,Bengaluru,72,24.06,0.0,10.68
2024-06-24,Bengaluru,72,23.23,4.86,11.93
2024-06-25,Bengaluru,72,24.52,0.0,12.08
2024-06-26,Bengaluru,72,25.34,0.0,11.6
2024-06-27,Bengaluru,72,26.03,0.0,7.6
2024-06-28,Bengaluru,72,23.98,0.0,11.83
2024-06-29,Bengaluru,72,22.15,0.0,10.91
2024-06-30,Bengaluru,72,25.52,25.28,15.14
2024-07-01,Bengaluru,72,23.51,29.69,12.21
2024-07-02,Bengaluru,72,24.07,0.0,11.55
2024-07-03,Bengaluru,72,20.79,0.0,10.53
2024-07-04,Bengaluru,72,22.7,0.0,8.77
2024-07-05,Bengaluru,72,23.24,0.0,8.49
2024-07-06,Bengaluru,72,25.2,0.0,9.96
2024-07-07,Bengaluru,72,23.0,0.0,12.01
2024-07-08,Bengaluru,72,21.85,12.01,10.99
2024-07-09,Bengaluru,72,20.5,0.0,11.25
2024-07-10,Bengaluru,72,20.25,0.0,8.63
2024-07-11,Bengaluru,72,19.35,0.0,8.25
2024-07-12,Bengaluru,72,22.31,0.0,12.32
2024-07-13,Bengaluru,72,21.55,0.0,10.88
2024-07-14,Bengaluru,72,20.44,0.0,15.78
2024-07-15,Bengaluru,72,24.53,0.0,9.84
2024-07-16,Bengaluru,72,25.64,0.0,12.5
2024-07-17,Bengaluru,72,22.49,0.0,9.48
2024-07-18,Bengaluru,72,19.37,1.47,9.74
2024-07-19,Bengaluru,72,21.47,2.32,13.02
2024-07-20,Bengaluru,72,22.6,0.0,13.53
2024-07-21,Bengaluru,72,22.7,0.0,15.05
2024-07-22,Bengaluru,72,23.57,0.0,9.87
2024-07-23,Bengaluru,72,20.75,0.0,9.29
2024-07-24,Bengaluru,72,22.96,15.17,14.9
2024-07-25,Bengaluru,72,24.95,0.0,10.16
2024-07-26,Bengaluru,72,22.85,0.0,9.91
2024-07-27,Bengaluru,72,21.68,0.0,11.12
2024-07-28,Bengaluru,72,18.94,0.0,17.11
2024-07-29,Bengaluru,72,18.6,0.0,12.06
2024-07-30,Bengaluru,72,20.54,6.34,12.93
2024-07-31,Bengaluru,72,21.51,16.27,15.01
2024-08-01,Bengaluru,72,21.33,0.0,9.99
2024-08-02,Bengaluru,72,22.86,0.0,13.71
2024-08-03,Bengaluru,72,18.9,0.0,14.46
2024-08-04,Bengaluru,72,19.05,9.93,10.85
2024-08-05,Bengaluru,72,20.49,5.79,9.63
2024-08-06,Bengaluru,72,23.87,3.17,10.02
2024-08-07,Bengaluru,72,22.61,5.29,10.6
2024-08-08,Bengaluru,72,23.63,0.77,8.25
2024-08-09,Bengaluru,72,25.3,2.95,13.98
2024-08-10,Bengaluru,72,24.95,10.32,13.39
2024-08-11,Bengaluru,72,22.85,4.73,15.64
2024-08-12,Bengaluru,72,24.73,0.0,15.11
2024-08-13,Bengaluru,72,24.0,0.0,15.28
2024-08-14,Bengaluru,72,24.77,4.61,14.15
2024-08-15,Bengaluru,72,24.54,0.0,13.84
2024-08-16,Bengaluru,72,22.03,0.0,10.18
2024-08-17,Bengaluru,72,23.8,2.73,10.03
2024-08-18,Bengaluru,72,22.47,3.69,12.16
2024-08-19,Bengaluru,72,22.38,7.66,7.08
2024-08-20,Bengaluru,72,22.94,9.33,11.37
2024-08-21,Bengaluru,72,23.27,12.28,15.81
2024-08-22,Bengaluru,72,23.0,10.34,13.72
2024-08-23,Bengaluru,72,24.63,0.0,10.36
2024-08-24,Bengaluru,72,24.2,0.0,11.09
2024-08-25,Bengaluru,72,20.71,0.0,11.74
2024-08-26,Bengaluru,72,22.77,0.0,13.84
2024-08-27,Bengaluru,72,20.01,1.78,14.27
2024-08-28,Bengaluru,72,20.69,10.11,14.45
2024-08-29,Bengaluru,72,19.15,0.0,12.81
2024-08-30,Bengaluru,72,21.36,0.0,13.61
2024-08-31,Bengaluru,72,18.46,0.0,10.37
2024-09-01,Bengaluru,72,19.33,0.0,7.31
2024-09-02,Bengaluru,72,22.3,0.0,4.71
2024-09-03,Bengaluru,72,21.37,5.68,9.79
2024-09-04,Bengaluru,72,22.39,9.52,12.57
2024-09-05,Bengaluru,72,21.82,2.25,6.78
2024-09-06,Bengaluru,72,22.89,11.27,11.7
2024-09-07,Bengaluru,72,22.33,8.76,11.2
2024-09-08,Bengaluru,72,22.27,1.55,5.34
2024-09-09,Bengaluru,72,23.28,19.06,11.39
2024-09-10,Bengaluru,72,21.98,9.45,7.52
2024-09-11,Bengaluru,72,23.63,5.67,9.61
2024-09-12,Bengaluru,72,23.17,27.09,12.01
2024-09-13,Bengaluru,72,25.22,15.17,7.86
2024-09-14,Bengaluru,72,22.53,4.64,8.15
2024-09-15,Bengaluru,72,24.4,21.84,13.3
2024-09-16,Bengaluru,72,21.1,0.8,8.08
2024-09-17,Bengaluru,72,26.43,7.75,7.31
2024-09-18,Bengaluru,72,22.72,11.74,13.9
2024-09-19,Bengaluru,72,23.74,12.63,10.68
2024-09-20,Bengaluru,72,25.6,7.92,9.08
2024-09-21,Bengaluru,72,23.77,1.79,13.27
2024-09-22,Bengaluru,72,25.11,9.33,17.11
2024-09-23,Bengaluru,72,24.37,0.0,9.55
2024-09-24,Bengaluru,72,25.42,9.83,16.21
2024-09-25,Bengaluru,72,23.51,5.75,11.63
2024-09-26,Bengaluru,72,24.65,2.45,7.44
2024-09-27,Bengaluru,72,26.35,3.01,9.88
2024-09-28,Bengaluru,72,28.05,3.7,12.23
2024-09-29,Bengaluru,72,26.46,24.58,18.84
2024-09-30,Bengaluru,72,25.65,2.49,12.46
2024-10-01,Bengaluru,72,23.33,6.1,9.73
2024-10-02,Bengaluru,72,25.71,6.25,11.32
2024-10-03,Bengaluru,72,25.61,10.91,10.57
2024-10-04,Bengaluru,72,25.86,5.09,10.08
2024-10-05,Bengaluru,72,24.65,7.63,9.26
2024-10-06,Bengaluru,72,21.43,1.58,5.85
2024-10-07,Bengaluru,72,22.37,5.2,7.81
2024-10-08,Bengaluru,72,24.35,8.68,6.69
2024-10-09,Bengaluru,72,21.67,22.11,13.29
2024-10-10,Bengaluru,72,20.43,0.0,3.21
2024-10-11,Bengaluru,72,22.23,0.0,1.59
2024-10-12,Bengaluru,72,22.54,0.0,4.53
2024-10-13,Bengaluru,72,22.71,0.0,4.89
2024-10-14,Bengaluru,72,24.06,0.0,6.3
2024-10-15,Bengaluru,72,23.09,0.0,8.53
2024-10-16,Bengaluru,72,26.53,0.0,7.19
2024-10-17,Bengaluru,72,25.75,0.0,8.51
2024-10-18,Bengaluru,72,24.41,0.0,8.51
2024-10-19,Bengaluru,72,24.69,0.0,5.32
2024-10-20,Bengaluru,72,22.79,1.07,10.05
2024-10-21,Bengaluru,72,23.0,8.71,12.11
2024-10-22,Bengaluru,72,23.75,29.48,14.61
2024-10-23,Bengaluru,72,24.13,4.71,8.53
2024-10-24,Bengaluru,72,24.34,14.62,9.35
2024-10-25,Bengaluru,72,23.99,12.33,8.68
2024-10-26,Bengaluru,72,22.53,0.0,7.77
2024-10-27,Bengaluru,72,22.53,0.0,8.57
2024-10-28,Bengaluru,72,20.99,0.0,7.02
2024-10-29,Bengaluru,72,22.71,0.0,6.95
2024-10-30,Bengaluru,72,22.46,0.0,7.24
2024-10-31,Bengaluru,72,22.54,0.0,7.78
2024-11-01,Bengaluru,72,20.66,0.0,3.09
2024-11-02,Bengaluru,72,20.64,6.72,3.52
2024-11-03,Bengaluru,72,20.27,0.0,5.44
2024-11-04,Bengaluru,72,19.02,0.0,4.72
2024-11-05,Bengaluru,72,18.92,10.95,9.22
2024-11-06,Bengaluru,72,18.03,2.4,3.12
2024-11-07,Bengaluru,72,17.52,16.9,13.45
2024-11-08,Bengaluru,72,20.51,0.0,5.77
2024-11-09,Bengaluru,72,19.21,0.0,4.93
2024-11-10,Bengaluru,72,17.56,0.0,6.82
2024-11-11,Bengaluru,72,17.19,0.0,8.74
2024-11-12,Bengaluru,72,19.41,0.0,9.65
2024-11-13,Bengaluru,72,22.02,7.25,8.9
2024-11-14,Bengaluru,72,23.89,0.0,8.84
2024-11-15,Bengaluru,72,24.61,0.0,3.82
2024-11-16,Bengaluru,72,23.37,10.21,5.94
2024-11-17,Bengaluru,72,22.44,0.0,6.12
2024-11-18,Bengaluru,72,24.01,0.0,8.35
2024-11-19,Bengaluru,72,22.28,0.0,4.42
2024-11-20,Bengaluru,72,21.95,0.0,3.86
2024-11-21,Bengaluru,72,22.41,0.0,9.38
2024-11-22,Bengaluru,72,20.61,6.63,9.8
2024-11-23,Bengaluru,72,21.42,5.89,7.59
2024-11-24,Bengaluru,72,21.25,4.32,8.58
2024-11-25,Bengaluru,72,20.19,0.0,3.57
2024-11-26,Bengaluru,72,19.18,0.0,9.67
2024-11-27,Bengaluru,72,17.98,0.0,8.54
2024-11-28,Bengaluru,72,17.96,0.0,5.6
2024-11-29,Bengaluru,72,21.31,0.0,3.52
2024-11-30,Bengaluru,72,21.06,2.55,6.18
2024-12-01,Bengaluru,72,21.08,0.0,5.84
2024-12-02,Bengaluru,72,20.61,0.0,5.49
2024-12-03,Bengaluru,72,21.95,0.0,4.85
2024-12-04,Bengaluru,72,18.3,0.0,2.96
2024-12-05,Bengaluru,72,19.26,0.0,8.66
2024-12-06,Bengaluru,72,21.01,0.0,8.54
2024-12-07,Bengaluru,72,22.84,0.0,7.13
2024-12-08,Bengaluru,72,21.12,0.0,4.56
2024-12-09,Bengaluru,72,20.92,0.0,6.64
2024-12-10,Bengaluru,72,21.99,0.0,10.03
2024-12-11,Bengaluru,72,19.69,0.0,5.98
2024-12-12,Bengaluru,72,19.28,0.0,7.33
2024-12-13,Bengaluru,72,23.44,0.0,7.51
2024-12-14,Bengaluru,72,21.04,0.0,9.93
2024-12-15,Bengaluru,72,22.06,0.0,9.65
2024-12-16,Bengaluru,72,21.87,0.0,10.16
2024-12-17,Bengaluru,72,19.63,0.0,6.94
2024-12-18,Bengaluru,72,19.21,0.0,11.04
2024-12-19,Bengaluru,72,20.12,0.0,5.91
2024-12-20,Bengaluru,72,20.43,0.0,5.81
2024-12-21,Bengaluru,72,20.3,0.0,4.85
2024-12-22,Bengaluru,72,19.6,0.0,8.29
2024-12-23,Bengaluru,72,18.83,0.0,6.79
2024-12-24,Bengaluru,72,18.74,0.0,8.32
2024-12-25,Bengaluru,72,20.63,0.0,5.86
2024-12-26,Bengaluru,72,19.95,0.0,2.42
2024-12-27,Bengaluru,72,19.67,148.99,21.5
2024-12-28,Bengaluru,72,21.65,0.0,2.56
2024-12-29,Bengaluru,72,23.26,0.0,3.87
2024-12-30,Bengaluru,72,23.05,0.0,5.61
2024-12-31,Bengaluru,72,18.57,0.0,3.6
2025-01-01,Bengaluru,72,23.45,0.0,4.93
2025-01-02,Bengaluru,72,23.72,0.0,6.79
2025-01-03,Bengaluru,72,22.74,0.0,3.23
2025-01-04,Bengaluru,72,20.41,0.0,7.89
2025-01-05,Bengaluru,72,22.19,0.0,8.06
2025-01-06,Bengaluru,72,21.14,0.0,5.42
2025-01-07,Bengaluru,72,20.44,0.0,8.25
2025-01-08,Bengaluru,72,21.24,0.0,7.85
2025-01-09,Bengaluru,72,20.06,0.0,8.43
2025-01-10,Bengaluru,72,19.84,0.0,6.63
2025-01-11,Bengaluru,72,20.05,0.0,4.96
2025-01-12,Bengaluru,72,20.4,0.0,7.07
2025-01-13,Bengaluru,72,21.43,0.0,5.03
2025-01-14,Bengaluru,72,21.41,0.0,5.12
2025-01-15,Bengaluru,72,20.65,0.0,0.0
2025-01-16,Bengaluru,72,22.67,0.0,4.01
2025-01-17,Bengaluru,72,20.66,0.0,7.32
2025-01-18,Bengaluru,72,23.38,0.0,9.22
2025-01-19,Bengaluru,72,22.37,0.0,4.05
2025-01-20,Bengaluru,72,19.11,0.0,6.97
2025-01-21,Bengaluru,72,20.21,0.0,5.74
2025-01-22,Bengaluru,72,17.59,0.0,5.36
2025-01-23,Bengaluru,72,17.3,0.0,1.81
2025-01-24,Bengaluru,72,19.02,0.0,4.09
2025-01-25,Bengaluru,72,17.96,0.0,2.12
2025-01-26,Bengaluru,72,18.08,0.0,5.62
2025-01-27,Bengaluru,72,19.21,0.0,4.04
2025-01-28,Bengaluru,72,17.98,0.0,4.21
2025-01-29,Bengaluru,72,17.85,0.0,4.74
2025-01-30,Bengaluru,72,21.2,0.0,2.88
2025-01-31,Bengaluru,72,17.6,0.0,0.0
2025-02-01,Bengaluru,72,22.8,0.0,0.0
2025-02-02,Bengaluru,72,21.47,0.0,6.54
2025-02-03,Bengaluru,72,19.59,0.0,6.67
2025-02-04,Bengaluru,72,24.22,0.0,11.24
2025-02-05,Bengaluru,72,22.59,0.0,7.01
2025-02-06,Bengaluru,72,22.71,0.0,8.16
2025-02-07,Bengaluru,72,23.31,0.0,7.55
2025-02-08,Bengaluru,72,24.18,0.0,6.56
2025-02-09,Bengaluru,72,22.36,0.0,9.12
2025-02-10,Bengaluru,72,25.83,0.0,7.44
2025-02-11,Bengaluru,72,26.82,0.0,2.78
2025-02-12,Bengaluru,72,25.23,0.0,5.66
2025-02-13,Bengaluru,72,25.94,0.0,8.67
2025-02-14,Bengaluru,72,27.33,0.0,7.73
2025-02-15,Bengaluru,72,25.86,0.0,7.84
2025-02-16,Bengaluru,72,25.34,0.0,4.11
2025-02-17,Bengaluru,72,24.07,0.0,4.42
2025-02-18,Bengaluru,72,21.48,0.0,6.1
2025-02-19,Bengaluru,72,23.93,0.0,8.94
2025-02-20,Bengaluru,72,23.86,0.0,7.39
2025-02-21,Bengaluru,72,21.3,0.0,8.88
2025-02-22,Bengaluru,72,21.88,0.0,7.86
2025-02-23,Bengaluru,72,19.35,0.0,9.7
2025-02-24,Bengaluru,72,17.56,0.0,7.31
2025-02-25,Bengaluru,72,21.02,0.0,4.16
2025-02-26,Bengaluru,72,21.0,0.0,3.56
2025-02-27,Bengaluru,72,22.34,0.0,2.53
2025-02-28,Bengaluru,72,21.18,0.0,6.65
2025-03-01,Bengaluru,72,26.05,0.0,6.43
2025-03-02,Bengaluru,72,23.47,0.0,8.15
2025-03-03,Bengaluru,72,25.25,0.0,3.33
2025-03-04,Bengaluru,72,27.05,0.0,5.66
2025-03-05,Bengaluru,72,25.94,0.0,7.91
2025-03-06,Bengaluru,72,26.79,0.0,8.36
2025-03-07,Bengaluru,72,26.37,0.0,9.96
2025-03-08,Bengaluru,72,27.77,0.0,5.5
2025-03-09,Bengaluru,72,27.71,0.0,7.28
2025-03-10,Bengaluru,72,27.6,0.0,11.14
2025-03-11,Bengaluru,72,25.24,0.0,10.7
2025-03-12,Bengaluru,72,25.52,0.0,5.68
2025-03-13,Bengaluru,72,21.62,0.0,4.79
2025-03-14,Bengaluru,72,22.7,0.0,5.67
2025-03-15,Bengaluru,72,23.71,0.0,8.91
2025-03-16,Bengaluru,72,22.21,0.0,5.98
2025-03-17,Bengaluru,72,21.29,0.0,5.23
2025-03-18,Bengaluru,72,22.93,0.0,10.0
2025-03-19,Bengaluru,72,26.85,0.0,10.4
2025-03-20,Bengaluru,72,27.02,0.0,10.39
2025-03-21,Bengaluru,72,24.84,0.0,9.45
2025-03-22,Bengaluru,72,24.71,0.0,6.26
2025-03-23,Bengaluru,72,26.53,0.0,5.32
2025-03-24,Bengaluru,72,25.2,0.0,6.23
2025-03-25,Bengaluru,72,26.13,0.0,6.35
2025-03-26,Bengaluru,72,24.31,0.0,4.84
2025-03-27,Bengaluru,72,26.46,0.0,9.66
2025-03-28,Bengaluru,72,25.65,0.0,9.81
2025-03-29,Bengaluru,72,27.01,0.0,7.01
2025-03-30,Bengaluru,72,25.73,0.0,7.86
2025-03-31,Bengaluru,72,26.6,0.0,7.17
2025-04-01,Bengaluru,72,28.36,0.0,6.96
2025-04-02,Bengaluru,72,27.04,0.0,9.58
2025-04-03,Bengaluru,72,25.8,0.0,7.85
2025-04-04,Bengaluru,72,28.1,0.0,12.55
2025-04-05,Bengaluru,72,26.8,0.0,8.78
2025-04-06,Bengaluru,72,26.85,0.0,8.01
2025-04-07,Bengaluru,72,28.65,0.0,9.16
2025-04-08,Bengaluru,72,30.89,0.0,12.52
2025-04-09,Bengaluru,72,26.95,0.0,10.42
2025-04-10,Bengaluru,72,26.32,0.0,11.03
2025-04-11,Bengaluru,72,25.82,0.0,12.31
2025-04-12,Bengaluru,72,26.27,0.0,15.15
2025-04-13,Bengaluru,72,28.78,0.0,9.04
2025-04-14,Bengaluru,72,27.16,8.07,12.09
2025-04-15,Bengaluru,72,30.19,12.0,11.83
2025-04-16,Bengaluru,72,29.47,0.0,12.46
2025-04-17,Bengaluru,72,27.09,0.0,12.11
2025-04-18,Bengaluru,72,27.24,9.2,14.26
2025-04-19,Bengaluru,72,26.59,7.15,14.66
2025-04-20,Bengaluru,72,25.95,8.18,15.88
2025-04-21,Bengaluru,72,23.45,0.0,10.58
2025-04-22,Bengaluru,72,26.16,0.0,8.58
2025-04-23,Bengaluru,72,25.44,0.0,11.37
2025-04-24,Bengaluru,72,27.29,10.11,10.56
2025-04-25,Bengaluru,72,26.72,1.18,7.7
2025-04-26,Bengaluru,72,27.78,0.0,5.37
2025-04-27,Bengaluru,72,30.88,0.0,7.33
2025-04-28,Bengaluru,72,31.74,2.91,7.43
2025-04-29,Bengaluru,72,27.43,24.89,13.82
2025-04-30,Bengaluru,72,27.47,12.55,13.5
2025-05-01,Bengaluru,72,28.29,1.57,12.28
2025-05-02,Bengaluru,72,29.68,0.0,8.7
2025-05-03,Bengaluru,72,28.17,0.0,7.11
2025-05-04,Bengaluru,72,31.23,0.0,11.2
2025-05-05,Bengaluru,72,28.25,0.0,13.51
2025-05-06,Bengaluru,72,25.62,25.98,16.59
2025-05-07,Bengaluru,72,27.64,0.74,11.94
2025-05-08,Bengaluru,72,26.19,12.63,9.49
2025-05-09,Bengaluru,72,26.03,0.0,4.06
2025-05-10,Bengaluru,72,26.9,0.0,8.72
2025-05-11,Bengaluru,72,25.65,0.0,5.96
2025-05-12,Bengaluru,72,26.78,0.0,12.48
2025-05-13,Bengaluru,72,27.12,0.0,11.11
2025-05-14,Bengaluru,72,25.21,0.0,8.86
2025-05-15,Bengaluru,72,24.41,7.4,11.8
2025-05-16,Bengaluru,72,25.07,1.09,8.44
2025-05-17,Bengaluru,72,25.89,4.31,7.69
2025-05-18,Bengaluru,72,26.56,3.19,9.92
2025-05-19,Bengaluru,72,27.58,0.0,10.13
2025-05-20,Bengaluru,72,29.46,8.9,12.11
2025-05-21,Bengaluru,72,28.43,0.0,10.89
2025-05-22,Bengaluru,72,29.85,0.0,13.75
2025-05-23,Bengaluru,72,25.26,0.0,14.97
2025-05-24,Bengaluru,72,24.7,27.47,16.35
2025-05-25,Bengaluru,72,23.05,0.0,13.06
2025-05-26,Bengaluru,72,24.74,0.0,7.35
2025-05-27,Bengaluru,72,24.92,0.0,11.43
2025-05-28,Bengaluru,72,26.56,10.11,11.73
2025-05-29,Bengaluru,72,27.03,3.88,8.26
2025-05-30,Bengaluru,72,28.63,0.0,9.12
2025-05-31,Bengaluru,72,29.8,0.0,11.46
2025-06-01,Bengaluru,72,28.06,0.0,14.14
2025-06-02,Bengaluru,72,25.04,0.0,13.95
2025-06-03,Bengaluru,72,27.5,0.0,12.65
2025-06-04,Bengaluru,72,24.3,16.94,16.19
2025-06-05,Bengaluru,72,25.32,0.0,14.24
2025-06-06,Bengaluru,72,26.57,0.0,8.92
2025-06-07,Bengaluru,72,24.91,0.0,11.23
2025-06-08,Bengaluru,72,27.75,0.0,11.29
2025-06-09,Bengaluru,72,28.16,0.0,11.74
2025-06-10,Bengaluru,72,26.1,0.0,13.75
2025-06-11,Bengaluru,72,25.82,0.0,13.74
2025-06-12,Bengaluru,72,25.03,0.0,14.07
2025-06-13,Bengaluru,72,24.59,0.0,12.07
2025-06-14,Bengaluru,72,23.52,0.0,10.41
2025-06-15,Bengaluru,72,23.95,0.0,12.49
2025-06-16,Bengaluru,72,19.63,0.0,14.56
2025-06-17,Bengaluru,72,20.78,0.0,13.8
2025-06-18,Bengaluru,72,21.6,0.0,10.0
2025-06-19,Bengaluru,72,21.87,0.0,8.45
2025-06-20,Bengaluru,72,22.15,0.0,7.87
2025-06-21,Bengaluru,72,23.9,4.23,10.6
2025-06-22,Bengaluru,72,23.81,0.0,12.86
2025-06-23,Bengaluru,72,23.04,0.0,9.54
2025-06-24,Bengaluru,72,23.79,0.0,10.94
2025-06-25,Bengaluru,72,23.4,0.0,11.51
2025-06-26,Bengaluru,72,22.06,0.0,14.24
2025-06-27,Bengaluru,72,22.05,0.0,10.63
2025-06-28,Bengaluru,72,23.46,0.0,13.41
2025-06-29,Bengaluru,72,24.76,0.0,16.18
2025-06-30,Bengaluru,72,26.82,2.56,13.15
2025-07-01,Bengaluru,72,22.24,8.93,14.02
2025-07-02,Bengaluru,72,21.54,0.0,10.23
2025-07-03,Bengaluru,72,23.89,0.0,13.88
2025-07-04,Bengaluru,72,22.39,0.0,9.32
2025-07-05,Bengaluru,72,20.79,0.0,12.54
2025-07-06,Bengaluru,72,22.14,0.0,13.66
2025-07-07,Bengaluru,72,23.53,0.0,12.95
2025-07-08,Bengaluru,72,21.64,5.43,15.01
2025-07-09,Bengaluru,72,22.83,33.85,21.25
2025-07-10,Bengaluru,72,23.21,0.0,12.96
2025-07-11,Bengaluru,72,19.91,5.76,6.79
2025-07-12,Bengaluru,72,21.25,1.75,11.89
2025-07-13,Bengaluru,72,22.95,14.32,15.52
2025-07-14,Bengaluru,72,23.23,0.0,16.83
2025-07-15,Bengaluru,72,21.57,0.0,10.65
2025-07-16,Bengaluru,72,21.16,0.0,10.99
2025-07-17,Bengaluru,72,22.12,25.0,15.72
2025-07-18,Bengaluru,72,21.55,2.92,10.46
2025-07-19,Bengaluru,72,22.72,0.0,13.3
2025-07-20,Bengaluru,72,23.18,0.0,12.06
2025-07-21,Bengaluru,72,22.74,0.0,12.87
2025-07-22,Bengaluru,72,24.94,5.69,14.76
2025-07-23,Bengaluru,72,24.17,13.21,12.66
2025-07-24,Bengaluru,72,25.92,8.53,14.66
2025-07-25,Bengaluru,72,22.84,0.0,10.13
2025-07-26,Bengaluru,72,26.16,0.0,12.38
2025-07-27,Bengaluru,72,23.55,0.0,12.44
2025-07-28,Bengaluru,72,22.47,8.0,11.31
2025-07-29,Bengaluru,72,22.98,0.0,14.12
2025-07-30,Bengaluru,72,22.4,0.0,16.29
2025-07-31,Bengaluru,72,23.18,0.42,13.18
2025-08-01,Bengaluru,72,23.98,44.81,18.09
2025-08-02,Bengaluru,72,26.0,0.0,8.8
2025-08-03,Bengaluru,72,26.3,0.0,7.11
2025-08-04,Bengaluru,72,22.9,0.0,7.34
2025-08-05,Bengaluru,72,24.29,0.0,9.6
2025-08-06,Bengaluru,72,24.41,0.0,10.41
2025-08-07,Bengaluru,72,22.81,0.0,6.95
2025-08-08,Bengaluru,72,23.74,0.0,8.64
2025-08-09,Bengaluru,72,24.33,0.0,8.44
2025-08-10,Bengaluru,72,22.86,0.0,10.85
2025-08-11,Bengaluru,72,22.32,0.0,12.98
2025-08-12,Bengaluru,72,22.7,0.0,14.97
2025-08-13,Bengaluru,72,22.41,0.0,14.14
2025-08-14,Bengaluru,72,19.81,3.25,17.28
2025-08-15,Bengaluru,72,22.3,21.72,15.04
2025-08-16,Bengaluru,72,22.57,2.98,14.34
2025-08-17,Bengaluru,72,23.27,6.75,13.3
2025-08-18,Bengaluru,72,21.61,4.65,15.41
2025-08-19,Bengaluru,72,23.81,7.79,15.35
2025-08-20,Bengaluru,72,24.87,0.0,14.7
2025-08-21,Bengaluru,72,23.3,0.0,14.07
2025-08-22,Bengaluru,72,25.51,0.0,14.29
2025-08-23,Bengaluru,72,21.63,0.0,9.29
2025-08-24,Bengaluru,72,22.37,0.0,10.48
2025-08-25,Bengaluru,72,19.33,0.0,8.99
2025-08-26,Bengaluru,72,20.54,0.0,11.68
2025-08-27,Bengaluru,72,23.61,7.07,14.19
2025-08-28,Bengaluru,72,22.25,0.0,12.19
2025-08-29,Bengaluru,72,21.1,0.0,9.72
2025-08-30,Bengaluru,72,21.02,0.0,11.83
2025-08-31,Bengaluru,72,20.52,0.0,11.61
2025-09-01,Bengaluru,72,22.25,0.0,9.27
2025-09-02,Bengaluru,72,24.92,0.0,9.06
2025-09-03,Bengaluru,72,25.08,0.0,11.16
2025-09-04,Bengaluru,72,25.5,0.0,11.66
2025-09-05,Bengaluru,72,23.26,0.0,12.19
2025-09-06,Bengaluru,72,24.39,0.0,9.55
2025-09-07,Bengaluru,72,23.62,0.0,11.77
2025-09-08,Bengaluru,72,24.15,0.0,11.22
2025-09-09,Bengaluru,72,26.12,0.0,11.92
2025-09-10,Bengaluru,72,24.26,0.0,9.43
2025-09-11,Bengaluru,72,25.52,0.0,13.63
2025-09-12,Bengaluru,72,24.33,0.0,10.29
2025-09-13,Bengaluru,72,24.36,0.0,13.07
2025-09-14,Bengaluru,72,24.09,0.0,11.14
2025-09-15,Bengaluru,72,20.56,0.0,7.8
2025-09-16,Bengaluru,72,23.35,0.0,8.76
2025-09-17,Bengaluru,72,23.34,0.0,9.89
2025-09-18,Bengaluru,72,24.36,0.0,5.05
2025-09-19,Bengaluru,72,23.18,17.52,8.64
2025-09-20,Bengaluru,72,20.47,29.86,13.06
2025-09-21,Bengaluru,72,23.3,15.39,13.32
2025-09-22,Bengaluru,72,22.36,0.0,8.06
2025-09-23,Bengaluru,72,20.3,0.0,6.18
2025-09-24,Bengaluru,72,20.25,0.0,13.0
2025-09-25,Bengaluru,72,21.1,0.0,7.27
2025-09-26,Bengaluru,72,18.04,0.0,12.15
2025-09-27,Bengaluru,72,21.63,0.0,12.93
2025-09-28,Bengaluru,72,21.02,1.1,10.54
2025-09-29,Bengaluru,72,19.55,3.19,11.39
2025-09-30,Bengaluru,72,24.21,5.95,13.4
2023-01-01,Bengaluru,120,20.28,0.0,10.08
2023-01-02,Bengaluru,120,20.63,0.0,4.41
2023-01-03,Bengaluru,120,19.95,0.0,8.18
2023-01-04,Bengaluru,120,18.75,0.0,7.09
2023-01-05,Bengaluru,120,18.68,0.0,2.69
2023-01-06,Bengaluru,120,18.58,0.0,5.34
2023-01-07,Bengaluru,120,18.6,0.0,8.41
2023-01-08,Bengaluru,120,22.72,0.0,7.74
2023-01-09,Bengaluru,120,18.72,0.0,7.5
2023-01-10,Bengaluru,120,19.14,0.0,5.94
2023-01-11,Bengaluru,120,18.27,0.0,8.98
2023-01-12,Bengaluru,120,19.05,0.0,10.31
2023-01-13,Bengaluru,120,21.79,1.19,10.34
2023-01-14,Bengaluru,120,17.91,0.0,4.06
2023-01-15,Bengaluru,120,21.28,0.0,8.58
2023-01-16,Bengaluru,120,17.01,0.0,10.49
2023-01-17,Bengaluru,120,22.6,0.0,2.64
2023-01-18,Bengaluru,120,24.97,0.36,8.2
2023-01-19,Bengaluru,120,22.83,0.0,1.23
2023-01-20,Bengaluru,120,20.72,0.0,8.23
2023-01-21,Bengaluru,120,22.18,0.0,4.89
2023-01-22,Bengaluru,120,18.95,0.0,9.38
2023-01-23,Bengaluru,120,22.73,0.0,5.27
2023-01-24,Bengaluru,120,19.69,0.0,6.66
2023-01-25,Bengaluru,120,19.87,0.0,8.83
2023-01-26,Bengaluru,120,20.72,0.0,8.09
2023-01-27,Bengaluru,120,19.04,0.0,8.36
2023-01-28,Bengaluru,120,20.75,0.0,7.43
2023-01-29,Bengaluru,120,20.33,0.0,5.44
2023-01-30,Bengaluru,120,20.78,0.0,7.55
2023-01-31,Bengaluru,120,21.17,0.0,7.05
2023-02-01,Bengaluru,120,25.42,0.0,9.81
2023-02-02,Bengaluru,120,24.2,0.0,9.21
2023-02-03,Bengaluru,120,22.38,0.0,0.4
2023-02-04,Bengaluru,120,23.85,0.0,7.42
2023-02-05,Bengaluru,120,23.31,0.0,5.39
2023-02-06,Bengaluru,120,25.09,0.0,5.97
2023-02-07,Bengaluru,120,21.4,0.0,6.48
2023-02-08,Bengaluru,120,20.88,0.0,5.65
2023-02-09,Bengaluru,120,22.6,0.0,6.61
2023-02-10,Bengaluru,120,21.4,0.0,8.13
2023-02-11,Bengaluru,120,23.26,0.0,7.55
2023-02-12,Bengaluru,120,24.48,0.0,10.45
2023-02-13,Bengaluru,120,21.38,0.0,9.83
2023-02-14,Bengaluru,120,23.94,0.0,11.86
2023-02-15,Bengaluru,120,21.7,0.0,9.52
2023-02-16,Bengaluru,120,23.18,0.0,10.78
2023-02-17,Bengaluru,120,24.73,0.0,12.24
2023-02-18,Bengaluru,120,22.03,0.0,7.31
2023-02-19,Bengaluru,120,22.81,0.0,6.95
2023-02-20,Bengaluru,120,24.74,0.0,9.1
2023-02-21,Bengaluru,120,24.73,0.0,6.46
2023-02-22,Bengaluru,120,22.96,0.0,2.4
2023-02-23,Bengaluru,120,24.14,0.0,6.02
2023-02-24,Bengaluru,120,22.96,0.0,3.19
2023-02-25,Bengaluru,120,23.21,0.0,6.8
2023-02-26,Bengaluru,120,23.55,0.0,10.11
2023-02-27,Bengaluru,120,22.39,0.0,8.44
2023-02-28,Bengaluru,120,21.37,0.0,6.94
2023-03-01,Bengaluru,120,24.07,0.0,9.02
2023-03-02,Bengaluru,120,24.72,0.0,6.89
2023-03-03,Bengaluru,120,28.37,0.0,9.43
2023-03-04,Bengaluru,120,28.12,0.0,7.22
2023-03-05,Bengaluru,120,27.1,0.0,12.14
2023-03-06,Bengaluru,120,26.39,0.0,11.56
2023-03-07,Bengaluru,120,25.09,0.0,7.48
2023-03-08,Bengaluru,120,26.28,0.0,7.98
2023-03-09,Bengaluru,120,28.33,0.0,6.35
2023-03-10,Bengaluru,120,27.2,0.0,7.06
2023-03-11,Bengaluru,120,28.87,0.0,4.62
2023-03-12,Bengaluru,120,26.7,0.0,4.57
2023-03-13,Bengaluru,120,28.17,0.0,9.3
2023-03-14,Bengaluru,120,26.07,0.0,8.23
2023-03-15,Bengaluru,120,30.23,0.0,4.38
2023-03-16,Bengaluru,120,28.6,0.0,11.53
2023-03-17,Bengaluru,120,26.84,0.0,12.46
2023-03-18,Bengaluru,120,24.74,0.0,9.07
2023-03-19,Bengaluru,120,26.92,0.0,14.04
2023-03-20,Bengaluru,120,26.94,0.0,11.23
2023-03-21,Bengaluru,120,27.81,0.0,10.99
2023-03-22,Bengaluru,120,30.49,0.0,12.13
2023-03-23,Bengaluru,120,27.36,0.0,10.64
2023-03-24,Bengaluru,120,24.69,0.0,6.74
2023-03-25,Bengaluru,120,23.83,0.0,11.62
2023-03-26,Bengaluru,120,25.1,0.0,9.27
2023-03-27,Bengaluru,120,23.31,0.0,13.3
2023-03-28,Bengaluru,120,22.88,0.0,7.49
2023-03-29,Bengaluru,120,25.76,0.0,9.81
2023-03-30,Bengaluru,120,25.62,0.0,7.16
2023-03-31,Bengaluru,120,26.83,0.0,8.09
2023-04-01,Bengaluru,120,27.61,0.0,14.93
2023-04-02,Bengaluru,120,26.88,0.0,15.36
2023-04-03,Bengaluru,120,28.88,0.0,9.45
2023-04-04,Bengaluru,120,28.5,0.0,11.84
2023-04-05,Bengaluru,120,27.76,0.0,12.43
2023-04-06,Bengaluru,120,26.45,0.0,13.53
2023-04-07,Bengaluru,120,28.08,0.0,12.83
2023-04-08,Bengaluru,120,27.45,0.0,7.2
2023-04-09,Bengaluru,120,25.48,0.0,8.7
2023-04-10,Bengaluru,120,24.58,0.0,12.67
2023-04-11,Bengaluru,120,27.3,0.0,8.58
2023-04-12,Bengaluru,120,28.76,0.0,7.95
2023-04-13,Bengaluru,120,27.83,0.0,0.74
2023-04-14,Bengaluru,120,25.38,0.0,7.65
2023-04-15,Bengaluru,120,27.37,4.3,9.73
2023-04-16,Bengaluru,120,25.26,17.64,12.49
2023-04-17,Bengaluru,120,27.13,6.09,11.81
2023-04-18,Bengaluru,120,26.75,0.0,12.59
2023-04-19,Bengaluru,120,26.18,0.0,5.09
2023-04-20,Bengaluru,120,24.45,0.0,9.36
2023-04-21,Bengaluru,120,27.14,0.0,11.47
2023-04-22,Bengaluru,120,27.91,0.0,9.79
2023-04-23,Bengaluru,120,26.22,0.0,6.3
2023-04-24,Bengaluru,120,25.06,0.0,5.3
2023-04-25,Bengaluru,120,23.72,0.0,10.06
2023-04-26,Bengaluru,120,28.61,0.0,11.74
2023-04-27,Bengaluru,120,28.83,0.0,6.64
2023-04-28,Bengaluru,120,27.73,0.0,8.68
2023-04-29,Bengaluru,120,26.39,0.0,7.86
2023-04-30,Bengaluru,120,26.46,0.0,8.29
2023-05-01,Bengaluru,120,25.73,1.36,12.77
2023-05-02,Bengaluru,120,25.68,17.9,17.14
2023-05-03,Bengaluru,120,29.51,9.67,14.89
2023-05-04,Bengaluru,120,27.77,12.14,13.71
2023-05-05,Bengaluru,120,26.19,0.0,9.7
2023-05-06,Bengaluru,120,28.09,0.0,12.08
2023-05-07,Bengaluru,120,27.72,9.54,19.51
2023-05-08,Bengaluru,120,29.47,4.65,11.25
2023-05-09,Bengaluru,120,28.3,7.44,14.64
2023-05-10,Bengaluru,120,27.47,0.0,10.17
2023-05-11,Bengaluru,120,28.34,0.0,15.2
2023-05-12,Bengaluru,120,28.89,0.0,12.76
2023-05-13,Bengaluru,120,26.81,0.0,12.61
2023-05-14,Bengaluru,120,24.39,0.0,11.62
2023-05-15,Bengaluru,120,29.47,0.0,13.32
2023-05-16,Bengaluru,120,28.73,15.7,9.17
2023-05-17,Bengaluru,120,31.43,1.2,8.04
2023-05-18,Bengaluru,120,34.29,7.38,12.83
2023-05-19,Bengaluru,120,29.56,10.92,11.82
2023-05-20,Bengaluru,120,30.87,1.81,13.26
2023-05-21,Bengaluru,120,27.85,1.12,9.25
2023-05-22,Bengaluru,120,29.39,8.24,12.75
2023-05-23,Bengaluru,120,25.71,0.0,9.85
2023-05-24,Bengaluru,120,28.95,6.55,8.45
2023-05-25,Bengaluru,120,27.3,0.0,10.4
2023-05-26,Bengaluru,120,27.84,31.77,16.87
2023-05-27,Bengaluru,120,27.19,4.74,11.12
2023-05-28,Bengaluru,120,28.17,2.62,9.46
2023-05-29,Bengaluru,120,28.25,0.0,9.23
2023-05-30,Bengaluru,120,31.06,0.0,1.63
2023-05-31,Bengaluru,120,29.94,0.0,12.2
2023-06-01,Bengaluru,120,28.57,13.15,13.04
2023-06-02,Bengaluru,120,28.36,0.0,13.16
2023-06-03,Bengaluru,120,24.3,0.0,15.02
2023-06-04,Bengaluru,120,23.66,103.07,21.89
2023-06-05,Bengaluru,120,24.5,14.6,17.83
2023-06-06,Bengaluru,120,22.88,0.0,15.52
2023-06-07,Bengaluru,120,26.51,0.0,14.44
2023-06-08,Bengaluru,120,24.82,0.0,15.72
2023-06-09,Bengaluru,120,27.32,0.0,12.49
2023-06-10,Bengaluru,120,20.72,0.0,15.57
2023-06-11,Bengaluru,120,23.63,0.0,11.21
2023-06-12,Bengaluru,120,24.75,5.17,9.56
2023-06-13,Bengaluru,120,27.32,0.0,10.84
2023-06-14,Bengaluru,120,28.74,0.0,11.97
2023-06-15,Bengaluru,120,30.13,0.0,16.15
2023-06-16,Bengaluru,120,28.34,0.0,8.24
2023-06-17,Bengaluru,120,29.15,0.0,7.69
2023-06-18,Bengaluru,120,25.69,0.0,14.73
2023-06-19,Bengaluru,120,27.16,0.0,9.84
2023-06-20,Bengaluru,120,23.61,0.0,10.98
2023-06-21,Bengaluru,120,24.82,0.0,15.82
2023-06-22,Bengaluru,120,24.9,0.0,9.84
2023-06-23,Bengaluru,120,26.12,0.0,8.22
2023-06-24,Bengaluru,120,26.91,0.0,10.37
2023-06-25,Bengaluru,120,26.85,0.0,10.12
2023-06-26,Bengaluru,120,25.93,0.0,12.69
2023-06-27,Bengaluru,120,26.52,0.0,12.64
2023-06-28,Bengaluru,120,24.75,0.0,17.22
2023-06-29,Bengaluru,120,26.08,0.0,14.78
2023-06-30,Bengaluru,120,27.25,0.0,10.37
2023-07-01,Bengaluru,120,26.59,4.6,12.04
2023-07-02,Bengaluru,120,27.41,4.8,10.08
2023-07-03,Bengaluru,120,27.01,0.0,11.23
2023-07-04,Bengaluru,120,25.42,0.0,14.16
2023-07-05,Bengaluru,120,24.98,0.0,7.73
2023-07-06,Bengaluru,120,21.65,0.0,13.61
2023-07-07,Bengaluru,120,23.74,0.0,13.24
2023-07-08,Bengaluru,120,21.6,0.0,17.97
2023-07-09,Bengaluru,120,24.19,0.0,14.77
2023-07-10,Bengaluru,120,24.88,0.0,12.92
2023-07-11,Bengaluru,120,26.11,0.0,18.74
2023-07-12,Bengaluru,120,26.31,0.0,13.17
2023-07-13,Bengaluru,120,22.67,2.31,13.44
2023-07-14,Bengaluru,120,24.73,56.96,24.87
2023-07-15,Bengaluru,120,25.21,0.42,8.2
2023-07-16,Bengaluru,120,24.65,2.92,3.75
2023-07-17,Bengaluru,120,24.95,1.22,12.5
2023-07-18,Bengaluru,120,26.72,0.0,14.7
2023-07-19,Bengaluru,120,23.33,0.0,16.7
2023-07-20,Bengaluru,120,21.81,0.0,15.96
2023-07-21,Bengaluru,120,23.64,0.0,8.73
2023-07-22,Bengaluru,120,21.94,0.0,12.42
2023-07-23,Bengaluru,120,24.13,0.0,13.47
2023-07-24,Bengaluru,120,24.31,3.96,16.54
2023-07-25,Bengaluru,120,22.94,0.0,8.62
2023-07-26,Bengaluru,120,22.12,0.0,11.34
2023-07-27,Bengaluru,120,25.39,0.0,8.38
2023-07-28,Bengaluru,120,23.81,0.0,8.76
2023-07-29,Bengaluru,120,25.55,0.23,16.61
2023-07-30,Bengaluru,120,22.73,0.0,10.04
2023-07-31,Bengaluru,120,26.06,0.0,8.54
2023-08-01,Bengaluru,120,24.25,2.59,9.05
2023-08-02,Bengaluru,120,24.39,9.85,16.43
2023-08-03,Bengaluru,120,26.44,0.0,10.52
2023-08-04,Bengaluru,120,26.56,2.16,13.52
2023-08-05,Bengaluru,120,25.83,0.0,7.73
2023-08-06,Bengaluru,120,23.72,0.0,12.94
2023-08-07,Bengaluru,120,23.02,2.5,12.51
2023-08-08,Bengaluru,120,24.97,3.18,14.52
2023-08-09,Bengaluru,120,21.76,3.96,7.16
2023-08-10,Bengaluru,120,24.32,3.88,9.16
2023-08-11,Bengaluru,120,20.19,69.18,19.93
2023-08-12,Bengaluru,120,22.97,4.21,9.32
2023-08-13,Bengaluru,120,22.12,0.0,10.24
2023-08-14,Bengaluru,120,26.41,0.0,9.02
2023-08-15,Bengaluru,120,26.37,7.29,12.19
2023-08-16,Bengaluru,120,26.19,0.0,7.93
2023-08-17,Bengaluru,120,26.53,0.0,15.36
2023-08-18,Bengaluru,120,25.38,0.0,14.05
2023-08-19,Bengaluru,120,25.62,0.0,18.89
2023-08-20,Bengaluru,120,23.37,0.0,15.28
2023-08-21,Bengaluru,120,23.06,0.0,8.94
2023-08-22,Bengaluru,120,25.7,0.0,12.67
2023-08-23,Bengaluru,120,23.07,0.0,9.61
2023-08-24,Bengaluru,120,23.23,0.0,17.3
2023-08-25,Bengaluru,120,26.09,0.0,10.61
2023-08-26,Bengaluru,120,27.1,0.0,9.9
2023-08-27,Bengaluru,120,24.53,0.0,13.07
2023-08-28,Bengaluru,120,22.92,0.0,4.69
2023-08-29,Bengaluru,120,26.53,4.9,13.82
2023-08-30,Bengaluru,120,25.3,0.0,12.18
2023-08-31,Bengaluru,120,21.18,3.26,12.95
2023-09-01,Bengaluru,120,22.0,9.97,15.14
2023-09-02,Bengaluru,120,22.04,6.37,10.19
2023-09-03,Bengaluru,120,20.98,20.26,10.92
2023-09-04,Bengaluru,120,23.54,1.47,8.94
2023-09-05,Bengaluru,120,23.11,2.2,5.52
2023-09-06,Bengaluru,120,22.44,2.31,5.77
2023-09-07,Bengaluru,120,21.71,25.35,13.29
2023-09-08,Bengaluru,120,19.08,5.41,6.87
2023-09-09,Bengaluru,120,20.78,7.03,13.81
2023-09-10,Bengaluru,120,19.12,3.83,10.61
2023-09-11,Bengaluru,120,19.28,0.92,8.34
2023-09-12,Bengaluru,120,20.83,5.62,8.38
2023-09-13,Bengaluru,120,19.62,0.0,10.58
2023-09-14,Bengaluru,120,20.24,0.0,10.04
2023-09-15,Bengaluru,120,20.33,0.0,9.6
2023-09-16,Bengaluru,120,22.35,12.03,13.16
2023-09-17,Bengaluru,120,22.85,7.08,14.93
2023-09-18,Bengaluru,120,22.75,15.0,15.08
2023-09-19,Bengaluru,120,18.81,7.32,12.08
2023-09-20,Bengaluru,120,21.7,6.24,14.11
2023-09-21,Bengaluru,120,24.69,19.76,11.39
2023-09-22,Bengaluru,120,21.64,5.25,7.44
2023-09-23,Bengaluru,120,21.34,41.71,10.64
2023-09-24,Bengaluru,120,21.77,0.85,7.87
2023-09-25,Bengaluru,120,23.66,3.37,6.87
2023-09-26,Bengaluru,120,23.79,28.47,13.54
2023-09-27,Bengaluru,120,27.95,7.8,6.35
2023-09-28,Bengaluru,120,26.37,22.51,14.93
2023-09-29,Bengaluru,120,25.3,6.46,5.49
2023-09-30,Bengaluru,120,26.1,13.02,16.38
2023-10-01,Bengaluru,120,25.71,0.0,7.31
2023-10-02,Bengaluru,120,24.45,0.0,10.61
2023-10-03,Bengaluru,120,24.48,9.2,10.34
2023-10-04,Bengaluru,120,23.07,16.38,11.27
2023-10-05,Bengaluru,120,25.13,4.95,5.1
2023-10-06,Bengaluru,120,22.12,0.0,10.77
2023-10-07,Bengaluru,120,23.22,0.0,6.63
2023-10-08,Bengaluru,120,20.27,0.0,7.94
2023-10-09,Bengaluru,120,19.19,0.0,9.24
2023-10-10,Bengaluru,120,21.67,27.96,15.77
2023-10-11,Bengaluru,120,22.11,1.61,9.84
2023-10-12,Bengaluru,120,23.19,0.0,10.47
2023-10-13,Bengaluru,120,21.83,27.49,8.36
2023-10-14,Bengaluru,120,22.02,3.91,4.22
2023-10-15,Bengaluru,120,25.45,11.77,5.36
2023-10-16,Bengaluru,120,20.67,0.0,9.54
2023-10-17,Bengaluru,120,24.21,0.0,5.99
2023-10-18,Bengaluru,120,22.12,0.0,5.17
2023-10-19,Bengaluru,120,23.2,0.73,8.38
2023-10-20,Bengaluru,120,24.38,6.86,10.96
2023-10-21,Bengaluru,120,25.22,35.77,7.61
2023-10-22,Bengaluru,120,23.96,18.53,7.0
2023-10-23,Bengaluru,120,20.99,15.7,9.42
2023-10-24,Bengaluru,120,22.08,0.0,4.41
2023-10-25,Bengaluru,120,21.92,0.0,0.0
2023-10-26,Bengaluru,120,23.39,16.96,7.88
2023-10-27,Bengaluru,120,23.33,20.09,6.48
2023-10-28,Bengaluru,120,22.92,0.0,1.83
2023-10-29,Bengaluru,120,25.8,0.0,1.65
2023-10-30,Bengaluru,120,23.67,0.0,4.41
2023-10-31,Bengaluru,120,22.39,0.0,11.36
2023-11-01,Bengaluru,120,23.38,0.0,6.15
2023-11-02,Bengaluru,120,22.34,0.0,7.95
2023-11-03,Bengaluru,120,19.12,0.0,6.94
2023-11-04,Bengaluru,120,21.84,7.38,12.09
2023-11-05,Bengaluru,120,22.19,0.0,9.46
2023-11-06,Bengaluru,120,22.81,0.0,9.41
2023-11-07,Bengaluru,120,18.35,0.0,5.84
2023-11-08,Bengaluru,120,21.13,4.12,8.08
2023-11-09,Bengaluru,120,21.74,8.1,3.49
2023-11-10,Bengaluru,120,17.39,25.88,7.33
2023-11-11,Bengaluru,120,18.43,0.0,0.33
2023-11-12,Bengaluru,120,20.33,0.0,3.14
2023-11-13,Bengaluru,120,19.92,0.0,4.81
2023-11-14,Bengaluru,120,17.78,0.0,6.18
2023-11-15,Bengaluru,120,17.27,0.0,5.18
2023-11-16,Bengaluru,120,18.81,0.0,7.38
2023-11-17,Bengaluru,120,16.12,0.0,3.58
2023-11-18,Bengaluru,120,21.71,0.0,6.76
2023-11-19,Bengaluru,120,19.89,0.0,5.66
2023-11-20,Bengaluru,120,24.04,0.0,9.15
2023-11-21,Bengaluru,120,21.26,0.0,9.25
2023-11-22,Bengaluru,120,22.99,0.0,5.26
2023-11-23,Bengaluru,120,21.75,0.0,10.4
2023-11-24,Bengaluru,120,22.03,0.0,7.89
2023-11-25,Bengaluru,120,23.54,0.0,3.8
2023-11-26,Bengaluru,120,21.87,0.0,7.64
2023-11-27,Bengaluru,120,22.05,0.0,6.35
2023-11-28,Bengaluru,120,21.36,0.0,4.72
2023-11-29,Bengaluru,120,23.45,0.0,0.0
2023-11-30,Bengaluru,120,22.27,0.0,5.2
2023-12-01,Bengaluru,120,20.41,0.0,4.69
2023-12-02,Bengaluru,120,20.83,0.0,7.91
2023-12-03,Bengaluru,120,19.31,0.0,8.13
2023-12-04,Bengaluru,120,22.73,0.0,5.48
2023-12-05,Bengaluru,120,22.26,0.0,5.53
2023-12-06,Bengaluru,120,22.07,0.0,2.36
2023-12-07,Bengaluru,120,18.34,0.0,3.51
2023-12-08,Bengaluru,120,18.06,0.0,5.31
2023-12-09,Bengaluru,120,18.86,0.0,8.52
2023-12-10,Bengaluru,120,21.07,0.0,6.27
2023-12-11,Bengaluru,120,20.63,0.0,2.94
2023-12-12,Bengaluru,120,17.73,0.0,5.01
2023-12-13,Bengaluru,120,20.14,0.0,7.71
2023-12-14,Bengaluru,120,19.56,0.0,6.5
2023-12-15,Bengaluru,120,20.98,0.0,9.72
2023-12-16,Bengaluru,120,22.04,0.0,13.18
2023-12-17,Bengaluru,120,23.44,0.0,10.44
2023-12-18,Bengaluru,120,20.87,0.0,12.2
2023-12-19,Bengaluru,120,20.48,0.0,10.48
2023-12-20,Bengaluru,120,20.42,0.0,10.02
2023-12-21,Bengaluru,120,19.66,0.0,7.79
2023-12-22,Bengaluru,120,20.82,0.0,9.94
2023-12-23,Bengaluru,120,20.81,0.0,5.8
2023-12-24,Bengaluru,120,19.85,0.0,3.45
2023-12-25,Bengaluru,120,23.71,0.0,3.5
2023-12-26,Bengaluru,120,20.49,0.0,5.87
2023-12-27,Bengaluru,120,17.99,0.0,6.19
2023-12-28,Bengaluru,120,16.75,0.0,7.29
2023-12-29,Bengaluru,120,17.9,0.0,4.1
2023-12-30,Bengaluru,120,17.2,0.0,7.64
2023-12-31,Bengaluru,120,18.63,0.0,2.23
2024-01-01,Bengaluru,120,18.49,0.0,0.17
2024-01-02,Bengaluru,120,20.34,0.0,3.24
2024-01-03,Bengaluru,120,20.99,0.08,2.59
2024-01-04,Bengaluru,120,19.89,0.0,8.4
2024-01-05,Bengaluru,120,19.16,0.27,6.88
2024-01-06,Bengaluru,120,23.65,0.32,7.15
2024-01-07,Bengaluru,120,22.88,0.0,7.63
2024-01-08,Bengaluru,120,19.79,0.0,5.16
2024-01-09,Bengaluru,120,17.62,0.0,5.84
2024-01-10,Bengaluru,120,18.83,0.0,5.82
2024-01-11,Bengaluru,120,20.07,0.0,3.62
2024-01-12,Bengaluru,120,18.36,0.0,6.61
2024-01-13,Bengaluru,120,22.21,0.0,4.26
2024-01-14,Bengaluru,120,21.74,0.0,6.15
2024-01-15,Bengaluru,120,22.65,0.0,5.06
2024-01-16,Bengaluru,120,20.39,0.0,9.06
2024-01-17,Bengaluru,120,23.39,0.0,10.07
2024-01-18,Bengaluru,120,23.05,0.0,7.17
2024-01-19,Bengaluru,120,22.51,0.0,10.03
2024-01-20,Bengaluru,120,22.08,0.0,3.4
2024-01-21,Bengaluru,120,19.1,0.0,7.51
2024-01-22,Bengaluru,120,19.98,0.0,8.89
2024-01-23,Bengaluru,120,20.48,0.0,2.51
2024-01-24,Bengaluru,120,22.53,0.0,5.34
2024-01-25,Bengaluru,120,22.06,0.0,10.21
2024-01-26,Bengaluru,120,22.13,0.0,4.61
2024-01-27,Bengaluru,120,22.9,0.0,4.44
2024-01-28,Bengaluru,120,20.95,0.0,5.47
2024-01-29,Bengaluru,120,22.1,0.0,4.13
2024-01-30,Bengaluru,120,26.13,0.0,8.89
2024-01-31,Bengaluru,120,21.65,0.0,4.33
2024-02-01,Bengaluru,120,24.78,0.0,9.01
2024-02-02,Bengaluru,120,27.07,0.0,1.87
2024-02-03,Bengaluru,120,25.31,0.0,4.21
2024-02-04,Bengaluru,120,25.75,0.0,8.11
2024-02-05,Bengaluru,120,26.26,0.0,5.69
2024-02-06,Bengaluru,120,25.77,0.0,5.86
2024-02-07,Bengaluru,120,25.32,0.0,6.81
2024-02-08,Bengaluru,120,23.89,0.0,6.57
2024-02-09,Bengaluru,120,21.33,0.0,6.67
2024-02-10,Bengaluru,120,23.79,0.0,9.78
2024-02-11,Bengaluru,120,19.21,0.0,2.03
2024-02-12,Bengaluru,120,19.75,0.0,2.6
2024-02-13,Bengaluru,120,20.22,0.0,7.32
2024-02-14,Bengaluru,120,18.95,0.0,10.75
2024-02-15,Bengaluru,120,18.56,0.0,7.14
2024-02-16,Bengaluru,120,17.1,0.0,7.81
2024-02-17,Bengaluru,120,21.8,0.0,5.78
2024-02-18,Bengaluru,120,20.01,0.0,5.53
2024-02-19,Bengaluru,120,21.14,0.0,5.91
2024-02-20,Bengaluru,120,19.16,0.0,7.4
2024-02-21,Bengaluru,120,21.62,0.0,5.05
2024-02-22,Bengaluru,120,20.91,0.0,6.91
2024-02-23,Bengaluru,120,23.8,0.0,10.46
2024-02-24,Bengaluru,120,24.26,0.0,8.02
2024-02-25,Bengaluru,120,22.46,0.0,4.32
2024-02-26,Bengaluru,120,22.14,0.0,7.15
2024-02-27,Bengaluru,120,24.76,0.0,6.99
2024-02-28,Bengaluru,120,21.89,0.0,2.74
2024-02-29,Bengaluru,120,25.26,0.0,9.21
2024-03-01,Bengaluru,120,26.37,0.0,11.1
2024-03-02,Bengaluru,120,27.69,0.0,8.77
2024-03-03,Bengaluru,120,22.72,0.0,10.2
2024-03-04,Bengaluru,120,22.69,0.0,11.31
2024-03-05,Bengaluru,120,25.41,0.0,10.15
2024-03-06,Bengaluru,120,23.51,0.0,12.6
2024-03-07,Bengaluru,120,26.13,0.0,9.56
2024-03-08,Bengaluru,120,32.1,0.0,7.11
2024-03-09,Bengaluru,120,27.58,0.0,8.64
2024-03-10,Bengaluru,120,29.89,0.0,13.71
2024-03-11,Bengaluru,120,26.26,0.0,9.15
2024-03-12,Bengaluru,120,26.97,0.0,7.07
2024-03-13,Bengaluru,120,27.04,0.0,6.97
2024-03-14,Bengaluru,120,29.95,0.0,11.01
2024-03-15,Bengaluru,120,27.95,0.0,9.45
2024-03-16,Bengaluru,120,26.8,1.03,10.41
2024-03-17,Bengaluru,120,28.68,0.0,9.98
2024-03-18,Bengaluru,120,32.8,0.0,9.22
2024-03-19,Bengaluru,120,27.46,0.0,6.83
2024-03-20,Bengaluru,120,25.02,0.0,9.98
2024-03-21,Bengaluru,120,27.93,0.0,11.2
2024-03-22,Bengaluru,120,26.18,0.0,7.23
2024-03-23,Bengaluru,120,27.7,0.0,10.49
2024-03-24,Bengaluru,120,24.99,0.0,7.76
2024-03-25,Bengaluru,120,23.81,0.0,7.84
2024-03-26,Bengaluru,120,24.77,0.0,7.57
2024-03-27,Bengaluru,120,25.72,1.69,3.51
2024-03-28,Bengaluru,120,25.53,0.0,10.92
2024-03-29,Bengaluru,120,26.07,0.0,17.07
2024-03-30,Bengaluru,120,27.24,0.0,14.22
2024-03-31,Bengaluru,120,26.49,0.0,9.05
2024-04-01,Bengaluru,120,25.33,0.0,10.66
2024-04-02,Bengaluru,120,27.03,0.0,10.1
2024-04-03,Bengaluru,120,30.69,2.26,15.01
2024-04-04,Bengaluru,120,29.46,5.56,14.64
2024-04-05,Bengaluru,120,26.97,0.0,11.87
2024-04-06,Bengaluru,120,28.06,0.0,12.85
2024-04-07,Bengaluru,120,26.66,0.0,15.44
2024-04-08,Bengaluru,120,27.92,0.0,10.15
2024-04-09,Bengaluru,120,29.14,0.0,11.94
2024-04-10,Bengaluru,120,30.88,0.0,11.49
2024-04-11,Bengaluru,120,30.58,0.0,6.5
2024-04-12,Bengaluru,120,30.34,9.67,12.28
2024-04-13,Bengaluru,120,29.56,0.0,9.4
2024-04-14,Bengaluru,120,28.61,0.0,10.42
2024-04-15,Bengaluru,120,28.9,0.0,9.12
2024-04-16,Bengaluru,120,26.22,0.0,9.69
2024-04-17,Bengaluru,120,27.62,0.0,10.9
2024-04-18,Bengaluru,120,27.71,0.0,9.08
2024-04-19,Bengaluru,120,25.78,0.0,12.12
2024-04-20,Bengaluru,120,27.62,0.0,10.05
2024-04-21,Bengaluru,120,27.81,0.0,9.94
2024-04-22,Bengaluru,120,27.67,0.0,10.93
2024-04-23,Bengaluru,120,28.88,0.0,13.77
2024-04-24,Bengaluru,120,28.6,0.0,12.9
2024-04-25,Bengaluru,120,29.26,0.0,9.1
2024-04-26,Bengaluru,120,28.15,0.0,11.68
2024-04-27,Bengaluru,120,32.06,0.0,11.36
2024-04-28,Bengaluru,120,30.35,0.0,11.04
2024-04-29,Bengaluru,120,27.68,0.0,6.3
2024-04-30,Bengaluru,120,28.23,0.0,12.41
2024-05-01,Bengaluru,120,24.41,0.0,10.23
2024-05-02,Bengaluru,120,26.04,0.0,8.18
2024-05-03,Bengaluru,120,25.19,0.0,5.9
2024-05-04,Bengaluru,120,24.26,0.0,7.25
2024-05-05,Bengaluru,120,23.96,2.27,10.38
2024-05-06,Bengaluru,120,24.22,8.14,11.63
2024-05-07,Bengaluru,120,25.04,5.4,5.42
2024-05-08,Bengaluru,120,25.94,2.69,11.69
2024-05-09,Bengaluru,120,26.02,3.56,9.3
2024-05-10,Bengaluru,120,26.3,3.65,7.68
2024-05-11,Bengaluru,120,27.76,0.0,7.08
2024-05-12,Bengaluru,120,31.8,0.0,9.25
2024-05-13,Bengaluru,120,27.21,0.0,13.92
2024-05-14,Bengaluru,120,29.41,0.0,13.38
2024-05-15,Bengaluru,120,27.36,0.0,12.69
2024-05-16,Bengaluru,120,24.89,0.0,10.63
2024-05-17,Bengaluru,120,25.09,1.98,14.84
2024-05-18,Bengaluru,120,26.19,1.01,17.56
2024-05-19,Bengaluru,120,25.0,4.87,11.95
2024-05-20,Bengaluru,120,26.14,0.0,13.46
2024-05-21,Bengaluru,120,25.67,0.0,12.08
2024-05-22,Bengaluru,120,23.97,0.0,8.69
2024-05-23,Bengaluru,120,25.89,0.0,11.0
2024-05-24,Bengaluru,120,23.98,0.0,9.22
2024-05-25,Bengaluru,120,24.44,0.0,9.01
2024-05-26,Bengaluru,120,25.78,0.0,9.24
2024-05-27,Bengaluru,120,25.83,0.0,9.84
2024-05-28,Bengaluru,120,22.66,0.22,8.5
2024-05-29,Bengaluru,120,25.55,0.0,10.45
2024-05-30,Bengaluru,120,25.23,0.0,9.54
2024-05-31,Bengaluru,120,26.43,0.0,12.27
2024-06-01,Bengaluru,120,22.19,0.0,17.26
2024-06-02,Bengaluru,120,22.98,0.0,16.69
2024-06-03,Bengaluru,120,22.81,0.0,18.04
2024-06-04,Bengaluru,120,24.98,0.0,15.69
2024-06-05,Bengaluru,120,28.86,0.0,8.78
2024-06-06,Bengaluru,120,24.91,0.0,10.26
2024-06-07,Bengaluru,120,25.36,9.01,12.39
2024-06-08,Bengaluru,120,26.17,0.0,9.85
2024-06-09,Bengaluru,120,25.08,0.0,11.39
2024-06-10,Bengaluru,120,25.3,58.08,17.22
2024-06-11,Bengaluru,120,21.01,0.0,9.81
2024-06-12,Bengaluru,120,21.41,12.4,18.39
2024-06-13,Bengaluru,120,21.44,0.0,13.55
2024-06-14,Bengaluru,120,24.4,0.0,15.47
2024-06-15,Bengaluru,120,24.14,0.0,12.66
2024-06-16,Bengaluru,120,24.14,0.0,15.84
2024-06-17,Bengaluru,120,27.5,0.0,13.86
2024-06-18,Bengaluru,120,23.15,0.0,14.94
2024-06-19,Bengaluru,120,23.22,0.0,11.09
2024-06-20,Bengaluru,120,22.67,0.0,17.85
2024-06-21,Bengaluru,120,23.63,0.0,10.22
2024-06-22,Bengaluru,120,25.06,0.0,11.35
2024-06-23,Bengaluru,120,26.05,0.0,11.73
2024-06-24,Bengaluru,120,22.87,3.19,13.55
2024-06-25,Bengaluru,120,23.6,0.0,10.48
2024-06-26,Bengaluru,120,23.66,0.0,11.23
2024-06-27,Bengaluru,120,25.76,0.0,7.09
2024-06-28,Bengaluru,120,23.45,0.0,8.37
2024-06-29,Bengaluru,120,20.24,0.0,8.17
2024-06-30,Bengaluru,120,25.15,34.66,13.54
2024-07-01,Bengaluru,120,24.65,33.96,15.16
2024-07-02,Bengaluru,120,20.86,0.0,7.63
2024-07-03,Bengaluru,120,21.49,0.0,10.01
2024-07-04,Bengaluru,120,24.24,0.0,9.94
2024-07-05,Bengaluru,120,23.8,0.0,11.91
2024-07-06,Bengaluru,120,23.89,0.0,10.12
2024-07-07,Bengaluru,120,22.53,0.0,11.86
2024-07-08,Bengaluru,120,20.56,13.73,15.39
2024-07-09,Bengaluru,120,22.95,0.0,12.41
2024-07-10,Bengaluru,120,19.8,0.0,7.87
2024-07-11,Bengaluru,120,20.5,0.0,12.02
2024-07-12,Bengaluru,120,21.91,0.0,11.62
2024-07-13,Bengaluru,120,20.17,0.0,15.62
2024-07-14,Bengaluru,120,21.8,0.0,13.3
2024-07-15,Bengaluru,120,26.2,0.0,11.07
2024-07-16,Bengaluru,120,26.62,0.0,12.71
2024-07-17,Bengaluru,120,24.01,0.0,10.17
2024-07-18,Bengaluru,120,21.84,1.01,10.89
2024-07-19,Bengaluru,120,21.43,1.45,11.82
2024-07-20,Bengaluru,120,20.08,0.0,13.21
2024-07-21,Bengaluru,120,21.44,0.0,11.81
2024-07-22,Bengaluru,120,22.77,0.0,13.24
2024-07-23,Bengaluru,120,22.32,0.0,10.12
2024-07-24,Bengaluru,120,21.07,12.01,14.45
2024-07-25,Bengaluru,120,19.88,0.0,7.57
2024-07-26,Bengaluru,120,24.27,0.0,13.45
2024-07-27,Bengaluru,120,20.73,0.0,10.31
2024-07-28,Bengaluru,120,18.42,0.0,19.11
2024-07-29,Bengaluru,120,17.7,0.0,13.09
2024-07-30,Bengaluru,120,21.46,4.72,12.99
2024-07-31,Bengaluru,120,23.34,13.48,13.3
2024-08-01,Bengaluru,120,21.08,0.0,7.49
2024-08-02,Bengaluru,120,20.39,0.0,11.91
2024-08-03,Bengaluru,120,21.02,0.0,14.31
2024-08-04,Bengaluru,120,22.13,6.42,11.17
2024-08-05,Bengaluru,120,21.65,7.41,8.5
2024-08-06,Bengaluru,120,24.3,1.96,8.83
2024-08-07,Bengaluru,120,24.39,7.02,8.08
2024-08-08,Bengaluru,120,21.46,1.07,9.58
2024-08-09,Bengaluru,120,24.61,6.34,14.75
2024-08-10,Bengaluru,120,25.59,11.57,15.49
2024-08-11,Bengaluru,120,23.52,3.33,14.27
2024-08-12,Bengaluru,120,25.63,0.0,10.56
2024-08-13,Bengaluru,120,25.54,0.0,15.54
2024-08-14,Bengaluru,120,24.33,8.39,12.64
2024-08-15,Bengaluru,120,23.28,0.0,6.78
2024-08-16,Bengaluru,120,20.82,0.0,10.37
2024-08-17,Bengaluru,120,24.84,2.25,9.36
2024-08-18,Bengaluru,120,24.86,4.01,10.13
2024-08-19,Bengaluru,120,20.7,6.34,11.62
2024-08-20,Bengaluru,120,24.24,8.27,10.56
2024-08-21,Bengaluru,120,20.65,18.24,13.79
2024-08-22,Bengaluru,120,23.34,11.58,13.42
2024-08-23,Bengaluru,120,22.47,0.0,10.83
2024-08-24,Bengaluru,120,24.93,0.0,8.36
2024-08-25,Bengaluru,120,22.35,0.0,11.71
2024-08-26,Bengaluru,120,21.81,0.0,11.74
2024-08-27,Bengaluru,120,19.94,2.72,11.72
2024-08-28,Bengaluru,120,21.91,6.79,12.96
2024-08-29,Bengaluru,120,20.13,0.0,12.99
2024-08-30,Bengaluru,120,19.5,0.0,10.01
2024-08-31,Bengaluru,120,19.84,0.0,10.99
2024-09-01,Bengaluru,120,20.78,0.0,9.67
2024-09-02,Bengaluru,120,22.56,0.0,8.63
2024-09-03,Bengaluru,120,20.91,4.6,8.45
2024-09-04,Bengaluru,120,20.74,14.87,10.93
2024-09-05,Bengaluru,120,24.67,1.75,6.93
2024-09-06,Bengaluru,120,20.41,10.76,7.33
2024-09-07,Bengaluru,120,22.91,3.93,7.76
2024-09-08,Bengaluru,120,23.98,1.47,7.02
2024-09-09,Bengaluru,120,20.65,20.28,13.56
2024-09-10,Bengaluru,120,21.09,9.07,8.95
2024-09-11,Bengaluru,120,24.09,7.19,8.71
2024-09-12,Bengaluru,120,24.85,31.86,13.34
2024-09-13,Bengaluru,120,23.63,15.99,11.46
2024-09-14,Bengaluru,120,22.29,1.99,11.33
2024-09-15,Bengaluru,120,23.89,11.66,15.47
2024-09-16,Bengaluru,120,24.15,0.84,10.03
2024-09-17,Bengaluru,120,26.32,14.81,10.5
2024-09-18,Bengaluru,120,22.79,10.23,10.99
2024-09-19,Bengaluru,120,24.77,13.43,11.69
2024-09-20,Bengaluru,120,24.36,11.1,15.82
2024-09-21,Bengaluru,120,24.97,3.75,11.04
2024-09-22,Bengaluru,120,26.68,15.86,16.36
2024-09-23,Bengaluru,120,27.12,0.0,10.3
2024-09-24,Bengaluru,120,26.05,23.06,15.35
2024-09-25,Bengaluru,120,22.26,3.46,12.94
2024-09-26,Bengaluru,120,24.96,2.63,9.33
2024-09-27,Bengaluru,120,27.38,4.43,10.81
2024-09-28,Bengaluru,120,26.3,3.48,12.38
2024-09-29,Bengaluru,120,25.97,27.43,14.33
2024-09-30,Bengaluru,120,26.9,2.16,11.23
2024-10-01,Bengaluru,120,23.21,9.93,6.75
2024-10-02,Bengaluru,120,27.24,6.87,10.65
2024-10-03,Bengaluru,120,26.16,13.92,10.25
2024-10-04,Bengaluru,120,24.63,5.84,13.25
2024-10-05,Bengaluru,120,24.22,4.41,10.95
2024-10-06,Bengaluru,120,20.84,1.28,6.73
2024-10-07,Bengaluru,120,24.12,2.22,7.54
2024-10-08,Bengaluru,120,22.98,8.78,7.23
2024-10-09,Bengaluru,120,21.09,9.82,10.11
2024-10-10,Bengaluru,120,19.12,0.0,4.8
2024-10-11,Bengaluru,120,22.43,0.0,3.56
2024-10-12,Bengaluru,120,21.39,0.0,5.18
2024-10-13,Bengaluru,120,22.2,0.0,6.48
2024-10-14,Bengaluru,120,22.08,0.0,4.38
2024-10-15,Bengaluru,120,25.4,0.0,5.1
2024-10-16,Bengaluru,120,24.91,0.0,9.79
2024-10-17,Bengaluru,120,25.9,0.0,5.46
2024-10-18,Bengaluru,120,23.12,0.0,11.04
2024-10-19,Bengaluru,120,24.35,0.0,9.02
2024-10-20,Bengaluru,120,22.66,0.91,9.2
2024-10-21,Bengaluru,120,23.64,13.84,9.35
2024-10-22,Bengaluru,120,23.82,10.92,11.9
2024-10-23,Bengaluru,120,25.56,3.95,14.31
2024-10-24,Bengaluru,120,23.92,16.72,9.49
2024-10-25,Bengaluru,120,24.73,7.7,10.18
2024-10-26,Bengaluru,120,23.85,0.0,5.79
2024-10-27,Bengaluru,120,23.14,0.0,6.01
2024-10-28,Bengaluru,120,21.33,0.0,7.19
2024-10-29,Bengaluru,120,21.78,0.0,7.66
2024-10-30,Bengaluru,120,22.29,0.0,5.18
2024-10-31,Bengaluru,120,20.53,0.0,9.85
2024-11-01,Bengaluru,120,19.34,0.0,6.67
2024-11-02,Bengaluru,120,20.23,6.17,5.31
2024-11-03,Bengaluru,120,20.32,0.0,1.27
2024-11-04,Bengaluru,120,22.54,0.0,7.61
2024-11-05,Bengaluru,120,18.83,19.29,10.07
2024-11-06,Bengaluru,120,16.96,2.34,9.71
2024-11-07,Bengaluru,120,18.48,43.43,11.12
2024-11-08,Bengaluru,120,20.48,0.0,10.63
2024-11-09,Bengaluru,120,19.16,0.0,9.24
2024-11-10,Bengaluru,120,17.53,0.0,3.96
2024-11-11,Bengaluru,120,18.8,0.0,7.93
2024-11-12,Bengaluru,120,18.39,0.0,10.1
2024-11-13,Bengaluru,120,20.57,10.4,12.69
2024-11-14,Bengaluru,120,22.67,0.0,5.38
2024-11-15,Bengaluru,120,22.86,0.0,4.69
2024-11-16,Bengaluru,120,21.93,12.48,10.46
2024-11-17,Bengaluru,120,22.57,0.0,3.1
2024-11-18,Bengaluru,120,25.21,0.0,7.18
2024-11-19,Bengaluru,120,25.21,0.0,5.86
2024-11-20,Bengaluru,120,22.48,0.0,7.04
2024-11-21,Bengaluru,120,21.0,0.0,11.91
2024-11-22,Bengaluru,120,20.51,10.61,12.78
2024-11-23,Bengaluru,120,22.21,10.62,7.87
2024-11-24,Bengaluru,120,21.47,3.95,7.04
2024-11-25,Bengaluru,120,20.02,0.0,3.98
2024-11-26,Bengaluru,120,18.79,0.0,9.09
2024-11-27,Bengaluru,120,19.09,0.0,2.92
2024-11-28,Bengaluru,120,18.52,0.0,9.49
2024-11-29,Bengaluru,120,21.1,0.0,4.88
2024-11-30,Bengaluru,120,22.04,2.17,5.1
2024-12-01,Bengaluru,120,20.84,0.0,4.34
2024-12-02,Bengaluru,120,21.14,0.0,9.62
2024-12-03,Bengaluru,120,21.22,0.0,4.41
2024-12-04,Bengaluru,120,19.5,0.0,3.09
2024-12-05,Bengaluru,120,20.85,0.0,4.59
2024-12-06,Bengaluru,120,21.83,0.0,11.5
2024-12-07,Bengaluru,120,23.45,0.0,5.68
2024-12-08,Bengaluru,120,21.48,0.0,3.77
2024-12-09,Bengaluru,120,22.91,0.0,10.65
2024-12-10,Bengaluru,120,20.12,0.0,7.87
2024-12-11,Bengaluru,120,20.29,0.0,7.29
2024-12-12,Bengaluru,120,19.58,0.0,6.99
2024-12-13,Bengaluru,120,23.14,0.0,6.42
2024-12-14,Bengaluru,120,22.27,0.0,10.95
2024-12-15,Bengaluru,120,22.69,0.0,8.62
2024-12-16,Bengaluru,120,21.31,0.0,10.33
2024-12-17,Bengaluru,120,18.65,0.0,11.12
2024-12-18,Bengaluru,120,21.62,0.0,6.41
2024-12-19,Bengaluru,120,20.74,0.0,8.96
2024-12-20,Bengaluru,120,19.81,0.0,6.6
2024-12-21,Bengaluru,120,23.69,0.0,7.82
2024-12-22,Bengaluru,120,19.41,0.0,5.85
2024-12-23,Bengaluru,120,21.78,0.0,7.92
2024-12-24,Bengaluru,120,20.28,0.0,4.98
2024-12-25,Bengaluru,120,20.49,0.0,2.14
2024-12-26,Bengaluru,120,22.02,0.0,4.29
2024-12-27,Bengaluru,120,20.88,126.67,21.95
2024-12-28,Bengaluru,120,20.9,0.0,2.25
2024-12-29,Bengaluru,120,19.96,0.0,0.84
2024-12-30,Bengaluru,120,18.37,0.0,3.85
2024-12-31,Bengaluru,120,19.21,0.0,2.85
2025-01-01,Bengaluru,120,22.74,0.0,4.03
2025-01-02,Bengaluru,120,23.78,0.0,8.44
2025-01-03,Bengaluru,120,22.99,0.0,9.79
2025-01-04,Bengaluru,120,21.36,0.0,8.76
2025-01-05,Bengaluru,120,22.11,0.0,3.39
2025-01-06,Bengaluru,120,21.82,0.0,4.61
2025-01-07,Bengaluru,120,20.31,0.0,9.76
2025-01-08,Bengaluru,120,19.19,0.0,8.61
2025-01-09,Bengaluru,120,17.48,0.0,2.99
2025-01-10,Bengaluru,120,19.25,0.0,5.94
2025-01-11,Bengaluru,120,19.5,0.0,6.62
2025-01-12,Bengaluru,120,21.41,0.0,6.55
2025-01-13,Bengaluru,120,21.77,0.0,3.26
2025-01-14,Bengaluru,120,21.95,0.0,4.53
2025-01-15,Bengaluru,120,21.54,0.0,2.0
2025-01-16,Bengaluru,120,23.76,0.0,5.18
2025-01-17,Bengaluru,120,21.68,0.0,5.52
2025-01-18,Bengaluru,120,21.96,0.0,9.63
2025-01-19,Bengaluru,120,21.37,0.0,5.79
2025-01-20,Bengaluru,120,20.15,0.0,7.08
2025-01-21,Bengaluru,120,20.82,0.0,3.85
2025-01-22,Bengaluru,120,19.4,0.0,5.57
2025-01-23,Bengaluru,120,15.79,0.0,7.07
2025-01-24,Bengaluru,120,20.25,0.0,1.93
2025-01-25,Bengaluru,120,20.02,0.0,4.15
2025-01-26,Bengaluru,120,18.06,0.0,6.11
2025-01-27,Bengaluru,120,19.24,0.0,5.03
2025-01-28,Bengaluru,120,18.46,0.0,2.84
2025-01-29,Bengaluru,120,18.67,0.0,3.52
2025-01-30,Bengaluru,120,18.04,0.0,6.43
2025-01-31,Bengaluru,120,15.55,0.0,0.0
2025-02-01,Bengaluru,120,21.92,0.0,1.96
2025-02-02,Bengaluru,120,21.36,0.0,5.18
2025-02-03,Bengaluru,120,22.93,0.0,7.87
2025-02-04,Bengaluru,120,22.55,0.0,9.4
2025-02-05,Bengaluru,120,21.2,0.0,3.92
2025-02-06,Bengaluru,120,21.74,0.0,9.07
2025-02-07,Bengaluru,120,23.76,0.0,11.19
2025-02-08,Bengaluru,120,23.55,0.0,6.12
2025-02-09,Bengaluru,120,24.04,0.0,5.95
2025-02-10,Bengaluru,120,24.86,0.0,9.39
2025-02-11,Bengaluru,120,26.44,0.0,3.53
2025-02-12,Bengaluru,120,26.21,0.0,5.96
2025-02-13,Bengaluru,120,24.91,0.0,9.83
2025-02-14,Bengaluru,120,28.14,0.0,11.26
2025-02-15,Bengaluru,120,25.44,0.0,6.28
2025-02-16,Bengaluru,120,25.57,0.0,2.7
2025-02-17,Bengaluru,120,22.87,0.0,3.28
2025-02-18,Bengaluru,120,22.21,0.0,11.93
2025-02-19,Bengaluru,120,22.21,0.0,3.75
2025-02-20,Bengaluru,120,23.76,0.0,5.99
2025-02-21,Bengaluru,120,20.68,0.0,6.08
2025-02-22,Bengaluru,120,19.05,0.0,9.42
2025-02-23,Bengaluru,120,19.17,0.0,8.87
2025-02-24,Bengaluru,120,18.48,0.0,5.61
2025-02-25,Bengaluru,120,20.08,0.0,6.17
2025-02-26,Bengaluru,120,21.73,0.0,5.91
2025-02-27,Bengaluru,120,22.03,0.0,7.67
2025-02-28,Bengaluru,120,24.29,0.0,6.83
2025-03-01,Bengaluru,120,25.62,0.0,9.97
2025-03-02,Bengaluru,120,24.09,0.0,5.79
2025-03-03,Bengaluru,120,25.14,0.0,4.43
2025-03-04,Bengaluru,120,27.89,0.0,5.11
2025-03-05,Bengaluru,120,27.37,0.0,8.67
2025-03-06,Bengaluru,120,24.73,0.0,7.34
2025-03-07,Bengaluru,120,28.31,0.0,5.37
2025-03-08,Bengaluru,120,27.77,0.0,4.23
2025-03-09,Bengaluru,120,28.13,0.0,9.56
2025-03-10,Bengaluru,120,27.99,0.0,10.63
2025-03-11,Bengaluru,120,24.4,0.0,9.08
2025-03-12,Bengaluru,120,27.02,0.0,5.13
2025-03-13,Bengaluru,120,21.26,0.0,3.77
2025-03-14,Bengaluru,120,23.87,0.0,8.7
2025-03-15,Bengaluru,120,23.17,0.0,10.9
2025-03-16,Bengaluru,120,22.02,0.0,6.57
2025-03-17,Bengaluru,120,21.35,0.0,6.24
2025-03-18,Bengaluru,120,23.24,0.0,11.83
2025-03-19,Bengaluru,120,25.66,0.0,10.4
2025-03-20,Bengaluru,120,26.15,0.0,9.39
2025-03-21,Bengaluru,120,25.75,0.0,7.57
2025-03-22,Bengaluru,120,26.03,0.0,7.54
2025-03-23,Bengaluru,120,25.63,0.0,6.39
2025-03-24,Bengaluru,120,27.24,0.0,8.07
2025-03-25,Bengaluru,120,24.87,0.0,11.49
2025-03-26,Bengaluru,120,25.58,0.0,2.82
2025-03-27,Bengaluru,120,24.69,0.0,10.61
2025-03-28,Bengaluru,120,27.25,0.0,12.26
2025-03-29,Bengaluru,120,24.7,0.0,7.82
2025-03-30,Bengaluru,120,26.02,0.0,7.02
2025-03-31,Bengaluru,120,25.39,0.0,7.17
2025-04-01,Bengaluru,120,26.89,0.0,6.83
2025-04-02,Bengaluru,120,26.33,0.0,10.3
2025-04-03,Bengaluru,120,26.21,0.0,8.67
2025-04-04,Bengaluru,120,28.13,0.0,10.64
2025-04-05,Bengaluru,120,30.02,0.0,12.12
2025-04-06,Bengaluru,120,27.35,0.0,9.77
2025-04-07,Bengaluru,120,28.69,0.0,10.08
2025-04-08,Bengaluru,120,28.43,0.0,10.88
2025-04-09,Bengaluru,120,25.47,0.0,8.07
2025-04-10,Bengaluru,120,24.07,0.0,10.47
2025-04-11,Bengaluru,120,24.93,0.0,13.24
2025-04-12,Bengaluru,120,27.06,0.0,12.38
2025-04-13,Bengaluru,120,27.92,0.0,5.14
2025-04-14,Bengaluru,120,28.48,7.45,8.84
2025-04-15,Bengaluru,120,28.79,5.68,13.42
2025-04-16,Bengaluru,120,30.81,0.0,11.65
2025-04-17,Bengaluru,120,26.02,0.0,12.61
2025-04-18,Bengaluru,120,28.49,3.75,13.19
2025-04-19,Bengaluru,120,26.66,10.1,15.5
2025-04-20,Bengaluru,120,26.48,12.93,15.93
2025-04-21,Bengaluru,120,23.2,0.0,12.68
2025-04-22,Bengaluru,120,29.29,0.0,10.83
2025-04-23,Bengaluru,120,24.86,0.0,7.96
2025-04-24,Bengaluru,120,25.99,13.97,9.21
2025-04-25,Bengaluru,120,26.96,1.94,6.65
2025-04-26,Bengaluru,120,28.0,0.0,4.57
2025-04-27,Bengaluru,120,32.67,0.0,4.74
2025-04-28,Bengaluru,120,31.37,2.15,10.0
2025-04-29,Bengaluru,120,29.03,20.08,13.12
2025-04-30,Bengaluru,120,30.12,7.02,14.49
2025-05-01,Bengaluru,120,26.66,2.3,11.45
2025-05-02,Bengaluru,120,30.46,0.0,11.02
2025-05-03,Bengaluru,120,27.47,0.0,10.77
2025-05-04,Bengaluru,120,31.34,0.0,13.22
2025-05-05,Bengaluru,120,27.89,0.0,9.12
2025-05-06,Bengaluru,120,25.97,30.78,10.36
2025-05-07,Bengaluru,120,26.05,0.71,9.28
2025-05-08,Bengaluru,120,28.06,13.27,13.53
2025-05-09,Bengaluru,120,28.65,0.0,7.16
2025-05-10,Bengaluru,120,23.63,0.0,8.05
2025-05-11,Bengaluru,120,24.06,0.0,5.8
2025-05-12,Bengaluru,120,26.54,0.0,14.26
2025-05-13,Bengaluru,120,27.49,0.0,10.23
2025-05-14,Bengaluru,120,24.36,0.0,10.9
2025-05-15,Bengaluru,120,25.95,5.24,15.56
2025-05-16,Bengaluru,120,25.54,0.88,13.5
2025-05-17,Bengaluru,120,25.96,8.54,9.15
2025-05-18,Bengaluru,120,25.64,2.77,7.81
2025-05-19,Bengaluru,120,28.52,0.0,11.43
2025-05-20,Bengaluru,120,28.66,11.99,13.32
2025-05-21,Bengaluru,120,28.02,0.0,15.32
2025-05-22,Bengaluru,120,28.57,0.0,14.94
2025-05-23,Bengaluru,120,28.06,0.0,14.52
2025-05-24,Bengaluru,120,25.23,23.81,15.94
2025-05-25,Bengaluru,120,25.94,0.0,12.26
2025-05-26,Bengaluru,120,24.39,0.0,6.57
2025-05-27,Bengaluru,120,23.56,0.0,3.92
2025-05-28,Bengaluru,120,25.25,6.07,11.24
2025-05-29,Bengaluru,120,26.01,3.86,8.47
2025-05-30,Bengaluru,120,30.64,0.0,8.87
2025-05-31,Bengaluru,120,29.74,0.0,8.3
2025-06-01,Bengaluru,120,27.68,0.0,13.7
2025-06-02,Bengaluru,120,26.0,0.0,13.44
2025-06-03,Bengaluru,120,25.8,0.0,9.52
2025-06-04,Bengaluru,120,24.33,22.63,14.45
2025-06-05,Bengaluru,120,27.59,0.0,14.57
2025-06-06,Bengaluru,120,26.01,0.0,9.86
2025-06-07,Bengaluru,120,27.19,0.0,11.51
2025-06-08,Bengaluru,120,26.87,0.0,13.62
2025-06-09,Bengaluru,120,27.38,0.0,12.57
2025-06-10,Bengaluru,120,27.51,0.0,11.48
2025-06-11,Bengaluru,120,25.43,0.0,11.92
2025-06-12,Bengaluru,120,26.68,0.0,14.95
2025-06-13,Bengaluru,120,22.43,0.0,11.87
2025-06-14,Bengaluru,120,24.85,0.0,9.55
2025-06-15,Bengaluru,120,24.52,0.0,12.45
2025-06-16,Bengaluru,120,21.4,0.0,13.33
2025-06-17,Bengaluru,120,21.58,0.0,15.58
2025-06-18,Bengaluru,120,22.82,0.0,10.49
2025-06-19,Bengaluru,120,23.05,0.0,9.89
2025-06-20,Bengaluru,120,23.77,0.0,6.01
2025-06-21,Bengaluru,120,23.45,2.07,10.34
2025-06-22,Bengaluru,120,22.91,0.0,13.23
2025-06-23,Bengaluru,120,23.88,0.0,11.34
2025-06-24,Bengaluru,120,24.85,0.0,11.34
2025-06-25,Bengaluru,120,21.85,0.0,11.67
2025-06-26,Bengaluru,120,20.29,0.0,15.11
2025-06-27,Bengaluru,120,21.61,0.0,12.72
2025-06-28,Bengaluru,120,23.89,0.0,13.44
2025-06-29,Bengaluru,120,23.69,0.0,12.86
2025-06-30,Bengaluru,120,25.01,1.76,14.0
2025-07-01,Bengaluru,120,24.63,9.85,12.69
2025-07-02,Bengaluru,120,23.32,0.0,12.82
2025-07-03,Bengaluru,120,24.48,0.0,11.38
2025-07-04,Bengaluru,120,22.01,0.0,12.41
2025-07-05,Bengaluru,120,19.32,0.0,13.01
2025-07-06,Bengaluru,120,21.02,0.0,10.95
2025-07-07,Bengaluru,120,24.89,0.0,13.81
2025-07-08,Bengaluru,120,22.67,8.38,12.04
2025-07-09,Bengaluru,120,21.25,21.23,18.38
2025-07-10,Bengaluru,120,23.0,0.0,18.01
2025-07-11,Bengaluru,120,21.39,2.28,10.52
2025-07-12,Bengaluru,120,22.51,1.67,13.47
2025-07-13,Bengaluru,120,20.83,13.48,16.49
2025-07-14,Bengaluru,120,23.44,0.0,17.76
2025-07-15,Bengaluru,120,20.81,0.0,12.56
2025-07-16,Bengaluru,120,23.81,0.0,11.5
2025-07-17,Bengaluru,120,23.88,17.66,19.17
2025-07-18,Bengaluru,120,21.43,5.24,10.02
2025-07-19,Bengaluru,120,23.21,0.0,13.03
2025-07-20,Bengaluru,120,22.56,0.0,15.67
2025-07-21,Bengaluru,120,23.55,0.0,8.36
2025-07-22,Bengaluru,120,25.29,5.14,13.43
2025-07-23,Bengaluru,120,23.3,11.85,14.85
2025-07-24,Bengaluru,120,24.93,8.73,12.24
2025-07-25,Bengaluru,120,26.66,0.0,9.35
2025-07-26,Bengaluru,120,27.35,0.0,12.83
2025-07-27,Bengaluru,120,22.8,0.0,13.3
2025-07-28,Bengaluru,120,22.25,5.04,11.5
2025-07-29,Bengaluru,120,22.75,0.0,13.53
2025-07-30,Bengaluru,120,23.88,0.0,14.65
2025-07-31,Bengaluru,120,23.51,0.4,12.61
2025-08-01,Bengaluru,120,26.59,24.96,17.19
2025-08-02,Bengaluru,120,24.15,0.0,10.23
2025-08-03,Bengaluru,120,25.78,0.0,7.2
2025-08-04,Bengaluru,120,24.33,0.0,6.89
2025-08-05,Bengaluru,120,22.97,0.0,8.7
2025-08-06,Bengaluru,120,22.87,0.0,12.33
2025-08-07,Bengaluru,120,22.88,0.0,9.83
2025-08-08,Bengaluru,120,25.68,0.0,9.61
2025-08-09,Bengaluru,120,21.49,0.0,4.91
2025-08-10,Bengaluru,120,22.68,0.0,11.71
2025-08-11,Bengaluru,120,21.55,0.0,11.87
2025-08-12,Bengaluru,120,22.64,0.0,11.25
2025-08-13,Bengaluru,120,22.47,0.0,11.97
2025-08-14,Bengaluru,120,21.44,3.8,16.15
2025-08-15,Bengaluru,120,22.82,27.14,17.24
2025-08-16,Bengaluru,120,21.82,5.23,16.79
2025-08-17,Bengaluru,120,21.96,11.92,14.42
2025-08-18,Bengaluru,120,22.83,5.84,14.78
2025-08-19,Bengaluru,120,22.39,13.52,15.7
2025-08-20,Bengaluru,120,23.71,0.0,12.35
2025-08-21,Bengaluru,120,23.86,0.0,14.02
2025-08-22,Bengaluru,120,23.75,0.0,9.75
2025-08-23,Bengaluru,120,22.76,0.0,9.94
2025-08-24,Bengaluru,120,21.83,0.0,10.05
2025-08-25,Bengaluru,120,19.66,0.0,11.7
2025-08-26,Bengaluru,120,22.76,0.0,9.66
2025-08-27,Bengaluru,120,20.66,3.47,12.69
2025-08-28,Bengaluru,120,21.79,0.0,11.84
2025-08-29,Bengaluru,120,22.44,0.0,8.61
2025-08-30,Bengaluru,120,20.49,0.0,12.15
2025-08-31,Bengaluru,120,23.39,0.0,12.54
2025-09-01,Bengaluru,120,24.28,0.0,7.03
2025-09-02,Bengaluru,120,24.09,0.0,10.64
2025-09-03,Bengaluru,120,22.39,0.0,11.15
2025-09-04,Bengaluru,120,23.08,0.0,11.46
2025-09-05,Bengaluru,120,24.78,0.0,11.16
2025-09-06,Bengaluru,120,21.24,0.0,10.4
2025-09-07,Bengaluru,120,24.8,0.0,10.44
2025-09-08,Bengaluru,120,23.36,0.0,13.23
2025-09-09,Bengaluru,120,24.39,0.0,13.48
2025-09-10,Bengaluru,120,24.6,0.0,10.14
2025-09-11,Bengaluru,120,25.57,0.0,11.61
2025-09-12,Bengaluru,120,25.78,0.0,14.22
2025-09-13,Bengaluru,120,25.5,0.0,10.75
2025-09-14,Bengaluru,120,21.73,0.0,10.63
2025-09-15,Bengaluru,120,20.29,0.0,8.73
2025-09-16,Bengaluru,120,20.76,0.0,9.38
2025-09-17,Bengaluru,120,23.8,0.0,8.66
2025-09-18,Bengaluru,120,19.75,0.0,7.58
2025-09-19,Bengaluru,120,22.53,16.11,12.44
2025-09-20,Bengaluru,120,20.21,24.54,15.44
2025-09-21,Bengaluru,120,23.85,6.86,11.61
2025-09-22,Bengaluru,120,21.16,0.0,9.91
2025-09-23,Bengaluru,120,21.2,0.0,8.44
2025-09-24,Bengaluru,120,20.33,0.0,8.94
2025-09-25,Bengaluru,120,18.76,0.0,9.86
2025-09-26,Bengaluru,120,19.65,0.0,7.33
2025-09-27,Bengaluru,120,23.13,0.0,8.17
2025-09-28,Bengaluru,120,20.6,0.56,9.72
2025-09-29,Bengaluru,120,17.11,6.19,14.3
2025-09-30,Bengaluru,120,21.51,12.28,13.97
2023-01-01,Bengaluru,168,21.2,0.0,4.92
2023-01-02,Bengaluru,168,20.19,0.0,3.91
2023-01-03,Bengaluru,168,20.16,0.0,4.81
2023-01-04,Bengaluru,168,17.63,0.0,5.75
2023-01-05,Bengaluru,168,18.68,0.0,5.75
2023-01-06,Bengaluru,168,17.24,0.0,9.37
2023-01-07,Bengaluru,168,21.61,0.0,3.62
2023-01-08,Bengaluru,168,20.6,0.0,7.21
2023-01-09,Bengaluru,168,18.95,0.0,7.95
2023-01-10,Bengaluru,168,17.63,0.0,9.6
2023-01-11,Bengaluru,168,22.51,0.0,7.4
2023-01-12,Bengaluru,168,22.13,0.0,13.44
2023-01-13,Bengaluru,168,18.97,2.56,13.5
2023-01-14,Bengaluru,168,19.25,0.0,4.88
2023-01-15,Bengaluru,168,18.08,0.0,6.44
2023-01-16,Bengaluru,168,18.68,0.0,8.77
2023-01-17,Bengaluru,168,23.43,0.0,4.14
2023-01-18,Bengaluru,168,22.67,0.17,5.75
2023-01-19,Bengaluru,168,23.69,0.0,4.4
2023-01-20,Bengaluru,168,21.73,0.0,3.3
2023-01-21,Bengaluru,168,19.09,0.0,7.19
2023-01-22,Bengaluru,168,21.53,0.0,6.04
2023-01-23,Bengaluru,168,22.34,0.0,0.55
2023-01-24,Bengaluru,168,18.89,0.0,7.35
2023-01-25,Bengaluru,168,19.05,0.0,11.69
2023-01-26,Bengaluru,168,21.13,0.0,10.07
2023-01-27,Bengaluru,168,22.71,0.0,8.81
2023-01-28,Bengaluru,168,20.75,0.0,10.18
2023-01-29,Bengaluru,168,21.28,0.0,3.11
2023-01-30,Bengaluru,168,19.47,0.0,11.46
2023-01-31,Bengaluru,168,18.6,0.0,1.59
2023-02-01,Bengaluru,168,25.44,0.0,8.64
2023-02-02,Bengaluru,168,25.22,0.0,6.81
2023-02-03,Bengaluru,168,26.48,0.0,5.24
2023-02-04,Bengaluru,168,25.6,0.0,7.87
2023-02-05,Bengaluru,168,23.95,0.0,5.39
2023-02-06,Bengaluru,168,22.72,0.0,0.8
2023-02-07,Bengaluru,168,20.14,0.0,4.77
2023-02-08,Bengaluru,168,21.52,0.0,6.98
2023-02-09,Bengaluru,168,23.17,0.0,6.0
2023-02-10,Bengaluru,168,22.56,0.0,5.96
2023-02-11,Bengaluru,168,24.0,0.0,7.63
2023-02-12,Bengaluru,168,25.3,0.0,6.91
2023-02-13,Bengaluru,168,21.3,0.0,8.81
2023-02-14,Bengaluru,168,22.41,0.0,10.83
2023-02-15,Bengaluru,168,20.53,0.0,11.71
2023-02-16,Bengaluru,168,25.4,0.0,11.92
2023-02-17,Bengaluru,168,24.2,0.0,8.19
2023-02-18,Bengaluru,168,22.89,0.0,10.46
2023-02-19,Bengaluru,168,23.45,0.0,9.54
2023-02-20,Bengaluru,168,24.08,0.0,7.97
2023-02-21,Bengaluru,168,22.18,0.0,2.44
2023-02-22,Bengaluru,168,22.91,0.0,7.92
2023-02-23,Bengaluru,168,22.95,0.0,3.71
2023-02-24,Bengaluru,168,22.34,0.0,0.99
2023-02-25,Bengaluru,168,21.07,0.0,6.11
2023-02-26,Bengaluru,168,23.81,0.0,10.49
2023-02-27,Bengaluru,168,22.8,0.0,7.27
2023-02-28,Bengaluru,168,21.83,0.0,5.47
2023-03-01,Bengaluru,168,25.49,0.0,10.93
2023-03-02,Bengaluru,168,24.31,0.0,4.05
2023-03-03,Bengaluru,168,24.81,0.0,8.61
2023-03-04,Bengaluru,168,25.41,0.0,8.71
2023-03-05,Bengaluru,168,25.7,0.0,7.74
2023-03-06,Bengaluru,168,23.56,0.0,8.73
2023-03-07,Bengaluru,168,25.43,0.0,6.39
2023-03-08,Bengaluru,168,25.92,0.0,10.92
2023-03-09,Bengaluru,168,26.97,0.0,4.98
2023-03-10,Bengaluru,168,27.29,0.0,10.08
2023-03-11,Bengaluru,168,28.84,0.0,6.85
2023-03-12,Bengaluru,168,27.77,0.0,4.61
2023-03-13,Bengaluru,168,29.46,0.0,8.05
2023-03-14,Bengaluru,168,27.21,0.0,11.31
2023-03-15,Bengaluru,168,29.06,0.0,2.3
2023-03-16,Bengaluru,168,29.77,0.0,11.68
2023-03-17,Bengaluru,168,25.14,0.0,7.51
2023-03-18,Bengaluru,168,26.92,0.0,7.87
2023-03-19,Bengaluru,168,27.49,0.0,16.5
2023-03-20,Bengaluru,168,27.31,0.0,9.53
2023-03-21,Bengaluru,168,27.27,0.0,9.4
2023-03-22,Bengaluru,168,29.55,0.0,11.26
2023-03-23,Bengaluru,168,28.11,0.0,11.56
2023-03-24,Bengaluru,168,26.04,0.0,9.09
2023-03-25,Bengaluru,168,25.32,0.0,4.21
2023-03-26,Bengaluru,168,27.25,0.0,14.35
2023-03-27,Bengaluru,168,23.04,0.0,6.05
2023-03-28,Bengaluru,168,21.29,0.0,4.74
2023-03-29,Bengaluru,168,25.52,0.0,5.4
2023-03-30,Bengaluru,168,26.46,0.0,12.19
2023-03-31,Bengaluru,168,21.68,0.0,10.75
2023-04-01,Bengaluru,168,24.7,0.0,9.36
2023-04-02,Bengaluru,168,27.74,0.0,13.9
2023-04-03,Bengaluru,168,27.91,0.0,11.43
2023-04-04,Bengaluru,168,28.97,0.0,10.1
2023-04-05,Bengaluru,168,27.25,0.0,14.19
2023-04-06,Bengaluru,168,26.14,0.0,11.2
2023-04-07,Bengaluru,168,26.7,0.0,13.99
2023-04-08,Bengaluru,168,28.69,0.0,14.48
2023-04-09,Bengaluru,168,25.16,0.0,10.89
2023-04-10,Bengaluru,168,27.98,0.0,14.17
2023-04-11,Bengaluru,168,25.16,0.0,9.94
2023-04-12,Bengaluru,168,27.46,0.0,5.64
2023-04-13,Bengaluru,168,27.78,0.0,6.53
2023-04-14,Bengaluru,168,28.67,0.0,8.43
2023-04-15,Bengaluru,168,26.99,5.61,8.87
2023-04-16,Bengaluru,168,25.39,17.98,16.47
2023-04-17,Bengaluru,168,25.58,5.86,12.1
2023-04-18,Bengaluru,168,26.38,0.0,13.27
2023-04-19,Bengaluru,168,29.45,0.0,9.75
2023-04-20,Bengaluru,168,23.98,0.0,9.58
2023-04-21,Bengaluru,168,26.2,0.0,8.5
2023-04-22,Bengaluru,168,25.2,0.0,11.49
2023-04-23,Bengaluru,168,26.46,0.0,7.32
2023-04-24,Bengaluru,168,25.54,0.0,8.2
2023-04-25,Bengaluru,168,24.04,0.0,0.97
2023-04-26,Bengaluru,168,28.17,0.0,9.16
2023-04-27,Bengaluru,168,27.22,0.0,12.73
2023-04-28,Bengaluru,168,27.37,0.0,4.68
2023-04-29,Bengaluru,168,26.81,0.0,11.93
2023-04-30,Bengaluru,168,28.38,0.0,9.08
2023-05-01,Bengaluru,168,24.74,3.45,8.71
2023-05-02,Bengaluru,168,26.23,1.29,17.12
2023-05-03,Bengaluru,168,26.45,22.84,15.77
2023-05-04,Bengaluru,168,27.9,4.08,10.89
2023-05-05,Bengaluru,168,27.84,0.0,11.21
2023-05-06,Bengaluru,168,28.98,0.0,13.06
2023-05-07,Bengaluru,168,27.88,15.83,20.21
2023-05-08,Bengaluru,168,30.75,2.06,12.07
2023-05-09,Bengaluru,168,29.28,2.25,13.7
2023-05-10,Bengaluru,168,25.94,0.0,5.79
2023-05-11,Bengaluru,168,29.89,0.0,13.91
2023-05-12,Bengaluru,168,27.98,0.0,13.96
2023-05-13,Bengaluru,168,25.51,0.0,14.88
2023-05-14,Bengaluru,168,26.26,0.0,13.18
2023-05-15,Bengaluru,168,32.26,0.0,13.47
2023-05-16,Bengaluru,168,30.96,25.95,14.54
2023-05-17,Bengaluru,168,32.75,2.11,12.26
2023-05-18,Bengaluru,168,31.77,4.51,11.45
2023-05-19,Bengaluru,168,31.98,11.08,13.63
2023-05-20,Bengaluru,168,30.12,3.93,15.57
2023-05-21,Bengaluru,168,26.77,0.82,10.57
2023-05-22,Bengaluru,168,25.96,7.83,10.51
2023-05-23,Bengaluru,168,26.4,0.0,14.51
2023-05-24,Bengaluru,168,26.71,4.49,7.74
2023-05-25,Bengaluru,168,28.27,0.0,17.83
2023-05-26,Bengaluru,168,26.43,15.8,15.62
2023-05-27,Bengaluru,168,25.6,3.51,11.21
2023-05-28,Bengaluru,168,28.21,3.63,9.3
2023-05-29,Bengaluru,168,30.47,0.0,8.85
2023-05-30,Bengaluru,168,32.12,0.0,3.8
2023-05-31,Bengaluru,168,29.01,0.0,6.77
2023-06-01,Bengaluru,168,26.98,21.09,15.5
2023-06-02,Bengaluru,168,25.28,0.0,15.51
2023-06-03,Bengaluru,168,23.81,0.0,10.5
2023-06-04,Bengaluru,168,24.34,98.39,22.66
2023-06-05,Bengaluru,168,24.57,30.26,13.62
2023-06-06,Bengaluru,168,22.15,0.0,18.09
2023-06-07,Bengaluru,168,25.01,0.0,7.98
2023-06-08,Bengaluru,168,23.39,0.0,13.47
2023-06-09,Bengaluru,168,23.67,0.0,14.53
2023-06-10,Bengaluru,168,23.41,0.0,9.09
2023-06-11,Bengaluru,168,23.17,0.0,11.94
2023-06-12,Bengaluru,168,26.34,3.38,14.7
2023-06-13,Bengaluru,168,26.66,0.0,9.13
2023-06-14,Bengaluru,168,27.96,0.0,10.09
2023-06-15,Bengaluru,168,27.42,0.0,13.92
2023-06-16,Bengaluru,168,27.39,0.0,13.65
2023-06-17,Bengaluru,168,29.28,0.0,8.76
2023-06-18,Bengaluru,168,28.58,0.0,13.81
2023-06-19,Bengaluru,168,25.94,0.0,9.22
2023-06-20,Bengaluru,168,25.62,0.0,12.65
2023-06-21,Bengaluru,168,24.28,0.0,6.35
2023-06-22,Bengaluru,168,25.94,0.0,12.44
2023-06-23,Bengaluru,168,25.76,0.0,5.5
2023-06-24,Bengaluru,168,24.34,0.0,13.78
2023-06-25,Bengaluru,168,27.06,0.0,9.44
2023-06-26,Bengaluru,168,27.73,0.0,13.4
2023-06-27,Bengaluru,168,27.83,0.0,11.66
2023-06-28,Bengaluru,168,26.17,0.0,12.41
2023-06-29,Bengaluru,168,25.12,0.0,14.19
2023-06-30,Bengaluru,168,29.39,0.0,6.16
2023-07-01,Bengaluru,168,26.84,4.79,12.29
2023-07-02,Bengaluru,168,26.87,2.74,15.62
2023-07-03,Bengaluru,168,26.42,0.0,13.44
2023-07-04,Bengaluru,168,24.14,0.0,11.41
2023-07-05,Bengaluru,168,25.07,0.0,15.52
2023-07-06,Bengaluru,168,23.33,0.0,7.12
2023-07-07,Bengaluru,168,21.64,0.0,12.98
2023-07-08,Bengaluru,168,24.33,0.0,16.71
2023-07-09,Bengaluru,168,23.33,0.0,12.89
2023-07-10,Bengaluru,168,24.24,0.0,15.63
2023-07-11,Bengaluru,168,24.28,0.0,15.0
2023-07-12,Bengaluru,168,24.76,0.0,15.95
2023-07-13,Bengaluru,168,27.36,1.83,11.9
2023-07-14,Bengaluru,168,23.44,52.86,25.34
2023-07-15,Bengaluru,168,22.75,0.35,10.4
2023-07-16,Bengaluru,168,25.48,2.0,3.46
2023-07-17,Bengaluru,168,27.1,1.24,11.78
2023-07-18,Bengaluru,168,25.84,0.0,10.7
2023-07-19,Bengaluru,168,24.52,0.0,17.38
2023-07-20,Bengaluru,168,23.65,0.0,12.09
2023-07-21,Bengaluru,168,24.22,0.0,14.31
2023-07-22,Bengaluru,168,23.0,0.0,13.85
2023-07-23,Bengaluru,168,23.58,0.0,12.94
2023-07-24,Bengaluru,168,22.87,3.0,16.22
2023-07-25,Bengaluru,168,25.81,0.0,12.84
2023-07-26,Bengaluru,168,22.3,0.0,16.17
2023-07-27,Bengaluru,168,23.88,0.0,9.18
2023-07-28,Bengaluru,168,22.62,0.0,13.14
2023-07-29,Bengaluru,168,26.03,0.2,16.41
2023-07-30,Bengaluru,168,25.26,0.0,12.32
2023-07-31,Bengaluru,168,24.75,0.0,10.93
2023-08-01,Bengaluru,168,25.38,2.91,10.85
2023-08-02,Bengaluru,168,24.94,7.09,14.77
2023-08-03,Bengaluru,168,25.44,0.0,11.96
2023-08-04,Bengaluru,168,24.95,4.25,10.69
2023-08-05,Bengaluru,168,24.03,0.0,10.71
2023-08-06,Bengaluru,168,23.98,0.0,10.27
2023-08-07,Bengaluru,168,21.26,3.49,7.14
2023-08-08,Bengaluru,168,22.64,0.12,11.39
2023-08-09,Bengaluru,168,23.54,1.26,7.16
2023-08-10,Bengaluru,168,22.4,4.18,8.62
2023-08-11,Bengaluru,168,25.05,61.52,19.31
2023-08-12,Bengaluru,168,23.71,4.42,12.1
2023-08-13,Bengaluru,168,23.25,0.0,3.26
2023-08-14,Bengaluru,168,23.87,0.0,8.14
2023-08-15,Bengaluru,168,26.89,5.33,7.8
2023-08-16,Bengaluru,168,27.92,0.0,8.2
2023-08-17,Bengaluru,168,27.75,0.0,14.31
2023-08-18,Bengaluru,168,24.0,0.0,11.77
2023-08-19,Bengaluru,168,24.75,0.0,17.77
2023-08-20,Bengaluru,168,24.22,0.0,17.08
2023-08-21,Bengaluru,168,23.8,0.0,11.37
2023-08-22,Bengaluru,168,25.25,0.0,10.7
2023-08-23,Bengaluru,168,22.81,0.0,11.52
2023-08-24,Bengaluru,168,20.42,0.0,9.21
2023-08-25,Bengaluru,168,25.71,0.0,14.17
2023-08-26,Bengaluru,168,25.95,0.0,12.79
2023-08-27,Bengaluru,168,22.26,0.0,5.72
2023-08-28,Bengaluru,168,24.12,0.0,4.54
2023-08-29,Bengaluru,168,26.24,5.49,12.57
2023-08-30,Bengaluru,168,21.72,0.0,9.72
2023-08-31,Bengaluru,168,23.81,5.83,10.36
2023-09-01,Bengaluru,168,21.4,8.64,13.42
2023-09-02,Bengaluru,168,22.94,9.28,6.26
2023-09-03,Bengaluru,168,18.35,8.92,11.9
2023-09-04,Bengaluru,168,21.98,1.17,8.61
2023-09-05,Bengaluru,168,25.05,5.44,9.83
2023-09-06,Bengaluru,168,21.02,2.44,12.39
2023-09-07,Bengaluru,168,23.64,21.8,12.22
2023-09-08,Bengaluru,168,18.46,9.37,10.73
2023-09-09,Bengaluru,168,20.12,9.96,11.27
2023-09-10,Bengaluru,168,20.41,1.89,5.44
2023-09-11,Bengaluru,168,19.72,7.1,7.15
2023-09-12,Bengaluru,168,20.18,1.0,10.37
2023-09-13,Bengaluru,168,21.8,0.0,7.66
2023-09-14,Bengaluru,168,19.81,0.0,12.71
2023-09-15,Bengaluru,168,22.45,0.0,4.54
2023-09-16,Bengaluru,168,23.03,2.2,14.53
2023-09-17,Bengaluru,168,21.67,3.85,11.65
2023-09-18,Bengaluru,168,21.08,15.84,15.31
2023-09-19,Bengaluru,168,19.63,7.52,7.63
2023-09-20,Bengaluru,168,19.94,7.19,18.07
2023-09-21,Bengaluru,168,21.01,15.45,14.32
2023-09-22,Bengaluru,168,23.02,3.39,9.99
2023-09-23,Bengaluru,168,21.2,31.1,9.42
2023-09-24,Bengaluru,168,24.51,0.65,4.9
2023-09-25,Bengaluru,168,26.51,3.5,11.73
2023-09-26,Bengaluru,168,20.47,9.99,15.58
2023-09-27,Bengaluru,168,26.93,5.39,10.21
2023-09-28,Bengaluru,168,26.03,8.19,15.52
2023-09-29,Bengaluru,168,26.08,4.37,5.52
2023-09-30,Bengaluru,168,24.73,7.65,9.69
2023-10-01,Bengaluru,168,25.27,0.0,8.31
2023-10-02,Bengaluru,168,25.13,0.0,6.29
2023-10-03,Bengaluru,168,23.86,3.02,14.34
2023-10-04,Bengaluru,168,25.02,9.13,16.68
2023-10-05,Bengaluru,168,24.1,3.35,7.75
2023-10-06,Bengaluru,168,22.85,0.0,6.51
2023-10-07,Bengaluru,168,24.25,0.0,7.4
2023-10-08,Bengaluru,168,24.35,0.0,7.25
2023-10-09,Bengaluru,168,23.34,0.0,15.44
2023-10-10,Bengaluru,168,22.36,14.0,15.59
2023-10-11,Bengaluru,168,20.86,2.72,11.84
2023-10-12,Bengaluru,168,21.3,0.0,3.21
2023-10-13,Bengaluru,168,24.75,9.77,8.28
2023-10-14,Bengaluru,168,23.33,5.65,2.94
2023-10-15,Bengaluru,168,26.34,20.81,5.11
2023-10-16,Bengaluru,168,20.13,0.0,9.72
2023-10-17,Bengaluru,168,26.21,0.0,7.72
2023-10-18,Bengaluru,168,22.7,0.0,6.75
2023-10-19,Bengaluru,168,23.22,1.91,7.03
2023-10-20,Bengaluru,168,24.64,5.76,12.96
2023-10-21,Bengaluru,168,22.48,23.65,8.75
2023-10-22,Bengaluru,168,22.47,8.15,5.4
2023-10-23,Bengaluru,168,25.2,21.49,10.02
2023-10-24,Bengaluru,168,23.95,0.0,4.79
2023-10-25,Bengaluru,168,21.64,0.0,6.24
2023-10-26,Bengaluru,168,22.47,7.98,8.82
2023-10-27,Bengaluru,168,24.06,15.32,10.42
2023-10-28,Bengaluru,168,21.52,0.0,6.73
2023-10-29,Bengaluru,168,23.85,0.0,5.35
2023-10-30,Bengaluru,168,24.89,0.0,4.09
2023-10-31,Bengaluru,168,22.99,0.0,11.18
2023-11-01,Bengaluru,168,23.24,0.0,9.82
2023-11-02,Bengaluru,168,22.69,0.0,10.28
2023-11-03,Bengaluru,168,23.68,0.0,11.34
2023-11-04,Bengaluru,168,25.3,17.25,10.94
2023-11-05,Bengaluru,168,21.97,0.0,9.36
2023-11-06,Bengaluru,168,21.29,0.0,3.75
2023-11-07,Bengaluru,168,18.07,0.0,6.13
2023-11-08,Bengaluru,168,21.02,11.77,5.03
2023-11-09,Bengaluru,168,20.42,12.21,5.19
2023-11-10,Bengaluru,168,18.49,0.0,5.71
2023-11-11,Bengaluru,168,17.32,0.0,2.08
2023-11-12,Bengaluru,168,21.09,0.0,4.93
2023-11-13,Bengaluru,168,18.36,0.0,6.01
2023-11-14,Bengaluru,168,18.49,0.0,5.96
2023-11-15,Bengaluru,168,18.45,0.0,3.22
2023-11-16,Bengaluru,168,17.71,0.0,5.9
2023-11-17,Bengaluru,168,17.37,0.0,6.22
2023-11-18,Bengaluru,168,21.34,0.0,4.11
2023-11-19,Bengaluru,168,22.69,0.0,2.65
2023-11-20,Bengaluru,168,22.81,0.0,5.16
2023-11-21,Bengaluru,168,21.2,0.0,4.5
2023-11-22,Bengaluru,168,22.36,0.0,7.2
2023-11-23,Bengaluru,168,23.53,0.0,8.32
2023-11-24,Bengaluru,168,24.17,0.0,10.16
2023-11-25,Bengaluru,168,23.36,0.0,5.49
2023-11-26,Bengaluru,168,23.64,0.0,8.54
2023-11-27,Bengaluru,168,21.78,0.0,10.91
2023-11-28,Bengaluru,168,21.83,0.0,7.08
2023-11-29,Bengaluru,168,20.88,0.0,3.04
2023-11-30,Bengaluru,168,21.8,0.0,1.0
2023-12-01,Bengaluru,168,23.9,0.0,7.39
2023-12-02,Bengaluru,168,22.72,0.0,8.52
2023-12-03,Bengaluru,168,21.25,0.0,11.67
2023-12-04,Bengaluru,168,20.34,0.0,6.37
2023-12-05,Bengaluru,168,22.59,0.0,0.67
2023-12-06,Bengaluru,168,20.51,0.0,7.21
2023-12-07,Bengaluru,168,18.55,0.0,3.1
2023-12-08,Bengaluru,168,19.11,0.0,6.0
2023-12-09,Bengaluru,168,20.23,0.0,12.06
2023-12-10,Bengaluru,168,20.25,0.0,6.38
2023-12-11,Bengaluru,168,23.53,0.0,4.93
2023-12-12,Bengaluru,168,21.1,0.0,4.18
2023-12-13,Bengaluru,168,21.82,0.0,7.11
2023-12-14,Bengaluru,168,19.29,0.0,4.16
2023-12-15,Bengaluru,168,21.65,0.0,10.53
2023-12-16,Bengaluru,168,20.37,0.0,7.84
2023-12-17,Bengaluru,168,21.81,0.0,5.2
2023-12-18,Bengaluru,168,21.48,0.0,10.8
2023-12-19,Bengaluru,168,20.35,0.0,12.72
2023-12-20,Bengaluru,168,18.94,0.0,10.9
2023-12-21,Bengaluru,168,19.24,0.0,8.45
2023-12-22,Bengaluru,168,19.38,0.0,7.87
2023-12-23,Bengaluru,168,18.85,0.0,5.48
2023-12-24,Bengaluru,168,17.56,0.0,5.65
2023-12-25,Bengaluru,168,24.72,0.0,4.26
2023-12-26,Bengaluru,168,23.99,0.0,7.1
2023-12-27,Bengaluru,168,17.97,0.0,6.5
2023-12-28,Bengaluru,168,18.03,0.0,5.9
2023-12-29,Bengaluru,168,18.26,0.0,3.85
2023-12-30,Bengaluru,168,17.28,0.0,4.6
2023-12-31,Bengaluru,168,17.62,0.0,7.76
2024-01-01,Bengaluru,168,17.99,0.0,2.96
2024-01-02,Bengaluru,168,22.2,0.0,7.14
2024-01-03,Bengaluru,168,22.71,0.21,0.68
2024-01-04,Bengaluru,168,20.78,0.0,5.96
2024-01-05,Bengaluru,168,21.2,0.23,0.0
2024-01-06,Bengaluru,168,25.12,0.46,7.87
2024-01-07,Bengaluru,168,21.81,0.0,7.22
2024-01-08,Bengaluru,168,20.66,0.0,5.66
2024-01-09,Bengaluru,168,18.79,0.0,9.44
2024-01-10,Bengaluru,168,16.87,0.0,6.43
2024-01-11,Bengaluru,168,15.27,0.0,2.2
2024-01-12,Bengaluru,168,20.35,0.0,6.68
2024-01-13,Bengaluru,168,20.4,0.0,7.51
2024-01-14,Bengaluru,168,20.62,0.0,6.29
2024-01-15,Bengaluru,168,23.49,0.0,6.08
2024-01-16,Bengaluru,168,22.22,0.0,10.48
2024-01-17,Bengaluru,168,23.14,0.0,9.76
2024-01-18,Bengaluru,168,22.97,0.0,10.69
2024-01-19,Bengaluru,168,23.53,0.0,5.28
2024-01-20,Bengaluru,168,19.07,0.0,0.86
2024-01-21,Bengaluru,168,21.69,0.0,10.29
2024-01-22,Bengaluru,168,20.92,0.0,8.89
2024-01-23,Bengaluru,168,19.45,0.0,5.53
2024-01-24,Bengaluru,168,24.39,0.0,5.75
2024-01-25,Bengaluru,168,23.19,0.0,10.02
2024-01-26,Bengaluru,168,23.22,0.0,8.7
2024-01-27,Bengaluru,168,21.68,0.0,10.21
2024-01-28,Bengaluru,168,22.11,0.0,5.63
2024-01-29,Bengaluru,168,21.86,0.0,9.67
2024-01-30,Bengaluru,168,27.6,0.0,9.42
2024-01-31,Bengaluru,168,21.28,0.0,6.62
2024-02-01,Bengaluru,168,24.14,0.0,5.61
2024-02-02,Bengaluru,168,26.42,0.0,1.56
2024-02-03,Bengaluru,168,26.17,0.0,7.54
2024-02-04,Bengaluru,168,26.7,0.0,7.5
2024-02-05,Bengaluru,168,28.78,0.0,10.77
2024-02-06,Bengaluru,168,24.74,0.0,4.47
2024-02-07,Bengaluru,168,23.86,0.0,3.12
2024-02-08,Bengaluru,168,24.97,0.0,7.8
2024-02-09,Bengaluru,168,23.29,0.0,6.3
2024-02-10,Bengaluru,168,24.66,0.0,7.75
2024-02-11,Bengaluru,168,23.31,0.0,6.65
2024-02-12,Bengaluru,168,20.17,0.0,11.35
2024-02-13,Bengaluru,168,19.38,0.0,7.0
2024-02-14,Bengaluru,168,15.91,0.0,8.88
2024-02-15,Bengaluru,168,16.94,0.0,6.59
2024-02-16,Bengaluru,168,17.22,0.0,8.23
2024-02-17,Bengaluru,168,21.72,0.0,5.71
2024-02-18,Bengaluru,168,19.7,0.0,4.61
2024-02-19,Bengaluru,168,21.61,0.0,0.44
2024-02-20,Bengaluru,168,18.86,0.0,8.68
2024-02-21,Bengaluru,168,20.18,0.0,2.13
2024-02-22,Bengaluru,168,20.89,0.0,8.69
2024-02-23,Bengaluru,168,21.17,0.0,9.44
2024-02-24,Bengaluru,168,22.12,0.0,9.0
2024-02-25,Bengaluru,168,20.77,0.0,7.38
2024-02-26,Bengaluru,168,24.17,0.0,12.74
2024-02-27,Bengaluru,168,25.31,0.0,6.2
2024-02-28,Bengaluru,168,23.93,0.0,8.08
2024-02-29,Bengaluru,168,23.01,0.0,5.8
2024-03-01,Bengaluru,168,25.98,0.0,13.5
2024-03-02,Bengaluru,168,25.55,0.0,7.08
2024-03-03,Bengaluru,168,25.49,0.0,9.19
2024-03-04,Bengaluru,168,20.38,0.0,12.08
2024-03-05,Bengaluru,168,27.61,0.0,9.46
2024-03-06,Bengaluru,168,23.8,0.0,11.32
2024-03-07,Bengaluru,168,25.47,0.0,4.2
2024-03-08,Bengaluru,168,30.49,0.0,4.45
2024-03-09,Bengaluru,168,28.29,0.0,12.08
2024-03-10,Bengaluru,168,29.57,0.0,11.25
2024-03-11,Bengaluru,168,31.41,0.0,10.2
2024-03-12,Bengaluru,168,29.14,0.0,8.35
2024-03-13,Bengaluru,168,27.43,0.0,7.27
2024-03-14,Bengaluru,168,26.54,0.0,12.71
2024-03-15,Bengaluru,168,28.36,0.0,11.41
2024-03-16,Bengaluru,168,28.4,2.15,15.61
2024-03-17,Bengaluru,168,30.98,0.0,9.04
2024-03-18,Bengaluru,168,27.8,0.0,11.08
2024-03-19,Bengaluru,168,27.1,0.0,9.67
2024-03-20,Bengaluru,168,25.0,0.0,7.26
2024-03-21,Bengaluru,168,25.71,0.0,10.92
2024-03-22,Bengaluru,168,24.21,0.0,8.49
2024-03-23,Bengaluru,168,29.17,0.0,11.75
2024-03-24,Bengaluru,168,26.32,0.0,7.96
2024-03-25,Bengaluru,168,24.68,0.0,11.18
2024-03-26,Bengaluru,168,26.77,0.0,7.3
2024-03-27,Bengaluru,168,23.91,2.46,4.5
2024-03-28,Bengaluru,168,27.07,0.0,10.02
2024-03-29,Bengaluru,168,27.74,0.0,11.23
2024-03-30,Bengaluru,168,27.89,0.0,8.18
2024-03-31,Bengaluru,168,27.06,0.0,6.33
2024-04-01,Bengaluru,168,24.42,0.0,7.41
2024-04-02,Bengaluru,168,29.63,0.0,13.87
2024-04-03,Bengaluru,168,29.83,2.87,9.04
2024-04-04,Bengaluru,168,27.98,7.69,8.34
2024-04-05,Bengaluru,168,28.42,0.0,11.06
2024-04-06,Bengaluru,168,27.72,0.0,10.2
2024-04-07,Bengaluru,168,26.45,0.0,17.34
2024-04-08,Bengaluru,168,26.73,0.0,10.08
2024-04-09,Bengaluru,168,29.55,0.0,11.22
2024-04-10,Bengaluru,168,31.81,0.0,7.42
2024-04-11,Bengaluru,168,29.86,0.0,8.95
2024-04-12,Bengaluru,168,31.44,11.91,7.06
2024-04-13,Bengaluru,168,28.29,0.0,5.12
2024-04-14,Bengaluru,168,28.13,0.0,11.63
2024-04-15,Bengaluru,168,25.95,0.0,11.15
2024-04-16,Bengaluru,168,24.94,0.0,8.7
2024-04-17,Bengaluru,168,26.37,0.0,9.3
2024-04-18,Bengaluru,168,28.21,0.0,13.77
2024-04-19,Bengaluru,168,26.37,0.0,10.54
2024-04-20,Bengaluru,168,28.43,0.0,7.69
2024-04-21,Bengaluru,168,26.91,0.0,13.95
2024-04-22,Bengaluru,168,30.82,0.0,9.25
2024-04-23,Bengaluru,168,29.94,0.0,17.27
2024-04-24,Bengaluru,168,26.87,0.0,17.68
2024-04-25,Bengaluru,168,30.45,0.0,15.26
2024-04-26,Bengaluru,168,26.77,0.0,13.37
2024-04-27,Bengaluru,168,31.0,0.0,10.23
2024-04-28,Bengaluru,168,28.41,0.0,10.26
2024-04-29,Bengaluru,168,25.99,0.0,8.39
2024-04-30,Bengaluru,168,27.17,0.0,10.79
2024-05-01,Bengaluru,168,26.95,0.0,7.95
2024-05-02,Bengaluru,168,23.8,0.0,10.36
2024-05-03,Bengaluru,168,28.36,0.0,9.83
2024-05-04,Bengaluru,168,26.6,0.0,1.69
2024-05-05,Bengaluru,168,23.85,1.95,8.97
2024-05-06,Bengaluru,168,23.87,12.44,7.62
2024-05-07,Bengaluru,168,25.93,3.33,9.97
2024-05-08,Bengaluru,168,26.98,14.85,8.67
2024-05-09,Bengaluru,168,26.91,2.45,5.81
2024-05-10,Bengaluru,168,27.21,3.82,10.43
2024-05-11,Bengaluru,168,27.15,0.0,9.61
2024-05-12,Bengaluru,168,32.11,0.0,10.42
2024-05-13,Bengaluru,168,27.25,0.0,14.64
2024-05-14,Bengaluru,168,29.56,0.0,11.02
2024-05-15,Bengaluru,168,26.44,0.0,9.67
2024-05-16,Bengaluru,168,25.24,0.0,10.96
2024-05-17,Bengaluru,168,23.68,4.77,14.45
2024-05-18,Bengaluru,168,27.07,4.01,14.98
2024-05-19,Bengaluru,168,26.66,7.4,12.05
2024-05-20,Bengaluru,168,25.4,0.0,12.63
2024-05-21,Bengaluru,168,24.08,0.0,10.96
2024-05-22,Bengaluru,168,25.07,0.0,9.21
2024-05-23,Bengaluru,168,24.39,0.0,10.64
2024-05-24,Bengaluru,168,24.0,0.0,11.87
2024-05-25,Bengaluru,168,24.55,0.0,10.77
2024-05-26,Bengaluru,168,25.68,0.0,13.14
2024-05-27,Bengaluru,168,24.74,0.0,11.44
2024-05-28,Bengaluru,168,24.48,0.16,9.73
2024-05-29,Bengaluru,168,25.8,0.0,9.6
2024-05-30,Bengaluru,168,24.54,0.0,6.71
2024-05-31,Bengaluru,168,26.55,0.0,11.17
2024-06-01,Bengaluru,168,22.02,0.0,15.86
2024-06-02,Bengaluru,168,20.17,0.0,15.97
2024-06-03,Bengaluru,168,20.93,0.0,20.67
2024-06-04,Bengaluru,168,24.81,0.0,11.21
2024-06-05,Bengaluru,168,23.45,0.0,11.03
2024-06-06,Bengaluru,168,27.18,0.0,9.49
2024-06-07,Bengaluru,168,25.04,15.7,12.66
2024-06-08,Bengaluru,168,26.89,0.0,9.07
2024-06-09,Bengaluru,168,23.82,0.0,8.23
2024-06-10,Bengaluru,168,22.51,57.34,17.96
2024-06-11,Bengaluru,168,21.24,0.0,9.74
2024-06-12,Bengaluru,168,21.78,21.04,17.7
2024-06-13,Bengaluru,168,23.51,0.0,13.4
2024-06-14,Bengaluru,168,23.58,0.0,13.46
2024-06-15,Bengaluru,168,28.52,0.0,11.33
2024-06-16,Bengaluru,168,25.1,0.0,13.66
2024-06-17,Bengaluru,168,26.05,0.0,9.16
2024-06-18,Bengaluru,168,24.39,0.0,9.96
2024-06-19,Bengaluru,168,23.56,0.0,15.83
2024-06-20,Bengaluru,168,27.01,0.0,14.76
2024-06-21,Bengaluru,168,24.15,0.0,16.39
2024-06-22,Bengaluru,168,24.36,0.0,9.09
2024-06-23,Bengaluru,168,22.27,0.0,12.26
2024-06-24,Bengaluru,168,23.88,5.85,13.79
2024-06-25,Bengaluru,168,24.54,0.0,11.44
2024-06-26,Bengaluru,168,23.55,0.0,9.94
2024-06-27,Bengaluru,168,25.46,0.0,10.14
2024-06-28,Bengaluru,168,21.22,0.0,11.46
2024-06-29,Bengaluru,168,21.33,0.0,9.25
2024-06-30,Bengaluru,168,21.85,49.32,10.55
2024-07-01,Bengaluru,168,23.67,33.67,10.88
2024-07-02,Bengaluru,168,22.75,0.0,13.36
2024-07-03,Bengaluru,168,21.23,0.0,10.77
2024-07-04,Bengaluru,168,23.15,0.0,12.83
2024-07-05,Bengaluru,168,23.87,0.0,13.51
2024-07-06,Bengaluru,168,22.97,0.0,13.26
2024-07-07,Bengaluru,168,25.54,0.0,9.83
2024-07-08,Bengaluru,168,21.42,13.15,14.53
2024-07-09,Bengaluru,168,23.12,0.0,16.24
2024-07-10,Bengaluru,168,20.51,0.0,7.99
2024-07-11,Bengaluru,168,21.72,0.0,11.83
2024-07-12,Bengaluru,168,21.71,0.0,17.91
2024-07-13,Bengaluru,168,20.46,0.0,13.23
2024-07-14,Bengaluru,168,21.77,0.0,13.35
2024-07-15,Bengaluru,168,25.75,0.0,13.18
2024-07-16,Bengaluru,168,24.08,0.0,11.17
2024-07-17,Bengaluru,168,23.97,0.0,15.33
2024-07-18,Bengaluru,168,22.11,2.22,11.53
2024-07-19,Bengaluru,168,20.0,0.53,13.42
2024-07-20,Bengaluru,168,22.5,0.0,14.19
2024-07-21,Bengaluru,168,23.86,0.0,11.59
2024-07-22,Bengaluru,168,24.51,0.0,14.35
2024-07-23,Bengaluru,168,24.47,0.0,13.43
2024-07-24,Bengaluru,168,21.93,17.12,14.41
2024-07-25,Bengaluru,168,23.55,0.0,10.47
2024-07-26,Bengaluru,168,22.19,0.0,11.39
2024-07-27,Bengaluru,168,22.04,0.0,13.43
2024-07-28,Bengaluru,168,17.18,0.0,16.5
2024-07-29,Bengaluru,168,19.16,0.0,14.05
2024-07-30,Bengaluru,168,19.91,8.33,11.67
2024-07-31,Bengaluru,168,21.32,10.14,15.82
2024-08-01,Bengaluru,168,24.81,0.0,7.99
2024-08-02,Bengaluru,168,23.11,0.0,16.34
2024-08-03,Bengaluru,168,18.47,0.0,14.06
2024-08-04,Bengaluru,168,20.54,12.26,11.81
2024-08-05,Bengaluru,168,23.29,3.29,10.8
2024-08-06,Bengaluru,168,20.7,3.83,7.86
2024-08-07,Bengaluru,168,24.81,8.86,15.57
2024-08-08,Bengaluru,168,24.52,1.21,11.86
2024-08-09,Bengaluru,168,24.86,0.37,12.91
2024-08-10,Bengaluru,168,25.91,15.26,17.6
2024-08-11,Bengaluru,168,19.66,4.72,9.45
2024-08-12,Bengaluru,168,24.87,0.0,13.35
2024-08-13,Bengaluru,168,25.7,0.0,14.81
2024-08-14,Bengaluru,168,25.72,6.64,15.15
2024-08-15,Bengaluru,168,22.65,0.0,8.77
2024-08-16,Bengaluru,168,23.24,0.0,12.29
2024-08-17,Bengaluru,168,23.7,2.89,12.17
2024-08-18,Bengaluru,168,24.48,1.84,8.15
2024-08-19,Bengaluru,168,24.42,7.76,10.92
2024-08-20,Bengaluru,168,22.97,5.3,12.72
2024-08-21,Bengaluru,168,22.64,28.42,13.02
2024-08-22,Bengaluru,168,22.83,12.27,17.64
2024-08-23,Bengaluru,168,25.39,0.0,9.06
2024-08-24,Bengaluru,168,24.11,0.0,11.56
2024-08-25,Bengaluru,168,21.72,0.0,8.99
2024-08-26,Bengaluru,168,21.29,0.0,15.37
2024-08-27,Bengaluru,168,18.38,2.35,12.5
2024-08-28,Bengaluru,168,19.68,23.51,13.45
2024-08-29,Bengaluru,168,20.86,0.0,16.82
2024-08-30,Bengaluru,168,22.39,0.0,8.53
2024-08-31,Bengaluru,168,18.04,0.0,8.03
2024-09-01,Bengaluru,168,20.35,0.0,10.32
2024-09-02,Bengaluru,168,21.39,0.0,4.57
2024-09-03,Bengaluru,168,20.55,5.99,10.85
2024-09-04,Bengaluru,168,20.42,17.78,11.49
2024-09-05,Bengaluru,168,25.21,2.49,10.84
2024-09-06,Bengaluru,168,24.12,8.41,11.16
2024-09-07,Bengaluru,168,23.77,6.69,12.51
2024-09-08,Bengaluru,168,22.11,0.78,9.66
2024-09-09,Bengaluru,168,23.48,13.54,12.17
2024-09-10,Bengaluru,168,20.79,13.86,9.11
2024-09-11,Bengaluru,168,21.31,6.07,9.77
2024-09-12,Bengaluru,168,24.49,29.58,12.0
2024-09-13,Bengaluru,168,21.73,13.5,7.63
2024-09-14,Bengaluru,168,22.86,7.17,5.8
2024-09-15,Bengaluru,168,24.95,5.28,11.71
2024-09-16,Bengaluru,168,22.36,0.83,4.78
2024-09-17,Bengaluru,168,22.69,11.7,6.6
2024-09-18,Bengaluru,168,21.07,20.18,9.33
2024-09-19,Bengaluru,168,23.82,8.75,6.83
2024-09-20,Bengaluru,168,26.03,10.88,10.19
2024-09-21,Bengaluru,168,23.77,1.41,11.12
2024-09-22,Bengaluru,168,27.21,4.53,11.55
2024-09-23,Bengaluru,168,25.81,0.0,12.38
2024-09-24,Bengaluru,168,24.56,28.73,11.04
2024-09-25,Bengaluru,168,25.66,4.43,13.61
2024-09-26,Bengaluru,168,27.29,2.01,6.79
2024-09-27,Bengaluru,168,25.55,5.47,5.49
2024-09-28,Bengaluru,168,29.52,5.08,11.99
2024-09-29,Bengaluru,168,25.95,27.32,17.96
2024-09-30,Bengaluru,168,24.2,3.34,7.11
2024-10-01,Bengaluru,168,23.44,4.71,7.59
2024-10-02,Bengaluru,168,27.29,7.76,12.26
2024-10-03,Bengaluru,168,26.32,11.99,9.81
2024-10-04,Bengaluru,168,24.88,14.23,12.62
2024-10-05,Bengaluru,168,23.35,8.02,6.47
2024-10-06,Bengaluru,168,22.88,0.54,5.13
2024-10-07,Bengaluru,168,24.87,4.06,5.54
2024-10-08,Bengaluru,168,23.71,10.57,2.33
2024-10-09,Bengaluru,168,18.71,8.88,11.54
2024-10-10,Bengaluru,168,20.92,0.0,4.28
2024-10-11,Bengaluru,168,20.93,0.0,4.88
2024-10-12,Bengaluru,168,22.71,0.0,6.77
2024-10-13,Bengaluru,168,22.58,0.0,4.7
2024-10-14,Bengaluru,168,23.35,0.0,8.28
2024-10-15,Bengaluru,168,23.79,0.0,7.18
2024-10-16,Bengaluru,168,23.32,0.0,6.3
2024-10-17,Bengaluru,168,23.71,0.0,10.97
2024-10-18,Bengaluru,168,23.49,0.0,13.45
2024-10-19,Bengaluru,168,25.68,0.0,10.39
2024-10-20,Bengaluru,168,22.85,0.97,5.82
2024-10-21,Bengaluru,168,25.16,8.4,9.52
2024-10-22,Bengaluru,168,24.2,22.72,13.82
2024-10-23,Bengaluru,168,23.26,3.07,13.29
2024-10-24,Bengaluru,168,22.18,23.89,11.41
2024-10-25,Bengaluru,168,22.67,12.26,8.67
2024-10-26,Bengaluru,168,23.35,0.0,4.69
2024-10-27,Bengaluru,168,23.15,0.0,12.08
2024-10-28,Bengaluru,168,18.51,0.0,9.58
2024-10-29,Bengaluru,168,21.55,0.0,6.99
2024-10-30,Bengaluru,168,22.26,0.0,9.58
2024-10-31,Bengaluru,168,22.15,0.0,6.88
2024-11-01,Bengaluru,168,20.39,0.0,3.18
2024-11-02,Bengaluru,168,19.87,7.22,4.47
2024-11-03,Bengaluru,168,20.4,0.0,6.46
2024-11-04,Bengaluru,168,18.97,0.0,7.13
2024-11-05,Bengaluru,168,19.79,7.02,9.61
2024-11-06,Bengaluru,168,19.6,2.98,4.64
2024-11-07,Bengaluru,168,18.22,7.35,15.22
2024-11-08,Bengaluru,168,18.56,0.0,8.1
2024-11-09,Bengaluru,168,18.69,0.0,11.54
2024-11-10,Bengaluru,168,20.08,0.0,2.71
2024-11-11,Bengaluru,168,18.54,0.0,9.02
2024-11-12,Bengaluru,168,20.24,0.0,11.22
2024-11-13,Bengaluru,168,23.3,8.58,10.98
2024-11-14,Bengaluru,168,22.83,0.0,5.31
2024-11-15,Bengaluru,168,25.89,0.0,5.41
2024-11-16,Bengaluru,168,22.13,7.82,9.41
2024-11-17,Bengaluru,168,22.34,0.0,3.04
2024-11-18,Bengaluru,168,21.04,0.0,1.01
2024-11-19,Bengaluru,168,23.27,0.0,7.54
2024-11-20,Bengaluru,168,21.39,0.0,5.32
2024-11-21,Bengaluru,168,21.39,0.0,9.5
2024-11-22,Bengaluru,168,18.73,4.27,10.6
2024-11-23,Bengaluru,168,21.54,10.13,6.82
2024-11-24,Bengaluru,168,22.65,0.0,6.68
2024-11-25,Bengaluru,168,22.57,0.0,7.44
2024-11-26,Bengaluru,168,20.77,0.0,5.59
2024-11-27,Bengaluru,168,17.94,0.0,11.01
2024-11-28,Bengaluru,168,18.66,0.0,8.12
2024-11-29,Bengaluru,168,22.11,0.0,2.54
2024-11-30,Bengaluru,168,24.13,2.86,9.8
2024-12-01,Bengaluru,168,19.29,0.0,10.29
2024-12-02,Bengaluru,168,19.76,0.0,9.62
2024-12-03,Bengaluru,168,18.28,0.0,6.29
2024-12-04,Bengaluru,168,18.1,0.0,2.42
2024-12-05,Bengaluru,168,18.74,0.0,7.01
2024-12-06,Bengaluru,168,19.76,0.0,6.08
2024-12-07,Bengaluru,168,20.33,0.0,5.58
2024-12-08,Bengaluru,168,21.11,0.0,8.02
2024-12-09,Bengaluru,168,20.44,0.0,8.76
2024-12-10,Bengaluru,168,19.21,0.0,7.18
2024-12-11,Bengaluru,168,23.46,0.0,8.21
2024-12-12,Bengaluru,168,20.54,0.0,5.82
2024-12-13,Bengaluru,168,21.03,0.0,5.46
2024-12-14,Bengaluru,168,21.97,0.0,13.04
2024-12-15,Bengaluru,168,21.84,0.0,7.64
2024-12-16,Bengaluru,168,23.32,0.0,6.93
2024-12-17,Bengaluru,168,19.1,0.0,10.79
2024-12-18,Bengaluru,168,19.98,0.0,7.83
2024-12-19,Bengaluru,168,17.55,0.0,7.93
2024-12-20,Bengaluru,168,17.91,0.0,7.05
2024-12-21,Bengaluru,168,19.52,0.0,10.32
2024-12-22,Bengaluru,168,19.88,0.0,8.75
2024-12-23,Bengaluru,168,22.41,0.0,7.93
2024-12-24,Bengaluru,168,19.15,0.0,12.52
2024-12-25,Bengaluru,168,20.55,0.0,5.75
2024-12-26,Bengaluru,168,21.41,0.0,1.92
2024-12-27,Bengaluru,168,20.99,133.29,16.94
2024-12-28,Bengaluru,168,19.16,0.0,1.86
2024-12-29,Bengaluru,168,19.02,0.0,4.56
2024-12-30,Bengaluru,168,22.57,0.0,6.59
2024-12-31,Bengaluru,168,19.0,0.0,3.29
2025-01-01,Bengaluru,168,23.83,0.0,5.08
2025-01-02,Bengaluru,168,22.86,0.0,9.58
2025-01-03,Bengaluru,168,22.93,0.0,4.21
2025-01-04,Bengaluru,168,21.94,0.0,4.33
2025-01-05,Bengaluru,168,21.26,0.0,12.67
2025-01-06,Bengaluru,168,21.29,0.0,5.77
2025-01-07,Bengaluru,168,20.35,0.0,10.18
2025-01-08,Bengaluru,168,18.85,0.0,12.5
2025-01-09,Bengaluru,168,18.57,0.0,8.48
2025-01-10,Bengaluru,168,20.52,0.0,12.13
2025-01-11,Bengaluru,168,19.15,0.0,5.42
2025-01-12,Bengaluru,168,19.18,0.0,8.49
2025-01-13,Bengaluru,168,22.36,0.0,6.8
2025-01-14,Bengaluru,168,22.64,0.0,3.51
2025-01-15,Bengaluru,168,21.84,0.0,0.0
2025-01-16,Bengaluru,168,22.86,0.0,6.19
2025-01-17,Bengaluru,168,23.14,0.0,9.88
2025-01-18,Bengaluru,168,22.3,0.0,7.77
2025-01-19,Bengaluru,168,18.82,0.0,8.28
2025-01-20,Bengaluru,168,18.68,0.0,9.5
2025-01-21,Bengaluru,168,18.93,0.0,2.68
2025-01-22,Bengaluru,168,18.31,0.0,6.86
2025-01-23,Bengaluru,168,17.0,0.0,1.34
2025-01-24,Bengaluru,168,17.72,0.0,3.71
2025-01-25,Bengaluru,168,18.13,0.0,3.52
2025-01-26,Bengaluru,168,18.17,0.0,3.97
2025-01-27,Bengaluru,168,19.22,0.0,6.82
2025-01-28,Bengaluru,168,18.38,0.0,5.82
2025-01-29,Bengaluru,168,18.76,0.0,6.44
2025-01-30,Bengaluru,168,19.43,0.0,3.85
2025-01-31,Bengaluru,168,19.15,0.0,3.05
2025-02-01,Bengaluru,168,24.44,0.0,0.79
2025-02-02,Bengaluru,168,19.83,0.0,4.66
2025-02-03,Bengaluru,168,21.94,0.0,7.33
2025-02-04,Bengaluru,168,23.35,0.0,9.07
2025-02-05,Bengaluru,168,22.06,0.0,7.7
2025-02-06,Bengaluru,168,23.23,0.0,7.41
2025-02-07,Bengaluru,168,23.69,0.0,5.46
2025-02-08,Bengaluru,168,22.59,0.0,4.54
2025-02-09,Bengaluru,168,24.51,0.0,5.45
2025-02-10,Bengaluru,168,24.73,0.0,5.81
2025-02-11,Bengaluru,168,25.08,0.0,2.7
2025-02-12,Bengaluru,168,25.03,0.0,6.7
2025-02-13,Bengaluru,168,23.96,0.0,9.46
2025-02-14,Bengaluru,168,27.24,0.0,7.82
2025-02-15,Bengaluru,168,25.66,0.0,3.26
2025-02-16,Bengaluru,168,25.16,0.0,6.62
2025-02-17,Bengaluru,168,27.87,0.0,6.48
2025-02-18,Bengaluru,168,21.63,0.0,9.07
2025-02-19,Bengaluru,168,22.3,0.0,7.41
2025-02-20,Bengaluru,168,20.11,0.0,2.93
2025-02-21,Bengaluru,168,22.79,0.0,9.0
2025-02-22,Bengaluru,168,20.02,0.0,6.06
2025-02-23,Bengaluru,168,21.06,0.0,6.36
2025-02-24,Bengaluru,168,18.18,0.0,11.24
2025-02-25,Bengaluru,168,20.17,0.0,6.49
2025-02-26,Bengaluru,168,21.07,0.0,5.07
2025-02-27,Bengaluru,168,23.57,0.0,7.12
2025-02-28,Bengaluru,168,22.94,0.0,4.44
2025-03-01,Bengaluru,168,26.14,0.0,6.61
2025-03-02,Bengaluru,168,24.18,0.0,8.37
2025-03-03,Bengaluru,168,24.8,0.0,9.6
2025-03-04,Bengaluru,168,28.13,0.0,6.11
2025-03-05,Bengaluru,168,27.11,0.0,8.1
2025-03-06,Bengaluru,168,28.01,0.0,5.94
2025-03-07,Bengaluru,168,27.38,0.0,8.0
2025-03-08,Bengaluru,168,26.52,0.0,6.12
2025-03-09,Bengaluru,168,25.94,0.0,8.39
2025-03-10,Bengaluru,168,26.85,0.0,7.44
2025-03-11,Bengaluru,168,22.55,0.0,10.4
2025-03-12,Bengaluru,168,25.35,0.0,5.85
2025-03-13,Bengaluru,168,19.96,0.0,3.97
2025-03-14,Bengaluru,168,23.96,0.0,8.8
2025-03-15,Bengaluru,168,25.72,0.0,9.33
2025-03-16,Bengaluru,168,20.73,0.0,3.71
2025-03-17,Bengaluru,168,20.15,0.0,13.23
2025-03-18,Bengaluru,168,22.09,0.0,10.44
2025-03-19,Bengaluru,168,27.14,0.0,11.04
2025-03-20,Bengaluru,168,25.8,0.0,11.84
2025-03-21,Bengaluru,168,26.94,0.0,11.45
2025-03-22,Bengaluru,168,25.09,0.0,5.49
2025-03-23,Bengaluru,168,22.73,0.0,6.85
2025-03-24,Bengaluru,168,25.13,0.0,10.8
2025-03-25,Bengaluru,168,24.84,0.0,10.16
2025-03-26,Bengaluru,168,25.14,0.0,4.13
2025-03-27,Bengaluru,168,24.23,0.0,10.39
2025-03-28,Bengaluru,168,24.18,0.0,7.54
2025-03-29,Bengaluru,168,27.37,0.0,7.3
2025-03-30,Bengaluru,168,28.34,0.0,8.15
2025-03-31,Bengaluru,168,29.41,0.0,8.17
2025-04-01,Bengaluru,168,27.61,0.0,9.55
2025-04-02,Bengaluru,168,25.51,0.0,7.02
2025-04-03,Bengaluru,168,27.0,0.0,11.53
2025-04-04,Bengaluru,168,27.16,0.0,8.72
2025-04-05,Bengaluru,168,25.96,0.0,5.43
2025-04-06,Bengaluru,168,25.86,0.0,7.91
2025-04-07,Bengaluru,168,28.67,0.0,11.15
2025-04-08,Bengaluru,168,30.54,0.0,14.81
2025-04-09,Bengaluru,168,24.71,0.0,13.17
2025-04-10,Bengaluru,168,25.16,0.0,9.52
2025-04-11,Bengaluru,168,26.47,0.0,13.08
2025-04-12,Bengaluru,168,25.68,0.0,11.09
2025-04-13,Bengaluru,168,29.2,0.0,5.19
2025-04-14,Bengaluru,168,28.63,8.43,9.94
2025-04-15,Bengaluru,168,30.28,6.96,11.43
2025-04-16,Bengaluru,168,30.41,0.0,9.41
2025-04-17,Bengaluru,168,28.59,0.0,11.17
2025-04-18,Bengaluru,168,27.04,6.48,14.22
2025-04-19,Bengaluru,168,28.9,16.82,17.94
2025-04-20,Bengaluru,168,26.61,14.85,14.59
2025-04-21,Bengaluru,168,26.32,0.0,10.22
2025-04-22,Bengaluru,168,24.97,0.0,4.19
2025-04-23,Bengaluru,168,26.88,0.0,8.89
2025-04-24,Bengaluru,168,26.82,8.51,9.63
2025-04-25,Bengaluru,168,29.52,1.35,7.37
2025-04-26,Bengaluru,168,27.93,0.0,6.2
2025-04-27,Bengaluru,168,31.87,0.0,4.96
2025-04-28,Bengaluru,168,30.06,1.87,5.29
2025-04-29,Bengaluru,168,29.04,11.63,15.87
2025-04-30,Bengaluru,168,29.72,8.29,16.36
2025-05-01,Bengaluru,168,27.27,1.79,9.99
2025-05-02,Bengaluru,168,30.38,0.0,6.01
2025-05-03,Bengaluru,168,26.51,0.0,8.7
2025-05-04,Bengaluru,168,31.3,0.0,7.9
2025-05-05,Bengaluru,168,27.89,0.0,11.82
2025-05-06,Bengaluru,168,27.3,10.75,18.69
2025-05-07,Bengaluru,168,25.7,0.64,16.3
2025-05-08,Bengaluru,168,25.02,12.03,13.25
2025-05-09,Bengaluru,168,28.53,0.0,8.89
2025-05-10,Bengaluru,168,25.99,0.0,8.14
2025-05-11,Bengaluru,168,22.97,0.0,6.07
2025-05-12,Bengaluru,168,26.08,0.0,10.85
2025-05-13,Bengaluru,168,28.88,0.0,16.18
2025-05-14,Bengaluru,168,25.23,0.0,10.95
2025-05-15,Bengaluru,168,23.91,8.22,13.63
2025-05-16,Bengaluru,168,23.96,0.59,13.45
2025-05-17,Bengaluru,168,25.71,3.84,6.42
2025-05-18,Bengaluru,168,25.87,1.76,7.76
2025-05-19,Bengaluru,168,29.53,0.0,9.06
2025-05-20,Bengaluru,168,29.47,12.94,12.58
2025-05-21,Bengaluru,168,28.04,0.0,14.55
2025-05-22,Bengaluru,168,26.23,0.0,11.57
2025-05-23,Bengaluru,168,23.33,0.0,15.88
2025-05-24,Bengaluru,168,24.98,16.61,15.28
2025-05-25,Bengaluru,168,25.7,0.0,4.25
2025-05-26,Bengaluru,168,21.22,0.0,6.08
2025-05-27,Bengaluru,168,26.63,0.0,6.26
2025-05-28,Bengaluru,168,24.5,6.8,14.56
2025-05-29,Bengaluru,168,28.84,2.38,5.06
2025-05-30,Bengaluru,168,28.03,0.0,11.58
2025-05-31,Bengaluru,168,29.48,0.0,7.12
2025-06-01,Bengaluru,168,25.2,0.0,15.25
2025-06-02,Bengaluru,168,25.86,0.0,10.7
2025-06-03,Bengaluru,168,23.69,0.0,6.3
2025-06-04,Bengaluru,168,25.34,24.3,18.42
2025-06-05,Bengaluru,168,26.98,0.0,12.07
2025-06-06,Bengaluru,168,24.78,0.0,10.67
2025-06-07,Bengaluru,168,26.18,0.0,9.7
2025-06-08,Bengaluru,168,29.67,0.0,13.91
2025-06-09,Bengaluru,168,26.49,0.0,14.14
2025-06-10,Bengaluru,168,25.79,0.0,13.03
2025-06-11,Bengaluru,168,25.27,0.0,8.68
2025-06-12,Bengaluru,168,27.79,0.0,15.38
2025-06-13,Bengaluru,168,24.36,0.0,16.76
2025-06-14,Bengaluru,168,22.83,0.0,7.16
2025-06-15,Bengaluru,168,20.92,0.0,14.16
2025-06-16,Bengaluru,168,21.87,0.0,15.49
2025-06-17,Bengaluru,168,20.05,0.0,12.26
2025-06-18,Bengaluru,168,23.1,0.0,8.41
2025-06-19,Bengaluru,168,23.72,0.0,16.25
2025-06-20,Bengaluru,168,22.06,0.0,11.34
2025-06-21,Bengaluru,168,21.93,1.96,10.22
2025-06-22,Bengaluru,168,24.5,0.0,12.71
2025-06-23,Bengaluru,168,25.39,0.0,9.95
2025-06-24,Bengaluru,168,24.72,0.0,12.79
2025-06-25,Bengaluru,168,22.79,0.0,11.36
2025-06-26,Bengaluru,168,22.29,0.0,14.96
2025-06-27,Bengaluru,168,21.17,0.0,12.67
2025-06-28,Bengaluru,168,24.74,0.0,13.05
2025-06-29,Bengaluru,168,22.97,0.0,11.03
2025-06-30,Bengaluru,168,25.78,2.95,9.58
2025-07-01,Bengaluru,168,24.54,9.94,15.88
2025-07-02,Bengaluru,168,21.97,0.0,9.99
2025-07-03,Bengaluru,168,24.64,0.0,12.93
2025-07-04,Bengaluru,168,22.67,0.0,9.53
2025-07-05,Bengaluru,168,20.45,0.0,11.68
2025-07-06,Bengaluru,168,19.37,0.0,15.35
2025-07-07,Bengaluru,168,24.13,0.0,13.21
2025-07-08,Bengaluru,168,21.22,5.18,14.71
2025-07-09,Bengaluru,168,21.07,68.77,14.94
2025-07-10,Bengaluru,168,24.21,0.0,16.3
2025-07-11,Bengaluru,168,21.53,5.59,10.26
2025-07-12,Bengaluru,168,19.43,2.07,15.31
2025-07-13,Bengaluru,168,22.05,18.59,14.21
2025-07-14,Bengaluru,168,21.5,0.0,18.05
2025-07-15,Bengaluru,168,21.78,0.0,12.56
2025-07-16,Bengaluru,168,21.19,0.0,10.06
2025-07-17,Bengaluru,168,23.54,31.47,17.86
2025-07-18,Bengaluru,168,20.17,3.38,13.8
2025-07-19,Bengaluru,168,23.22,0.0,11.54
2025-07-20,Bengaluru,168,23.51,0.0,9.37
2025-07-21,Bengaluru,168,20.73,0.0,11.51
2025-07-22,Bengaluru,168,23.11,9.58,15.43
2025-07-23,Bengaluru,168,24.08,13.99,13.59
2025-07-24,Bengaluru,168,23.01,13.87,12.62
2025-07-25,Bengaluru,168,23.48,0.0,15.93
2025-07-26,Bengaluru,168,25.55,0.0,14.65
2025-07-27,Bengaluru,168,21.37,0.0,7.45
2025-07-28,Bengaluru,168,21.62,4.97,8.67
2025-07-29,Bengaluru,168,26.02,0.0,9.19
2025-07-30,Bengaluru,168,21.79,0.0,13.06
2025-07-31,Bengaluru,168,26.51,0.41,4.49
2025-08-01,Bengaluru,168,24.47,24.48,15.18
2025-08-02,Bengaluru,168,23.84,0.0,12.69
2025-08-03,Bengaluru,168,23.92,0.0,10.98
2025-08-04,Bengaluru,168,24.15,0.0,7.81
2025-08-05,Bengaluru,168,23.79,0.0,7.89
2025-08-06,Bengaluru,168,23.05,0.0,6.37
2025-08-07,Bengaluru,168,25.18,0.0,7.51
2025-08-08,Bengaluru,168,23.71,0.0,11.32
2025-08-09,Bengaluru,168,22.92,0.0,5.97
2025-08-10,Bengaluru,168,23.35,0.0,9.19
2025-08-11,Bengaluru,168,19.81,0.0,7.37
2025-08-12,Bengaluru,168,23.77,0.0,13.97
2025-08-13,Bengaluru,168,22.26,0.0,9.38
2025-08-14,Bengaluru,168,19.82,3.75,12.83
2025-08-15,Bengaluru,168,23.37,19.88,12.96
2025-08-16,Bengaluru,168,21.61,6.43,12.11
2025-08-17,Bengaluru,168,23.29,13.75,7.29
2025-08-18,Bengaluru,168,24.52,3.92,13.49
2025-08-19,Bengaluru,168,22.42,6.6,11.39
2025-08-20,Bengaluru,168,22.14,0.0,16.67
2025-08-21,Bengaluru,168,25.99,0.0,15.56
2025-08-22,Bengaluru,168,26.23,0.0,10.05
2025-08-23,Bengaluru,168,24.03,0.0,11.53
2025-08-24,Bengaluru,168,22.03,0.0,9.84
2025-08-25,Bengaluru,168,20.6,0.0,10.88
2025-08-26,Bengaluru,168,20.63,0.0,9.82
2025-08-27,Bengaluru,168,21.25,7.11,14.64
2025-08-28,Bengaluru,168,19.26,0.0,9.02
2025-08-29,Bengaluru,168,23.85,0.0,10.47
2025-08-30,Bengaluru,168,20.0,0.0,11.05
2025-08-31,Bengaluru,168,18.13,0.0,11.13
2025-09-01,Bengaluru,168,22.87,0.0,10.49
2025-09-02,Bengaluru,168,23.89,0.0,10.7
2025-09-03,Bengaluru,168,25.57,0.0,13.62
2025-09-04,Bengaluru,168,24.36,0.0,8.83
2025-09-05,Bengaluru,168,25.67,0.0,11.95
2025-09-06,Bengaluru,168,25.03,0.0,6.01
2025-09-07,Bengaluru,168,23.25,0.0,8.28
2025-09-08,Bengaluru,168,22.35,0.0,13.84
2025-09-09,Bengaluru,168,24.3,0.0,12.14
2025-09-10,Bengaluru,168,22.51,0.0,13.74
2025-09-11,Bengaluru,168,23.67,0.0,10.42
2025-09-12,Bengaluru,168,25.29,0.0,5.63
2025-09-13,Bengaluru,168,22.34,0.0,10.45
2025-09-14,Bengaluru,168,20.55,0.0,8.98
2025-09-15,Bengaluru,168,19.06,0.0,9.62
2025-09-16,Bengaluru,168,22.7,0.0,7.01
2025-09-17,Bengaluru,168,21.69,0.0,9.22
2025-09-18,Bengaluru,168,24.77,0.0,7.39
2025-09-19,Bengaluru,168,23.23,13.45,6.27
2025-09-20,Bengaluru,168,21.17,9.98,8.48
2025-09-21,Bengaluru,168,20.19,22.4,8.93
2025-09-22,Bengaluru,168,23.76,0.0,6.81
2025-09-23,Bengaluru,168,20.31,0.0,5.96
2025-09-24,Bengaluru,168,22.55,0.0,11.83
2025-09-25,Bengaluru,168,21.37,0.0,9.18
2025-09-26,Bengaluru,168,19.11,0.0,10.26
2025-09-27,Bengaluru,168,20.2,0.0,14.25
2025-09-28,Bengaluru,168,21.28,1.2,9.07
2025-09-29,Bengaluru,168,19.46,4.4,10.67
2025-09-30,Bengaluru,168,22.04,11.85,16.75
