date,region,latitude,longitude,forecast_lead_time_hours,month,season,weather_regime,humidity,pressure,nwp_temp,ai_temp,ensemble_temp,temp_actual,nwp_rain,ai_rain,ensemble_rain,rain_actual,nwp_wind,ai_wind,ensemble_wind,wind_actual,nwp_temp_hist_mae,ai_temp_hist_mae,ensemble_temp_hist_mae,nwp_rain_hist_mae,ai_rain_hist_mae,ensemble_rain_hist_mae,nwp_wind_hist_mae,ai_wind_hist_mae,ensemble_wind_hist_mae
2025-02-19,Pune,18.52,73.86,24,2,Winter,Clear,36,950.1,25.8,26.2,28.4,26.7,0.0,0.0,0.0,0.0,13.0,13.7,22.5,15.7,0.48981481481481476,0.40000000000000213,1.2941358024691358,1.7626543209876544,0.0,3.2108024691358024,3.3287037037037037,3.9499999999999993,4.024074074074074
2025-02-20,Pune,18.52,73.86,24,2,Winter,Clear,33,950.6,25.8,25.8,28.4,26.6,0.0,0.0,0.0,0.0,9.9,12.1,12.7,7.4,0.4910769230769231,0.45000000000000107,1.2953846153846154,1.7572307692307694,0.0,3.2009230769230768,3.326769230769231,3.2999999999999994,4.032615384615385
2025-02-21,Pune,18.52,73.86,24,2,Winter,Clear,29,952.2,26.4,25.9,28.5,27.2,0.0,0.0,0.0,0.0,13.3,15.2,13.3,11.6,0.49202453987730055,0.5666666666666677,1.2969325153374234,1.751840490797546,0.0,3.1911042944785275,3.324233128834356,3.6499999999999995,4.036503067484663
2025-02-22,Pune,18.52,73.86,24,2,Winter,Clear,30,952.8,26.9,26.6,28.7,27.6,0.0,0.0,0.0,0.0,8.6,10.9,12.5,8.6,0.4929663608562691,0.7500000000000009,1.296941896024465,1.7464831804281347,0.0,3.1813455657492353,3.3192660550458717,3.6399999999999992,4.029357798165138
2025-02-23,Pune,18.52,73.86,24,2,Winter,Clear,29,952.8,26.4,25.8,28.8,27.4,0.0,0.0,0.0,0.0,11.5,10.5,14.3,8.4,0.4935975609756097,0.8000000000000007,1.2963414634146342,1.741158536585366,0.0,3.1716463414634144,3.309146341463415,3.4166666666666665,4.028963414634147
2025-02-24,Pune,18.52,73.86,24,2,Winter,Clear,26,952.8,26.5,25.9,28.2,27.0,0.0,0.0,0.0,0.0,14.4,16.0,14.8,14.4,0.49513677811550144,0.9333333333333336,1.2966565349544075,1.7358662613981763,0.0,3.1620060790273556,3.3085106382978724,3.228571428571428,4.034650455927052
2025-02-25,Pune,18.52,73.86,24,2,Winter,Clear,27,953.5,26.6,26.0,28.1,27.1,0.0,0.0,0.0,0.0,11.2,14.1,14.4,11.7,0.49515151515151506,0.9571428571428575,1.2963636363636364,1.7306060606060607,0.0,3.1524242424242424,3.2984848484848484,3.0249999999999995,4.0236363636363635
2025-02-26,Pune,18.52,73.86,24,2,Winter,Clear,35,953.5,26.2,26.3,28.4,26.9,0.0,0.0,0.0,0.0,11.3,12.7,16.9,11.7,0.4951661631419939,0.9750000000000005,1.2954682779456195,1.7253776435045318,0.0,3.1429003021148034,3.2900302114803623,2.9555555555555553,4.019637462235649
2025-02-27,Pune,18.52,73.86,24,2,Winter,Clear,35,952.2,26.7,26.4,28.7,27.5,0.0,0.0,0.0,0.0,9.1,10.6,15.6,12.0,0.49578313253012046,0.9333333333333336,1.2960843373493975,1.7201807228915664,0.0,3.133433734939759,3.2813253012048196,2.76,4.023192771084338
2025-02-28,Pune,18.52,73.86,24,2,Winter,Clear,34,950.7,27.2,27.4,29.1,28.1,0.0,0.0,0.0,0.0,10.2,8.2,17.5,13.9,0.49669669669669664,0.9500000000000004,1.2957957957957957,1.7150150150150152,0.0,3.124024024024024,3.28018018018018,2.6363636363636362,4.021921921921922
2025-03-01,Pune,18.52,73.86,24,3,Summer,Clear,35,950.2,27.6,27.6,29.5,28.5,0.0,0.0,0.0,0.0,11.3,9.7,13.1,13.6,0.4979041916167664,0.9272727272727278,1.2949101796407185,1.7098802395209582,0.0,3.1146706586826345,3.281437125748503,2.891666666666667,4.020658682634731
2025-03-02,Pune,18.52,73.86,24,3,Summer,Clear,35,949.4,27.4,27.6,29.4,28.4,0.0,0.0,0.0,0.0,8.7,10.7,22.1,12.7,0.49910447761194027,0.9250000000000004,1.2940298507462686,1.7047761194029851,0.0,3.105373134328358,3.278507462686567,2.9692307692307693,4.010149253731344
2025-03-03,Pune,18.52,73.86,24,3,Summer,Clear,26,949.9,28.2,28.2,29.6,29.2,0.0,0.0,0.0,0.0,15.0,11.0,13.0,17.4,0.5005952380952381,0.9153846153846156,1.2931547619047619,1.699702380952381,0.0,3.0961309523809524,3.2806547619047617,2.9,4.026190476190476
2025-03-04,Pune,18.52,73.86,24,3,Summer,Clear,25,950.4,28.5,27.8,29.7,29.0,0.0,0.0,0.0,0.0,9.3,10.2,13.0,10.4,0.5020771513353115,0.9214285714285716,1.2905044510385757,1.6946587537091988,0.0,3.0869436201780416,3.2780415430267063,3.1333333333333333,4.027299703264095
2025-03-05,Pune,18.52,73.86,24,3,Summer,Clear,28,950.8,27.5,26.8,28.8,27.8,0.0,0.0,0.0,0.0,11.2,13.0,12.9,11.0,0.5020710059171597,0.9400000000000001,1.288757396449704,1.6896449704142011,0.0,3.077810650887574,3.2715976331360945,2.95,4.023076923076923
2025-03-06,Pune,18.52,73.86,24,3,Summer,Clear,20,951.2,26.4,26.2,27.8,27.0,0.0,0.0,0.0,0.0,7.2,8.0,10.7,7.8,0.5014749262536873,0.9437500000000001,1.2879056047197641,1.684660766961652,0.0,3.068731563421829,3.262536873156342,2.894117647058824,4.016814159292036
2025-03-07,Pune,18.52,73.86,24,3,Summer,Clear,20,949.4,26.6,26.6,29.3,27.2,0.0,0.0,0.0,0.0,9.7,10.0,11.5,8.5,0.5017647058823529,0.9352941176470589,1.2864705882352943,1.6797058823529412,0.0,3.059705882352941,3.254705882352941,2.7444444444444445,4.013529411764706
2025-03-08,Pune,18.52,73.86,24,3,Summer,Clear,26,947.6,27.3,27.6,29.9,27.9,0.0,0.0,0.0,0.0,15.2,15.3,26.1,14.9,0.5020527859237537,0.9166666666666666,1.2888563049853372,1.6747800586510264,0.0,3.050733137829912,3.2486803519061582,2.6789473684210527,4.010557184750733
2025-03-09,Pune,18.52,73.86,24,3,Summer,Clear,26,948.2,28.0,28.2,30.4,28.6,0.0,0.0,0.0,0.0,13.2,12.6,11.8,10.9,0.5023391812865496,0.8842105263157893,1.29093567251462,1.6698830409356726,0.0,3.041812865497076,3.2400584795321636,2.565,4.031578947368421
2025-03-10,Pune,18.52,73.86,24,3,Summer,Clear,30,950.2,28.8,28.1,30.8,29.1,0.0,0.0,0.0,0.0,15.3,17.8,19.5,15.0,0.5026239067055392,0.86,1.2924198250728864,1.6650145772594753,0.0,3.032944606413994,3.23731778425656,2.5238095238095237,4.022448979591837
2025-03-11,Pune,18.52,73.86,24,3,Summer,Clear,31,951.1,29.2,28.5,30.7,29.5,0.0,0.0,0.0,0.0,12.1,12.4,16.7,12.2,0.5020348837209302,0.8666666666666666,1.2936046511627908,1.6601744186046512,0.0,3.024127906976744,3.228779069767442,2.536363636363636,4.023837209302326
2025-03-12,Pune,18.52,73.86,24,3,Summer,Clear,31,949.7,28.9,29.3,31.0,29.5,0.0,0.0,0.0,0.0,9.1,8.4,13.2,12.6,0.5014492753623189,0.8727272727272727,1.2933333333333332,1.6553623188405797,0.0,3.0153623188405794,3.2197101449275363,2.4347826086956523,4.025217391304348
2025-03-13,Pune,18.52,73.86,24,3,Summer,Clear,32,948.7,29.3,28.9,31.3,29.9,0.0,0.0,0.0,0.0,11.6,13.7,20.1,14.9,0.5017341040462427,0.8434782608695651,1.2939306358381502,1.650578034682081,0.0,3.0066473988439304,3.2205202312138725,2.5083333333333333,4.0153179190751445
2025-03-14,Pune,18.52,73.86,24,3,Summer,Clear,29,949.1,29.2,28.9,30.8,30.2,0.0,0.0,0.0,0.0,16.2,15.8,24.6,15.5,0.5020172910662823,0.85,1.2942363112391932,1.645821325648415,0.0,2.9979827089337174,3.2207492795389046,2.456,4.018731988472623
2025-03-15,Pune,18.52,73.86,24,3,Summer,Clear,22,949.6,29.2,28.7,30.7,29.8,0.0,0.0,0.0,0.0,13.2,18.6,17.0,14.4,0.503448275862069,0.868,1.2922413793103449,1.6410919540229885,0.0,2.9893678160919537,3.2135057471264368,2.373076923076923,4.033333333333333
2025-03-16,Pune,18.52,73.86,24,3,Summer,Clear,27,949.9,28.8,28.8,30.5,29.5,0.0,0.0,0.0,0.0,15.9,16.9,16.6,18.0,0.5037249283667621,0.8769230769230769,1.2911174785100288,1.6363896848137536,0.0,2.9808022922636104,3.207736389684814,2.440740740740741,4.029226361031519
2025-03-17,Pune,18.52,73.86,24,3,Summer,Clear,29,949.8,28.4,28.2,30.2,29.2,0.0,0.0,0.0,0.0,15.4,16.1,25.9,16.9,0.5042857142857143,0.8703703703703703,1.2902857142857143,1.6317142857142857,0.0,2.972285714285714,3.204571428571428,2.392857142857143,4.021714285714285
2025-03-18,Pune,18.52,73.86,24,3,Summer,Clear,29,949.1,28.6,28.6,30.6,29.3,0.0,0.0,0.0,0.0,18.6,18.3,26.6,22.4,0.5051282051282051,0.875,1.2894586894586895,1.6270655270655272,0.0,2.9638176638176637,3.1997150997150996,2.3379310344827586,4.035897435897436
2025-03-19,Pune,18.52,73.86,24,3,Summer,Clear,28,950.0,27.8,28.3,29.8,29.1,0.0,0.0,0.0,0.0,19.2,18.0,26.3,18.3,0.5056818181818182,0.8689655172413793,1.2894886363636364,1.622443181818182,0.0,2.955397727272727,3.2014204545454548,2.396666666666667,4.036363636363636
2025-03-20,Pune,18.52,73.86,24,3,Summer,Clear,26,951.5,27.9,27.9,29.5,28.6,0.0,0.0,0.0,0.0,17.6,18.6,28.9,18.2,0.5079320113314447,0.8666666666666667,1.2878186968838528,1.6178470254957509,0.0,2.947025495750708,3.1949008498583567,2.329032258064516,4.047592067988669
2025-03-21,Pune,18.52,73.86,24,3,Summer,Clear,27,951.9,27.0,27.0,28.5,27.8,0.0,0.0,0.0,0.0,17.0,17.8,22.6,18.1,0.5084745762711864,0.8612903225806453,1.286723163841808,1.6132768361581922,0.0,2.9387005649717515,3.187570621468927,2.2687500000000003,4.06638418079096
2025-03-22,Pune,18.52,73.86,24,3,Summer,Clear,34,950.9,26.4,26.4,28.6,27.5,0.0,0.0,0.0,0.0,12.1,10.4,21.0,13.3,0.5092957746478873,0.8593750000000001,1.2850704225352112,1.6087323943661973,0.0,2.9304225352112674,3.1816901408450704,2.2090909090909094,4.067605633802817
2025-03-23,Pune,18.52,73.86,24,3,Summer,Clear,39,951.0,27.4,27.7,30.1,28.1,0.0,0.0,0.0,0.0,10.9,10.7,14.8,13.8,0.5109550561797753,0.8666666666666668,1.2845505617977528,1.6042134831460675,0.0,2.922191011235955,3.176123595505618,2.2294117647058824,4.077808988764045
2025-03-24,Pune,18.52,73.86,24,3,Summer,Clear,29,950.8,28.5,28.7,30.4,29.6,0.0,0.0,0.0,0.0,9.9,11.1,13.8,12.0,0.511484593837535,0.8529411764705884,1.2865546218487396,1.5997198879551822,0.0,2.914005602240896,3.1753501400560222,2.2542857142857144,4.069187675070028
2025-03-25,Pune,18.52,73.86,24,3,Summer,Clear,38,948.3,28.5,28.2,30.9,29.2,0.0,0.1,0.0,0.0,18.1,17.0,15.2,18.8,0.5131284916201116,0.8542857142857145,1.285195530726257,1.5952513966480448,0.0,2.905865921787709,3.172346368715084,2.216666666666667,4.062849162011173
2025-03-26,Pune,18.52,73.86,24,3,Summer,Clear,32,947.1,28.1,28.0,30.2,28.9,0.0,0.0,0.0,0.0,19.7,19.2,22.7,20.9,0.5136490250696379,0.8583333333333336,1.286350974930362,1.590807799442897,0.002777777777777778,2.8977715877437324,3.1654596100278556,2.2054054054054055,4.061559888579387
2025-03-27,Pune,18.52,73.86,24,3,Summer,Clear,36,947.9,27.3,27.5,29.0,28.1,0.0,0.0,0.0,0.0,18.7,19.3,24.3,18.8,0.5144444444444444,0.8594594594594597,1.286388888888889,1.5863888888888888,0.002702702702702703,2.8897222222222223,3.1599999999999997,2.1921052631578952,4.055277777777778
2025-03-28,Pune,18.52,73.86,24,3,Summer,Clear,39,947.3,28.2,27.7,30.0,29.2,0.0,0.0,0.0,0.0,11.5,15.3,15.9,16.1,0.5152354570637119,0.8526315789473685,1.2853185595567866,1.5819944598337952,0.002631578947368421,2.8817174515235457,3.1515235457063713,2.148717948717949,4.059279778393352
2025-03-29,Pune,18.52,73.86,24,3,Summer,Clear,32,946.9,30.1,29.5,32.0,30.8,0.0,0.0,0.0,0.0,13.3,13.8,16.1,14.4,0.5165745856353591,0.8692307692307694,1.2839779005524863,1.5776243093922653,0.002564102564102564,2.873756906077348,3.155524861878453,2.115,4.048618784530387
2025-03-30,Pune,18.52,73.86,24,3,Summer,Clear,26,947.4,30.7,29.7,32.4,31.2,0.0,0.0,0.0,0.0,12.0,15.8,22.3,20.6,0.5170798898071625,0.8800000000000002,1.2837465564738293,1.5732782369146006,0.0025,2.865840220385675,3.1498622589531684,2.078048780487805,4.042148760330578
2025-03-31,Pune,18.52,73.86,24,3,Summer,Clear,28,947.6,30.8,30.1,32.9,31.9,0.0,0.0,0.0,0.0,11.5,9.8,20.5,12.8,0.517032967032967,0.8951219512195124,1.2835164835164834,1.568956043956044,0.0024390243902439024,2.857967032967033,3.1648351648351647,2.142857142857143,4.035714285714286
2025-04-01,Pune,18.52,73.86,24,4,Summer,Clear,34,947.3,29.9,29.1,32.0,30.1,0.5,0.4,0.2,0.9,10.8,9.3,23.2,13.8,0.5186301369863014,0.9166666666666669,1.2827397260273972,1.5646575342465754,0.002380952380952381,2.85013698630137,3.15972602739726,2.1627906976744184,4.045753424657534
2025-04-02,Pune,18.52,73.86,24,4,Summer,Convective,46,947.9,28.5,28.1,30.6,28.4,1.0,1.6,1.4,7.2,19.8,16.8,24.4,9.7,0.51775956284153,0.9186046511627909,1.2844262295081967,1.5614754098360655,0.013953488372093023,2.8442622950819674,3.1592896174863387,2.215909090909091,4.060382513661202
2025-04-03,Pune,18.52,73.86,24,4,Summer,Clear,53,949.9,27.3,27.6,29.3,28.0,0.5,0.9,1.5,0.1,20.0,11.0,23.7,22.4,0.5166212534059945,0.9045454545454547,1.2869209809264306,1.574114441416894,0.1409090909090909,2.8523160762942776,3.1782016348773845,2.3244444444444445,4.089373297002725
2025-04-04,Pune,18.52,73.86,24,4,Summer,Clear,56,950.7,27.4,27.0,30.3,28.1,0.0,0.1,0.0,0.0,8.7,12.0,16.8,14.7,0.5171195652173913,0.8933333333333334,1.2869565217391306,1.5709239130434782,0.15555555555555553,2.8483695652173915,3.176086956521739,2.5217391304347827,4.081793478260869
2025-04-05,Pune,18.52,73.86,24,4,Summer,Clear,40,949.4,28.8,29.1,31.7,29.9,0.0,0.0,0.0,0.0,10.1,11.5,21.4,13.8,0.5176151761517616,0.8978260869565219,1.2894308943089432,1.5666666666666667,0.15434782608695652,2.840650406504065,3.183739837398374,2.5255319148936173,4.076422764227642
2025-04-06,Pune,18.52,73.86,24,4,Summer,Clear,25,948.3,30.0,29.7,32.5,30.9,0.0,0.0,0.0,0.0,11.5,12.9,23.2,18.2,0.5191891891891892,0.8957446808510638,1.290810810810811,1.5624324324324326,0.15106382978723404,2.832972972972973,3.1851351351351354,2.5208333333333335,4.085945945945946
2025-04-07,Pune,18.52,73.86,24,4,Summer,Clear,22,948.4,30.4,31.0,33.4,31.8,0.0,0.0,0.0,0.0,10.3,13.4,19.5,14.1,0.5202156334231806,0.9020833333333332,1.291644204851752,1.5582210242587602,0.14791666666666667,2.8253369272237197,3.1946091644204855,2.5775510204081633,4.088409703504043
2025-04-08,Pune,18.52,73.86,24,4,Summer,Clear,19,948.8,31.7,31.5,33.8,32.5,0.0,0.0,0.0,0.0,13.2,16.8,19.1,15.2,0.5225806451612903,0.9,1.29247311827957,1.5540322580645163,0.14489795918367346,2.817741935483871,3.196236559139785,2.54,4.091935483870968
2025-04-09,Pune,18.52,73.86,24,4,Summer,Clear,33,948.1,30.6,31.0,33.0,31.5,0.0,0.0,0.0,0.0,15.5,16.4,23.7,17.8,0.5233243967828418,0.902,1.2924932975871315,1.5498659517426274,0.142,2.8101876675603217,3.193029490616622,2.5215686274509803,4.09142091152815
2025-04-10,Pune,18.52,73.86,24,4,Summer,Clear,48,946.4,29.1,29.8,30.9,29.3,0.0,0.6,0.0,0.0,15.2,15.6,25.6,18.2,0.524331550802139,0.8941176470588236,1.2930481283422461,1.54572192513369,0.1392156862745098,2.802673796791444,3.1906417112299463,2.5,4.096256684491979
2025-04-11,Pune,18.52,73.86,24,4,Summer,Clear,49,946.2,28.4,28.7,29.9,28.7,0.0,0.1,0.0,0.0,16.3,14.6,28.4,18.7,0.5234666666666667,0.8865384615384616,1.2938666666666667,1.5416,0.14807692307692305,2.7952,3.1901333333333333,2.5018867924528307,4.105066666666667
2025-04-12,Pune,18.52,73.86,24,4,Summer,Clear,46,947.6,27.6,27.7,29.8,28.0,0.0,0.0,0.0,0.0,18.4,18.2,33.7,16.8,0.5228723404255319,0.869811320754717,1.2936170212765956,1.5375,0.14716981132075468,2.7877659574468088,3.188031914893617,2.5314814814814817,4.119946808510638
2025-04-13,Pune,18.52,73.86,24,4,Summer,Clear,49,948.5,27.6,28.0,30.2,28.7,0.0,0.1,0.0,0.0,23.4,22.6,30.3,19.8,0.5225464190981433,0.8592592592592594,1.2949602122015915,1.53342175066313,0.14444444444444443,2.780371352785146,3.183819628647215,2.5109090909090908,4.153846153846154
2025-04-14,Pune,18.52,73.86,24,4,Summer,Clear,28,947.9,30.1,30.0,31.7,31.2,0.0,0.0,0.0,0.0,21.7,19.0,31.6,19.3,0.524074074074074,0.8563636363636364,1.2955026455026455,1.5293650793650795,0.14363636363636362,2.773015873015873,3.184920634920635,2.5160714285714287,4.170634920634921
2025-04-15,Pune,18.52,73.86,24,4,Summer,Clear,25,947.3,30.5,31.4,32.1,31.5,0.0,0.0,0.0,0.0,22.2,20.7,26.5,21.5,0.5255936675461741,0.8624999999999999,1.2934036939313984,1.52532981530343,0.14107142857142857,2.765699208443272,3.182849604221636,2.4771929824561405,4.192084432717678
2025-04-16,Pune,18.52,73.86,24,4,Summer,Clear,31,947.2,30.2,30.5,31.9,31.0,0.0,0.1,0.0,0.0,21.5,21.3,31.6,20.6,0.5268421052631579,0.849122807017544,1.2915789473684212,1.5213157894736842,0.13859649122807016,2.758421052631579,3.1763157894736844,2.4482758620689653,4.194210526315789
2025-04-17,Pune,18.52,73.86,24,4,Summer,Clear,47,946.7,28.8,29.3,31.2,29.5,0.0,0.1,0.0,0.0,19.2,21.0,27.1,23.4,0.5275590551181102,0.8431034482758621,1.2905511811023622,1.5173228346456693,0.13793103448275862,2.751181102362205,3.1703412073490815,2.4186440677966106,4.212073490813649
2025-04-18,Pune,18.52,73.86,24,4,Summer,Clear,46,946.4,29.0,29.2,31.2,29.7,0.0,0.1,0.0,0.0,20.8,20.5,28.2,20.3,0.5280104712041884,0.8322033898305085,1.2916230366492145,1.513350785340314,0.13728813559322034,2.743979057591623,3.1730366492146596,2.4183333333333334,4.210732984293194
2025-04-19,Pune,18.52,73.86,24,4,Summer,Clear,41,946.7,29.0,29.6,30.8,29.9,0.0,0.0,0.0,0.0,20.1,21.8,30.4,20.4,0.5284595300261097,0.8266666666666667,1.2921671018276761,1.5093994778067885,0.13666666666666666,2.7368146214099216,3.1660574412532636,2.3819672131147542,4.220365535248042
2025-04-20,Pune,18.52,73.86,24,4,Summer,Clear,36,947.2,29.5,29.9,31.2,30.1,0.0,0.0,0.0,0.0,17.3,18.7,30.1,17.4,0.5294270833333333,0.8180327868852458,1.2911458333333334,1.5054687500000001,0.13442622950819672,2.7296875000000003,3.15859375,2.3661290322580646,4.235416666666667
2025-04-21,Pune,18.52,73.86,24,4,Summer,Clear,40,948.6,29.7,30.2,31.5,30.6,0.0,0.0,0.0,0.0,20.5,19.6,28.0,19.4,0.5296103896103896,0.8080645161290323,1.2906493506493506,1.5015584415584415,0.132258064516129,2.722597402597403,3.1506493506493505,2.3492063492063493,4.2574025974025975
2025-04-22,Pune,18.52,73.86,24,4,Summer,Clear,45,949.1,30.5,30.7,33.3,31.6,0.5,0.0,0.0,0.0,19.1,19.7,23.8,18.4,0.5305699481865285,0.8015873015873016,1.2896373056994819,1.4976683937823836,0.13015873015873014,2.7155440414507774,3.1453367875647666,2.3156250000000003,4.268652849740933
2025-04-23,Pune,18.52,73.86,24,4,Summer,Clear,37,947.7,30.9,30.7,33.1,31.8,0.0,0.0,0.0,0.0,20.3,18.6,19.3,18.7,0.5320413436692507,0.8031250000000001,1.2906976744186047,1.4950904392764859,0.128125,2.708527131782946,3.139018087855297,2.3,4.271576227390181
2025-04-24,Pune,18.52,73.86,24,4,Summer,Clear,39,946.6,30.3,29.9,32.7,31.2,0.0,0.0,0.0,0.0,18.5,21.0,22.9,19.8,0.5329896907216495,0.8076923076923078,1.2907216494845362,1.4912371134020619,0.12615384615384614,2.7015463917525775,3.135051546391753,2.266666666666667,4.262113402061856
2025-04-25,Pune,18.52,73.86,24,4,Summer,Clear,35,947.1,30.3,30.0,32.4,31.0,0.0,0.1,0.0,0.0,19.4,16.9,25.8,18.7,0.5339331619537275,0.8151515151515153,1.2912596401028278,1.4874035989717225,0.12424242424242424,2.6946015424164527,3.1303341902313626,2.250746268656717,4.259125964010282
2025-04-26,Pune,18.52,73.86,24,4,Summer,Clear,38,947.0,29.9,29.9,32.2,30.6,0.0,0.0,0.0,0.0,17.6,17.8,28.7,18.8,0.5343589743589744,0.8179104477611941,1.2915384615384615,1.4835897435897436,0.12388059701492536,2.687692307692308,3.1241025641025644,2.244117647058824,4.266410256410257
2025-04-27,Pune,18.52,73.86,24,4,Summer,Clear,39,947.2,30.2,29.9,32.7,30.7,0.0,0.0,0.0,0.0,20.8,22.9,24.9,28.7,0.5347826086956522,0.8161764705882355,1.2923273657289003,1.4797953964194375,0.12205882352941175,2.6808184143222507,3.119181585677749,2.2260869565217396,4.28081841432225
2025-04-28,Pune,18.52,73.86,24,4,Summer,Clear,41,946.3,29.8,30.3,32.1,30.5,0.0,0.0,0.0,0.0,19.0,17.9,21.1,22.4,0.5346938775510204,0.8159420289855074,1.2941326530612245,1.4760204081632653,0.12028985507246376,2.673979591836735,3.131377551020408,2.277142857142857,4.279591836734694
2025-04-29,Pune,18.52,73.86,24,4,Summer,Clear,45,945.7,29.7,30.0,32.1,30.5,0.0,0.1,0.0,0.0,18.6,19.7,26.2,23.5,0.5351145038167939,0.8071428571428574,1.2949109414758269,1.472264631043257,0.11857142857142855,2.667175572519084,3.1320610687022903,2.3084507042253524,4.272010178117049
2025-04-30,Pune,18.52,73.86,24,4,Summer,Clear,51,946.7,29.5,29.8,32.1,29.9,0.0,0.1,0.0,0.0,21.1,21.8,29.6,19.8,0.5357868020304568,0.8028169014084509,1.2956852791878173,1.468527918781726,0.11830985915492956,2.6604060913705583,3.1365482233502537,2.329166666666667,4.268020304568528
2025-05-01,Pune,18.52,73.86,24,5,Summer,Clear,43,947.2,30.0,30.4,32.4,30.6,0.0,0.2,0.0,0.0,19.8,21.0,28.1,24.8,0.5354430379746835,0.7930555555555556,1.297974683544304,1.4648101265822786,0.11805555555555555,2.6536708860759495,3.131898734177215,2.3246575342465756,4.282025316455696
2025-05-02,Pune,18.52,73.86,24,5,Summer,Clear,29,947.4,30.3,30.8,32.5,31.5,0.0,0.1,0.0,0.0,22.6,24.1,28.9,19.3,0.5356060606060606,0.7849315068493152,1.2992424242424243,1.4611111111111112,0.11917808219178082,2.646969696969697,3.1366161616161614,2.3445945945945947,4.279545454545454
2025-05-03,Pune,18.52,73.86,24,5,Summer,Clear,31,947.2,29.4,30.2,31.2,30.1,0.0,0.1,0.0,0.0,17.7,17.9,26.1,17.0,0.53727959697733,0.783783783783784,1.2984886649874054,1.4574307304785894,0.1189189189189189,2.640302267002519,3.1370277078085644,2.3773333333333335,4.292947103274559
2025-05-04,Pune,18.52,73.86,24,5,Summer,Clear,45,946.8,28.1,28.5,29.7,28.5,0.0,0.0,0.0,0.0,18.3,19.6,25.2,19.4,0.5376884422110553,0.7746666666666667,1.2979899497487437,1.4537688442211056,0.11866666666666664,2.633668341708543,3.130904522613065,2.3578947368421055,4.305025125628141
2025-05-05,Pune,18.52,73.86,24,5,Summer,Clear,53,946.6,28.3,28.9,30.0,28.7,0.0,0.2,0.0,0.0,14.4,14.6,32.1,17.6,0.53734335839599,0.7644736842105264,1.2977443609022554,1.4501253132832082,0.11710526315789471,2.6270676691729324,3.1258145363408523,2.32987012987013,4.3087719298245615
2025-05-06,Pune,18.52,73.86,24,5,Summer,Clear,59,947.5,27.7,28.2,28.8,27.7,0.1,0.3,0.0,0.0,20.9,20.5,30.9,20.4,0.537,0.7571428571428573,1.29775,1.4465000000000001,0.11818181818181818,2.6205000000000003,3.1260000000000003,2.3384615384615386,4.33425
2025-05-07,Pune,18.52,73.86,24,5,Summer,Clear,58,946.3,26.6,26.4,28.1,27.0,0.3,0.9,0.3,0.1,21.3,22.4,33.2,24.3,0.5356608478802993,0.7538461538461539,1.2972568578553616,1.443142144638404,0.1205128205128205,2.6139650872817954,3.1194513715710723,2.3101265822784813,4.349625935162095
2025-05-08,Pune,18.52,73.86,24,5,Summer,Clear,61,946.3,25.7,25.4,25.6,26.1,0.5,0.8,0.0,0.0,18.7,16.9,23.3,23.6,0.535323383084577,0.7518987341772153,1.2967661691542287,1.440049751243781,0.1291139240506329,2.6079601990049754,3.1191542288557215,2.3050000000000006,4.360945273631841
2025-05-09,Pune,18.52,73.86,24,5,Summer,Clear,65,947.2,25.7,25.4,26.7,25.9,3.9,2.2,6.0,3.2,17.2,16.3,14.8,13.7,0.5349875930521092,0.7512500000000001,1.294789081885856,1.4377171215880893,0.1375,2.6014888337468984,3.123573200992556,2.3592592592592596,4.350868486352358
2025-05-10,Pune,18.52,73.86,24,5,Summer,Clear,64,947.3,27.0,26.5,28.5,27.0,0.6,0.1,0.8,1.3,14.7,16.6,21.3,18.9,0.5341584158415842,0.7481481481481482,1.2935643564356436,1.435891089108911,0.14814814814814814,2.601980198019802,3.1245049504950493,2.3621951219512196,4.342821782178218
2025-05-11,Pune,18.52,73.86,24,5,Summer,Clear,67,946.9,27.4,27.4,28.6,27.5,1.1,1.1,0.6,1.1,15.3,17.2,24.9,18.3,0.5328395061728395,0.7451219512195123,1.2940740740740742,1.434074074074074,0.16097560975609757,2.59679012345679,3.1271604938271604,2.3614457831325306,4.338024691358025
2025-05-12,Pune,18.52,73.86,24,5,Summer,Clear,67,946.1,27.6,27.1,29.1,27.7,1.9,3.7,6.4,2.1,12.7,13.3,23.9,17.1,0.5317733990147784,0.7373493975903617,1.2935960591133007,1.4305418719211822,0.15903614457831325,2.591625615763547,3.126847290640394,2.3464285714285715,4.343596059113301
2025-05-13,Pune,18.52,73.86,24,5,Summer,Clear,74,946.1,26.9,27.0,29.6,26.9,7.9,6.6,6.3,1.5,11.0,12.3,23.7,12.6,0.5307125307125307,0.7357142857142859,1.2938574938574938,1.4275184275184276,0.17619047619047618,2.595823095823096,3.1299754299754303,2.363529411764706,4.34963144963145
2025-05-14,Pune,18.52,73.86,24,5,Summer,Clear,72,946.5,27.0,26.0,29.9,27.0,2.7,5.3,3.4,0.7,12.8,13.8,20.5,11.2,0.5294117647058824,0.7282352941176472,1.2973039215686273,1.4397058823529412,0.2341176470588235,2.6012254901960783,3.1262254901960786,2.33953488372093,4.366176470588235
2025-05-15,Pune,18.52,73.86,24,5,Summer,Clear,71,946.6,27.2,26.9,29.8,27.5,1.1,5.0,14.5,3.7,7.6,12.1,18.4,13.3,0.5281173594132029,0.7313953488372095,1.3012224938875308,1.4410757946210269,0.28488372093023256,2.6014669926650367,3.1224938875305623,2.3425287356321842,4.378239608801956
2025-05-16,Pune,18.52,73.86,24,5,Summer,Clear,76,946.3,27.3,26.8,29.3,26.9,0.4,4.5,1.8,4.0,12.4,14.1,20.2,12.8,0.5275609756097561,0.7298850574712645,1.303658536585366,1.4439024390243902,0.296551724137931,2.6214634146341464,3.1287804878048777,2.329545454545455,4.38
2025-05-17,Pune,18.52,73.86,24,5,Summer,Clear,77,945.9,26.6,27.5,29.0,26.7,4.2,5.7,0.5,4.1,19.9,15.5,23.8,13.3,0.527250608272506,0.7227272727272728,1.3063260340632603,1.4491484184914842,0.29886363636363633,2.6204379562043796,3.1221411192214115,2.3179775280898878,4.38734793187348
2025-05-18,Pune,18.52,73.86,24,5,Summer,Clear,76,945.3,27.3,26.3,27.8,26.6,13.0,7.5,55.2,1.6,12.1,13.5,19.6,14.0,0.5262135922330098,0.7235955056179776,1.3087378640776701,1.445873786407767,0.31348314606741573,2.622815533980582,3.1305825242718446,2.316666666666667,4.402184466019418
2025-05-19,Pune,18.52,73.86,24,5,Summer,Clear,78,944.2,26.8,26.2,28.8,26.7,1.1,5.7,6.5,6.7,8.1,8.7,20.2,12.0,0.5266343825665859,0.7188888888888891,1.3084745762711865,1.4699757869249395,0.37555555555555553,2.7462469733656176,3.1276029055690073,2.296703296703297,4.405084745762712
2025-05-20,Pune,18.52,73.86,24,5,Summer,Convective,86,943.7,26.4,25.8,28.8,25.7,18.2,16.4,11.2,15.0,7.0,9.2,23.4,9.6,0.5256038647342995,0.7164835164835167,1.3103864734299517,1.4799516908212562,0.3824175824175824,2.740096618357488,3.129468599033816,2.307608695652174,4.414251207729468
2025-05-21,Pune,18.52,73.86,24,5,Summer,Clear,83,943.2,25.8,25.1,27.3,25.2,9.1,14.2,12.6,4.3,9.2,9.7,20.5,9.9,0.5260240963855422,0.7097826086956524,1.314698795180723,1.4840963855421687,0.39347826086956517,2.742650602409639,3.1281927710843376,2.2870967741935484,4.436867469879518
2025-05-22,Pune,18.52,73.86,24,5,Summer,Convective,91,941.8,24.2,24.8,26.6,24.2,16.4,18.1,6.7,17.1,9.7,9.9,16.0,15.0,0.526201923076923,0.7032258064516129,1.3165865384615385,1.4920673076923079,0.4956989247311827,2.7560096153846154,3.1223557692307695,2.264893617021277,4.451682692307693
2025-05-23,Pune,18.52,73.86,24,5,Summer,Convective,94,939.5,23.8,24.2,24.3,23.2,23.2,28.5,17.6,22.3,17.7,15.8,21.1,18.4,0.5249400479616307,0.7021276595744682,1.3191846522781776,1.490167865707434,0.501063829787234,2.774340527577938,3.12757793764988,2.2947368421052636,4.4434052757793765
2025-05-24,Pune,18.52,73.86,24,5,Summer,Convective,94,938.8,23.7,23.8,23.4,23.5,18.8,22.9,24.4,34.2,12.6,13.0,29.1,10.3,0.5251196172248804,0.705263157894737,1.3186602870813398,1.4887559808612438,0.5610526315789474,2.7789473684210524,3.1217703349282298,2.297916666666667,4.439234449760765
2025-05-25,Pune,18.52,73.86,24,5,Summer,Convective,95,940.4,23.7,24.3,23.7,23.1,26.3,32.0,27.8,37.4,13.2,16.0,22.0,16.0,0.524343675417661,0.7010416666666668,1.3157517899761337,1.5219570405727925,0.6729166666666666,2.7957040572792367,3.1198090692124105,2.3020618556701034,4.473508353221957
2025-05-26,Pune,18.52,73.86,24,5,Summer,Storm,92,941.0,23.9,24.4,24.2,24.0,53.3,69.0,109.1,55.0,19.3,16.8,15.8,12.4,0.5245238095238095,0.7061855670103094,1.314047619047619,1.5447619047619046,0.7216494845360825,2.8119047619047617,3.119047619047619,2.2785714285714285,4.477142857142858
2025-05-27,Pune,18.52,73.86,24,5,Summer,Clear,88,941.0,23.8,23.4,24.2,24.3,33.5,33.0,12.4,6.5,13.6,15.3,17.2,14.0,0.5235154394299287,0.703061224489796,1.3114014251781474,1.5451306413301662,0.8571428571428571,2.933729216152019,3.1280285035629456,2.3000000000000003,4.47458432304038
2025-05-28,Pune,18.52,73.86,24,5,Summer,Clear,83,941.3,25.7,24.7,26.7,25.3,4.3,3.4,13.4,3.5,19.6,21.3,24.3,20.5,0.5234597156398104,0.7050505050505051,1.3085308056872038,1.6054502369668247,1.1161616161616161,2.940758293838863,3.121563981042654,2.2900000000000005,4.471563981042654
2025-05-29,Pune,18.52,73.86,24,5,Summer,Clear,79,940.4,27.0,26.8,27.1,26.4,0.4,0.6,0.0,0.0,18.5,18.1,25.6,19.4,0.5231678486997636,0.7040000000000002,1.3087470449172578,1.60354609929078,1.1059999999999999,2.957210401891253,3.1163120567375886,2.2752475247524755,4.4699763593380615
2025-05-30,Pune,18.52,73.86,24,5,Summer,Clear,77,941.6,26.9,27.3,26.9,26.5,0.1,0.3,0.0,0.1,23.1,23.9,32.2,22.2,0.5233490566037736,0.7009900990099011,1.3073113207547171,1.6007075471698113,1.100990099009901,2.950235849056604,3.1110849056603773,2.2656862745098043,4.474056603773585
2025-05-31,Pune,18.52,73.86,24,5,Summer,Clear,77,944.7,26.7,27.5,27.4,26.3,0.0,0.0,0.0,0.0,22.1,24.0,32.5,21.0,0.5230588235294118,0.7019607843137257,1.3051764705882354,1.5969411764705883,1.0921568627450982,2.9435294117647057,3.1058823529411765,2.260194174757282,4.487058823529412
2025-06-01,Pune,18.52,73.86,24,6,Monsoon,Clear,81,945.1,25.6,25.8,26.5,25.2,0.7,1.5,0.0,2.0,18.9,18.9,25.4,19.5,0.5227699530516432,0.7067961165048545,1.3046948356807513,1.593192488262911,1.0815533980582526,2.936619718309859,3.1011737089201876,2.2673076923076922,4.503521126760563
2025-06-02,Pune,18.52,73.86,24,6,Monsoon,Clear,78,944.3,25.8,26.1,26.8,25.4,0.3,0.7,0.0,0.0,20.6,22.1,25.5,20.9,0.5224824355971897,0.7057692307692309,1.3046838407494146,1.5925058548009368,1.0759615384615384,2.9344262295081966,3.0953161592505856,2.251428571428572,4.506791569086651
2025-06-03,Pune,18.52,73.86,24,6,Monsoon,Clear,78,944.6,25.6,26.5,26.6,25.2,1.8,1.5,0.0,0.7,20.8,21.6,24.4,20.4,0.522196261682243,0.705714285714286,1.3049065420560748,1.589485981308411,1.0723809523809524,2.927570093457944,3.088785046728972,2.2415094339622645,4.507009345794392
2025-06-04,Pune,18.52,73.86,24,6,Monsoon,Clear,79,945.5,23.9,24.9,26.6,24.4,13.0,11.8,0.1,2.1,13.6,13.0,22.4,16.8,0.5219114219114219,0.7113207547169813,1.3051282051282052,1.5883449883449883,1.069811320754717,2.9223776223776223,3.0825174825174826,2.23177570093458,4.505827505827506
2025-06-05,Pune,18.52,73.86,24,6,Monsoon,Clear,77,947.4,25.0,24.9,27.0,24.6,1.9,2.3,0.1,1.1,12.5,13.1,18.9,11.3,0.521860465116279,0.7093457943925235,1.3072093023255815,1.6099999999999999,1.1504672897196262,2.920232558139535,3.0827906976744184,2.2462962962962965,4.508372093023255
2025-06-06,Pune,18.52,73.86,24,6,Monsoon,Clear,76,948.1,25.7,25.7,28.1,25.4,3.2,5.4,1.3,1.9,15.0,13.7,23.1,13.9,0.5215777262180975,0.7055555555555557,1.3097447795823667,1.6081206496519722,1.150925925925926,2.9157772621809745,3.0784222737819023,2.2422018348623856,4.515545243619489
2025-06-07,Pune,18.52,73.86,24,6,Monsoon,Monsoon,82,948.1,25.6,25.6,28.3,25.3,3.4,7.2,4.1,9.3,13.0,13.9,22.0,12.6,0.5210648148148148,0.7018348623853213,1.312962962962963,1.6074074074074074,1.1724770642201834,2.9104166666666664,3.0738425925925927,2.2236363636363636,4.5263888888888895
2025-06-08,Pune,18.52,73.86,24,6,Monsoon,Clear,79,947.5,26.1,26.3,27.5,25.6,1.0,1.3,2.1,0.4,15.1,16.5,20.2,15.5,0.520554272517321,0.6981818181818185,1.3168591224018478,1.6173210161662817,1.180909090909091,2.915704387990762,3.0676674364896073,2.2153153153153156,4.537644341801386
2025-06-09,Pune,18.52,73.86,24,6,Monsoon,Clear,79,946.6,26.2,26.6,27.2,25.8,1.1,1.8,0.5,2.5,18.1,19.9,26.0,19.2,0.5205069124423963,0.6981981981981985,1.3182027649769585,1.6149769585253455,1.1783783783783786,2.912903225806452,3.061520737327189,2.204464285714286,4.538018433179723
2025-06-10,Pune,18.52,73.86,24,6,Monsoon,Clear,78,944.5,26.2,26.3,27.5,25.9,1.1,1.3,1.1,1.6,17.2,18.1,26.0,17.0,0.5202298850574713,0.699107142857143,1.318390804597701,1.6144827586206896,1.1741071428571428,2.9108045977011496,3.0570114942528734,2.1911504424778765,4.543218390804598
2025-06-11,Pune,18.52,73.86,24,6,Monsoon,Clear,78,943.1,26.7,27.0,27.9,26.4,0.3,0.6,2.1,2.4,17.9,19.5,30.8,17.7,0.5197247706422018,0.6964601769911506,1.3190366972477066,1.611926605504587,1.1663716814159293,2.905275229357798,3.05045871559633,2.181578947368421,4.553440366972477
2025-06-12,Pune,18.52,73.86,24,6,Monsoon,Monsoon,85,941.7,26.3,26.3,26.8,25.6,8.7,9.0,50.6,28.0,16.9,17.6,25.2,16.6,0.5192219679633867,0.6956140350877196,1.3194508009153318,1.6130434782608696,1.1719298245614034,2.8993135011441646,3.0439359267734556,2.1782608695652175,4.572997711670481
2025-06-13,Pune,18.52,73.86,24,6,Monsoon,Clear,80,940.8,26.3,25.3,27.7,26.2,9.5,11.0,41.6,6.2,15.6,17.5,20.8,14.1,0.519634703196347,0.6956521739130437,1.319178082191781,1.6534246575342466,1.3269565217391304,2.944292237442922,3.037671232876712,2.168103448275862,4.582191780821918
2025-06-14,Pune,18.52,73.86,24,6,Monsoon,Monsoon,86,939.8,26.2,26.2,27.9,25.8,38.5,14.4,11.1,31.3,8.7,9.1,15.5,11.2,0.5186788154897495,0.6974137931034484,1.319589977220957,1.6571753986332574,1.356896551724138,3.0182232346241458,3.0341685649202734,2.178632478632479,4.587015945330296
2025-06-15,Pune,18.52,73.86,24,6,Monsoon,Clear,84,937.7,25.8,25.9,27.1,25.6,6.9,20.0,5.6,3.7,16.0,15.7,17.1,12.6,0.5184090909090909,0.6948717948717951,1.3213636363636363,1.6697727272727274,1.4897435897435898,3.0572727272727276,3.0329545454545452,2.1779661016949157,4.586363636363636
2025-06-16,Pune,18.52,73.86,24,6,Monsoon,Monsoon,91,938.3,23.4,23.9,24.6,23.6,25.5,37.8,63.5,25.8,26.0,29.2,30.5,28.2,0.517687074829932,0.6915254237288138,1.3217687074829931,1.6732426303854875,1.6152542372881356,3.0546485260770972,3.0337868480725625,2.185714285714286,4.586167800453515
2025-06-17,Pune,18.52,73.86,24,6,Monsoon,Clear,85,941.5,24.5,24.6,24.7,24.2,9.2,12.6,0.5,6.6,27.5,28.1,19.8,23.9,0.5169683257918553,0.6882352941176473,1.3210407239819004,1.670135746606335,1.7025210084033613,3.1330316742081448,3.0319004524886877,2.1758333333333337,4.580995475113122
2025-06-18,Pune,18.52,73.86,24,6,Monsoon,Monsoon,86,942.0,24.6,24.3,25.0,24.5,11.3,16.4,6.2,9.0,28.8,29.3,34.3,30.0,0.5164785553047404,0.6858333333333334,1.3191873589164784,1.6722347629796839,1.7383333333333333,3.1397291196388264,3.0331828442437923,2.1925619834710743,4.5799097065462755
2025-06-19,Pune,18.52,73.86,24,6,Monsoon,Monsoon,90,942.3,23.8,23.9,24.1,23.8,27.9,59.0,8.7,35.3,23.3,26.8,27.9,27.2,0.5155405405405405,0.681818181818182,1.3173423423423423,1.6736486486486486,1.7851239669421488,3.138963963963964,3.0290540540540545,2.1803278688524594,4.579279279279279
2025-06-20,Pune,18.52,73.86,24,6,Monsoon,Clear,83,944.0,24.6,24.7,25.3,24.5,3.6,7.3,0.4,2.5,26.8,26.6,29.1,25.8,0.5143820224719101,0.6770491803278691,1.315056179775281,1.6865168539325843,1.9647540983606557,3.191685393258427,3.0310112359550563,2.1658536585365855,4.570561797752809
2025-06-21,Pune,18.52,73.86,24,6,Monsoon,Clear,84,944.5,24.9,24.9,25.3,24.4,2.9,5.5,0.6,3.6,23.5,25.1,28.3,25.2,0.5134529147982063,0.6731707317073171,1.3139013452914798,1.6852017937219732,1.9878048780487805,3.1892376681614354,3.0264573991031387,2.1548387096774198,4.567713004484305
2025-06-22,Pune,18.52,73.86,24,6,Monsoon,Clear,83,943.7,24.7,24.4,24.9,24.4,3.7,5.0,1.0,2.4,25.4,27.7,29.4,26.0,0.5134228187919463,0.6717741935483872,1.3129753914988813,1.6829977628635346,1.9870967741935484,3.188814317673378,3.023489932885906,2.1384000000000003,4.564429530201342
2025-06-23,Pune,18.52,73.86,24,6,Monsoon,Monsoon,85,942.1,24.1,24.1,24.8,24.0,7.8,8.5,1.2,7.8,24.3,23.2,33.0,30.2,0.5129464285714286,0.6664000000000001,1.3111607142857142,1.6821428571428572,1.992,3.1848214285714285,3.018080357142857,2.134920634920635,4.561830357142857
2025-06-24,Pune,18.52,73.86,24,6,Monsoon,Monsoon,88,940.9,24.0,24.3,24.3,23.8,12.6,27.1,3.3,15.7,24.1,24.5,27.9,23.2,0.5120267260579064,0.6619047619047621,1.3100222717149221,1.6783964365256125,1.9817460317460316,3.1924276169265036,3.024498886414254,2.173228346456693,4.557906458797327
2025-06-25,Pune,18.52,73.86,24,6,Monsoon,Clear,85,940.9,24.5,24.5,24.7,24.4,3.4,6.2,1.0,3.4,28.7,26.7,21.3,27.9,0.5113333333333334,0.6606299212598427,1.3082222222222224,1.6815555555555557,2.055905511811024,3.2128888888888887,3.019777777777778,2.16640625,4.558222222222222
2025-06-26,Pune,18.52,73.86,24,6,Monsoon,Clear,86,941.2,24.3,24.4,25.0,24.2,3.7,5.6,0.9,4.2,24.7,24.6,27.8,21.6,0.5104212860310422,0.6562500000000001,1.3059866962305986,1.6778270509977828,2.06171875,3.211086474501109,3.014855875831486,2.1589147286821704,4.562749445676276
2025-06-27,Pune,18.52,73.86,24,6,Monsoon,Clear,84,942.0,23.9,24.3,24.2,24.2,7.2,8.4,2.0,4.3,21.3,25.3,20.7,25.3,0.5095132743362832,0.6527131782945738,1.3048672566371682,1.6752212389380532,2.0565891472868216,3.211283185840708,3.0150442477876105,2.1653846153846152,4.566371681415929
2025-06-28,Pune,18.52,73.86,24,6,Monsoon,Monsoon,86,943.2,24.3,24.6,25.3,23.8,6.4,5.6,0.1,7.3,27.9,26.4,32.7,29.6,0.5090507726269317,0.6484615384615385,1.3019867549668875,1.677924944812362,2.072307692307692,3.209271523178808,3.0172185430463574,2.148854961832061,4.56644591611479
2025-06-29,Pune,18.52,73.86,24,6,Monsoon,Clear,85,943.2,23.6,24.2,25.0,23.7,7.1,15.1,1.9,5.9,21.9,26.8,30.6,25.4,0.5090308370044053,0.6496183206106872,1.302422907488987,1.6762114537444934,2.069465648854962,3.2180616740088106,3.01431718061674,2.156818181818182,4.563215859030836
2025-06-30,Pune,18.52,73.86,24,6,Monsoon,Clear,86,942.8,23.7,23.8,24.2,23.6,7.0,8.5,2.3,4.3,26.8,26.4,26.1,25.3,0.5081318681318682,0.6484848484848487,1.3024175824175825,1.6751648351648352,2.1234848484848485,3.21978021978022,3.0153846153846153,2.1511278195488726,4.564615384615385
2025-07-01,Pune,18.52,73.86,24,7,Monsoon,Clear,86,943.1,23.8,23.7,23.9,23.7,4.1,10.0,0.8,2.1,24.7,25.0,22.1,24.7,0.5072368421052632,0.6451127819548873,1.3008771929824563,1.6774122807017544,2.1390977443609023,3.2171052631578947,3.012061403508772,2.1432835820895524,4.556359649122807
2025-07-02,Pune,18.52,73.86,24,7,Monsoon,Monsoon,87,942.4,23.5,24.0,24.3,23.6,6.0,13.8,4.1,21.5,21.7,21.7,26.9,22.8,0.5063457330415755,0.6402985074626867,1.2984682713347921,1.6781181619256016,2.1820895522388057,3.212910284463895,3.0054704595185995,2.12962962962963,4.552078774617068
2025-07-03,Pune,18.52,73.86,24,7,Monsoon,Clear,87,942.5,23.5,23.9,24.2,23.6,12.9,16.2,2.9,5.1,25.5,26.4,26.1,26.5,0.5054585152838428,0.6385185185185186,1.297161572052402,1.708296943231441,2.222962962962963,3.243886462882096,3.001310043668122,2.1220588235294118,4.551091703056769
2025-07-04,Pune,18.52,73.86,24,7,Monsoon,Clear,86,943.5,23.5,23.8,24.2,23.7,6.6,10.2,2.0,6.0,25.1,25.8,26.8,27.4,0.5045751633986929,0.636029411764706,1.2956427015250547,1.7215686274509805,2.288235294117647,3.24161220043573,2.996949891067538,2.107299270072993,4.542047930283225
2025-07-05,Pune,18.52,73.86,24,7,Monsoon,Monsoon,86,943.2,23.5,23.6,23.4,23.8,9.7,13.4,2.5,7.5,24.0,26.3,21.9,25.8,0.5039130434782609,0.632116788321168,1.2939130434782609,1.7191304347826086,2.3021897810218976,3.2432608695652174,2.995434782608696,2.103623188405797,4.533478260869566
2025-07-06,Pune,18.52,73.86,24,7,Monsoon,Clear,88,942.6,23.3,23.5,24.0,23.3,8.0,10.9,2.9,6.3,24.2,26.9,32.6,25.2,0.503470715835141,0.6289855072463769,1.2919739696312365,1.7201735357917571,2.3282608695652174,3.2470715835141,2.992841648590022,2.0920863309352518,4.532104121475054
2025-07-07,Pune,18.52,73.86,24,7,Monsoon,Clear,86,943.1,23.5,23.8,23.9,23.5,6.6,14.7,2.3,3.1,26.4,26.3,21.7,26.6,0.5023809523809525,0.6258992805755397,1.290692640692641,1.7201298701298702,2.3446043165467625,3.2474025974025973,2.988528138528139,2.089285714285715,4.538311688311688
2025-07-08,Pune,18.52,73.86,24,7,Monsoon,Clear,88,943.8,23.2,23.6,23.9,23.4,3.9,9.2,2.5,1.4,23.4,22.6,21.8,24.7,0.5012958963282937,0.6235714285714287,1.2887688984881212,1.7239740820734342,2.4107142857142856,3.242116630669546,2.982505399568035,2.076595744680851,4.539092872570194
2025-07-09,Pune,18.52,73.86,24,7,Monsoon,Clear,88,944.1,23.8,23.9,24.9,23.7,3.1,8.6,1.3,2.4,18.0,19.4,23.1,18.4,0.500646551724138,0.6205673758865249,1.2870689655172414,1.725646551724138,2.448936170212766,3.2375000000000003,2.9788793103448277,2.076760563380282,4.535560344827586
2025-07-10,Pune,18.52,73.86,24,7,Monsoon,Clear,82,944.3,24.4,24.9,25.3,24.4,0.3,1.2,0.0,0.1,15.6,17.1,21.3,16.8,0.49978494623655917,0.617605633802817,1.2868817204301075,1.7234408602150537,2.4753521126760565,3.2329032258064516,2.973333333333333,2.0692307692307694,4.535913978494623
2025-07-11,Pune,18.52,73.86,24,7,Monsoon,Clear,83,944.2,24.4,24.7,25.8,24.4,0.9,2.5,0.6,1.8,17.7,19.4,22.9,18.7,0.49871244635193135,0.6167832167832169,1.286051502145923,1.7201716738197426,2.465734265734266,3.22618025751073,2.969527896995708,2.056944444444445,4.535836909871244
2025-07-12,Pune,18.52,73.86,24,7,Monsoon,Clear,82,944.8,24.6,25.0,25.5,24.5,1.3,2.8,0.0,0.8,20.2,20.9,25.6,19.0,0.49764453961456107,0.6145833333333335,1.2862955032119916,1.7184154175588866,2.4534722222222225,3.2218415417558885,2.965310492505353,2.047586206896552,4.535117773019272
2025-07-13,Pune,18.52,73.86,24,7,Monsoon,Clear,82,944.4,24.5,24.5,24.9,24.5,1.6,3.3,0.0,1.7,21.3,21.3,24.8,21.0,0.49679487179487186,0.613793103448276,1.2856837606837608,1.7158119658119657,2.450344827586207,3.216666666666667,2.9615384615384617,2.0465753424657533,4.539529914529915
2025-07-14,Pune,18.52,73.86,24,7,Monsoon,Monsoon,85,943.2,24.3,24.1,24.7,24.3,9.4,8.3,2.3,7.8,24.2,22.6,25.8,24.4,0.49573560767590624,0.6095890410958905,1.2837953091684435,1.7123667377398721,2.4445205479452055,3.2134328358208952,2.955863539445629,2.0346938775510206,4.537953091684435
2025-07-15,Pune,18.52,73.86,24,7,Monsoon,Monsoon,90,942.7,23.8,23.7,24.7,23.6,20.5,31.3,0.5,33.9,18.0,16.6,21.2,15.4,0.49468085106382986,0.6068027210884355,1.2819148936170213,1.712127659574468,2.4312925170068027,3.2182978723404254,2.95,2.033108108108108,4.53127659574468
2025-07-16,Pune,18.52,73.86,24,7,Monsoon,Clear,83,943.0,25.1,25.2,25.9,24.7,1.4,2.4,0.4,1.5,18.4,19.8,22.7,19.1,0.49405520169851386,0.6033783783783785,1.281528662420382,1.7369426751592356,2.4324324324324325,3.2823779193205946,2.949256900212314,2.02751677852349,4.533970276008493
2025-07-17,Pune,18.52,73.86,24,7,Monsoon,Clear,82,943.8,25.3,25.4,26.0,24.9,1.1,1.6,0.8,1.1,15.2,14.8,18.9,14.5,0.49385593220338986,0.6026845637583893,1.28135593220339,1.7334745762711865,2.4221476510067115,3.277754237288135,2.9444915254237287,2.018666666666667,4.531991525423728
2025-07-18,Pune,18.52,73.86,24,7,Monsoon,Clear,82,944.0,25.1,25.2,25.8,24.6,0.9,1.3,0.1,1.1,16.8,17.6,20.5,16.5,0.4936575052854123,0.6020000000000001,1.2809725158562368,1.7298097251585625,2.409333333333333,3.2714587737843552,2.9397463002114166,2.0072847682119206,4.531712473572939
2025-07-19,Pune,18.52,73.86,24,7,Monsoon,Clear,81,942.1,24.8,25.3,25.7,24.6,2.3,3.0,1.2,1.0,19.1,18.8,23.8,18.5,0.49367088607594944,0.6019867549668875,1.2808016877637132,1.7265822784810125,2.394701986754967,3.266666666666667,2.9341772151898735,2.0013157894736846,4.530590717299578
2025-07-20,Pune,18.52,73.86,24,7,Monsoon,Clear,83,941.4,24.7,25.0,25.8,24.5,1.9,4.3,0.6,3.4,18.7,19.0,22.5,15.7,0.4930526315789474,0.6026315789473685,1.2804210526315791,1.725684210526316,2.392105263157895,3.2602105263157894,2.929263157894737,1.990196078431373,4.53221052631579
2025-07-21,Pune,18.52,73.86,24,7,Monsoon,Monsoon,88,942.4,24.6,24.5,25.8,24.1,32.0,12.4,1.1,30.6,15.8,16.2,22.0,14.9,0.49243697478991605,0.6019607843137256,1.2804621848739495,1.7252100840336135,2.3823529411764706,3.259243697478992,2.9294117647058826,1.9987012987012989,4.536974789915966
2025-07-22,Pune,18.52,73.86,24,7,Monsoon,Monsoon,88,943.0,24.2,24.4,25.5,23.8,11.0,8.8,0.3,26.3,15.1,16.6,22.7,19.0,0.4924528301886793,0.6006493506493508,1.2813417190775682,1.7245283018867925,2.485064935064935,3.3142557651991615,2.9251572327044024,1.994193548387097,4.542348008385744
2025-07-23,Pune,18.52,73.86,24,7,Monsoon,Clear,89,941.8,23.5,23.6,23.9,23.4,16.8,22.1,1.6,3.4,20.4,21.6,23.8,20.8,0.49225941422594144,0.6006451612903226,1.2822175732217573,1.752928870292887,2.581935483870968,3.361715481171548,2.9271966527196653,1.9967948717948718,4.540585774058577
2025-07-24,Pune,18.52,73.86,24,7,Monsoon,Clear,88,940.6,23.6,23.1,23.5,23.4,7.0,9.9,1.7,4.6,23.8,23.5,22.4,22.7,0.4914405010438414,0.5980769230769232,1.2805845511482254,1.7772442588726514,2.68525641025641,3.358455114822547,2.921920668058455,1.989171974522293,4.5373695198329855
2025-07-25,Pune,18.52,73.86,24,7,Monsoon,Clear,89,940.2,23.7,23.4,23.3,23.5,10.5,18.9,20.3,6.3,21.6,22.7,18.1,21.8,0.4908333333333334,0.5961783439490447,1.278125,1.7785416666666667,2.7019108280254778,3.3575,2.9181250000000003,1.9816455696202533,4.5285416666666665
2025-07-26,Pune,18.52,73.86,24,7,Monsoon,Clear,89,940.9,23.5,22.9,23.1,23.4,9.3,22.1,4.0,5.6,28.8,27.1,20.5,26.0,0.49022869022869026,0.5930379746835445,1.275883575883576,1.7835758835758835,2.7645569620253165,3.3796257796257794,2.9124740124740125,1.9748427672955975,4.526819126819127
2025-07-27,Pune,18.52,73.86,24,7,Monsoon,Monsoon,87,942.2,23.3,23.1,23.2,23.5,9.6,16.4,2.2,7.2,26.2,29.0,30.4,30.6,0.48941908713692955,0.5924528301886793,1.2738589211618256,1.787551867219917,2.8509433962264152,3.375933609958506,2.9122406639004152,1.969375,4.528838174273859
2025-07-28,Pune,18.52,73.86,24,7,Monsoon,Clear,86,943.4,22.9,22.7,23.7,23.3,7.1,10.7,1.7,4.7,25.9,27.8,32.1,29.8,0.48881987577639757,0.59125,1.2718426501035198,1.7888198757763976,2.890625,3.379296066252588,2.915320910973085,1.9670807453416153,4.519875776397515
2025-07-29,Pune,18.52,73.86,24,7,Monsoon,Clear,87,943.6,23.0,22.6,23.5,23.2,6.0,9.6,1.6,3.1,28.3,31.2,28.7,31.1,0.4886363636363637,0.5913043478260871,1.2700413223140496,1.790082644628099,2.909937888198758,3.378512396694215,2.9173553719008263,1.9672839506172843,4.515289256198347
2025-07-30,Pune,18.52,73.86,24,7,Monsoon,Clear,88,943.3,23.4,23.1,23.5,23.4,3.9,9.5,1.0,1.4,27.1,28.5,24.6,30.3,0.4880412371134021,0.5913580246913581,1.268041237113402,1.7923711340206185,2.932098765432099,3.374639175257732,2.9171134020618554,1.9558282208588957,4.510927835051547
2025-07-31,Pune,18.52,73.86,24,7,Monsoon,Clear,86,944.1,24.0,23.6,24.6,23.8,2.6,4.1,0.7,1.5,27.0,29.2,28.1,27.2,0.48703703703703705,0.5895705521472393,1.2656378600823046,1.7938271604938272,2.963803680981595,3.3685185185185182,2.9176954732510287,1.954878048780488,4.5133744855967075
2025-08-01,Pune,18.52,73.86,24,8,Monsoon,Clear,83,944.9,24.2,23.7,25.0,24.1,1.3,3.0,0.3,0.7,20.9,22.0,25.4,20.9,0.48644763860369616,0.5871951219512196,1.2646817248459958,1.7924024640657084,2.9615853658536584,3.363244353182752,2.91211498973306,1.9551515151515153,4.5059548254620125
2025-08-02,Pune,18.52,73.86,24,8,Monsoon,Clear,84,945.0,24.4,24.4,25.2,24.3,2.0,3.3,0.6,1.8,18.4,19.2,20.2,17.7,0.4856557377049181,0.5860606060606061,1.2639344262295082,1.7899590163934427,2.9575757575757575,3.357172131147541,2.9061475409836066,1.9500000000000002,4.50594262295082
2025-08-03,Pune,18.52,73.86,24,8,Monsoon,Clear,82,945.8,24.7,25.0,25.3,24.4,1.3,1.4,1.5,1.2,14.3,15.5,18.8,14.6,0.4848670756646217,0.583132530120482,1.2631901840490798,1.7867075664621679,2.9487951807228914,3.352760736196319,2.901635991820041,1.947305389221557,4.501840490797546
2025-08-04,Pune,18.52,73.86,24,8,Monsoon,Clear,82,946.8,24.8,25.0,25.6,24.4,2.1,1.2,0.2,1.1,15.2,15.5,18.3,16.7,0.48448979591836744,0.5832335329341317,1.2624489795918368,1.7832653061224488,2.9323353293413175,3.346530612244898,2.896326530612245,1.9410714285714288,4.501224489795918
2025-08-05,Pune,18.52,73.86,24,8,Monsoon,Clear,83,946.4,24.8,25.1,25.8,24.4,1.2,1.9,0.1,4.6,14.4,15.4,19.5,13.6,0.4843177189409369,0.5833333333333334,1.2623217922606926,1.7816700610997962,2.9154761904761903,3.3415478615071286,2.893482688391039,1.9366863905325444,4.495315682281059
2025-08-06,Pune,18.52,73.86,24,8,Monsoon,Clear,84,946.1,24.8,24.7,25.7,24.6,1.0,3.2,2.6,2.9,11.8,13.2,19.9,10.0,0.4841463414634147,0.5840236686390533,1.2626016260162602,1.7849593495934961,2.9142011834319526,3.3439024390243905,2.8892276422764227,1.9358823529411766,4.498170731707317
2025-08-07,Pune,18.52,73.86,24,8,Monsoon,Clear,83,945.8,24.4,25.0,25.8,24.6,11.1,5.3,13.7,4.3,14.1,13.7,16.3,13.8,0.4835699797160244,0.5811764705882354,1.2622718052738338,1.7851926977687627,2.898823529411765,3.337728194726166,2.887018255578093,1.9432748538011697,4.509127789046653
2025-08-08,Pune,18.52,73.86,24,8,Monsoon,Clear,88,946.5,23.8,24.0,25.3,23.7,10.7,11.3,9.6,6.0,9.3,10.6,15.0,11.6,0.4829959514170041,0.5801169590643275,1.2621457489878543,1.7953441295546557,2.887719298245614,3.35,2.8817813765182185,1.9325581395348839,4.505060728744939
2025-08-09,Pune,18.52,73.86,24,8,Monsoon,Clear,86,947.9,23.7,24.3,24.3,23.7,1.9,4.2,13.0,0.9,11.5,11.2,11.5,10.2,0.4822222222222223,0.5784883720930233,1.2628282828282829,1.8012121212121213,2.901744186046512,3.3505050505050504,2.880606060606061,1.9271676300578036,4.502828282828283
2025-08-10,Pune,18.52,73.86,24,8,Monsoon,Clear,85,947.1,23.9,24.1,24.6,23.7,2.6,3.9,3.2,2.9,14.6,14.8,20.3,14.8,0.48125,0.5786127167630059,1.261491935483871,1.7995967741935484,2.9040462427745664,3.3681451612903226,2.8774193548387097,1.9218390804597703,4.496370967741935
2025-08-11,Pune,18.52,73.86,24,8,Monsoon,Clear,83,946.8,24.1,24.3,24.7,23.8,2.2,2.4,0.8,1.1,17.4,17.7,23.1,19.7,0.4806841046277667,0.5775862068965518,1.260764587525151,1.796579476861167,2.8931034482758617,3.3619718309859157,2.872032193158954,1.910857142857143,4.498390342052313
2025-08-12,Pune,18.52,73.86,24,8,Monsoon,Clear,83,945.5,24.1,24.2,24.5,23.7,1.1,2.9,0.3,2.8,19.1,18.7,23.0,18.5,0.48032128514056227,0.5771428571428572,1.2600401606425702,1.7951807228915662,2.884,3.355823293172691,2.870883534136546,1.9113636363636366,4.496184738955823
2025-08-13,Pune,18.52,73.86,24,8,Monsoon,Clear,85,943.6,24.1,24.0,24.5,23.7,4.1,4.4,0.7,2.4,15.8,15.3,21.6,15.9,0.4801603206412826,0.5767045454545455,1.259118236472946,1.7949899799599198,2.868181818181818,3.354108216432866,2.866332665330661,1.9016949152542375,4.496192384769539
2025-08-14,Pune,18.52,73.86,24,8,Monsoon,Clear,87,943.2,23.7,23.7,24.1,23.6,5.0,8.2,3.1,4.8,15.7,16.3,16.0,15.9,0.48000000000000004,0.5751412429378532,1.2582,1.7948,2.863276836158192,3.3508,2.8608000000000002,1.8943820224719103,4.498600000000001
2025-08-15,Pune,18.52,73.86,24,8,Monsoon,Clear,88,942.5,23.6,23.6,23.0,23.4,14.9,11.6,1.5,6.6,13.6,14.0,13.2,15.4,0.4792415169660679,0.5724719101123595,1.256686626746507,1.791616766467066,2.8662921348314607,3.34750499001996,2.8554890219560876,1.8860335195530729,4.489820359281437
2025-08-16,Pune,18.52,73.86,24,8,Monsoon,Clear,89,941.3,23.1,23.5,23.2,23.2,7.8,14.9,1.5,6.2,16.2,19.1,21.1,17.2,0.4786852589641435,0.5703910614525141,1.254980079681275,1.8045816733067728,2.8782122905027934,3.3509960159362553,2.853386454183267,1.8833333333333337,4.485258964143426
2025-08-17,Pune,18.52,73.86,24,8,Monsoon,Clear,88,940.4,23.5,23.6,22.6,23.5,9.7,21.8,1.9,6.6,22.7,22.2,21.6,20.0,0.47793240556660044,0.5688888888888889,1.2524850894632207,1.8041749502982107,2.9105555555555553,3.3536779324055668,2.849701789264414,1.8834254143646412,4.4840954274353875
2025-08-18,Pune,18.52,73.86,24,8,Monsoon,Monsoon,91,942.3,22.8,22.7,22.4,22.8,35.4,37.9,24.0,25.2,20.4,20.9,17.4,20.5,0.47698412698412707,0.5662983425414365,1.2517857142857143,1.8067460317460318,2.9784530386740333,3.356349206349206,2.8494047619047618,1.8851648351648354,4.478373015873015
2025-08-19,Pune,18.52,73.86,24,8,Monsoon,Monsoon,93,941.4,22.7,22.8,22.7,22.7,35.0,69.0,27.1,38.4,26.2,29.2,25.9,25.2,0.47603960396039613,0.5637362637362638,1.2500990099009903,1.8233663366336632,3.0318681318681318,3.352079207920792,2.8439603960396043,1.8770491803278693,4.475643564356435
2025-08-20,Pune,18.52,73.86,24,8,Monsoon,Monsoon,89,942.4,22.8,22.6,22.5,22.9,28.0,44.4,9.0,25.5,25.3,28.9,24.5,27.2,0.4750988142292491,0.5612021857923498,1.247628458498024,1.826482213438735,3.1825136612021856,3.367786561264822,2.840316205533597,1.8885869565217395,4.468181818181819
2025-08-21,Pune,18.52,73.86,24,8,Monsoon,Clear,86,945.7,23.6,23.4,22.8,23.6,7.8,11.0,0.6,3.7,28.0,27.1,20.2,26.2,0.4743589743589744,0.5597826086956522,1.2459566074950692,1.8278106508875738,3.2679347826086955,3.393688362919132,2.838461538461538,1.8875675675675678,4.464694280078895
2025-08-22,Pune,18.52,73.86,24,8,Monsoon,Clear,85,946.4,23.5,23.2,23.6,23.6,4.0,5.3,0.0,2.7,26.0,26.4,27.8,24.5,0.47342519685039375,0.5578378378378379,1.2450787401574803,1.832283464566929,3.28972972972973,3.3931102362204726,2.8364173228346456,1.882258064516129,4.467716535433071
2025-08-23,Pune,18.52,73.86,24,8,Monsoon,Clear,84,945.5,23.0,22.9,23.6,23.2,4.9,5.4,0.2,2.8,28.6,27.9,30.1,26.4,0.4726915520628684,0.5569892473118281,1.2426326129666012,1.831237721021611,3.286021505376344,3.3917485265225933,2.8337917485265227,1.8823529411764708,4.465422396856582
2025-08-24,Pune,18.52,73.86,24,8,Monsoon,Clear,86,946.1,22.9,23.1,23.5,23.1,4.7,5.2,0.3,3.5,25.6,27.1,30.6,27.0,0.4721568627450981,0.5556149732620322,1.2409803921568627,1.8317647058823527,3.2823529411764705,3.3901960784313725,2.832549019607843,1.8803191489361706,4.463921568627451
2025-08-25,Pune,18.52,73.86,24,8,Monsoon,Clear,87,945.4,23.1,22.8,23.6,22.9,7.2,8.8,0.7,2.4,27.6,27.9,28.4,25.1,0.4716242661448141,0.5526595744680852,1.2393346379647752,1.830528375733855,3.273936170212766,3.3898238747553817,2.8297455968688845,1.870899470899471,4.462230919765166
2025-08-26,Pune,18.52,73.86,24,8,Monsoon,Clear,87,945.2,23.5,23.3,24.1,23.5,4.5,8.5,2.3,3.2,22.6,20.1,24.5,19.2,0.4710937500000001,0.5502645502645503,1.23828125,1.8363281249999999,3.2904761904761903,3.3865234375,2.8291015625,1.8757894736842107,4.4599609375
2025-08-27,Pune,18.52,73.86,24,8,Monsoon,Clear,86,944.1,24.2,23.9,24.8,23.8,0.9,3.7,1.0,3.4,19.2,17.8,21.0,17.3,0.4701754385964913,0.548421052631579,1.2370370370370372,1.8352826510721247,3.3010526315789477,3.3816764132553607,2.8302144249512673,1.8706806282722515,4.461598440545809
2025-08-28,Pune,18.52,73.86,24,8,Monsoon,Monsoon,89,943.1,23.7,23.9,24.2,23.5,5.9,8.0,19.2,14.6,15.2,16.3,19.5,15.4,0.4700389105058366,0.5460732984293194,1.2365758754863814,1.8365758754863812,3.2853403141361257,3.3797665369649805,2.8284046692607,1.8635416666666667,4.46011673151751
2025-08-29,Pune,18.52,73.86,24,8,Monsoon,Monsoon,89,943.2,23.6,23.6,23.3,23.3,19.9,17.2,5.8,17.6,12.1,12.0,11.7,14.3,0.4695145631067962,0.5453125000000001,1.2355339805825245,1.849902912621359,3.302604166666667,3.382135922330097,2.8233009708737864,1.8585492227979277,4.459417475728155
2025-08-30,Pune,18.52,73.86,24,8,Monsoon,Clear,85,945.0,23.9,24.1,24.3,24.1,6.8,4.9,2.2,4.5,14.6,15.8,21.6,16.4,0.46918604651162793,0.5440414507772021,1.233139534883721,1.8507751937984496,3.2875647668393784,3.3984496124031005,2.822093023255814,1.8608247422680415,4.455813953488372
2025-08-31,Pune,18.52,73.86,24,8,Monsoon,Clear,85,945.3,24.2,23.9,24.5,24.1,1.5,3.5,0.3,4.6,19.7,20.7,25.6,19.6,0.46866537717601553,0.5412371134020619,1.2311411992263057,1.8516441005802706,3.272680412371134,3.3963249516441008,2.8201160541586074,1.8543589743589746,4.45725338491296
2025-09-01,Pune,18.52,73.86,24,9,Monsoon,Clear,85,943.8,23.7,23.4,23.9,23.5,2.9,5.4,0.5,2.7,25.8,26.4,27.6,25.2,0.467953667953668,0.5394871794871796,1.2295366795366796,1.854054054054054,3.2615384615384615,3.398069498069498,2.8148648648648646,1.8505102040816328,4.460231660231661
2025-09-02,Pune,18.52,73.86,24,9,Monsoon,Clear,86,943.5,23.8,23.5,23.6,23.7,1.9,4.6,0.1,2.7,22.7,23.2,19.5,21.7,0.4674373795761079,0.5372448979591837,1.2279383429672448,1.8508670520231214,3.2586734693877553,3.3957610789980732,2.810597302504817,1.8472081218274112,4.45626204238921
2025-09-03,Pune,18.52,73.86,24,9,Monsoon,Clear,85,943.8,23.8,23.9,23.6,23.4,1.4,2.9,0.0,2.1,20.0,21.7,19.4,19.0,0.46673076923076934,0.535532994923858,1.2257692307692307,1.8488461538461538,3.251776649746193,3.394230769230769,2.807115384615385,1.8454545454545457,4.451923076923077
2025-09-04,Pune,18.52,73.86,24,9,Monsoon,Clear,85,944.0,23.4,23.4,22.8,23.2,1.0,2.5,0.0,1.2,22.4,21.1,19.8,20.9,0.4666026871401152,0.5353535353535355,1.2238003838771594,1.846641074856046,3.2393939393939393,3.391746641074856,2.8036468330134356,1.849748743718593,4.4441458733205375
2025-09-05,Pune,18.52,73.86,24,9,Monsoon,Clear,85,944.7,23.4,23.3,23.7,23.5,1.5,4.8,0.3,0.4,22.2,22.6,23.7,20.9,0.4660919540229886,0.5336683417085428,1.2222222222222223,1.8434865900383142,3.2296482412060303,3.387547892720306,2.8011494252873566,1.8415000000000001,4.437739463601533
2025-09-06,Pune,18.52,73.86,24,9,Monsoon,Clear,85,945.8,23.2,23.4,23.3,23.3,1.3,3.3,0.2,0.3,21.1,23.3,23.8,19.8,0.46539196940726585,0.5320000000000001,1.2202676864244744,1.8420650095602293,3.2355,3.381261950286807,2.798279158699809,1.8407960199004978,4.4346080305927345
2025-09-07,Pune,18.52,73.86,24,9,Monsoon,Clear,85,946.1,23.2,22.9,23.2,23.2,1.1,3.8,0.7,1.1,18.3,18.4,25.0,20.6,0.4646946564885497,0.5298507462686568,1.21793893129771,1.8404580152671755,3.2343283582089555,3.375,2.7954198473282443,1.8490099009900993,4.433778625954199
2025-09-08,Pune,18.52,73.86,24,9,Monsoon,Clear,85,946.1,23.6,23.2,23.8,23.6,3.2,2.2,2.3,2.3,17.4,17.7,20.7,14.9,0.46380952380952384,0.5287128712871287,1.2156190476190476,1.836952380952381,3.2316831683168314,3.3693333333333335,2.7944761904761903,1.8507389162561578,4.433714285714285
2025-09-09,Pune,18.52,73.86,24,9,Monsoon,Clear,81,947.5,23.7,23.9,23.8,23.6,0.2,0.2,0.1,0.4,10.6,12.3,15.9,12.8,0.46292775665399244,0.5280788177339902,1.2136882129277566,1.8351711026615969,3.216256157635468,3.3629277566539924,2.793916349809886,1.8553921568627454,4.436311787072244
2025-09-10,Pune,18.52,73.86,24,9,Monsoon,Clear,81,948.1,23.8,24.6,24.5,23.9,0.4,0.7,1.2,0.9,11.0,12.2,17.3,10.8,0.46223908918406076,0.5269607843137255,1.211764705882353,1.8320683111954459,3.2014705882352943,3.357115749525617,2.7927893738140415,1.8487804878048784,4.433776091081594
2025-09-11,Pune,18.52,73.86,24,9,Monsoon,Clear,82,947.8,23.8,24.1,24.3,23.8,0.4,0.6,0.2,0.2,14.4,14.4,19.5,12.7,0.4615530303030304,0.5278048780487806,1.2106060606060607,1.8295454545454546,3.1868292682926826,3.351325757575758,2.787878787878788,1.846601941747573,4.437689393939394
2025-09-12,Pune,18.52,73.86,24,9,Monsoon,Clear,82,947.7,23.7,23.6,24.4,23.7,0.8,1.6,2.0,0.4,11.6,12.4,16.5,12.1,0.4606805293005672,0.5266990291262137,1.2092627599243857,1.8264650283553874,3.1733009708737865,3.3449905482041586,2.7858223062381855,1.8458937198067633,4.442155009451796
2025-09-13,Pune,18.52,73.86,24,9,Monsoon,Monsoon,88,947.2,23.5,23.6,24.2,23.4,9.5,4.6,1.7,15.6,9.4,7.8,13.4,9.4,0.4598113207547171,0.5246376811594204,1.2083018867924529,1.8237735849056604,3.163768115942029,3.341698113207547,2.781509433962264,1.8384615384615386,4.4420754716981135
2025-09-14,Pune,18.52,73.86,24,9,Monsoon,Monsoon,90,946.8,23.7,24.2,23.7,23.5,17.7,28.3,62.7,36.7,10.4,9.8,14.4,12.7,0.4591337099811677,0.5230769230769231,1.207532956685499,1.8318267419962333,3.2014423076923078,3.361581920903955,2.776271186440678,1.8373205741626797,4.441242937853108
2025-09-15,Pune,18.52,73.86,24,9,Monsoon,Monsoon,93,946.2,23.2,23.3,22.6,22.9,38.1,37.1,87.9,17.8,11.8,12.9,13.7,16.4,0.4586466165413534,0.5239234449760766,1.205639097744361,1.8640977443609024,3.226315789473684,3.404135338345865,2.7753759398496243,1.8423809523809525,4.43609022556391
2025-09-16,Pune,18.52,73.86,24,9,Monsoon,Clear,89,946.1,23.6,23.1,23.4,23.1,6.1,7.3,12.1,5.2,9.2,10.6,10.7,13.5,0.45834896810506576,0.5233333333333334,1.2039399624765479,1.898686679174484,3.302857142857143,3.529268292682927,2.7787992495309566,1.8502369668246448,4.432833020637898
2025-09-17,Pune,18.52,73.86,24,9,Monsoon,Monsoon,88,946.1,24.0,24.0,24.4,23.6,12.3,9.1,12.8,13.8,10.1,9.9,13.6,10.6,0.4584269662921349,0.5208530805687205,1.202247191011236,1.896816479400749,3.2971563981042658,3.5355805243445695,2.7816479400749063,1.855188679245283,4.429775280898877
2025-09-18,Pune,18.52,73.86,24,9,Monsoon,Monsoon,91,946.0,24.1,24.2,24.3,23.4,8.7,10.9,13.1,19.5,8.8,9.4,14.1,10.8,0.4583177570093459,0.5202830188679246,1.201495327102804,1.89607476635514,3.3037735849056604,3.5308411214953273,2.7773831775700937,1.8497652582159627,4.427102803738317
2025-09-19,Pune,18.52,73.86,24,9,Monsoon,Monsoon,89,946.9,23.8,24.3,24.1,23.7,16.8,11.9,15.2,12.4,10.7,10.8,15.1,12.1,0.458768656716418,0.5215962441314556,1.2009328358208957,1.9126865671641793,3.328638497652582,3.5361940298507464,2.7759328358208957,1.8476635514018693,4.425000000000001
2025-09-20,Pune,18.52,73.86,24,9,Monsoon,Monsoon,87,947.1,23.9,24.4,24.1,23.7,11.2,5.8,3.0,7.7,14.1,14.8,17.7,13.8,0.45810055865921795,0.52196261682243,1.199441340782123,1.9173184357541897,3.3154205607476634,3.5348230912476724,2.7733705772811916,1.8451162790697677,4.422346368715084
2025-09-21,Pune,18.52,73.86,24,9,Monsoon,Clear,88,946.6,23.7,24.8,24.5,23.8,7.2,6.6,3.0,3.2,12.4,15.2,15.7,13.8,0.45762081784386627,0.5227906976744187,1.1979553903345725,1.920260223048327,3.3088372093023253,3.5369888475836433,2.768773234200743,1.841203703703704,4.421375464684014
2025-09-22,Pune,18.52,73.86,24,9,Monsoon,Monsoon,89,947.2,23.1,23.3,23.8,22.9,7.8,8.5,4.4,7.3,11.9,13.0,14.1,14.4,0.45695732838589986,0.5250000000000001,1.1970315398886828,1.9241187384044525,3.309259259259259,3.5307977736549163,2.7662337662337664,1.8391705069124424,4.416697588126159
2025-09-23,Pune,18.52,73.86,24,9,Monsoon,Monsoon,87,947.7,22.8,22.5,22.4,22.6,12.7,14.4,9.5,8.5,16.0,14.3,17.6,17.4,0.4564814814814816,0.5244239631336407,1.1964814814814815,1.9214814814814813,3.2995391705069124,3.5296296296296297,2.765740740740741,1.8371559633027525,4.409074074074074
2025-09-24,Pune,18.52,73.86,24,9,Monsoon,Clear,84,946.4,23.5,23.9,23.4,23.2,1.3,0.8,0.0,1.3,14.9,14.2,17.7,15.4,0.45600739371534205,0.5224770642201836,1.1946395563770795,1.9256931608133085,3.311467889908257,3.5249537892791127,2.7632162661737523,1.8429223744292238,4.401293900184843
2025-09-25,Pune,18.52,73.86,24,9,Monsoon,Clear,83,945.7,23.5,24.1,23.7,23.3,1.0,1.7,0.7,1.0,11.8,11.7,16.8,13.5,0.45571955719557206,0.5232876712328768,1.1928044280442804,1.9221402214022139,3.298630136986301,3.520848708487085,2.7590405904059043,1.84,4.397416974169742
2025-09-26,Pune,18.52,73.86,24,9,Monsoon,Clear,89,945.6,23.2,23.5,23.3,22.9,5.8,4.8,4.6,5.3,10.8,12.0,11.4,12.8,0.4552486187845305,0.5245454545454546,1.1913443830570902,1.918600368324125,3.286818181818182,3.514917127071823,2.7570902394106813,1.839819004524887,4.395395948434622
2025-09-27,Pune,18.52,73.86,24,9,Monsoon,Monsoon,93,945.2,22.8,22.5,22.7,22.5,19.9,17.6,25.0,27.8,16.9,17.7,18.0,21.6,0.45496323529411775,0.5248868778280544,1.189889705882353,1.9159926470588236,3.27420814479638,3.5097426470588236,2.7556985294117644,1.8351351351351353,4.389889705882353
2025-09-28,Pune,18.52,73.86,24,9,Monsoon,Storm,93,942.3,22.0,22.2,21.8,22.0,79.0,68.9,26.6,67.9,21.6,22.5,18.2,27.9,0.45467889908256887,0.5225225225225226,1.188073394495413,1.9269724770642203,3.305405405405405,3.508440366972477,2.7592660550458716,1.8443946188340807,4.3884403669724765
2025-09-29,Pune,18.52,73.86,24,9,Monsoon,Clear,84,943.4,22.9,22.7,23.0,23.1,3.7,8.8,1.8,1.9,21.4,20.9,29.3,21.2,0.4538461538461539,0.5210762331838565,1.1862637362637363,1.9437728937728938,3.2950672645739907,3.577655677655678,2.7657509157509157,1.8602678571428573,4.3981684981684985
2025-09-30,Pune,18.52,73.86,24,9,Monsoon,Clear,85,944.3,23.4,23.0,23.5,23.2,2.9,3.5,0.0,1.4,18.1,20.1,21.0,19.0,0.4533820840950641,0.5205357142857144,1.184277879341865,1.9435100548446067,3.3111607142857147,3.5712979890310788,2.7610603290676416,1.8533333333333335,4.404936014625228
2025-02-19,Mumbai,19.08,72.88,24,2,Winter,Clear,38,1010.4,28.4,27.8,29.8,28.0,0.0,0.0,0.0,0.0,17.9,20.4,27.0,17.8,0.41666666666666674,0.3999999999999986,2.0367283950617283,2.789197530864197,0.0,4.029938271604938,2.3679012345679014,2.75,4.0206790123456795
2025-02-20,Mumbai,19.08,72.88,24,2,Winter,Clear,39,1010.8,28.5,28.1,29.8,28.3,0.0,0.0,0.0,0.0,17.1,20.3,27.2,18.5,0.4166153846153846,0.29999999999999893,2.0359999999999996,2.7806153846153845,0.0,4.017538461538462,2.3609230769230773,2.6999999999999993,4.036615384615385
2025-02-21,Mumbai,19.08,72.88,24,2,Winter,Clear,31,1011.8,29.9,29.0,30.8,30.0,0.0,0.0,0.0,0.0,15.7,19.1,24.5,16.9,0.41595092024539887,0.2666666666666657,2.0343558282208587,2.772085889570552,0.0,4.005214723926381,2.3579754601226997,2.4749999999999996,4.050920245398773
2025-02-22,Mumbai,19.08,72.88,24,2,Winter,Clear,34,1012.2,29.8,28.9,30.7,29.2,0.0,0.0,0.0,0.0,18.5,17.7,24.7,17.7,0.4149847094801224,0.4499999999999993,2.0305810397553516,2.763608562691131,0.0,3.9929663608562693,2.354434250764526,2.4200000000000004,4.06177370030581
2025-02-23,Mumbai,19.08,72.88,24,2,Winter,Clear,34,1012.3,29.3,28.7,31.0,29.6,0.0,0.0,0.0,0.0,16.1,15.4,24.2,15.4,0.4155487804878049,0.4199999999999996,2.028963414634146,2.755182926829268,0.0,3.9807926829268294,2.3496951219512194,2.016666666666667,4.070731707317074
2025-02-24,Mumbai,19.08,72.88,24,2,Winter,Clear,33,1012.2,30.0,29.1,31.4,29.7,0.0,0.0,0.0,0.0,17.3,16.5,23.7,14.4,0.4151975683890578,0.5,2.0270516717325227,2.7468085106382976,0.0,3.968693009118541,2.3446808510638295,1.7285714285714289,4.085106382978723
2025-02-25,Mumbai,19.08,72.88,24,2,Winter,Clear,34,1012.9,29.5,29.8,31.2,29.8,0.0,0.0,0.0,0.0,15.3,17.2,22.2,14.6,0.41484848484848497,0.514285714285714,2.0260606060606063,2.7384848484848483,0.0,3.956666666666667,2.3463636363636367,1.7750000000000001,4.100909090909091
2025-02-26,Mumbai,19.08,72.88,24,2,Winter,Clear,46,1013.1,28.7,28.6,31.1,29.0,0.0,0.0,0.0,0.0,17.2,14.4,22.3,14.8,0.4145015105740182,0.44999999999999973,2.02416918429003,2.7302114803625375,0.0,3.944712990936556,2.3413897280966767,1.8666666666666667,4.1114803625377645
2025-02-27,Mumbai,19.08,72.88,24,2,Winter,Clear,44,1011.8,29.0,28.9,31.2,29.2,0.0,0.0,0.0,0.0,18.3,17.3,22.9,15.0,0.4141566265060242,0.44444444444444403,2.024397590361446,2.7219879518072285,0.0,3.932831325301205,2.3415662650602407,1.7200000000000002,4.121686746987952
2025-02-28,Mumbai,19.08,72.88,24,2,Winter,Clear,51,1010.5,29.4,28.9,30.9,28.8,0.0,0.0,0.0,0.0,12.8,16.0,24.2,14.9,0.41351351351351356,0.4299999999999997,2.0243243243243243,2.7138138138138137,0.0,3.921021021021021,2.3444444444444446,1.7727272727272727,4.1330330330330325
2025-03-01,Mumbai,19.08,72.88,24,3,Summer,Clear,42,1010.0,29.9,29.3,30.5,29.0,0.0,0.0,0.0,0.0,15.8,18.9,24.2,16.1,0.4140718562874252,0.3999999999999995,2.0245508982035925,2.705688622754491,0.0,3.9092814371257485,2.3437125748503,1.7166666666666668,4.1485029940119755
2025-03-02,Mumbai,19.08,72.88,24,3,Summer,Clear,36,1009.3,29.9,29.4,30.6,29.3,0.0,0.0,0.0,0.0,18.0,19.1,28.0,17.1,0.41552238805970154,0.39166666666666633,2.0229850746268654,2.6976119402985073,0.0,3.8976119402985074,2.3376119402985074,1.7999999999999998,4.160298507462687
2025-03-03,Mumbai,19.08,72.88,24,3,Summer,Clear,39,1009.6,30.1,29.4,30.7,29.5,0.0,0.0,0.0,0.0,16.6,17.9,29.1,17.7,0.4160714285714286,0.36923076923076875,2.0208333333333335,2.689583333333333,0.0,3.886011904761905,2.3333333333333335,1.8142857142857143,4.180357142857143
2025-03-04,Mumbai,19.08,72.88,24,3,Summer,Clear,39,1010.2,30.5,29.9,31.1,29.4,0.0,0.0,0.0,0.0,16.6,20.6,29.4,19.0,0.4166172106824926,0.34999999999999964,2.0183976261127596,2.68160237388724,0.0,3.8744807121661724,2.329673590504451,1.7066666666666666,4.201780415430267
2025-03-05,Mumbai,19.08,72.88,24,3,Summer,Clear,31,1009.9,30.3,29.7,30.9,29.6,0.0,0.0,0.0,0.0,18.6,18.2,23.7,16.9,0.41863905325443795,0.35999999999999965,2.017455621301775,2.673668639053254,0.0,3.86301775147929,2.3298816568047336,1.7,4.220118343195266
2025-03-06,Mumbai,19.08,72.88,24,3,Summer,Clear,25,1010.6,29.1,28.3,30.2,28.6,0.0,0.0,0.0,0.0,15.6,17.7,25.0,16.5,0.41946902654867263,0.34374999999999956,2.0153392330383477,2.665781710914454,0.0,3.851622418879056,2.3280235988200593,1.6764705882352942,4.2277286135693215
2025-03-07,Mumbai,19.08,72.88,24,3,Summer,Clear,25,1008.9,29.5,28.9,30.7,29.4,0.0,0.0,0.0,0.0,18.2,17.6,25.2,16.8,0.4197058823529412,0.3411764705882349,2.0141176470588236,2.657941176470588,0.0,3.840294117647059,2.3238235294117646,1.65,4.240294117647059
2025-03-08,Mumbai,19.08,72.88,24,3,Summer,Clear,35,1007.5,29.1,28.4,31.0,28.9,0.0,0.0,0.0,0.0,16.2,16.4,24.0,14.9,0.41876832844574785,0.34999999999999964,2.0120234604105574,2.650146627565982,0.0,3.829032258064516,2.3211143695014664,1.605263157894737,4.2524926686217
2025-03-09,Mumbai,19.08,72.88,24,3,Summer,Clear,48,1007.6,29.0,28.3,31.1,28.5,0.0,0.0,0.0,0.0,17.9,20.0,25.5,15.0,0.4181286549707603,0.35789473684210493,2.012280701754386,2.6423976608187134,0.0,3.8178362573099416,2.3181286549707605,1.6,4.266666666666667
2025-03-10,Mumbai,19.08,72.88,24,3,Summer,Clear,35,1008.9,30.6,29.7,32.7,30.7,0.0,0.0,0.0,0.0,17.3,12.3,23.4,17.4,0.4183673469387756,0.34999999999999964,2.0139941690962098,2.6346938775510202,0.0,3.806705539358601,2.3198250728862977,1.7619047619047619,4.284839650145773
2025-03-11,Mumbai,19.08,72.88,24,3,Summer,Clear,44,1009.9,30.1,30.0,32.7,30.5,0.0,0.0,0.0,0.0,19.9,16.8,22.5,15.4,0.41744186046511633,0.3809523809523806,2.013953488372093,2.62703488372093,0.0,3.795639534883721,2.313372093023256,1.9136363636363634,4.289825581395349
2025-03-12,Mumbai,19.08,72.88,24,3,Summer,Clear,50,1008.8,30.3,30.1,32.6,30.2,0.0,0.0,0.0,0.0,18.9,16.2,22.1,14.4,0.4173913043478262,0.386363636363636,2.0144927536231885,2.6194202898550722,0.0,3.7846376811594205,2.319710144927536,1.891304347826087,4.297971014492753
2025-03-13,Mumbai,19.08,72.88,24,3,Summer,Clear,62,1008.3,29.5,29.3,32.2,29.4,0.0,0.0,0.0,0.0,15.2,15.5,20.3,13.2,0.41647398843930644,0.3739130434782605,2.015606936416185,2.611849710982659,0.0,3.773699421965318,2.3260115606936416,1.8875,4.307803468208093
2025-03-14,Mumbai,19.08,72.88,24,3,Summer,Clear,57,1008.8,29.1,29.4,31.7,29.3,0.0,0.0,0.0,0.0,15.0,16.6,25.0,15.0,0.41556195965417875,0.36249999999999954,2.0178674351585015,2.604322766570605,0.0,3.7628242074927956,2.32507204610951,1.9039999999999997,4.315850144092218
2025-03-15,Mumbai,19.08,72.88,24,3,Summer,Clear,54,1009.5,29.9,29.5,31.6,29.3,0.0,0.0,0.0,0.0,17.4,19.3,24.9,15.7,0.41494252873563225,0.3519999999999995,2.018965517241379,2.59683908045977,0.0,3.7520114942528737,2.318390804597701,1.8923076923076922,4.332183908045977
2025-03-16,Mumbai,19.08,72.88,24,3,Summer,Clear,53,1009.9,29.7,29.4,30.9,29.0,0.0,0.0,0.0,0.0,15.1,18.0,26.6,15.9,0.41547277936962757,0.3461538461538456,2.0197707736389683,2.589398280802292,0.0,3.7412607449856736,2.316618911174785,1.9555555555555555,4.346131805157593
2025-03-17,Mumbai,19.08,72.88,24,3,Summer,Clear,58,1010.0,29.7,29.5,30.8,28.7,0.0,0.0,0.0,0.0,15.3,18.9,27.2,17.3,0.4162857142857143,0.3481481481481476,2.019428571428571,2.582,0.0,3.730571428571429,2.3122857142857143,1.9607142857142856,4.364285714285714
2025-03-18,Mumbai,19.08,72.88,24,3,Summer,Clear,65,1009.3,28.6,28.6,30.0,27.9,0.0,0.0,0.0,0.0,15.5,14.9,21.0,15.9,0.417948717948718,0.36428571428571377,2.0196581196581196,2.5746438746438742,0.0,3.71994301994302,2.3113960113960115,1.9482758620689655,4.38005698005698
2025-03-19,Mumbai,19.08,72.88,24,3,Summer,Clear,64,1010.5,28.2,28.2,29.7,27.6,0.0,0.0,0.0,0.0,15.2,17.1,23.1,16.2,0.4187500000000001,0.3758620689655168,2.0198863636363638,2.567329545454545,0.0,3.709375,2.3059659090909093,1.9166666666666667,4.3821022727272725
2025-03-20,Mumbai,19.08,72.88,24,3,Summer,Clear,45,1011.9,29.5,29.0,30.8,29.0,0.0,0.0,0.0,0.0,18.1,19.9,26.6,18.0,0.41926345609065163,0.38333333333333286,2.0201133144475922,2.5600566572237957,0.0,3.6988668555240793,2.3022662889518415,1.8838709677419354,4.389235127478754
2025-03-21,Mumbai,19.08,72.88,24,3,Summer,Clear,58,1012.6,28.5,28.4,29.4,28.0,0.0,0.0,0.0,0.0,16.8,19.1,22.8,18.2,0.4194915254237289,0.37096774193548343,2.019491525423729,2.552824858757062,0.0,3.6884180790960452,2.296045197740113,1.884375,4.401129943502825
2025-03-22,Mumbai,19.08,72.88,24,3,Summer,Clear,65,1011.5,27.9,27.6,29.8,27.4,0.0,0.0,0.0,0.0,16.3,18.8,26.5,17.0,0.41971830985915504,0.3718749999999995,2.017746478873239,2.5456338028169014,0.0,3.678028169014085,2.2935211267605635,1.8545454545454547,4.40169014084507
2025-03-23,Mumbai,19.08,72.88,24,3,Summer,Clear,68,1011.0,28.3,28.3,30.5,28.4,0.0,0.0,0.0,0.0,15.9,17.5,20.9,14.4,0.41994382022471916,0.36666666666666625,2.0188202247191014,2.5384831460674153,0.0,3.6676966292134834,2.2890449438202247,1.8529411764705883,4.416011235955056
2025-03-24,Mumbai,19.08,72.88,24,3,Summer,Clear,75,1010.9,28.2,28.4,30.5,28.3,0.0,0.0,0.0,0.0,18.3,19.4,25.4,17.4,0.4190476190476191,0.35882352941176426,2.019047619047619,2.5313725490196077,0.0,3.6574229691876754,2.2868347338935573,1.8885714285714283,4.421848739495798
2025-03-25,Mumbai,19.08,72.88,24,3,Summer,Clear,67,1008.2,29.0,28.9,31.1,28.6,0.0,0.0,0.0,0.0,16.8,18.7,26.3,16.7,0.41815642458100566,0.3514285714285709,2.0195530726256985,2.5243016759776533,0.0,3.647206703910615,2.2829608938547485,1.8916666666666666,4.431843575418994
2025-03-26,Mumbai,19.08,72.88,24,3,Summer,Clear,73,1007.6,28.1,28.1,29.3,27.7,0.0,0.0,0.0,0.0,15.5,19.0,24.3,15.2,0.4181058495821728,0.3499999999999994,2.020891364902507,2.517270194986072,0.0,3.6370473537604457,2.2768802228412257,1.8945945945945943,4.446239554317549
2025-03-27,Mumbai,19.08,72.88,24,3,Summer,Clear,76,1008.7,27.8,27.8,28.5,27.1,0.0,0.0,0.0,0.0,15.3,15.8,22.2,16.5,0.4180555555555556,0.35135135135135087,2.019722222222222,2.5102777777777776,0.0,3.6269444444444447,2.271388888888889,1.9447368421052633,4.4591666666666665
2025-03-28,Mumbai,19.08,72.88,24,3,Summer,Clear,61,1007.5,28.8,28.2,30.2,28.5,0.0,0.0,0.0,0.0,17.4,19.3,26.3,17.3,0.41883656509695294,0.3605263157894732,2.018005540166205,2.5033240997229913,0.0,3.616897506925208,2.2684210526315787,1.9128205128205127,4.462603878116344
2025-03-29,Mumbai,19.08,72.88,24,3,Summer,Clear,31,1006.0,31.2,30.2,32.4,30.9,0.0,0.0,0.0,0.0,17.3,19.6,29.8,16.2,0.41850828729281775,0.35897435897435853,2.0171270718232046,2.496408839779005,0.0,3.6069060773480666,2.2624309392265194,1.9149999999999998,4.475138121546961
2025-03-30,Mumbai,19.08,72.88,24,3,Summer,Clear,39,1006.4,31.6,30.2,32.9,31.5,0.0,0.0,0.0,0.0,18.8,18.6,29.3,18.2,0.4181818181818182,0.36749999999999955,2.015702479338843,2.489531680440771,0.0,3.596969696969697,2.259228650137741,1.951219512195122,4.500275482093664
2025-03-31,Mumbai,19.08,72.88,24,3,Summer,Clear,44,1006.7,30.6,29.8,32.7,31.3,0.0,0.0,0.0,0.0,14.4,15.0,21.7,16.0,0.4173076923076924,0.39024390243902396,2.014010989010989,2.4826923076923073,0.0,3.5870879120879122,2.2546703296703297,1.9142857142857144,4.518406593406594
2025-04-01,Mumbai,19.08,72.88,24,4,Summer,Clear,44,1005.9,31.7,30.1,32.5,31.7,0.0,0.0,0.0,0.0,13.4,14.4,19.4,14.5,0.41808219178082195,0.41666666666666624,2.0123287671232877,2.475890410958904,0.0,3.5772602739726027,2.252876712328767,1.8930232558139537,4.521643835616438
2025-04-02,Mumbai,19.08,72.88,24,4,Summer,Clear,41,1006.4,31.5,30.8,32.7,31.8,0.1,0.3,0.0,0.0,14.2,13.1,25.7,15.3,0.41693989071038257,0.44418604651162746,2.009016393442623,2.469125683060109,0.0,3.5674863387978144,2.249726775956284,1.8522727272727273,4.522677595628415
2025-04-03,Mumbai,19.08,72.88,24,4,Summer,Clear,73,1009.7,29.6,29.7,30.9,29.4,0.4,0.6,0.6,0.6,13.9,16.6,22.5,12.1,0.41662125340599465,0.45681818181818135,2.0059945504087193,2.4626702997275203,0.006818181818181818,3.557765667574932,2.2465940054495914,1.86,4.5386920980926435
2025-04-04,Mumbai,19.08,72.88,24,4,Summer,Clear,76,1010.9,29.4,29.6,31.1,29.2,0.8,0.8,0.0,1.0,15.6,18.8,27.7,15.4,0.41603260869565223,0.4533333333333329,2.0046195652173915,2.4565217391304346,0.006666666666666666,3.5480978260869565,2.245380434782609,1.9173913043478261,4.554619565217391
2025-04-05,Mumbai,19.08,72.88,24,4,Summer,Clear,63,1008.8,30.3,30.0,32.5,29.7,0.0,0.0,0.0,0.0,18.6,18.8,26.7,18.5,0.41544715447154473,0.45217391304347787,2.004336043360434,2.4504065040650405,0.010869565217391302,3.5411924119241194,2.2398373983739837,1.948936170212766,4.5756097560975615
2025-04-06,Mumbai,19.08,72.88,24,4,Summer,Clear,59,1007.7,29.3,29.3,33.5,30.0,0.0,0.0,0.0,0.0,18.2,15.2,27.3,16.1,0.415945945945946,0.4489361702127656,2.0064864864864864,2.4437837837837835,0.010638297872340424,3.5316216216216216,2.234054054054054,1.9145833333333335,4.585405405405405
2025-04-07,Mumbai,19.08,72.88,24,4,Summer,Clear,57,1007.4,30.3,30.2,33.8,30.7,0.0,0.0,0.0,0.0,17.7,19.0,26.6,19.1,0.416711590296496,0.45416666666666633,2.0105121293800536,2.437196765498652,0.010416666666666666,3.5221024258760107,2.2336927223719676,1.8938775510204084,4.603234501347709
2025-04-08,Mumbai,19.08,72.88,24,4,Summer,Clear,49,1007.9,31.1,30.4,33.8,31.1,0.0,0.0,0.0,0.0,19.5,19.5,27.0,19.9,0.41666666666666674,0.45510204081632616,2.013440860215054,2.4306451612903226,0.01020408163265306,3.5126344086021506,2.231451612903226,1.858,4.611021505376344
2025-04-09,Mumbai,19.08,72.88,24,4,Summer,Clear,58,1007.5,30.5,30.5,32.0,30.4,0.0,0.0,0.0,0.0,18.2,20.9,26.4,16.2,0.41554959785522794,0.45999999999999974,2.015281501340483,2.4241286863270775,0.009999999999999998,3.503217158176944,2.2265415549597853,1.8294117647058825,4.617694369973191
2025-04-10,Mumbai,19.08,72.88,24,4,Summer,Clear,74,1006.3,29.3,29.8,30.4,29.4,0.3,0.1,0.0,0.0,13.2,15.9,24.1,12.4,0.41470588235294126,0.45294117647058796,2.0141711229946524,2.4176470588235293,0.009803921568627449,3.4938502673796794,2.2259358288770055,1.8846153846153848,4.632620320855615
2025-04-11,Mumbai,19.08,72.88,24,4,Summer,Clear,73,1006.2,28.9,29.4,30.0,29.0,0.0,0.0,0.0,0.0,17.1,17.5,19.1,14.5,0.4138666666666667,0.4519230769230767,2.0114666666666667,2.412,0.011538461538461537,3.4845333333333333,2.2221333333333333,1.9150943396226419,4.651466666666667
2025-04-12,Mumbai,19.08,72.88,24,4,Summer,Clear,75,1007.9,28.6,29.3,29.7,28.8,0.0,0.0,0.0,0.1,16.4,14.0,19.7,14.7,0.41303191489361707,0.4509433962264149,2.008776595744681,2.4055851063829787,0.011320754716981131,3.4752659574468088,2.22313829787234,1.9351851851851853,4.651329787234043
2025-04-13,Mumbai,19.08,72.88,24,4,Summer,Clear,75,1009.1,28.7,28.8,30.1,28.9,0.0,0.0,0.0,0.0,16.2,18.1,25.7,16.1,0.41246684350132634,0.4518518518518516,2.0058355437665782,2.3994694960212204,0.012962962962962963,3.46631299734748,2.2217506631299737,1.9127272727272728,4.652254641909814
2025-04-14,Mumbai,19.08,72.88,24,4,Summer,Clear,62,1007.8,30.6,30.5,32.2,30.1,0.0,0.0,0.0,0.0,18.8,20.1,29.6,19.3,0.41190476190476194,0.4454545454545452,2.0037037037037035,2.393121693121693,0.012727272727272726,3.457142857142857,2.2161375661375664,1.9142857142857144,4.665343915343915
2025-04-15,Mumbai,19.08,72.88,24,4,Summer,Clear,62,1007.1,30.7,30.6,31.9,30.0,0.0,0.0,0.0,0.0,18.4,21.2,27.3,16.9,0.412137203166227,0.44464285714285684,2.003957783641161,2.386807387862797,0.012499999999999999,3.4480211081794194,2.211609498680739,1.8947368421052635,4.680211081794195
2025-04-16,Mumbai,19.08,72.88,24,4,Summer,Clear,74,1007.2,29.6,29.4,31.0,29.1,0.0,0.0,0.0,0.0,16.2,18.0,24.7,15.4,0.41289473684210537,0.4473684210526313,2.0036842105263157,2.380526315789474,0.012280701754385965,3.4389473684210525,2.209736842105263,1.9362068965517243,4.695263157894737
2025-04-17,Mumbai,19.08,72.88,24,4,Summer,Clear,78,1007.1,28.8,29.2,30.1,28.8,0.0,0.0,0.0,0.0,16.5,18.4,22.1,15.7,0.4131233595800526,0.4448275862068963,2.0034120734908134,2.374278215223097,0.01206896551724138,3.4299212598425197,2.206036745406824,1.9474576271186441,4.707349081364829
2025-04-18,Mumbai,19.08,72.88,24,4,Summer,Clear,76,1006.6,29.0,29.4,30.5,28.9,0.0,0.0,0.0,0.0,15.9,17.7,19.2,14.9,0.412041884816754,0.44406779661016915,2.0015706806282725,2.3680628272251307,0.011864406779661016,3.420942408376963,2.2023560209424082,1.9600000000000002,4.711780104712042
2025-04-19,Mumbai,19.08,72.88,24,4,Summer,Clear,75,1007.0,29.2,29.5,30.5,29.2,0.0,0.0,0.0,0.0,15.6,16.2,19.6,15.9,0.41122715404699745,0.4449999999999997,2.0005221932114883,2.3618798955613576,0.011666666666666665,3.41201044386423,2.1992167101827675,1.9737704918032788,4.71070496083551
2025-04-20,Mumbai,19.08,72.88,24,4,Summer,Clear,72,1007.2,29.6,29.4,31.0,29.2,0.0,0.0,0.0,0.0,16.3,17.8,23.2,14.5,0.41015625000000006,0.44262295081967185,1.9986979166666667,2.355729166666667,0.011475409836065573,3.4031249999999997,2.1942708333333334,1.946774193548387,4.708072916666667
2025-04-21,Mumbai,19.08,72.88,24,4,Summer,Clear,74,1008.7,29.5,29.6,30.8,29.1,0.0,0.0,0.0,0.0,16.2,17.4,22.4,15.3,0.41012987012987023,0.4387096774193545,1.998181818181818,2.3496103896103895,0.01129032258064516,3.394285714285714,2.1932467532467532,1.9682539682539681,4.718441558441558
2025-04-22,Mumbai,19.08,72.88,24,4,Summer,Clear,70,1008.7,30.2,30.4,32.4,29.8,0.0,0.0,0.0,0.0,17.9,18.6,26.0,16.8,0.41010362694300523,0.4396825396825394,1.9974093264248705,2.3435233160621762,0.01111111111111111,3.3854922279792743,2.1898963730569947,1.9703125000000001,4.724611398963731
2025-04-23,Mumbai,19.08,72.88,24,4,Summer,Clear,72,1007.3,30.4,30.5,32.6,30.2,0.0,0.0,0.0,0.0,17.4,18.8,20.5,16.7,0.410077519379845,0.4421874999999997,1.998966408268734,2.337467700258398,0.0109375,3.3767441860465115,2.187080103359173,1.9676923076923079,4.736175710594315
2025-04-24,Mumbai,19.08,72.88,24,4,Summer,Clear,74,1006.5,29.9,30.1,31.6,29.7,0.0,0.0,0.0,0.0,15.3,18.0,19.6,14.4,0.4095360824742269,0.43999999999999967,2.0,2.3314432989690723,0.010769230769230769,3.368041237113402,2.1832474226804126,1.9696969696969697,4.733762886597939
2025-04-25,Mumbai,19.08,72.88,24,4,Summer,Clear,71,1007.0,30.1,30.1,31.2,29.6,0.0,0.0,0.0,0.0,15.5,17.6,21.3,14.9,0.40899742930591265,0.4393939393939391,1.9997429305912595,2.325449871465296,0.010606060606060605,3.359383033419023,2.1799485861182517,1.9940298507462686,4.734961439588689
2025-04-26,Mumbai,19.08,72.88,24,4,Summer,Clear,71,1006.8,30.0,29.9,31.0,29.4,0.0,0.0,0.0,0.0,13.1,14.3,21.6,15.6,0.4092307692307693,0.4402985074626863,1.9987179487179487,2.3194871794871794,0.01044776119402985,3.3507692307692305,2.175897435897436,2.0044117647058823,4.739230769230769
2025-04-27,Mumbai,19.08,72.88,24,4,Summer,Clear,74,1007.1,29.8,29.9,31.5,29.3,0.0,0.0,0.0,0.0,16.9,18.8,26.8,15.6,0.4097186700767264,0.44117647058823506,1.9976982097186702,2.3135549872122763,0.010294117647058823,3.3421994884910484,2.1767263427109973,1.9942028985507245,4.742455242966752
2025-04-28,Mumbai,19.08,72.88,24,4,Summer,Clear,75,1006.3,29.3,29.8,30.8,29.3,0.0,0.0,0.0,0.0,15.3,17.7,23.6,16.1,0.4099489795918368,0.44347826086956493,1.9982142857142855,2.3076530612244897,0.010144927536231883,3.333673469387755,2.174489795918367,2.0114285714285716,4.758928571428571
2025-04-29,Mumbai,19.08,72.88,24,4,Summer,Clear,76,1005.8,29.4,29.7,31.1,29.4,0.0,0.0,0.0,0.0,16.5,17.5,18.9,14.1,0.4089058524173028,0.444285714285714,1.996946564885496,2.3017811704834608,0.01,3.3251908396946566,2.170992366412214,2.0056338028169014,4.765903307888041
2025-04-30,Mumbai,19.08,72.88,24,4,Summer,Clear,75,1006.8,29.7,30.0,31.3,29.6,0.0,0.0,0.0,0.0,17.0,17.7,19.0,15.2,0.4078680203045686,0.4422535211267603,1.9961928934010151,2.2959390862944162,0.009859154929577464,3.316751269035533,2.1715736040609137,2.0250000000000004,4.765989847715736
2025-05-01,Mumbai,19.08,72.88,24,5,Summer,Clear,75,1007.3,29.9,30.2,31.4,29.8,0.0,0.0,0.0,0.0,15.9,21.4,23.3,18.4,0.40708860759493676,0.4416666666666664,1.9954430379746837,2.290126582278481,0.009722222222222222,3.3083544303797465,2.170632911392405,2.0315068493150688,4.7635443037974685
2025-05-02,Mumbai,19.08,72.88,24,5,Summer,Clear,68,1007.3,29.9,30.1,32.3,30.0,0.0,0.0,0.0,0.0,15.4,16.4,22.2,14.4,0.40631313131313135,0.44109589041095854,1.9944444444444442,2.2843434343434343,0.00958904109589041,3.3,2.1714646464646465,2.044594594594595,4.763888888888889
2025-05-03,Mumbai,19.08,72.88,24,5,Summer,Clear,68,1007.2,29.9,30.1,31.2,29.8,0.0,0.0,0.0,0.0,18.2,17.4,19.4,15.6,0.40554156171284644,0.43648648648648625,1.995214105793451,2.278589420654912,0.009459459459459458,3.2916876574307303,2.168513853904282,2.044,4.771536523929471
2025-05-04,Mumbai,19.08,72.88,24,5,Summer,Clear,68,1006.9,29.8,30.1,30.6,30.0,0.0,0.0,0.0,0.0,14.6,15.2,18.9,15.4,0.4047738693467337,0.4346666666666664,1.993718592964824,2.2728643216080404,0.009333333333333332,3.2834170854271356,2.169597989949749,2.0407894736842103,4.7690954773869345
2025-05-05,Mumbai,19.08,72.88,24,5,Summer,Clear,70,1006.4,30.0,30.2,30.7,30.2,0.0,0.0,0.0,0.0,16.4,20.6,21.7,14.6,0.4042606516290727,0.4302631578947366,1.9902255639097746,2.267167919799499,0.009210526315789473,3.275187969924812,2.1661654135338346,2.016883116883117,4.765914786967418
2025-05-06,Mumbai,19.08,72.88,24,5,Summer,Clear,73,1007.4,29.6,29.8,30.6,28.7,3.8,2.3,0.0,6.3,18.4,13.0,21.5,15.9,0.40375,0.42467532467532443,1.9865000000000002,2.2615,0.00909090909090909,3.267,2.16525,2.067948717948718,4.77175
2025-05-07,Mumbai,19.08,72.88,24,5,Summer,Clear,73,1006.5,27.4,27.0,30.4,27.9,2.1,3.9,6.2,3.0,18.4,22.0,21.8,17.6,0.4049875311720698,0.4333333333333331,1.986284289276808,2.262094763092269,0.06025641025641026,3.2745635910224435,2.1660847880299254,2.0784810126582283,4.773815461346634
2025-05-08,Mumbai,19.08,72.88,24,5,Summer,Convective,81,1006.4,27.0,27.2,30.1,26.6,8.0,4.8,5.7,9.3,15.7,14.8,22.8,14.3,0.4052238805970149,0.4392405063291137,1.9875621890547264,2.2587064676616917,0.07088607594936708,3.274378109452736,2.162686567164179,2.1075,4.772388059701493
2025-05-09,Mumbai,19.08,72.88,24,5,Summer,Clear,82,1007.3,27.6,28.3,29.9,27.1,3.4,3.1,0.9,2.0,15.4,17.6,22.5,15.2,0.40521091811414395,0.4412499999999998,1.9913151364764268,2.2563275434243173,0.12625000000000003,3.2751861042183625,2.1607940446650122,2.0876543209876544,4.781637717121588
2025-05-10,Mumbai,19.08,72.88,24,5,Summer,Clear,81,1007.3,28.3,29.0,30.8,28.0,0.6,0.6,0.0,0.5,12.3,12.8,19.6,11.5,0.4054455445544555,0.450617283950617,1.9933168316831682,2.254207920792079,0.13827160493827162,3.26980198019802,2.155940594059406,2.091463414634146,4.787871287128713
2025-05-11,Mumbai,19.08,72.88,24,5,Summer,Clear,76,1006.6,29.3,30.0,31.3,29.1,1.5,1.3,0.3,0.4,11.3,12.0,21.0,12.0,0.40518518518518526,0.45731707317073145,1.9953086419753088,2.2488888888888887,0.1378048780487805,3.262962962962963,2.1525925925925926,2.081927710843374,4.79604938271605
2025-05-12,Mumbai,19.08,72.88,24,5,Summer,Clear,70,1005.6,30.0,30.2,31.7,30.3,2.5,2.6,0.0,1.6,13.8,14.6,22.1,13.1,0.4046798029556651,0.4626506024096383,1.9958128078817732,2.2460591133004923,0.14698795180722893,3.2551724137931033,2.149014778325123,2.0571428571428574,4.8064039408867
2025-05-13,Mumbai,19.08,72.88,24,5,Summer,Clear,70,1005.7,30.5,30.2,31.9,30.5,2.3,1.6,0.0,1.7,11.9,12.4,20.3,13.1,0.40442260442260447,0.4583333333333331,1.9943488943488945,2.2427518427518427,0.15714285714285717,3.251105651105651,2.1454545454545455,2.050588235294118,4.816707616707617
2025-05-14,Mumbai,19.08,72.88,24,5,Summer,Clear,72,1006.1,29.9,30.2,32.1,29.9,4.2,3.7,0.1,0.6,12.7,9.9,24.7,12.3,0.4034313725490197,0.4564705882352939,1.9928921568627451,2.2387254901960785,0.15647058823529414,3.2473039215686277,2.1431372549019607,2.0348837209302326,4.822549019607843
2025-05-15,Mumbai,19.08,72.88,24,5,Summer,Clear,70,1006.2,30.5,30.1,31.9,30.5,2.2,4.0,1.6,1.8,13.0,11.5,21.0,14.3,0.40244498777506116,0.45465116279069745,1.993398533007335,2.2420537897310515,0.19069767441860466,3.240586797066015,2.138875305623472,2.039080459770115,4.841075794621027
2025-05-16,Mumbai,19.08,72.88,24,5,Summer,Clear,65,1005.9,30.3,30.4,31.4,31.0,1.6,3.0,0.0,1.0,14.7,13.0,18.7,14.1,0.4014634146341464,0.4540229885057469,1.9919512195121953,2.237560975609756,0.21379310344827587,3.233170731707317,2.136829268292683,2.047727272727273,4.845609756097561
2025-05-17,Mumbai,19.08,72.88,24,5,Summer,Clear,66,1005.6,30.0,30.0,31.2,30.6,2.2,5.1,0.0,0.9,12.8,14.3,18.0,13.3,0.40218978102189784,0.45568181818181797,1.9880778588807786,2.2335766423357666,0.2340909090909091,3.2277372262773723,2.1330900243309006,2.0370786516853934,4.845012165450122
2025-05-18,Mumbai,19.08,72.88,24,5,Summer,Clear,61,1004.9,30.9,30.5,31.4,31.2,0.0,1.4,2.3,0.0,15.8,11.9,20.5,14.7,0.4026699029126214,0.45730337078651667,1.9847087378640778,2.23131067961165,0.2786516853932584,3.2220873786407767,2.129126213592233,2.0255555555555556,4.844660194174757
2025-05-19,Mumbai,19.08,72.88,24,5,Summer,Clear,69,1003.8,30.6,30.2,31.6,30.3,2.1,1.9,0.0,0.2,11.3,9.8,17.7,16.2,0.4024213075060533,0.45999999999999974,1.9803874092009686,2.22590799031477,0.2911111111111111,3.2198547215496367,2.1266343825665857,2.034065934065934,4.846973365617433
2025-05-20,Mumbai,19.08,72.88,24,5,Summer,Convective,75,1003.1,30.3,30.1,30.5,30.2,7.6,8.1,10.7,8.7,6.9,10.2,27.4,13.2,0.4021739130434783,0.45604395604395587,1.9787439613526572,2.22512077294686,0.3065934065934066,3.21256038647343,2.1333333333333333,2.0815217391304346,4.838888888888889
2025-05-21,Mumbai,19.08,72.88,24,5,Summer,Clear,83,1002.3,28.8,28.6,30.9,29.0,2.3,8.1,4.7,1.1,8.7,11.0,11.4,10.7,0.40144578313253015,0.45217391304347804,1.9746987951807229,2.222409638554217,0.30978260869565216,3.2096385542168675,2.1433734939759037,2.0913978494623655,4.86144578313253
2025-05-22,Mumbai,19.08,72.88,24,5,Summer,Convective,82,1001.1,29.0,29.1,30.4,28.5,2.3,5.6,2.1,21.2,12.0,11.2,15.2,18.3,0.4009615384615385,0.4516129032258062,1.9745192307692307,2.219951923076923,0.3817204301075269,3.210576923076923,2.1430288461538463,2.072340425531915,4.851442307692308
2025-05-23,Mumbai,19.08,72.88,24,5,Summer,Clear,86,998.6,28.3,29.0,31.3,28.7,13.5,11.2,2.5,2.2,9.1,11.4,15.3,13.2,0.4011990407673861,0.4531914893617019,1.9743405275779375,2.2599520383693044,0.5436170212765957,3.2486810551558754,2.152997601918465,2.1252631578947367,4.847242206235012
2025-05-24,Mumbai,19.08,72.88,24,5,Summer,Convective,84,998.3,29.0,29.1,30.8,28.8,4.6,7.7,2.7,8.9,8.2,9.4,20.6,12.0,0.4011961722488039,0.4515789473684208,1.9758373205741626,2.2815789473684207,0.6326315789473684,3.2416267942583734,2.1576555023923443,2.121875,4.84066985645933
2025-05-25,Mumbai,19.08,72.88,24,5,Summer,Convective,91,1000.8,26.1,26.9,29.7,26.5,27.3,17.9,23.2,27.3,12.4,10.8,26.3,11.6,0.4007159904534606,0.4499999999999998,1.9758949880668257,2.2863961813842484,0.6385416666666667,3.2486873508353225,2.1615751789976136,2.12680412371134,4.84964200477327
2025-05-26,Mumbai,19.08,72.88,24,5,Summer,Storm,93,1001.0,25.8,26.1,29.1,26.2,73.5,113.3,30.2,54.0,14.3,14.2,23.1,21.3,0.40071428571428575,0.449484536082474,1.9788095238095238,2.280952380952381,0.7288659793814434,3.2507142857142854,2.158333333333333,2.113265306122449,4.873095238095238
2025-05-27,Mumbai,19.08,72.88,24,5,Summer,Convective,89,1000.9,26.2,26.1,28.5,27.3,25.1,30.9,10.1,9.1,8.9,12.5,20.1,13.0,0.4007125890736342,0.4459183673469385,1.9809976247030878,2.321852731591449,1.3265306122448979,3.299524940617577,2.169833729216152,2.163636363636364,4.865795724465558
2025-05-28,Mumbai,19.08,72.88,24,5,Summer,Convective,90,1001.3,26.9,27.0,30.3,26.9,3.4,13.4,7.5,11.5,13.0,13.1,19.1,13.5,0.40236966824644554,0.4535353535353533,1.9791469194312796,2.354265402843602,1.5333333333333334,3.294075829383886,2.1744075829383887,2.1470000000000002,4.8710900473933645
2025-05-29,Mumbai,19.08,72.88,24,5,Summer,Clear,86,999.8,28.5,28.7,31.0,28.9,1.9,2.1,0.7,5.6,16.9,14.4,20.5,17.8,0.4014184397163121,0.4499999999999998,1.9825059101654847,2.3678486997635932,1.537,3.2957446808510635,2.170449172576832,2.12970297029703,4.872813238770685
2025-05-30,Mumbai,19.08,72.88,24,5,Summer,Clear,78,1001.1,29.9,30.0,31.0,29.6,1.9,2.0,0.8,1.8,17.3,18.2,24.9,17.8,0.4014150943396227,0.44752475247524726,1.9827830188679247,2.3709905660377357,1.5564356435643563,3.2995283018867925,2.167452830188679,2.142156862745098,4.867688679245283
2025-05-31,Mumbai,19.08,72.88,24,5,Summer,Clear,80,1004.5,29.5,29.8,31.4,29.2,2.3,1.5,0.2,3.5,18.4,19.7,22.1,20.0,0.4011764705882353,0.44705882352941156,1.9814117647058824,2.365647058823529,1.5431372549019609,3.2941176470588234,2.163529411764706,2.125242718446602,4.872941176470588
2025-06-01,Mumbai,19.08,72.88,24,6,Monsoon,Monsoon,85,1005.0,27.7,28.5,30.4,27.3,6.9,3.9,6.5,11.1,18.4,21.0,23.0,19.1,0.40093896713615024,0.44854368932038813,1.9819248826291078,2.3629107981220656,1.5475728155339807,3.294131455399061,2.162206572769953,2.1076923076923078,4.866431924882629
2025-06-02,Mumbai,19.08,72.88,24,6,Monsoon,Monsoon,83,1003.9,28.1,29.5,30.3,27.8,2.6,3.5,1.6,8.8,19.2,19.4,24.0,19.9,0.40093676814988294,0.45576923076923054,1.984543325526932,2.3672131147540982,1.6019230769230768,3.2971896955503515,2.158782201405152,2.105714285714286,4.864168618266979
2025-06-03,Mumbai,19.08,72.88,24,6,Monsoon,Monsoon,84,1004.3,28.0,28.9,30.5,27.4,5.4,4.9,1.5,12.8,19.9,16.3,22.9,20.9,0.4007009345794392,0.46761904761904743,1.9857476635514018,2.3761682242990654,1.6371428571428572,3.3063084112149532,2.1553738317757007,2.090566037735849,4.862383177570093
2025-06-04,Mumbai,19.08,72.88,24,6,Monsoon,Clear,85,1005.5,27.0,27.7,30.6,27.0,5.7,10.8,1.0,4.5,12.2,14.3,20.2,14.6,0.4011655011655012,0.4773584905660376,1.9883449883449884,2.387878787878788,1.6962264150943398,3.3249417249417252,2.152680652680653,2.114018691588785,4.855710955710956
2025-06-05,Mumbai,19.08,72.88,24,6,Monsoon,Clear,83,1007.5,28.1,28.2,31.3,27.8,2.7,2.6,3.1,1.6,10.0,9.4,18.2,10.0,0.40023255813953496,0.47943925233644835,1.992093023255814,2.3851162790697673,1.7392523364485981,3.3253488372093027,2.1532558139534883,2.0972222222222223,4.857441860465116
2025-06-06,Mumbai,19.08,72.88,24,6,Monsoon,Clear,83,1008.3,28.2,28.0,31.4,28.3,3.7,4.3,2.3,4.7,10.9,11.5,15.9,10.0,0.4,0.47870370370370346,1.9955916473317865,2.382134570765661,1.7324074074074074,3.3211136890951276,2.148259860788863,2.0834862385321102,4.865197215777262
2025-06-07,Mumbai,19.08,72.88,24,6,Monsoon,Monsoon,86,1008.5,27.7,28.0,31.2,27.7,20.3,19.2,0.0,8.1,9.5,9.0,18.1,10.1,0.3993055555555556,0.477064220183486,1.9981481481481482,2.378935185185185,1.7201834862385321,3.3189814814814813,2.14537037037037,2.078181818181818,4.867592592592593
2025-06-08,Mumbai,19.08,72.88,24,6,Monsoon,Clear,82,1007.8,28.4,28.7,30.9,28.4,2.7,3.9,0.7,4.4,12.8,15.1,21.0,14.0,0.39838337182448036,0.47545454545454524,2.00161662817552,2.40161662817552,1.8054545454545454,3.330023094688222,2.141801385681293,2.0693693693693693,4.8748267898383375
2025-06-09,Mumbai,19.08,72.88,24,6,Monsoon,Clear,77,1006.8,29.3,29.5,30.8,29.0,1.1,4.2,0.2,2.0,14.8,15.9,23.5,18.8,0.39746543778801846,0.4738738738738737,2.0027649769585256,2.4,1.7936936936936936,3.330875576036866,2.13963133640553,2.060714285714286,4.879723502304148
2025-06-10,Mumbai,19.08,72.88,24,6,Monsoon,Clear,80,1004.8,29.2,29.4,31.1,28.8,1.0,1.2,0.0,0.8,13.9,14.5,22.4,17.5,0.39724137931034487,0.47410714285714267,2.0022988505747126,2.396551724137931,1.7973214285714287,3.3273563218390807,2.1439080459770117,2.068141592920354,4.879310344827586
2025-06-11,Mumbai,19.08,72.88,24,6,Monsoon,Clear,77,1003.2,29.8,29.9,31.2,29.7,0.3,0.7,0.1,0.8,14.0,16.8,25.2,17.1,0.3972477064220184,0.47522123893805285,2.0029816513761465,2.39151376146789,1.7849557522123893,3.321559633027523,2.1472477064220183,2.076315789473684,4.879357798165138
2025-06-12,Mumbai,19.08,72.88,24,6,Monsoon,Clear,78,1001.3,30.0,30.1,31.3,30.0,3.5,7.9,2.1,2.8,16.8,19.8,28.5,23.7,0.39656750572082383,0.47280701754385945,2.0018306636155607,2.3871853546910757,1.7701754385964914,3.3155606407322655,2.1494279176201374,2.0608695652173914,4.886727688787185
2025-06-13,Mumbai,19.08,72.88,24,6,Monsoon,Monsoon,86,1000.6,27.8,28.4,29.9,28.3,31.7,19.0,24.1,29.6,11.5,14.7,25.5,19.9,0.39566210045662104,0.4695652173913041,2.0002283105022833,2.3833333333333337,1.7991304347826087,3.30958904109589,2.16027397260274,2.0767241379310346,4.886529680365297
2025-06-14,Mumbai,19.08,72.88,24,6,Monsoon,Storm,90,999.3,27.8,28.3,30.9,27.5,72.7,40.0,6.1,58.0,9.1,13.0,17.5,13.1,0.39589977220956724,0.4663793103448274,1.9993166287015947,2.3826879271070616,1.875,3.3145785876993163,2.174487471526196,2.1034188034188035,4.888154897494306
2025-06-15,Mumbai,19.08,72.88,24,6,Monsoon,Storm,93,996.8,27.2,27.1,29.2,26.7,35.5,52.7,16.1,55.5,13.4,10.5,23.8,15.3,0.39568181818181825,0.46923076923076906,2.0025,2.410681818181818,2.0128205128205128,3.425,2.1786363636363637,2.0864406779661016,4.887045454545455
2025-06-16,Mumbai,19.08,72.88,24,6,Monsoon,Storm,92,997.7,26.2,26.5,27.7,26.2,101.4,108.0,66.2,100.9,23.6,28.8,43.6,28.8,0.3959183673469388,0.46864406779660994,2.0036281179138324,2.4505668934240363,2.019491525423729,3.506575963718821,2.1780045351473922,2.1092436974789917,4.895238095238096
2025-06-17,Mumbai,19.08,72.88,24,6,Monsoon,Monsoon,85,1000.7,27.9,28.1,29.6,27.5,10.6,19.1,13.7,17.5,27.3,28.5,34.9,25.0,0.3950226244343892,0.46722689075630236,2.0024886877828054,2.4461538461538463,2.0621848739495796,3.577149321266968,2.1848416289592762,2.091666666666667,4.917647058823529
2025-06-18,Mumbai,19.08,72.88,24,6,Monsoon,Storm,89,1001.6,26.8,27.2,29.0,27.0,84.1,48.3,52.8,86.1,24.1,26.7,34.9,26.4,0.39503386004514673,0.4683333333333331,2.002708803611738,2.4562076749435664,2.058333333333333,3.5776523702031606,2.18510158013544,2.103305785123967,4.928893905191874
2025-06-19,Mumbai,19.08,72.88,24,6,Monsoon,Storm,91,1002.5,26.9,26.6,28.3,26.4,79.7,91.9,64.7,65.8,22.4,27.8,35.5,23.7,0.3945945945945946,0.46611570247933864,2.002702702702703,2.45518018018018,2.353719008264463,3.6445945945945946,2.1853603603603604,2.0885245901639347,4.936936936936937
2025-06-20,Mumbai,19.08,72.88,24,6,Monsoon,Monsoon,84,1003.9,26.8,27.6,30.1,27.6,13.0,12.2,9.6,11.3,22.1,20.4,28.9,20.5,0.39483146067415736,0.46393442622950803,2.0024719101123596,2.4808988764044946,2.5483606557377048,3.6388764044943818,2.183370786516854,2.1048780487804875,4.952359550561798
2025-06-21,Mumbai,19.08,72.88,24,6,Monsoon,Monsoon,85,1004.3,27.5,27.8,30.2,27.6,14.4,10.9,9.4,10.0,24.4,24.3,29.0,20.4,0.3957399103139013,0.4601626016260161,2.0035874439461883,2.47914798206278,2.534959349593496,3.6345291479820627,2.1820627802690584,2.088709677419355,4.960089686098654
2025-06-22,Mumbai,19.08,72.88,24,6,Monsoon,Monsoon,84,1003.4,27.6,28.0,29.5,27.5,15.1,8.8,25.8,15.8,21.5,21.9,28.8,23.1,0.3950782997762864,0.4580645161290321,2.0049217002237136,2.4834451901565995,2.521774193548387,3.6277404921700223,2.186129753914989,2.1031999999999997,4.968232662192394
2025-06-23,Mumbai,19.08,72.88,24,6,Monsoon,Storm,87,1001.9,27.1,27.0,29.1,26.8,35.0,24.7,23.8,51.2,19.9,24.9,33.0,24.8,0.39441964285714287,0.45839999999999986,2.0049107142857143,2.4794642857142857,2.5576,3.6419642857142853,2.1848214285714285,2.096031746031746,4.969866071428571
2025-06-24,Mumbai,19.08,72.88,24,6,Monsoon,Monsoon,87,1000.9,26.6,27.3,28.2,27.0,56.8,61.1,42.9,26.7,19.2,23.6,28.7,24.0,0.3942093541202673,0.45634920634920617,2.005567928730512,2.510022271714922,2.7476190476190476,3.694877505567929,2.19086859688196,2.0803149606299214,4.977060133630289
2025-06-25,Mumbai,19.08,72.88,24,6,Monsoon,Monsoon,82,1000.4,28.4,28.1,29.0,28.1,8.4,11.0,13.3,10.0,22.5,24.8,28.4,24.1,0.39422222222222225,0.45511811023622034,2.0037777777777777,2.571333333333333,2.9968503937007878,3.7226666666666666,2.1966666666666668,2.0671875,4.976444444444445
2025-06-26,Mumbai,19.08,72.88,24,6,Monsoon,Monsoon,89,1000.8,26.7,27.4,28.5,26.7,19.5,17.7,26.3,25.0,17.3,21.5,25.5,18.1,0.39401330376940136,0.45156249999999987,2.001330376940133,2.569179600886918,2.98125,3.721729490022173,2.1953436807095343,2.0565891472868216,4.974944567627494
2025-06-27,Mumbai,19.08,72.88,24,6,Monsoon,Monsoon,83,1001.5,27.3,27.4,28.7,27.2,16.6,13.5,41.1,13.9,19.1,24.2,33.9,22.4,0.393141592920354,0.4534883720930231,2.000884955752212,2.575663716814159,3.014728682170543,3.716371681415929,2.1922566371681413,2.066923076923077,4.980309734513274
2025-06-28,Mumbai,19.08,72.88,24,6,Monsoon,Monsoon,81,1002.9,27.6,27.6,28.8,27.3,10.4,7.7,13.4,21.5,26.0,30.6,35.7,26.0,0.3924944812362031,0.45153846153846133,1.9997792494481235,2.5759381898454747,2.994615384615385,3.7682119205298013,2.194701986754967,2.064885496183206,4.994701986754967
2025-06-29,Mumbai,19.08,72.88,24,6,Monsoon,Monsoon,84,1003.1,27.0,27.7,28.9,27.3,20.2,17.1,20.5,18.1,20.0,22.4,31.5,22.0,0.3922907488986785,0.45038167938931284,1.9986784140969163,2.594713656387665,3.0770992366412218,3.7777533039647575,2.1898678414096917,2.0840909090909094,5.005066079295155
2025-06-30,Mumbai,19.08,72.88,24,6,Monsoon,Monsoon,84,1002.9,26.8,27.4,28.7,26.9,21.7,15.7,27.0,22.2,19.4,23.4,31.0,23.4,0.3920879120879121,0.44999999999999984,1.9978021978021978,2.5936263736263734,3.0613636363636365,3.7747252747252746,2.1894505494505494,2.0714285714285716,5.014945054945056
2025-07-01,Mumbai,19.08,72.88,24,7,Monsoon,Monsoon,86,1003.2,27.1,27.6,28.4,26.8,25.1,22.4,26.5,34.3,15.1,17.9,27.1,19.2,0.39144736842105265,0.4503759398496239,1.9973684210526315,2.589035087719298,3.087218045112782,3.7769736842105264,2.193421052631579,2.0559701492537314,5.0206140350877195
2025-07-02,Mumbai,19.08,72.88,24,7,Monsoon,Storm,88,1002.5,27.2,26.8,28.8,26.5,29.0,24.6,31.9,40.8,16.5,21.1,28.5,19.5,0.39124726477024074,0.4529850746268655,1.9964989059080962,2.6035010940919037,3.1529850746268657,3.7857768052516407,2.197592997811816,2.0503703703703704,5.02691466083151
2025-07-03,Mumbai,19.08,72.88,24,7,Monsoon,Monsoon,87,1002.6,26.7,26.7,28.9,26.4,24.8,25.2,25.0,26.3,20.9,22.4,31.4,22.6,0.39192139737991266,0.45185185185185167,1.9971615720524019,2.6235807860262006,3.2496296296296294,3.796943231441048,2.199344978165939,2.0470588235294116,5.035589519650656
2025-07-04,Mumbai,19.08,72.88,24,7,Monsoon,Monsoon,85,1003.5,26.8,26.8,28.6,26.7,15.5,17.2,26.2,20.2,20.4,24.5,30.4,21.7,0.3917211328976035,0.45073529411764696,1.998257080610022,2.6211328976034856,3.2338235294117648,3.791503267973856,2.1982570806100217,2.0335766423357664,5.0437908496732025
2025-07-05,Mumbai,19.08,72.88,24,7,Monsoon,Monsoon,86,1003.2,26.7,26.7,27.7,26.6,30.2,33.0,39.2,37.9,20.3,23.9,29.1,23.4,0.39108695652173914,0.44817518248175164,1.9980434782608696,2.625652173913043,3.232116788321168,3.7963043478260867,2.196304347826087,2.039130434782609,5.051739130434783
2025-07-06,Mumbai,19.08,72.88,24,7,Monsoon,Monsoon,87,1002.7,26.5,26.5,28.1,26.4,24.0,24.2,33.5,31.3,18.5,26.1,32.1,26.5,0.39045553145336226,0.44565217391304335,1.9960954446854664,2.6366594360086766,3.2442028985507245,3.7908893709327547,2.1982646420824294,2.0280575539568346,5.0531453362255965
2025-07-07,Mumbai,19.08,72.88,24,7,Monsoon,Monsoon,85,1003.1,26.9,27.0,28.8,27.0,14.7,24.4,18.3,7.6,17.1,20.8,32.3,22.8,0.38982683982683985,0.44316546762589915,1.9954545454545454,2.6467532467532466,3.2719424460431656,3.7874458874458874,2.210822510822511,2.0164285714285715,5.054329004329004
2025-07-08,Mumbai,19.08,72.88,24,7,Monsoon,Clear,83,1003.6,26.9,27.2,28.2,27.5,8.9,9.8,15.5,3.7,20.7,22.5,25.8,23.0,0.38920086393088554,0.43999999999999984,1.9950323974082074,2.656371490280778,3.3685714285714288,3.802375809935205,2.2183585313174943,2.016312056737589,5.063930885529158
2025-07-09,Mumbai,19.08,72.88,24,7,Monsoon,Monsoon,87,1004.1,25.9,26.9,29.0,26.7,12.6,12.3,6.4,15.4,14.5,16.0,24.8,18.9,0.3896551724137931,0.4390070921985814,1.9922413793103448,2.661853448275862,3.3879432624113472,3.819612068965517,2.218534482758621,2.0056338028169014,5.059051724137931
2025-07-10,Mumbai,19.08,72.88,24,7,Monsoon,Clear,85,1004.2,26.8,27.6,29.3,27.0,6.6,5.3,6.3,6.5,13.8,19.6,21.4,14.4,0.3905376344086022,0.4373239436619717,1.9929032258064516,2.662150537634409,3.3859154929577464,3.830752688172043,2.223225806451613,2.011888111888112,5.060860215053764
2025-07-11,Mumbai,19.08,72.88,24,7,Monsoon,Clear,86,1004.4,27.0,27.6,29.5,26.7,7.7,9.9,2.0,6.1,12.5,11.8,18.1,12.9,0.3901287553648069,0.43846153846153835,1.9935622317596566,2.6566523605150216,3.370629370629371,3.822961373390558,2.2197424892703865,2.034027777777778,5.065021459227468
2025-07-12,Mumbai,19.08,72.88,24,7,Monsoon,Clear,85,1005.0,27.2,27.8,29.4,27.1,7.1,6.9,2.0,4.9,18.2,19.1,19.4,17.0,0.38993576017130627,0.44166666666666654,1.995289079229122,2.6543897216274086,3.3736111111111113,3.8235546038543897,2.2158458244111348,2.027586206896552,5.065310492505353
2025-07-13,Mumbai,19.08,72.88,24,7,Monsoon,Monsoon,86,1004.7,26.9,27.2,29.6,26.7,11.0,9.9,3.3,14.7,17.4,19.1,23.7,15.7,0.3893162393162394,0.44344827586206886,1.995940170940171,2.6534188034188033,3.3641379310344828,3.8215811965811968,2.213675213675214,2.0280821917808223,5.059615384615385
2025-07-14,Mumbai,19.08,72.88,24,7,Monsoon,Storm,90,1003.2,25.9,26.5,29.2,26.1,45.8,33.5,3.7,51.0,21.1,21.4,25.5,21.7,0.38891257995735606,0.44383561643835606,1.9978678038379531,2.6556503198294243,3.3739726027397263,3.8377398720682305,2.212579957356077,2.0374149659863945,5.06588486140725
2025-07-15,Mumbai,19.08,72.88,24,7,Monsoon,Monsoon,87,1002.8,26.5,26.9,29.2,26.5,26.7,31.2,9.8,15.8,12.1,15.6,20.5,14.8,0.3885106382978724,0.4435374149659863,2.0002127659574467,2.661063829787234,3.4700680272108846,3.930212765957447,2.209148936170213,2.025675675675676,5.063191489361702
2025-07-16,Mumbai,19.08,72.88,24,7,Monsoon,Monsoon,85,1003.1,27.5,28.0,29.7,27.3,4.9,5.6,2.4,7.9,16.2,17.8,18.4,16.0,0.38768577494692147,0.4432432432432431,2.0016985138004246,2.678556263269639,3.550675675675676,3.934607218683652,2.210191082802548,2.0174496644295306,5.064543524416136
2025-07-17,Mumbai,19.08,72.88,24,7,Monsoon,Clear,85,1003.8,27.5,28.2,29.9,27.4,4.2,3.9,1.8,4.1,12.1,11.7,15.8,11.2,0.38728813559322034,0.44496644295302,2.002542372881356,2.679237288135593,3.5422818791946304,3.9379237288135593,2.2059322033898305,2.016,5.058898305084746
2025-07-18,Mumbai,19.08,72.88,24,7,Monsoon,Clear,83,1004.1,27.6,28.3,29.7,27.6,2.3,3.3,1.2,2.7,13.1,14.2,16.9,12.1,0.38668076109936583,0.4473333333333332,2.0035940803382664,2.6737843551797043,3.52,3.93446088794926,2.2031712473572935,2.0059602649006623,5.057928118393235
2025-07-19,Mumbai,19.08,72.88,24,7,Monsoon,Clear,85,1002.0,27.0,27.8,30.0,27.0,6.7,5.3,0.8,6.3,14.3,14.6,20.4,13.3,0.3858649789029537,0.44900662251655615,2.0037974683544304,2.668987341772152,3.5006622516556294,3.929324894514768,2.200632911392405,2.0065789473684212,5.057383966244726
2025-07-20,Mumbai,19.08,72.88,24,7,Monsoon,Monsoon,88,1001.3,26.5,27.2,29.3,26.3,14.8,11.5,5.1,12.3,13.0,14.5,21.1,14.3,0.3850526315789474,0.45131578947368406,2.005894736842105,2.6642105263157894,3.4842105263157896,3.9326315789473685,2.1981052631578946,2.0019607843137255,5.061684210526316
2025-07-21,Mumbai,19.08,72.88,24,7,Monsoon,Monsoon,89,1002.5,25.9,26.3,28.8,26.4,51.9,33.3,4.9,17.7,10.7,13.8,19.4,12.9,0.3846638655462185,0.4542483660130717,2.007983193277311,2.6638655462184873,3.4666666666666663,3.939495798319328,2.196218487394958,1.9902597402597402,5.065336134453782
2025-07-22,Mumbai,19.08,72.88,24,7,Monsoon,Monsoon,88,1003.2,26.4,26.3,29.3,26.5,20.6,25.5,4.2,18.4,11.4,14.2,18.2,14.7,0.3849056603773585,0.4519480519480518,2.008805031446541,2.729979035639413,3.5454545454545454,3.958071278825996,2.1962264150943396,1.983225806451613,5.068343815513627
2025-07-23,Mumbai,19.08,72.88,24,7,Monsoon,Monsoon,87,1002.0,26.2,26.1,27.9,26.3,37.7,41.6,25.2,18.6,12.5,17.5,23.6,17.3,0.38430962343096237,0.4503225806451612,2.010460251046025,2.7288702928870294,3.5683870967741935,3.9794979079497907,2.1985355648535565,1.973717948717949,5.065062761506276
2025-07-24,Mumbai,19.08,72.88,24,7,Monsoon,Monsoon,87,1000.7,26.3,26.5,27.7,26.1,19.2,15.6,37.8,14.9,16.3,19.6,23.8,19.8,0.38371607515657624,0.4487179487179485,2.0096033402922755,2.7630480167014615,3.692948717948718,3.9849686847599166,2.2039665970772444,1.9624203821656052,5.067640918580376
2025-07-25,Mumbai,19.08,72.88,24,7,Monsoon,Storm,89,1000.2,25.9,26.5,26.8,26.3,24.0,32.2,51.4,40.3,15.5,20.3,25.0,20.5,0.3833333333333334,0.44840764331210176,2.00875,2.76625,3.673885350318471,4.024375,2.2066666666666666,1.95126582278481,5.065416666666667
2025-07-26,Mumbai,19.08,72.88,24,7,Monsoon,Monsoon,86,1001.3,26.3,26.5,27.0,26.4,20.7,23.0,41.9,17.4,20.3,23.6,31.8,22.4,0.38336798336798344,0.44683544303797446,2.0056133056133056,2.794386694386694,3.701898734177215,4.039085239085239,2.2124740124740128,1.940251572327044,5.064241164241165
2025-07-27,Mumbai,19.08,72.88,24,7,Monsoon,Monsoon,83,1002.5,26.8,26.7,28.0,26.8,16.6,18.3,7.4,10.5,24.6,29.2,37.3,28.2,0.38278008298755195,0.4446540880503143,2.0026970954356846,2.795435684647303,3.7138364779874213,4.081535269709543,2.2122406639004146,1.935625,5.073236514522822
2025-07-28,Mumbai,19.08,72.88,24,7,Monsoon,Monsoon,82,1003.8,26.5,26.6,28.3,26.7,9.1,12.3,5.0,8.8,21.9,26.9,32.9,25.0,0.3819875776397516,0.4424999999999999,2.0010351966873707,2.8022774327122155,3.739375,4.079503105590062,2.215113871635611,1.9298136645962731,5.081573498964803
2025-07-29,Mumbai,19.08,72.88,24,7,Monsoon,Monsoon,84,1004.3,26.8,26.4,27.7,26.5,9.4,13.9,11.7,8.6,23.0,25.8,34.3,26.4,0.3816115702479339,0.4403726708074533,2.000206611570248,2.797107438016529,3.737888198757764,4.078925619834711,2.2169421487603307,1.9296296296296298,5.087396694214877
2025-07-30,Mumbai,19.08,72.88,24,7,Monsoon,Monsoon,87,1003.9,26.6,26.8,28.3,26.5,6.0,12.4,2.8,7.8,21.5,24.7,30.1,24.6,0.3814432989690722,0.43827160493827144,1.9985567010309278,2.792989690721649,3.747530864197531,4.076907216494845,2.2193814432989694,1.9214723926380368,5.093195876288659
2025-07-31,Mumbai,19.08,72.88,24,7,Monsoon,Clear,85,1004.4,27.1,27.1,29.0,26.8,5.8,6.2,2.1,3.9,22.2,24.2,29.1,21.3,0.38086419753086426,0.4374233128834355,1.9981481481481482,2.790946502057613,3.7527607361963193,4.07880658436214,2.22119341563786,1.9103658536585366,5.094032921810699
2025-08-01,Mumbai,19.08,72.88,24,8,Monsoon,Clear,83,1005.2,27.0,27.2,29.4,27.0,5.2,5.2,1.7,4.1,15.8,18.4,23.6,18.5,0.38069815195071877,0.4365853658536584,1.9985626283367555,2.78911704312115,3.7439024390243905,4.074127310061601,2.218480492813142,1.9163636363636363,5.09958932238193
2025-08-02,Mumbai,19.08,72.88,24,8,Monsoon,Monsoon,86,1005.4,26.5,27.0,29.5,26.5,6.7,6.4,2.5,8.7,13.4,14.8,17.4,15.3,0.3799180327868853,0.43515151515151507,1.9993852459016392,2.7856557377049183,3.727878787878788,4.070696721311475,2.2194672131147537,1.905421686746988,5.099590163934426
2025-08-03,Mumbai,19.08,72.88,24,8,Monsoon,Clear,86,1006.2,26.5,27.0,29.1,26.5,2.8,4.3,0.1,4.0,12.8,13.6,19.6,12.3,0.3791411042944786,0.4355421686746987,2.001431492842536,2.7840490797546016,3.719277108433735,4.075051124744377,2.2188139059304706,1.8970059880239523,5.093456032719836
2025-08-04,Mumbai,19.08,72.88,24,8,Monsoon,Clear,85,1007.3,27.0,27.5,29.2,26.9,2.1,3.5,0.1,3.5,13.0,14.2,18.6,13.0,0.3783673469387756,0.43592814371257477,2.0026530612244895,2.780816326530612,3.698802395209581,4.07469387755102,2.2153061224489794,1.893452380952381,5.09795918367347
2025-08-05,Mumbai,19.08,72.88,24,8,Monsoon,Clear,84,1006.8,27.2,27.8,29.5,27.0,1.6,2.7,0.1,4.3,12.0,12.6,17.9,13.9,0.3778004073319756,0.4369047619047618,2.0032586558044807,2.7780040733197557,3.6767857142857148,4.0733197556008145,2.2107942973523422,1.8893491124260355,5.098981670061099
2025-08-06,Mumbai,19.08,72.88,24,8,Monsoon,Clear,84,1006.4,27.6,27.9,29.7,27.2,1.4,2.8,0.3,1.2,11.6,12.2,19.8,14.3,0.37743902439024396,0.4390532544378697,2.004268292682927,2.7778455284552845,3.664497041420118,4.073577235772357,2.2101626016260165,1.8858823529411766,5.096747967479675
2025-08-07,Mumbai,19.08,72.88,24,8,Monsoon,Clear,87,1006.2,27.3,27.2,29.7,26.9,1.9,3.2,0.0,3.2,10.3,11.0,19.1,11.6,0.3774847870182556,0.4405882352941175,2.0052738336713998,2.7726166328600406,3.6523529411764706,4.0671399594320485,2.211156186612576,1.8871345029239766,5.097565922920892
2025-08-08,Mumbai,19.08,72.88,24,8,Monsoon,Clear,86,1006.9,26.6,27.1,29.5,26.8,12.2,14.0,1.2,2.9,5.5,4.7,16.6,8.3,0.3775303643724697,0.43976608187134486,2.006882591093117,2.7696356275303646,3.6309941520467834,4.065384615384615,2.2093117408906884,1.8796511627906978,5.102429149797571
2025-08-09,Mumbai,19.08,72.88,24,8,Monsoon,Clear,86,1008.3,26.5,27.2,29.4,26.7,3.4,6.0,0.7,1.6,9.6,10.5,17.7,9.6,0.3771717171717172,0.43895348837209286,2.0082828282828284,2.782828282828283,3.6744186046511627,4.0606060606060606,2.2105050505050508,1.8895953757225432,5.108888888888889
2025-08-10,Mumbai,19.08,72.88,24,8,Monsoon,Clear,86,1007.6,26.3,26.8,29.2,26.5,7.2,6.2,2.0,3.2,12.1,9.7,18.9,12.7,0.37681451612903233,0.4393063583815027,2.009677419354839,2.7808467741935483,3.6786127167630056,4.054233870967742,2.206048387096774,1.8839080459770117,5.11491935483871
2025-08-11,Mumbai,19.08,72.88,24,8,Monsoon,Clear,84,1007.4,26.6,27.2,29.4,26.6,4.6,8.4,1.7,4.3,12.8,12.6,20.1,15.0,0.3764587525150906,0.4385057471264367,2.011066398390342,2.7832997987927564,3.674712643678161,4.048490945674044,2.2028169014084504,1.8902857142857143,5.117102615694165
2025-08-12,Mumbai,19.08,72.88,24,8,Monsoon,Clear,83,1006.1,26.8,27.1,29.2,26.6,5.5,7.9,2.1,5.0,13.0,16.2,20.2,15.9,0.37570281124497995,0.4394285714285713,2.0126506024096384,2.778313253012048,3.677142857142857,4.045582329317269,2.2028112449799195,1.893181818181818,5.11706827309237
2025-08-13,Mumbai,19.08,72.88,24,8,Monsoon,Monsoon,87,1004.1,25.9,26.5,28.7,26.1,15.0,16.5,3.9,15.4,8.9,10.7,18.9,11.9,0.37535070140280563,0.43977272727272715,2.0138276553106214,2.77374749498998,3.6727272727272724,4.043286573146292,2.2042084168336675,1.884180790960452,5.115430861723446
2025-08-14,Mumbai,19.08,72.88,24,8,Monsoon,Monsoon,89,1003.4,25.6,25.9,27.9,25.9,13.0,19.5,7.9,38.9,10.0,12.0,18.0,13.1,0.37500000000000006,0.43954802259886994,2.015,2.769,3.65819209039548,4.0582,2.2058,1.8803370786516853,5.1192
2025-08-15,Mumbai,19.08,72.88,24,8,Monsoon,Monsoon,89,1002.8,26.0,26.3,27.1,26.1,29.7,28.4,20.6,35.8,11.9,15.2,18.8,14.4,0.37485029940119763,0.43707865168539317,2.0149700598802394,2.815169660678643,3.746629213483146,4.111976047904191,2.2075848303393215,1.8759776536312849,5.1187624750499
2025-08-16,Mumbai,19.08,72.88,24,8,Monsoon,Monsoon,92,1001.6,25.3,26.0,25.7,25.4,46.5,44.9,15.8,34.2,9.6,14.7,13.9,14.2,0.3743027888446216,0.4357541899441339,2.012948207171315,2.8217131474103585,3.7670391061452513,4.134063745019921,2.208167330677291,1.87,5.117330677290837
2025-08-17,Mumbai,19.08,72.88,24,8,Monsoon,Monsoon,88,1000.3,25.9,26.0,26.2,26.2,21.5,35.2,29.2,16.3,14.9,20.8,25.3,20.1,0.3737574552683897,0.43666666666666654,2.009542743538767,2.8405566600397614,3.8055555555555554,4.162425447316103,2.2129224652087474,1.8624309392265195,5.107753479125249
2025-08-18,Mumbai,19.08,72.88,24,8,Monsoon,Storm,92,1002.6,25.5,25.4,26.0,25.4,97.2,75.5,73.1,127.0,19.8,25.0,26.9,23.6,0.3736111111111111,0.43535911602209937,2.0055555555555555,2.8452380952380953,3.8889502762430936,4.179761904761905,2.2188492063492062,1.8560439560439561,5.107936507936508
2025-08-19,Mumbai,19.08,72.88,24,8,Monsoon,Storm,91,1001.5,25.5,25.7,25.7,25.5,108.8,121.8,68.4,136.5,26.8,31.2,37.2,30.3,0.3730693069306931,0.43296703296703287,2.0027722772277228,2.8986138613861385,4.15054945054945,4.278217821782178,2.2219801980198017,1.853551912568306,5.104356435643564
2025-08-20,Mumbai,19.08,72.88,24,8,Monsoon,Storm,89,1002.7,25.6,25.9,26.5,25.6,64.7,71.6,37.4,61.5,24.4,31.2,33.2,27.4,0.37233201581027675,0.4316939890710381,1.999209486166008,2.947628458498024,4.2081967213114755,4.404347826086957,2.224505928853755,1.8483695652173915,5.1079051383399205
2025-08-21,Mumbai,19.08,72.88,24,8,Monsoon,Monsoon,85,1006.0,26.5,26.5,27.4,26.6,29.5,23.8,19.4,26.0,23.0,26.6,30.6,25.3,0.37159763313609473,0.43097826086956503,1.9970414201183433,2.9481262327416173,4.240217391304348,4.443195266272189,2.2260355029585797,1.8589189189189188,5.109270216962525
2025-08-22,Mumbai,19.08,72.88,24,8,Monsoon,Clear,81,1006.9,26.5,26.8,27.6,26.9,9.3,9.3,4.7,4.5,21.1,23.5,27.1,22.1,0.3710629921259843,0.4291891891891891,1.9946850393700786,2.949212598425197,4.229189189189189,4.44744094488189,2.226181102362205,1.8559139784946237,5.109645669291338
2025-08-23,Mumbai,19.08,72.88,24,8,Monsoon,Monsoon,81,1006.1,26.7,26.7,27.3,26.6,8.6,9.5,16.9,10.4,23.1,24.9,28.9,25.0,0.3711198428290767,0.4274193548387095,1.9921414538310414,2.9528487229862477,4.232258064516129,4.439096267190569,2.2237721021611003,1.853475935828877,5.10943025540275
2025-08-24,Mumbai,19.08,72.88,24,8,Monsoon,Clear,82,1006.7,26.4,27.1,27.3,26.7,8.8,8.1,13.1,6.7,22.9,26.6,31.5,24.1,0.3705882352941177,0.4256684491978608,1.9896078431372548,2.9505882352941177,4.214438502673797,4.443137254901961,2.223137254901961,1.8441489361702128,5.107058823529411
2025-08-25,Mumbai,19.08,72.88,24,8,Monsoon,Monsoon,87,1006.0,25.5,25.7,27.3,25.5,21.1,24.4,19.0,23.2,22.5,26.0,29.1,22.3,0.37045009784735816,0.42553191489361686,1.9868884540117415,2.9489236790606657,4.199468085106383,4.446966731898239,2.2211350293542074,1.8476190476190475,5.111545988258317
2025-08-26,Mumbai,19.08,72.88,24,8,Monsoon,Monsoon,85,1005.6,26.4,26.5,28.0,26.4,10.5,16.2,8.5,14.9,18.2,20.8,23.6,17.5,0.3697265625,0.4243386243386242,1.9865234375,2.947265625,4.1835978835978835,4.446484375,2.2171875,1.8573684210526316,5.11484375
2025-08-27,Mumbai,19.08,72.88,24,8,Monsoon,Monsoon,85,1004.5,26.8,26.7,28.4,26.5,6.8,10.6,4.8,7.6,13.4,15.6,17.5,12.6,0.3690058479532164,0.42263157894736825,1.9857699805068225,2.9500974658869397,4.168421052631579,4.450292397660819,2.2142300194931774,1.8649214659685864,5.116764132553606
2025-08-28,Mumbai,19.08,72.88,24,8,Monsoon,Monsoon,88,1003.6,26.5,26.7,27.3,26.5,16.9,15.9,21.1,16.3,10.8,11.9,16.2,11.4,0.3688715953307393,0.4214659685863873,1.985603112840467,2.9459143968871597,4.162303664921466,4.447081712062257,2.21147859922179,1.8708333333333333,5.116342412451362
2025-08-29,Mumbai,19.08,72.88,24,8,Monsoon,Monsoon,88,1003.5,26.0,26.1,26.6,26.4,21.7,25.9,12.6,7.5,8.7,9.8,16.0,12.2,0.36815533980582527,0.42031249999999987,1.9833009708737863,2.941359223300971,4.142708333333333,4.447766990291262,2.208349514563107,1.8637305699481865,5.115728155339806
2025-08-30,Mumbai,19.08,72.88,24,8,Monsoon,Clear,86,1005.4,26.5,26.3,27.4,26.5,1.9,8.1,11.1,2.8,13.0,14.7,19.5,12.0,0.36821705426356593,0.4196891191709843,1.9798449612403102,2.9631782945736433,4.216580310880829,4.4490310077519375,2.2108527131782947,1.8664948453608248,5.113178294573643
2025-08-31,Mumbai,19.08,72.88,24,8,Monsoon,Monsoon,86,1005.8,26.4,26.4,28.3,26.4,5.8,7.6,3.3,10.0,15.3,17.4,21.4,18.2,0.367504835589942,0.4185567010309276,1.9777562862669245,2.9591876208897485,4.222164948453608,4.456479690522244,2.2085106382978723,1.8707692307692307,5.117794970986461
2025-09-01,Mumbai,19.08,72.88,24,9,Monsoon,Clear,85,1004.3,26.6,26.5,27.7,26.4,10.5,14.8,14.2,6.7,20.4,21.3,26.7,21.1,0.36679536679536684,0.4164102564102562,1.9776061776061777,2.9615830115830115,4.212820512820513,4.460810810810811,2.2098455598455597,1.8653061224489798,5.114092664092664
2025-09-02,Mumbai,19.08,72.88,24,9,Monsoon,Clear,86,1004.0,26.6,26.8,28.0,26.6,8.4,8.3,7.9,5.7,14.2,17.4,22.7,15.4,0.3664739884393064,0.4147959183673468,1.976300578034682,2.963198458574181,4.2326530612244895,4.466666666666666,2.206936416184971,1.8568527918781725,5.115028901734104
2025-09-03,Mumbai,19.08,72.88,24,9,Monsoon,Clear,83,1004.3,27.0,27.2,28.1,26.8,6.9,5.6,3.5,4.8,15.0,15.5,23.1,16.2,0.3657692307692308,0.41370558375634503,1.9751923076923075,2.9626923076923077,4.224365482233503,4.462307692307692,2.2049999999999996,1.8575757575757577,5.119230769230769
2025-09-04,Mumbai,19.08,72.88,24,9,Monsoon,Monsoon,88,1004.7,25.7,25.9,27.5,25.6,9.7,10.1,2.6,17.2,10.8,14.4,19.1,12.4,0.36545105566218816,0.41363636363636347,1.9738963531669866,2.9610364683301342,4.207070707070707,4.456238003838771,2.203071017274472,1.8517587939698492,5.122648752399233
2025-09-05,Mumbai,19.08,72.88,24,9,Monsoon,Monsoon,89,1005.1,25.6,26.1,26.2,25.9,15.0,16.6,5.5,18.2,12.7,15.9,15.1,17.6,0.36494252873563227,0.41306532663316564,1.9737547892720306,2.9697318007662834,4.221608040201005,4.475670498084291,2.2019157088122605,1.8525,5.125670498084291
2025-09-06,Mumbai,19.08,72.88,24,9,Monsoon,Monsoon,87,1006.2,25.9,25.9,26.0,25.7,14.7,12.5,10.9,24.9,16.4,18.3,19.6,19.8,0.3648183556405354,0.4119999999999998,1.9705544933078392,2.970172084130019,4.2085,4.491395793499044,2.207074569789675,1.8517412935323383,5.1206500956022944
2025-09-07,Mumbai,19.08,72.88,24,9,Monsoon,Monsoon,84,1006.5,26.1,26.3,26.2,26.2,12.1,14.7,15.1,9.2,16.1,20.2,19.5,17.8,0.3645038167938932,0.41094527363184064,1.9673664122137406,2.9839694656488547,4.249253731343284,4.509541984732825,2.209351145038168,1.8499999999999999,5.111259541984733
2025-09-08,Mumbai,19.08,72.88,24,9,Monsoon,Clear,86,1006.4,26.0,26.2,27.4,26.1,3.8,5.4,1.9,5.5,15.0,16.8,21.6,17.1,0.36400000000000005,0.4094059405940592,1.9636190476190478,2.9838095238095237,4.255445544554456,4.512190476190477,2.2083809523809523,1.8527093596059114,5.104761904761904
2025-09-09,Mumbai,19.08,72.88,24,9,Monsoon,Clear,87,1008.0,26.6,26.7,28.0,26.4,0.7,0.3,0.1,0.7,10.1,11.8,14.0,10.4,0.3634980988593156,0.4078817733990146,1.9623574144486693,2.981368821292776,4.234975369458128,4.510456273764259,2.208174904942966,1.8450980392156862,5.10361216730038
2025-09-10,Mumbai,19.08,72.88,24,9,Monsoon,Clear,84,1008.7,26.8,27.2,28.7,26.7,0.3,0.2,0.0,0.3,10.5,11.6,14.5,11.9,0.36318785578747637,0.4073529411764704,1.9616698292220114,2.9757115749525616,4.216176470588235,4.50303605313093,2.2045540796963947,1.8429268292682928,5.100759013282732
2025-09-11,Mumbai,19.08,72.88,24,9,Monsoon,Clear,82,1008.5,26.9,27.2,29.3,26.6,1.1,1.1,0.0,1.5,11.2,11.1,17.3,11.5,0.362689393939394,0.4078048780487803,1.9617424242424242,2.9700757575757577,4.196097560975609,4.495075757575758,2.203030303030303,1.8354368932038836,5.096022727272727
2025-09-12,Mumbai,19.08,72.88,24,9,Monsoon,Clear,82,1008.4,26.9,26.8,29.1,26.9,2.3,2.4,0.4,1.2,9.8,7.5,16.4,12.9,0.3625708884688091,0.4087378640776697,1.9631379962192816,2.9652173913043476,4.177669902912622,4.489413988657845,2.1994328922495274,1.828502415458937,5.097353497164462
2025-09-13,Mumbai,19.08,72.88,24,9,Monsoon,Monsoon,88,1007.9,26.6,26.5,28.5,26.5,8.0,4.3,0.0,12.7,8.9,9.2,14.3,14.6,0.36188679245283023,0.407246376811594,1.9635849056603774,2.961698113207547,4.16328502415459,4.482452830188679,2.201132075471698,1.845673076923077,5.09433962264151
2025-09-14,Mumbai,19.08,72.88,24,9,Monsoon,Monsoon,87,1007.6,26.3,26.3,27.5,26.5,20.4,24.7,9.2,12.2,13.5,12.7,20.3,15.6,0.3613935969868174,0.4052884615384613,1.963653483992467,2.9649717514124294,4.183653846153846,4.497928436911488,2.2077212806026365,1.8626794258373207,5.0853107344632775
2025-09-15,Mumbai,19.08,72.88,24,9,Monsoon,Storm,90,1007.0,26.0,25.7,26.3,25.9,48.6,49.2,38.4,65.5,11.7,15.3,17.3,16.2,0.3610902255639098,0.40430622009569356,1.961842105263158,2.9748120300751877,4.2234449760765544,4.495112781954887,2.207518796992481,1.8676190476190475,5.084586466165414
2025-09-16,Mumbai,19.08,72.88,24,9,Monsoon,Clear,90,1006.8,26.2,25.9,27.4,26.1,6.9,16.5,6.1,5.2,7.2,6.1,12.7,11.8,0.3606003752345216,0.40333333333333315,1.9589118198874296,3.00093808630394,4.280952380952381,4.537523452157599,2.2118198874296437,1.8630331753554503,5.077110694183864
2025-09-17,Mumbai,19.08,72.88,24,9,Monsoon,Monsoon,90,1006.7,26.4,26.5,27.8,26.3,12.6,12.7,2.3,25.7,8.7,7.3,13.3,9.9,0.3601123595505618,0.4023696682464453,1.957677902621723,2.998501872659176,4.314218009478672,4.530711610486891,2.216292134831461,1.8811320754716983,5.069288389513108
2025-09-18,Mumbai,19.08,72.88,24,9,Monsoon,Monsoon,90,1006.5,26.1,26.6,28.3,26.1,14.2,13.9,5.5,10.4,8.0,5.8,14.2,9.8,0.3596261682242991,0.40141509433962247,1.9568224299065422,3.0173831775700934,4.355188679245283,4.5659813084112155,2.214392523364486,1.884507042253521,5.066168224299066
2025-09-19,Mumbai,19.08,72.88,24,9,Monsoon,Monsoon,90,1007.5,26.0,26.4,28.0,26.1,22.9,15.1,9.8,8.2,11.3,11.7,16.1,11.7,0.3589552238805971,0.4018779342723003,1.9572761194029848,3.0188432835820893,4.351173708920188,4.56660447761194,2.2136194029850746,1.8943925233644858,5.0649253731343284
2025-09-20,Mumbai,19.08,72.88,24,9,Monsoon,Monsoon,88,1007.7,26.5,26.5,27.5,26.4,11.8,19.2,13.5,12.3,12.3,11.4,17.5,11.3,0.35847299813780265,0.4014018691588783,1.957169459962756,3.0405959031657357,4.363084112149532,4.561080074487896,2.21024208566108,1.8855813953488372,5.063687150837988
2025-09-21,Mumbai,19.08,72.88,24,9,Monsoon,Monsoon,90,1007.3,26.3,26.6,27.6,26.2,15.8,13.2,9.5,15.7,10.9,12.6,17.7,13.5,0.3579925650557621,0.3999999999999998,1.9555762081784385,3.0358736059479554,4.3748837209302325,4.554832713754647,2.207992565055762,1.8773148148148149,5.065799256505576
2025-09-22,Mumbai,19.08,72.88,24,9,Monsoon,Monsoon,90,1008.1,25.6,25.9,26.9,25.8,19.3,24.7,20.6,17.0,9.3,12.9,18.6,12.7,0.35751391465677185,0.39999999999999986,1.9545454545454546,3.030426716141002,4.366203703703704,4.557884972170686,2.2087198515769946,1.872811059907834,5.064192949907236
2025-09-23,Mumbai,19.08,72.88,24,9,Monsoon,Monsoon,86,1008.5,26.1,26.3,26.3,26.3,19.6,18.9,6.6,10.7,10.6,8.7,17.2,16.4,0.3572222222222223,0.39861751152073716,1.9529629629629628,3.029074074074074,4.381566820276498,4.556111111111112,2.210925925925926,1.8651376146788992,5.065740740740741
2025-09-24,Mumbai,19.08,72.88,24,9,Monsoon,Clear,82,1007.0,26.8,26.9,27.8,26.8,1.4,1.6,0.6,2.5,10.6,7.6,17.5,11.7,0.35693160813308694,0.39678899082568786,1.9493530499075784,3.0399260628465803,4.39908256880734,4.555268022181147,2.2175600739371535,1.8917808219178083,5.057855822550832
2025-09-25,Mumbai,19.08,72.88,24,9,Monsoon,Clear,85,1006.3,26.3,26.9,27.6,26.2,2.5,2.4,4.8,3.1,10.2,10.1,16.8,10.2,0.35627306273062737,0.39543378995433776,1.94760147601476,3.036346863468635,4.38310502283105,4.5503690036900375,2.2154981549815496,1.9018181818181816,5.059225092250922
2025-09-26,Mumbai,19.08,72.88,24,9,Monsoon,Clear,86,1006.3,26.3,26.9,28.1,26.6,4.9,3.1,2.8,3.0,6.6,6.9,11.9,12.7,0.3558011049723757,0.3968181818181816,1.9465930018416207,3.0318600368324122,4.366363636363636,4.5451197053407,2.211418047882136,1.8936651583710407,5.062062615101289
2025-09-27,Mumbai,19.08,72.88,24,9,Monsoon,Monsoon,86,1006.3,25.7,26.0,27.6,26.2,5.9,14.1,25.0,14.1,13.0,16.9,21.1,14.9,0.3556985294117648,0.3963800904977373,1.9457720588235294,3.029779411764706,4.347058823529411,4.5371323529411764,2.2185661764705884,1.9112612612612614,5.054227941176471
2025-09-28,Mumbai,19.08,72.88,24,9,Monsoon,Storm,90,1002.8,25.3,25.6,24.6,25.8,128.1,120.5,72.0,125.7,19.6,26.8,35.9,31.7,0.35596330275229365,0.3954954954954953,1.944770642201835,3.039266055045872,4.327477477477477,4.548807339449541,2.217981651376147,1.911659192825112,5.0563302752293575
2025-09-29,Mumbai,19.08,72.88,24,9,Monsoon,Monsoon,79,1003.2,26.1,25.8,26.3,26.5,13.5,22.1,7.9,15.8,19.6,23.6,31.3,26.5,0.3562271062271063,0.3946188340807173,1.9434065934065932,3.038095238095238,4.331390134529148,4.638827838827839,2.236080586080586,1.925,5.054761904761905
2025-09-30,Mumbai,19.08,72.88,24,9,Monsoon,Monsoon,85,1004.3,25.8,25.8,27.0,25.5,9.4,6.2,11.8,11.2,17.9,20.6,25.4,20.8,0.35630712979890317,0.39598214285714267,1.940219378427788,3.036745886654479,4.340178571428571,4.644789762340036,2.2446069469835463,1.9293333333333333,5.054296160877513
2025-02-19,Delhi,28.61,77.21,24,2,Winter,Clear,51,987.8,20.6,20.4,23.0,20.6,0.0,0.0,0.0,1.0,8.6,7.4,15.0,8.5,0.27376543209876536,0.09999999999999787,3.72716049382716,1.9651234567901237,0.0,2.1592592592592594,1.887037037037037,0.9000000000000004,3.156172839506173
2025-02-20,Delhi,28.61,77.21,24,2,Winter,Convective,69,988.6,19.3,20.3,21.5,19.0,5.7,3.6,3.1,7.1,17.1,19.2,22.7,16.6,0.2729230769230768,0.15000000000000036,3.723076923076923,1.9621538461538464,0.5,2.155692307692308,1.8815384615384616,0.9666666666666668,3.166461538461539
2025-02-21,Delhi,28.61,77.21,24,2,Winter,Clear,71,991.5,19.1,19.8,21.3,19.0,2.7,1.6,0.0,0.4,11.3,12.0,9.8,11.2,0.2730061349693251,0.5333333333333338,3.7193251533742333,1.9604294478527609,1.5,2.161349693251534,1.8773006134969326,1.3749999999999996,3.175460122699387
2025-02-22,Delhi,28.61,77.21,24,2,Winter,Clear,66,991.3,18.4,18.7,20.6,18.3,0.0,0.0,0.0,0.0,11.4,10.6,15.3,11.9,0.2724770642201834,0.6000000000000005,3.714984709480122,1.9614678899082567,1.4249999999999998,2.1559633027522938,1.8718654434250765,1.2599999999999998,3.170030581039756
2025-02-23,Delhi,28.61,77.21,24,2,Winter,Clear,62,992.2,19.1,19.4,21.4,18.9,0.0,0.0,0.0,0.0,9.1,8.0,9.4,9.1,0.27195121951219503,0.5600000000000002,3.710670731707317,1.9554878048780486,1.14,2.149390243902439,1.8676829268292683,1.2666666666666666,3.1707317073170733
2025-02-24,Delhi,28.61,77.21,24,2,Winter,Clear,57,993.1,19.8,20.0,22.0,20.1,0.0,0.0,0.0,0.0,9.4,7.9,11.9,10.3,0.2717325227963525,0.5500000000000002,3.7069908814589665,1.9495440729483282,0.9499999999999998,2.142857142857143,1.8620060790273556,1.2428571428571427,3.1620060790273556
2025-02-25,Delhi,28.61,77.21,24,2,Winter,Clear,54,993.2,20.9,21.1,23.1,21.4,0.0,0.0,0.0,0.0,5.6,6.1,8.2,7.4,0.27181818181818174,0.48571428571428604,3.7015151515151516,1.9436363636363636,0.8142857142857142,2.1363636363636362,1.8590909090909091,1.3875,3.1572727272727277
2025-02-26,Delhi,28.61,77.21,24,2,Winter,Clear,55,993.0,22.9,23.6,25.3,23.7,0.0,0.1,0.0,0.0,8.0,8.1,12.1,8.9,0.27250755287009054,0.4624999999999999,3.6954682779456194,1.937764350453172,0.7124999999999999,2.1299093655589125,1.8589123867069486,1.3777777777777778,3.150151057401813
2025-02-27,Delhi,28.61,77.21,24,2,Winter,Clear,70,990.3,21.8,21.8,24.2,21.1,0.9,0.7,0.0,1.0,13.2,14.1,13.0,17.1,0.2740963855421686,0.4222222222222219,3.689156626506024,1.9319277108433734,0.6444444444444444,2.1234939759036147,1.8560240963855423,1.32,3.1503012048192773
2025-02-28,Delhi,28.61,77.21,24,2,Winter,Clear,73,987.0,20.6,21.1,23.3,20.0,1.1,2.5,1.5,3.3,14.4,13.8,24.2,12.9,0.2753753753753753,0.4499999999999996,3.6873873873873877,1.9264264264264264,0.61,2.12012012012012,1.8621621621621622,1.4727272727272729,3.1531531531531534
2025-03-01,Delhi,28.61,77.21,24,3,Summer,Convective,81,988.1,20.3,20.9,21.3,19.5,6.0,6.2,3.7,7.7,18.4,13.7,13.4,15.8,0.27634730538922153,0.5090909090909089,3.68622754491018,1.9272455089820362,0.6272727272727272,2.1191616766467063,1.8610778443113773,1.425,3.1775449101796407
2025-03-02,Delhi,28.61,77.21,24,3,Summer,Clear,67,987.3,20.2,21.2,22.4,19.1,0.0,0.0,0.0,0.0,13.7,10.5,17.3,13.2,0.27791044776119395,0.583333333333333,3.680597014925373,1.9265671641791045,0.6999999999999998,2.124776119402985,1.8632835820895524,1.4769230769230772,3.175223880597015
2025-03-03,Delhi,28.61,77.21,24,3,Summer,Clear,59,986.2,20.2,20.4,23.1,19.8,0.0,0.0,0.0,0.0,9.0,8.4,9.8,7.8,0.2803571428571428,0.6999999999999995,3.6794642857142854,1.9208333333333332,0.6461538461538461,2.1184523809523808,1.8592261904761906,1.5642857142857147,3.1779761904761905
2025-03-04,Delhi,28.61,77.21,24,3,Summer,Clear,60,987.7,21.2,21.6,22.8,19.8,0.2,0.0,0.0,0.0,18.4,18.1,20.5,17.0,0.28071216617210676,0.6928571428571423,3.6783382789317507,1.91513353115727,0.5999999999999999,2.112166172106825,1.8572700296735905,1.5000000000000002,3.174480712166172
2025-03-05,Delhi,28.61,77.21,24,3,Summer,Clear,45,988.8,18.3,18.5,20.1,17.8,0.0,0.0,0.0,0.0,23.7,22.9,28.8,22.7,0.28402366863905315,0.7666666666666662,3.676331360946745,1.9100591715976332,0.5599999999999999,2.1059171597633135,1.8559171597633135,1.4750000000000003,3.1754437869822483
2025-03-06,Delhi,28.61,77.21,24,3,Summer,Clear,41,986.9,19.8,20.2,22.1,19.6,0.0,0.0,0.0,0.0,17.8,17.4,19.6,14.2,0.2846607669616518,0.7624999999999995,3.672271386430679,1.904424778761062,0.5249999999999999,2.0997050147492624,1.8533923303834807,1.4000000000000004,3.184070796460177
2025-03-07,Delhi,28.61,77.21,24,3,Summer,Clear,44,985.3,20.5,20.7,23.5,20.9,0.0,0.0,0.0,0.0,9.6,9.2,15.6,9.5,0.28441176470588225,0.7529411764705877,3.668823529411765,1.8988235294117648,0.49411764705882344,2.0935294117647056,1.8585294117647058,1.5000000000000002,3.1905882352941175
2025-03-08,Delhi,28.61,77.21,24,3,Summer,Clear,43,984.0,21.9,22.1,24.8,22.4,0.0,0.0,0.0,0.0,12.5,9.4,13.3,12.0,0.28475073313782984,0.7222222222222217,3.665689149560117,1.8932551319648094,0.46666666666666656,2.087390029325513,1.8533724340175952,1.4368421052631581,3.1991202346041057
2025-03-09,Delhi,28.61,77.21,24,3,Summer,Clear,43,987.1,23.5,24.0,26.1,24.7,0.0,0.0,0.0,0.0,8.9,9.4,11.3,11.9,0.28538011695906423,0.6999999999999993,3.6619883040935677,1.8877192982456141,0.44210526315789467,2.081286549707602,1.8494152046783625,1.4950000000000003,3.1935672514619884
2025-03-10,Delhi,28.61,77.21,24,3,Summer,Clear,46,990.4,24.3,24.9,26.9,25.2,0.0,0.0,0.0,0.0,13.2,13.8,13.2,13.5,0.2880466472303206,0.6999999999999993,3.6553935860058306,1.8822157434402333,0.41999999999999993,2.075218658892128,1.8527696793002915,1.5428571428571431,3.18600583090379
2025-03-11,Delhi,28.61,77.21,24,3,Summer,Clear,46,988.2,25.9,26.2,28.6,26.9,0.0,0.0,0.0,0.0,9.7,8.6,13.6,7.1,0.28982558139534875,0.6809523809523803,3.6497093023255816,1.8767441860465117,0.3999999999999999,2.0691860465116276,1.8482558139534881,1.4863636363636366,3.1776162790697677
2025-03-12,Delhi,28.61,77.21,24,3,Summer,Clear,50,984.4,26.2,26.2,28.9,26.4,0.0,0.0,0.0,0.0,12.1,11.5,16.4,12.2,0.2918840579710144,0.6818181818181812,3.644057971014493,1.8713043478260871,0.3818181818181818,2.0631884057971015,1.8504347826086955,1.4869565217391305,3.1872463768115944
2025-03-13,Delhi,28.61,77.21,24,3,Summer,Clear,53,982.8,25.6,26.2,28.8,25.2,3.5,1.1,0.4,5.9,8.5,8.7,22.0,14.8,0.2916184971098265,0.6608695652173907,3.640751445086705,1.8658959537572255,0.36521739130434777,2.0572254335260114,1.8453757225433527,1.4541666666666668,3.190173410404624
2025-03-14,Delhi,28.61,77.21,24,3,Summer,Clear,51,983.8,26.0,26.1,28.6,25.7,0.0,0.0,0.5,0.0,8.9,8.2,15.9,13.6,0.2919308357348702,0.6749999999999994,3.6406340057636886,1.8674351585014408,0.5499999999999999,2.0671469740634003,1.8582132564841498,1.6400000000000003,3.201729106628242
2025-03-15,Delhi,28.61,77.21,24,3,Summer,Clear,55,985.5,24.4,24.6,27.6,24.1,0.3,0.3,0.0,0.5,13.3,13.9,19.9,15.0,0.29195402298850565,0.6639999999999995,3.638505747126437,1.8620689655172413,0.528,2.0626436781609194,1.8663793103448276,1.784615384615385,3.1991379310344827
2025-03-16,Delhi,28.61,77.21,24,3,Summer,Clear,48,986.9,24.1,24.7,26.1,23.7,0.2,0.0,0.0,0.1,14.5,13.4,18.5,12.9,0.2919770773638968,0.6576923076923072,3.63810888252149,1.8573065902578798,0.5153846153846154,2.0581661891117475,1.8659025787965617,1.7592592592592595,3.2040114613180517
2025-03-17,Delhi,28.61,77.21,24,3,Summer,Clear,44,987.7,23.4,24.3,25.4,23.1,0.0,0.0,0.0,0.0,14.3,12.8,18.2,14.0,0.2922857142857142,0.67037037037037,3.6345714285714283,1.8522857142857145,0.5,2.0525714285714285,1.865142857142857,1.7142857142857146,3.210857142857143
2025-03-18,Delhi,28.61,77.21,24,3,Summer,Clear,43,987.6,23.6,24.1,25.9,23.6,0.0,0.0,0.0,0.0,11.2,10.7,12.7,11.8,0.2923076923076922,0.6892857142857138,3.630769230769231,1.847008547008547,0.48214285714285715,2.0467236467236467,1.8606837606837607,1.696551724137931,3.213675213675214
2025-03-19,Delhi,28.61,77.21,24,3,Summer,Clear,37,988.4,25.1,25.5,27.4,25.2,0.0,0.0,0.0,0.0,13.1,12.5,11.8,11.9,0.29147727272727264,0.6827586206896548,3.6269886363636363,1.841761363636364,0.46551724137931033,2.040909090909091,1.8571022727272728,1.6766666666666667,3.207102272727273
2025-03-20,Delhi,28.61,77.21,24,3,Summer,Clear,32,989.5,26.2,26.3,28.0,26.2,0.0,0.0,0.0,0.0,16.2,13.8,17.4,13.9,0.29093484419263443,0.6699999999999996,3.622946175637394,1.8365439093484421,0.45,2.035127478753541,1.855240793201133,1.6419354838709679,3.198300283286119
2025-03-21,Delhi,28.61,77.21,24,3,Summer,Clear,32,989.0,25.6,26.1,27.8,25.4,0.0,0.0,0.0,0.0,16.1,14.8,21.1,15.5,0.29011299435028237,0.6516129032258061,3.6177966101694916,1.83135593220339,0.43548387096774194,2.0293785310734465,1.8564971751412431,1.5937500000000002,3.1991525423728815
2025-03-22,Delhi,28.61,77.21,24,3,Summer,Clear,33,987.9,25.1,25.8,27.4,25.2,0.0,0.0,0.0,0.0,14.4,13.0,10.6,16.1,0.2898591549295774,0.6531249999999997,3.6143661971830983,1.8261971830985917,0.421875,2.023661971830986,1.8529577464788731,1.5666666666666667,3.2059154929577467
2025-03-23,Delhi,28.61,77.21,24,3,Summer,Clear,34,989.5,25.4,25.8,28.4,26.0,0.0,0.0,0.0,0.0,10.1,8.3,8.8,10.3,0.28932584269662914,0.6515151515151513,3.6103932584269662,1.8210674157303373,0.4090909090909091,2.0179775280898875,1.8525280898876404,1.611764705882353,3.212359550561798
2025-03-24,Delhi,28.61,77.21,24,3,Summer,Clear,32,988.8,26.7,27.5,29.3,27.2,0.0,0.0,0.0,0.0,10.2,10.5,8.6,8.5,0.29019607843137246,0.6382352941176468,3.6070028011204482,1.815966386554622,0.39705882352941174,2.0123249299719888,1.8478991596638656,1.622857142857143,3.2075630252100846
2025-03-25,Delhi,28.61,77.21,24,3,Summer,Clear,32,984.9,27.9,28.5,29.9,28.7,0.0,0.0,0.0,0.0,8.8,8.4,9.3,9.7,0.29078212290502786,0.6285714285714283,3.602793296089385,1.8108938547486035,0.38571428571428573,2.006703910614525,1.847486033519553,1.6333333333333335,3.198882681564246
2025-03-26,Delhi,28.61,77.21,24,3,Summer,Clear,29,982.0,29.4,30.2,31.8,30.0,0.0,0.0,0.0,0.0,9.5,10.2,10.4,12.2,0.29220055710306403,0.6166666666666665,3.596100278551532,1.805849582172702,0.375,2.0011142061281335,1.8448467966573814,1.6243243243243246,3.1910863509749308
2025-03-27,Delhi,28.61,77.21,24,3,Summer,Clear,27,981.8,29.7,30.0,31.8,30.1,0.0,0.0,0.0,0.0,12.3,12.0,18.6,12.8,0.29305555555555546,0.6054054054054052,3.591111111111111,1.8008333333333335,0.36486486486486486,1.9955555555555555,1.8472222222222223,1.6342105263157898,3.1872222222222226
2025-03-28,Delhi,28.61,77.21,24,3,Summer,Clear,25,984.4,26.6,26.9,28.4,26.1,0.0,0.0,0.0,0.0,16.4,15.6,20.8,15.5,0.29335180055401655,0.5921052631578946,3.585872576177285,1.7958448753462606,0.35526315789473684,1.9900277008310248,1.8434903047091413,1.6128205128205129,3.194459833795014
2025-03-29,Delhi,28.61,77.21,24,3,Summer,Clear,22,985.0,23.0,23.4,25.7,23.0,0.0,0.0,0.0,0.0,17.1,17.4,20.1,15.2,0.2939226519337016,0.5974358974358972,3.58232044198895,1.7908839779005528,0.34615384615384615,1.9845303867403314,1.8408839779005524,1.5750000000000002,3.2002762430939224
2025-03-30,Delhi,28.61,77.21,24,3,Summer,Clear,22,985.5,24.6,24.7,27.5,24.8,0.0,0.0,0.0,0.0,13.2,13.2,14.8,12.6,0.2931129476584021,0.5924999999999997,3.5798898071625342,1.7859504132231407,0.3375,1.9790633608815427,1.8410468319559228,1.5902439024390245,3.204958677685951
2025-03-31,Delhi,28.61,77.21,24,3,Summer,Clear,21,985.7,26.1,26.4,28.8,26.2,0.0,0.0,0.0,0.0,13.8,13.7,14.9,13.5,0.29285714285714276,0.5804878048780485,3.5774725274725276,1.7810439560439562,0.32926829268292684,1.9736263736263735,1.8376373626373625,1.5666666666666669,3.2021978021978024
2025-04-01,Delhi,28.61,77.21,24,4,Summer,Clear,21,984.8,26.9,27.2,29.4,26.5,0.0,0.0,0.0,0.0,14.5,14.2,14.8,13.6,0.2923287671232876,0.5714285714285712,3.574794520547945,1.776164383561644,0.32142857142857145,1.9682191780821918,1.8334246575342468,1.5348837209302326,3.197260273972603
2025-04-02,Delhi,28.61,77.21,24,4,Summer,Clear,22,985.6,27.7,27.9,30.6,27.7,0.0,0.0,0.0,0.0,10.9,10.7,11.2,11.8,0.29262295081967205,0.5744186046511626,3.572950819672131,1.7713114754098362,0.313953488372093,1.9628415300546447,1.8308743169398907,1.513636363636364,3.191803278688525
2025-04-03,Delhi,28.61,77.21,24,4,Summer,Clear,19,986.3,29.2,29.2,31.8,29.6,0.0,0.0,0.0,0.0,8.4,8.9,12.2,9.4,0.291825613079019,0.5659090909090906,3.5711171662125336,1.7664850136239785,0.3068181818181818,1.9574931880108992,1.8283378746594006,1.5044444444444445,3.184741144414169
2025-04-04,Delhi,28.61,77.21,24,4,Summer,Clear,18,985.9,29.9,30.3,32.1,30.1,0.0,0.0,0.0,0.0,14.0,13.8,17.8,14.2,0.29211956521739124,0.562222222222222,3.567391304347826,1.7616847826086959,0.3,1.952173913043478,1.826086956521739,1.482608695652174,3.1836956521739133
2025-04-05,Delhi,28.61,77.21,24,4,Summer,Clear,22,984.0,29.0,29.2,31.3,29.0,0.0,0.0,0.0,0.0,14.5,14.5,17.7,13.8,0.29186991869918694,0.5543478260869563,3.563143631436314,1.7569105691056912,0.29347826086956524,1.9468834688346883,1.8216802168021682,1.4595744680851066,3.1848238482384823
2025-04-06,Delhi,28.61,77.21,24,4,Summer,Clear,22,982.2,30.1,30.3,33.1,30.5,0.0,0.0,0.0,0.0,10.3,9.6,10.6,10.3,0.291081081081081,0.5468085106382976,3.5597297297297295,1.7521621621621624,0.2872340425531915,1.9416216216216216,1.8186486486486486,1.4437499999999999,3.186756756756757
2025-04-07,Delhi,28.61,77.21,24,4,Summer,Clear,22,983.4,31.6,31.8,34.3,32.5,0.0,0.0,0.0,0.0,6.3,7.4,13.0,7.6,0.2913746630727762,0.5395833333333331,3.5571428571428574,1.7474393530997308,0.28125,1.9363881401617251,1.8137466307277628,1.4285714285714286,3.1789757412398925
2025-04-08,Delhi,28.61,77.21,24,4,Summer,Clear,22,985.4,31.8,32.5,34.4,32.8,0.0,0.0,0.0,0.0,9.9,10.9,14.5,9.7,0.29301075268817195,0.5428571428571426,3.5524193548387095,1.7427419354838711,0.2755102040816326,1.9311827956989247,1.8123655913978496,1.4040000000000001,3.1849462365591394
2025-04-09,Delhi,28.61,77.21,24,4,Summer,Clear,25,983.3,32.7,33.7,35.4,33.5,0.0,0.2,0.0,0.0,9.3,10.5,14.1,12.5,0.29490616621983906,0.5379999999999997,3.547184986595174,1.738069705093834,0.27,1.9260053619302948,1.8080428954423593,1.4000000000000001,3.189276139410188
2025-04-10,Delhi,28.61,77.21,24,4,Summer,Clear,33,979.2,31.6,32.1,34.8,31.5,0.0,0.9,0.0,1.4,16.3,15.6,13.9,23.3,0.2962566844919785,0.5313725490196076,3.5427807486631018,1.7334224598930483,0.2686274509803922,1.920855614973262,1.811764705882353,1.4115384615384616,3.1850267379679145
2025-04-11,Delhi,28.61,77.21,24,4,Summer,Convective,60,978.8,26.5,28.2,32.5,26.3,10.7,2.2,0.0,8.1,15.4,16.5,19.6,25.8,0.29573333333333324,0.5326923076923075,3.542133333333333,1.7325333333333335,0.27307692307692305,1.9194666666666667,1.8256000000000001,1.5301886792452832,3.2016000000000004
2025-04-12,Delhi,28.61,77.21,24,4,Summer,Clear,57,981.7,25.4,26.0,30.8,26.3,2.0,1.9,0.3,1.1,13.0,12.3,31.4,9.9,0.29547872340425524,0.5584905660377356,3.5492021276595747,1.734840425531915,0.37924528301886795,1.9359042553191488,1.8484042553191489,1.6740740740740743,3.209574468085106
2025-04-13,Delhi,28.61,77.21,24,4,Summer,Clear,47,983.5,27.9,28.8,31.3,28.3,0.0,0.1,0.5,0.0,7.9,9.4,15.4,5.6,0.2970822281167108,0.5537037037037035,3.5517241379310347,1.7326259946949603,0.387037037037037,1.93289124668435,1.8517241379310345,1.6872727272727275,3.2580901856763926
2025-04-14,Delhi,28.61,77.21,24,4,Summer,Clear,42,983.7,28.5,29.9,33.0,29.3,0.0,0.0,0.0,0.0,9.8,10.9,14.5,10.1,0.2973544973544973,0.5527272727272725,3.5502645502645502,1.7280423280423283,0.38181818181818183,1.929100529100529,1.8529100529100528,1.725,3.2753968253968258
2025-04-15,Delhi,28.61,77.21,24,4,Summer,Clear,37,984.0,29.4,31.2,33.2,30.8,0.0,0.0,0.0,0.0,9.9,10.6,13.0,10.0,0.2986807387862796,0.5535714285714283,3.55065963060686,1.7234828496042218,0.375,1.9240105540897097,1.8488126649076517,1.7087719298245616,3.278364116094987
2025-04-16,Delhi,28.61,77.21,24,4,Summer,Clear,34,982.5,31.0,32.5,34.6,32.2,0.0,0.0,0.0,0.0,9.0,7.7,10.9,9.5,0.30157894736842095,0.5508771929824559,3.5476315789473682,1.7189473684210528,0.3684210526315789,1.9189473684210525,1.8442105263157893,1.6896551724137931,3.2776315789473682
2025-04-17,Delhi,28.61,77.21,24,4,Summer,Clear,32,979.8,32.2,33.6,35.8,33.3,0.0,0.0,0.0,0.0,8.4,9.2,12.9,15.8,0.30393700787401573,0.5465517241379307,3.5446194225721785,1.714435695538058,0.3620689655172414,1.9139107611548554,1.8406824146981626,1.6915254237288138,3.2727034120734912
2025-04-18,Delhi,28.61,77.21,24,4,Summer,Clear,40,978.4,32.0,33.3,34.7,32.9,0.0,0.0,0.2,0.0,15.9,13.3,36.1,15.9,0.3060209424083769,0.542372881355932,3.5418848167539267,1.7099476439790577,0.3559322033898305,1.9089005235602092,1.8552356020942409,1.7733333333333334,3.271727748691099
2025-04-19,Delhi,28.61,77.21,24,4,Summer,Clear,41,978.8,31.7,32.8,35.3,32.6,0.0,0.0,0.0,0.0,16.1,13.8,20.0,19.7,0.30757180156657954,0.5399999999999997,3.5373368146214097,1.7054830287206268,0.35,1.90443864229765,1.8503916449086164,1.7868852459016396,3.3159268929503916
2025-04-20,Delhi,28.61,77.21,24,4,Summer,Clear,37,979.1,32.8,33.7,35.5,33.1,0.0,0.0,0.0,0.0,12.0,13.4,20.1,17.4,0.30911458333333325,0.5344262295081964,3.53515625,1.7010416666666668,0.3442622950819672,1.8994791666666666,1.8549479166666665,1.853225806451613,3.3080729166666667
2025-04-21,Delhi,28.61,77.21,24,4,Summer,Clear,23,981.9,33.2,34.6,36.3,33.8,0.0,0.0,0.0,0.0,10.1,9.0,16.5,11.9,0.309090909090909,0.5354838709677416,3.5322077922077924,1.6966233766233767,0.3387096774193548,1.8945454545454545,1.8641558441558443,1.8873015873015875,3.3064935064935064
2025-04-22,Delhi,28.61,77.21,24,4,Summer,Clear,10,983.3,32.3,33.3,35.3,32.6,0.0,0.0,0.0,0.0,13.0,13.1,18.4,12.2,0.3098445595854921,0.5396825396825394,3.529533678756477,1.6922279792746115,0.3333333333333333,1.8896373056994817,1.8639896373056994,1.9031250000000002,3.3098445595854926
2025-04-23,Delhi,28.61,77.21,24,4,Summer,Clear,11,981.1,32.0,32.5,35.1,32.2,0.0,0.0,0.0,0.0,14.2,13.9,17.1,13.7,0.3098191214470284,0.5421874999999997,3.5273901808785526,1.6878552971576228,0.328125,1.8847545219638242,1.8612403100775192,1.8876923076923078,3.317312661498708
2025-04-24,Delhi,28.61,77.21,24,4,Summer,Clear,11,978.8,32.4,33.0,35.7,32.8,0.0,0.0,0.0,0.0,16.5,11.8,17.9,15.3,0.30953608247422676,0.5384615384615381,3.5257731958762886,1.6835051546391753,0.3230769230769231,1.8798969072164948,1.8577319587628864,1.8621212121212123,3.3175257731958765
2025-04-25,Delhi,28.61,77.21,24,4,Summer,Clear,13,979.7,32.8,33.6,36.5,33.8,0.0,0.0,0.0,0.0,13.2,12.0,15.3,14.3,0.30976863753213363,0.5333333333333331,3.524164524421594,1.679177377892031,0.3181818181818182,1.8750642673521851,1.8560411311053984,1.8865671641791046,3.315681233933162
2025-04-26,Delhi,28.61,77.21,24,4,Summer,Clear,13,979.7,33.1,33.5,36.7,34.3,0.0,0.0,0.0,0.0,14.2,15.3,19.4,18.8,0.3115384615384615,0.5283582089552236,3.5220512820512817,1.674871794871795,0.31343283582089554,1.87025641025641,1.8541025641025641,1.8926470588235296,3.3097435897435896
2025-04-27,Delhi,28.61,77.21,24,4,Summer,Clear,14,980.8,33.6,34.6,36.2,34.5,0.0,0.0,0.0,0.0,10.5,10.0,17.6,11.2,0.31381074168797946,0.5323529411764703,3.5191815856777495,1.6705882352941177,0.3088235294117647,1.865473145780051,1.8611253196930948,1.9159420289855076,3.302813299232737
2025-04-28,Delhi,28.61,77.21,24,4,Summer,Clear,20,979.6,32.5,33.2,36.0,33.0,0.0,0.0,0.0,0.0,13.0,14.0,17.9,17.3,0.3153061224489795,0.5260869565217388,3.5145408163265306,1.666326530612245,0.30434782608695654,1.8607142857142858,1.8581632653061224,1.9057142857142857,3.3107142857142855
2025-04-29,Delhi,28.61,77.21,24,4,Summer,Clear,35,980.6,30.5,31.6,33.3,31.3,0.0,0.0,0.0,0.0,15.4,14.8,20.8,15.0,0.3157760814249363,0.5214285714285711,3.51323155216285,1.662086513994911,0.3,1.8559796437659033,1.864376590330789,1.9253521126760567,3.30381679389313
2025-04-30,Delhi,28.61,77.21,24,4,Summer,Clear,37,982.2,30.6,31.9,33.9,31.5,0.0,0.0,0.0,0.0,11.3,12.4,21.6,12.3,0.3170050761421319,0.5183098591549293,3.5093908629441626,1.6578680203045686,0.29577464788732394,1.8512690355329948,1.8606598984771574,1.901388888888889,3.3101522842639595
2025-05-01,Delhi,28.61,77.21,24,5,Summer,Clear,36,983.1,31.4,32.6,34.2,31.8,0.0,0.1,0.0,0.0,13.4,14.1,19.3,14.7,0.31848101265822776,0.5166666666666663,3.5065822784810123,1.6536708860759495,0.2916666666666667,1.8465822784810126,1.8584810126582278,1.8767123287671232,3.3253164556962025
2025-05-02,Delhi,28.61,77.21,24,5,Summer,Convective,65,984.2,26.3,26.2,32.4,26.2,12.7,3.0,0.3,12.4,16.1,16.5,19.7,13.3,0.31868686868686863,0.5205479452054792,3.503787878787879,1.6494949494949496,0.28904109589041094,1.841919191919192,1.857070707070707,1.8594594594594593,3.328535353535354
2025-05-03,Delhi,28.61,77.21,24,5,Summer,Clear,54,981.5,27.8,28.5,32.4,28.3,5.8,1.3,4.5,3.4,16.6,15.5,30.5,12.3,0.3181360201511334,0.5135135135135133,3.5105793450881615,1.646095717884131,0.41216216216216217,1.8677581863979849,1.8594458438287156,1.8773333333333335,3.336272040302267
2025-05-04,Delhi,28.61,77.21,24,5,Summer,Clear,49,979.7,29.3,30.6,33.1,29.9,0.0,1.9,1.6,2.0,12.0,12.6,15.7,11.5,0.31859296482412053,0.509333333333333,3.5120603015075376,1.6479899497487436,0.4346666666666667,1.8658291457286433,1.8655778894472361,1.894736842105263,3.3736180904522612
2025-05-05,Delhi,28.61,77.21,24,5,Summer,Clear,58,980.9,26.7,27.7,30.7,28.5,6.8,4.9,3.2,0.1,12.6,12.2,25.5,13.4,0.319298245614035,0.5118421052631575,3.511278195488722,1.6488721804511277,0.4302631578947369,1.862155388471178,1.862155388471178,1.8844155844155843,3.3756892230576443
2025-05-06,Delhi,28.61,77.21,24,5,Summer,Clear,62,981.0,27.7,27.7,32.0,27.4,1.5,2.9,0.0,0.4,8.7,9.1,18.9,19.3,0.3229999999999999,0.5155844155844154,3.508,1.6615,0.487012987012987,1.86525,1.8595,1.8756410256410259,3.3975
2025-05-07,Delhi,28.61,77.21,24,5,Summer,Clear,62,980.5,27.8,29.1,32.8,27.8,0.2,1.2,0.3,0.5,10.9,11.7,17.6,10.7,0.3229426433915211,0.5128205128205127,3.51072319201995,1.6600997506234416,0.5128205128205128,1.8615960099750624,1.8812967581047382,1.981012658227848,3.3900249376558604
2025-05-08,Delhi,28.61,77.21,24,5,Summer,Clear,61,980.7,28.7,29.7,33.4,28.3,3.1,1.3,0.0,2.7,14.7,13.6,19.1,11.6,0.322139303482587,0.5227848101265821,3.514427860696517,1.6567164179104477,0.5151898734177216,1.857462686567164,1.8771144278606966,1.96875,3.3987562189054725
2025-05-09,Delhi,28.61,77.21,24,5,Summer,Clear,49,981.8,29.9,31.2,33.5,30.7,0.9,0.4,0.0,1.1,7.7,8.9,22.8,9.8,0.32233250620347387,0.5337499999999997,3.518362282878412,1.6535980148883374,0.52625,1.8595533498759305,1.88014888337469,1.9691358024691359,3.4089330024813895
2025-05-10,Delhi,28.61,77.21,24,5,Summer,Clear,52,981.4,30.5,31.3,34.1,30.9,0.4,1.5,0.0,1.5,4.7,5.6,14.7,18.2,0.3235148514851484,0.5333333333333331,3.5165841584158417,1.6500000000000001,0.528395061728395,1.8576732673267327,1.8806930693069306,1.9560975609756097,3.4326732673267326
2025-05-11,Delhi,28.61,77.21,24,5,Summer,Clear,49,979.8,31.1,32.1,34.9,31.7,0.0,0.0,0.0,0.0,12.6,10.8,31.6,14.0,0.3237037037037036,0.5317073170731705,3.5158024691358025,1.648641975308642,0.5219512195121951,1.85679012345679,1.9093827160493826,2.0843373493975905,3.432839506172839
2025-05-12,Delhi,28.61,77.21,24,5,Summer,Clear,35,978.6,32.1,33.3,35.8,33.0,0.0,0.0,0.0,0.0,14.0,13.9,17.1,13.5,0.32438423645320186,0.5301204819277107,3.5150246305418715,1.6445812807881774,0.5156626506024096,1.8522167487684729,1.9081280788177342,2.0976190476190477,3.4677339901477833
2025-05-13,Delhi,28.61,77.21,24,5,Summer,Clear,24,978.6,33.7,34.1,36.8,34.7,0.0,0.0,0.0,0.0,13.1,13.5,32.5,18.7,0.3257985257985257,0.5273809523809522,3.5132678132678135,1.6405405405405407,0.5095238095238095,1.8476658476658476,1.9046683046683048,2.0776470588235294,3.468058968058968
2025-05-14,Delhi,28.61,77.21,24,5,Summer,Clear,21,978.8,33.8,34.3,37.5,35.3,0.0,0.0,0.0,0.0,13.4,13.1,16.8,16.2,0.32745098039215675,0.5282352941176469,3.5098039215686274,1.6365196078431374,0.5035294117647059,1.8431372549019607,1.9137254901960783,2.113953488372093,3.4933823529411763
2025-05-15,Delhi,28.61,77.21,24,5,Summer,Clear,21,978.7,35.1,35.8,38.7,36.2,0.0,0.0,0.0,0.0,12.7,12.8,14.8,12.2,0.33031784841075784,0.533720930232558,3.5066014669926653,1.632518337408313,0.4976744186046511,1.8386308068459658,1.9158924205378973,2.1252873563218393,3.486308068459658
2025-05-16,Delhi,28.61,77.21,24,5,Summer,Clear,24,977.8,35.2,35.6,39.4,35.8,0.0,0.0,0.0,0.0,16.8,18.0,19.5,18.1,0.3321951219512194,0.5321839080459769,3.504146341463415,1.6285365853658538,0.4919540229885057,1.8341463414634147,1.912439024390244,2.1079545454545454,3.484146341463415
2025-05-17,Delhi,28.61,77.21,24,5,Summer,Clear,28,977.4,34.7,35.6,39.9,35.7,0.0,0.0,0.0,0.0,17.3,13.6,25.7,19.7,0.33284671532846705,0.5284090909090907,3.5043795620437956,1.6245742092457423,0.48636363636363633,1.829683698296837,1.910948905109489,2.0853932584269668,3.4790754257907546
2025-05-18,Delhi,28.61,77.21,24,5,Summer,Clear,31,977.4,34.6,35.8,39.2,35.2,0.0,0.0,0.0,0.0,13.7,12.0,22.6,14.4,0.3344660194174756,0.5235955056179774,3.5060679611650487,1.620631067961165,0.48089887640449436,1.825242718446602,1.9121359223300969,2.1300000000000003,3.485194174757282
2025-05-19,Delhi,28.61,77.21,24,5,Summer,Clear,45,977.5,34.0,35.6,38.5,34.5,0.0,0.0,0.0,0.0,10.6,11.8,20.3,12.8,0.33510895883777236,0.5244444444444443,3.5072639225181597,1.6167070217917676,0.4755555555555555,1.820823244552058,1.9092009685230025,2.1329670329670334,3.4966101694915257
2025-05-20,Delhi,28.61,77.21,24,5,Summer,Clear,45,975.9,34.6,35.5,38.7,34.9,0.0,0.0,0.0,0.0,15.7,13.6,20.8,20.6,0.33550724637681156,0.5307692307692305,3.508454106280193,1.6128019323671499,0.4703296703296703,1.816425120772947,1.9099033816425122,2.1206521739130437,3.5062801932367154
2025-05-21,Delhi,28.61,77.21,24,5,Summer,Clear,45,976.4,34.2,35.7,37.9,34.8,0.6,0.7,0.0,0.0,17.5,14.8,23.5,22.6,0.33542168674698786,0.5315217391304347,3.509156626506024,1.6089156626506025,0.4652173913043478,1.8120481927710843,1.9171084337349398,2.1731182795698927,3.498313253012048
2025-05-22,Delhi,28.61,77.21,24,5,Summer,Clear,55,977.3,29.8,30.1,34.1,31.4,0.0,0.1,0.0,0.0,16.1,16.6,20.8,14.7,0.3360576923076922,0.5354838709677419,3.508173076923077,1.6064903846153848,0.46774193548387094,1.8076923076923077,1.9247596153846156,2.2329787234042553,3.4920673076923077
2025-05-23,Delhi,28.61,77.21,24,5,Summer,Clear,52,975.7,31.8,32.3,35.3,32.3,0.0,0.0,0.0,1.5,13.7,14.0,21.2,14.0,0.33908872901678644,0.5436170212765956,3.5062350119904075,1.6026378896882496,0.46382978723404256,1.803357314148681,1.9235011990407676,2.2294736842105265,3.498321342925659
2025-05-24,Delhi,28.61,77.21,24,5,Summer,Clear,48,976.1,32.9,34.0,36.2,33.4,0.0,0.7,0.0,0.4,18.2,19.7,21.8,16.8,0.3394736842105262,0.5378947368421051,3.505023923444976,1.6023923444976078,0.4747368421052632,1.8026315789473684,1.9196172248803827,2.2062500000000003,3.507177033492823
2025-05-25,Delhi,28.61,77.21,24,5,Summer,Clear,66,978.8,27.9,28.5,33.7,28.4,19.0,22.0,0.0,0.4,12.6,19.0,18.1,16.2,0.3398568019093077,0.5385416666666666,3.5033412887828166,1.5995226730310264,0.47291666666666665,1.7992840095465392,1.9183770883054894,2.2134020618556702,3.5107398568019095
2025-05-26,Delhi,28.61,77.21,24,5,Summer,Clear,65,977.7,29.5,29.8,33.3,29.8,1.3,2.9,1.7,1.8,11.2,11.5,15.5,15.6,0.3402380952380951,0.5340206185567009,3.507619047619048,1.6400000000000001,0.6907216494845361,1.7959523809523807,1.9223809523809523,2.2193877551020407,3.506904761904762
2025-05-27,Delhi,28.61,77.21,24,5,Summer,Clear,62,975.3,31.0,31.9,35.6,31.2,0.0,0.0,0.0,0.0,8.3,8.3,15.3,8.8,0.34014251781472676,0.5285714285714285,3.507600950118765,1.63729216152019,0.6948979591836734,1.7919239904988122,1.928266033254157,2.2383838383838386,3.498812351543943
2025-05-28,Delhi,28.61,77.21,24,5,Summer,Clear,55,973.9,32.2,33.4,36.4,33.2,0.0,0.2,0.0,0.0,7.7,8.7,15.4,11.3,0.33981042654028426,0.5303030303030302,3.5097156398104263,1.6334123222748818,0.6878787878787879,1.7876777251184834,1.9248815165876778,2.221,3.505924170616114
2025-05-29,Delhi,28.61,77.21,24,5,Summer,Clear,52,971.8,32.6,33.5,37.3,33.6,0.1,0.2,0.2,0.3,10.0,8.9,16.7,8.8,0.34137115839243487,0.5269999999999999,3.508983451536643,1.629550827423168,0.6829999999999999,1.783451536643026,1.9288416075650117,2.224752475247525,3.507328605200946
2025-05-30,Delhi,28.61,77.21,24,5,Summer,Clear,49,971.3,30.9,31.6,35.8,31.6,0.0,0.1,1.5,0.0,11.9,15.6,34.5,13.2,0.3429245283018867,0.5227722772277226,3.509433962264151,1.6261792452830188,0.6772277227722773,1.7794811320754718,1.927122641509434,2.203921568627451,3.517688679245283
2025-05-31,Delhi,28.61,77.21,24,5,Summer,Clear,48,973.2,30.6,32.3,36.4,31.9,1.2,0.1,0.2,1.0,12.1,11.9,18.9,14.4,0.34376470588235286,0.5176470588235292,3.511058823529412,1.6223529411764706,0.6715686274509803,1.7788235294117647,1.9256470588235293,2.2058252427184466,3.559529411764706
2025-06-01,Delhi,28.61,77.21,24,6,Monsoon,Clear,48,974.3,29.8,31.3,35.8,31.0,5.9,0.4,1.3,4.2,16.4,17.6,22.8,18.6,0.34600938967136136,0.5165048543689319,3.513380281690141,1.6190140845070424,0.6737864077669904,1.776525821596244,1.9265258215962442,2.2086538461538465,3.561737089201878
2025-06-02,Delhi,28.61,77.21,24,6,Monsoon,Clear,48,974.3,30.5,30.9,35.1,30.9,0.0,0.9,0.2,0.3,12.4,10.9,42.1,10.3,0.3480093676814987,0.5144230769230768,3.5163934426229506,1.6192037470725995,0.7038461538461539,1.7791569086651051,1.9271662763466042,2.1971428571428575,3.563231850117096
2025-06-03,Delhi,28.61,77.21,24,6,Monsoon,Clear,46,976.5,29.0,30.2,33.4,30.2,0.0,0.6,0.4,0.0,11.3,8.7,32.8,12.3,0.34813084112149517,0.5095238095238094,3.5179906542056076,1.6161214953271028,0.7028571428571428,1.775233644859813,1.9275700934579438,2.1820754716981132,3.6292056074766355
2025-06-04,Delhi,28.61,77.21,24,6,Monsoon,Clear,55,979.3,28.3,29.1,32.9,28.8,2.1,1.1,1.4,0.3,11.5,10.0,16.6,19.8,0.35011655011654996,0.5047169811320753,3.5172494172494173,1.6123543123543125,0.7018867924528303,1.772027972027972,1.9254079254079255,2.195327102803738,3.6685314685314685
2025-06-05,Delhi,28.61,77.21,24,6,Monsoon,Clear,46,981.9,29.5,30.2,34.3,30.9,0.0,0.2,0.0,0.0,10.9,9.8,12.0,9.4,0.3504651162790696,0.5028037383177568,3.5186046511627906,1.6127906976744186,0.702803738317757,1.7704651162790697,1.940232558139535,2.265740740740741,3.667441860465116
2025-06-06,Delhi,28.61,77.21,24,6,Monsoon,Clear,40,981.1,31.2,32.3,36.2,32.7,0.3,0.0,0.0,0.0,10.4,6.6,16.7,10.2,0.35290023201856136,0.5046296296296295,3.518329466357309,1.6090487238979119,0.6981481481481482,1.7663573085846866,1.9392111368909515,2.248623853211009,3.6649651972157775
2025-06-07,Delhi,28.61,77.21,24,6,Monsoon,Clear,37,979.3,33.6,34.5,37.9,34.7,0.0,0.0,0.0,0.0,8.0,8.0,12.2,10.4,0.3555555555555554,0.5036697247706421,3.5182870370370374,1.6060185185185187,0.6917431192660551,1.7622685185185185,1.9351851851851851,2.260909090909091,3.671527777777778
2025-06-08,Delhi,28.61,77.21,24,6,Monsoon,Clear,35,977.7,35.6,36.4,39.8,36.6,0.0,0.0,0.0,0.0,13.0,9.7,17.8,14.6,0.35727482678983824,0.5009090909090909,3.517551963048499,1.602309468822171,0.6854545454545455,1.7581986143187065,1.9362586605080832,2.2621621621621624,3.6672055427251733
2025-06-09,Delhi,28.61,77.21,24,6,Monsoon,Clear,29,976.0,36.8,37.3,41.2,37.5,0.0,0.0,0.0,0.0,17.1,16.1,20.5,16.5,0.3587557603686635,0.49819819819819816,3.516820276497696,1.5986175115207375,0.6792792792792793,1.754147465437788,1.935483870967742,2.2857142857142856,3.666129032258065
2025-06-10,Delhi,28.61,77.21,24,6,Monsoon,Clear,22,975.4,37.0,37.6,41.5,37.4,0.0,0.0,0.0,0.0,15.5,13.8,21.9,14.4,0.35954022988505735,0.4955357142857143,3.5172413793103448,1.5949425287356322,0.6732142857142858,1.7501149425287355,1.9324137931034484,2.2690265486725667,3.6668965517241383
2025-06-11,Delhi,28.61,77.21,24,6,Monsoon,Clear,32,975.7,36.9,37.1,41.5,37.1,0.0,0.0,0.0,0.0,11.0,11.2,17.3,11.6,0.3596330275229357,0.4929203539823009,3.518577981651376,1.591284403669725,0.6672566371681417,1.7461009174311926,1.9305045871559634,2.254385964912281,3.675688073394496
2025-06-12,Delhi,28.61,77.21,24,6,Monsoon,Clear,45,975.8,36.3,37.4,40.8,36.8,0.2,0.0,0.0,0.5,10.4,12.3,15.3,11.7,0.3592677345537756,0.4885964912280702,3.5205949656750573,1.5876430205949659,0.6614035087719299,1.7421052631578946,1.9274599542334099,2.2382608695652175,3.680320366132723
2025-06-13,Delhi,28.61,77.21,24,6,Monsoon,Clear,48,976.4,35.6,36.1,40.3,36.0,0.3,0.4,0.0,0.0,14.2,14.8,18.3,13.4,0.3595890410958903,0.4895652173913044,3.521689497716895,1.584703196347032,0.66,1.739269406392694,1.926027397260274,2.2241379310344827,3.68013698630137
2025-06-14,Delhi,28.61,77.21,24,6,Monsoon,Clear,47,974.6,35.3,35.9,39.6,36.2,0.0,0.0,0.0,0.3,9.0,9.6,17.8,13.5,0.35968109339407733,0.48620689655172417,3.5234624145785878,1.581776765375854,0.6577586206896552,1.7353075170842824,1.9234624145785877,2.217094017094017,3.682915717539863
2025-06-15,Delhi,28.61,77.21,24,6,Monsoon,Clear,53,973.6,32.8,33.0,38.8,33.8,3.4,0.8,0.0,1.3,16.6,10.2,17.1,18.5,0.3609090909090908,0.4846153846153847,3.5231818181818184,1.5788636363636364,0.6547008547008547,1.7320454545454547,1.9293181818181817,2.23135593220339,3.684318181818182
2025-06-16,Delhi,28.61,77.21,24,6,Monsoon,Monsoon,81,974.4,29.9,30.4,33.9,29.4,12.0,7.4,8.7,25.6,10.7,10.0,17.4,13.8,0.36235827664399084,0.4872881355932204,3.526530612244898,1.580045351473923,0.6533898305084745,1.7310657596371881,1.9292517006802723,2.282352941176471,3.679138321995465
2025-06-17,Delhi,28.61,77.21,24,6,Monsoon,Monsoon,82,974.9,29.7,29.6,33.3,29.1,8.1,8.8,7.0,16.9,10.3,9.2,18.0,11.1,0.36266968325791843,0.49159663865546227,3.528733031674208,1.6072398190045247,0.8008403361344538,1.7653846153846153,1.9319004524886878,2.2950000000000004,3.6789592760181
2025-06-18,Delhi,28.61,77.21,24,6,Monsoon,Clear,79,973.6,28.9,28.7,32.5,28.9,2.5,4.5,8.4,5.3,9.3,8.0,14.0,7.8,0.36320541760722336,0.49166666666666675,3.530248306997743,1.6234762979683974,0.8616666666666667,1.7837471783295709,1.9293453724604968,2.2917355371900827,3.6862302483069977
2025-06-19,Delhi,28.61,77.21,24,6,Monsoon,Clear,77,972.2,29.7,30.2,33.0,29.7,0.3,1.3,0.6,0.1,11.6,11.3,17.1,9.9,0.3623873873873873,0.4892561983471075,3.5304054054054053,1.6261261261261262,0.8611570247933884,1.7867117117117115,1.9283783783783786,2.2745901639344264,3.691891891891892
2025-06-20,Delhi,28.61,77.21,24,6,Monsoon,Clear,84,974.6,29.1,29.7,32.3,28.7,10.5,7.0,0.0,1.2,11.8,9.9,18.8,13.8,0.36157303370786503,0.489344262295082,3.529887640449438,1.6229213483146068,0.8639344262295082,1.783820224719101,1.9278651685393258,2.267479674796748,3.6997752808988764
2025-06-21,Delhi,28.61,77.21,24,6,Monsoon,Clear,77,975.3,30.4,31.1,33.6,30.4,1.3,1.3,0.4,1.6,8.3,8.4,14.3,7.3,0.361659192825112,0.4934959349593496,3.5300448430493274,1.640134529147982,0.9040650406504065,1.7825112107623318,1.9280269058295965,2.2806451612903227,3.7026905829596415
2025-06-22,Delhi,28.61,77.21,24,6,Monsoon,Clear,74,974.5,31.2,31.7,34.5,31.0,1.0,1.5,2.7,0.8,9.9,10.4,15.4,8.1,0.36085011185682314,0.4951612903225807,3.529306487695749,1.637136465324385,0.8991935483870968,1.781208053691275,1.925950782997763,2.2712000000000003,3.71006711409396
2025-06-23,Delhi,28.61,77.21,24,6,Monsoon,Clear,74,972.6,30.7,31.7,35.0,31.5,0.3,1.5,0.3,0.1,10.6,11.3,15.8,8.6,0.3604910714285713,0.4968000000000001,3.5292410714285714,1.6339285714285714,0.8976000000000001,1.7814732142857144,1.925669642857143,2.271428571428572,3.718080357142857
2025-06-24,Delhi,28.61,77.21,24,6,Monsoon,Clear,75,971.9,30.3,31.0,34.8,31.2,1.4,2.0,0.2,1.1,7.7,8.6,16.4,7.6,0.36146993318485515,0.4944444444444445,3.529175946547884,1.6307349665924278,0.9015873015873016,1.7779510022271714,1.9258351893095769,2.2748031496062997,3.725835189309577
2025-06-25,Delhi,28.61,77.21,24,6,Monsoon,Monsoon,84,974.7,29.2,30.2,34.3,29.1,9.8,11.9,0.7,12.9,12.2,12.6,19.4,12.0,0.3626666666666666,0.4921259842519686,3.5293333333333337,1.6277777777777778,0.9015748031496063,1.7759999999999998,1.921777777777778,2.2648437500000003,3.737111111111111
2025-06-26,Delhi,28.61,77.21,24,6,Monsoon,Monsoon,76,976.3,31.1,31.9,35.3,30.6,5.6,4.8,0.0,11.5,12.4,12.2,21.2,11.6,0.36208425720620835,0.49687500000000007,3.533037694013304,1.6310421286031043,0.90234375,1.7991130820399113,1.917960088691796,2.251937984496124,3.7452328159645236
2025-06-27,Delhi,28.61,77.21,24,6,Monsoon,Clear,75,975.5,31.6,32.4,35.7,30.7,2.1,2.2,0.0,0.5,11.2,11.8,17.9,8.8,0.36238938053097336,0.5031007751937985,3.5356194690265483,1.6404867256637168,0.9472868217054263,1.8205752212389381,1.915486725663717,2.2392307692307694,3.7581858407079647
2025-06-28,Delhi,28.61,77.21,24,6,Monsoon,Monsoon,74,974.4,30.8,31.3,35.6,30.8,0.7,1.7,0.0,8.3,7.1,6.6,18.4,8.5,0.36357615894039724,0.5123076923076922,3.538852097130243,1.6403973509933776,0.9530769230769232,1.8176600441501103,1.9165562913907286,2.2450381679389313,3.769977924944812
2025-06-29,Delhi,28.61,77.21,24,6,Monsoon,Monsoon,79,972.2,29.9,29.8,33.3,29.5,3.7,4.2,3.4,16.2,8.1,8.4,16.5,12.4,0.3627753303964757,0.5122137404580153,3.541629955947137,1.65352422907489,0.9961832061068703,1.8319383259911892,1.9154185022026433,2.242424242424242,3.783480176211454
2025-06-30,Delhi,28.61,77.21,24,6,Monsoon,Monsoon,87,973.3,27.6,28.3,31.0,27.8,20.0,14.4,23.9,17.3,10.2,9.5,13.5,10.1,0.36285714285714277,0.5106060606060606,3.5421978021978022,1.6773626373626374,1.0795454545454546,1.8560439560439561,1.9206593406593406,2.255639097744361,3.784175824175824
2025-07-01,Delhi,28.61,77.21,24,7,Monsoon,Monsoon,84,974.2,28.7,29.1,31.6,28.7,7.5,3.9,0.8,9.1,10.1,8.0,16.8,10.1,0.3624999999999999,0.5105263157894737,3.541447368421053,1.6796052631578946,1.093233082706767,1.8664473684210527,1.9166666666666667,2.2432835820895525,3.783333333333333
2025-07-02,Delhi,28.61,77.21,24,7,Monsoon,Clear,81,974.1,29.9,31.0,34.0,29.9,7.4,4.1,0.0,1.1,9.2,9.7,19.8,10.3,0.36170678336980294,0.5097014925373136,3.540043763676149,1.6794310722100656,1.1238805970149253,1.8805251641137855,1.912472647702407,2.2422222222222223,3.789715536105033
2025-07-03,Delhi,28.61,77.21,24,7,Monsoon,Clear,78,974.7,29.9,31.0,33.8,30.1,1.2,2.7,3.3,0.9,10.1,8.7,16.9,11.0,0.3609170305676855,0.5140740740740741,3.5412663755458516,1.689519650655022,1.1377777777777778,1.8788209606986899,1.9106986899563319,2.2301470588235297,3.8021834061135373
2025-07-04,Delhi,28.61,77.21,24,7,Monsoon,Clear,78,974.8,29.9,31.5,34.7,30.3,3.8,4.7,0.1,0.3,10.4,9.8,13.0,8.4,0.3605664488017428,0.5169117647058824,3.5416122004357296,1.686492374727669,1.1426470588235293,1.8799564270152505,1.908496732026144,2.2306569343065696,3.8067538126361655
2025-07-05,Delhi,28.61,77.21,24,7,Monsoon,Clear,77,973.7,30.9,31.3,35.5,30.9,0.8,2.1,0.0,3.4,9.6,9.3,17.7,7.1,0.3606521739130434,0.5218978102189781,3.5434782608695654,1.6904347826086956,1.1664233576642336,1.876304347826087,1.9086956521739131,2.2246376811594204,3.8084782608695655
2025-07-06,Delhi,28.61,77.21,24,7,Monsoon,Monsoon,74,973.5,30.5,31.2,34.4,31.0,6.5,5.9,12.1,7.4,6.3,5.2,15.6,8.1,0.3598698481561821,0.5210144927536232,3.5457700650759216,1.6924078091106292,1.1673913043478261,1.8796095444685466,1.9099783080260304,2.2244604316546766,3.8232104121475055
2025-07-07,Delhi,28.61,77.21,24,7,Monsoon,Monsoon,83,974.3,28.4,29.1,32.1,29.0,12.5,14.0,15.5,13.5,6.3,6.2,18.2,6.6,0.3601731601731601,0.5187050359712231,3.5454545454545454,1.6906926406926408,1.1697841726618705,1.8857142857142857,1.90974025974026,2.2292857142857145,3.831168831168831
2025-07-08,Delhi,28.61,77.21,24,7,Monsoon,Clear,76,974.4,30.8,31.3,35.4,30.9,0.7,2.1,0.3,0.0,9.7,10.0,18.3,9.2,0.3606911447084233,0.5157142857142857,3.5444924406047513,1.6892008639308855,1.165,1.885961123110151,1.9062634989200864,2.2163120567375887,3.8479481641468687
2025-07-09,Delhi,28.61,77.21,24,7,Monsoon,Monsoon,82,975.6,30.1,29.8,34.6,29.2,11.8,4.8,37.5,14.9,10.0,9.8,19.5,10.2,0.36012931034482754,0.5148936170212767,3.546551724137931,1.6870689655172415,1.171631205673759,1.8825431034482758,1.9032327586206896,2.2063380281690144,3.8592672413793103
2025-07-10,Delhi,28.61,77.21,24,7,Monsoon,Clear,85,977.5,27.1,27.5,29.6,27.5,4.7,7.5,2.6,3.6,7.6,6.9,21.2,8.5,0.3612903225806451,0.515492957746479,3.5505376344086024,1.6901075268817203,1.2345070422535211,1.9270967741935485,1.8995698924731184,2.193706293706294,3.870967741935484
2025-07-11,Delhi,28.61,77.21,24,7,Monsoon,Clear,83,977.0,28.0,28.8,32.0,28.4,1.6,2.6,0.1,0.4,6.6,6.8,10.7,4.2,0.3613733905579398,0.511888111888112,3.5474248927038623,1.6888412017167382,1.2531468531468533,1.925107296137339,1.8974248927038628,2.189583333333333,3.889914163090129
2025-07-12,Delhi,28.61,77.21,24,7,Monsoon,Clear,80,976.8,29.3,29.4,34.3,29.3,0.3,1.7,0.0,2.7,6.7,4.5,10.8,9.3,0.3614561027837258,0.5111111111111112,3.5475374732334046,1.68779443254818,1.2597222222222222,1.9216274089935759,1.8985010706638117,2.1924137931034484,3.895503211991435
2025-07-13,Delhi,28.61,77.21,24,7,Monsoon,Monsoon,87,976.7,28.7,29.2,34.5,28.2,8.5,8.6,1.2,18.6,14.7,12.3,21.7,11.0,0.36068376068376057,0.5082758620689657,3.550641025641026,1.6893162393162393,1.2579310344827586,1.9232905982905983,1.9000000000000001,2.21027397260274,3.8903846153846153
2025-07-14,Delhi,28.61,77.21,24,7,Monsoon,Monsoon,85,974.8,28.0,28.6,33.3,28.0,16.5,11.2,7.7,17.6,19.6,22.2,24.8,18.7,0.3609808102345415,0.5116438356164384,3.556503198294243,1.7072494669509597,1.3178082191780822,1.9562899786780383,1.9038379530916845,2.204081632653061,3.904904051172708
2025-07-15,Delhi,28.61,77.21,24,7,Monsoon,Monsoon,84,974.2,28.1,28.5,31.5,28.0,6.1,5.8,1.0,7.3,20.4,20.4,25.1,17.2,0.3602127659574467,0.5122448979591837,3.5602127659574467,1.7059574468085108,1.3523809523809525,1.9731914893617022,1.9017021276595747,2.2128378378378377,3.9095744680851063
2025-07-16,Delhi,28.61,77.21,24,7,Monsoon,Monsoon,83,975.8,28.7,29.6,32.9,28.7,9.7,5.1,2.4,8.2,9.5,11.0,20.7,11.8,0.35966029723991494,0.5121621621621623,3.5600849256900213,1.7048832271762209,1.3533783783783784,1.9823779193205944,1.9044585987261147,2.2194630872483225,3.918046709129512
2025-07-17,Delhi,28.61,77.21,24,7,Monsoon,Clear,82,977.8,28.6,29.2,31.3,28.5,2.7,4.5,0.4,1.4,13.0,14.2,21.7,12.9,0.35889830508474563,0.514765100671141,3.5614406779661016,1.7044491525423728,1.3651006711409397,1.9904661016949152,1.9052966101694917,2.21,3.9286016949152542
2025-07-18,Delhi,28.61,77.21,24,7,Monsoon,Clear,80,976.3,28.7,29.1,31.9,28.5,3.8,6.1,0.3,4.1,24.1,24.1,28.1,18.3,0.35835095137420714,0.516,3.559830866807611,1.7035940803382665,1.3766666666666667,1.9883720930232558,1.9014799154334037,2.2039735099337747,3.938900634249472
2025-07-19,Delhi,28.61,77.21,24,7,Monsoon,Clear,77,974.2,29.0,29.6,31.7,29.0,0.1,0.7,0.0,0.0,15.0,15.6,22.7,16.6,0.3580168776371307,0.5165562913907286,3.5594936708860763,1.700632911392405,1.380794701986755,1.992194092827004,1.909704641350211,2.2276315789473684,3.9512658227848103
2025-07-20,Delhi,28.61,77.21,24,7,Monsoon,Clear,73,974.3,30.1,30.6,33.6,30.1,0.0,0.1,0.0,0.0,8.6,7.9,17.0,8.8,0.3572631578947368,0.5171052631578948,3.557684210526316,1.697263157894737,1.3763157894736844,1.988,1.9090526315789476,2.219607843137255,3.9557894736842107
2025-07-21,Delhi,28.61,77.21,24,7,Monsoon,Clear,78,976.6,28.8,29.7,32.4,28.9,0.7,1.7,0.0,0.4,8.3,7.5,17.9,6.6,0.3565126050420167,0.5169934640522877,3.5575630252100843,1.6936974789915968,1.3679738562091504,1.9838235294117645,1.9054621848739495,2.211038961038961,3.9647058823529413
2025-07-22,Delhi,28.61,77.21,24,7,Monsoon,Clear,74,975.2,29.5,29.7,31.9,30.1,0.5,1.4,8.9,0.2,7.1,5.3,18.0,9.0,0.3559748427672955,0.518831168831169,3.557442348008386,1.6907756813417192,1.3675324675324676,1.980503144654088,1.9050314465408806,2.2025806451612904,3.980083857442348
2025-07-23,Delhi,28.61,77.21,24,7,Monsoon,Clear,78,972.4,28.8,29.1,30.4,29.8,4.3,7.3,16.7,1.2,8.8,8.0,19.5,10.5,0.35648535564853545,0.5180645161290324,3.553765690376569,1.687866108786611,1.3664516129032258,1.994560669456067,1.905020920502092,2.2121794871794873,3.9905857740585775
2025-07-24,Delhi,28.61,77.21,24,7,Monsoon,Clear,72,971.4,30.3,31.1,33.7,30.7,9.4,0.9,2.2,1.5,10.4,10.5,16.3,11.8,0.35782881002087674,0.5192307692307693,3.547599164926931,1.6908141962421712,1.396794871794872,2.0227557411273485,1.9045929018789145,2.214012738853503,4.001043841336117
2025-07-25,Delhi,28.61,77.21,24,7,Monsoon,Clear,68,971.1,31.4,32.3,35.9,31.8,0.0,0.3,0.9,0.5,12.9,11.9,15.5,10.6,0.35791666666666655,0.5184713375796179,3.5464583333333333,1.70375,1.39171974522293,2.02,1.9035416666666667,2.208227848101266,4.002083333333333
2025-07-26,Delhi,28.61,77.21,24,7,Monsoon,Clear,73,972.3,30.2,31.6,34.3,31.0,3.5,5.3,0.7,2.3,10.5,9.8,12.6,11.7,0.3580041580041579,0.5183544303797469,3.547609147609147,1.7012474012474015,1.3841772151898735,2.0166320166320166,1.9043659043659045,2.2025157232704404,4.003950103950104
2025-07-27,Delhi,28.61,77.21,24,7,Monsoon,Clear,68,972.2,30.5,31.6,34.9,32.1,0.8,2.1,0.6,0.9,8.7,9.2,15.2,12.3,0.3589211618257261,0.518867924528302,3.5470954356846476,1.700207468879668,1.3943396226415095,2.0157676348547717,1.9029045643153528,2.200625,3.9975103734439834
2025-07-28,Delhi,28.61,77.21,24,7,Monsoon,Clear,67,972.4,31.1,31.8,34.3,32.1,0.8,0.5,7.5,1.6,5.9,6.5,21.6,9.7,0.3614906832298136,0.51875,3.5455486542443064,1.6968944099378882,1.393125,2.012215320910973,1.9064182194616979,2.2062111801242237,3.9952380952380953
2025-07-29,Delhi,28.61,77.21,24,7,Monsoon,Clear,82,973.2,28.7,29.4,31.5,29.2,8.8,11.8,19.9,3.8,7.8,8.0,17.1,7.6,0.3628099173553718,0.5173913043478262,3.5427685950413226,1.6950413223140495,1.391304347826087,2.0202479338842974,1.9103305785123967,2.212345679012346,4.011570247933885
2025-07-30,Delhi,28.61,77.21,24,7,Monsoon,Monsoon,88,973.9,27.8,28.8,30.4,27.9,12.8,12.7,29.0,15.3,13.7,11.3,19.7,10.4,0.36309278350515456,0.5154320987654322,3.54020618556701,1.7018556701030927,1.4320987654320987,2.049278350515464,1.9068041237113404,2.201226993865031,4.022886597938145
2025-07-31,Delhi,28.61,77.21,24,7,Monsoon,Monsoon,88,974.7,27.1,27.3,28.6,27.7,31.0,27.2,33.9,29.2,9.2,9.7,16.3,9.9,0.36255144032921804,0.5177914110429449,3.538065843621399,1.7034979423868313,1.4392638036809817,2.0732510288065846,1.909670781893004,2.1932926829268293,4.033744855967078
2025-08-01,Delhi,28.61,77.21,24,8,Monsoon,Monsoon,85,975.6,28.0,28.5,30.9,28.3,1.8,8.0,20.2,7.5,7.6,7.8,14.1,10.6,0.36303901437371655,0.5170731707317073,3.53264887063655,1.7036960985626284,1.4426829268292685,2.0786447638603693,1.907186858316222,2.1812121212121216,4.038603696098563
2025-08-02,Delhi,28.61,77.21,24,8,Monsoon,Clear,79,975.9,29.3,29.8,32.9,29.1,0.1,1.1,0.4,0.9,10.9,11.2,18.8,10.9,0.3629098360655737,0.5151515151515152,3.5307377049180326,1.7118852459016394,1.436969696969697,2.1004098360655736,1.909426229508197,2.184939759036145,4.0375
2025-08-03,Delhi,28.61,77.21,24,8,Monsoon,Clear,77,977.0,29.7,30.4,33.0,29.7,0.7,2.9,1.9,0.7,13.1,13.8,21.0,11.8,0.3625766871165643,0.516265060240964,3.5312883435582823,1.7100204498977507,1.4295180722891567,2.0971370143149284,1.9055214723926381,2.1736526946107784,4.045398773006135
2025-08-04,Delhi,28.61,77.21,24,8,Monsoon,Clear,82,978.3,29.2,29.7,32.0,28.6,1.3,2.5,4.8,0.1,14.1,11.3,16.1,12.1,0.36183673469387745,0.517365269461078,3.530816326530612,1.706530612244898,1.4341317365269461,2.0953061224489797,1.9042857142857144,2.1726190476190474,4.055918367346939
2025-08-05,Delhi,28.61,77.21,24,8,Monsoon,Monsoon,84,978.5,28.8,28.9,30.7,27.9,2.5,3.0,5.6,8.3,13.1,12.5,18.4,10.9,0.36232179226069233,0.5208333333333334,3.5305498981670063,1.705498981670061,1.4398809523809524,2.1006109979633405,1.904480651731161,2.1644970414201183,4.055804480651731
2025-08-06,Delhi,28.61,77.21,24,8,Monsoon,Clear,80,979.0,29.2,30.2,30.8,28.7,0.2,1.2,1.4,0.5,10.4,10.0,16.9,9.0,0.3634146341463414,0.5236686390532546,3.5290650406504063,1.7138211382113822,1.4627218934911244,2.1018292682926827,1.9050813008130083,2.1611764705882357,4.062804878048781
2025-08-07,Delhi,28.61,77.21,24,8,Monsoon,Clear,72,977.7,30.2,31.2,34.2,29.9,0.0,0.1,0.0,0.0,13.4,13.7,19.7,12.8,0.3636916835699796,0.5294117647058825,3.5261663286004055,1.7109533468559839,1.458235294117647,2.099391480730223,1.904056795131846,2.1543859649122807,4.070588235294117
2025-08-08,Delhi,28.61,77.21,24,8,Monsoon,Clear,70,978.8,30.4,31.3,34.3,29.9,0.0,0.0,0.2,0.0,13.4,12.8,17.4,11.9,0.3635627530364372,0.5339181286549708,3.5277327935222673,1.70748987854251,1.4502923976608186,2.0951417004048585,1.9014170040485832,2.147093023255814,4.076315789473684
2025-08-09,Delhi,28.61,77.21,24,8,Monsoon,Monsoon,84,980.9,27.2,28.1,30.8,27.8,10.8,11.8,0.2,8.9,12.2,11.2,10.9,7.2,0.3638383838383838,0.5389534883720931,3.5294949494949495,1.704040404040404,1.441860465116279,2.0913131313131315,1.9006060606060609,2.1398843930635842,4.07919191919192
2025-08-10,Delhi,28.61,77.21,24,8,Monsoon,Clear,83,979.6,29.0,29.6,31.9,28.9,0.8,2.7,1.0,1.7,9.2,9.0,15.8,5.9,0.36431451612903215,0.5375722543352602,3.5284274193548386,1.7044354838709677,1.4502890173410405,2.104637096774194,1.9068548387096775,2.1505747126436785,4.078427419354839
2025-08-11,Delhi,28.61,77.21,24,8,Monsoon,Clear,78,978.2,29.8,30.4,32.6,29.8,0.5,1.3,0.1,1.6,11.3,11.9,19.1,11.3,0.36378269617706227,0.5385057471264368,3.5273641851106636,1.7028169014084509,1.4477011494252874,2.1018108651911467,1.9096579476861169,2.156,4.090140845070422
2025-08-12,Delhi,28.61,77.21,24,8,Monsoon,Clear,80,977.6,29.0,29.5,31.9,29.2,10.2,2.7,6.4,3.9,10.1,6.9,13.7,11.4,0.3630522088353413,0.5388571428571429,3.525903614457831,1.7016064257028112,1.4411428571428573,2.100602409638554,1.9058232931726908,2.147159090909091,4.097590361445784
2025-08-13,Delhi,28.61,77.21,24,8,Monsoon,Clear,74,976.7,30.3,31.1,34.0,30.3,0.0,0.7,0.0,0.0,8.7,8.6,13.0,8.5,0.3627254509018035,0.5375000000000001,3.524248496993988,1.7108216432865733,1.4397727272727272,2.1014028056112224,1.9046092184368737,2.16045197740113,4.093987975951904
2025-08-14,Delhi,28.61,77.21,24,8,Monsoon,Monsoon,88,979.3,27.9,28.3,28.5,27.8,9.8,13.9,14.5,8.2,10.1,8.4,14.8,7.5,0.36199999999999993,0.5389830508474578,3.5246,1.7074,1.4355932203389832,2.0972,1.9012,2.148876404494382,4.0948
2025-08-15,Delhi,28.61,77.21,24,8,Monsoon,Clear,86,978.3,27.9,28.8,30.7,28.4,7.6,9.7,3.5,4.6,6.4,6.3,12.1,7.0,0.3614770459081836,0.5387640449438204,3.5189620758483033,1.7071856287425151,1.4595505617977529,2.1055888223552897,1.9025948103792416,2.141899441340782,4.101197604790419
2025-08-16,Delhi,28.61,77.21,24,8,Monsoon,Clear,87,977.1,29.0,29.7,32.5,28.6,6.8,3.6,0.0,4.1,7.0,8.0,14.2,8.3,0.3617529880478087,0.5379888268156426,3.5165338645418327,1.7097609561752989,1.4798882681564247,2.103585657370518,1.9000000000000001,2.133888888888889,4.103187250996016
2025-08-17,Delhi,28.61,77.21,24,8,Monsoon,Clear,86,978.1,29.4,29.8,32.1,29.0,0.6,4.3,0.1,3.6,9.1,9.8,18.0,10.3,0.3618290258449303,0.5411111111111112,3.517296222664016,1.7117296222664016,1.4744444444444447,2.107554671968191,1.8988071570576541,2.1237569060773485,4.10675944333996
2025-08-18,Delhi,28.61,77.21,24,8,Monsoon,Monsoon,83,979.6,29.2,30.0,32.1,29.2,6.3,5.5,1.1,9.0,13.9,11.7,18.0,14.2,0.3619047619047618,0.5425414364640885,3.5164682539682537,1.7142857142857142,1.4701657458563537,2.11031746031746,1.897420634920635,2.114835164835165,4.113888888888889
2025-08-19,Delhi,28.61,77.21,24,8,Monsoon,Clear,82,978.3,29.4,30.3,32.4,29.2,7.2,1.7,6.8,5.4,9.8,10.2,16.4,11.6,0.36118811881188106,0.5439560439560441,3.5152475247524753,1.7162376237623764,1.4813186813186814,2.121782178217822,1.8942574257425744,2.1169398907103827,4.1132673267326725
2025-08-20,Delhi,28.61,77.21,24,8,Monsoon,Clear,79,977.6,29.6,30.9,32.0,29.3,3.2,2.8,5.0,5.6,13.1,13.2,20.0,12.3,0.3608695652173912,0.5469945355191258,3.5146245059288534,1.716403162055336,1.4934426229508198,2.1203557312252967,1.8940711462450592,2.11304347826087,4.1146245059288535
2025-08-21,Delhi,28.61,77.21,24,8,Monsoon,Monsoon,78,977.8,29.1,30.6,32.0,29.7,2.1,6.1,3.7,13.8,10.6,10.8,15.7,12.8,0.36074950690335295,0.5527173913043479,3.51301775147929,1.7177514792899409,1.5005434782608698,2.1173570019723864,1.891913214990138,2.106486486486487,4.121696252465483
2025-08-22,Delhi,28.61,77.21,24,8,Monsoon,Clear,75,975.6,29.0,31.2,32.9,30.3,4.1,5.4,3.5,3.3,7.6,6.9,16.4,7.6,0.3612204724409448,0.5545945945945947,3.5106299212598424,1.7374015748031497,1.5340540540540542,2.133070866141732,1.89251968503937,2.1059139784946237,4.119291338582677
2025-08-23,Delhi,28.61,77.21,24,8,Monsoon,Monsoon,84,975.5,28.1,29.5,32.0,28.3,13.8,12.5,2.6,13.2,12.2,10.1,18.1,11.2,0.3630648330058938,0.556451612903226,3.5088408644400784,1.7355599214145383,1.5370967741935486,2.129273084479371,1.8888015717092337,2.098395721925134,4.1284872298624755
2025-08-24,Delhi,28.61,77.21,24,8,Monsoon,Monsoon,87,976.3,27.9,28.4,30.3,27.6,13.4,12.6,8.2,11.8,17.4,14.9,19.3,14.7,0.36274509803921556,0.5598930481283423,3.50921568627451,1.7333333333333334,1.532620320855615,2.1458823529411766,1.8870588235294117,2.0930851063829787,4.133921568627452
2025-08-25,Delhi,28.61,77.21,24,8,Monsoon,Monsoon,89,975.6,26.9,27.8,27.3,26.6,13.0,16.6,17.8,19.7,17.9,17.9,20.0,15.9,0.3626223091976516,0.5611702127659576,3.5076320939334633,1.7330724070450099,1.5287234042553193,2.148727984344423,1.8886497064579257,2.0830687830687835,4.134833659491194
2025-08-26,Delhi,28.61,77.21,24,8,Monsoon,Clear,89,978.1,26.8,28.0,29.6,27.2,15.6,15.4,4.3,6.7,17.7,16.3,21.7,18.0,0.3624999999999999,0.5645502645502647,3.5021484375,1.7427734375000001,1.537037037037037,2.1482421875,1.8888671875,2.082631578947369,4.134765625
2025-08-27,Delhi,28.61,77.21,24,8,Monsoon,Clear,86,978.2,28.1,28.9,31.6,28.4,3.2,4.1,0.0,1.4,6.9,6.7,12.2,8.4,0.36257309941520455,0.5657894736842106,3.5,1.7567251461988305,1.574736842105263,2.1487329434697853,1.8857699805068227,2.080628272251309,4.133918128654971
2025-08-28,Delhi,28.61,77.21,24,8,Monsoon,Monsoon,86,977.7,28.5,29.4,32.6,28.6,2.8,1.9,0.2,15.5,10.8,10.9,12.8,9.7,0.3624513618677042,0.5654450261780105,3.4994163424124514,1.7568093385214008,1.580628272251309,2.1472762645914396,1.8850194552529183,2.0786458333333333,4.133268482490273
2025-08-29,Delhi,28.61,77.21,24,8,Monsoon,Monsoon,88,978.8,27.9,28.8,31.6,27.9,7.1,11.5,0.2,12.6,12.1,11.5,19.7,12.2,0.36194174757281544,0.5666666666666668,3.500388349514563,1.7780582524271846,1.6432291666666667,2.1728155339805824,1.883495145631068,2.0740932642487047,4.13126213592233
2025-08-30,Delhi,28.61,77.21,24,8,Monsoon,Clear,84,980.3,28.6,29.3,31.4,28.4,1.8,2.6,0.0,3.8,13.0,12.3,18.0,12.3,0.3612403100775193,0.5683937823834198,3.5007751937984493,1.7852713178294575,1.640414507772021,2.1926356589147287,1.8800387596899226,2.0670103092783507,4.1377906976744185
2025-08-31,Delhi,28.61,77.21,24,8,Monsoon,Monsoon,90,978.4,26.8,27.8,30.3,26.7,12.6,18.6,8.3,13.1,13.0,13.4,16.1,15.8,0.3609284332688587,0.5701030927835052,3.499806576402321,1.7856866537717602,1.6381443298969072,2.195744680851064,1.8777562862669246,2.056410256410256,4.140812379110252
2025-09-01,Delhi,28.61,77.21,24,9,Monsoon,Monsoon,92,975.1,25.4,26.3,25.4,25.4,34.3,29.6,41.0,31.5,18.5,19.9,26.9,17.5,0.36042471042471036,0.5728205128205129,3.5,1.7832046332046332,1.657948717948718,2.200772200772201,1.8795366795366797,2.058163265306123,4.133397683397683
2025-09-02,Delhi,28.61,77.21,24,9,Monsoon,Monsoon,93,976.4,25.3,25.9,25.3,25.0,33.6,34.9,13.2,21.7,19.3,17.9,24.5,15.6,0.3597302504816955,0.5744897959183675,3.4932562620423893,1.7851637764932562,1.6591836734693877,2.214836223506744,1.8778420038535646,2.0598984771573603,4.14354527938343
2025-09-03,Delhi,28.61,77.21,24,9,Monsoon,Monsoon,89,979.3,26.3,27.5,26.2,26.2,6.9,18.7,13.9,14.7,11.0,12.4,17.8,10.4,0.3596153846153845,0.5761421319796955,3.4871153846153846,1.8046153846153845,1.7177664974619289,2.226923076923077,1.881346153846154,2.0611111111111113,4.152692307692308
2025-09-04,Delhi,28.61,77.21,24,9,Monsoon,Monsoon,87,979.8,27.3,28.3,29.3,27.1,16.1,12.6,16.3,17.7,11.7,9.1,15.0,12.0,0.3591170825335892,0.57979797979798,3.48042226487524,1.816122840690979,1.729292929292929,2.224184261036468,1.8788867562380038,2.0608040201005027,4.158925143953935
2025-09-05,Delhi,28.61,77.21,24,9,Monsoon,Clear,85,979.7,28.1,28.5,30.2,27.6,5.8,6.3,2.4,4.8,16.2,16.2,21.2,17.0,0.35881226053639836,0.5829145728643218,3.4779693486590038,1.8157088122605365,1.7462311557788945,2.2226053639846746,1.8758620689655174,2.065,4.156704980842912
2025-09-06,Delhi,28.61,77.21,24,9,Monsoon,Monsoon,85,980.3,27.8,28.8,30.1,27.7,5.3,7.3,8.2,13.3,14.4,13.9,19.7,14.1,0.35908221797323125,0.5845000000000001,3.4762906309751433,1.81414913957935,1.745,2.222944550669216,1.8738049713193117,2.0587064676616915,4.15678776290631
2025-09-07,Delhi,28.61,77.21,24,9,Monsoon,Clear,85,979.9,28.1,29.3,31.0,28.0,3.7,5.6,3.1,2.3,13.7,12.8,17.9,11.0,0.3585877862595419,0.5870646766169155,3.474236641221374,1.8259541984732826,1.7661691542288558,2.228435114503817,1.8708015267175573,2.0495049504950495,4.159541984732824
2025-09-08,Delhi,28.61,77.21,24,9,Monsoon,Clear,81,980.9,28.6,29.9,31.8,28.6,1.2,1.7,5.6,0.7,6.8,6.6,12.9,6.1,0.35809523809523797,0.5905940594059407,3.473333333333333,1.8251428571428572,1.7737623762376238,2.2257142857142855,1.8723809523809525,2.0482758620689654,4.164761904761905
2025-09-09,Delhi,28.61,77.21,24,9,Monsoon,Clear,76,982.2,29.3,30.5,32.5,29.0,0.5,0.3,0.0,0.4,10.1,9.8,16.8,10.8,0.3574144486692014,0.5940886699507391,3.472813688212928,1.8226235741444867,1.7699507389162563,2.2307984790874524,1.870152091254753,2.0406862745098038,4.169771863117871
2025-09-10,Delhi,28.61,77.21,24,9,Monsoon,Clear,73,981.3,29.5,30.5,32.2,29.2,0.0,0.0,0.0,0.0,17.1,16.9,22.6,15.6,0.35730550284629975,0.598529411764706,3.4728652751423152,1.8193548387096776,1.761764705882353,2.227324478178368,1.867931688804554,2.035609756097561,4.173244781783682
2025-09-11,Delhi,28.61,77.21,24,9,Monsoon,Clear,69,980.8,29.0,29.9,32.0,28.9,0.0,0.0,0.0,0.0,16.1,16.4,20.3,15.2,0.3571969696969696,0.6019512195121952,3.471969696969697,1.8159090909090911,1.7531707317073169,2.2231060606060606,1.8672348484848484,2.0320388349514564,4.178598484848485
2025-09-12,Delhi,28.61,77.21,24,9,Monsoon,Clear,67,982.1,28.8,30.0,32.6,29.4,0.1,0.0,0.0,0.2,11.9,11.5,17.4,11.3,0.3567107750472589,0.6038834951456311,3.471266540642722,1.812476370510397,1.7446601941747573,2.2189035916824196,1.8654064272211721,2.0280193236714976,4.180340264650284
2025-09-13,Delhi,28.61,77.21,24,9,Monsoon,Clear,60,982.4,29.6,31.1,32.9,30.8,0.3,0.0,0.0,0.9,9.9,7.0,14.5,11.5,0.35716981132075465,0.603864734299517,3.470754716981132,1.809245283018868,1.7371980676328505,2.2150943396226417,1.8630188679245283,2.019230769230769,4.183962264150943
2025-09-14,Delhi,28.61,77.21,24,9,Monsoon,Clear,57,981.9,30.8,31.8,33.1,31.9,1.2,0.1,0.0,0.2,10.6,10.3,14.3,12.1,0.35875706214689257,0.6024038461538462,3.4681732580037665,1.8069679849340867,1.7331730769230769,2.212617702448211,1.862523540489642,2.0311004784688995,4.181732580037664
2025-09-15,Delhi,28.61,77.21,24,9,Monsoon,Clear,54,980.1,31.6,32.1,33.9,32.3,0.0,0.0,0.0,0.0,13.0,10.9,15.3,13.3,0.36015037593984955,0.6000000000000001,3.46390977443609,1.8054511278195489,1.7253588516746412,2.2088345864661654,1.861842105263158,2.0300000000000002,4.178007518796992
2025-09-16,Delhi,28.61,77.21,24,9,Monsoon,Clear,56,980.3,30.5,31.9,34.1,31.7,2.3,0.1,0.0,0.1,7.4,8.0,11.6,10.2,0.36078799249530946,0.5980952380952382,3.460412757973734,1.802063789868668,1.7171428571428573,2.2046904315197,1.8589118198874297,2.0317535545023695,4.173921200750469
2025-09-17,Delhi,28.61,77.21,24,9,Monsoon,Clear,61,981.0,29.5,31.2,32.8,31.2,1.8,0.8,0.2,0.2,10.5,8.3,11.5,9.5,0.36235955056179764,0.5962085308056873,3.4584269662921345,1.802808988764045,1.709004739336493,2.200749063670412,1.860674157303371,2.032547169811321,4.1687265917603
2025-09-18,Delhi,28.61,77.21,24,9,Monsoon,Clear,67,981.2,29.2,31.0,32.2,30.2,3.4,1.3,2.2,1.6,8.4,8.7,11.3,8.5,0.36485981308411203,0.5933962264150944,3.4549532710280375,1.8024299065420561,1.7037735849056603,2.1966355140186917,1.8590654205607478,2.028638497652582,4.164672897196262
2025-09-19,Delhi,28.61,77.21,24,9,Monsoon,Clear,62,981.8,30.8,31.2,32.6,31.1,0.3,0.6,0.0,0.7,13.0,11.0,18.4,11.5,0.36604477611940284,0.5943661971830987,3.452238805970149,1.8024253731343285,1.6971830985915493,2.19365671641791,1.8557835820895523,2.020093457943925,4.162126865671642
2025-09-20,Delhi,28.61,77.21,24,9,Monsoon,Clear,56,981.2,31.2,32.0,33.1,31.5,0.0,0.0,0.0,0.0,14.5,14.8,20.1,14.8,0.3659217877094971,0.5920560747663552,3.4486033519553074,1.7998137802607077,1.6897196261682244,2.1908752327746743,1.85512104283054,2.0130232558139536,4.167225325884544
2025-09-21,Delhi,28.61,77.21,24,9,Monsoon,Clear,53,980.3,30.8,31.5,33.0,31.2,0.0,0.0,0.0,0.0,16.3,16.4,18.3,14.4,0.3657992565055761,0.5916279069767443,3.4451672862453533,1.796468401486989,1.6818604651162792,2.186802973977695,1.8522304832713754,2.0037037037037035,4.169330855018587
2025-09-22,Delhi,28.61,77.21,24,9,Monsoon,Clear,51,980.8,31.2,31.9,33.2,31.6,0.0,0.0,0.0,0.0,17.2,16.1,20.6,16.0,0.36586270871985144,0.5902777777777778,3.4421150278293133,1.7931354359925789,1.6740740740740743,2.1827458256029684,1.8523191094619667,2.0036866359447005,4.1688311688311686
2025-09-23,Delhi,28.61,77.21,24,9,Monsoon,Clear,47,980.5,31.2,31.8,32.9,31.5,0.0,0.0,0.0,0.0,19.2,18.9,19.3,16.7,0.3659259259259258,0.5889400921658987,3.438703703703704,1.7898148148148147,1.6663594470046084,2.178703703703704,1.8511111111111112,1.9949541284403671,4.16962962962963
2025-09-24,Delhi,28.61,77.21,24,9,Monsoon,Clear,50,979.0,30.7,31.1,33.0,31.0,0.0,0.0,0.0,0.0,17.6,17.6,18.9,15.6,0.365804066543438,0.5876146788990827,3.434935304990758,1.7865064695009243,1.6587155963302753,2.174676524953789,1.8523105360443624,1.9958904109589042,4.166728280961182
2025-09-25,Delhi,28.61,77.21,24,9,Monsoon,Clear,52,979.9,30.6,30.8,32.8,31.1,0.0,0.0,0.0,0.0,14.8,14.9,17.6,13.5,0.3656826568265682,0.5853881278538814,3.4322878228782288,1.783210332103321,1.6511415525114157,2.1706642066420665,1.8525830258302582,1.995909090909091,4.165129151291513
2025-09-26,Delhi,28.61,77.21,24,9,Monsoon,Clear,52,981.0,31.4,31.7,33.0,31.6,0.0,0.0,0.0,0.0,16.1,16.2,18.4,14.0,0.3659300184162062,0.5840909090909091,3.429097605893186,1.779926335174954,1.6436363636363638,2.1666666666666665,1.8515653775322283,1.993212669683258,4.165009208103131
2025-09-27,Delhi,28.61,77.21,24,9,Monsoon,Clear,54,982.8,31.8,32.3,33.1,32.6,0.2,0.0,0.0,0.1,9.7,7.4,12.0,6.1,0.3656249999999999,0.5819004524886879,3.425367647058824,1.7766544117647058,1.6361990950226246,2.1626838235294117,1.8520220588235294,1.994144144144144,4.165441176470588
2025-09-28,Delhi,28.61,77.21,24,9,Monsoon,Clear,60,982.2,31.6,32.6,33.0,32.3,0.4,0.0,0.7,0.0,14.7,14.7,16.3,13.5,0.36642201834862376,0.5806306306306307,3.4200000000000004,1.7735779816513761,1.6292792792792792,2.1588990825688072,1.8552293577981651,1.9910313901345291,4.16862385321101
2025-09-29,Delhi,28.61,77.21,24,9,Monsoon,Clear,58,980.6,31.4,32.4,33.1,32.0,0.0,0.0,0.3,0.2,10.8,10.6,13.4,8.6,0.36703296703296695,0.5793721973094171,3.415018315018315,1.771062271062271,1.6219730941704036,2.156227106227106,1.854029304029304,1.9875,4.1661172161172155
2025-09-30,Delhi,28.61,77.21,24,9,Monsoon,Monsoon,64,978.9,29.1,29.3,31.2,30.6,0.6,5.7,0.0,8.0,10.6,11.3,13.6,14.0,0.36745886654478965,0.5785714285714286,3.4107861060329068,1.7681901279707497,1.6156249999999999,2.1524680073126143,1.8546617915904935,1.9875555555555555,4.1672760511883
2025-02-19,Chennai,13.08,80.27,24,2,Winter,Clear,74,1010.6,26.4,26.8,26.4,26.6,0.0,0.0,0.0,0.0,14.2,15.6,19.0,13.5,0.2592592592592592,0.1999999999999993,1.4024691358024692,2.0376543209876545,0.0,3.5864197530864197,1.707716049382716,0.4499999999999993,4.714814814814814
2025-02-20,Chennai,13.08,80.27,24,2,Winter,Clear,72,1011.3,26.8,27.0,26.7,27.0,0.0,0.0,0.0,0.0,12.0,13.5,18.7,12.6,0.25907692307692304,0.1999999999999993,1.3987692307692308,2.0313846153846153,0.0,3.5753846153846154,1.7046153846153846,0.9999999999999994,4.717230769230769
2025-02-21,Chennai,13.08,80.27,24,2,Winter,Clear,73,1012.7,27.0,27.0,26.8,27.1,0.3,0.0,0.0,0.3,14.0,14.4,17.7,11.9,0.25889570552147234,0.13333333333333286,1.395398773006135,2.025153374233129,0.0,3.5644171779141103,1.7012269938650308,0.9749999999999996,4.721472392638037
2025-02-22,Chennai,13.08,80.27,24,2,Winter,Clear,74,1013.0,27.2,27.3,27.2,27.2,0.1,0.1,0.0,0.0,14.6,14.0,18.0,14.5,0.2584097859327217,0.125,1.3920489296636087,2.0189602446483184,0.075,3.5544342507645257,1.7024464831804282,1.2799999999999998,4.724770642201835
2025-02-23,Chennai,13.08,80.27,24,2,Winter,Clear,73,1013.1,27.1,27.3,27.3,27.5,0.0,0.0,0.0,0.0,14.0,13.6,17.9,12.7,0.25762195121951215,0.12000000000000029,1.3878048780487806,2.013109756097561,0.08,3.5435975609756096,1.697560975609756,1.1499999999999997,4.721036585365853
2025-02-24,Chennai,13.08,80.27,24,2,Winter,Clear,76,1013.3,27.1,27.3,27.2,27.3,0.0,0.1,0.0,0.0,17.1,16.8,22.7,15.7,0.25805471124620055,0.13333333333333344,1.38419452887538,2.0069908814589663,0.06666666666666667,3.5328267477203648,1.6963525835866262,1.114285714285714,4.722492401215805
2025-02-25,Chennai,13.08,80.27,24,2,Winter,Clear,69,1014.2,28.1,27.8,27.6,27.9,0.0,0.0,0.0,0.0,20.2,19.1,24.2,17.1,0.2578787878787878,0.1142857142857144,1.3803030303030304,2.000909090909091,0.07142857142857142,3.522121212121212,1.6954545454545455,1.1125,4.7293939393939395
2025-02-26,Chennai,13.08,80.27,24,2,Winter,Clear,69,1013.9,28.3,28.3,27.9,28.2,0.0,0.0,0.0,0.0,21.2,22.4,25.6,19.1,0.2577039274924471,0.11249999999999982,1.3770392749244713,1.9948640483383684,0.0625,3.5114803625377644,1.6996978851963747,1.2111111111111112,4.7365558912386705
2025-02-27,Chennai,13.08,80.27,24,2,Winter,Clear,70,1012.5,28.0,28.0,27.3,27.9,0.0,0.1,0.0,0.0,19.4,20.4,23.5,16.7,0.25722891566265055,0.1111111111111111,1.3737951807228916,1.988855421686747,0.05555555555555555,3.5009036144578314,1.7009036144578316,1.4199999999999997,4.741867469879518
2025-02-28,Chennai,13.08,80.27,24,2,Winter,Clear,71,1011.6,27.9,28.1,27.1,28.0,0.0,0.5,0.4,0.1,18.9,18.7,21.6,17.8,0.2567567567567567,0.11000000000000014,1.3714714714714715,1.9828828828828828,0.06,3.4903903903903903,1.703903903903904,1.6272727272727272,4.748048048048048
2025-03-01,Chennai,13.08,80.27,24,3,Summer,Clear,74,1010.7,28.0,28.5,27.8,28.2,1.3,1.2,1.4,0.4,18.0,15.6,20.4,16.3,0.2562874251497006,0.10909090909090935,1.370059880239521,1.9772455089820358,0.09090909090909091,3.4808383233532934,1.7020958083832336,1.5666666666666664,4.745209580838323
2025-03-02,Chennai,13.08,80.27,24,3,Summer,Clear,74,1009.4,28.4,28.5,28.4,28.4,0.1,0.3,0.0,0.0,12.4,12.3,18.4,13.0,0.2561194029850746,0.1250000000000003,1.3671641791044775,1.9740298507462686,0.15,3.4734328358208955,1.7020895522388058,1.4999999999999998,4.7432835820895525
2025-03-03,Chennai,13.08,80.27,24,3,Summer,Clear,77,1009.3,28.3,28.6,28.3,28.3,0.0,0.0,0.0,0.0,14.7,12.9,17.5,14.9,0.2553571428571428,0.12307692307692346,1.3630952380952381,1.9684523809523808,0.16153846153846155,3.463095238095238,1.6988095238095238,1.4428571428571426,4.745238095238095
2025-03-04,Chennai,13.08,80.27,24,3,Summer,Clear,76,1009.2,28.1,28.4,28.1,28.2,0.0,0.0,0.0,0.0,14.3,12.8,17.6,14.0,0.25459940652818985,0.13571428571428612,1.3590504451038576,1.9626112759643917,0.15,3.4528189910979226,1.6943620178041543,1.4799999999999998,4.738872403560831
2025-03-05,Chennai,13.08,80.27,24,3,Summer,Clear,74,1008.9,28.0,28.3,28.2,28.4,0.0,0.0,0.0,0.0,13.0,13.8,18.9,13.5,0.25414201183431945,0.14000000000000032,1.3553254437869824,1.9568047337278105,0.14,3.442603550295858,1.6902366863905325,1.4624999999999997,4.735502958579882
2025-03-06,Chennai,13.08,80.27,24,3,Summer,Clear,66,1009.6,28.6,28.8,28.9,28.9,0.0,0.0,0.0,0.0,16.9,16.1,22.4,16.6,0.2545722713864306,0.13750000000000018,1.3519174041297934,1.9510324483775812,0.13125,3.4324483775811205,1.686725663716814,1.3941176470588232,4.737463126843658
2025-03-07,Chennai,13.08,80.27,24,3,Summer,Clear,68,1008.9,27.3,27.7,27.7,27.5,0.0,0.0,0.0,0.0,14.5,14.1,21.7,14.1,0.2547058823529411,0.13529411764705887,1.3479411764705882,1.9452941176470588,0.12352941176470589,3.42235294117647,1.6826470588235294,1.344444444444444,4.740588235294117
2025-03-08,Chennai,13.08,80.27,24,3,Summer,Clear,71,1008.0,27.5,27.7,27.6,27.6,0.0,0.0,0.0,0.0,17.3,16.1,21.4,16.1,0.2545454545454545,0.1388888888888889,1.344574780058651,1.9395894428152491,0.11666666666666667,3.412316715542522,1.6788856304985338,1.2736842105263155,4.748973607038123
2025-03-09,Chennai,13.08,80.27,24,3,Summer,Clear,72,1009.3,27.3,27.6,27.4,27.5,0.1,0.0,0.0,0.0,15.9,15.1,19.7,14.9,0.2540935672514619,0.1368421052631578,1.340643274853801,1.9339181286549707,0.1105263157894737,3.4023391812865493,1.677485380116959,1.2099999999999997,4.750584795321638
2025-03-10,Chennai,13.08,80.27,24,3,Summer,Clear,61,1011.4,28.5,28.4,27.6,28.3,0.2,0.1,0.0,0.1,18.9,20.2,22.3,17.4,0.253935860058309,0.13499999999999995,1.3370262390670555,1.9285714285714286,0.10500000000000001,3.392419825072886,1.6755102040816325,1.1619047619047618,4.7507288629737605
2025-03-11,Chennai,13.08,80.27,24,3,Summer,Convective,78,1011.5,27.1,27.8,28.1,26.9,11.2,7.5,3.7,14.8,20.3,19.7,25.8,18.6,0.2537790697674418,0.1333333333333332,1.3351744186046512,1.9232558139534885,0.1,3.3828488372093024,1.6749999999999998,1.236363636363636,4.751162790697674
2025-03-12,Chennai,13.08,80.27,24,3,Summer,Clear,85,1010.0,26.8,27.5,28.5,26.8,2.8,5.0,0.1,1.8,13.9,13.2,21.0,12.1,0.25362318840579706,0.16818181818181815,1.3347826086956522,1.9281159420289857,0.4272727272727273,3.4052173913043475,1.6750724637681158,1.2304347826086954,4.758260869565217
2025-03-13,Chennai,13.08,80.27,24,3,Summer,Clear,80,1008.9,27.9,28.2,29.2,28.1,0.0,0.2,0.0,0.0,15.1,16.1,18.8,14.8,0.2528901734104046,0.1913043478260869,1.3358381502890175,1.925433526011561,0.5478260869565218,3.4002890173410405,1.6754335260115605,1.2249999999999996,4.770231213872832
2025-03-14,Chennai,13.08,80.27,24,3,Summer,Clear,76,1009.2,28.3,28.7,29.1,28.6,0.0,0.0,0.0,0.0,16.4,16.4,21.3,16.2,0.2527377521613833,0.18749999999999986,1.3351585014409222,1.919884726224784,0.5333333333333333,3.3904899135446684,1.6714697406340058,1.2279999999999998,4.768011527377522
2025-03-15,Chennai,13.08,80.27,24,3,Summer,Clear,72,1010.0,28.5,28.8,29.0,28.9,0.0,0.0,0.0,0.0,17.4,16.9,20.0,16.7,0.2528735632183908,0.18399999999999977,1.3327586206896551,1.9143678160919542,0.512,3.3807471264367814,1.6672413793103447,1.1884615384615382,4.768965517241379
2025-03-16,Chennai,13.08,80.27,24,3,Summer,Clear,75,1010.1,28.8,29.0,29.0,28.9,0.5,0.4,0.0,0.4,14.9,15.9,20.2,14.4,0.25329512893982803,0.18076923076923046,1.3292263610315187,1.9088825214899714,0.49230769230769234,3.371060171919771,1.6644699140401145,1.1518518518518517,4.764756446991404
2025-03-17,Chennai,13.08,80.27,24,3,Summer,Clear,75,1009.5,29.0,29.6,29.7,29.4,1.4,0.3,0.0,0.1,17.6,14.8,23.7,18.2,0.25285714285714284,0.17777777777777753,1.3257142857142856,1.9037142857142857,0.4740740740740741,3.362571428571429,1.661142857142857,1.1642857142857141,4.767714285714286
2025-03-18,Chennai,13.08,80.27,24,3,Summer,Clear,75,1009.5,29.3,29.6,29.6,29.4,0.5,0.4,0.0,0.2,17.8,15.3,20.8,17.2,0.2532763532763532,0.17857142857142844,1.322792022792023,1.901994301994302,0.4642857142857143,3.353276353276353,1.6581196581196582,1.2413793103448274,4.76980056980057
2025-03-19,Chennai,13.08,80.27,24,3,Summer,Clear,74,1011.5,29.2,29.6,29.6,29.5,0.2,0.5,0.0,0.4,17.4,15.7,22.6,17.0,0.252840909090909,0.17931034482758618,1.3196022727272727,1.8974431818181818,0.45517241379310347,3.3443181818181817,1.6551136363636365,1.263333333333333,4.766477272727273
2025-03-20,Chennai,13.08,80.27,24,3,Summer,Clear,69,1012.6,29.5,29.5,29.7,29.7,0.0,0.0,0.0,0.0,15.8,15.4,22.4,16.3,0.25297450424929174,0.1766666666666667,1.3161473087818698,1.8926345609065156,0.44333333333333336,3.3359773371104815,1.651558073654391,1.2645161290322577,4.768838526912181
2025-03-21,Chennai,13.08,80.27,24,3,Summer,Clear,69,1012.5,29.7,29.9,29.7,29.7,0.1,0.2,0.0,0.0,14.8,16.3,20.3,15.6,0.25282485875706207,0.1774193548387097,1.3124293785310734,1.8872881355932205,0.42903225806451617,3.326553672316384,1.6483050847457628,1.2531249999999998,4.772598870056497
2025-03-22,Chennai,13.08,80.27,24,3,Summer,Clear,74,1011.7,29.2,29.8,29.3,29.5,2.9,2.0,0.6,0.4,16.0,16.9,21.0,16.8,0.25211267605633797,0.17812499999999998,1.3087323943661973,1.8822535211267606,0.421875,3.317183098591549,1.6459154929577464,1.236363636363636,4.772394366197183
2025-03-23,Chennai,13.08,80.27,24,3,Summer,Clear,71,1011.6,29.8,29.8,29.9,29.6,0.3,0.8,0.0,0.2,14.6,16.3,23.0,14.4,0.2522471910112359,0.18181818181818182,1.3056179775280898,1.883988764044944,0.45757575757575764,3.3084269662921346,1.6435393258426967,1.202941176470588,4.770786516853933
2025-03-24,Chennai,13.08,80.27,24,3,Summer,Clear,75,1011.2,29.3,29.5,29.5,29.0,0.9,1.0,0.0,0.6,16.2,17.3,20.9,15.4,0.2521008403361344,0.18235294117647058,1.3028011204481793,1.8789915966386552,0.46176470588235297,3.299719887955182,1.6394957983193277,1.2228571428571426,4.781512605042017
2025-03-25,Chennai,13.08,80.27,24,3,Summer,Clear,73,1008.6,28.8,29.0,29.0,28.8,0.0,0.0,0.0,0.0,13.8,12.3,21.7,14.8,0.2522346368715083,0.19142857142857142,1.300558659217877,1.8745810055865924,0.46,3.2921787709497203,1.6371508379888269,1.2416666666666663,4.783519553072626
2025-03-26,Chennai,13.08,80.27,24,3,Summer,Clear,71,1007.3,28.9,29.2,29.1,29.0,0.0,0.1,0.0,0.0,15.5,14.0,23.3,16.2,0.2515320334261838,0.19166666666666662,1.2974930362116992,1.8693593314763233,0.44722222222222224,3.283008356545961,1.6353760445682453,1.2756756756756753,4.789415041782729
2025-03-27,Chennai,13.08,80.27,24,3,Summer,Clear,69,1006.5,29.5,29.9,30.3,29.8,0.0,0.0,0.0,0.0,20.0,18.3,22.1,18.2,0.25111111111111106,0.19189189189189185,1.2941666666666667,1.8641666666666667,0.4378378378378378,3.2738888888888886,1.6327777777777777,1.2999999999999998,4.795833333333333
2025-03-28,Chennai,13.08,80.27,24,3,Summer,Clear,69,1005.9,29.9,30.2,30.8,30.1,0.0,0.0,0.0,0.0,22.1,18.3,21.4,19.2,0.25124653739612185,0.1894736842105262,1.2919667590027701,1.8590027700831027,0.4263157894736842,3.264819944598338,1.633240997229917,1.269230769230769,4.793351800554017
2025-03-29,Chennai,13.08,80.27,24,3,Summer,Clear,66,1006.0,29.9,30.6,30.4,30.4,0.0,0.0,0.0,0.0,19.5,17.2,22.8,15.8,0.25110497237569057,0.18717948717948701,1.2903314917127073,1.8538674033149172,0.41538461538461535,3.2558011049723756,1.6367403314917126,1.2599999999999998,4.786187845303867
2025-03-30,Chennai,13.08,80.27,24,3,Summer,Clear,71,1007.7,29.2,29.4,29.8,29.4,0.0,0.0,0.0,0.0,18.4,18.1,24.4,17.2,0.2517906336088154,0.18749999999999992,1.2867768595041322,1.8487603305785125,0.40499999999999997,3.2468319559228647,1.6424242424242423,1.2634146341463413,4.7922865013774105
2025-03-31,Chennai,13.08,80.27,24,3,Summer,Clear,68,1008.1,28.8,29.1,28.9,29.2,0.1,0.0,0.0,0.0,14.9,14.8,21.5,15.2,0.2516483516483516,0.1829268292682926,1.2843406593406594,1.8436813186813188,0.39512195121951216,3.2379120879120875,1.6412087912087912,1.2547619047619045,4.798901098901099
2025-04-01,Chennai,13.08,80.27,24,4,Summer,Clear,62,1007.7,28.9,29.3,28.9,29.2,0.1,0.7,0.0,0.2,16.9,16.4,24.0,15.5,0.2520547945205479,0.1809523809523808,1.2816438356164384,1.8389041095890413,0.3857142857142857,3.2290410958904108,1.6375342465753422,1.2348837209302324,4.803013698630137
2025-04-02,Chennai,13.08,80.27,24,4,Summer,Clear,67,1008.2,29.9,30.2,29.7,29.9,0.6,0.9,0.0,0.8,15.4,17.1,22.7,15.5,0.2521857923497267,0.17906976744186037,1.2789617486338798,1.8341530054644808,0.3883720930232558,3.2207650273224044,1.6368852459016394,1.2272727272727268,4.81311475409836
2025-04-03,Chennai,13.08,80.27,24,4,Summer,Clear,74,1009.9,28.0,28.7,30.2,29.1,6.0,6.4,0.0,0.0,19.0,12.6,22.3,14.9,0.2514986376021798,0.18181818181818174,1.2760217983651228,1.8297002724795641,0.38181818181818183,3.2141689373297,1.6326975476839236,1.2355555555555553,4.819618528610354
2025-04-04,Chennai,13.08,80.27,24,4,Summer,Convective,79,1010.0,28.7,29.3,30.3,28.4,5.1,5.9,0.0,7.3,14.9,15.3,24.6,13.2,0.2538043478260869,0.18666666666666665,1.2755434782608697,1.841032608695652,0.5155555555555557,3.2054347826086955,1.6394021739130433,1.2586956521739128,4.826630434782609
2025-04-05,Chennai,13.08,80.27,24,4,Summer,Clear,72,1008.8,28.9,29.5,30.5,29.1,4.7,3.4,0.0,2.9,12.6,12.5,22.3,13.5,0.2539295392953929,0.2021739130434783,1.2772357723577237,1.8420054200542006,0.5347826086956522,3.2165311653116535,1.6395663956639566,1.276595744680851,4.844444444444444
2025-04-06,Chennai,13.08,80.27,24,4,Summer,Clear,70,1007.4,30.1,30.1,30.8,30.0,0.1,0.4,0.0,0.1,14.8,13.3,21.6,13.8,0.25378378378378375,0.20638297872340425,1.2775675675675677,1.8418918918918918,0.5340425531914894,3.2156756756756755,1.6375675675675676,1.2708333333333333,4.855135135135136
2025-04-07,Chennai,13.08,80.27,24,4,Summer,Clear,73,1007.8,30.2,30.6,30.6,30.1,0.3,0.2,0.0,0.2,18.4,15.5,20.7,15.7,0.25336927223719674,0.2041666666666667,1.2762803234501348,1.8369272237196765,0.5291666666666667,3.207277628032345,1.6358490566037736,1.2551020408163265,4.863072776280323
2025-04-08,Chennai,13.08,80.27,24,4,Summer,Clear,70,1008.7,30.3,30.6,30.3,30.2,0.1,0.1,0.0,0.0,17.2,17.7,23.0,16.3,0.2529569892473118,0.21020408163265308,1.2741935483870968,1.832258064516129,0.5183673469387755,3.1991935483870964,1.6387096774193548,1.2339999999999998,4.863440860215054
2025-04-09,Chennai,13.08,80.27,24,4,Summer,Clear,69,1007.6,30.1,30.3,30.1,30.1,0.4,0.5,0.0,0.0,18.5,17.0,23.0,16.6,0.2525469168900804,0.21400000000000005,1.2710455764075068,1.8276139410187668,0.51,3.190616621983914,1.6367292225201073,1.2372549019607841,4.868364611260054
2025-04-10,Chennai,13.08,80.27,24,4,Summer,Clear,68,1005.0,30.4,30.8,31.1,30.9,0.3,0.0,0.0,0.5,15.2,16.5,28.0,15.3,0.25187165775401066,0.21372549019607848,1.2676470588235296,1.8237967914438504,0.5098039215686274,3.182085561497326,1.637433155080214,1.2211538461538458,4.872459893048128
2025-04-11,Chennai,13.08,80.27,24,4,Summer,Clear,70,1004.4,30.6,31.1,32.7,31.4,7.7,1.4,0.5,0.0,12.5,14.3,28.2,14.6,0.2525333333333333,0.21153846153846154,1.2648,1.8194666666666666,0.5096153846153846,3.174933333333333,1.6333333333333333,1.220754716981132,4.8933333333333335
2025-04-12,Chennai,13.08,80.27,24,4,Summer,Clear,64,1005.2,31.4,31.3,32.5,31.8,0.0,0.2,0.3,0.0,14.2,13.6,27.7,14.8,0.2539893617021276,0.21320754716981127,1.2648936170212766,1.8351063829787233,0.5264150943396226,3.16781914893617,1.6345744680851064,1.2037037037037035,4.916489361702127
2025-04-13,Chennai,13.08,80.27,24,4,Summer,Clear,72,1006.6,31.1,31.3,32.3,31.2,0.8,1.2,0.0,2.3,10.7,12.3,22.5,12.5,0.2543766578249337,0.21851851851851847,1.263395225464191,1.830238726790451,0.5203703703703704,3.1602122015915124,1.6318302387267902,1.2036363636363634,4.937665782493369
2025-04-14,Chennai,13.08,80.27,24,4,Summer,Clear,74,1007.1,30.1,30.6,31.2,30.3,1.1,0.7,0.0,0.1,16.0,17.1,26.1,14.3,0.25396825396825395,0.21636363636363634,1.262962962962963,1.8293650793650793,0.5309090909090909,3.1579365079365083,1.6322751322751323,1.1857142857142855,4.951058201058201
2025-04-15,Chennai,13.08,80.27,24,4,Summer,Clear,71,1007.4,30.3,30.7,30.6,30.3,0.7,0.5,0.0,2.9,18.1,20.1,25.3,16.9,0.25382585751978887,0.21785714285714283,1.2620052770448549,1.8271767810026385,0.5321428571428571,3.1498680738786278,1.6324538258575196,1.214035087719298,4.969129287598944
2025-04-16,Chennai,13.08,80.27,24,4,Summer,Clear,68,1007.7,30.2,30.3,30.8,30.5,2.8,1.0,0.0,2.0,16.3,17.2,26.1,17.8,0.2531578947368421,0.22105263157894733,1.2594736842105263,1.8281578947368422,0.5649122807017545,3.1492105263157897,1.631315789473684,1.2482758620689653,4.978157894736842
2025-04-17,Chennai,13.08,80.27,24,4,Summer,Clear,73,1006.7,30.3,30.6,31.4,30.2,2.3,0.6,0.0,4.2,18.4,19.3,26.2,18.2,0.2532808398950131,0.22068965517241373,1.2569553805774278,1.8254593175853018,0.5724137931034483,3.1461942257217848,1.630971128608924,1.2372881355932202,4.986876640419948
2025-04-18,Chennai,13.08,80.27,24,4,Summer,Clear,71,1005.9,30.6,30.9,31.4,31.0,0.6,0.3,0.0,0.0,20.0,18.7,31.4,20.2,0.25287958115183246,0.22372881355932203,1.256806282722513,1.82565445026178,0.623728813559322,3.148952879581152,1.6272251308900525,1.2349999999999999,4.994764397905759
2025-04-19,Chennai,13.08,80.27,24,4,Summer,Clear,70,1005.3,31.2,31.4,32.4,31.6,0.1,0.2,0.0,0.0,17.5,19.4,28.6,17.0,0.25326370757180156,0.22166666666666668,1.2545691906005223,1.8224543080939948,0.6183333333333334,3.140731070496084,1.6234986945169712,1.2393442622950819,5.010966057441253
2025-04-20,Chennai,13.08,80.27,24,4,Summer,Clear,71,1005.7,31.3,31.7,32.5,31.6,0.0,0.0,0.1,0.0,22.2,17.9,27.8,20.6,0.2536458333333333,0.22131147540983612,1.2533854166666667,1.8179687500000001,0.6114754098360655,3.1325520833333336,1.6205729166666665,1.258064516129032,5.028125
2025-04-21,Chennai,13.08,80.27,24,4,Summer,Clear,74,1007.6,30.8,31.5,31.6,31.0,0.3,0.4,0.0,0.2,18.3,16.0,24.9,18.0,0.25376623376623375,0.21935483870967745,1.2524675324675325,1.8132467532467533,0.6016129032258064,3.1246753246753247,1.6205194805194805,1.2809523809523808,5.033766233766234
2025-04-22,Chennai,13.08,80.27,24,4,Summer,Clear,71,1008.6,30.6,31.1,31.5,30.8,0.2,0.1,0.0,0.0,19.0,18.2,22.6,17.9,0.25362694300518135,0.22380952380952382,1.250777202072539,1.8088082901554405,0.5952380952380952,3.1170984455958552,1.6170984455958548,1.2921874999999998,5.03860103626943
2025-04-23,Chennai,13.08,80.27,24,4,Summer,Clear,69,1007.0,30.9,31.4,31.4,31.2,0.0,0.0,0.0,0.0,19.1,18.0,23.3,18.6,0.2534883720930232,0.22500000000000003,1.2493540051679586,1.8046511627906976,0.5875,3.109043927648579,1.6157622739018087,1.2769230769230768,5.037726098191214
2025-04-24,Chennai,13.08,80.27,24,4,Summer,Clear,71,1005.9,31.0,31.5,32.0,31.2,0.2,0.1,0.0,0.0,21.0,18.7,25.5,19.3,0.2536082474226804,0.22461538461538463,1.2466494845360825,1.8,0.5784615384615385,3.1010309278350516,1.6128865979381442,1.2666666666666666,5.036855670103093
2025-04-25,Chennai,13.08,80.27,24,4,Summer,Clear,73,1006.3,30.9,31.4,31.9,31.0,0.5,0.5,0.0,0.4,21.1,18.0,26.3,19.6,0.2534704370179948,0.2257575757575758,1.2455012853470437,1.7958868894601543,0.5712121212121213,3.0930591259640106,1.6131105398457584,1.2567164179104477,5.039845758354756
2025-04-26,Chennai,13.08,80.27,24,4,Summer,Clear,72,1006.5,30.7,31.3,31.4,30.9,0.6,0.7,0.0,0.4,19.2,19.9,26.4,19.8,0.25307692307692303,0.22835820895522388,1.2446153846153847,1.7915384615384617,0.5641791044776119,3.086153846153846,1.6128205128205129,1.261764705882353,5.044102564102564
2025-04-27,Chennai,13.08,80.27,24,4,Summer,Clear,70,1007.5,30.6,31.0,30.9,30.8,0.8,1.3,0.0,0.2,17.9,20.8,25.3,17.6,0.2529411764705882,0.2308823529411765,1.2427109974424553,1.787468030690537,0.5602941176470588,3.079283887468031,1.610230179028133,1.244927536231884,5.048081841432225
2025-04-28,Chennai,13.08,80.27,24,4,Summer,Clear,68,1006.5,30.5,30.6,31.0,30.6,0.7,1.3,0.0,0.3,15.6,16.1,24.0,16.5,0.2528061224489796,0.23043478260869568,1.239795918367347,1.784438775510204,0.5681159420289855,3.0719387755102043,1.6068877551020408,1.2728571428571427,5.05484693877551
2025-04-29,Chennai,13.08,80.27,24,4,Summer,Clear,70,1005.7,30.4,30.8,31.1,30.6,0.3,0.5,0.0,0.5,17.7,17.7,21.7,18.4,0.25241730279898217,0.22714285714285717,1.2376590330788806,1.780916030534351,0.5742857142857143,3.064885496183206,1.6050890585241728,1.2605633802816902,5.061068702290076
2025-04-30,Chennai,13.08,80.27,24,4,Summer,Clear,69,1006.1,31.0,31.3,31.4,31.3,0.0,0.0,0.0,0.0,19.6,16.7,23.4,17.4,0.25228426395939085,0.22676056338028172,1.235786802030457,1.7769035532994923,0.5661971830985916,3.0583756345177666,1.6027918781725887,1.2527777777777775,5.056598984771574
2025-05-01,Chennai,13.08,80.27,24,5,Summer,Clear,68,1006.5,31.3,31.7,32.1,31.6,0.1,0.2,0.0,1.2,19.0,17.1,27.6,18.2,0.2524050632911392,0.22361111111111112,1.2329113924050632,1.7724050632911392,0.5583333333333333,3.050632911392405,1.6043037974683543,1.2452054794520546,5.058987341772152
2025-05-02,Chennai,13.08,80.27,24,5,Summer,Clear,70,1006.9,31.2,31.5,32.0,31.5,0.1,0.7,0.3,0.4,21.1,18.4,30.1,18.3,0.25252525252525254,0.22191780821917806,1.231060606060606,1.770707070707071,0.5643835616438356,3.045959595959596,1.6022727272727273,1.243243243243243,5.069949494949495
2025-05-03,Chennai,13.08,80.27,24,5,Summer,Clear,68,1005.7,31.6,31.8,32.6,32.0,0.3,0.1,0.0,0.5,22.0,19.5,29.5,19.1,0.2526448362720403,0.2189189189189189,1.2292191435768263,1.7670025188916876,0.5608108108108109,3.0385390428211587,1.6052896725440804,1.228,5.086901763224182
2025-05-04,Chennai,13.08,80.27,24,5,Summer,Clear,69,1005.2,31.3,31.3,32.5,31.8,1.6,2.4,1.9,1.0,17.7,18.3,31.9,16.0,0.2530150753768844,0.21866666666666665,1.227638190954774,1.763065326633166,0.5586666666666666,3.0321608040201005,1.608542713567839,1.2171052631578945,5.100251256281407
2025-05-05,Chennai,13.08,80.27,24,5,Summer,Clear,71,1005.1,29.4,29.7,31.9,30.3,0.0,0.1,0.0,0.0,17.3,17.2,25.9,18.1,0.25363408521303255,0.22236842105263155,1.2263157894736842,1.7601503759398496,0.5697368421052631,3.0268170426065164,1.6087719298245613,1.231168831168831,5.127318295739348
2025-05-06,Chennai,13.08,80.27,24,5,Summer,Clear,73,1005.7,31.0,31.2,32.0,31.3,0.7,0.3,0.0,0.0,17.3,15.8,27.7,17.2,0.25525,0.22727272727272727,1.2272500000000002,1.75575,0.5636363636363636,3.01925,1.60675,1.2269230769230768,5.1339999999999995
2025-05-07,Chennai,13.08,80.27,24,5,Summer,Clear,68,1005.1,30.6,30.7,32.3,31.4,0.2,0.4,0.0,0.6,13.8,13.8,25.3,15.9,0.25536159600997504,0.22564102564102567,1.2259351620947632,1.7531172069825436,0.5602564102564103,3.011720698254364,1.6029925187032419,1.2291139240506328,5.147381546134663
2025-05-08,Chennai,13.08,80.27,24,5,Summer,Convective,68,1005.4,30.6,30.7,32.0,31.0,0.3,1.0,0.0,9.6,12.8,13.7,25.2,14.4,0.25671641791044775,0.23164556962025318,1.2251243781094527,1.7497512437810945,0.5556962025316455,3.005721393034826,1.604228855721393,1.2399999999999998,5.157960199004975
2025-05-09,Chennai,13.08,80.27,24,5,Summer,Clear,67,1006.1,30.2,30.5,32.0,30.9,3.6,0.6,0.0,0.2,16.5,15.1,23.6,15.3,0.25707196029776674,0.2325,1.2245657568238213,1.7684863523573202,0.65625,3.022084367245658,1.6042183622828785,1.2333333333333332,5.17196029776675
2025-05-10,Chennai,13.08,80.27,24,5,Summer,Clear,67,1006.2,30.9,31.5,32.6,31.6,2.1,0.8,0.0,1.4,15.0,15.6,27.3,15.8,0.2581683168316831,0.2345679012345679,1.2242574257425742,1.7725247524752477,0.6530864197530865,3.01509900990099,1.603217821782178,1.2207317073170731,5.179702970297029
2025-05-11,Chennai,13.08,80.27,24,5,Summer,Clear,69,1004.7,31.6,32.0,32.9,32.0,1.1,0.6,0.1,0.1,14.4,16.6,29.5,14.1,0.25925925925925924,0.2329268292682927,1.2237037037037037,1.7698765432098764,0.6524390243902439,3.011111111111111,1.6012345679012345,1.208433734939759,5.195308641975308
2025-05-12,Chennai,13.08,80.27,24,5,Summer,Clear,63,1003.1,32.1,31.9,33.6,32.6,0.2,0.0,0.0,0.1,16.3,13.5,26.3,14.7,0.25960591133004923,0.23012048192771087,1.2229064039408868,1.7679802955665023,0.6506024096385542,3.0036945812807883,1.5980295566502463,1.2238095238095237,5.220443349753695
2025-05-13,Chennai,13.08,80.27,24,5,Summer,Clear,61,1002.9,32.5,32.4,33.5,32.9,0.0,0.0,0.0,0.0,16.8,13.7,22.4,16.2,0.2601965601965602,0.23571428571428577,1.2223587223587224,1.7638820638820638,0.6440476190476191,2.9965601965601962,1.598034398034398,1.223529411764706,5.236117936117936
2025-05-14,Chennai,13.08,80.27,24,5,Summer,Clear,70,1003.9,31.8,32.0,33.0,32.2,0.0,0.1,0.0,0.0,14.0,13.7,24.1,15.9,0.2605392156862745,0.23882352941176477,1.2208333333333334,1.7595588235294117,0.6364705882352941,2.9892156862745094,1.5955882352941178,1.2383720930232558,5.2384803921568635
2025-05-15,Chennai,13.08,80.27,24,5,Summer,Clear,67,1004.5,31.7,31.6,32.6,32.1,0.9,0.7,0.0,0.5,15.6,14.7,21.2,14.2,0.260880195599022,0.2383720930232559,1.2198044009779951,1.7552567237163814,0.6302325581395349,2.9819070904645475,1.5963325183374082,1.2494252873563216,5.245721271393643
2025-05-16,Chennai,13.08,80.27,24,5,Summer,Clear,72,1004.4,30.9,31.4,32.3,31.6,4.8,1.8,0.4,2.9,17.0,19.5,24.9,16.3,0.26121951219512196,0.24137931034482768,1.218048780487805,1.751951219512195,0.6252873563218391,2.975853658536585,1.5958536585365852,1.2409090909090907,5.25
2025-05-17,Chennai,13.08,80.27,24,5,Summer,Clear,74,1004.1,29.4,29.6,31.2,29.5,9.4,8.0,0.2,2.4,13.2,17.1,32.2,13.3,0.262287104622871,0.24090909090909102,1.2167883211678832,1.7523114355231144,0.6306818181818182,2.9746958637469585,1.5936739659367396,1.2629213483146067,5.258150851581508
2025-05-18,Chennai,13.08,80.27,24,5,Summer,Convective,75,1003.1,29.5,29.8,31.0,29.4,3.1,1.9,0.3,12.4,13.2,15.3,17.2,14.1,0.2618932038834952,0.23932584269662935,1.2179611650485438,1.7650485436893204,0.6865168539325843,2.9728155339805826,1.5900485436893204,1.2911111111111109,5.29126213592233
2025-05-19,Chennai,13.08,80.27,24,5,Summer,Convective,88,1002.2,27.9,28.1,31.1,27.6,28.5,36.8,5.0,21.1,13.7,16.6,17.3,10.0,0.26150121065375304,0.24111111111111125,1.2188861985472155,1.7832929782082325,0.7955555555555555,2.9949152542372883,1.5883777239709442,1.29010989010989,5.285956416464891
2025-05-20,Chennai,13.08,80.27,24,5,Summer,Clear,86,1001.9,28.1,28.9,30.7,28.1,13.8,12.6,0.8,2.7,12.0,12.3,16.9,12.0,0.26159420289855073,0.24395604395604412,1.2243961352657005,1.7968599033816424,0.9593406593406593,3.026570048309179,1.593478260869565,1.3478260869565217,5.290821256038647
2025-05-21,Chennai,13.08,80.27,24,5,Summer,Clear,77,1002.8,29.6,29.8,31.7,29.6,0.2,5.0,3.5,0.8,14.5,15.5,25.3,10.9,0.26096385542168676,0.2500000000000001,1.227710843373494,1.819277108433735,1.0565217391304347,3.023855421686747,1.5896385542168674,1.3365591397849461,5.28987951807229
2025-05-22,Chennai,13.08,80.27,24,5,Summer,Clear,66,1003.4,30.1,30.9,32.8,30.0,0.1,0.1,0.0,0.3,17.9,19.3,20.3,14.5,0.2603365384615385,0.24946236559139795,1.2298076923076924,1.8163461538461538,1.0903225806451613,3.023076923076923,1.5944711538461538,1.3712765957446809,5.311778846153846
2025-05-23,Chennai,13.08,80.27,24,5,Summer,Clear,73,1001.5,30.6,31.5,33.3,30.4,10.6,0.1,0.0,6.1,19.6,19.9,28.5,17.5,0.2599520383693046,0.2563829787234043,1.2335731414868105,1.8124700239808151,1.0808510638297872,3.0165467625899285,1.5988009592326138,1.4073684210526314,5.31294964028777
2025-05-24,Chennai,13.08,80.27,24,5,Summer,Clear,66,1000.7,30.7,30.7,32.2,31.3,0.5,1.3,0.6,0.2,18.0,21.3,23.5,17.1,0.2598086124401914,0.2652631578947369,1.2375598086124402,1.8188995215311003,1.1326315789473684,3.0239234449760763,1.5999999999999999,1.4177083333333333,5.326555023923445
2025-05-25,Chennai,13.08,80.27,24,5,Summer,Clear,60,1001.4,31.2,31.0,30.4,31.7,0.4,0.6,0.6,0.0,20.4,22.4,28.0,16.9,0.2606205250596659,0.2687500000000001,1.2367541766109786,1.81527446300716,1.1322916666666665,3.017661097852029,1.5983293556085918,1.4463917525773193,5.3291169451073985
2025-05-26,Chennai,13.08,80.27,24,5,Summer,Clear,63,1001.0,30.3,30.1,29.0,30.5,0.2,0.7,3.3,0.5,22.4,25.1,22.7,22.2,0.2611904761904762,0.2731958762886599,1.236904761904762,1.811904761904762,1.1268041237113402,3.011904761904762,1.6028571428571428,1.4877551020408162,5.3428571428571425
2025-05-27,Chennai,13.08,80.27,24,5,Summer,Clear,56,999.7,31.2,31.1,30.6,31.7,0.7,0.5,0.0,0.0,26.0,24.8,33.7,25.5,0.26104513064133017,0.2744897959183674,1.2375296912114013,1.808313539192399,1.1173469387755102,3.011401425178147,1.599524940617577,1.5020202020202018,5.331353919239905
2025-05-28,Chennai,13.08,80.27,24,5,Summer,Clear,57,999.4,32.6,31.8,31.0,31.5,0.2,0.1,0.6,3.6,29.6,29.7,35.3,24.5,0.261611374407583,0.27777777777777785,1.2372037914691945,1.8056872037914693,1.1111111111111112,3.0042654028436018,1.5969194312796209,1.494,5.338151658767772
2025-05-29,Chennai,13.08,80.27,24,5,Summer,Clear,53,999.4,32.5,32.2,32.0,32.2,1.4,0.4,0.2,2.1,25.7,25.8,32.2,26.6,0.2635933806146572,0.2780000000000001,1.2354609929078015,1.8094562647754135,1.135,3.004255319148936,1.6052009456264775,1.5306930693069307,5.351063829787234
2025-05-30,Chennai,13.08,80.27,24,5,Summer,Convective,67,1000.6,30.3,29.9,30.2,30.1,33.4,2.0,1.2,9.6,19.4,22.6,30.6,17.2,0.26367924528301884,0.2752475247524753,1.2330188679245282,1.8068396226415095,1.1405940594059405,3.0016509433962266,1.6035377358490566,1.523529411764706,5.351650943396226
2025-05-31,Chennai,13.08,80.27,24,5,Summer,Clear,72,1003.0,30.6,30.8,32.9,30.5,0.1,0.3,0.0,0.0,15.5,18.1,28.7,13.9,0.2635294117647059,0.2745098039215687,1.2303529411764704,1.8585882352941177,1.203921568627451,3.0143529411764702,1.6049411764705883,1.5611650485436894,5.370588235294117
2025-06-01,Chennai,13.08,80.27,24,6,Monsoon,Clear,69,1004.3,31.2,31.6,34.2,30.9,0.0,0.0,0.0,0.0,15.0,18.1,25.4,16.5,0.2631455399061033,0.2747572815533982,1.2330985915492956,1.8544600938967135,1.1951456310679611,3.007276995305164,1.6049295774647885,1.5865384615384615,5.392723004694836
2025-06-02,Chennai,13.08,80.27,24,6,Monsoon,Clear,64,1004.6,31.3,31.9,33.6,31.1,0.0,0.0,0.0,0.3,18.7,16.1,21.4,17.1,0.26323185011709604,0.27884615384615397,1.2379391100702577,1.8501170960187354,1.1836538461538462,3.0002341920374707,1.6046838407494144,1.5866666666666667,5.400936768149882
2025-06-03,Chennai,13.08,80.27,24,6,Monsoon,Clear,58,1004.7,32.5,31.5,33.6,32.1,1.5,0.4,0.0,1.4,16.9,16.3,24.9,18.5,0.2630841121495327,0.2838095238095239,1.2408878504672898,1.8464953271028037,1.1752380952380952,2.99392523364486,1.6046728971962616,1.581132075471698,5.3983644859813085
2025-06-04,Chennai,13.08,80.27,24,6,Monsoon,Clear,62,1005.2,31.6,31.3,33.3,31.8,1.1,0.4,0.1,2.3,14.3,16.2,28.2,15.8,0.2634032634032634,0.2867924528301888,1.2414918414918414,1.8424242424242423,1.1735849056603773,2.99020979020979,1.6046620046620046,1.5869158878504674,5.4006993006993005
2025-06-05,Chennai,13.08,80.27,24,6,Monsoon,Clear,64,1005.7,31.7,31.5,33.5,32.0,1.3,0.1,0.0,0.3,13.5,16.2,22.4,15.8,0.2632558139534884,0.2887850467289721,1.242093023255814,1.8409302325581396,1.1803738317757009,2.988372093023256,1.6044186046511628,1.5759259259259257,5.416976744186047
2025-06-06,Chennai,13.08,80.27,24,6,Monsoon,Clear,66,1006.0,31.9,31.8,33.4,32.2,0.9,0.1,0.0,1.6,15.4,16.6,25.9,13.8,0.2633410672853828,0.29074074074074086,1.2426914153132251,1.8389791183294664,1.1712962962962963,2.9821345707656612,1.6060324825986076,1.5651376146788991,5.419721577726218
2025-06-07,Chennai,13.08,80.27,24,6,Monsoon,Clear,59,1005.5,32.4,32.2,34.4,32.8,0.8,1.0,0.0,1.0,16.6,17.5,26.5,13.9,0.26342592592592595,0.2917431192660552,1.2425925925925925,1.8363425925925925,1.1743119266055047,2.9789351851851853,1.6060185185185185,1.5763636363636364,5.435185185185185
2025-06-08,Chennai,13.08,80.27,24,6,Monsoon,Clear,60,1004.5,31.6,31.8,33.1,32.2,3.1,1.6,2.5,2.3,16.3,19.4,27.9,12.2,0.26374133949191686,0.2945454545454546,1.243418013856813,1.8325635103926097,1.1636363636363636,2.974364896073903,1.6085450346420322,1.5945945945945945,5.451732101616628
2025-06-09,Chennai,13.08,80.27,24,6,Monsoon,Clear,65,1003.1,31.1,31.1,32.6,30.8,4.5,1.7,1.3,6.2,17.0,19.7,29.6,14.1,0.2645161290322581,0.2954954954954956,1.242626728110599,1.8301843317972348,1.1594594594594594,2.9679723502304145,1.6142857142857143,1.644642857142857,5.475345622119816
2025-06-10,Chennai,13.08,80.27,24,6,Monsoon,Clear,67,1000.3,30.5,30.8,32.7,30.7,1.2,1.7,4.3,0.3,17.1,22.0,26.0,15.3,0.2645977011494253,0.29553571428571435,1.2439080459770115,1.8298850574712644,1.1892857142857143,2.972413793103448,1.6172413793103448,1.679646017699115,5.498390804597702
2025-06-11,Chennai,13.08,80.27,24,6,Monsoon,Monsoon,70,999.9,29.6,30.6,32.7,29.6,1.1,1.8,0.6,7.8,16.5,21.4,25.2,16.4,0.2644495412844037,0.2938053097345134,1.2456422018348625,1.8277522935779815,1.191150442477876,2.9747706422018347,1.6176605504587156,1.7236842105263157,5.510321100917431
2025-06-12,Chennai,13.08,80.27,24,6,Monsoon,Clear,72,999.8,29.7,30.1,32.2,29.8,6.7,1.8,0.6,3.0,18.8,18.6,26.9,19.7,0.26384439359267736,0.30000000000000016,1.2498855835240275,1.8389016018306636,1.2333333333333334,2.9844393592677347,1.6141876430205948,1.7521739130434784,5.517848970251717
2025-06-13,Chennai,13.08,80.27,24,6,Monsoon,Clear,70,1000.6,30.0,30.7,33.2,30.6,3.5,2.4,0.0,3.6,16.5,18.8,29.4,16.3,0.2634703196347032,0.3000000000000001,1.2525114155251142,1.8431506849315067,1.2330434782608695,2.98310502283105,1.6125570776255707,1.746551724137931,5.521689497716895
2025-06-14,Chennai,13.08,80.27,24,6,Monsoon,Clear,69,1001.4,30.6,30.9,32.6,30.5,1.9,1.7,3.3,2.5,20.5,22.9,28.4,17.3,0.2642369020501139,0.2982758620689656,1.2555808656036447,1.8391799544419134,1.2327586206896552,2.984510250569476,1.6093394077448746,1.752991452991453,5.538952164009111
2025-06-15,Chennai,13.08,80.27,24,6,Monsoon,Clear,65,1001.5,30.2,30.5,30.0,30.4,0.3,0.4,2.8,0.0,20.9,21.3,32.7,19.3,0.26386363636363636,0.29914529914529925,1.2574999999999998,1.8363636363636364,1.229059829059829,2.9795454545454545,1.6129545454545453,1.785593220338983,5.551590909090908
2025-06-16,Chennai,13.08,80.27,24,6,Monsoon,Clear,57,1002.1,31.2,31.0,30.3,31.2,0.0,0.2,0.4,0.0,24.3,25.3,31.3,24.6,0.263718820861678,0.29745762711864415,1.2555555555555558,1.8328798185941042,1.2220338983050847,2.979138321995465,1.6129251700680272,1.7873949579831931,5.56938775510204
2025-06-17,Chennai,13.08,80.27,24,6,Monsoon,Clear,53,1003.8,32.2,31.7,33.0,32.2,0.3,0.4,0.0,0.2,22.8,20.9,27.7,18.7,0.26312217194570137,0.296638655462185,1.2547511312217194,1.828733031674208,1.2134453781512606,2.9733031674208146,1.6099547511312218,1.778333333333333,5.571945701357467
2025-06-18,Chennai,13.08,80.27,24,6,Monsoon,Clear,58,1004.0,31.9,31.8,33.3,32.3,0.5,0.1,0.1,0.3,20.8,23.8,27.2,20.0,0.26252821670428894,0.29833333333333345,1.25372460496614,1.8248306997742663,1.2049999999999998,2.967042889390519,1.6155756207674943,1.7818181818181817,5.5796839729119645
2025-06-19,Chennai,13.08,80.27,24,6,Monsoon,Clear,59,1003.7,32.1,31.9,34.2,32.2,0.3,0.0,0.0,0.5,19.2,22.7,25.0,19.2,0.2628378378378378,0.3000000000000001,1.253153153153153,1.8211711711711713,1.196694214876033,2.9608108108108104,1.6137387387387387,1.7983606557377048,5.583333333333333
2025-06-20,Chennai,13.08,80.27,24,6,Monsoon,Clear,57,1004.5,32.2,32.0,33.8,32.5,0.7,0.0,0.0,0.6,23.2,20.9,28.1,17.7,0.2624719101123596,0.30000000000000016,1.2548314606741573,1.8175280898876403,1.190983606557377,2.955280898876404,1.6101123595505618,1.8121951219512193,5.583820224719101
2025-06-21,Chennai,13.08,80.27,24,6,Monsoon,Clear,60,1004.5,31.1,30.8,34.3,31.9,0.7,0.2,0.2,0.5,21.7,19.1,22.6,14.5,0.2625560538116592,0.3016260162601627,1.2549327354260091,1.813677130044843,1.186178861788618,2.95,1.6188340807174888,1.8233870967741934,5.594618834080717
2025-06-22,Chennai,13.08,80.27,24,6,Monsoon,Clear,63,1003.8,31.2,30.7,33.0,31.0,0.0,0.1,1.8,1.6,18.8,19.5,26.8,15.8,0.263758389261745,0.3080645161290324,1.2574944071588368,1.8100671140939597,1.179032258064516,2.9440715883668904,1.6313199105145413,1.8456,5.600223713646533
2025-06-23,Chennai,13.08,80.27,24,6,Monsoon,Clear,62,1003.2,29.3,29.4,31.3,30.2,3.9,2.9,5.0,0.0,17.6,20.2,33.3,18.0,0.2636160714285714,0.3080000000000001,1.2591517857142858,1.8095982142857143,1.1816,2.9379464285714287,1.634375,1.8603174603174601,5.612276785714286
2025-06-24,Chennai,13.08,80.27,24,6,Monsoon,Clear,52,1002.1,31.8,31.4,31.9,31.8,0.0,0.0,0.0,0.1,22.3,22.0,32.6,23.8,0.2650334075723831,0.311904761904762,1.2587973273942095,1.8142538975501115,1.1952380952380952,2.9425389755011135,1.6316258351893096,1.862992125984252,5.633853006681514
2025-06-25,Chennai,13.08,80.27,24,6,Monsoon,Clear,56,1002.3,31.4,31.2,31.7,31.3,0.4,0.5,1.9,0.5,18.0,19.5,25.9,21.2,0.2644444444444444,0.31259842519685055,1.2562222222222221,1.8104444444444445,1.1866141732283464,2.9362222222222223,1.6313333333333333,1.8624999999999998,5.640888888888889
2025-06-26,Chennai,13.08,80.27,24,6,Monsoon,Clear,59,1003.0,31.5,30.9,32.1,31.3,0.9,0.2,1.0,0.5,19.1,19.3,30.8,18.4,0.26407982261640794,0.31093750000000014,1.2543237250554324,1.8066518847006652,1.17734375,2.932815964523282,1.6348115299334811,1.8612403100775194,5.63880266075388
2025-06-27,Chennai,13.08,80.27,24,6,Monsoon,Clear,56,1003.7,31.4,31.4,33.5,32.2,1.6,0.1,0.0,0.3,17.7,19.6,24.1,16.1,0.26393805309734514,0.3116279069767443,1.2533185840707965,1.8035398230088497,1.1705426356589148,2.927433628318584,1.6327433628318584,1.853846153846154,5.653761061946903
2025-06-28,Chennai,13.08,80.27,24,6,Monsoon,Clear,56,1003.9,31.7,31.3,34.0,32.0,1.4,0.3,0.0,0.5,17.2,18.5,22.9,15.2,0.265121412803532,0.3153846153846156,1.2534216335540838,1.8024282560706402,1.163076923076923,2.9216335540838854,1.6326710816777041,1.866412213740458,5.658940397350993
2025-06-29,Chennai,13.08,80.27,24,6,Monsoon,Clear,51,1002.8,32.4,31.6,34.1,32.6,1.2,0.9,0.5,0.9,20.9,22.4,26.5,18.2,0.26519823788546254,0.3183206106870231,1.255066079295154,1.8004405286343612,1.1557251908396946,2.9162995594713657,1.6334801762114537,1.8772727272727272,5.663436123348017
2025-06-30,Chennai,13.08,80.27,24,6,Monsoon,Clear,56,1002.8,32.4,30.6,33.5,31.8,2.5,0.4,0.0,0.3,18.6,21.4,21.9,18.0,0.2650549450549451,0.32348484848484865,1.2556043956043954,1.7971428571428572,1.146969696969697,2.910769230769231,1.6358241758241758,1.894736842105263,5.6692307692307695
2025-07-01,Chennai,13.08,80.27,24,7,Monsoon,Clear,58,1003.1,30.4,30.8,34.1,31.1,3.2,0.2,0.8,1.1,17.0,18.4,25.8,14.9,0.2657894736842105,0.33007518796992497,1.256578947368421,1.7980263157894736,1.1390977443609023,2.905043859649123,1.6335526315789473,1.905970149253731,5.665350877192982
2025-07-02,Chennai,13.08,80.27,24,7,Monsoon,Clear,62,1003.1,30.3,30.5,32.5,30.5,4.6,1.1,1.1,1.3,16.9,16.5,29.5,15.4,0.26673960612691466,0.3298507462686569,1.2603938730853392,1.798687089715536,1.137313432835821,2.8993435448577682,1.6345733041575492,1.9177777777777776,5.676805251641138
2025-07-03,Chennai,13.08,80.27,24,7,Monsoon,Clear,64,1004.0,29.5,30.0,32.0,29.9,0.0,1.2,4.3,0.0,16.3,16.5,30.6,15.0,0.2665938864628821,0.3274074074074076,1.262008733624454,1.8019650655021833,1.1303703703703702,2.8934497816593887,1.6342794759825328,1.911764705882353,5.695196506550219
2025-07-04,Chennai,13.08,80.27,24,7,Monsoon,Clear,54,1004.6,30.9,31.3,32.9,31.9,1.0,0.3,0.5,0.1,16.5,18.0,25.5,16.5,0.2668845315904139,0.32573529411764723,1.263834422657952,1.7980392156862743,1.1308823529411764,2.896514161220044,1.6335511982570805,1.9087591240875912,5.716775599128541
2025-07-05,Chennai,13.08,80.27,24,7,Monsoon,Clear,55,1004.2,32.1,31.8,34.0,32.0,0.7,0.6,3.8,2.7,20.5,16.8,31.0,17.1,0.2684782608695652,0.3277372262773724,1.2632608695652174,1.7960869565217392,1.1240875912408759,2.891086956521739,1.63,1.9057971014492754,5.723913043478261
2025-07-06,Chennai,13.08,80.27,24,7,Monsoon,Clear,50,1003.3,32.1,32.0,33.4,32.3,1.9,0.3,5.0,2.2,21.7,22.9,28.8,21.2,0.2681127982646421,0.32681159420289874,1.2648590021691974,1.796529284164859,1.131159420289855,2.8872017353579174,1.6338394793926245,1.8942446043165468,5.7416485900216925
2025-07-07,Chennai,13.08,80.27,24,7,Monsoon,Clear,47,1002.9,32.8,32.9,34.0,33.5,0.3,0.0,1.1,0.1,25.6,25.3,28.1,20.9,0.26796536796536796,0.32661870503597135,1.2645021645021646,1.7932900432900434,1.1366906474820144,2.887012987012987,1.6313852813852812,1.8928571428571428,5.745670995670996
2025-07-08,Chennai,13.08,80.27,24,7,Monsoon,Clear,52,1003.5,33.0,32.6,33.7,32.6,0.3,0.0,0.1,1.3,20.2,19.9,26.6,22.1,0.2688984881209503,0.32857142857142874,1.2628509719222463,1.7898488120950324,1.1292857142857142,2.882937365010799,1.6380129589632828,1.9106382978723402,5.748812095032397
2025-07-09,Chennai,13.08,80.27,24,7,Monsoon,Clear,58,1003.7,31.7,30.8,33.6,31.8,0.9,0.6,0.0,2.5,18.1,15.3,26.0,12.7,0.26918103448275865,0.3262411347517732,1.2625,1.788146551724138,1.1304964539007092,2.8793103448275863,1.6385775862068965,1.9126760563380283,5.746120689655172
2025-07-10,Chennai,13.08,80.27,24,7,Monsoon,Clear,60,1003.4,31.5,31.0,33.0,31.4,0.7,0.2,0.0,1.2,16.6,18.7,26.0,18.4,0.26881720430107525,0.3309859154929579,1.2636559139784946,1.7877419354838708,1.1359154929577464,2.878494623655914,1.6466666666666667,1.9174825174825174,5.76236559139785
2025-07-11,Chennai,13.08,80.27,24,7,Monsoon,Clear,60,1002.7,31.8,31.3,32.7,31.8,0.1,1.2,0.0,5.9,17.8,16.2,24.3,15.6,0.2684549356223176,0.3314685314685316,1.2643776824034336,1.784978540772532,1.1349650349650349,2.874892703862661,1.6469957081545064,1.90625,5.766309012875536
2025-07-12,Chennai,13.08,80.27,24,7,Monsoon,Monsoon,67,1003.4,30.9,30.3,33.7,30.5,6.5,3.8,0.0,22.1,16.4,17.0,24.2,20.9,0.26788008565310495,0.33263888888888904,1.2635974304068522,1.793576017130621,1.1597222222222223,2.881370449678801,1.6481798715203424,1.897241379310345,5.772591006423983
2025-07-13,Chennai,13.08,80.27,24,7,Monsoon,Clear,69,1003.6,30.2,30.7,33.6,29.8,0.1,1.5,0.0,0.8,17.4,21.9,24.4,13.2,0.26816239316239315,0.3317241379310346,1.2677350427350427,1.8230769230769233,1.2779310344827586,2.9224358974358977,1.6542735042735042,1.9109589041095891,5.767307692307692
2025-07-14,Chennai,13.08,80.27,24,7,Monsoon,Clear,68,1003.7,30.1,30.7,33.9,29.9,2.3,1.8,0.2,5.2,14.9,21.7,23.7,19.7,0.26844349680170576,0.3356164383561645,1.273134328358209,1.820682302771855,1.273972602739726,2.917910447761194,1.6597014925373135,1.957142857142857,5.778891257995736
2025-07-15,Chennai,13.08,80.27,24,7,Monsoon,Clear,64,1002.8,31.0,30.8,33.5,30.8,3.8,2.6,0.9,1.8,18.4,18.4,26.0,14.3,0.26829787234042557,0.33877551020408175,1.278936170212766,1.8229787234042552,1.28843537414966,2.9223404255319148,1.6663829787234041,1.9574324324324324,5.7751063829787235
2025-07-16,Chennai,13.08,80.27,24,7,Monsoon,Monsoon,63,1002.2,31.1,31.0,32.8,30.8,1.8,0.7,0.1,16.2,18.4,19.9,22.3,16.1,0.26815286624203827,0.3364864864864866,1.2819532908704883,1.8233545647558385,1.285135135135135,2.918046709129512,1.6715498938428874,1.9718120805369128,5.7876857749469215
2025-07-17,Chennai,13.08,80.27,24,7,Monsoon,Clear,77,1002.6,29.2,29.9,32.0,29.0,18.0,13.0,5.1,4.4,15.8,19.1,24.1,16.6,0.26822033898305087,0.3355704697986578,1.2834745762711863,1.85,1.3805369127516778,2.9459745762711864,1.6728813559322033,1.9839999999999998,5.788559322033898
2025-07-18,Chennai,13.08,80.27,24,7,Monsoon,Monsoon,80,1002.9,28.4,28.6,30.6,28.4,1.6,8.8,2.6,9.2,12.7,15.0,20.9,14.6,0.2680761099365751,0.3393333333333335,1.2871035940803381,1.8748414376321352,1.4286666666666665,2.9412262156448206,1.6710359408033826,1.987417218543046,5.792177589852008
2025-07-19,Chennai,13.08,80.27,24,7,Monsoon,Clear,82,1000.8,28.1,28.5,30.7,27.6,11.7,5.9,3.0,7.0,15.3,19.0,20.3,16.3,0.26751054852320677,0.3384105960264902,1.2890295358649788,1.8869198312236286,1.4218543046357615,2.948945147679325,1.671518987341772,1.9769736842105263,5.793248945147679
2025-07-20,Chennai,13.08,80.27,24,7,Monsoon,Clear,71,1000.2,29.1,29.4,28.4,29.0,0.0,2.5,17.9,0.2,14.8,19.5,27.2,14.4,0.268,0.34210526315789486,1.292842105263158,1.8928421052631579,1.419736842105263,2.951157894736842,1.6701052631578945,1.9816993464052286,5.7894736842105265
2025-07-21,Chennai,13.08,80.27,24,7,Monsoon,Clear,79,1001.6,27.8,28.2,28.5,27.7,3.0,6.1,5.8,2.5,14.3,19.3,22.8,12.1,0.2676470588235294,0.34248366013071907,1.2913865546218488,1.8892857142857142,1.4254901960784314,2.982142857142857,1.6674369747899158,2.001948051948052,5.80420168067227
2025-07-22,Chennai,13.08,80.27,24,7,Monsoon,Clear,70,1002.0,28.8,28.6,29.9,28.8,0.7,1.9,2.2,1.1,21.2,23.7,26.5,19.5,0.2672955974842767,0.34350649350649365,1.290356394129979,1.8863731656184486,1.4396103896103896,2.9828092243186584,1.6685534591194968,2.035483870967742,5.814465408805032
2025-07-23,Chennai,13.08,80.27,24,7,Monsoon,Clear,77,1001.8,27.7,28.4,29.2,27.6,2.6,4.2,4.0,3.8,20.0,21.0,21.9,18.2,0.26673640167364016,0.34258064516129044,1.289958158995816,1.88326359832636,1.435483870967742,2.9788702928870294,1.6686192468619248,2.049358974358974,5.816945606694561
2025-07-24,Chennai,13.08,80.27,24,7,Monsoon,Clear,77,1001.4,28.1,28.5,29.5,27.7,3.9,8.3,0.0,2.6,15.1,16.9,24.7,18.2,0.2663883089770355,0.3455128205128206,1.290605427974948,1.8818371607515658,1.4288461538461537,2.9730688935281835,1.668893528183716,2.054140127388535,5.812526096033403
2025-07-25,Chennai,13.08,80.27,24,7,Monsoon,Clear,71,1001.4,28.6,29.0,30.0,28.5,0.2,0.1,0.6,1.3,19.9,20.9,30.5,20.4,0.26666666666666666,0.348407643312102,1.2916666666666667,1.880625,1.4560509554140126,2.9722916666666666,1.671875,2.049367088607595,5.813958333333333
2025-07-26,Chennai,13.08,80.27,24,7,Monsoon,Clear,64,1002.8,30.0,30.6,30.3,29.5,0.5,0.1,0.4,1.1,21.4,23.7,29.5,19.6,0.26632016632016636,0.349367088607595,1.292099792099792,1.879002079002079,1.4544303797468354,2.967567567567568,1.6694386694386694,2.039622641509434,5.822869022869023
2025-07-27,Chennai,13.08,80.27,24,7,Monsoon,Clear,63,1004.1,29.9,30.5,31.6,29.6,0.9,0.3,0.0,0.1,25.0,24.2,32.4,24.0,0.2668049792531121,0.3540880503144655,1.2910788381742737,1.8763485477178423,1.451572327044025,2.9628630705394188,1.6697095435684646,2.0524999999999998,5.831327800829875
2025-07-28,Chennai,13.08,80.27,24,7,Monsoon,Clear,56,1004.1,30.6,30.5,32.1,30.7,0.3,0.0,0.0,0.0,22.3,19.8,25.4,20.6,0.2668737060041408,0.3575000000000001,1.2925465838509316,1.8741200828157352,1.44375,2.956935817805383,1.6683229813664595,2.0409937888198755,5.836645962732919
2025-07-29,Chennai,13.08,80.27,24,7,Monsoon,Clear,51,1004.1,31.9,31.5,33.1,31.7,0.2,0.0,0.1,0.0,27.8,28.4,28.5,22.1,0.2665289256198347,0.3565217391304349,1.2927685950413224,1.8708677685950412,1.434782608695652,2.950826446280992,1.6683884297520661,2.033333333333333,5.834504132231405
2025-07-30,Chennai,13.08,80.27,24,7,Monsoon,Clear,59,1004.0,32.0,31.0,33.1,31.3,0.2,0.0,0.1,0.5,21.4,19.3,27.3,15.4,0.26639175257731956,0.3555555555555556,1.2929896907216496,1.8674226804123712,1.4259259259259258,2.9449484536082475,1.676701030927835,2.0595092024539876,5.835670103092784
2025-07-31,Chennai,13.08,80.27,24,7,Monsoon,Clear,64,1004.4,31.0,30.6,32.2,30.7,2.5,1.0,0.0,2.0,15.1,16.6,22.1,12.3,0.26728395061728394,0.3552147239263804,1.2940329218106996,1.8641975308641976,1.4202453987730062,2.939711934156379,1.68559670781893,2.070731707317073,5.848148148148148
2025-08-01,Chennai,13.08,80.27,24,8,Monsoon,Clear,67,1004.0,30.9,30.5,32.4,30.5,0.2,0.2,0.0,0.3,17.2,14.8,19.0,14.3,0.2673511293634497,0.35365853658536595,1.2944558521560574,1.8613963039014374,1.4176829268292683,2.937782340862423,1.6878850102669405,2.084242424242424,5.856262833675565
2025-08-02,Chennai,13.08,80.27,24,8,Monsoon,Clear,67,1003.9,30.3,30.4,32.0,30.5,1.3,1.1,0.0,0.3,16.9,15.8,19.2,17.0,0.26762295081967213,0.3515151515151516,1.2956967213114754,1.8577868852459016,1.4096969696969697,2.932377049180328,1.6903688524590164,2.0746987951807228,5.85389344262295
2025-08-03,Chennai,13.08,80.27,24,8,Monsoon,Clear,72,1004.8,29.7,30.0,31.7,29.8,5.5,3.3,0.8,3.8,14.7,16.9,23.4,14.7,0.2674846625766871,0.35000000000000003,1.2961145194274029,1.8560327198364008,1.4060240963855422,2.9269938650306746,1.687116564417178,2.069461077844311,5.8464212678936605
2025-08-04,Chennai,13.08,80.27,24,8,Monsoon,Monsoon,78,1005.3,29.3,29.5,31.0,29.0,14.8,3.4,1.0,21.3,15.0,16.6,15.5,12.4,0.2671428571428572,0.3491017964071857,1.2973469387755103,1.8557142857142856,1.4005988023952096,2.927142857142857,1.683673469387755,2.0702380952380954,5.852244897959183
2025-08-05,Chennai,13.08,80.27,24,8,Monsoon,Clear,79,1004.9,28.4,29.0,30.8,28.8,1.8,4.9,1.0,4.0,13.7,14.4,21.7,12.9,0.2672097759674134,0.3500000000000001,1.29877800407332,1.865173116089613,1.4988095238095238,2.9625254582484724,1.6855397148676172,2.0828402366863905,5.846639511201629
2025-08-06,Chennai,13.08,80.27,24,8,Monsoon,Clear,77,1004.1,29.3,29.5,31.3,29.4,3.3,1.5,0.0,2.1,11.5,12.8,21.8,11.3,0.26747967479674795,0.349112426035503,1.3002032520325204,1.8658536585365855,1.495266272189349,2.96260162601626,1.6837398373983739,2.0794117647058825,5.852642276422764
2025-08-07,Chennai,13.08,80.27,24,8,Monsoon,Monsoon,80,1004.2,29.1,29.4,31.5,28.7,3.1,2.8,0.0,8.7,15.0,14.1,19.9,13.5,0.26713995943204866,0.3476470588235295,1.3014198782961461,1.864503042596349,1.49,2.960851926977688,1.6807302231237322,2.0760233918128654,5.862068965517241
2025-08-08,Chennai,13.08,80.27,24,8,Monsoon,Monsoon,85,1005.8,28.0,28.3,31.3,27.6,12.8,8.3,0.4,23.1,12.5,10.2,17.6,13.8,0.26740890688259106,0.34970760233918136,1.3044534412955464,1.872064777327935,1.5157894736842104,2.9724696356275304,1.6803643724696358,2.067441860465116,5.863157894736842
2025-08-09,Chennai,13.08,80.27,24,8,Monsoon,Monsoon,83,1007.1,28.0,28.4,30.8,27.8,5.4,6.4,2.0,8.0,12.0,15.6,20.5,12.8,0.2676767676767677,0.3517441860465117,1.3092929292929294,1.8890909090909092,1.5930232558139534,3.012323232323232,1.6795959595959595,2.076300578034682,5.858989898989899
2025-08-10,Chennai,13.08,80.27,24,8,Monsoon,Monsoon,79,1006.8,28.2,28.8,29.8,27.9,9.7,3.2,5.7,9.6,13.9,15.5,23.1,13.1,0.26754032258064514,0.35317919075144516,1.3127016129032258,1.8905241935483872,1.593063583815029,3.018346774193548,1.6778225806451612,2.0804597701149423,5.862701612903226
2025-08-11,Chennai,13.08,80.27,24,8,Monsoon,Monsoon,75,1006.0,28.0,28.2,29.8,28.2,2.3,6.5,0.1,10.0,15.4,19.8,25.2,14.1,0.2676056338028169,0.35632183908045983,1.3138832997987928,1.8869215291750503,1.6206896551724137,3.0201207243460764,1.676056338028169,2.0822857142857143,5.87102615694165
2025-08-12,Chennai,13.08,80.27,24,8,Monsoon,Monsoon,80,1004.3,27.5,27.8,30.3,27.0,10.3,5.5,0.0,31.6,16.8,19.2,28.0,14.0,0.2674698795180723,0.35428571428571437,1.3144578313253013,1.8985943775100402,1.6314285714285715,3.0339357429718876,1.675301204819277,2.102840909090909,5.881526104417671
2025-08-13,Chennai,13.08,80.27,24,8,Monsoon,Clear,79,1003.3,26.8,27.4,28.1,26.9,1.9,4.3,1.5,2.0,18.3,21.9,26.9,15.4,0.26793587174348693,0.35681818181818187,1.318436873747495,1.9374749498997994,1.7704545454545455,3.091182364729459,1.677555110220441,2.1203389830508477,5.897795591182365
2025-08-14,Chennai,13.08,80.27,24,8,Monsoon,Clear,75,1003.7,28.5,28.3,30.4,28.2,6.2,2.3,0.4,3.5,15.5,15.5,24.3,15.4,0.2676,0.3576271186440679,1.3182,1.9338,1.7734463276836157,3.086,1.68,2.1449438202247193,5.909
2025-08-15,Chennai,13.08,80.27,24,8,Monsoon,Clear,71,1002.6,29.1,29.5,30.8,28.5,3.2,1.2,0.6,2.2,19.7,18.8,30.4,16.5,0.2676646706586826,0.35617977528089895,1.3199600798403195,1.9353293413173653,1.7702247191011238,3.0860279441117764,1.6768463073852296,2.1335195530726256,5.91497005988024
2025-08-16,Chennai,13.08,80.27,24,8,Monsoon,Clear,79,1001.0,28.8,28.5,28.2,27.7,2.6,6.5,8.1,3.2,16.8,18.4,21.4,14.0,0.26832669322709163,0.35977653631284917,1.3219123505976096,1.9334661354581675,1.7659217877094973,3.083067729083665,1.6798804780876493,2.1344444444444446,5.930876494023905
2025-08-17,Chennai,13.08,80.27,24,8,Monsoon,Monsoon,84,1001.8,27.4,27.5,27.2,26.8,17.4,9.9,1.6,12.1,14.6,16.6,24.4,15.4,0.2699801192842943,0.36222222222222233,1.3202783300198808,1.9308151093439365,1.7744444444444443,3.086679920477137,1.6821073558648112,2.1469613259668505,5.9337972166998005
2025-08-18,Chennai,13.08,80.27,24,8,Monsoon,Clear,80,1003.8,27.1,27.8,29.3,27.1,4.0,4.9,0.1,3.0,17.1,21.1,33.0,16.3,0.2706349206349207,0.3640883977900553,1.318452380952381,1.9375,1.776795580110497,3.1013888888888888,1.6803571428571429,2.1417582417582417,5.939880952380952
2025-08-19,Chennai,13.08,80.27,24,8,Monsoon,Clear,70,1004.2,28.5,28.9,30.3,27.9,1.0,1.3,1.1,0.5,14.8,18.6,30.3,15.2,0.2700990099009901,0.36593406593406597,1.3201980198019803,1.9356435643564356,1.7774725274725274,3.100990099009901,1.6786138613861386,2.156284153005464,5.961188118811881
2025-08-20,Chennai,13.08,80.27,24,8,Monsoon,Clear,68,1005.2,29.4,30.2,31.4,29.0,0.1,0.0,0.0,0.0,15.2,17.0,25.2,16.3,0.2707509881422925,0.36939890710382517,1.3223320158102767,1.9328063241106719,1.7721311475409838,3.096047430830039,1.6760869565217391,2.1630434782608696,5.979249011857707
2025-08-21,Chennai,13.08,80.27,24,8,Monsoon,Clear,68,1006.9,30.0,30.3,31.7,29.6,0.2,0.3,0.0,0.1,14.4,12.5,21.3,12.4,0.2710059171597633,0.37391304347826093,1.324457593688363,1.929191321499014,1.7625,3.0899408284023666,1.6749506903353055,2.155135135135135,5.985009861932939
2025-08-22,Chennai,13.08,80.27,24,8,Monsoon,Clear,75,1006.9,29.7,29.3,31.1,29.2,12.0,7.2,0.1,6.4,17.4,16.5,20.4,16.7,0.27125984251968505,0.3756756756756758,1.325984251968504,1.9255905511811024,1.7540540540540541,3.0840551181102365,1.6755905511811022,2.1440860215053763,5.9907480314960635
2025-08-23,Chennai,13.08,80.27,24,8,Monsoon,Monsoon,85,1006.4,27.2,27.7,31.4,27.0,42.3,19.1,0.0,25.8,12.6,14.3,17.4,21.5,0.27170923379174855,0.37419354838709684,1.3271119842829076,1.9328094302554026,1.7489247311827958,3.0903732809430253,1.6736738703339882,2.1336898395721926,5.986247544204322
2025-08-24,Chennai,13.08,80.27,24,8,Monsoon,Clear,75,1006.4,29.2,29.5,31.9,29.2,2.1,1.1,0.0,0.2,11.8,13.8,20.5,11.6,0.27156862745098037,0.3759358288770054,1.3331372549019607,1.9613725490196077,1.7754010695187166,3.1349019607843136,1.6878431372549019,2.16063829787234,5.982549019607843
2025-08-25,Chennai,13.08,80.27,24,8,Monsoon,Clear,71,1005.6,29.7,29.6,31.6,29.6,0.0,0.1,0.0,0.0,13.3,14.1,19.4,12.2,0.2710371819960861,0.3755319148936171,1.335812133072407,1.9612524461839531,1.7707446808510636,3.1291585127201564,1.6849315068493151,2.1608465608465606,5.988258317025441
2025-08-26,Chennai,13.08,80.27,24,8,Monsoon,Clear,64,1004.9,30.2,29.9,32.1,30.2,0.3,0.1,0.0,0.0,15.5,19.5,24.5,14.8,0.270703125,0.37354497354497357,1.337109375,1.957421875,1.7619047619047619,3.123046875,1.6837890625,2.159473684210526,5.990625
2025-08-27,Chennai,13.08,80.27,24,8,Monsoon,Monsoon,69,1004.1,29.5,29.4,30.3,28.9,5.6,2.4,12.8,23.0,16.9,18.4,28.2,15.9,0.27017543859649124,0.37315789473684213,1.338206627680312,1.9541910331384016,1.753157894736842,3.1169590643274856,1.6818713450292397,2.1727748691099475,5.9978557504873296
2025-08-28,Chennai,13.08,80.27,24,8,Monsoon,Monsoon,72,1003.4,29.2,29.1,30.5,28.9,1.9,1.5,1.2,13.4,13.2,16.1,24.6,14.7,0.2708171206225681,0.37382198952879586,1.3383268482490271,1.9842412451361868,1.8518324607329841,3.130739299610895,1.6805447470817119,2.1744791666666665,6.01011673151751
2025-08-29,Chennai,13.08,80.27,24,8,Monsoon,Clear,68,1004.3,29.9,30.0,31.6,30.2,4.2,1.3,0.0,0.9,18.8,21.4,23.4,15.8,0.270873786407767,0.3729166666666668,1.3388349514563107,2.002718446601942,1.9041666666666668,3.148349514563107,1.6801941747572815,2.170466321243523,6.017669902912621
2025-08-30,Chennai,13.08,80.27,24,8,Monsoon,Monsoon,65,1005.5,31.3,30.4,32.0,30.8,2.3,0.5,2.0,22.2,15.9,19.9,19.8,14.5,0.2709302325581396,0.3720207253886011,1.338953488372093,2.005232558139535,1.8963730569948187,3.1439922480620153,1.682751937984496,2.1881443298969074,6.020736434108527
2025-08-31,Chennai,13.08,80.27,24,8,Monsoon,Monsoon,76,1005.2,28.3,28.7,31.4,29.0,55.1,28.0,0.8,11.2,12.3,15.6,23.0,15.9,0.27137330754352035,0.3721649484536083,1.3386847195357834,2.0398452611218567,1.9984536082474227,3.1769825918762087,1.6822050290135395,2.2046153846153844,6.019342359767892
2025-09-01,Chennai,13.08,80.27,24,9,Monsoon,Clear,79,1003.2,28.4,28.5,31.3,27.9,20.7,5.2,0.0,4.2,21.5,22.1,26.6,15.1,0.2722007722007722,0.37179487179487186,1.3407335907335907,2.120656370656371,2.0743589743589745,3.1909266409266412,1.6859073359073358,2.1948979591836735,6.021428571428571
2025-09-02,Chennai,13.08,80.27,24,9,Monsoon,Monsoon,64,1002.5,29.9,29.8,31.4,29.9,0.1,0.5,0.2,10.4,23.8,25.3,28.3,17.0,0.2726396917148362,0.37295918367346953,1.3447013487475914,2.148362235067437,2.068877551020408,3.1928709055876685,1.6949903660886319,2.219289340101523,6.031984585741811
2025-09-03,Chennai,13.08,80.27,24,9,Monsoon,Monsoon,72,1002.9,29.0,28.5,30.9,29.0,8.6,1.0,1.7,12.9,19.7,24.8,26.6,21.3,0.2721153846153846,0.3715736040609138,1.345,2.1640384615384614,2.108629441624365,3.206346153846154,1.7048076923076922,2.25,6.042115384615385
2025-09-04,Chennai,13.08,80.27,24,9,Monsoon,Clear,64,1003.7,30.4,29.9,32.0,30.3,0.8,0.3,0.0,3.0,18.9,24.3,22.2,20.1,0.2715930902111324,0.3722222222222223,1.3460652591170827,2.168138195777351,2.158080808080808,3.2216890595009597,1.7046065259117082,2.2562814070351758,6.040690978886756
2025-09-05,Chennai,13.08,80.27,24,9,Monsoon,Clear,64,1005.0,30.8,30.3,32.0,30.9,0.4,1.2,0.0,0.7,14.5,18.3,24.2,16.4,0.2712643678160919,0.37236180904522626,1.3467432950191571,2.168199233716475,2.1608040201005023,3.221264367816092,1.703639846743295,2.266,6.033141762452107
2025-09-06,Chennai,13.08,80.27,24,9,Monsoon,Clear,71,1006.0,29.9,29.9,31.7,30.2,3.3,0.1,0.0,0.5,14.1,19.1,20.5,11.9,0.27093690248565966,0.3735000000000001,1.3462715105162524,2.1646271510516253,2.1525,3.2164435946462717,1.7040152963671127,2.264179104477612,6.036520076481835
2025-09-07,Chennai,13.08,80.27,24,9,Monsoon,Clear,66,1005.5,29.8,30.0,31.3,30.5,1.6,1.1,0.0,1.7,12.7,16.3,16.1,12.7,0.27099236641221375,0.37313432835820903,1.3465648854961831,2.165839694656489,2.143781094527363,3.2112595419847327,1.7049618320610687,2.2886138613861386,6.041412213740458
2025-09-08,Chennai,13.08,80.27,24,9,Monsoon,Clear,68,1005.3,29.4,30.1,31.1,30.2,4.3,0.7,0.1,2.5,12.2,12.0,18.4,14.0,0.2718095238095238,0.3737623762376238,1.3455238095238096,2.1619047619047618,2.136138613861386,3.2083809523809523,1.7017142857142857,2.2950738916256155,6.036380952380952
2025-09-09,Chennai,13.08,80.27,24,9,Monsoon,Clear,69,1005.9,29.9,30.4,31.3,30.7,1.1,0.6,0.0,1.6,14.1,14.7,21.4,11.6,0.27281368821292773,0.3724137931034484,1.3446768060836503,2.161216730038023,2.1344827586206896,3.2068441064638784,1.7019011406844105,2.293627450980392,6.033269961977187
2025-09-10,Chennai,13.08,80.27,24,9,Monsoon,Clear,69,1005.9,30.2,30.0,31.7,30.6,3.1,1.6,0.0,4.0,26.5,26.2,25.7,13.5,0.2738140417457306,0.3720588235294119,1.3432637571157495,2.1580645161290324,2.128921568627451,3.2037950664136625,1.703415559772296,2.297560975609756,6.040417457305503
2025-09-11,Chennai,13.08,80.27,24,9,Monsoon,Monsoon,74,1005.4,29.4,29.0,31.6,29.1,1.1,5.9,1.5,8.6,22.9,24.6,20.5,16.9,0.2740530303030303,0.3731707317073171,1.3428030303030303,2.1556818181818183,2.1302439024390245,3.2053030303030305,1.7248106060606059,2.3480582524271845,6.052083333333333
2025-09-12,Chennai,13.08,80.27,24,9,Monsoon,Clear,73,1005.1,28.7,29.1,31.0,29.2,2.4,2.4,0.4,0.6,11.0,11.6,18.3,11.5,0.2741020793950851,0.3718446601941749,1.3449905482041589,2.1657844990548205,2.133009708737864,3.212665406427221,1.7328922495274102,2.373913043478261,6.047448015122873
2025-09-13,Chennai,13.08,80.27,24,9,Monsoon,Clear,77,1005.5,28.1,28.4,30.9,28.8,1.7,3.1,0.0,0.7,11.3,14.9,16.1,16.1,0.27452830188679245,0.37053140096618364,1.3458490566037737,2.1650943396226414,2.1314009661835747,3.2069811320754718,1.730566037735849,2.362980769230769,6.048867924528302
2025-09-14,Chennai,13.08,80.27,24,9,Monsoon,Monsoon,83,1006.4,28.3,28.5,30.6,28.1,5.8,1.8,0.1,31.6,11.5,14.5,23.7,12.1,0.27532956685499055,0.37067307692307705,1.3472693032015066,2.162900188323917,2.1326923076923077,3.20225988700565,1.7363465160075329,2.357416267942584,6.037476459510358
2025-09-15,Chennai,13.08,80.27,24,9,Monsoon,Clear,77,1005.6,29.5,29.8,31.4,29.3,0.2,0.0,0.0,5.1,15.0,14.2,28.0,13.5,0.27518796992481204,0.37081339712918665,1.3494360902255638,2.2073308270676693,2.265071770334928,3.255451127819549,1.7342105263157894,2.3576190476190475,6.047932330827067
2025-09-16,Chennai,13.08,80.27,24,9,Monsoon,Monsoon,84,1005.8,28.0,28.5,31.4,27.8,2.2,4.2,0.0,17.3,10.6,10.7,21.3,12.7,0.27504690431519696,0.3714285714285715,1.3508442776735459,2.2123827392120075,2.2785714285714285,3.25891181988743,1.7337711069418387,2.3497630331753556,6.063789868667917
2025-09-17,Chennai,13.08,80.27,24,9,Monsoon,Monsoon,84,1006.1,28.1,28.5,30.9,27.8,11.8,10.3,1.5,15.9,14.4,12.6,23.0,12.3,0.2749063670411985,0.3729857819905214,1.355056179775281,2.236516853932584,2.3298578199052136,3.285205992509363,1.734456928838951,2.34811320754717,6.068539325842696
2025-09-18,Chennai,13.08,80.27,24,9,Monsoon,Clear,82,1005.8,28.0,28.5,30.8,27.9,20.7,7.3,0.8,6.2,16.3,17.8,22.7,12.8,0.27495327102803735,0.37452830188679254,1.3583177570093459,2.24,2.3452830188679243,3.305981308411215,1.7351401869158878,2.3384976525821592,6.077196261682244
2025-09-19,Chennai,13.08,80.27,24,9,Monsoon,Clear,81,1006.4,27.5,27.4,29.7,27.4,7.2,11.6,6.5,3.0,18.8,20.8,22.7,14.3,0.2746268656716418,0.375586854460094,1.3611940298507463,2.2628731343283586,2.33943661971831,3.3098880597014926,1.7384328358208954,2.350934579439252,6.084328358208955
2025-09-20,Chennai,13.08,80.27,24,9,Monsoon,Clear,81,1005.7,27.8,28.0,30.3,27.6,8.4,5.3,3.7,5.5,14.4,16.4,19.5,15.5,0.27430167597765365,0.3738317757009346,1.3629422718808193,2.2664804469273743,2.3686915887850466,3.3102420856610797,1.7435754189944133,2.3702325581395347,6.088640595903166
2025-09-21,Chennai,13.08,80.27,24,9,Monsoon,Clear,81,1004.9,28.0,28.3,30.2,27.9,2.2,5.9,0.4,0.7,11.4,13.9,17.7,10.8,0.2741635687732342,0.37395348837209313,1.3654275092936803,2.2676579925650557,2.358604651162791,3.3074349442379183,1.7423791821561339,2.363425925925926,6.084758364312267
2025-09-22,Chennai,13.08,80.27,24,9,Monsoon,Clear,80,1005.6,28.0,28.6,30.3,28.3,7.5,2.3,0.5,3.4,13.7,17.2,20.3,13.9,0.2738404452690167,0.3740740740740741,1.3671614100185527,2.2662337662337664,2.371759259259259,3.3018552875695732,1.7402597402597402,2.366820276497696,6.086270871985158
2025-09-23,Chennai,13.08,80.27,24,9,Monsoon,Clear,78,1006.0,28.4,28.9,30.5,28.2,1.5,1.9,0.6,5.4,15.8,18.1,26.1,16.9,0.2738888888888889,0.37373271889400933,1.3683333333333334,2.2696296296296294,2.3658986175115206,3.301111111111111,1.7374074074074073,2.3711009174311926,6.086851851851852
2025-09-24,Chennai,13.08,80.27,24,9,Monsoon,Clear,67,1004.5,29.1,29.6,31.2,29.0,0.0,0.7,0.1,3.5,18.1,19.9,30.4,19.3,0.2737523105360444,0.3752293577981652,1.3700554528650648,2.2726432532347505,2.3711009174311926,3.3038817005545287,1.7362292051756008,2.3657534246575342,6.09260628465804
2025-09-25,Chennai,13.08,80.27,24,9,Monsoon,Clear,70,1003.3,29.3,29.9,32.1,29.0,1.0,0.0,0.0,0.2,13.6,17.7,24.8,16.7,0.27343173431734313,0.3762557077625572,1.3715867158671586,2.274907749077491,2.373059360730594,3.304059040590406,1.735239852398524,2.357727272727273,6.1018450184501845
2025-09-26,Chennai,13.08,80.27,24,9,Monsoon,Clear,72,1003.0,28.6,28.7,30.8,28.6,0.8,1.3,0.2,0.1,17.0,18.8,30.9,19.2,0.27348066298342544,0.3786363636363637,1.3747697974217312,2.2721915285451195,2.3631818181818183,3.298342541436464,1.737753222836096,2.35158371040724,6.105524861878453
2025-09-27,Chennai,13.08,80.27,24,9,Monsoon,Monsoon,68,1004.1,29.5,29.3,30.8,28.8,0.4,0.7,1.6,12.0,21.5,22.7,27.6,20.8,0.27297794117647056,0.37737556561085983,1.3762867647058825,2.2693014705882355,2.357918552036199,3.2924632352941177,1.7386029411764705,2.342792792792793,6.115808823529412
2025-09-28,Chennai,13.08,80.27,24,9,Monsoon,Monsoon,70,1004.8,29.6,29.6,31.2,29.3,0.1,0.0,0.1,23.6,15.5,16.6,27.0,14.7,0.27376146788990824,0.377927927927928,1.3774311926605505,2.286422018348624,2.398198198198198,3.3055045871559634,1.736697247706422,2.3408071748878925,6.117064220183487
2025-09-29,Chennai,13.08,80.27,24,9,Monsoon,Clear,74,1004.7,29.3,29.4,32.3,28.7,10.3,4.7,0.0,4.2,16.6,19.5,25.7,14.9,0.27380952380952384,0.37757847533632294,1.3783882783882784,2.325274725274725,2.493273542600897,3.3424908424908426,1.7349816849816848,2.3388392857142857,6.128388278388278
2025-09-30,Chennai,13.08,80.27,24,9,Monsoon,Clear,71,1003.9,28.7,28.8,30.8,28.2,17.0,6.3,0.0,0.0,18.1,17.9,23.5,14.2,0.27440585009140767,0.37901785714285724,1.3824497257769655,2.3321755027422304,2.484375,3.344058500914077,1.7349177330895795,2.348888888888889,6.1369287020109695
2025-02-19,Bengaluru,12.97,77.59,24,2,Winter,Clear,42,913.3,25.6,25.0,25.9,25.8,0.0,0.0,0.0,0.0,12.6,9.2,21.1,13.1,0.23240740740740737,0.6999999999999993,0.9697530864197532,2.0385802469135803,0.0,3.055246913580247,2.5941358024691357,3.9000000000000004,3.289506172839506
2025-02-20,Bengaluru,12.97,77.59,24,2,Winter,Clear,46,913.9,25.6,25.4,25.9,25.7,0.0,0.0,0.0,0.0,14.5,11.3,22.5,15.3,0.23230769230769227,0.75,0.9670769230769232,2.0323076923076924,0.0,3.0458461538461536,2.5876923076923077,3.9000000000000004,3.304
2025-02-21,Bengaluru,12.97,77.59,24,2,Winter,Clear,45,915.1,25.2,25.0,25.8,25.3,0.0,0.0,0.0,0.0,15.5,12.6,21.1,14.1,0.23190184049079754,0.6000000000000002,0.9647239263803681,2.026073619631902,0.0,3.0365030674846625,2.582208588957055,3.9250000000000003,3.315950920245399
2025-02-22,Bengaluru,12.97,77.59,24,2,Winter,Clear,47,915.6,25.2,25.2,25.7,25.5,0.0,0.0,0.0,0.0,18.5,15.5,19.6,16.4,0.2314984709480122,0.5250000000000004,0.963302752293578,2.0198776758409784,0.0,3.027217125382263,2.5785932721712537,3.4400000000000004,3.327217125382263
2025-02-23,Bengaluru,12.97,77.59,24,2,Winter,Clear,40,915.8,25.4,24.9,25.8,25.6,0.0,0.0,0.0,0.0,19.9,18.0,22.7,18.2,0.2317073170731707,0.4800000000000004,0.9609756097560975,2.013719512195122,0.0,3.017987804878049,2.5771341463414634,3.016666666666667,3.326829268292683
2025-02-24,Bengaluru,12.97,77.59,24,2,Winter,Clear,39,915.5,24.8,24.7,24.8,24.7,0.0,0.0,0.0,0.0,19.1,19.9,22.6,17.2,0.2316109422492401,0.5166666666666675,0.958662613981763,2.007598784194529,0.0,3.0088145896656533,2.574468085106383,2.614285714285714,3.3303951367781157
2025-02-25,Bengaluru,12.97,77.59,24,2,Winter,Clear,49,916.3,24.0,23.7,23.8,23.8,0.0,0.0,0.0,0.0,16.9,15.1,22.8,15.9,0.2312121212121212,0.44285714285714356,0.956060606060606,2.0015151515151515,0.0,2.9996969696969695,2.5724242424242423,2.625,3.3366666666666664
2025-02-26,Bengaluru,12.97,77.59,24,2,Winter,Clear,45,916.2,24.5,24.5,24.4,24.3,0.0,0.0,0.0,0.0,18.5,19.0,24.1,17.1,0.2311178247734139,0.4000000000000008,0.9531722054380665,1.9954682779456194,0.0,2.990634441087613,2.5676737160120844,2.422222222222222,3.3474320241691844
2025-02-27,Bengaluru,12.97,77.59,24,2,Winter,Clear,41,915.0,24.3,24.3,24.4,24.3,0.0,0.0,0.0,0.0,17.5,17.0,20.6,16.4,0.23102409638554214,0.37777777777777843,0.9506024096385542,1.9894578313253013,0.0,2.9816265060240963,2.564156626506024,2.3699999999999997,3.358433734939759
2025-02-28,Bengaluru,12.97,77.59,24,2,Winter,Clear,46,914.0,24.6,24.0,24.3,24.5,0.0,0.0,0.0,0.0,15.9,14.4,22.3,14.8,0.2303303303303303,0.3400000000000006,0.948048048048048,1.9834834834834836,0.0,2.9726726726726724,2.5597597597597597,2.209090909090909,3.360960960960961
2025-03-01,Bengaluru,12.97,77.59,24,3,Summer,Clear,63,913.4,24.9,24.5,24.2,24.7,0.0,0.0,0.0,0.0,15.3,14.7,21.6,14.2,0.22994011976047904,0.35454545454545505,0.945808383233533,1.9775449101796407,0.0,2.96377245508982,2.555389221556886,2.058333333333333,3.3733532934131736
2025-03-02,Bengaluru,12.97,77.59,24,3,Summer,Clear,55,912.6,25.8,25.6,25.3,25.8,0.0,0.0,0.0,0.0,13.1,12.4,17.9,14.2,0.2298507462686567,0.34166666666666706,0.9444776119402986,1.971641791044776,0.0,2.954925373134328,2.551044776119403,1.9384615384615385,3.3853731343283577
2025-03-03,Bengaluru,12.97,77.59,24,3,Summer,Clear,47,913.1,26.7,26.5,26.7,26.7,0.0,0.0,0.0,0.0,17.8,14.2,19.4,15.3,0.22916666666666666,0.3307692307692311,0.943154761904762,1.9657738095238095,0.0,2.9461309523809525,2.5467261904761904,1.9285714285714286,3.3863095238095235
2025-03-04,Bengaluru,12.97,77.59,24,3,Summer,Clear,36,913.2,27.0,26.7,27.3,27.2,0.0,0.0,0.0,0.0,18.9,20.4,22.1,17.5,0.228486646884273,0.3214285714285717,0.9403560830860536,1.959940652818991,0.0,2.9373887240356082,2.546587537091988,1.8733333333333335,3.3884272997032645
2025-03-05,Bengaluru,12.97,77.59,24,3,Summer,Clear,30,913.1,27.3,26.6,27.6,27.6,0.0,0.0,0.0,0.0,15.9,11.4,16.9,16.1,0.2284023668639053,0.3333333333333336,0.9378698224852071,1.9541420118343196,0.0,2.928698224852071,2.5431952662721895,1.9375,3.3920118343195265
2025-03-06,Bengaluru,12.97,77.59,24,3,Summer,Clear,33,913.9,26.8,26.6,27.6,27.5,0.0,0.0,0.0,0.0,15.9,14.0,19.3,15.3,0.22861356932153393,0.3750000000000002,0.9351032448377581,1.948377581120944,0.0,2.9200589970501474,2.5362831858407078,2.1,3.3843657817109145
2025-03-07,Bengaluru,12.97,77.59,24,3,Summer,Clear,30,912.4,26.4,25.8,27.5,27.0,0.0,0.0,0.0,0.0,12.7,10.2,16.6,12.4,0.22999999999999995,0.4058823529411766,0.9326470588235295,1.9426470588235294,0.0,2.9114705882352943,2.5305882352941174,2.0555555555555554,3.3861764705882353
2025-03-08,Bengaluru,12.97,77.59,24,3,Summer,Clear,32,911.4,26.1,25.7,27.1,26.8,0.0,0.0,0.0,0.0,9.4,9.1,15.7,11.2,0.2310850439882698,0.45000000000000007,0.9313782991202346,1.936950146627566,0.0,2.902932551319648,2.5240469208211143,2.0631578947368423,3.3885630498533725
2025-03-09,Bengaluru,12.97,77.59,24,3,Summer,Clear,36,912.0,26.5,26.4,26.7,26.6,0.0,0.0,0.0,0.0,16.8,17.1,24.2,16.7,0.2324561403508772,0.48421052631578965,0.9295321637426902,1.9312865497076024,0.0,2.8944444444444444,2.5219298245614037,2.065,3.391812865497076
2025-03-10,Bengaluru,12.97,77.59,24,3,Summer,Clear,53,913.7,24.7,25.0,25.0,24.5,0.0,0.0,0.0,0.0,17.4,18.0,22.4,16.9,0.23206997084548103,0.4700000000000003,0.9271137026239067,1.9256559766763848,0.0,2.88600583090379,2.514868804664723,1.9857142857142858,3.4037900874635567
2025-03-11,Bengaluru,12.97,77.59,24,3,Summer,Clear,65,913.7,23.9,24.5,24.1,23.4,0.9,0.1,1.7,2.5,19.5,21.2,25.0,21.6,0.2319767441860465,0.4714285714285717,0.9258720930232558,1.9200581395348837,0.0,2.8776162790697675,2.5090116279069767,1.9454545454545455,3.4098837209302326
2025-03-12,Bengaluru,12.97,77.59,24,3,Summer,Clear,70,913.0,24.9,25.3,24.6,24.5,0.1,0.4,0.0,2.3,15.9,17.5,24.0,16.7,0.23275362318840578,0.5000000000000003,0.9252173913043478,1.9191304347826088,0.10909090909090909,2.871594202898551,2.5078260869565216,1.8782608695652174,3.409855072463768
2025-03-13,Bengaluru,12.97,77.59,24,3,Summer,Clear,51,912.6,26.1,26.2,26.7,26.3,0.0,0.0,0.0,0.0,15.2,15.5,19.0,14.8,0.23323699421965316,0.5130434782608699,0.9228323699421965,1.9199421965317918,0.18695652173913044,2.8699421965317917,2.5028901734104045,1.8333333333333337,3.421098265895954
2025-03-14,Bengaluru,12.97,77.59,24,3,Summer,Clear,39,913.0,27.1,27.5,27.9,27.4,0.0,0.0,0.0,0.0,16.5,17.3,21.9,15.9,0.23314121037463975,0.49583333333333374,0.9213256484149855,1.9144092219020172,0.17916666666666667,2.861671469740634,2.496829971181556,1.788,3.423342939481268
2025-03-15,Bengaluru,12.97,77.59,24,3,Summer,Clear,35,913.5,26.8,26.8,27.2,26.9,0.0,0.0,0.0,0.0,16.7,15.9,19.6,17.1,0.2333333333333333,0.4800000000000004,0.9201149425287356,1.9089080459770114,0.172,2.853448275862069,2.4913793103448274,1.7730769230769234,3.4307471264367817
2025-03-16,Bengaluru,12.97,77.59,24,3,Summer,Clear,46,913.5,26.4,26.3,27.1,26.7,0.0,0.0,0.0,0.0,13.0,12.3,21.8,14.9,0.23295128939828075,0.46538461538461573,0.9183381088825215,1.9034383954154726,0.16538461538461538,2.845272206303725,2.4853868194842406,1.7518518518518522,3.4280802292263615
2025-03-17,Bengaluru,12.97,77.59,24,3,Summer,Clear,53,913.5,27.1,27.7,28.4,27.3,0.2,0.0,0.0,0.0,10.7,8.8,21.4,17.4,0.23314285714285712,0.46296296296296324,0.9168571428571429,1.898,0.15925925925925924,2.837142857142857,2.4837142857142855,1.7821428571428573,3.4379999999999997
2025-03-18,Bengaluru,12.97,77.59,24,3,Summer,Clear,46,913.2,27.5,27.7,28.6,27.9,0.0,0.0,0.0,0.0,15.8,15.1,21.4,15.2,0.233048433048433,0.4607142857142859,0.9173789173789174,1.893162393162393,0.15357142857142855,2.8290598290598292,2.4957264957264957,2.017241379310345,3.4396011396011397
2025-03-19,Bengaluru,12.97,77.59,24,3,Summer,Clear,52,914.7,27.1,27.7,27.5,27.2,0.0,0.0,0.0,0.0,15.3,14.7,23.4,14.4,0.23352272727272724,0.45172413793103466,0.9167613636363637,1.8877840909090908,0.1482758620689655,2.821022727272727,2.490340909090909,1.9533333333333336,3.4474431818181817
2025-03-20,Bengaluru,12.97,77.59,24,3,Summer,Clear,54,915.6,26.7,27.1,27.0,26.4,0.0,0.0,0.0,0.0,14.2,13.8,20.5,13.2,0.23314447592067983,0.4533333333333335,0.9150141643059491,1.8824362606232294,0.14333333333333334,2.813031161473088,2.4858356940509916,1.9000000000000001,3.463172804532578
2025-03-21,Bengaluru,12.97,77.59,24,3,Summer,Clear,54,915.6,26.8,26.9,27.1,26.8,0.0,0.0,0.0,0.0,13.5,12.4,23.3,13.7,0.23333333333333328,0.4612903225806454,0.9141242937853108,1.8771186440677967,0.13870967741935483,2.805084745762712,2.481638418079096,1.8593750000000002,3.4740112994350283
2025-03-22,Bengaluru,12.97,77.59,24,3,Summer,Convective,71,914.8,25.7,26.1,26.3,24.7,17.5,1.9,1.8,23.8,11.4,12.0,22.2,18.4,0.23267605633802813,0.4500000000000002,0.9123943661971832,1.871830985915493,0.134375,2.797183098591549,2.4752112676056335,1.8424242424242425,3.4912676056338032
2025-03-23,Bengaluru,12.97,77.59,24,3,Summer,Clear,75,914.5,24.5,25.0,26.0,24.1,0.6,2.9,1.8,0.1,13.2,13.7,21.0,13.4,0.23483146067415725,0.47878787878787904,0.9143258426966292,1.8842696629213482,0.7939393939393941,2.851123595505618,2.4879213483146065,1.9764705882352942,3.492134831460674
2025-03-24,Bengaluru,12.97,77.59,24,3,Summer,Clear,68,914.0,25.0,26.6,27.0,24.7,0.1,0.6,0.1,0.0,11.9,11.6,23.2,11.9,0.2352941176470588,0.4911764705882355,0.9170868347338936,1.880392156862745,0.8529411764705883,2.8478991596638656,2.481512605042017,1.9285714285714286,3.503641456582633
2025-03-25,Bengaluru,12.97,77.59,24,3,Summer,Clear,60,912.0,25.5,26.8,27.6,25.3,0.0,0.0,0.0,0.0,11.9,11.7,21.3,12.9,0.2354748603351955,0.5314285714285717,0.9209497206703912,1.8754189944134076,0.8457142857142858,2.840223463687151,2.474581005586592,1.8833333333333333,3.525418994413408
2025-03-26,Bengaluru,12.97,77.59,24,3,Summer,Clear,47,911.0,26.2,27.5,28.4,26.5,0.0,0.0,0.0,0.0,11.8,11.0,21.4,12.1,0.2353760445682451,0.5583333333333336,0.924791086350975,1.8701949860724234,0.8222222222222223,2.832311977715878,2.4704735376044566,1.864864864864865,3.5389972144846795
2025-03-27,Bengaluru,12.97,77.59,24,3,Summer,Clear,43,911.1,26.4,27.4,29.0,27.4,0.0,0.0,0.0,0.0,11.3,9.4,16.9,15.1,0.23555555555555552,0.5702702702702706,0.9275000000000001,1.865,0.8,2.8244444444444445,2.464444444444444,1.8447368421052635,3.5549999999999997
2025-03-28,Bengaluru,12.97,77.59,24,3,Summer,Clear,40,910.8,27.2,27.9,29.6,28.0,0.0,0.0,0.0,0.0,11.8,11.8,20.3,13.0,0.23767313019390576,0.555263157894737,0.9293628808864266,1.8598337950138504,0.7789473684210527,2.8166204986149586,2.46814404432133,1.9435897435897436,3.5501385041551243
2025-03-29,Bengaluru,12.97,77.59,24,3,Summer,Clear,32,911.0,27.7,28.2,29.4,28.4,0.0,0.0,0.0,0.0,13.7,14.4,19.3,15.7,0.23922651933701652,0.5435897435897439,0.9312154696132597,1.854696132596685,0.758974358974359,2.808839779005525,2.4646408839779004,1.925,3.560497237569061
2025-03-30,Bengaluru,12.97,77.59,24,3,Summer,Clear,28,911.8,27.4,27.3,29.0,28.0,0.0,0.0,0.0,0.0,15.9,15.5,23.3,17.4,0.240495867768595,0.5350000000000003,0.931404958677686,1.849586776859504,0.74,2.801101928374656,2.4633608815426995,1.9097560975609755,3.5606060606060606
2025-03-31,Bengaluru,12.97,77.59,24,3,Summer,Clear,31,911.6,27.4,27.1,28.7,28.0,0.0,0.0,0.0,0.0,14.3,15.5,23.2,16.7,0.24148351648351643,0.5390243902439027,0.9315934065934066,1.8445054945054944,0.7219512195121952,2.7934065934065937,2.4607142857142854,1.9095238095238096,3.5670329670329672
2025-04-01,Bengaluru,12.97,77.59,24,4,Summer,Clear,50,910.7,26.1,25.9,27.4,26.4,0.0,0.0,0.0,0.0,15.4,14.8,23.8,13.9,0.24246575342465748,0.5476190476190478,0.930958904109589,1.8394520547945206,0.7047619047619048,2.7857534246575346,2.4605479452054797,1.8930232558139537,3.575068493150685
2025-04-02,Bengaluru,12.97,77.59,24,4,Summer,Clear,59,911.6,26.1,26.2,26.9,26.1,0.4,0.2,0.0,0.1,14.0,13.5,20.4,13.9,0.24262295081967208,0.5465116279069769,0.9311475409836066,1.8344262295081966,0.6883720930232559,2.7781420765027325,2.4579234972677595,1.8704545454545454,3.5923497267759563
2025-04-03,Bengaluru,12.97,77.59,24,4,Summer,Convective,68,913.4,25.1,25.5,26.1,25.3,11.3,6.1,11.3,8.0,10.5,9.6,14.6,11.6,0.2419618528610354,0.5363636363636365,0.9307901907356949,1.8302452316076296,0.675,2.7708446866485015,2.4514986376021795,1.8377777777777777,3.6002724795640324
2025-04-04,Bengaluru,12.97,77.59,24,4,Summer,Clear,77,913.3,24.5,25.4,25.7,23.3,2.7,2.8,7.9,3.0,11.5,9.9,19.8,10.4,0.24184782608695649,0.528888888888889,0.9304347826086957,1.8342391304347827,0.7022222222222223,2.7722826086956522,2.4478260869565216,1.841304347826087,3.598641304347826
2025-04-05,Bengaluru,12.97,77.59,24,4,Summer,Clear,69,912.4,25.2,26.0,27.5,24.9,0.2,5.4,0.1,0.0,12.8,7.4,19.9,9.8,0.2444444444444444,0.5630434782608696,0.9344173441734418,1.830081300813008,0.6913043478260871,2.778048780487805,2.444173441734417,1.8127659574468085,3.6143631436314365
2025-04-06,Bengaluru,12.97,77.59,24,4,Summer,Clear,56,911.8,26.5,27.1,28.7,26.8,0.3,0.4,0.0,0.0,11.3,10.8,22.8,13.3,0.24459459459459457,0.574468085106383,0.938918918918919,1.8256756756756756,0.7914893617021277,2.770810810810811,2.4456756756756755,1.825,3.631891891891892
2025-04-07,Bengaluru,12.97,77.59,24,4,Summer,Clear,49,912.2,27.3,27.2,29.3,27.7,0.0,0.0,0.0,0.0,16.3,12.5,21.9,16.5,0.244743935309973,0.5687500000000001,0.9415094339622642,1.8215633423180593,0.7833333333333333,2.7633423180592995,2.444474393530997,1.8387755102040815,3.647708894878706
2025-04-08,Bengaluru,12.97,77.59,24,4,Summer,Clear,46,913.0,27.1,27.4,28.8,27.5,0.0,0.0,0.0,0.0,21.3,19.4,33.8,20.6,0.2451612903225806,0.5673469387755103,0.9432795698924732,1.8166666666666667,0.7673469387755102,2.7559139784946236,2.438440860215054,1.882,3.6524193548387096
2025-04-09,Bengaluru,12.97,77.59,24,4,Summer,Clear,43,912.3,27.0,26.7,28.7,27.4,0.0,0.0,0.0,0.0,13.3,12.4,20.9,14.2,0.24557640750670237,0.5580000000000002,0.944235924932976,1.8117962466487934,0.752,2.748525469168901,2.433780160857909,1.8686274509803922,3.678016085790885
2025-04-10,Bengaluru,12.97,77.59,24,4,Summer,Clear,48,910.6,26.5,27.2,28.9,27.3,0.0,0.0,0.0,0.0,8.4,10.1,26.7,11.1,0.24598930481283415,0.5607843137254903,0.9451871657754011,1.806951871657754,0.7372549019607844,2.7411764705882353,2.4296791443850267,1.8673076923076921,3.686096256684492
2025-04-11,Bengaluru,12.97,77.59,24,4,Summer,Clear,57,910.2,26.3,26.4,28.6,26.3,0.6,0.5,0.1,4.7,12.0,12.1,18.8,13.0,0.2474666666666666,0.5519230769230771,0.9469333333333334,1.8021333333333331,0.7230769230769231,2.7338666666666667,2.4304,1.850943396226415,3.7178666666666667
2025-04-12,Bengaluru,12.97,77.59,24,4,Summer,Clear,60,911.1,25.2,26.1,28.4,25.7,0.3,0.9,0.0,1.5,11.6,8.2,21.6,11.0,0.24680851063829784,0.5433962264150944,0.9505319148936171,1.8082446808510637,0.7886792452830189,2.7388297872340424,2.426595744680851,1.8333333333333333,3.723404255319149
2025-04-13,Bengaluru,12.97,77.59,24,4,Summer,Clear,55,911.6,25.8,25.9,29.0,26.3,3.7,2.8,0.1,0.3,13.2,7.1,16.1,9.0,0.2474801061007957,0.5407407407407409,0.9551724137931035,1.806631299734748,0.7851851851851853,2.735543766578249,2.4217506631299734,1.8509090909090908,3.7416445623342174
2025-04-14,Bengaluru,12.97,77.59,24,4,Summer,Clear,52,911.5,27.0,26.4,29.3,26.8,0.1,0.4,0.0,0.7,9.4,10.2,20.8,14.1,0.2481481481481481,0.5381818181818183,0.9597883597883599,1.810846560846561,0.8163636363636365,2.7288359788359786,2.4264550264550264,1.8517857142857144,3.750529100529101
2025-04-15,Bengaluru,12.97,77.59,24,4,Summer,Clear,47,911.6,26.8,26.7,29.2,27.3,0.0,0.0,0.2,0.0,11.3,9.7,23.9,12.3,0.24802110817941944,0.5357142857142859,0.9638522427440633,1.8076517150395779,0.8071428571428572,2.723482849604222,2.43245382585752,1.8877192982456141,3.758311345646438
2025-04-16,Bengaluru,12.97,77.59,24,4,Summer,Convective,64,912.0,25.5,25.6,29.0,25.7,1.9,0.5,0.2,10.8,11.0,11.3,19.3,18.2,0.2486842105263157,0.5368421052631581,0.9663157894736844,1.8028947368421053,0.7929824561403509,2.716842105263158,2.4286842105263156,1.9000000000000001,3.778947368421053
2025-04-17,Bengaluru,12.97,77.59,24,4,Summer,Clear,56,911.2,26.3,25.9,29.8,27.2,0.4,1.6,0.0,0.1,8.4,6.9,18.0,7.6,0.24855643044619416,0.5293103448275864,0.9724409448818898,1.821522309711286,0.956896551724138,2.7375328083989503,2.441207349081365,1.9847457627118645,3.7719160104986873
2025-04-18,Bengaluru,12.97,77.59,24,4,Summer,Clear,62,910.9,26.7,26.2,28.8,26.7,0.3,0.7,0.7,1.1,7.5,8.6,22.3,10.4,0.250261780104712,0.5423728813559324,0.9767015706806284,1.8175392670157067,0.9661016949152543,2.7306282722513093,2.4369109947643977,1.9633333333333334,3.7892670157068062
2025-04-19,Bengaluru,12.97,77.59,24,4,Summer,Clear,63,910.6,26.2,26.6,29.1,26.8,0.0,0.5,0.8,0.0,10.8,9.4,20.7,9.8,0.24960835509138377,0.5416666666666669,0.9796344647519584,1.8148825065274152,0.9566666666666668,2.724543080939948,2.4381201044386422,1.960655737704918,3.8104438642297653
2025-04-20,Bengaluru,12.97,77.59,24,4,Summer,Clear,62,911.1,25.7,26.2,30.1,26.7,0.6,0.8,0.0,0.1,13.7,11.1,32.8,13.1,0.25052083333333325,0.536065573770492,0.9830729166666666,1.8101562500000001,0.9491803278688525,2.7195312499999997,2.4343749999999997,1.935483870967742,3.8289062499999997
2025-04-21,Bengaluru,12.97,77.59,24,4,Summer,Clear,55,912.4,26.5,26.3,30.1,27.5,0.0,0.9,0.7,0.0,13.5,10.5,22.9,13.7,0.2524675324675324,0.5354838709677421,0.9893506493506494,1.8067532467532468,0.9451612903225808,2.712727272727273,2.4296103896103896,1.9365079365079365,3.8701298701298703
2025-04-22,Bengaluru,12.97,77.59,24,4,Summer,Clear,43,913.2,27.6,27.1,30.3,28.3,0.0,0.0,0.0,0.0,13.1,10.7,22.6,14.1,0.25440414507772013,0.5460317460317461,0.9935233160621761,1.8020725388601038,0.9444444444444445,2.707512953367876,2.4238341968911916,1.95625,3.883937823834197
2025-04-23,Bengaluru,12.97,77.59,24,4,Summer,Clear,42,912.1,28.4,28.1,30.4,29.0,0.0,0.0,0.0,0.0,14.8,9.6,22.9,12.5,0.2555555555555555,0.5562500000000001,0.9961240310077519,1.7974160206718346,0.9296875000000001,2.7005167958656333,2.42015503875969,1.9784615384615383,3.8958656330749357
2025-04-24,Bengaluru,12.97,77.59,24,4,Summer,Clear,47,911.1,28.3,27.8,29.9,29.0,0.0,0.0,0.0,0.0,13.4,10.9,19.1,14.6,0.2564432989690721,0.5615384615384617,0.9971649484536084,1.7927835051546392,0.9153846153846155,2.693556701030928,2.419845360824742,1.9924242424242424,3.9126288659793813
2025-04-25,Bengaluru,12.97,77.59,24,4,Summer,Clear,50,911.3,28.4,28.1,30.1,28.8,0.0,0.0,0.0,0.0,16.1,10.5,20.8,16.3,0.2575835475578406,0.5712121212121213,0.9969151670951157,1.7881748071979435,0.9015151515151516,2.6866323907455016,2.4167095115681234,2.017910447761194,3.9141388174807195
2025-04-26,Bengaluru,12.97,77.59,24,4,Summer,Clear,49,911.2,28.4,27.7,29.9,28.5,0.0,0.0,0.0,0.0,14.8,11.0,22.8,13.9,0.2579487179487179,0.573134328358209,0.9976923076923078,1.7835897435897436,0.8880597014925374,2.67974358974359,2.411025641025641,2.073529411764706,3.9156410256410252
2025-04-27,Bengaluru,12.97,77.59,24,4,Summer,Clear,52,911.8,28.0,27.5,29.0,28.0,0.0,0.1,0.0,0.0,12.8,11.7,24.3,14.3,0.25754475703324803,0.5764705882352942,0.9987212276214834,1.7790281329923274,0.8750000000000001,2.6728900255754477,2.4071611253196927,2.0855072463768116,3.928388746803069
2025-04-28,Bengaluru,12.97,77.59,24,4,Summer,Clear,56,910.8,27.7,26.8,28.8,27.6,0.1,0.3,0.0,0.0,12.2,11.1,20.7,11.1,0.25688775510204076,0.5753623188405798,0.9987244897959183,1.7744897959183674,0.8637681159420291,2.666071428571429,2.40484693877551,2.092857142857143,3.943877551020408
2025-04-29,Bengaluru,12.97,77.59,24,4,Summer,Clear,52,910.5,28.0,27.7,29.5,28.1,1.0,0.0,0.0,0.2,14.7,10.9,21.0,14.4,0.25648854961832057,0.5785714285714286,0.9992366412213741,1.7702290076335878,0.8557142857142858,2.659287531806616,2.401526717557252,2.063380281690141,3.958269720101781
2025-04-30,Bengaluru,12.97,77.59,24,4,Summer,Clear,49,911.2,28.0,27.3,30.3,28.6,0.3,0.1,0.0,1.0,8.4,6.5,16.1,12.2,0.25609137055837555,0.5760563380281691,1.000253807106599,1.767766497461929,0.8464788732394367,2.6530456852791877,2.3961928934010155,2.0833333333333335,3.96497461928934
2025-05-01,Bengaluru,12.97,77.59,24,5,Summer,Clear,49,911.8,28.1,27.4,30.2,28.3,1.0,0.4,0.0,1.3,9.2,8.7,18.4,10.7,0.2569620253164557,0.5861111111111112,1.0020253164556963,1.7650632911392405,0.8472222222222223,2.6488607594936706,2.399746835443038,2.1328767123287675,3.9648101265822784
2025-05-02,Bengaluru,12.97,77.59,24,5,Summer,Clear,60,911.9,27.0,26.7,29.4,27.1,2.5,0.5,0.7,2.9,8.3,8.9,17.2,7.8,0.2568181818181818,0.5904109589041097,1.0042929292929295,1.7613636363636365,0.8479452054794522,2.645454545454546,2.3974747474747473,2.1310810810810814,3.974242424242424
2025-05-03,Bengaluru,12.97,77.59,24,5,Summer,Convective,62,911.2,26.2,25.8,29.6,26.5,0.0,0.8,0.0,9.3,8.4,9.7,20.0,11.1,0.2564231738035264,0.587837837837838,1.0075566750629723,1.757934508816121,0.868918918918919,2.6443324937027706,2.3926952141057933,2.1173333333333333,3.9879093198992446
2025-05-04,Bengaluru,12.97,77.59,24,5,Summer,Clear,58,910.8,26.8,27.1,29.8,27.2,0.2,0.3,0.0,0.3,12.3,11.3,17.7,18.5,0.25653266331658287,0.5893333333333336,1.0128140703517587,1.7768844221105529,0.9706666666666668,2.66105527638191,2.393467336683417,2.1078947368421055,4.000251256281407
2025-05-05,Bengaluru,12.97,77.59,24,5,Summer,Clear,50,910.5,27.1,27.0,30.0,28.1,0.0,0.0,0.0,0.0,10.8,6.2,18.0,10.9,0.25689223057644106,0.5828947368421055,1.0167919799498748,1.7726817042606515,0.9578947368421055,2.655137844611529,2.403007518796992,2.174025974025974,3.992230576441103
2025-05-06,Bengaluru,12.97,77.59,24,5,Summer,Clear,54,911.0,26.9,27.5,30.0,27.4,0.0,0.0,0.0,0.0,13.0,10.7,21.3,10.0,0.25875,0.5896103896103898,1.0190000000000001,1.7682499999999999,0.9454545454545455,2.6485000000000003,2.39725,2.206410256410256,4.0
2025-05-07,Bengaluru,12.97,77.59,24,5,Summer,Clear,48,910.7,26.9,27.0,29.7,27.5,0.2,0.6,0.5,0.0,12.6,11.8,19.5,10.7,0.25935162094763087,0.5833333333333335,1.0229426433915214,1.7638403990024936,0.9333333333333335,2.6418952618453866,2.3987531172069825,2.187341772151899,4.018204488778054
2025-05-08,Bengaluru,12.97,77.59,24,5,Summer,Clear,49,910.9,25.9,26.1,28.2,27.1,0.0,0.2,0.2,0.0,11.7,7.6,17.6,11.4,0.2601990049751243,0.5822784810126584,1.0258706467661693,1.7599502487562189,0.929113924050633,2.636567164179105,2.397512437810945,2.17375,4.030099502487562
2025-05-09,Bengaluru,12.97,77.59,24,5,Summer,Clear,52,911.6,25.9,26.2,29.1,26.8,0.3,0.1,0.0,0.1,8.1,6.0,20.1,9.2,0.262531017369727,0.5875000000000001,1.0260545905707197,1.7555831265508686,0.9200000000000002,2.630521091811415,2.3923076923076922,2.1938271604938273,4.035483870967742
2025-05-10,Bengaluru,12.97,77.59,24,5,Summer,Clear,52,911.7,26.2,25.9,29.1,26.9,2.0,0.3,0.2,0.7,9.3,4.8,22.7,10.1,0.26410891089108907,0.5876543209876545,1.0292079207920792,1.7517326732673268,0.9086419753086421,2.6242574257425746,2.389108910891089,2.2060975609756097,4.052475247524753
2025-05-11,Bengaluru,12.97,77.59,24,5,Summer,Convective,62,910.7,25.5,26.1,29.3,26.0,1.2,0.2,0.0,8.0,10.6,7.9,22.1,10.9,0.2651851851851852,0.5926829268292685,1.0320987654320988,1.7506172839506173,0.9024390243902439,2.6190123456790126,2.3851851851851853,2.243373493975904,4.07358024691358
2025-05-12,Bengaluru,12.97,77.59,24,5,Summer,Clear,69,909.7,25.9,26.5,28.2,25.6,2.3,0.4,0.1,1.2,10.2,11.7,28.1,14.5,0.26576354679802955,0.5867469879518075,1.0376847290640394,1.7630541871921181,0.9855421686746989,2.632266009852217,2.3800492610837436,2.2523809523809524,4.0911330049261085
2025-05-13,Bengaluru,12.97,77.59,24,5,Summer,Clear,73,909.4,25.1,25.6,29.1,25.1,7.7,3.7,0.5,4.7,8.9,11.5,23.7,17.9,0.26584766584766584,0.5904761904761907,1.0415233415233416,1.7614250614250613,0.9833333333333334,2.6285012285012286,2.384766584766585,2.2588235294117647,4.114496314496314
2025-05-14,Bengaluru,12.97,77.59,24,5,Summer,Clear,67,910.1,25.8,25.5,30.2,26.2,1.4,1.4,0.5,1.6,8.6,7.6,16.4,11.2,0.2651960784313725,0.5894117647058825,1.0487745098039216,1.7644607843137254,0.983529411764706,2.6323529411764706,2.4009803921568627,2.3069767441860467,4.118627450980393
2025-05-15,Bengaluru,12.97,77.59,24,5,Summer,Clear,70,910.3,25.5,25.3,29.1,25.8,1.5,2.4,1.7,1.8,8.2,5.1,18.7,12.8,0.2655256723716381,0.5906976744186048,1.0559902200488998,1.760635696821516,0.9744186046511629,2.6286063569682154,2.4014669926650365,2.32183908045977,4.121271393643031
2025-05-16,Bengaluru,12.97,77.59,24,5,Summer,Clear,74,910.1,24.8,25.3,28.3,25.3,2.0,3.1,7.1,3.6,10.5,7.0,17.8,13.4,0.26560975609756093,0.5896551724137933,1.0614634146341464,1.7570731707317073,0.9701149425287356,2.622439024390244,2.406829268292683,2.3829545454545458,4.125609756097561
2025-05-17,Bengaluru,12.97,77.59,24,5,Summer,Convective,85,909.7,23.9,24.8,26.2,23.6,13.5,11.2,29.3,22.6,11.8,11.7,15.9,12.1,0.26618004866180045,0.5829545454545456,1.0661800486618005,1.75669099756691,0.9647727272727273,2.624574209245742,2.4080291970802916,2.4280898876404495,4.126277372262774
2025-05-18,Bengaluru,12.97,77.59,24,5,Summer,Convective,83,908.4,23.8,24.1,25.0,24.0,10.6,9.9,34.5,16.5,10.9,11.7,14.4,11.1,0.26626213592233006,0.5898876404494383,1.0699029126213593,1.7745145631067962,1.0820224719101126,2.634466019417476,2.4029126213592233,2.4055555555555554,4.125485436893204
2025-05-19,Bengaluru,12.97,77.59,24,5,Summer,Convective,88,907.1,23.6,24.2,25.3,23.2,18.5,18.4,47.9,14.9,12.1,7.8,13.3,11.1,0.2661016949152542,0.5844444444444447,1.0697336561743342,1.784503631961259,1.1433333333333333,2.671670702179177,2.3975786924939464,2.3857142857142857,4.123486682808717
2025-05-20,Bengaluru,12.97,77.59,24,5,Summer,Convective,90,906.9,22.8,23.3,24.0,22.7,16.6,18.9,11.6,15.2,14.3,10.5,21.3,12.0,0.26642512077294683,0.5890109890109891,1.0722222222222224,1.788888888888889,1.1692307692307693,2.7449275362318843,2.3942028985507244,2.3956521739130436,4.118840579710145
2025-05-21,Bengaluru,12.97,77.59,24,5,Summer,Convective,81,908.1,23.0,23.3,22.9,22.8,1.7,3.0,3.1,7.9,23.2,21.2,27.9,18.6,0.26602409638554214,0.5891304347826088,1.0727710843373495,1.7879518072289156,1.1967391304347827,2.746987951807229,2.3939759036144577,2.3860215053763443,4.13132530120482
2025-05-22,Bengaluru,12.97,77.59,24,5,Summer,Clear,75,908.5,23.9,24.3,24.8,23.6,0.1,0.1,0.0,0.1,19.9,20.6,21.0,18.9,0.26586538461538456,0.5881720430107529,1.0704326923076923,1.7985576923076925,1.2365591397849462,2.751923076923077,2.399278846153846,2.3882978723404253,4.14375
2025-05-23,Bengaluru,12.97,77.59,24,5,Summer,Clear,81,906.9,24.0,24.1,25.3,23.6,5.9,2.9,3.7,3.1,23.9,23.9,27.1,22.2,0.26594724220623495,0.5893617021276598,1.0707434052757794,1.794244604316547,1.2234042553191489,2.745563549160672,2.395923261390887,2.3810526315789478,4.1388489208633095
2025-05-24,Bengaluru,12.97,77.59,24,5,Summer,Clear,87,905.9,23.1,24.0,23.2,22.7,4.8,3.8,5.8,5.5,27.3,25.0,31.3,27.2,0.26626794258373204,0.5884210526315792,1.0722488038277511,1.7966507177033493,1.2126315789473685,2.7404306220095696,2.3942583732057416,2.3739583333333334,4.14066985645933
2025-05-25,Bengaluru,12.97,77.59,24,5,Summer,Convective,88,906.6,22.9,23.4,22.6,22.7,8.0,9.4,9.4,7.6,35.0,34.2,31.3,29.2,0.26658711217183767,0.5958333333333335,1.0708830548926014,1.7940334128878284,1.2177083333333334,2.7346062052505964,2.3887828162291167,2.3721649484536083,4.140572792362769
2025-05-26,Bengaluru,12.97,77.59,24,5,Summer,Convective,92,906.5,22.3,22.6,21.5,21.6,8.1,10.1,33.2,15.2,28.3,23.3,26.7,24.6,0.26642857142857135,0.5969072164948456,1.0685714285714285,1.7907142857142857,1.2237113402061857,2.732380952380953,2.3969047619047616,2.398979591836735,4.135714285714286
2025-05-27,Bengaluru,12.97,77.59,24,5,Summer,Clear,83,906.0,23.1,23.6,22.5,22.8,2.4,5.6,8.0,3.2,30.1,23.1,32.0,28.8,0.267458432304038,0.6010204081632655,1.066270783847981,1.8033254156769598,1.263265306122449,2.7686460807600954,2.4,2.387878787878788,4.130878859857482
2025-05-28,Bengaluru,12.97,77.59,24,5,Summer,Clear,80,906.0,23.3,23.5,22.0,23.1,3.5,3.2,4.5,3.3,28.8,28.2,29.9,27.6,0.26753554502369664,0.6030303030303032,1.0644549763033175,1.8009478672985781,1.2747474747474747,2.773459715639811,2.39739336492891,2.4210000000000003,4.12867298578199
2025-05-29,Bengaluru,12.97,77.59,24,5,Summer,Clear,85,905.6,23.3,23.8,22.3,22.4,3.3,4.3,1.0,6.4,22.3,20.6,31.4,24.0,0.26737588652482264,0.6010000000000002,1.0645390070921985,1.797163120567376,1.2630000000000001,2.7697399527186763,2.394562647754137,2.4029702970297033,4.12434988179669
2025-05-30,Bengaluru,12.97,77.59,24,5,Summer,Clear,88,906.8,22.1,23.1,21.4,22.1,2.2,5.0,12.5,2.2,21.3,18.4,27.1,19.9,0.2688679245283018,0.608910891089109,1.0622641509433963,1.8002358490566037,1.2712871287128713,2.775943396226415,2.3929245283018865,2.4127450980392156,4.132075471698113
2025-05-31,Bengaluru,12.97,77.59,24,5,Summer,Clear,76,909.8,24.2,24.9,24.4,24.2,0.4,0.3,0.3,0.1,20.9,21.7,24.5,20.4,0.268235294117647,0.6127450980392158,1.0614117647058825,1.7959999999999998,1.2862745098039217,2.793647058823529,2.3905882352941177,2.403883495145631,4.139294117647059
2025-06-01,Bengaluru,12.97,77.59,24,6,Monsoon,Clear,75,910.9,24.7,25.0,25.6,24.2,0.0,0.1,0.0,0.0,17.4,18.8,24.5,16.4,0.2676056338028169,0.6135922330097089,1.0593896713615023,1.792488262910798,1.2757281553398059,2.7875586854460095,2.386150234741784,2.393269230769231,4.139201877934272
2025-06-02,Bengaluru,12.97,77.59,24,6,Monsoon,Clear,77,910.4,24.1,24.5,25.6,23.7,0.4,0.6,0.1,1.5,20.2,21.5,24.3,20.2,0.26814988290398123,0.6153846153846155,1.0601873536299766,1.7882903981264637,1.2644230769230769,2.781030444964871,2.382903981264637,2.3933333333333335,4.148477751756441
2025-06-03,Bengaluru,12.97,77.59,24,6,Monsoon,Clear,79,910.3,23.9,24.5,25.2,23.6,3.6,1.1,0.0,1.8,21.5,21.3,23.4,20.9,0.2684579439252336,0.6171428571428572,1.0621495327102803,1.7866822429906544,1.260952380952381,2.777803738317757,2.3773364485981308,2.3830188679245285,4.1483644859813085
2025-06-04,Bengaluru,12.97,77.59,24,6,Monsoon,Clear,73,910.9,24.5,24.8,25.2,24.3,0.2,0.3,0.0,0.5,15.2,15.3,22.4,15.1,0.26853146853146853,0.6198113207547171,1.0634032634032635,1.7867132867132867,1.2556603773584905,2.7755244755244757,2.3731934731934734,2.364485981308411,4.144522144522145
2025-06-05,Bengaluru,12.97,77.59,24,6,Monsoon,Clear,69,911.4,24.4,25.1,26.5,24.6,0.1,0.2,0.0,0.0,15.3,15.1,18.7,12.9,0.26837209302325576,0.6186915887850469,1.0630232558139536,1.7832558139534882,1.2457943925233645,2.770232558139535,2.367906976744186,2.3444444444444446,4.151860465116279
2025-06-06,Bengaluru,12.97,77.59,24,6,Monsoon,Clear,64,911.7,25.0,26.0,28.1,25.8,0.7,0.6,0.0,0.2,10.6,9.2,14.2,13.1,0.2682134570765661,0.6175925925925928,1.0649651972157772,1.779350348027842,1.2361111111111112,2.7638051044083527,2.3679814385150815,2.3431192660550457,4.15568445475638
2025-06-07,Bengaluru,12.97,77.59,24,6,Monsoon,Clear,64,911.9,25.1,26.4,27.9,25.6,0.3,0.2,0.1,0.3,11.9,11.9,18.5,13.0,0.2694444444444444,0.6137614678899085,1.067824074074074,1.7763888888888888,1.228440366972477,2.7578703703703704,2.368287037037037,2.3572727272727274,4.148611111111111
2025-06-08,Bengaluru,12.97,77.59,24,6,Monsoon,Clear,66,911.1,25.1,26.0,26.7,25.6,0.6,0.3,6.4,2.9,12.9,12.3,16.4,12.4,0.26997690531177826,0.6154545454545456,1.0706697459584296,1.7722863741339492,1.2181818181818183,2.7519630484988458,2.365357967667437,2.3459459459459464,4.151732101616628
2025-06-09,Bengaluru,12.97,77.59,24,6,Monsoon,Monsoon,80,909.8,23.9,24.6,24.8,23.8,8.5,9.6,20.7,11.9,14.8,15.5,21.7,16.0,0.2705069124423963,0.6135135135135136,1.07073732718894,1.7735023041474656,1.2306306306306305,2.753686635944701,2.3610599078341017,2.325892857142857,4.151382488479263
2025-06-10,Bengaluru,12.97,77.59,24,6,Monsoon,Clear,78,907.4,24.1,24.9,25.8,23.8,8.4,6.0,2.4,5.0,16.6,17.4,23.4,17.2,0.2701149425287356,0.6151785714285715,1.0705747126436782,1.777241379310345,1.2401785714285716,2.767586206896552,2.358390804597701,2.309734513274336,4.154942528735632
2025-06-11,Bengaluru,12.97,77.59,24,6,Monsoon,Clear,83,906.3,23.7,23.7,25.3,23.3,19.7,10.0,5.1,7.0,18.3,18.1,24.2,16.9,0.27018348623853206,0.6194690265486726,1.0727064220183486,1.7809633027522935,1.2380530973451327,2.7672018348623855,2.354357798165138,2.2912280701754386,4.159633027522935
2025-06-12,Bengaluru,12.97,77.59,24,6,Monsoon,Clear,82,905.3,23.3,23.7,23.9,22.9,6.0,6.8,9.9,2.3,16.2,18.0,21.0,17.7,0.27048054919908465,0.6175438596491228,1.0748283752860412,1.8059496567505722,1.2535087719298246,2.765217391304348,2.352173913043478,2.281739130434783,4.166819221967963
2025-06-13,Bengaluru,12.97,77.59,24,6,Monsoon,Clear,88,905.9,23.3,23.9,24.0,22.6,3.2,3.7,5.8,3.9,20.7,20.9,25.8,17.2,0.27077625570776254,0.6191304347826089,1.0746575342465754,1.8102739726027397,1.2817391304347827,2.776255707762557,2.350228310502283,2.264655172413793,4.164840182648402
2025-06-14,Bengaluru,12.97,77.59,24,6,Monsoon,Clear,86,906.9,22.8,23.5,23.6,22.5,4.9,4.7,14.2,5.7,23.5,22.9,28.0,21.6,0.27175398633257397,0.625,1.0753986332574033,1.807744874715262,1.2724137931034483,2.7742596810933944,2.3528473804100223,2.2769230769230773,4.174943052391799
2025-06-15,Bengaluru,12.97,77.59,24,6,Monsoon,Clear,88,906.4,22.0,22.7,21.5,21.9,7.6,8.2,19.5,4.0,27.9,30.1,32.2,28.8,0.2718181818181818,0.6282051282051282,1.0754545454545454,1.8054545454545454,1.27008547008547,2.7872727272727276,2.3518181818181816,2.26864406779661,4.18
2025-06-16,Bengaluru,12.97,77.59,24,6,Monsoon,Monsoon,85,907.3,22.5,23.3,21.0,22.3,3.5,7.5,1.9,8.8,26.8,27.6,30.7,29.9,0.2714285714285714,0.6296610169491527,1.073922902494331,1.8095238095238095,1.2949152542372881,2.8160997732426307,2.348526077097506,2.2605042016806722,4.178231292517006
2025-06-17,Bengaluru,12.97,77.59,24,6,Monsoon,Clear,86,909.3,22.4,23.7,23.3,22.3,12.7,7.7,0.5,6.6,23.0,21.6,28.4,23.3,0.2712669683257918,0.6327731092436976,1.0744343891402717,1.817420814479638,1.2949579831932774,2.825339366515837,2.3502262443438915,2.2608333333333333,4.170588235294118
2025-06-18,Bengaluru,12.97,77.59,24,6,Monsoon,Clear,82,909.8,23.3,23.2,24.3,23.2,1.8,2.6,0.1,1.0,20.9,20.8,24.7,20.3,0.27088036117381487,0.6391666666666667,1.0742663656884877,1.8270880361173814,1.2933333333333334,2.8327313769751696,2.3455981941309254,2.256198347107438,4.172686230248307
2025-06-19,Bengaluru,12.97,77.59,24,6,Monsoon,Clear,76,909.7,24.2,24.6,24.7,23.7,0.3,0.3,0.0,0.0,22.3,22.0,25.7,23.1,0.27049549549549545,0.6338842975206612,1.0743243243243243,1.824774774774775,1.2958677685950415,2.8283783783783782,2.341666666666667,2.2418032786885247,4.1731981981981985
2025-06-20,Bengaluru,12.97,77.59,24,6,Monsoon,Clear,78,910.5,23.9,24.5,24.9,23.4,2.9,0.8,1.5,0.5,22.3,22.8,24.6,21.5,0.27101123595505616,0.6360655737704919,1.0741573033707865,1.8213483146067415,1.2877049180327869,2.8220224719101124,2.338202247191011,2.2325203252032524,4.169662921348315
2025-06-21,Bengaluru,12.97,77.59,24,6,Monsoon,Clear,76,910.5,24.2,24.6,24.7,23.5,0.2,0.3,0.0,0.2,24.1,24.5,26.7,22.3,0.27152466367713,0.6398373983739839,1.0751121076233183,1.8226457399103138,1.2796747967479676,2.8179372197309416,2.3347533632286996,2.225,4.167264573991031
2025-06-22,Bengaluru,12.97,77.59,24,6,Monsoon,Clear,79,910.0,23.2,23.8,24.3,23.0,3.5,3.5,7.9,1.5,21.6,22.1,29.9,24.1,0.27248322147651005,0.6435483870967743,1.0753914988814317,1.8185682326621924,1.2701612903225807,2.8120805369127515,2.3335570469798657,2.2248,4.167785234899329
2025-06-23,Bengaluru,12.97,77.59,24,6,Monsoon,Clear,78,909.1,22.9,23.7,23.2,22.8,0.7,2.0,2.3,1.1,25.9,28.4,29.2,26.5,0.27232142857142855,0.6448,1.0758928571428572,1.8189732142857142,1.276,2.820089285714286,2.3339285714285714,2.223015873015873,4.171428571428572
2025-06-24,Bengaluru,12.97,77.59,24,6,Monsoon,Clear,75,908.3,23.5,23.8,22.3,23.3,1.6,0.8,0.2,0.9,30.3,30.7,36.5,28.9,0.27193763919821823,0.646825396825397,1.0743875278396438,1.8158129175946547,1.2730158730158732,2.8164810690423168,2.3300668151447663,2.220472440944882,4.16815144766147
2025-06-25,Bengaluru,12.97,77.59,24,6,Monsoon,Monsoon,80,908.1,23.2,23.3,23.2,22.9,9.4,5.3,1.6,8.6,25.2,23.9,32.9,25.8,0.27177777777777773,0.6456692913385828,1.0742222222222222,1.8133333333333332,1.263779527559055,2.8117777777777775,2.328,2.2171875,4.175777777777777
2025-06-26,Bengaluru,12.97,77.59,24,6,Monsoon,Clear,78,908.4,23.6,24.1,23.8,23.3,3.9,3.0,1.1,2.6,26.1,25.3,31.4,25.2,0.271840354767184,0.64375,1.0725055432372506,1.8110864745011086,1.2796875,2.821064301552106,2.324168514412417,2.2147286821705428,4.1822616407982265
2025-06-27,Bengaluru,12.97,77.59,24,6,Monsoon,Clear,77,909.4,23.4,24.3,24.4,23.0,0.5,0.8,0.0,0.6,22.7,22.6,29.2,21.4,0.27190265486725657,0.6449612403100776,1.0712389380530973,1.8099557522123895,1.2728682170542638,2.818141592920354,2.321017699115044,2.1984615384615385,4.186725663716814
2025-06-28,Bengaluru,12.97,77.59,24,6,Monsoon,Clear,76,909.8,23.9,23.6,24.3,23.3,8.0,3.2,0.0,5.0,22.3,21.3,25.1,21.6,0.27218543046357613,0.6500000000000001,1.0719646799116997,1.8061810154525388,1.2646153846153847,2.813245033112583,2.318763796909492,2.1908396946564888,4.194701986754967
2025-06-29,Bengaluru,12.97,77.59,24,6,Monsoon,Clear,72,909.4,23.9,24.6,24.2,23.7,0.0,0.5,0.0,0.2,26.0,26.7,30.7,25.9,0.2729074889867841,0.6473282442748093,1.0718061674008812,1.8088105726872248,1.268702290076336,2.8180616740088107,2.3151982378854625,2.1765151515151517,4.193171806167401
2025-06-30,Bengaluru,12.97,77.59,24,6,Monsoon,Clear,73,909.0,23.9,24.2,24.6,23.7,3.1,0.4,0.0,1.0,25.9,27.0,28.6,24.3,0.2727472527472527,0.6492424242424244,1.0705494505494506,1.8052747252747252,1.2613636363636365,2.8123076923076926,2.3103296703296703,2.1661654135338346,4.194505494505495
2025-07-01,Bengaluru,12.97,77.59,24,7,Monsoon,Clear,73,909.2,23.7,23.6,24.4,23.7,0.3,0.3,0.6,0.1,22.7,24.1,28.6,22.4,0.2725877192982456,0.6481203007518799,1.0701754385964912,1.805921052631579,1.256390977443609,2.8083333333333336,2.3087719298245615,2.1701492537313434,4.194736842105263
2025-07-02,Bengaluru,12.97,77.59,24,7,Monsoon,Monsoon,81,909.0,22.9,23.8,23.8,22.8,8.9,4.9,9.6,8.9,22.3,22.0,29.5,22.0,0.2719912472647702,0.6440298507462687,1.0693654266958423,1.802407002188184,1.2485074626865673,2.80328227571116,2.3043763676148794,2.1666666666666665,4.199124726477024
2025-07-03,Bengaluru,12.97,77.59,24,7,Monsoon,Clear,85,909.5,22.4,23.2,23.7,22.0,15.3,6.9,0.0,5.5,20.8,23.5,33.1,23.5,0.2716157205240174,0.6466666666666667,1.0692139737991266,1.798471615720524,1.268888888888889,2.7986899563318777,2.3,2.150735294117647,4.206331877729258
2025-07-04,Bengaluru,12.97,77.59,24,7,Monsoon,Clear,76,910.4,23.8,24.2,24.3,23.5,2.2,1.5,0.0,1.6,26.4,26.8,31.4,23.9,0.27189542483660123,0.6507352941176472,1.0705882352941176,1.8159041394335511,1.2698529411764707,2.8045751633986926,2.300871459694989,2.1350364963503647,4.2180827886710235
2025-07-05,Bengaluru,12.97,77.59,24,7,Monsoon,Clear,78,910.1,23.6,23.8,23.8,23.2,3.2,1.5,0.1,2.8,27.3,26.8,34.2,26.7,0.2719565217391304,0.651094890510949,1.07,1.8132608695652175,1.2613138686131389,2.8019565217391307,2.3013043478260866,2.140579710144928,4.225217391304348
2025-07-06,Bengaluru,12.97,77.59,24,7,Monsoon,Clear,78,909.4,23.2,24.1,24.3,23.1,6.4,5.0,0.7,2.0,31.2,29.7,33.2,28.5,0.27223427331887196,0.6507246376811595,1.0689804772234273,1.8101952277657267,1.2615942028985507,2.801735357917571,2.297613882863341,2.1258992805755397,4.2323210412147505
2025-07-07,Bengaluru,12.97,77.59,24,7,Monsoon,Clear,73,909.3,23.9,24.2,23.8,23.7,1.4,0.6,0.0,0.8,26.7,29.2,32.0,27.6,0.2718614718614718,0.6532374100719426,1.0692640692640694,1.8158008658008657,1.2741007194244605,2.798484848484849,2.2984848484848484,2.1192857142857147,4.233333333333333
2025-07-08,Bengaluru,12.97,77.59,24,7,Monsoon,Clear,72,909.9,24.5,24.7,24.7,24.3,0.6,0.4,0.0,0.4,25.5,25.2,33.1,25.7,0.27170626349892,0.6521428571428572,1.0671706263498921,1.8131749460043196,1.2664285714285715,2.7941684665226783,2.295464362850972,2.115602836879433,4.233693304535637
2025-07-09,Bengaluru,12.97,77.59,24,7,Monsoon,Clear,74,910.1,24.2,24.8,25.3,23.8,1.4,0.2,0.4,1.5,23.1,22.3,31.3,23.5,0.271551724137931,0.6503546099290781,1.0657327586206897,1.809698275862069,1.2574468085106383,2.7890086206896556,2.290948275862069,2.104225352112676,4.24051724137931
2025-07-10,Bengaluru,12.97,77.59,24,7,Monsoon,Clear,79,909.4,23.6,24.2,24.8,23.5,17.1,2.7,9.9,5.3,20.9,19.8,24.3,18.8,0.2718279569892473,0.6528169014084508,1.0666666666666667,1.806021505376344,1.2577464788732393,2.7853763440860217,2.2868817204301073,2.097902097902098,4.248172043010753
2025-07-11,Bengaluru,12.97,77.59,24,7,Monsoon,Clear,84,908.9,23.3,23.9,24.7,23.0,5.8,4.9,10.4,5.0,18.7,17.0,19.6,19.7,0.2714592274678111,0.6531468531468532,1.0671673819742489,1.8274678111587983,1.2671328671328672,2.7892703862660944,2.286480686695279,2.0902777777777777,4.2508583690987125
2025-07-12,Bengaluru,12.97,77.59,24,7,Monsoon,Clear,79,909.5,23.4,24.0,24.4,23.3,0.5,3.5,8.7,0.8,24.6,22.4,21.4,22.2,0.27152034261241964,0.6548611111111112,1.068522483940043,1.8252676659528908,1.2590277777777779,2.794860813704497,2.28372591006424,2.09448275862069,4.241970021413276
2025-07-13,Bengaluru,12.97,77.59,24,7,Monsoon,Monsoon,82,909.6,23.2,24.3,24.6,23.0,13.9,4.6,7.4,7.6,19.7,19.9,24.9,19.2,0.2711538461538461,0.6551724137931035,1.0685897435897436,1.8220085470085472,1.2689655172413794,2.805769230769231,2.283974358974359,2.0815068493150686,4.234615384615385
2025-07-14,Bengaluru,12.97,77.59,24,7,Monsoon,Monsoon,82,909.5,23.3,23.7,24.1,22.6,6.7,3.7,0.3,8.8,23.6,23.2,29.9,20.6,0.271002132196162,0.6595890410958904,1.069722814498934,1.8315565031982943,1.2808219178082192,2.8002132196162046,2.2801705756929636,2.072108843537415,4.23773987206823
2025-07-15,Bengaluru,12.97,77.59,24,7,Monsoon,Clear,79,908.8,23.2,23.8,23.9,22.9,2.4,2.4,2.8,2.8,24.2,25.4,28.4,24.6,0.2719148936170212,0.6625850340136055,1.0706382978723403,1.8321276595744682,1.3068027210884354,2.812340425531915,2.281702127659574,2.075675675675676,4.248510638297872
2025-07-16,Bengaluru,12.97,77.59,24,7,Monsoon,Monsoon,86,907.9,23.1,23.4,24.2,22.5,16.3,7.0,12.4,13.8,13.9,16.7,19.6,15.8,0.27197452229299357,0.6641891891891892,1.070488322717622,1.8290870488322717,1.3006756756756757,2.8063694267515924,2.2777070063694267,2.0671140939597317,4.24755838641189
2025-07-17,Bengaluru,12.97,77.59,24,7,Monsoon,Monsoon,87,908.1,22.4,23.4,23.7,22.1,24.5,18.4,15.7,13.9,19.2,17.2,20.9,18.7,0.27266949152542364,0.665771812080537,1.071822033898305,1.8305084745762712,1.3375838926174497,2.8033898305084746,2.276906779661017,2.0593333333333335,4.246610169491525
2025-07-18,Bengaluru,12.97,77.59,24,7,Monsoon,Monsoon,84,908.0,22.6,23.5,23.6,22.6,14.1,13.2,18.8,11.4,17.4,15.0,15.9,18.4,0.27272727272727265,0.67,1.072938689217759,1.8490486257928118,1.3586666666666667,2.8012684989429175,2.2731501057082455,2.055629139072848,4.242283298097251
2025-07-19,Bengaluru,12.97,77.59,24,7,Monsoon,Monsoon,88,906.5,21.7,22.5,22.3,21.7,17.1,8.4,9.3,21.1,18.7,18.3,20.6,17.1,0.27215189873417717,0.6715231788079471,1.0727848101265822,1.85084388185654,1.36158940397351,2.8109704641350213,2.270464135021097,2.0644736842105265,4.238607594936709
2025-07-20,Bengaluru,12.97,77.59,24,7,Monsoon,Monsoon,85,906.2,22.1,22.6,21.9,22.0,13.0,13.1,2.0,16.0,18.9,18.4,25.4,17.6,0.271578947368421,0.6723684210526316,1.0717894736842106,1.8553684210526316,1.4361842105263158,2.8298947368421055,2.269052631578947,2.0588235294117645,4.237052631578947
2025-07-21,Bengaluru,12.97,77.59,24,7,Monsoon,Monsoon,89,907.0,21.6,22.2,21.2,21.5,14.5,15.9,1.1,17.5,17.3,17.4,25.7,20.4,0.2712184873949579,0.6718954248366014,1.0697478991596638,1.8577731092436973,1.4457516339869283,2.853361344537815,2.267016806722689,2.050649350649351,4.24453781512605
2025-07-22,Bengaluru,12.97,77.59,24,7,Monsoon,Monsoon,85,907.7,21.6,22.6,21.5,21.8,11.5,14.1,2.8,9.1,20.6,21.6,28.6,20.6,0.270859538784067,0.672077922077922,1.0681341719077568,1.860167714884696,1.446753246753247,2.8817610062893086,2.268763102725367,2.056774193548387,4.246750524109014
2025-07-23,Bengaluru,12.97,77.59,24,7,Monsoon,Clear,83,907.1,22.4,22.9,21.3,22.0,2.3,4.8,1.0,7.0,28.1,27.1,28.0,24.3,0.2707112970711297,0.6729032258064517,1.0665271966527197,1.8612970711297072,1.4696774193548388,2.8889121338912136,2.2640167364016737,2.0500000000000003,4.254602510460251
2025-07-24,Bengaluru,12.97,77.59,24,7,Monsoon,Clear,86,906.7,21.7,22.8,22.2,21.6,4.7,8.6,3.5,3.8,26.7,24.5,34.0,25.6,0.2709812108559498,0.6743589743589744,1.0657620041753653,1.867223382045929,1.4743589743589745,2.895407098121086,2.267223382045929,2.0547770700636945,4.2534446764091856
2025-07-25,Bengaluru,12.97,77.59,24,7,Monsoon,Monsoon,84,907.0,22.2,22.7,22.1,22.0,5.2,4.9,2.4,9.2,29.0,27.6,35.5,30.2,0.27062499999999995,0.6777070063694268,1.0647916666666668,1.8652083333333331,1.4955414012738855,2.89,2.2647916666666665,2.0487341772151897,4.262083333333333
2025-07-26,Bengaluru,12.97,77.59,24,7,Monsoon,Monsoon,82,908.3,22.5,22.7,21.3,22.1,8.3,3.0,1.7,8.8,30.7,31.4,30.9,29.3,0.2704781704781704,0.6778481012658228,1.0627858627858628,1.8696465696465696,1.5132911392405064,2.898128898128898,2.2625779625779625,2.0522012578616353,4.264241164241164
2025-07-27,Bengaluru,12.97,77.59,24,7,Monsoon,Clear,77,909.6,22.4,22.8,22.5,22.2,3.5,3.4,0.2,1.7,31.2,26.7,35.3,29.5,0.2707468879668049,0.6773584905660378,1.062240663900415,1.8668049792531118,1.540251572327044,2.906846473029046,2.2607883817427386,2.0524999999999998,4.258713692946058
2025-07-28,Bengaluru,12.97,77.59,24,7,Monsoon,Clear,76,909.7,22.9,22.8,22.6,22.5,0.4,0.8,0.1,0.5,25.3,26.6,33.1,24.9,0.27060041407867486,0.6768750000000001,1.0606625258799172,1.8666666666666667,1.54125,2.9039337474120086,2.259627329192546,2.057142857142857,4.261904761904762
2025-07-29,Bengaluru,12.97,77.59,24,7,Monsoon,Clear,77,910.1,22.5,22.4,22.9,22.5,1.2,0.9,0.2,1.1,27.8,28.4,32.2,26.8,0.27086776859504125,0.6745341614906832,1.0586776859504132,1.86301652892562,1.5335403726708075,2.8987603305785123,2.255785123966942,2.054938271604938,4.270041322314049
2025-07-30,Bengaluru,12.97,77.59,24,7,Monsoon,Clear,76,909.6,23.4,23.5,23.5,23.1,0.4,0.6,0.0,0.4,25.7,25.6,29.7,24.5,0.2703092783505154,0.6709876543209877,1.057319587628866,1.859381443298969,1.5253086419753086,2.894639175257732,2.2531958762886597,2.0521472392638036,4.272371134020618
2025-07-31,Bengaluru,12.97,77.59,24,7,Monsoon,Clear,81,909.7,22.9,23.4,23.9,22.9,3.6,2.5,0.9,1.1,20.7,20.9,23.8,19.9,0.27037037037037026,0.6693251533742332,1.0559670781893005,1.8555555555555554,1.5171779141104296,2.889506172839506,2.251028806584362,2.046341463414634,4.274279835390947
2025-08-01,Bengaluru,12.97,77.59,24,8,Monsoon,Clear,80,909.5,23.4,23.9,24.1,23.2,1.4,1.9,1.3,1.4,15.5,14.0,16.9,15.5,0.26981519507186846,0.6682926829268293,1.055852156057495,1.8568788501026694,1.5164634146341465,2.883983572895277,2.2480492813141684,2.04,4.273511293634496
2025-08-02,Bengaluru,12.97,77.59,24,8,Monsoon,Clear,78,909.3,23.5,24.4,24.9,23.5,0.9,0.6,2.0,1.2,12.6,10.3,15.3,11.9,0.2696721311475409,0.6684848484848486,1.055532786885246,1.8530737704918032,1.5103030303030305,2.8782786885245906,2.2434426229508198,2.0367469879518074,4.267622950819672
2025-08-03,Bengaluru,12.97,77.59,24,8,Monsoon,Clear,83,909.8,23.0,24.2,25.3,22.7,2.3,2.9,7.7,5.5,12.1,9.7,14.7,11.7,0.26912065439672794,0.6698795180722892,1.056237218813906,1.8498977505112475,1.5048192771084339,2.8740286298568507,2.240286298568507,2.034131736526946,4.265848670756646
2025-08-04,Bengaluru,12.97,77.59,24,8,Monsoon,Clear,82,910.1,23.1,23.8,25.4,23.3,16.4,14.9,8.8,2.6,11.9,7.7,14.5,11.5,0.26918367346938765,0.6748502994011977,1.059387755102041,1.8526530612244898,1.511377245508982,2.87265306122449,2.2365306122448976,2.0339285714285715,4.263265306122449
2025-08-05,Bengaluru,12.97,77.59,24,8,Monsoon,Monsoon,88,909.4,22.7,23.6,26.2,22.7,14.1,21.4,8.2,15.3,10.7,12.4,11.9,11.1,0.26904276985743375,0.6738095238095239,1.0615071283095725,1.8769857433808554,1.575595238095238,2.8794297352342157,2.2327902240325863,2.044378698224852,4.260692464358452
2025-08-06,Bengaluru,12.97,77.59,24,8,Monsoon,Clear,84,909.1,23.3,23.8,25.5,23.2,1.3,3.5,8.3,1.4,11.9,12.6,16.9,13.6,0.26849593495934954,0.6751479289940829,1.0664634146341465,1.8756097560975609,1.6023668639053255,2.888008130081301,2.2290650406504064,2.04,4.253658536585366
2025-08-07,Bengaluru,12.97,77.59,24,8,Monsoon,Clear,83,909.0,23.2,24.3,25.1,23.5,6.9,5.9,15.9,2.1,10.2,9.7,13.1,10.5,0.26815415821501004,0.6747058823529412,1.0689655172413792,1.8720081135902638,1.6052941176470588,2.8961460446247465,2.227991886409736,2.033918128654971,4.251724137931034
2025-08-08,Bengaluru,12.97,77.59,24,8,Monsoon,Clear,87,910.0,22.4,23.8,25.9,22.6,7.9,7.8,7.0,6.3,7.6,7.4,9.7,8.8,0.2682186234817813,0.6754385964912281,1.0700404858299595,1.877935222672065,1.61812865497076,2.9182186234817817,2.224089068825911,2.026744186046512,4.248380566801619
2025-08-09,Bengaluru,12.97,77.59,24,8,Monsoon,Monsoon,87,911.2,22.5,23.1,24.1,22.3,8.9,13.6,16.3,7.5,10.4,9.1,17.5,10.2,0.268080808080808,0.6784883720930233,1.0745454545454545,1.8773737373737374,1.6174418604651162,2.9137373737373737,2.2220202020202016,2.023121387283237,4.241616161616162
2025-08-10,Bengaluru,12.97,77.59,24,8,Monsoon,Monsoon,87,911.0,21.6,22.5,23.4,22.0,19.2,12.8,11.0,12.9,10.5,11.2,19.5,13.2,0.2679435483870967,0.6791907514450867,1.0760080645161292,1.8764112903225807,1.6433526011560695,2.9256048387096776,2.2179435483870966,2.0178160919540233,4.247782258064516
2025-08-11,Bengaluru,12.97,77.59,24,8,Monsoon,Monsoon,87,910.7,21.6,22.7,23.3,21.7,5.2,7.9,8.9,7.5,15.5,12.2,19.3,15.1,0.26820925553319913,0.6781609195402298,1.0766599597585513,1.8853118712273642,1.6344827586206896,2.9235412474849096,2.2189134808853117,2.017714285714286,4.251911468812877
2025-08-12,Bengaluru,12.97,77.59,24,8,Monsoon,Clear,85,909.4,22.2,22.8,23.4,21.6,7.4,5.3,6.2,5.9,19.7,19.9,22.0,18.4,0.267871485943775,0.68,1.077710843373494,1.8861445783132529,1.6274285714285714,2.9204819277108434,2.215261044176707,2.022727272727273,4.251807228915663
2025-08-13,Bengaluru,12.97,77.59,24,8,Monsoon,Monsoon,94,908.0,20.5,21.2,22.1,20.5,19.7,14.8,5.2,15.1,16.3,15.1,23.0,16.8,0.2685370741482965,0.6829545454545455,1.0791583166332666,1.885370741482966,1.6215909090909089,2.9152304609218436,2.2134268537074147,2.019774011299435,4.250501002004008
2025-08-14,Bengaluru,12.97,77.59,24,8,Monsoon,Clear,88,908.4,20.9,21.7,21.5,21.1,9.4,8.6,0.5,5.1,22.5,16.9,27.2,19.3,0.2679999999999999,0.6830508474576271,1.0802,1.8908,1.6141242937853106,2.9292000000000002,2.21,2.0179775280898875,4.2543999999999995
2025-08-15,Bengaluru,12.97,77.59,24,8,Monsoon,Monsoon,86,907.6,21.5,22.0,22.4,21.5,4.6,6.4,3.7,8.2,17.9,18.9,28.1,20.4,0.26786427145708575,0.6825842696629213,1.0788423153692615,1.8956087824351298,1.6247191011235955,2.9325349301397208,2.2119760479041917,2.0201117318435755,4.2616766467065865
2025-08-16,Bengaluru,12.97,77.59,24,8,Monsoon,Clear,85,906.4,22.0,22.8,21.6,22.0,8.3,5.0,3.1,5.9,21.6,22.4,27.4,22.1,0.2673306772908366,0.6815642458100558,1.0784860557768925,1.899003984063745,1.6256983240223464,2.9356573705179283,2.212549800796813,2.0172222222222222,4.268525896414343
2025-08-17,Bengaluru,12.97,77.59,24,8,Monsoon,Monsoon,88,906.6,21.2,22.2,20.5,21.3,14.4,11.0,24.4,17.4,22.5,20.7,24.0,20.9,0.2667992047713717,0.6822222222222223,1.0771371769383697,1.9000000000000001,1.6216666666666666,2.9353876739562623,2.2091451292246522,2.0077348066298346,4.270576540755467
2025-08-18,Bengaluru,12.97,77.59,24,8,Monsoon,Clear,89,908.6,20.9,21.5,20.7,20.7,10.3,11.7,2.2,6.9,22.0,22.3,30.8,21.7,0.26646825396825385,0.6834254143646409,1.0765873015873015,1.9021825396825398,1.6480662983425416,2.943452380952381,2.2079365079365076,1.997802197802198,4.268253968253968
2025-08-19,Bengaluru,12.97,77.59,24,8,Monsoon,Clear,78,908.9,22.0,22.6,21.8,21.7,0.8,0.4,0.0,0.3,28.4,30.7,37.1,28.5,0.2663366336633663,0.6840659340659341,1.0744554455445545,1.9051485148514853,1.6653846153846155,2.946930693069307,2.204158415841584,1.9901639344262294,4.2778217821782185
2025-08-20,Bengaluru,12.97,77.59,24,8,Monsoon,Clear,78,909.9,22.8,23.2,22.3,22.4,0.6,0.8,0.5,1.3,24.3,23.6,24.1,22.8,0.2664031620553359,0.6852459016393443,1.0725296442687748,1.9023715415019764,1.6568306010928961,2.941699604743083,2.2,1.9913043478260872,4.286363636363636
2025-08-21,Bengaluru,12.97,77.59,24,8,Monsoon,Clear,82,911.4,22.5,23.1,23.8,22.5,0.7,1.1,0.5,0.2,15.2,14.5,18.1,15.5,0.2666666666666666,0.6858695652173913,1.070611439842209,1.9,1.6505434782608694,2.9374753451676527,2.1986193293885603,1.9848648648648648,4.280473372781064
2025-08-22,Bengaluru,12.97,77.59,24,8,Monsoon,Clear,84,911.2,23.3,23.9,24.0,22.5,1.7,2.3,12.3,4.6,10.3,10.8,13.8,11.6,0.2661417322834645,0.6854054054054055,1.0710629921259842,1.897244094488189,1.6464864864864865,2.9322834645669293,2.1948818897637796,1.9795698924731182,4.277165354330709
2025-08-23,Bengaluru,12.97,77.59,24,8,Monsoon,Clear,80,910.8,22.7,23.7,24.1,22.8,1.1,1.9,3.8,0.2,13.0,12.3,17.4,12.9,0.2671905697445972,0.6892473118279571,1.0719056974459726,1.8992141453831042,1.65,2.9416502946954814,2.193123772102161,1.9732620320855614,4.273084479371317
2025-08-24,Bengaluru,12.97,77.59,24,8,Monsoon,Clear,76,911.4,23.1,23.9,24.8,23.1,0.6,0.2,0.2,0.3,17.1,17.7,19.4,16.1,0.26686274509803914,0.6903743315508021,1.0723529411764705,1.8972549019607843,1.6502673796791445,2.9429411764705886,2.189019607843137,1.9659574468085108,4.273529411764706
2025-08-25,Bengaluru,12.97,77.59,24,8,Monsoon,Clear,75,910.7,22.6,23.4,23.9,22.8,0.0,0.0,0.0,0.0,18.4,17.9,17.0,17.0,0.26634050880626214,0.6909574468085107,1.0735812133072407,1.89412915851272,1.6420212765957447,2.9373776908023483,2.186692759295499,1.964021164021164,4.271624266144815
2025-08-26,Bengaluru,12.97,77.59,24,8,Monsoon,Clear,77,910.3,22.4,23.0,24.1,22.6,3.2,1.6,4.1,1.6,17.2,16.5,19.8,17.8,0.2662109374999999,0.6904761904761905,1.0736328125,1.8904296875,1.6333333333333333,2.931640625,2.18515625,1.958421052631579,4.26328125
2025-08-27,Bengaluru,12.97,77.59,24,8,Monsoon,Monsoon,86,909.0,21.7,22.6,22.1,21.8,10.3,9.8,11.2,15.4,20.7,18.0,26.8,20.7,0.2660818713450292,0.6889473684210526,1.0744639376218323,1.8898635477582846,1.624736842105263,2.9307992202729043,2.1820662768031185,1.9549738219895287,4.258869395711502
2025-08-28,Bengaluru,12.97,77.59,24,8,Monsoon,Monsoon,89,908.5,21.8,22.7,22.4,21.6,10.2,7.4,6.4,8.7,16.7,16.3,29.6,18.4,0.2657587548638132,0.6895287958115183,1.0729571984435797,1.8961089494163426,1.6455497382198954,2.9332684824902726,2.1778210116731516,1.9588541666666668,4.262451361867704
2025-08-29,Bengaluru,12.97,77.59,24,8,Monsoon,Clear,82,909.2,22.6,23.5,22.7,22.2,2.8,6.4,0.5,0.9,19.1,20.5,28.4,22.4,0.265631067961165,0.6916666666666668,1.0724271844660194,1.8953398058252429,1.64375,2.9320388349514563,2.176893203883495,1.9595854922279792,4.275922330097087
2025-08-30,Bengaluru,12.97,77.59,24,8,Monsoon,Clear,83,910.5,22.9,23.9,23.6,22.8,7.5,2.5,6.5,4.0,19.7,20.5,24.3,19.9,0.26589147286821696,0.6948186528497409,1.0713178294573642,1.8953488372093024,1.6637305699481866,2.9271317829457364,2.17906976744186,1.959278350515464,4.279263565891473
2025-08-31,Bengaluru,12.97,77.59,24,8,Monsoon,Monsoon,85,910.3,22.8,23.4,23.4,22.3,7.6,4.6,7.7,10.0,20.4,23.3,22.0,19.3,0.2655705996131527,0.6969072164948453,1.0707930367504837,1.8984526112185687,1.6628865979381444,2.926305609284333,2.1752417794970986,1.9523076923076923,4.279497098646035
2025-09-01,Bengaluru,12.97,77.59,24,9,Monsoon,Clear,81,908.8,23.1,23.3,23.2,22.5,2.3,2.3,1.6,4.3,25.0,25.5,23.9,21.9,0.26602316602316595,0.6989743589743589,1.070849420849421,1.8994208494208493,1.682051282051282,2.9250965250965253,2.1731660231660235,1.9627551020408163,4.276447876447876
2025-09-02,Bengaluru,12.97,77.59,24,9,Monsoon,Clear,83,908.3,22.1,22.6,22.3,22.0,12.6,2.3,5.8,6.0,23.8,24.8,24.8,22.1,0.2666666666666666,0.6994897959183674,1.0701348747591521,1.8996146435452794,1.683673469387755,2.9246628131021195,2.1749518304431597,1.9710659898477159,4.272061657032755
2025-09-03,Bengaluru,12.97,77.59,24,9,Monsoon,Clear,87,908.3,21.7,22.5,22.6,21.6,7.0,4.6,9.9,5.5,22.7,23.8,23.2,18.9,0.2663461538461538,0.6989847715736041,1.0686538461538462,1.9086538461538463,1.6939086294416243,2.9194230769230773,2.1740384615384616,1.9747474747474747,4.269038461538462
2025-09-04,Bengaluru,12.97,77.59,24,9,Monsoon,Clear,84,909.2,22.2,22.7,23.2,22.3,1.9,2.1,0.4,2.8,18.4,17.6,21.3,19.4,0.26602687140115155,0.7,1.0685220729366605,1.907869481765835,1.68989898989899,2.9222648752399234,2.177159309021113,1.9894472361809044,4.269097888675623
2025-09-05,Bengaluru,12.97,77.59,24,9,Monsoon,Clear,81,910.1,23.0,23.8,23.4,22.8,1.7,0.8,0.8,1.3,14.4,14.9,18.2,13.5,0.26570881226053633,0.6984924623115578,1.0681992337164752,1.9059386973180077,1.684924623115578,2.921264367816092,2.174904214559387,1.9885,4.26455938697318
2025-09-06,Bengaluru,12.97,77.59,24,9,Monsoon,Clear,83,910.9,22.7,23.6,24.4,22.5,3.9,2.9,7.0,3.3,14.1,13.4,16.9,13.3,0.26558317399617587,0.7,1.067304015296367,1.903059273422562,1.679,2.9166347992351818,2.172466539196941,1.9855721393034826,4.265391969407266
2025-09-07,Bengaluru,12.97,77.59,24,9,Monsoon,Clear,81,910.8,23.1,23.8,24.4,23.1,4.8,4.3,9.4,1.8,13.8,15.3,18.8,14.3,0.2654580152671755,0.7019900497512438,1.0688931297709925,1.9005725190839695,1.672636815920398,2.918129770992367,2.1698473282442747,1.9762376237623762,4.264122137404581
2025-09-08,Bengaluru,12.97,77.59,24,9,Monsoon,Clear,76,910.2,23.0,23.8,24.6,23.4,0.4,0.6,0.2,1.0,10.5,11.3,15.1,11.2,0.2649523809523809,0.7019801980198019,1.0693333333333332,1.9026666666666667,1.6767326732673267,2.9270476190476193,2.1666666666666665,1.9714285714285713,4.264571428571429
2025-09-09,Bengaluru,12.97,77.59,24,9,Monsoon,Clear,78,910.7,23.3,24.1,26.1,23.6,1.8,1.0,0.0,1.5,9.1,7.9,13.8,8.3,0.26520912547528513,0.7004926108374384,1.0695817490494297,1.900190114068441,1.6704433497536948,2.923003802281369,2.1638783269961976,1.9622549019607844,4.263878326996198
2025-09-10,Bengaluru,12.97,77.59,24,9,Monsoon,Monsoon,82,911.0,22.8,24.5,26.7,23.1,6.7,5.4,1.2,8.8,19.4,11.7,10.6,14.2,0.26527514231499044,0.6995098039215686,1.0722960151802656,1.8971537001897532,1.6647058823529413,2.920303605313093,2.161290322580645,1.9546341463414634,4.266223908918406
2025-09-11,Bengaluru,12.97,77.59,24,9,Monsoon,Clear,80,910.7,22.1,22.6,25.1,22.4,4.7,9.8,4.3,0.4,14.0,14.8,17.6,14.5,0.265340909090909,0.7029268292682926,1.0770833333333334,1.8975378787878787,1.673170731707317,2.929166666666667,2.1670454545454545,1.957281553398058,4.264962121212122
2025-09-12,Bengaluru,12.97,77.59,24,9,Monsoon,Clear,75,910.1,23.2,23.6,24.2,23.1,0.2,0.5,0.6,0.4,11.7,11.5,17.3,12.6,0.26540642722117197,0.700485436893204,1.0801512287334594,1.9020793950850663,1.7106796116504854,2.9310018903591684,2.1638941398865787,1.9492753623188406,4.262759924385633
2025-09-13,Bengaluru,12.97,77.59,24,9,Monsoon,Clear,75,910.0,23.0,23.5,23.7,23.3,2.9,1.5,7.8,1.2,11.6,11.5,12.1,11.6,0.26509433962264145,0.6995169082125604,1.080188679245283,1.8988679245283018,1.7028985507246377,2.9258490566037736,2.161509433962264,1.9451923076923079,4.263584905660377
2025-09-14,Bengaluru,12.97,77.59,24,9,Monsoon,Clear,75,910.9,22.9,23.6,23.9,23.1,0.0,0.2,1.5,0.0,14.2,14.8,14.7,13.1,0.26516007532956676,0.6971153846153846,1.0789077212806026,1.8984934086629002,1.6961538461538461,2.9327683615819207,2.15743879472693,1.9363636363636363,4.256497175141242
2025-09-15,Bengaluru,12.97,77.59,24,9,Monsoon,Clear,77,910.5,23.0,23.5,23.9,23.2,1.2,0.6,0.6,2.0,13.9,14.5,17.9,15.8,0.26503759398496235,0.6961722488038278,1.0783834586466166,1.8949248120300752,1.6889952153110048,2.930075187969925,2.155451127819549,1.9352380952380952,4.251503759398497
2025-09-16,Bengaluru,12.97,77.59,24,9,Monsoon,Clear,84,910.1,22.2,23.1,23.9,22.4,14.0,7.0,14.7,4.7,16.3,13.0,11.2,16.1,0.26491557223264534,0.6942857142857144,1.0776735459662288,1.8928705440900562,1.6876190476190476,2.927204502814259,2.1549718574108816,1.9322274881516588,4.247467166979362
2025-09-17,Bengaluru,12.97,77.59,24,9,Monsoon,Monsoon,88,910.1,22.3,23.3,24.0,22.1,14.5,8.7,16.4,10.7,9.8,9.8,12.5,10.8,0.26479400749063664,0.6943127962085308,1.0784644194756554,1.906741573033708,1.6905213270142179,2.9404494382022475,2.151310861423221,1.937735849056604,4.248689138576779
2025-09-18,Bengaluru,12.97,77.59,24,9,Monsoon,Monsoon,88,910.1,22.5,23.1,23.4,22.2,25.7,23.5,21.5,16.5,15.7,13.8,20.8,15.5,0.26467289719626164,0.6966981132075472,1.0799999999999998,1.9102803738317757,1.6919811320754716,2.945607476635514,2.149158878504673,1.9333333333333333,4.24392523364486
2025-09-19,Bengaluru,12.97,77.59,24,9,Monsoon,Clear,90,910.7,21.6,22.3,21.6,21.3,24.2,22.5,39.4,6.8,13.3,13.3,16.8,14.5,0.2647388059701492,0.6976525821596243,1.080223880597015,1.9238805970149255,1.7169014084507042,2.949440298507463,2.1455223880597014,1.9322429906542056,4.24589552238806
2025-09-20,Bengaluru,12.97,77.59,24,9,Monsoon,Monsoon,87,910.5,22.1,23.2,22.8,21.8,6.8,9.1,4.3,16.2,14.0,15.1,16.9,16.7,0.26480446927374296,0.6990654205607476,1.0787709497206703,1.952700186219739,1.7822429906542054,3.0046554934823093,2.143761638733706,1.9288372093023256,4.2422718808193665
2025-09-21,Bengaluru,12.97,77.59,24,9,Monsoon,Clear,83,909.9,22.6,23.2,23.2,22.4,1.8,1.7,7.5,3.5,15.3,13.2,16.2,14.6,0.26486988847583637,0.7023255813953488,1.0786245353159851,1.966542750929368,1.8069767441860465,3.021189591078067,2.144795539033457,1.927314814814815,4.234758364312268
2025-09-22,Bengaluru,12.97,77.59,24,9,Monsoon,Clear,82,910.7,22.8,23.8,23.4,22.5,4.9,2.6,4.8,1.4,16.2,16.3,16.8,15.1,0.26474953617810754,0.7027777777777778,1.0781076066790354,1.966048237476809,1.8069444444444445,3.023005565862709,2.1421150278293135,1.924884792626728,4.22987012987013
2025-09-23,Bengaluru,12.97,77.59,24,9,Monsoon,Monsoon,85,911.1,22.6,23.1,22.4,21.9,1.7,2.1,2.1,8.4,20.8,20.3,20.2,17.7,0.2648148148148148,0.7055299539170506,1.0777777777777777,1.968888888888889,1.804147465437788,3.0237037037037036,2.140185185185185,1.9215596330275229,4.225185185185185
2025-09-24,Bengaluru,12.97,77.59,24,9,Monsoon,Clear,84,910.0,21.7,22.2,23.5,21.8,1.9,1.3,4.7,3.5,19.4,21.5,23.2,20.0,0.26561922365988905,0.7077981651376147,1.076709796672828,1.9776340110905732,1.8247706422018348,3.0297597042513864,2.141959334565619,1.9246575342465753,4.221996303142329
2025-09-25,Bengaluru,12.97,77.59,24,9,Monsoon,Monsoon,84,909.0,22.5,23.1,23.4,22.1,4.4,4.5,2.3,8.5,18.5,19.3,22.9,18.7,0.2653136531365313,0.7063926940639269,1.077859778597786,1.9769372693726937,1.82648401826484,3.026383763837638,2.139114391143911,1.9227272727272726,4.220110701107012
2025-09-26,Bengaluru,12.97,77.59,24,9,Monsoon,Clear,77,908.7,22.8,23.2,22.3,22.4,0.8,1.6,4.4,1.1,21.3,22.6,24.9,20.5,0.26556169429097604,0.7077272727272726,1.0782688766114181,1.9808471454880292,1.8363636363636364,3.032228360957643,2.1355432780847146,1.9167420814479639,4.220073664825046
2025-09-27,Bengaluru,12.97,77.59,24,9,Monsoon,Clear,80,909.4,22.4,22.8,21.4,22.2,2.0,1.2,0.8,2.8,27.0,26.0,32.8,25.2,0.2658088235294117,0.7081447963800905,1.076470588235294,1.9777573529411767,1.830316742081448,3.032720588235294,2.1330882352941174,1.9175675675675674,4.220404411764706
2025-09-28,Bengaluru,12.97,77.59,24,9,Monsoon,Clear,77,909.6,23.1,23.4,22.9,22.9,1.0,0.8,0.0,1.4,25.1,23.7,28.3,23.9,0.2656880733944954,0.7076576576576576,1.0759633027522935,1.9755963302752295,1.8292792792792794,3.0308256880733944,2.1324770642201836,1.9125560538116593,4.226605504587156
2025-09-29,Bengaluru,12.97,77.59,24,9,Monsoon,Clear,75,909.7,23.0,23.3,22.8,23.0,0.5,0.3,0.0,0.4,22.9,25.0,28.1,23.4,0.2655677655677655,0.7067264573991031,1.073992673992674,1.9727106227106226,1.8237668161434977,3.0278388278388277,2.1307692307692303,1.9049107142857142,4.226923076923077
2025-09-30,Bengaluru,12.97,77.59,24,9,Monsoon,Clear,72,909.2,22.9,23.4,23.0,23.0,0.1,0.0,0.0,0.1,21.9,21.7,23.6,21.8,0.2650822669104204,0.7049107142857143,1.0723948811700184,1.9692870201096893,1.8160714285714286,3.0230347349177333,2.1277879341864714,1.9035555555555557,4.2277879341864715
