date,region,forecast_lead_time_hours,ensemble_temp,ensemble_rain,ensemble_wind
2023-01-01,Pune,24,20.5,0.0,8.39
2023-01-02,Pune,24,21.08,0.0,9.32
2023-01-03,Pune,24,21.36,0.0,9.21
2023-01-04,Pune,24,21.37,0.0,6.08
2023-01-05,Pune,24,20.03,0.0,5.16
2023-01-06,Pune,24,18.89,0.0,2.92
2023-01-07,Pune,24,18.5,0.0,9.12
2023-01-08,Pune,24,20.35,0.0,11.06
2023-01-09,Pune,24,22.04,0.0,9.76
2023-01-10,Pune,24,20.65,0.0,8.04
2023-01-11,Pune,24,20.04,0.0,8.51
2023-01-12,Pune,24,20.78,0.0,7.56
2023-01-13,Pune,24,21.31,0.0,6.35
2023-01-14,Pune,24,20.38,0.0,9.22
2023-01-15,Pune,24,20.74,0.0,10.14
2023-01-16,Pune,24,20.01,0.0,7.1
2023-01-17,Pune,24,21.39,1.55,11.69
2023-01-18,Pune,24,18.3,0.0,9.11
2023-01-19,Pune,24,19.69,0.0,7.27
2023-01-20,Pune,24,18.6,0.0,7.44
2023-01-21,Pune,24,15.92,0.0,5.23
2023-01-22,Pune,24,17.0,0.0,8.51
2023-01-23,Pune,24,17.36,0.0,6.33
2023-01-24,Pune,24,16.25,0.0,9.73
2023-01-25,Pune,24,17.14,0.0,8.0
2023-01-26,Pune,24,19.63,0.0,3.94
2023-01-27,Pune,24,19.42,0.0,8.66
2023-01-28,Pune,24,17.27,0.0,4.48
2023-01-29,Pune,24,17.2,0.0,8.34
2023-01-30,Pune,24,17.75,0.0,9.28
2023-01-31,Pune,24,19.53,0.0,5.85
2023-02-01,Pune,24,19.29,0.0,5.05
2023-02-02,Pune,24,20.63,0.0,6.56
2023-02-03,Pune,24,18.79,0.0,6.22
2023-02-04,Pune,24,19.15,0.0,5.75
2023-02-05,Pune,24,20.84,0.0,9.97
2023-02-06,Pune,24,21.87,0.0,10.09
2023-02-07,Pune,24,20.55,0.0,10.92
2023-02-08,Pune,24,22.24,0.0,7.75
2023-02-09,Pune,24,22.65,0.0,8.37
2023-02-10,Pune,24,22.46,0.0,7.92
2023-02-11,Pune,24,23.88,0.0,8.82
2023-02-12,Pune,24,23.85,0.0,7.35
2023-02-13,Pune,24,21.84,0.0,8.73
2023-02-14,Pune,24,22.35,0.0,10.42
2023-02-15,Pune,24,22.66,0.0,5.64
2023-02-16,Pune,24,21.32,0.0,7.37
2023-02-17,Pune,24,22.88,0.0,8.33
2023-02-18,Pune,24,23.08,0.0,9.16
2023-02-19,Pune,24,21.64,0.0,7.5
2023-02-20,Pune,24,24.24,0.0,8.73
2023-02-21,Pune,24,24.68,0.0,11.38
2023-02-22,Pune,24,23.92,0.0,11.38
2023-02-23,Pune,24,23.55,0.0,10.5
2023-02-24,Pune,24,23.68,0.0,9.7
2023-02-25,Pune,24,23.28,0.0,5.71
2023-02-26,Pune,24,24.25,0.0,8.22
2023-02-27,Pune,24,23.34,0.0,5.38
2023-02-28,Pune,24,24.14,0.0,8.43
2023-03-01,Pune,24,28.56,0.0,8.1
2023-03-02,Pune,24,28.55,0.0,6.93
2023-03-03,Pune,24,28.65,0.0,4.74
2023-03-04,Pune,24,27.53,0.0,8.08
2023-03-05,Pune,24,27.65,0.0,9.16
2023-03-06,Pune,24,26.19,0.0,7.98
2023-03-07,Pune,24,26.77,0.0,7.57
2023-03-08,Pune,24,25.85,0.0,4.14
2023-03-09,Pune,24,26.28,0.0,9.16
2023-03-10,Pune,24,27.69,0.0,13.8
2023-03-11,Pune,24,26.92,0.0,13.65
2023-03-12,Pune,24,26.37,0.0,10.52
2023-03-13,Pune,24,27.22,0.0,11.13
2023-03-14,Pune,24,25.12,0.0,12.71
2023-03-15,Pune,24,24.83,5.05,13.07
2023-03-16,Pune,24,24.33,0.0,12.8
2023-03-17,Pune,24,26.61,0.0,9.31
2023-03-18,Pune,24,26.73,0.0,10.67
2023-03-19,Pune,24,27.0,0.0,10.16
2023-03-20,Pune,24,25.98,0.0,11.88
2023-03-21,Pune,24,26.6,0.0,10.33
2023-03-22,Pune,24,28.23,0.0,7.55
2023-03-23,Pune,24,26.41,0.0,5.13
2023-03-24,Pune,24,27.48,0.0,4.46
2023-03-25,Pune,24,27.88,0.0,4.07
2023-03-26,Pune,24,26.39,0.0,6.14
2023-03-27,Pune,24,27.01,0.0,8.02
2023-03-28,Pune,24,26.13,0.0,6.54
2023-03-29,Pune,24,25.86,0.0,6.03
2023-03-30,Pune,24,26.27,0.0,10.29
2023-03-31,Pune,24,27.48,0.0,10.47
2023-04-01,Pune,24,32.61,0.0,12.74
2023-04-02,Pune,24,31.82,0.0,17.73
2023-04-03,Pune,24,32.18,0.0,10.86
2023-04-04,Pune,24,31.87,0.0,15.68
2023-04-05,Pune,24,33.04,0.0,13.66
2023-04-06,Pune,24,32.33,0.0,13.71
2023-04-07,Pune,24,32.27,0.0,13.7
2023-04-08,Pune,24,30.27,0.0,12.27
2023-04-09,Pune,24,30.96,0.0,9.03
2023-04-10,Pune,24,28.94,0.0,8.34
2023-04-11,Pune,24,27.58,0.0,6.69
2023-04-12,Pune,24,28.11,0.0,10.23
2023-04-13,Pune,24,27.71,0.0,7.16
2023-04-14,Pune,24,28.75,0.0,8.45
2023-04-15,Pune,24,31.88,0.0,10.72
2023-04-16,Pune,24,31.58,0.0,8.93
2023-04-17,Pune,24,30.76,0.0,12.03
2023-04-18,Pune,24,30.19,0.0,8.41
2023-04-19,Pune,24,31.43,0.0,8.39
2023-04-20,Pune,24,30.75,0.0,9.05
2023-04-21,Pune,24,30.67,0.0,9.68
2023-04-22,Pune,24,31.42,0.0,9.36
2023-04-23,Pune,24,31.63,40.81,19.48
2023-04-24,Pune,24,29.82,0.0,10.15
2023-04-25,Pune,24,29.19,0.0,9.85
2023-04-26,Pune,24,30.87,0.0,10.29
2023-04-27,Pune,24,30.33,0.0,13.31
2023-04-28,Pune,24,29.75,0.0,10.55
2023-04-29,Pune,24,29.8,0.0,14.81
2023-04-30,Pune,24,30.73,0.0,9.35
2023-05-01,Pune,24,32.33,0.0,13.41
2023-05-02,Pune,24,31.75,0.0,13.23
2023-05-03,Pune,24,31.38,0.0,14.52
2023-05-04,Pune,24,31.44,0.0,16.75
2023-05-05,Pune,24,28.05,0.0,15.58
2023-05-06,Pune,24,28.94,4.98,14.77
2023-05-07,Pune,24,29.93,0.0,16.48
2023-05-08,Pune,24,26.73,0.0,16.28
2023-05-09,Pune,24,30.42,0.0,13.12
2023-05-10,Pune,24,28.6,0.0,15.18
2023-05-11,Pune,24,30.41,0.0,10.85
2023-05-12,Pune,24,30.0,0.0,12.88
2023-05-13,Pune,24,30.95,0.0,13.08
2023-05-14,Pune,24,30.91,0.0,11.77
2023-05-15,Pune,24,29.7,0.0,11.86
2023-05-16,Pune,24,31.59,0.0,10.67
2023-05-17,Pune,24,34.74,0.0,13.97
2023-05-18,Pune,24,34.09,0.0,15.33
2023-05-19,Pune,24,32.17,0.0,10.88
2023-05-20,Pune,24,31.93,0.0,13.2
2023-05-21,Pune,24,31.23,0.0,11.78
2023-05-22,Pune,24,32.81,0.0,15.96
2023-05-23,Pune,24,31.36,0.0,13.64
2023-05-24,Pune,24,31.18,0.0,9.56
2023-05-25,Pune,24,32.07,0.0,11.79
2023-05-26,Pune,24,31.13,0.0,9.88
2023-05-27,Pune,24,28.57,0.0,11.95
2023-05-28,Pune,24,30.46,0.0,9.03
2023-05-29,Pune,24,30.96,0.0,10.65
2023-05-30,Pune,24,32.77,0.0,14.58
2023-05-31,Pune,24,32.81,0.0,7.88
2023-06-01,Pune,24,26.41,0.0,15.81
2023-06-02,Pune,24,25.39,0.0,14.04
2023-06-03,Pune,24,26.01,5.12,17.17
2023-06-04,Pune,24,26.51,0.0,18.16
2023-06-05,Pune,24,25.95,0.0,15.45
2023-06-06,Pune,24,25.6,3.19,18.14
2023-06-07,Pune,24,24.98,25.24,21.12
2023-06-08,Pune,24,24.31,0.88,15.9
2023-06-09,Pune,24,26.17,15.87,20.21
2023-06-10,Pune,24,26.18,11.94,16.79
2023-06-11,Pune,24,24.43,0.0,12.6
2023-06-12,Pune,24,26.56,0.0,17.54
2023-06-13,Pune,24,28.07,5.03,13.76
2023-06-14,Pune,24,25.41,4.9,15.93
2023-06-15,Pune,24,26.14,0.69,14.68
2023-06-16,Pune,24,26.29,0.0,11.36
2023-06-17,Pune,24,22.72,25.87,17.83
2023-06-18,Pune,24,25.45,1.45,13.61
2023-06-19,Pune,24,26.83,0.0,11.55
2023-06-20,Pune,24,25.33,0.0,12.62
2023-06-21,Pune,24,25.49,0.0,17.03
2023-06-22,Pune,24,25.61,0.0,14.2
2023-06-23,Pune,24,25.94,0.0,15.36
2023-06-24,Pune,24,24.67,0.0,14.22
2023-06-25,Pune,24,24.13,3.54,14.69
2023-06-26,Pune,24,23.91,18.52,19.44
2023-06-27,Pune,24,26.46,5.06,13.92
2023-06-28,Pune,24,26.19,7.7,17.62
2023-06-29,Pune,24,26.79,9.47,19.92
2023-06-30,Pune,24,27.29,0.0,16.61
2023-07-01,Pune,24,24.63,0.0,15.76
2023-07-02,Pune,24,24.28,0.0,15.88
2023-07-03,Pune,24,24.26,21.55,19.53
2023-07-04,Pune,24,24.44,2.69,14.96
2023-07-05,Pune,24,26.35,23.17,18.97
2023-07-06,Pune,24,25.96,0.0,12.86
2023-07-07,Pune,24,26.5,0.0,19.13
2023-07-08,Pune,24,26.94,32.85,25.04
2023-07-09,Pune,24,27.12,13.95,18.43
2023-07-10,Pune,24,25.3,0.0,16.99
2023-07-11,Pune,24,25.02,0.0,15.42
2023-07-12,Pune,24,24.97,0.0,12.75
2023-07-13,Pune,24,26.15,0.0,18.5
2023-07-14,Pune,24,27.02,0.0,14.74
2023-07-15,Pune,24,24.93,0.0,14.72
2023-07-16,Pune,24,26.93,42.59,21.18
2023-07-17,Pune,24,26.19,0.18,17.87
2023-07-18,Pune,24,27.28,6.63,21.27
2023-07-19,Pune,24,26.44,4.21,18.54
2023-07-20,Pune,24,27.57,0.0,20.05
2023-07-21,Pune,24,25.81,0.0,16.88
2023-07-22,Pune,24,26.02,0.0,17.94
2023-07-23,Pune,24,26.58,0.0,19.25
2023-07-24,Pune,24,26.49,0.0,18.33
2023-07-25,Pune,24,28.47,0.0,21.21
2023-07-26,Pune,24,28.58,0.0,18.92
2023-07-27,Pune,24,27.43,0.0,14.67
2023-07-28,Pune,24,23.91,0.0,18.54
2023-07-29,Pune,24,26.05,14.47,18.75
2023-07-30,Pune,24,24.12,0.0,14.71
2023-07-31,Pune,24,24.32,5.54,13.43
2023-08-01,Pune,24,25.25,2.67,11.98
2023-08-02,Pune,24,22.67,0.0,14.09
2023-08-03,Pune,24,19.5,0.0,16.49
2023-08-04,Pune,24,22.05,0.0,17.49
2023-08-05,Pune,24,20.64,0.0,17.66
2023-08-06,Pune,24,22.65,2.22,16.67
2023-08-07,Pune,24,22.66,3.05,17.87
2023-08-08,Pune,24,21.4,5.18,15.11
2023-08-09,Pune,24,21.05,4.08,13.57
2023-08-10,Pune,24,21.38,6.68,17.18
2023-08-11,Pune,24,22.29,0.0,15.6
2023-08-12,Pune,24,19.75,0.0,12.75
2023-08-13,Pune,24,22.71,0.0,15.04
2023-08-14,Pune,24,22.92,9.03,15.8
2023-08-15,Pune,24,22.65,0.5,12.1
2023-08-16,Pune,24,21.69,0.0,14.03
2023-08-17,Pune,24,22.69,0.58,15.47
2023-08-18,Pune,24,21.24,2.33,10.77
2023-08-19,Pune,24,21.11,2.35,10.88
2023-08-20,Pune,24,21.82,0.0,14.1
2023-08-21,Pune,24,20.89,25.45,15.77
2023-08-22,Pune,24,22.37,3.2,12.71
2023-08-23,Pune,24,22.74,7.85,17.34
2023-08-24,Pune,24,24.8,0.0,16.16
2023-08-25,Pune,24,23.57,0.0,11.94
2023-08-26,Pune,24,25.84,0.0,11.9
2023-08-27,Pune,24,25.44,0.0,11.95
2023-08-28,Pune,24,24.31,1.64,15.36
2023-08-29,Pune,24,22.74,0.0,12.32
2023-08-30,Pune,24,22.79,0.0,11.21
2023-08-31,Pune,24,24.48,38.66,20.56
2023-09-01,Pune,24,24.85,0.0,12.26
2023-09-02,Pune,24,24.55,3.02,14.07
2023-09-03,Pune,24,24.32,2.29,13.19
2023-09-04,Pune,24,26.6,31.47,15.99
2023-09-05,Pune,24,27.22,15.56,14.68
2023-09-06,Pune,24,22.7,0.0,12.89
2023-09-07,Pune,24,21.57,0.0,8.76
2023-09-08,Pune,24,21.66,0.0,9.99
2023-09-09,Pune,24,18.51,0.0,10.73
2023-09-10,Pune,24,19.66,0.0,10.46
2023-09-11,Pune,24,23.13,0.0,11.48
2023-09-12,Pune,24,23.13,0.0,10.31
2023-09-13,Pune,24,21.48,0.0,10.27
2023-09-14,Pune,24,20.74,0.0,10.76
2023-09-15,Pune,24,23.89,4.96,10.04
2023-09-16,Pune,24,23.67,2.01,8.86
2023-09-17,Pune,24,24.75,5.35,10.74
2023-09-18,Pune,24,23.85,3.02,11.48
2023-09-19,Pune,24,24.54,0.0,14.02
2023-09-20,Pune,24,24.81,0.0,10.98
2023-09-21,Pune,24,25.91,0.0,6.11
2023-09-22,Pune,24,25.81,0.0,9.59
2023-09-23,Pune,24,25.01,0.0,10.38
2023-09-24,Pune,24,26.11,0.0,14.73
2023-09-25,Pune,24,24.35,0.0,12.68
2023-09-26,Pune,24,25.29,0.0,12.16
2023-09-27,Pune,24,25.36,0.0,12.16
2023-09-28,Pune,24,24.46,0.0,11.03
2023-09-29,Pune,24,24.79,5.94,10.41
2023-09-30,Pune,24,23.47,0.0,11.59
2023-10-01,Pune,24,27.33,0.0,9.76
2023-10-02,Pune,24,28.56,0.0,11.87
2023-10-03,Pune,24,27.36,0.0,10.16
2023-10-04,Pune,24,28.01,0.0,13.19
2023-10-05,Pune,24,27.07,0.0,11.15
2023-10-06,Pune,24,23.94,0.0,10.89
2023-10-07,Pune,24,24.94,0.0,8.54
2023-10-08,Pune,24,25.24,0.0,7.04
2023-10-09,Pune,24,25.49,0.0,10.52
2023-10-10,Pune,24,24.6,0.0,12.54
2023-10-11,Pune,24,24.53,5.13,10.33
2023-10-12,Pune,24,24.43,0.0,10.6
2023-10-13,Pune,24,25.34,0.0,7.72
2023-10-14,Pune,24,27.1,0.0,7.41
2023-10-15,Pune,24,26.8,0.0,9.99
2023-10-16,Pune,24,27.48,0.0,10.95
2023-10-17,Pune,24,27.19,11.5,12.72
2023-10-18,Pune,24,26.47,0.0,11.08
2023-10-19,Pune,24,24.22,0.0,9.96
2023-10-20,Pune,24,25.25,0.0,11.16
2023-10-21,Pune,24,26.6,0.0,10.85
2023-10-22,Pune,24,27.63,0.0,7.47
2023-10-23,Pune,24,29.19,0.0,7.22
2023-10-24,Pune,24,27.27,0.0,12.4
2023-10-25,Pune,24,27.37,0.0,9.59
2023-10-26,Pune,24,26.24,0.0,9.33
2023-10-27,Pune,24,26.15,5.07,11.01
2023-10-28,Pune,24,26.6,0.0,10.18
2023-10-29,Pune,24,26.71,0.0,10.77
2023-10-30,Pune,24,26.38,0.0,7.2
2023-10-31,Pune,24,27.88,0.0,8.83
2023-11-01,Pune,24,23.5,0.0,7.2
2023-11-02,Pune,24,22.29,0.0,4.0
2023-11-03,Pune,24,25.07,0.0,8.75
2023-11-04,Pune,24,25.26,0.0,3.1
2023-11-05,Pune,24,23.07,0.0,8.94
2023-11-06,Pune,24,23.51,0.0,11.65
2023-11-07,Pune,24,22.9,0.0,13.45
2023-11-08,Pune,24,21.94,0.0,9.56
2023-11-09,Pune,24,23.28,0.0,8.64
2023-11-10,Pune,24,23.49,0.0,5.18
2023-11-11,Pune,24,22.52,0.0,3.66
2023-11-12,Pune,24,21.8,0.0,5.84
2023-11-13,Pune,24,22.34,0.0,5.07
2023-11-14,Pune,24,20.26,0.0,3.61
2023-11-15,Pune,24,21.62,0.0,7.81
2023-11-16,Pune,24,19.73,0.0,4.07
2023-11-17,Pune,24,22.89,0.0,4.99
2023-11-18,Pune,24,20.63,26.89,7.27
2023-11-19,Pune,24,22.62,0.0,4.37
2023-11-20,Pune,24,23.5,0.0,6.31
2023-11-21,Pune,24,23.48,0.0,7.12
2023-11-22,Pune,24,23.46,0.0,9.83
2023-11-23,Pune,24,23.76,0.0,5.42
2023-11-24,Pune,24,23.85,0.0,8.67
2023-11-25,Pune,24,21.89,0.0,4.9
2023-11-26,Pune,24,22.78,0.0,8.79
2023-11-27,Pune,24,25.13,0.0,10.69
2023-11-28,Pune,24,24.58,0.0,8.32
2023-11-29,Pune,24,23.44,0.0,5.51
2023-11-30,Pune,24,23.01,0.0,7.93
2023-12-01,Pune,24,21.06,0.0,4.36
2023-12-02,Pune,24,20.21,0.0,4.53
2023-12-03,Pune,24,18.96,0.0,8.05
2023-12-04,Pune,24,21.06,0.0,6.83
2023-12-05,Pune,24,19.31,0.0,7.06
2023-12-06,Pune,24,20.99,0.0,7.61
2023-12-07,Pune,24,22.08,0.0,6.57
2023-12-08,Pune,24,22.5,0.0,7.42
2023-12-09,Pune,24,22.75,0.0,5.54
2023-12-10,Pune,24,25.04,0.0,3.53
2023-12-11,Pune,24,22.68,0.0,5.35
2023-12-12,Pune,24,24.1,0.0,4.24
2023-12-13,Pune,24,20.31,0.0,9.68
2023-12-14,Pune,24,21.34,0.0,7.06
2023-12-15,Pune,24,22.93,0.0,9.98
2023-12-16,Pune,24,21.52,0.0,7.58
2023-12-17,Pune,24,21.33,0.0,8.79
2023-12-18,Pune,24,21.3,0.0,7.13
2023-12-19,Pune,24,18.55,0.0,3.46
2023-12-20,Pune,24,21.04,0.0,6.25
2023-12-21,Pune,24,19.89,0.0,8.11
2023-12-22,Pune,24,20.53,0.0,4.12
2023-12-23,Pune,24,21.32,0.0,8.01
2023-12-24,Pune,24,19.68,0.0,5.22
2023-12-25,Pune,24,20.92,0.0,6.53
2023-12-26,Pune,24,20.69,0.0,7.93
2023-12-27,Pune,24,20.51,0.0,6.39
2023-12-28,Pune,24,21.94,0.0,3.85
2023-12-29,Pune,24,25.55,0.0,7.51
2023-12-30,Pune,24,23.69,0.0,8.76
2023-12-31,Pune,24,23.25,0.0,6.44
2024-01-01,Pune,24,20.55,0.0,6.89
2024-01-02,Pune,24,20.67,0.0,3.54
2024-01-03,Pune,24,19.09,0.0,3.31
2024-01-04,Pune,24,18.8,0.0,7.25
2024-01-05,Pune,24,19.73,0.0,7.03
2024-01-06,Pune,24,21.27,0.0,5.63
2024-01-07,Pune,24,20.49,0.0,5.72
2024-01-08,Pune,24,20.34,0.0,10.34
2024-01-09,Pune,24,17.97,0.0,9.64
2024-01-10,Pune,24,19.07,0.0,6.76
2024-01-11,Pune,24,20.31,0.0,8.92
2024-01-12,Pune,24,22.88,0.0,8.55
2024-01-13,Pune,24,21.85,0.0,10.85
2024-01-14,Pune,24,20.6,0.0,6.61
2024-01-15,Pune,24,19.78,0.0,3.86
2024-01-16,Pune,24,20.18,0.0,4.91
2024-01-17,Pune,24,19.41,0.0,6.51
2024-01-18,Pune,24,18.44,0.0,4.88
2024-01-19,Pune,24,20.03,0.0,7.44
2024-01-20,Pune,24,19.36,0.0,7.11
2024-01-21,Pune,24,20.19,0.0,7.97
2024-01-22,Pune,24,21.39,0.0,10.5
2024-01-23,Pune,24,22.35,0.0,6.98
2024-01-24,Pune,24,23.31,0.0,3.61
2024-01-25,Pune,24,22.47,0.0,4.98
2024-01-26,Pune,24,21.69,0.0,5.07
2024-01-27,Pune,24,21.72,0.0,5.07
2024-01-28,Pune,24,22.09,0.0,4.73
2024-01-29,Pune,24,20.05,0.0,3.65
2024-01-30,Pune,24,17.31,0.0,6.68
2024-01-31,Pune,24,19.69,0.0,5.11
2024-02-01,Pune,24,21.6,0.0,9.33
2024-02-02,Pune,24,22.16,0.0,6.66
2024-02-03,Pune,24,22.89,0.0,10.32
2024-02-04,Pune,24,21.31,0.0,9.36
2024-02-05,Pune,24,20.4,0.0,6.92
2024-02-06,Pune,24,21.92,0.0,10.21
2024-02-07,Pune,24,22.49,0.0,10.49
2024-02-08,Pune,24,21.33,0.0,9.04
2024-02-09,Pune,24,22.48,0.0,10.1
2024-02-10,Pune,24,23.32,0.0,11.48
2024-02-11,Pune,24,22.51,0.0,12.83
2024-02-12,Pune,24,21.6,0.0,8.98
2024-02-13,Pune,24,22.57,0.0,12.43
2024-02-14,Pune,24,21.23,0.0,12.95
2024-02-15,Pune,24,20.77,0.0,7.97
2024-02-16,Pune,24,22.58,0.0,7.74
2024-02-17,Pune,24,23.46,0.0,8.99
2024-02-18,Pune,24,24.24,0.0,9.14
2024-02-19,Pune,24,23.8,0.0,10.15
2024-02-20,Pune,24,23.06,0.0,11.86
2024-02-21,Pune,24,23.73,0.0,9.5
2024-02-22,Pune,24,25.53,0.0,7.55
2024-02-23,Pune,24,24.27,0.0,11.92
2024-02-24,Pune,24,25.75,0.0,9.11
2024-02-25,Pune,24,24.29,0.0,10.24
2024-02-26,Pune,24,24.31,0.0,8.62
2024-02-27,Pune,24,21.81,0.0,10.76
2024-02-28,Pune,24,21.86,0.0,10.36
2024-02-29,Pune,24,23.84,0.0,11.81
2024-03-01,Pune,24,26.29,0.0,7.63
2024-03-02,Pune,24,27.45,0.0,9.07
2024-03-03,Pune,24,28.37,0.0,8.0
2024-03-04,Pune,24,26.4,0.0,5.8
2024-03-05,Pune,24,25.31,0.0,5.22
2024-03-06,Pune,24,24.6,0.0,10.8
2024-03-07,Pune,24,25.52,0.0,8.93
2024-03-08,Pune,24,25.57,0.0,9.53
2024-03-09,Pune,24,25.28,0.0,9.04
2024-03-10,Pune,24,25.83,0.0,10.97
2024-03-11,Pune,24,24.16,0.0,11.36
2024-03-12,Pune,24,23.22,0.0,9.2
2024-03-13,Pune,24,24.93,0.0,8.73
2024-03-14,Pune,24,26.77,0.0,10.47
2024-03-15,Pune,24,24.33,0.0,6.74
2024-03-16,Pune,24,25.41,0.0,7.43
2024-03-17,Pune,24,25.76,0.0,10.36
2024-03-18,Pune,24,24.56,0.0,9.75
2024-03-19,Pune,24,25.92,0.0,8.34
2024-03-20,Pune,24,24.4,0.0,5.3
2024-03-21,Pune,24,28.42,0.0,5.67
2024-03-22,Pune,24,26.99,0.0,4.71
2024-03-23,Pune,24,27.2,1.3,7.27
2024-03-24,Pune,24,26.56,0.0,10.47
2024-03-25,Pune,24,25.3,0.0,9.93
2024-03-26,Pune,24,26.87,0.0,7.14
2024-03-27,Pune,24,26.7,0.0,7.84
2024-03-28,Pune,24,28.15,0.0,8.27
2024-03-29,Pune,24,26.58,0.0,8.16
2024-03-30,Pune,24,26.89,0.0,6.8
2024-03-31,Pune,24,26.18,0.0,12.15
2024-04-01,Pune,24,31.13,0.0,14.52
2024-04-02,Pune,24,31.02,0.0,11.19
2024-04-03,Pune,24,30.66,0.0,9.36
2024-04-04,Pune,24,31.28,0.0,9.3
2024-04-05,Pune,24,28.82,0.0,5.97
2024-04-06,Pune,24,29.14,0.0,9.8
2024-04-07,Pune,24,28.88,0.0,9.45
2024-04-08,Pune,24,27.89,0.0,12.46
2024-04-09,Pune,24,27.51,0.0,10.08
2024-04-10,Pune,24,29.36,0.0,9.44
2024-04-11,Pune,24,28.88,0.0,8.55
2024-04-12,Pune,24,27.52,0.0,8.31
2024-04-13,Pune,24,28.41,0.0,6.97
2024-04-14,Pune,24,26.8,0.0,9.9
2024-04-15,Pune,24,27.68,0.0,10.93
2024-04-16,Pune,24,27.98,0.0,10.46
2024-04-17,Pune,24,29.18,0.0,11.73
2024-04-18,Pune,24,29.08,0.0,14.04
2024-04-19,Pune,24,29.11,0.0,12.24
2024-04-20,Pune,24,30.2,0.0,8.12
2024-04-21,Pune,24,28.65,0.0,8.86
2024-04-22,Pune,24,28.98,0.0,10.11
2024-04-23,Pune,24,27.07,0.0,12.01
2024-04-24,Pune,24,30.28,0.0,12.11
2024-04-25,Pune,24,28.9,0.0,12.55
2024-04-26,Pune,24,29.38,0.0,11.47
2024-04-27,Pune,24,28.88,0.0,11.53
2024-04-28,Pune,24,30.71,0.0,9.61
2024-04-29,Pune,24,30.78,0.0,11.8
2024-04-30,Pune,24,33.47,0.0,13.11
2024-05-01,Pune,24,33.27,4.65,14.66
2024-05-02,Pune,24,30.41,0.0,13.6
2024-05-03,Pune,24,29.65,0.0,13.8
2024-05-04,Pune,24,29.15,0.0,12.48
2024-05-05,Pune,24,31.4,0.0,10.95
2024-05-06,Pune,24,31.26,0.0,13.5
2024-05-07,Pune,24,31.12,0.0,15.88
2024-05-08,Pune,24,29.38,0.0,14.37
2024-05-09,Pune,24,29.55,0.0,15.37
2024-05-10,Pune,24,32.33,0.0,15.16
2024-05-11,Pune,24,28.29,0.0,15.02
2024-05-12,Pune,24,29.51,1.83,14.97
2024-05-13,Pune,24,29.83,23.16,16.24
2024-05-14,Pune,24,31.19,0.0,10.66
2024-05-15,Pune,24,30.06,0.0,7.4
2024-05-16,Pune,24,30.26,0.0,14.21
2024-05-17,Pune,24,29.4,0.0,8.68
2024-05-18,Pune,24,28.52,0.0,12.25
2024-05-19,Pune,24,31.54,0.0,12.7
2024-05-20,Pune,24,32.45,0.0,8.52
2024-05-21,Pune,24,32.6,0.0,12.05
2024-05-22,Pune,24,31.58,0.0,12.56
2024-05-23,Pune,24,29.54,0.0,13.55
2024-05-24,Pune,24,29.21,0.0,16.51
2024-05-25,Pune,24,30.03,0.0,14.07
2024-05-26,Pune,24,30.01,0.0,13.32
2024-05-27,Pune,24,32.38,0.0,15.55
2024-05-28,Pune,24,29.63,0.0,14.12
2024-05-29,Pune,24,30.58,0.0,14.98
2024-05-30,Pune,24,31.46,0.0,14.01
2024-05-31,Pune,24,31.57,0.0,13.06
2024-06-01,Pune,24,28.84,4.24,15.98
2024-06-02,Pune,24,28.36,4.18,16.87
2024-06-03,Pune,24,26.75,26.82,23.6
2024-06-04,Pune,24,26.43,14.44,18.5
2024-06-05,Pune,24,26.16,9.56,17.56
2024-06-06,Pune,24,26.56,7.94,16.77
2024-06-07,Pune,24,26.44,2.43,12.63
2024-06-08,Pune,24,25.13,0.0,12.74
2024-06-09,Pune,24,26.26,1.62,16.91
2024-06-10,Pune,24,25.31,10.29,14.59
2024-06-11,Pune,24,27.17,0.0,13.95
2024-06-12,Pune,24,26.87,0.0,15.28
2024-06-13,Pune,24,25.25,0.0,12.09
2024-06-14,Pune,24,25.25,0.0,19.65
2024-06-15,Pune,24,25.22,0.0,12.59
2024-06-16,Pune,24,24.83,4.99,16.98
2024-06-17,Pune,24,25.27,0.0,18.45
2024-06-18,Pune,24,25.73,0.0,17.72
2024-06-19,Pune,24,24.29,0.0,15.18
2024-06-20,Pune,24,25.73,3.74,17.62
2024-06-21,Pune,24,24.58,0.0,13.95
2024-06-22,Pune,24,24.53,0.0,14.98
2024-06-23,Pune,24,24.56,0.0,13.83
2024-06-24,Pune,24,22.73,0.0,13.64
2024-06-25,Pune,24,25.3,0.0,15.33
2024-06-26,Pune,24,23.84,0.0,11.85
2024-06-27,Pune,24,26.01,0.0,13.55
2024-06-28,Pune,24,25.46,0.0,16.44
2024-06-29,Pune,24,25.31,0.0,13.56
2024-06-30,Pune,24,24.32,0.0,16.71
2024-07-01,Pune,24,22.79,0.0,16.83
2024-07-02,Pune,24,22.11,0.0,15.17
2024-07-03,Pune,24,22.63,0.0,14.13
2024-07-04,Pune,24,22.45,0.0,13.64
2024-07-05,Pune,24,22.4,12.27,17.08
2024-07-06,Pune,24,24.46,8.68,15.22
2024-07-07,Pune,24,24.72,2.95,14.93
2024-07-08,Pune,24,21.74,1.88,17.21
2024-07-09,Pune,24,23.77,0.0,17.01
2024-07-10,Pune,24,23.11,0.0,16.39
2024-07-11,Pune,24,24.09,0.0,17.0
2024-07-12,Pune,24,24.55,0.0,16.98
2024-07-13,Pune,24,25.18,0.0,15.47
2024-07-14,Pune,24,25.8,0.0,12.34
2024-07-15,Pune,24,25.06,0.0,12.73
2024-07-16,Pune,24,25.45,18.79,20.57
2024-07-17,Pune,24,25.24,0.0,17.88
2024-07-18,Pune,24,26.15,0.0,20.29
2024-07-19,Pune,24,24.73,2.0,23.67
2024-07-20,Pune,24,23.77,18.62,21.87
2024-07-21,Pune,24,24.0,11.61,18.01
2024-07-22,Pune,24,26.92,4.28,17.97
2024-07-23,Pune,24,28.31,0.59,16.79
2024-07-24,Pune,24,27.02,9.02,22.32
2024-07-25,Pune,24,23.77,0.0,18.04
2024-07-26,Pune,24,25.63,0.0,16.77
2024-07-27,Pune,24,25.37,0.0,16.12
2024-07-28,Pune,24,22.59,0.0,16.82
2024-07-29,Pune,24,24.17,20.18,21.77
2024-07-30,Pune,24,22.82,0.0,14.27
2024-07-31,Pune,24,19.92,0.0,18.23
2024-08-01,Pune,24,21.49,0.0,12.2
2024-08-02,Pune,24,22.61,11.6,15.84
2024-08-03,Pune,24,22.43,1.7,15.31
2024-08-04,Pune,24,24.22,2.94,11.7
2024-08-05,Pune,24,25.29,17.93,18.07
2024-08-06,Pune,24,26.01,7.31,13.43
2024-08-07,Pune,24,25.21,2.93,14.74
2024-08-08,Pune,24,25.27,8.6,14.5
2024-08-09,Pune,24,24.08,7.31,16.55
2024-08-10,Pune,24,23.79,0.25,13.4
2024-08-11,Pune,24,23.52,25.89,19.08
2024-08-12,Pune,24,23.87,12.4,12.67
2024-08-13,Pune,24,25.21,3.96,13.13
2024-08-14,Pune,24,24.99,3.77,10.57
2024-08-15,Pune,24,24.97,3.07,14.19
2024-08-16,Pune,24,24.15,0.0,14.56
2024-08-17,Pune,24,24.95,0.0,13.78
2024-08-18,Pune,24,25.1,0.0,16.64
2024-08-19,Pune,24,26.28,0.0,13.53
2024-08-20,Pune,24,25.74,0.0,15.76
2024-08-21,Pune,24,24.76,0.0,15.87
2024-08-22,Pune,24,25.19,0.0,15.25
2024-08-23,Pune,24,23.46,0.0,12.55
2024-08-24,Pune,24,22.26,0.0,14.22
2024-08-25,Pune,24,23.25,0.5,13.68
2024-08-26,Pune,24,23.17,0.0,14.28
2024-08-27,Pune,24,23.72,0.0,15.35
2024-08-28,Pune,24,21.87,0.0,15.91
2024-08-29,Pune,24,23.14,5.67,17.87
2024-08-30,Pune,24,21.9,2.68,11.65
2024-08-31,Pune,24,21.12,0.97,11.3
2024-09-01,Pune,24,20.45,5.72,15.16
2024-09-02,Pune,24,21.74,7.43,14.26
2024-09-03,Pune,24,23.13,0.0,8.57
2024-09-04,Pune,24,24.01,3.24,11.93
2024-09-05,Pune,24,23.5,8.73,13.5
2024-09-06,Pune,24,24.07,0.0,6.7
2024-09-07,Pune,24,25.29,21.36,10.56
2024-09-08,Pune,24,22.27,4.89,7.15
2024-09-09,Pune,24,21.63,7.99,10.02
2024-09-10,Pune,24,23.17,2.37,11.37
2024-09-11,Pune,24,23.27,12.35,10.33
2024-09-12,Pune,24,27.24,20.55,16.07
2024-09-13,Pune,24,28.23,4.7,12.47
2024-09-14,Pune,24,28.05,4.49,7.78
2024-09-15,Pune,24,27.11,7.78,9.52
2024-09-16,Pune,24,28.06,5.54,10.82
2024-09-17,Pune,24,26.16,9.38,8.91
2024-09-18,Pune,24,25.77,8.62,9.52
2024-09-19,Pune,24,25.7,10.19,10.3
2024-09-20,Pune,24,27.9,11.02,10.73
2024-09-21,Pune,24,26.99,9.12,10.93
2024-09-22,Pune,24,27.26,0.0,10.91
2024-09-23,Pune,24,27.49,0.0,14.31
2024-09-24,Pune,24,27.31,0.0,10.89
2024-09-25,Pune,24,27.13,0.0,8.75
2024-09-26,Pune,24,28.21,0.0,9.4
2024-09-27,Pune,24,25.75,0.0,10.75
2024-09-28,Pune,24,24.67,0.0,10.64
2024-09-29,Pune,24,24.85,0.0,11.24
2024-09-30,Pune,24,25.23,0.0,11.52
2024-10-01,Pune,24,27.78,0.0,6.47
2024-10-02,Pune,24,25.72,0.0,5.09
2024-10-03,Pune,24,24.74,1.7,6.3
2024-10-04,Pune,24,25.4,0.0,6.03
2024-10-05,Pune,24,25.18,0.0,8.41
2024-10-06,Pune,24,22.94,10.53,11.7
2024-10-07,Pune,24,25.79,0.0,10.06
2024-10-08,Pune,24,24.98,0.0,8.52
2024-10-09,Pune,24,26.56,0.0,9.46
2024-10-10,Pune,24,26.1,0.0,9.33
2024-10-11,Pune,24,26.55,2.31,6.83
2024-10-12,Pune,24,25.55,0.0,6.61
2024-10-13,Pune,24,27.97,0.0,8.2
2024-10-14,Pune,24,25.77,0.0,5.1
2024-10-15,Pune,24,25.66,0.0,6.68
2024-10-16,Pune,24,26.07,0.0,6.81
2024-10-17,Pune,24,24.93,0.0,7.76
2024-10-18,Pune,24,25.94,0.0,5.98
2024-10-19,Pune,24,26.83,0.0,9.93
2024-10-20,Pune,24,25.38,0.0,4.51
2024-10-21,Pune,24,24.88,0.0,7.63
2024-10-22,Pune,24,25.29,8.76,12.47
2024-10-23,Pune,24,26.73,16.22,12.77
2024-10-24,Pune,24,25.71,0.0,9.16
2024-10-25,Pune,24,25.33,0.0,10.79
2024-10-26,Pune,24,26.65,0.0,11.24
2024-10-27,Pune,24,28.94,0.0,7.83
2024-10-28,Pune,24,29.89,0.0,8.67
2024-10-29,Pune,24,28.55,79.79,18.41
2024-10-30,Pune,24,29.47,2.4,10.61
2024-10-31,Pune,24,29.39,2.36,10.32
2024-11-01,Pune,24,25.83,0.0,6.0
2024-11-02,Pune,24,23.05,0.0,6.43
2024-11-03,Pune,24,23.93,15.01,10.16
2024-11-04,Pune,24,23.62,0.0,6.9
2024-11-05,Pune,24,24.7,0.0,6.4
2024-11-06,Pune,24,20.51,0.0,4.62
2024-11-07,Pune,24,19.44,0.0,5.44
2024-11-08,Pune,24,22.05,0.0,4.58
2024-11-09,Pune,24,21.7,0.0,7.85
2024-11-10,Pune,24,20.11,0.0,8.24
2024-11-11,Pune,24,22.16,0.0,6.09
2024-11-12,Pune,24,23.45,0.0,8.32
2024-11-13,Pune,24,21.84,0.0,7.35
2024-11-14,Pune,24,23.63,0.0,8.37
2024-11-15,Pune,24,21.87,0.0,7.11
2024-11-16,Pune,24,21.39,0.0,7.05
2024-11-17,Pune,24,20.9,0.0,6.77
2024-11-18,Pune,24,22.55,0.0,7.26
2024-11-19,Pune,24,22.0,0.0,7.68
2024-11-20,Pune,24,23.39,0.0,11.19
2024-11-21,Pune,24,21.63,0.0,4.79
2024-11-22,Pune,24,21.48,0.0,5.67
2024-11-23,Pune,24,23.47,0.0,7.48
2024-11-24,Pune,24,21.17,0.0,6.77
2024-11-25,Pune,24,21.31,0.0,4.33
2024-11-26,Pune,24,20.55,0.0,9.02
2024-11-27,Pune,24,24.27,0.0,6.51
2024-11-28,Pune,24,24.9,0.0,11.01
2024-11-29,Pune,24,24.36,0.0,10.39
2024-11-30,Pune,24,24.6,0.0,7.66
2024-12-01,Pune,24,24.49,0.0,10.56
2024-12-02,Pune,24,24.4,0.0,7.97
2024-12-03,Pune,24,21.99,0.0,10.95
2024-12-04,Pune,24,23.05,0.0,9.12
2024-12-05,Pune,24,23.12,0.0,8.7
2024-12-06,Pune,24,23.81,0.0,7.29
2024-12-07,Pune,24,22.53,0.0,9.18
2024-12-08,Pune,24,24.64,0.0,10.59
2024-12-09,Pune,24,24.38,0.0,6.76
2024-12-10,Pune,24,24.92,0.0,5.61
2024-12-11,Pune,24,24.46,0.0,7.92
2024-12-12,Pune,24,21.27,0.0,6.75
2024-12-13,Pune,24,22.13,0.0,6.03
2024-12-14,Pune,24,20.38,0.0,5.09
2024-12-15,Pune,24,22.06,0.0,7.24
2024-12-16,Pune,24,22.5,0.0,6.63
2024-12-17,Pune,24,20.83,0.0,8.91
2024-12-18,Pune,24,19.59,0.0,8.3
2024-12-19,Pune,24,21.3,0.0,9.3
2024-12-20,Pune,24,19.49,0.0,6.91
2024-12-21,Pune,24,20.03,0.0,13.33
2024-12-22,Pune,24,19.2,0.0,12.94
2024-12-23,Pune,24,18.89,0.0,10.78
2024-12-24,Pune,24,16.69,0.0,7.6
2024-12-25,Pune,24,19.28,0.0,2.43
2024-12-26,Pune,24,20.93,0.0,5.49
2024-12-27,Pune,24,22.07,0.0,5.67
2024-12-28,Pune,24,23.19,0.0,7.81
2024-12-29,Pune,24,23.58,0.0,6.91
2024-12-30,Pune,24,20.43,0.0,9.86
2024-12-31,Pune,24,19.22,0.0,8.45
2025-01-01,Pune,24,18.9,0.0,10.84
2025-01-02,Pune,24,18.13,0.0,6.3
2025-01-03,Pune,24,18.41,0.0,7.12
2025-01-04,Pune,24,18.32,0.0,6.46
2025-01-05,Pune,24,17.7,0.0,6.11
2025-01-06,Pune,24,17.99,1.9,9.18
2025-01-07,Pune,24,17.92,0.0,6.21
2025-01-08,Pune,24,19.23,0.0,10.03
2025-01-09,Pune,24,19.22,21.22,13.52
2025-01-10,Pune,24,19.4,0.0,10.27
2025-01-11,Pune,24,18.11,0.0,12.05
2025-01-12,Pune,24,19.06,0.0,11.12
2025-01-13,Pune,24,17.71,0.0,9.68
2025-01-14,Pune,24,17.98,0.0,5.89
2025-01-15,Pune,24,21.12,0.0,4.79
2025-01-16,Pune,24,23.88,0.0,8.81
2025-01-17,Pune,24,23.75,0.0,10.59
2025-01-18,Pune,24,24.31,0.0,8.19
2025-01-19,Pune,24,21.93,0.0,8.7
2025-01-20,Pune,24,24.02,0.0,10.46
2025-01-21,Pune,24,23.41,0.0,6.6
2025-01-22,Pune,24,23.91,0.0,7.21
2025-01-23,Pune,24,22.29,0.0,6.63
2025-01-24,Pune,24,21.92,0.0,11.77
2025-01-25,Pune,24,21.85,0.0,11.97
2025-01-26,Pune,24,20.33,0.0,9.37
2025-01-27,Pune,24,20.38,0.0,5.92
2025-01-28,Pune,24,19.32,0.0,4.82
2025-01-29,Pune,24,22.12,0.0,7.84
2025-01-30,Pune,24,22.68,0.0,9.12
2025-01-31,Pune,24,21.64,0.0,8.55
2025-02-01,Pune,24,24.75,0.0,8.3
2025-02-02,Pune,24,23.64,0.0,10.28
2025-02-03,Pune,24,23.06,0.0,6.28
2025-02-04,Pune,24,22.37,0.0,10.74
2025-02-05,Pune,24,23.62,0.0,10.39
2025-02-06,Pune,24,22.75,0.0,12.44
2025-02-07,Pune,24,24.34,0.0,10.4
2025-02-08,Pune,24,25.42,0.0,9.53
2025-02-09,Pune,24,23.39,0.06,10.53
2025-02-10,Pune,24,23.02,0.0,10.41
2025-02-11,Pune,24,22.52,0.0,6.59
2025-02-12,Pune,24,25.49,0.0,9.14
2025-02-13,Pune,24,22.04,0.0,8.95
2025-02-14,Pune,24,21.39,0.0,7.9
2025-02-15,Pune,24,21.65,0.0,6.13
2025-02-16,Pune,24,22.5,0.0,11.83
2025-02-17,Pune,24,23.42,0.0,11.68
2025-02-18,Pune,24,25.19,0.0,10.94
2025-02-19,Pune,24,22.78,0.0,9.02
2025-02-20,Pune,24,24.02,0.0,7.65
2025-02-21,Pune,24,22.35,0.0,8.01
2025-02-22,Pune,24,22.35,0.0,13.76
2025-02-23,Pune,24,22.86,0.0,11.92
2025-02-24,Pune,24,22.1,0.0,9.8
2025-02-25,Pune,24,19.97,0.0,11.25
2025-02-26,Pune,24,19.96,0.0,4.9
2025-02-27,Pune,24,19.15,0.0,6.99
2025-02-28,Pune,24,20.11,0.0,9.46
2025-03-01,Pune,24,24.5,0.0,8.64
2025-03-02,Pune,24,24.97,0.0,11.37
2025-03-03,Pune,24,28.12,0.0,9.56
2025-03-04,Pune,24,27.94,0.0,11.34
2025-03-05,Pune,24,25.43,0.0,13.79
2025-03-06,Pune,24,25.18,0.0,13.52
2025-03-07,Pune,24,24.07,0.0,10.37
2025-03-08,Pune,24,23.72,0.0,10.41
2025-03-09,Pune,24,25.76,0.0,7.42
2025-03-10,Pune,24,25.34,0.0,9.77
2025-03-11,Pune,24,23.31,0.0,8.94
2025-03-12,Pune,24,24.77,0.0,9.23
2025-03-13,Pune,24,24.37,0.0,8.73
2025-03-14,Pune,24,26.32,0.0,11.54
2025-03-15,Pune,24,26.74,0.0,10.42
2025-03-16,Pune,24,27.92,0.0,9.74
2025-03-17,Pune,24,28.45,0.0,6.35
2025-03-18,Pune,24,28.78,0.0,9.14
2025-03-19,Pune,24,29.2,0.0,10.86
2025-03-20,Pune,24,28.0,0.0,7.93
2025-03-21,Pune,24,29.41,0.0,13.26
2025-03-22,Pune,24,27.18,0.0,12.79
2025-03-23,Pune,24,27.37,0.0,12.29
2025-03-24,Pune,24,26.79,0.0,11.61
2025-03-25,Pune,24,27.04,0.0,5.73
2025-03-26,Pune,24,26.21,0.0,8.65
2025-03-27,Pune,24,27.16,0.0,5.94
2025-03-28,Pune,24,27.91,0.0,11.98
2025-03-29,Pune,24,26.7,0.0,8.15
2025-03-30,Pune,24,23.96,0.0,10.46
2025-03-31,Pune,24,24.08,0.0,12.91
2025-04-01,Pune,24,29.48,0.0,14.49
2025-04-02,Pune,24,28.95,0.0,12.95
2025-04-03,Pune,24,29.87,0.0,12.54
2025-04-04,Pune,24,29.55,0.0,13.47
2025-04-05,Pune,24,29.79,0.0,15.33
2025-04-06,Pune,24,29.83,0.0,10.46
2025-04-07,Pune,24,30.59,0.0,11.31
2025-04-08,Pune,24,31.07,0.0,15.07
2025-04-09,Pune,24,33.87,0.0,13.36
2025-04-10,Pune,24,31.52,0.0,11.95
2025-04-11,Pune,24,31.84,0.0,9.02
2025-04-12,Pune,24,31.5,0.0,8.68
2025-04-13,Pune,24,30.58,0.0,10.09
2025-04-14,Pune,24,30.47,0.0,11.01
2025-04-15,Pune,24,30.26,0.0,11.4
2025-04-16,Pune,24,29.7,0.0,14.06
2025-04-17,Pune,24,28.98,0.0,18.44
2025-04-18,Pune,24,27.99,0.0,14.56
2025-04-19,Pune,24,28.22,0.0,14.83
2025-04-20,Pune,24,27.04,0.0,15.18
2025-04-21,Pune,24,26.75,0.0,12.69
2025-04-22,Pune,24,27.15,0.0,14.39
2025-04-23,Pune,24,28.72,0.0,11.94
2025-04-24,Pune,24,28.84,0.0,14.34
2025-04-25,Pune,24,26.66,0.0,13.99
2025-04-26,Pune,24,28.6,0.0,11.59
2025-04-27,Pune,24,30.13,0.0,13.46
2025-04-28,Pune,24,30.02,0.0,13.98
2025-04-29,Pune,24,31.54,0.0,13.87
2025-04-30,Pune,24,29.92,0.0,12.76
2025-05-01,Pune,24,31.76,0.0,15.93
2025-05-02,Pune,24,32.25,0.0,14.69
2025-05-03,Pune,24,28.6,0.0,14.49
2025-05-04,Pune,24,28.73,0.0,11.18
2025-05-05,Pune,24,32.27,0.0,10.88
2025-05-06,Pune,24,31.99,8.19,12.67
2025-05-07,Pune,24,32.82,0.0,12.19
2025-05-08,Pune,24,33.39,0.0,11.97
2025-05-09,Pune,24,33.7,0.0,7.73
2025-05-10,Pune,24,31.66,0.0,11.5
2025-05-11,Pune,24,31.75,0.0,13.93
2025-05-12,Pune,24,35.34,0.0,12.86
2025-05-13,Pune,24,36.02,0.0,11.24
2025-05-14,Pune,24,32.51,0.0,11.78
2025-05-15,Pune,24,33.32,0.0,13.57
2025-05-16,Pune,24,33.02,0.0,9.64
2025-05-17,Pune,24,33.24,0.0,10.85
2025-05-18,Pune,24,33.07,0.0,10.73
2025-05-19,Pune,24,30.03,0.0,13.53
2025-05-20,Pune,24,30.6,0.0,15.04
2025-05-21,Pune,24,32.15,0.0,12.63
2025-05-22,Pune,24,31.84,0.0,14.93
2025-05-23,Pune,24,33.56,0.0,9.69
2025-05-24,Pune,24,33.53,0.0,10.8
2025-05-25,Pune,24,33.99,0.0,10.56
2025-05-26,Pune,24,32.7,0.0,9.05
2025-05-27,Pune,24,32.38,0.0,12.64
2025-05-28,Pune,24,34.9,0.0,11.01
2025-05-29,Pune,24,35.68,0.0,12.62
2025-05-30,Pune,24,34.24,0.0,14.14
2025-05-31,Pune,24,33.92,0.0,11.97
2025-06-01,Pune,24,31.31,2.25,12.86
2025-06-02,Pune,24,29.59,0.58,11.69
2025-06-03,Pune,24,27.8,8.09,15.35
2025-06-04,Pune,24,27.89,0.0,15.45
2025-06-05,Pune,24,29.19,0.0,14.86
2025-06-06,Pune,24,28.07,0.0,17.89
2025-06-07,Pune,24,27.64,0.0,15.72
2025-06-08,Pune,24,27.82,0.0,19.5
2025-06-09,Pune,24,27.82,0.0,17.41
2025-06-10,Pune,24,27.28,0.0,15.75
2025-06-11,Pune,24,27.64,0.0,16.79
2025-06-12,Pune,24,26.97,0.0,12.76
2025-06-13,Pune,24,27.83,0.0,13.92
2025-06-14,Pune,24,26.8,3.22,11.06
2025-06-15,Pune,24,27.88,0.0,13.21
2025-06-16,Pune,24,27.74,0.0,16.69
2025-06-17,Pune,24,25.48,0.0,13.08
2025-06-18,Pune,24,26.57,0.0,14.15
2025-06-19,Pune,24,25.42,0.0,17.08
2025-06-20,Pune,24,26.7,0.0,15.43
2025-06-21,Pune,24,29.73,39.03,20.99
2025-06-22,Pune,24,31.31,32.53,21.59
2025-06-23,Pune,24,29.85,5.48,21.38
2025-06-24,Pune,24,29.7,0.0,15.06
2025-06-25,Pune,24,29.86,0.0,12.33
2025-06-26,Pune,24,27.97,0.0,14.78
2025-06-27,Pune,24,30.62,0.0,15.57
2025-06-28,Pune,24,27.91,0.0,14.19
2025-06-29,Pune,24,29.01,0.0,16.53
2025-06-30,Pune,24,26.94,0.0,13.92
2025-07-01,Pune,24,28.54,0.0,19.49
2025-07-02,Pune,24,26.12,0.0,15.88
2025-07-03,Pune,24,25.36,1.3,16.89
2025-07-04,Pune,24,26.33,49.42,26.7
2025-07-05,Pune,24,26.18,8.77,19.19
2025-07-06,Pune,24,25.96,8.85,20.0
2025-07-07,Pune,24,25.14,18.18,18.78
2025-07-08,Pune,24,25.26,0.0,14.38
2025-07-09,Pune,24,23.17,0.0,13.56
2025-07-10,Pune,24,24.92,0.0,15.13
2025-07-11,Pune,24,25.26,21.62,22.27
2025-07-12,Pune,24,25.61,10.16,20.68
2025-07-13,Pune,24,25.7,18.0,19.63
2025-07-14,Pune,24,26.09,3.72,15.57
2025-07-15,Pune,24,25.18,9.1,17.39
2025-07-16,Pune,24,25.84,2.0,14.36
2025-07-17,Pune,24,24.07,16.67,23.04
2025-07-18,Pune,24,26.71,11.6,19.84
2025-07-19,Pune,24,24.27,11.86,19.25
2025-07-20,Pune,24,26.6,8.38,19.97
2025-07-21,Pune,24,24.48,0.42,12.42
2025-07-22,Pune,24,23.99,7.06,14.75
2025-07-23,Pune,24,25.6,0.0,12.49
2025-07-24,Pune,24,25.07,0.0,13.94
2025-07-25,Pune,24,23.91,0.0,16.95
2025-07-26,Pune,24,23.21,0.0,14.52
2025-07-27,Pune,24,24.98,0.0,15.69
2025-07-28,Pune,24,26.1,1.9,17.85
2025-07-29,Pune,24,25.98,4.39,14.96
2025-07-30,Pune,24,25.8,12.01,15.41
2025-07-31,Pune,24,25.62,26.18,19.2
2025-08-01,Pune,24,24.16,2.13,12.37
2025-08-02,Pune,24,24.62,21.26,17.43
2025-08-03,Pune,24,23.95,3.53,14.95
2025-08-04,Pune,24,24.56,0.0,15.38
2025-08-05,Pune,24,23.53,0.0,12.9
2025-08-06,Pune,24,24.05,0.0,11.91
2025-08-07,Pune,24,23.26,0.0,12.9
2025-08-08,Pune,24,22.93,0.0,16.44
2025-08-09,Pune,24,23.5,0.0,14.9
2025-08-10,Pune,24,23.57,0.0,12.8
2025-08-11,Pune,24,24.77,0.0,17.1
2025-08-12,Pune,24,25.45,0.0,15.42
2025-08-13,Pune,24,26.08,0.0,14.7
2025-08-14,Pune,24,26.49,0.0,15.45
2025-08-15,Pune,24,27.69,0.0,13.82
2025-08-16,Pune,24,26.48,0.0,13.65
2025-08-17,Pune,24,25.94,0.0,14.55
2025-08-18,Pune,24,24.9,0.0,15.43
2025-08-19,Pune,24,28.11,0.0,13.37
2025-08-20,Pune,24,27.92,14.93,16.38
2025-08-21,Pune,24,23.87,19.53,16.48
2025-08-22,Pune,24,24.35,4.98,12.48
2025-08-23,Pune,24,24.11,10.34,13.59
2025-08-24,Pune,24,23.23,0.0,14.71
2025-08-25,Pune,24,25.76,1.6,11.42
2025-08-26,Pune,24,25.82,3.18,13.54
2025-08-27,Pune,24,25.67,7.68,13.34
2025-08-28,Pune,24,26.84,0.0,13.22
2025-08-29,Pune,24,25.21,0.0,11.55
2025-08-30,Pune,24,26.46,0.0,16.33
2025-08-31,Pune,24,22.5,0.0,13.95
2025-09-01,Pune,24,25.12,0.0,10.44
2025-09-02,Pune,24,24.79,6.44,13.64
2025-09-03,Pune,24,25.52,3.19,12.19
2025-09-04,Pune,24,25.02,2.95,11.38
2025-09-05,Pune,24,22.81,9.41,15.06
2025-09-06,Pune,24,24.43,0.0,10.84
2025-09-07,Pune,24,22.98,0.0,11.28
2025-09-08,Pune,24,23.52,0.0,11.85
2025-09-09,Pune,24,21.39,0.0,11.25
2025-09-10,Pune,24,22.81,0.0,9.56
2025-09-11,Pune,24,23.16,0.0,10.4
2025-09-12,Pune,24,26.31,0.0,17.17
2025-09-13,Pune,24,24.31,5.66,14.57
2025-09-14,Pune,24,26.24,6.59,12.71
2025-09-15,Pune,24,27.45,0.0,13.14
2025-09-16,Pune,24,25.7,0.0,12.18
2025-09-17,Pune,24,25.55,0.0,8.97
2025-09-18,Pune,24,27.34,14.62,14.68
2025-09-19,Pune,24,26.69,0.0,11.41
2025-09-20,Pune,24,26.08,0.0,13.14
2025-09-21,Pune,24,24.09,0.0,11.24
2025-09-22,Pune,24,25.42,0.0,14.72
2025-09-23,Pune,24,22.98,0.0,13.4
2025-09-24,Pune,24,26.69,0.0,11.98
2025-09-25,Pune,24,25.03,0.0,9.73
2025-09-26,Pune,24,25.24,0.0,9.9
2025-09-27,Pune,24,24.88,3.13,10.29
2025-09-28,Pune,24,25.3,24.18,15.27
2025-09-29,Pune,24,24.75,4.99,12.79
2025-09-30,Pune,24,25.84,16.82,11.7
2023-01-01,Pune,72,22.23,0.0,6.72
2023-01-02,Pune,72,21.09,0.0,8.01
2023-01-03,Pune,72,21.78,0.0,10.42
2023-01-04,Pune,72,19.98,0.0,9.8
2023-01-05,Pune,72,19.44,0.0,8.39
2023-01-06,Pune,72,17.82,0.0,3.92
2023-01-07,Pune,72,17.74,0.0,10.02
2023-01-08,Pune,72,19.87,0.0,10.92
2023-01-09,Pune,72,22.49,0.0,14.02
2023-01-10,Pune,72,20.5,0.0,5.1
2023-01-11,Pune,72,19.06,0.0,7.8
2023-01-12,Pune,72,20.96,0.0,6.04
2023-01-13,Pune,72,22.32,0.0,7.84
2023-01-14,Pune,72,21.19,0.0,4.27
2023-01-15,Pune,72,21.05,0.0,7.07
2023-01-16,Pune,72,20.33,0.0,7.5
2023-01-17,Pune,72,20.21,1.5,8.56
2023-01-18,Pune,72,18.94,0.0,7.54
2023-01-19,Pune,72,19.33,0.0,7.86
2023-01-20,Pune,72,19.87,0.0,6.9
2023-01-21,Pune,72,17.72,0.0,5.65
2023-01-22,Pune,72,15.92,0.0,8.43
2023-01-23,Pune,72,17.35,0.0,8.04
2023-01-24,Pune,72,16.86,0.0,8.99
2023-01-25,Pune,72,17.66,0.0,4.73
2023-01-26,Pune,72,18.87,0.0,4.7
2023-01-27,Pune,72,19.04,0.0,9.93
2023-01-28,Pune,72,17.59,0.0,3.9
2023-01-29,Pune,72,18.75,0.0,8.33
2023-01-30,Pune,72,19.4,0.0,7.9
2023-01-31,Pune,72,18.75,0.0,7.5
2023-02-01,Pune,72,20.34,0.0,8.22
2023-02-02,Pune,72,19.46,0.0,7.05
2023-02-03,Pune,72,18.78,0.0,5.53
2023-02-04,Pune,72,19.75,0.0,3.02
2023-02-05,Pune,72,22.22,0.0,7.43
2023-02-06,Pune,72,21.07,0.0,6.82
2023-02-07,Pune,72,22.29,0.0,9.22
2023-02-08,Pune,72,23.63,0.0,10.92
2023-02-09,Pune,72,22.95,0.0,12.25
2023-02-10,Pune,72,22.19,0.0,8.34
2023-02-11,Pune,72,21.41,0.0,8.5
2023-02-12,Pune,72,24.4,0.0,9.3
2023-02-13,Pune,72,21.07,0.0,9.83
2023-02-14,Pune,72,22.61,0.0,8.1
2023-02-15,Pune,72,24.15,0.0,9.81
2023-02-16,Pune,72,21.52,0.0,6.88
2023-02-17,Pune,72,24.7,0.0,9.24
2023-02-18,Pune,72,23.78,0.0,7.58
2023-02-19,Pune,72,22.42,0.0,9.08
2023-02-20,Pune,72,24.4,0.0,12.0
2023-02-21,Pune,72,24.31,0.0,14.07
2023-02-22,Pune,72,22.18,0.0,11.0
2023-02-23,Pune,72,23.82,0.0,10.54
2023-02-24,Pune,72,23.48,0.0,11.33
2023-02-25,Pune,72,23.04,0.0,4.88
2023-02-26,Pune,72,24.53,0.0,10.04
2023-02-27,Pune,72,23.43,0.0,9.83
2023-02-28,Pune,72,24.87,0.0,11.73
2023-03-01,Pune,72,28.98,0.0,10.52
2023-03-02,Pune,72,27.71,0.0,7.19
2023-03-03,Pune,72,28.92,0.0,11.0
2023-03-04,Pune,72,26.72,0.0,6.46
2023-03-05,Pune,72,27.93,0.0,6.77
2023-03-06,Pune,72,26.43,0.0,11.8
2023-03-07,Pune,72,25.61,0.0,5.79
2023-03-08,Pune,72,24.26,0.0,5.92
2023-03-09,Pune,72,25.88,0.0,6.58
2023-03-10,Pune,72,27.32,0.0,13.99
2023-03-11,Pune,72,25.37,0.0,13.9
2023-03-12,Pune,72,26.53,0.0,11.41
2023-03-13,Pune,72,26.01,0.0,9.37
2023-03-14,Pune,72,23.54,0.0,12.16
2023-03-15,Pune,72,24.27,8.64,13.12
2023-03-16,Pune,72,25.1,0.0,14.68
2023-03-17,Pune,72,25.54,0.0,13.53
2023-03-18,Pune,72,28.31,0.0,11.32
2023-03-19,Pune,72,27.86,0.0,10.87
2023-03-20,Pune,72,26.23,0.0,12.66
2023-03-21,Pune,72,27.27,0.0,12.74
2023-03-22,Pune,72,26.95,0.0,6.35
2023-03-23,Pune,72,27.04,0.0,6.0
2023-03-24,Pune,72,26.91,0.0,3.97
2023-03-25,Pune,72,27.5,0.0,2.82
2023-03-26,Pune,72,28.21,0.0,8.27
2023-03-27,Pune,72,26.64,0.0,5.79
2023-03-28,Pune,72,24.82,0.0,5.3
2023-03-29,Pune,72,26.22,0.0,10.26
2023-03-30,Pune,72,25.92,0.0,10.73
2023-03-31,Pune,72,27.77,0.0,7.05
2023-04-01,Pune,72,31.7,0.0,13.92
2023-04-02,Pune,72,31.87,0.0,15.35
2023-04-03,Pune,72,31.77,0.0,10.22
2023-04-04,Pune,72,32.08,0.0,16.39
2023-04-05,Pune,72,32.0,0.0,12.96
2023-04-06,Pune,72,31.64,0.0,12.81
2023-04-07,Pune,72,33.56,0.0,15.15
2023-04-08,Pune,72,30.05,0.0,11.51
2023-04-09,Pune,72,31.18,0.0,8.07
2023-04-10,Pune,72,29.78,0.0,9.29
2023-04-11,Pune,72,27.19,0.0,9.57
2023-04-12,Pune,72,28.82,0.0,9.98
2023-04-13,Pune,72,27.25,0.0,9.73
2023-04-14,Pune,72,29.66,0.0,9.14
2023-04-15,Pune,72,30.41,0.0,10.99
2023-04-16,Pune,72,29.48,0.0,10.2
2023-04-17,Pune,72,30.13,0.0,11.43
2023-04-18,Pune,72,31.8,0.0,11.37
2023-04-19,Pune,72,32.62,0.0,5.59
2023-04-20,Pune,72,30.19,0.0,10.48
2023-04-21,Pune,72,30.7,0.0,10.54
2023-04-22,Pune,72,31.13,0.0,8.33
2023-04-23,Pune,72,30.1,28.44,18.43
2023-04-24,Pune,72,31.25,0.0,12.32
2023-04-25,Pune,72,30.29,0.0,8.99
2023-04-26,Pune,72,31.97,0.0,11.49
2023-04-27,Pune,72,29.9,0.0,13.24
2023-04-28,Pune,72,29.81,0.0,9.57
2023-04-29,Pune,72,28.91,0.0,13.07
2023-04-30,Pune,72,30.79,0.0,15.07
2023-05-01,Pune,72,32.58,0.0,14.62
2023-05-02,Pune,72,31.79,0.0,12.44
2023-05-03,Pune,72,34.0,0.0,11.77
2023-05-04,Pune,72,31.69,0.0,12.56
2023-05-05,Pune,72,28.43,0.0,17.49
2023-05-06,Pune,72,28.9,2.62,15.67
2023-05-07,Pune,72,31.03,0.0,15.53
2023-05-08,Pune,72,28.56,0.0,14.37
2023-05-09,Pune,72,29.76,0.0,14.82
2023-05-10,Pune,72,28.04,0.0,17.51
2023-05-11,Pune,72,29.6,0.0,11.77
2023-05-12,Pune,72,28.75,0.0,16.3
2023-05-13,Pune,72,30.74,0.0,11.78
2023-05-14,Pune,72,31.78,0.0,12.55
2023-05-15,Pune,72,29.47,0.0,13.01
2023-05-16,Pune,72,33.29,0.0,9.23
2023-05-17,Pune,72,33.8,0.0,13.94
2023-05-18,Pune,72,32.64,0.0,13.81
2023-05-19,Pune,72,32.44,0.0,13.37
2023-05-20,Pune,72,33.48,0.0,13.59
2023-05-21,Pune,72,29.55,0.0,11.39
2023-05-22,Pune,72,32.71,0.0,17.0
2023-05-23,Pune,72,34.15,0.0,11.88
2023-05-24,Pune,72,32.67,0.0,9.64
2023-05-25,Pune,72,30.16,0.0,11.08
2023-05-26,Pune,72,30.64,0.0,10.12
2023-05-27,Pune,72,29.28,0.0,13.11
2023-05-28,Pune,72,33.96,0.0,8.93
2023-05-29,Pune,72,30.86,0.0,7.76
2023-05-30,Pune,72,32.42,0.0,14.58
2023-05-31,Pune,72,32.22,0.0,13.45
2023-06-01,Pune,72,25.36,0.0,12.23
2023-06-02,Pune,72,23.43,0.0,16.08
2023-06-03,Pune,72,25.69,12.49,20.12
2023-06-04,Pune,72,26.63,0.0,15.75
2023-06-05,Pune,72,25.58,0.0,16.23
2023-06-06,Pune,72,26.34,2.19,16.13
2023-06-07,Pune,72,25.32,11.65,19.03
2023-06-08,Pune,72,24.98,0.6,16.12
2023-06-09,Pune,72,25.33,31.69,20.69
2023-06-10,Pune,72,27.47,12.64,14.32
2023-06-11,Pune,72,25.96,0.0,11.32
2023-06-12,Pune,72,26.73,0.0,16.8
2023-06-13,Pune,72,27.82,4.57,13.79
2023-06-14,Pune,72,26.01,6.19,17.77
2023-06-15,Pune,72,25.55,1.16,14.25
2023-06-16,Pune,72,25.95,0.0,13.32
2023-06-17,Pune,72,24.81,13.96,17.58
2023-06-18,Pune,72,25.04,1.44,11.18
2023-06-19,Pune,72,26.61,0.0,13.34
2023-06-20,Pune,72,25.84,0.0,14.14
2023-06-21,Pune,72,26.13,0.0,16.92
2023-06-22,Pune,72,26.33,0.0,14.29
2023-06-23,Pune,72,26.76,0.0,17.4
2023-06-24,Pune,72,27.8,0.0,17.63
2023-06-25,Pune,72,25.3,4.15,17.44
2023-06-26,Pune,72,23.8,15.63,20.06
2023-06-27,Pune,72,26.02,6.94,12.35
2023-06-28,Pune,72,26.54,10.86,16.95
2023-06-29,Pune,72,26.12,9.78,18.85
2023-06-30,Pune,72,27.51,0.0,17.4
2023-07-01,Pune,72,24.5,0.0,13.22
2023-07-02,Pune,72,24.67,0.0,15.35
2023-07-03,Pune,72,24.36,17.96,18.86
2023-07-04,Pune,72,23.7,3.8,16.71
2023-07-05,Pune,72,23.84,21.25,21.6
2023-07-06,Pune,72,25.0,0.0,13.18
2023-07-07,Pune,72,25.33,0.0,17.68
2023-07-08,Pune,72,27.14,20.06,23.69
2023-07-09,Pune,72,24.74,7.19,19.38
2023-07-10,Pune,72,24.96,0.0,16.44
2023-07-11,Pune,72,23.74,0.0,16.18
2023-07-12,Pune,72,23.59,0.0,17.4
2023-07-13,Pune,72,25.68,0.0,14.65
2023-07-14,Pune,72,24.43,0.0,15.08
2023-07-15,Pune,72,26.11,0.0,15.81
2023-07-16,Pune,72,26.53,24.79,22.65
2023-07-17,Pune,72,27.88,0.21,17.62
2023-07-18,Pune,72,26.94,6.71,21.0
2023-07-19,Pune,72,25.07,8.04,17.33
2023-07-20,Pune,72,27.32,0.0,20.72
2023-07-21,Pune,72,25.85,0.0,19.08
2023-07-22,Pune,72,26.58,0.0,20.51
2023-07-23,Pune,72,26.81,0.0,18.86
2023-07-24,Pune,72,28.29,0.0,19.6
2023-07-25,Pune,72,28.41,0.0,20.13
2023-07-26,Pune,72,29.23,0.0,19.93
2023-07-27,Pune,72,26.31,0.0,14.39
2023-07-28,Pune,72,24.17,0.0,18.46
2023-07-29,Pune,72,26.59,16.91,18.79
2023-07-30,Pune,72,24.7,0.0,17.4
2023-07-31,Pune,72,22.2,8.98,9.47
2023-08-01,Pune,72,25.64,4.19,13.58
2023-08-02,Pune,72,20.86,0.0,14.34
2023-08-03,Pune,72,20.28,0.0,16.84
2023-08-04,Pune,72,22.64,0.0,15.45
2023-08-05,Pune,72,22.49,0.0,17.51
2023-08-06,Pune,72,23.01,2.86,18.75
2023-08-07,Pune,72,23.69,2.41,16.4
2023-08-08,Pune,72,22.52,3.62,14.69
2023-08-09,Pune,72,19.91,4.29,16.36
2023-08-10,Pune,72,21.91,8.37,13.47
2023-08-11,Pune,72,20.51,0.0,16.2
2023-08-12,Pune,72,17.89,0.0,13.32
2023-08-13,Pune,72,21.33,0.0,14.38
2023-08-14,Pune,72,22.61,8.78,12.74
2023-08-15,Pune,72,23.14,0.51,10.44
2023-08-16,Pune,72,22.2,0.0,12.65
2023-08-17,Pune,72,23.47,0.64,12.13
2023-08-18,Pune,72,21.59,2.37,12.74
2023-08-19,Pune,72,21.85,3.52,10.58
2023-08-20,Pune,72,22.29,0.0,17.36
2023-08-21,Pune,72,23.1,13.74,15.48
2023-08-22,Pune,72,22.29,3.03,15.18
2023-08-23,Pune,72,24.38,14.01,15.93
2023-08-24,Pune,72,27.35,0.0,14.51
2023-08-25,Pune,72,23.44,0.0,13.59
2023-08-26,Pune,72,25.74,0.0,14.34
2023-08-27,Pune,72,23.31,0.0,12.63
2023-08-28,Pune,72,24.65,1.06,17.49
2023-08-29,Pune,72,23.34,0.0,13.28
2023-08-30,Pune,72,21.77,0.0,14.51
2023-08-31,Pune,72,22.11,21.04,19.17
2023-09-01,Pune,72,24.73,0.0,12.57
2023-09-02,Pune,72,24.57,2.75,14.34
2023-09-03,Pune,72,24.75,1.93,11.48
2023-09-04,Pune,72,26.21,40.13,17.5
2023-09-05,Pune,72,26.44,22.63,16.72
2023-09-06,Pune,72,24.49,0.0,14.26
2023-09-07,Pune,72,23.21,0.0,9.38
2023-09-08,Pune,72,19.85,0.0,11.93
2023-09-09,Pune,72,19.18,0.0,9.94
2023-09-10,Pune,72,19.95,0.0,7.82
2023-09-11,Pune,72,22.56,0.0,12.39
2023-09-12,Pune,72,24.53,0.0,9.85
2023-09-13,Pune,72,22.54,0.0,9.48
2023-09-14,Pune,72,21.63,0.0,12.5
2023-09-15,Pune,72,24.37,10.7,8.8
2023-09-16,Pune,72,22.98,2.14,8.75
2023-09-17,Pune,72,25.46,8.99,12.36
2023-09-18,Pune,72,24.7,2.19,12.14
2023-09-19,Pune,72,26.29,0.0,14.58
2023-09-20,Pune,72,26.34,0.0,9.98
2023-09-21,Pune,72,26.49,0.0,7.21
2023-09-22,Pune,72,26.28,0.0,7.87
2023-09-23,Pune,72,23.64,0.0,10.67
2023-09-24,Pune,72,25.27,0.0,13.81
2023-09-25,Pune,72,24.77,0.0,15.75
2023-09-26,Pune,72,26.72,0.0,8.73
2023-09-27,Pune,72,24.62,0.0,9.67
2023-09-28,Pune,72,24.9,0.0,7.54
2023-09-29,Pune,72,25.08,8.12,9.2
2023-09-30,Pune,72,22.68,0.0,14.49
2023-10-01,Pune,72,26.78,0.0,12.69
2023-10-02,Pune,72,27.81,0.0,7.76
2023-10-03,Pune,72,25.89,0.0,10.49
2023-10-04,Pune,72,26.26,0.0,11.19
2023-10-05,Pune,72,28.36,0.0,13.39
2023-10-06,Pune,72,25.62,0.0,12.08
2023-10-07,Pune,72,26.31,0.0,10.77
2023-10-08,Pune,72,24.48,0.0,5.97
2023-10-09,Pune,72,26.85,0.0,10.94
2023-10-10,Pune,72,25.84,0.0,11.65
2023-10-11,Pune,72,23.89,5.72,10.61
2023-10-12,Pune,72,25.16,0.0,11.31
2023-10-13,Pune,72,27.88,0.0,8.82
2023-10-14,Pune,72,26.73,0.0,4.06
2023-10-15,Pune,72,27.54,0.0,10.15
2023-10-16,Pune,72,27.5,0.0,8.41
2023-10-17,Pune,72,26.64,9.9,13.32
2023-10-18,Pune,72,27.06,0.0,12.3
2023-10-19,Pune,72,24.08,0.0,11.2
2023-10-20,Pune,72,26.52,0.0,11.25
2023-10-21,Pune,72,27.46,0.0,8.55
2023-10-22,Pune,72,27.14,0.0,6.3
2023-10-23,Pune,72,29.6,0.0,7.67
2023-10-24,Pune,72,27.71,0.0,15.03
2023-10-25,Pune,72,27.33,0.0,8.67
2023-10-26,Pune,72,26.56,0.0,9.01
2023-10-27,Pune,72,26.55,6.12,8.21
2023-10-28,Pune,72,25.62,0.0,9.74
2023-10-29,Pune,72,28.77,0.0,10.64
2023-10-30,Pune,72,27.82,0.0,6.58
2023-10-31,Pune,72,28.24,0.0,7.71
2023-11-01,Pune,72,22.75,0.0,5.94
2023-11-02,Pune,72,21.8,0.0,5.54
2023-11-03,Pune,72,23.73,0.0,4.74
2023-11-04,Pune,72,24.93,0.0,4.24
2023-11-05,Pune,72,23.2,0.0,8.89
2023-11-06,Pune,72,24.41,0.0,13.92
2023-11-07,Pune,72,21.99,0.0,9.19
2023-11-08,Pune,72,23.19,0.0,11.69
2023-11-09,Pune,72,23.17,0.0,5.34
2023-11-10,Pune,72,23.68,0.0,6.06
2023-11-11,Pune,72,21.82,0.0,7.01
2023-11-12,Pune,72,21.59,0.0,2.43
2023-11-13,Pune,72,23.33,0.0,4.21
2023-11-14,Pune,72,20.61,0.0,4.1
2023-11-15,Pune,72,22.27,0.0,3.47
2023-11-16,Pune,72,20.19,0.0,5.72
2023-11-17,Pune,72,22.79,0.0,1.87
2023-11-18,Pune,72,20.93,31.08,7.37
2023-11-19,Pune,72,21.1,0.0,3.7
2023-11-20,Pune,72,25.69,0.0,6.99
2023-11-21,Pune,72,23.53,0.0,9.18
2023-11-22,Pune,72,23.75,0.0,11.6
2023-11-23,Pune,72,23.28,0.0,7.41
2023-11-24,Pune,72,21.59,0.0,7.21
2023-11-25,Pune,72,22.34,0.0,7.98
2023-11-26,Pune,72,23.72,0.0,8.9
2023-11-27,Pune,72,26.18,0.0,11.63
2023-11-28,Pune,72,25.71,0.0,11.23
2023-11-29,Pune,72,24.07,0.0,7.34
2023-11-30,Pune,72,22.3,0.0,4.18
2023-12-01,Pune,72,20.97,0.0,2.41
2023-12-02,Pune,72,18.53,0.0,2.91
2023-12-03,Pune,72,19.37,0.0,8.03
2023-12-04,Pune,72,21.34,0.0,5.7
2023-12-05,Pune,72,20.09,0.0,7.45
2023-12-06,Pune,72,20.6,0.0,8.46
2023-12-07,Pune,72,23.47,0.0,6.23
2023-12-08,Pune,72,22.22,0.0,6.87
2023-12-09,Pune,72,24.0,0.0,4.96
2023-12-10,Pune,72,24.03,0.0,7.42
2023-12-11,Pune,72,23.0,0.0,6.97
2023-12-12,Pune,72,21.92,0.0,7.74
2023-12-13,Pune,72,19.51,0.0,7.66
2023-12-14,Pune,72,19.83,0.0,4.51
2023-12-15,Pune,72,22.09,0.0,12.6
2023-12-16,Pune,72,20.89,0.0,5.21
2023-12-17,Pune,72,23.3,0.0,8.22
2023-12-18,Pune,72,20.78,0.0,5.05
2023-12-19,Pune,72,20.3,0.0,3.87
2023-12-20,Pune,72,19.83,0.0,5.15
2023-12-21,Pune,72,20.65,0.0,5.59
2023-12-22,Pune,72,20.84,0.0,3.22
2023-12-23,Pune,72,21.3,0.0,8.24
2023-12-24,Pune,72,19.52,0.0,5.07
2023-12-25,Pune,72,20.73,0.0,9.57
2023-12-26,Pune,72,19.43,0.0,7.62
2023-12-27,Pune,72,20.82,0.0,10.5
2023-12-28,Pune,72,20.77,0.0,4.02
2023-12-29,Pune,72,22.93,0.0,9.68
2023-12-30,Pune,72,23.23,0.0,7.7
2023-12-31,Pune,72,23.69,0.0,5.7
2024-01-01,Pune,72,21.7,0.0,6.1
2024-01-02,Pune,72,21.16,0.0,4.14
2024-01-03,Pune,72,18.01,0.0,8.08
2024-01-04,Pune,72,19.25,0.0,4.44
2024-01-05,Pune,72,18.39,0.0,5.62
2024-01-06,Pune,72,20.27,0.0,6.62
2024-01-07,Pune,72,20.46,0.0,5.49
2024-01-08,Pune,72,18.2,0.0,9.49
2024-01-09,Pune,72,20.18,0.0,9.42
2024-01-10,Pune,72,19.11,0.0,6.92
2024-01-11,Pune,72,20.97,0.0,8.53
2024-01-12,Pune,72,22.49,0.0,7.45
2024-01-13,Pune,72,23.32,0.0,8.86
2024-01-14,Pune,72,21.17,0.0,8.44
2024-01-15,Pune,72,19.82,0.0,5.6
2024-01-16,Pune,72,20.42,0.0,6.52
2024-01-17,Pune,72,20.52,0.0,4.69
2024-01-18,Pune,72,19.62,0.0,6.65
2024-01-19,Pune,72,19.53,0.0,6.2
2024-01-20,Pune,72,17.43,0.0,5.51
2024-01-21,Pune,72,20.27,0.0,9.64
2024-01-22,Pune,72,19.45,0.0,7.97
2024-01-23,Pune,72,22.56,0.0,7.82
2024-01-24,Pune,72,21.12,0.0,2.86
2024-01-25,Pune,72,22.94,0.0,2.37
2024-01-26,Pune,72,19.34,0.0,3.27
2024-01-27,Pune,72,22.93,0.0,4.67
2024-01-28,Pune,72,20.43,0.0,4.86
2024-01-29,Pune,72,17.95,0.0,4.43
2024-01-30,Pune,72,18.57,0.0,5.39
2024-01-31,Pune,72,20.2,0.0,5.87
2024-02-01,Pune,72,22.24,0.0,8.78
2024-02-02,Pune,72,24.34,0.0,7.15
2024-02-03,Pune,72,22.9,0.0,7.78
2024-02-04,Pune,72,21.83,0.0,6.98
2024-02-05,Pune,72,21.21,0.0,3.54
2024-02-06,Pune,72,21.13,0.0,8.97
2024-02-07,Pune,72,22.75,0.0,13.24
2024-02-08,Pune,72,23.32,0.0,7.64
2024-02-09,Pune,72,22.77,0.0,9.43
2024-02-10,Pune,72,24.03,0.0,10.88
2024-02-11,Pune,72,23.04,0.0,13.72
2024-02-12,Pune,72,21.91,0.0,10.12
2024-02-13,Pune,72,21.2,0.0,12.35
2024-02-14,Pune,72,23.49,0.0,11.13
2024-02-15,Pune,72,20.75,0.0,7.09
2024-02-16,Pune,72,24.14,0.0,8.83
2024-02-17,Pune,72,23.58,0.0,9.65
2024-02-18,Pune,72,26.75,0.0,10.38
2024-02-19,Pune,72,22.98,0.0,7.86
2024-02-20,Pune,72,23.93,0.0,10.18
2024-02-21,Pune,72,21.34,0.0,9.28
2024-02-22,Pune,72,26.71,0.0,11.63
2024-02-23,Pune,72,25.81,0.0,8.32
2024-02-24,Pune,72,24.98,0.0,13.58
2024-02-25,Pune,72,25.06,0.0,9.93
2024-02-26,Pune,72,24.18,0.0,8.69
2024-02-27,Pune,72,20.63,0.0,8.98
2024-02-28,Pune,72,20.96,0.0,12.79
2024-02-29,Pune,72,23.34,0.0,12.88
2024-03-01,Pune,72,26.27,0.0,9.32
2024-03-02,Pune,72,26.96,0.0,11.0
2024-03-03,Pune,72,27.85,0.0,10.84
2024-03-04,Pune,72,26.57,0.0,5.21
2024-03-05,Pune,72,26.18,0.0,6.75
2024-03-06,Pune,72,24.62,0.0,8.53
2024-03-07,Pune,72,26.08,0.0,10.3
2024-03-08,Pune,72,26.11,0.0,4.09
2024-03-09,Pune,72,23.73,0.0,13.11
2024-03-10,Pune,72,26.59,0.0,10.51
2024-03-11,Pune,72,25.83,0.0,8.23
2024-03-12,Pune,72,23.88,0.0,9.61
2024-03-13,Pune,72,26.36,0.0,7.62
2024-03-14,Pune,72,25.37,0.0,10.68
2024-03-15,Pune,72,23.8,0.0,9.04
2024-03-16,Pune,72,24.68,0.0,9.43
2024-03-17,Pune,72,24.32,0.0,6.62
2024-03-18,Pune,72,26.04,0.0,12.46
2024-03-19,Pune,72,26.03,0.0,10.57
2024-03-20,Pune,72,25.62,0.0,2.55
2024-03-21,Pune,72,27.98,0.0,5.5
2024-03-22,Pune,72,28.05,0.0,6.1
2024-03-23,Pune,72,27.3,2.16,5.88
2024-03-24,Pune,72,26.53,0.0,5.45
2024-03-25,Pune,72,26.32,0.0,8.77
2024-03-26,Pune,72,28.08,0.0,6.84
2024-03-27,Pune,72,26.61,0.0,11.01
2024-03-28,Pune,72,28.77,0.0,6.78
2024-03-29,Pune,72,27.61,0.0,9.05
2024-03-30,Pune,72,25.9,0.0,7.93
2024-03-31,Pune,72,26.62,0.0,12.69
2024-04-01,Pune,72,32.21,0.0,12.14
2024-04-02,Pune,72,31.42,0.0,10.21
2024-04-03,Pune,72,31.71,0.0,9.78
2024-04-04,Pune,72,31.08,0.0,9.4
2024-04-05,Pune,72,28.92,0.0,7.38
2024-04-06,Pune,72,30.1,0.0,9.17
2024-04-07,Pune,72,29.84,0.0,8.2
2024-04-08,Pune,72,28.14,0.0,11.99
2024-04-09,Pune,72,28.72,0.0,10.36
2024-04-10,Pune,72,30.84,0.0,9.9
2024-04-11,Pune,72,28.0,0.0,7.06
2024-04-12,Pune,72,27.54,0.0,4.97
2024-04-13,Pune,72,27.13,0.0,10.29
2024-04-14,Pune,72,27.23,0.0,10.91
2024-04-15,Pune,72,28.63,0.0,13.03
2024-04-16,Pune,72,28.15,0.0,9.21
2024-04-17,Pune,72,28.79,0.0,14.21
2024-04-18,Pune,72,28.78,0.0,12.35
2024-04-19,Pune,72,28.93,0.0,11.92
2024-04-20,Pune,72,30.86,0.0,7.04
2024-04-21,Pune,72,30.74,0.0,6.55
2024-04-22,Pune,72,28.4,0.0,9.14
2024-04-23,Pune,72,28.06,0.0,13.37
2024-04-24,Pune,72,31.26,0.0,11.18
2024-04-25,Pune,72,29.03,0.0,12.88
2024-04-26,Pune,72,30.68,0.0,10.51
2024-04-27,Pune,72,29.63,0.0,8.53
2024-04-28,Pune,72,30.51,0.0,9.81
2024-04-29,Pune,72,31.31,0.0,12.06
2024-04-30,Pune,72,31.94,0.0,12.12
2024-05-01,Pune,72,32.88,4.25,9.53
2024-05-02,Pune,72,30.47,0.0,14.24
2024-05-03,Pune,72,29.62,0.0,13.63
2024-05-04,Pune,72,29.38,0.0,12.31
2024-05-05,Pune,72,29.77,0.0,15.23
2024-05-06,Pune,72,30.28,0.0,15.3
2024-05-07,Pune,72,30.8,0.0,15.84
2024-05-08,Pune,72,28.91,0.0,14.12
2024-05-09,Pune,72,29.6,0.0,12.1
2024-05-10,Pune,72,30.89,0.0,18.14
2024-05-11,Pune,72,27.96,0.0,12.76
2024-05-12,Pune,72,29.26,1.3,16.85
2024-05-13,Pune,72,28.32,21.5,15.67
2024-05-14,Pune,72,30.51,0.0,10.14
2024-05-15,Pune,72,29.54,0.0,4.6
2024-05-16,Pune,72,30.38,0.0,11.74
2024-05-17,Pune,72,31.92,0.0,8.04
2024-05-18,Pune,72,28.21,0.0,12.31
2024-05-19,Pune,72,29.69,0.0,9.46
2024-05-20,Pune,72,32.73,0.0,11.62
2024-05-21,Pune,72,30.63,0.0,10.41
2024-05-22,Pune,72,30.05,0.0,11.74
2024-05-23,Pune,72,28.74,0.0,16.9
2024-05-24,Pune,72,29.38,0.0,17.47
2024-05-25,Pune,72,30.04,0.0,14.27
2024-05-26,Pune,72,30.6,0.0,16.27
2024-05-27,Pune,72,30.58,0.0,10.89
2024-05-28,Pune,72,30.75,0.0,13.19
2024-05-29,Pune,72,31.0,0.0,13.72
2024-05-30,Pune,72,30.17,0.0,11.6
2024-05-31,Pune,72,32.21,0.0,11.1
2024-06-01,Pune,72,28.15,2.41,16.5
2024-06-02,Pune,72,29.19,3.22,15.11
2024-06-03,Pune,72,27.18,26.38,20.57
2024-06-04,Pune,72,28.88,14.97,16.97
2024-06-05,Pune,72,25.88,18.22,15.12
2024-06-06,Pune,72,27.13,5.86,18.33
2024-06-07,Pune,72,25.21,2.32,13.52
2024-06-08,Pune,72,23.63,0.0,10.19
2024-06-09,Pune,72,25.49,1.54,18.61
2024-06-10,Pune,72,26.62,13.67,15.73
2024-06-11,Pune,72,27.66,0.0,11.38
2024-06-12,Pune,72,25.85,0.0,12.75
2024-06-13,Pune,72,26.76,0.0,12.02
2024-06-14,Pune,72,24.68,0.0,16.56
2024-06-15,Pune,72,24.88,0.0,13.04
2024-06-16,Pune,72,24.88,4.53,16.5
2024-06-17,Pune,72,27.32,0.0,19.93
2024-06-18,Pune,72,26.3,0.0,15.41
2024-06-19,Pune,72,25.13,0.0,15.31
2024-06-20,Pune,72,24.12,3.78,17.9
2024-06-21,Pune,72,24.51,0.0,13.45
2024-06-22,Pune,72,24.59,0.0,15.19
2024-06-23,Pune,72,26.11,0.0,11.8
2024-06-24,Pune,72,22.21,0.0,16.89
2024-06-25,Pune,72,23.45,0.0,15.63
2024-06-26,Pune,72,24.16,0.0,14.83
2024-06-27,Pune,72,24.72,0.0,12.44
2024-06-28,Pune,72,25.85,0.0,13.77
2024-06-29,Pune,72,24.57,0.0,12.45
2024-06-30,Pune,72,25.75,0.0,18.16
2024-07-01,Pune,72,22.95,0.0,19.02
2024-07-02,Pune,72,22.02,0.0,17.35
2024-07-03,Pune,72,22.89,0.0,17.26
2024-07-04,Pune,72,21.31,0.0,16.48
2024-07-05,Pune,72,22.11,10.92,16.14
2024-07-06,Pune,72,24.97,10.73,15.59
2024-07-07,Pune,72,24.83,2.14,16.94
2024-07-08,Pune,72,22.94,1.17,15.7
2024-07-09,Pune,72,24.3,0.0,16.03
2024-07-10,Pune,72,24.35,0.0,16.11
2024-07-11,Pune,72,23.32,0.0,14.83
2024-07-12,Pune,72,24.67,0.0,17.73
2024-07-13,Pune,72,25.36,0.0,14.58
2024-07-14,Pune,72,25.17,0.0,14.69
2024-07-15,Pune,72,24.37,0.0,15.1
2024-07-16,Pune,72,24.07,20.2,18.99
2024-07-17,Pune,72,25.32,0.0,18.89
2024-07-18,Pune,72,24.25,0.0,19.36
2024-07-19,Pune,72,25.74,3.9,21.55
2024-07-20,Pune,72,24.0,7.42,19.63
2024-07-21,Pune,72,23.56,11.23,21.41
2024-07-22,Pune,72,26.47,4.85,14.87
2024-07-23,Pune,72,26.08,1.17,17.27
2024-07-24,Pune,72,24.37,7.46,21.46
2024-07-25,Pune,72,22.83,0.0,14.78
2024-07-26,Pune,72,25.77,0.0,13.64
2024-07-27,Pune,72,25.84,0.0,12.58
2024-07-28,Pune,72,22.08,0.0,17.5
2024-07-29,Pune,72,22.22,26.72,21.21
2024-07-30,Pune,72,22.09,0.0,15.82
2024-07-31,Pune,72,22.3,0.0,19.06
2024-08-01,Pune,72,20.62,0.0,18.16
2024-08-02,Pune,72,21.59,6.17,14.58
2024-08-03,Pune,72,23.16,1.83,14.0
2024-08-04,Pune,72,23.17,3.41,11.29
2024-08-05,Pune,72,25.27,15.83,19.71
2024-08-06,Pune,72,26.87,6.38,9.81
2024-08-07,Pune,72,26.48,2.14,9.79
2024-08-08,Pune,72,25.12,14.19,12.13
2024-08-09,Pune,72,22.67,8.44,13.64
2024-08-10,Pune,72,22.77,0.26,14.2
2024-08-11,Pune,72,23.72,35.96,18.73
2024-08-12,Pune,72,25.17,11.3,10.5
2024-08-13,Pune,72,23.14,5.89,12.06
2024-08-14,Pune,72,25.12,3.97,8.66
2024-08-15,Pune,72,23.3,3.47,11.85
2024-08-16,Pune,72,24.22,0.0,13.51
2024-08-17,Pune,72,24.3,0.0,12.58
2024-08-18,Pune,72,22.51,0.0,19.11
2024-08-19,Pune,72,26.92,0.0,20.17
2024-08-20,Pune,72,25.41,0.0,17.14
2024-08-21,Pune,72,24.18,0.0,13.0
2024-08-22,Pune,72,23.91,0.0,16.78
2024-08-23,Pune,72,22.88,0.0,19.15
2024-08-24,Pune,72,20.91,0.0,16.43
2024-08-25,Pune,72,23.04,0.26,14.06
2024-08-26,Pune,72,23.43,0.0,17.09
2024-08-27,Pune,72,23.74,0.0,15.84
2024-08-28,Pune,72,22.3,0.0,18.37
2024-08-29,Pune,72,21.34,6.81,18.08
2024-08-30,Pune,72,22.41,1.68,12.59
2024-08-31,Pune,72,21.36,1.32,11.06
2024-09-01,Pune,72,20.99,5.18,13.69
2024-09-02,Pune,72,21.86,11.9,12.88
2024-09-03,Pune,72,22.9,0.0,11.5
2024-09-04,Pune,72,25.16,5.27,11.9
2024-09-05,Pune,72,24.34,11.18,12.82
2024-09-06,Pune,72,23.59,0.0,8.88
2024-09-07,Pune,72,26.58,13.36,9.89
2024-09-08,Pune,72,23.45,4.84,8.03
2024-09-09,Pune,72,21.24,12.08,12.7
2024-09-10,Pune,72,21.81,5.49,10.58
2024-09-11,Pune,72,24.28,11.08,10.57
2024-09-12,Pune,72,27.14,14.41,13.3
2024-09-13,Pune,72,28.37,5.59,15.45
2024-09-14,Pune,72,27.83,4.22,9.34
2024-09-15,Pune,72,26.99,5.24,9.13
2024-09-16,Pune,72,28.21,1.25,9.36
2024-09-17,Pune,72,26.79,7.11,7.63
2024-09-18,Pune,72,25.44,7.75,11.97
2024-09-19,Pune,72,26.77,12.55,11.42
2024-09-20,Pune,72,29.28,10.42,10.92
2024-09-21,Pune,72,26.77,9.86,7.48
2024-09-22,Pune,72,26.14,0.0,11.87
2024-09-23,Pune,72,25.75,0.0,13.0
2024-09-24,Pune,72,28.87,0.0,6.71
2024-09-25,Pune,72,27.48,0.0,6.96
2024-09-26,Pune,72,28.77,0.0,9.65
2024-09-27,Pune,72,25.88,0.0,11.45
2024-09-28,Pune,72,25.67,0.0,10.08
2024-09-29,Pune,72,26.36,0.0,11.49
2024-09-30,Pune,72,25.84,0.0,12.76
2024-10-01,Pune,72,28.99,0.0,7.24
2024-10-02,Pune,72,25.78,0.0,4.64
2024-10-03,Pune,72,24.81,2.38,3.17
2024-10-04,Pune,72,25.98,0.0,5.81
2024-10-05,Pune,72,25.64,0.0,7.98
2024-10-06,Pune,72,25.03,11.19,9.56
2024-10-07,Pune,72,24.94,0.0,9.04
2024-10-08,Pune,72,27.46,0.0,11.05
2024-10-09,Pune,72,25.85,0.0,8.32
2024-10-10,Pune,72,25.1,0.0,9.34
2024-10-11,Pune,72,25.06,3.14,7.18
2024-10-12,Pune,72,27.24,0.0,7.47
2024-10-13,Pune,72,28.88,0.0,9.74
2024-10-14,Pune,72,25.12,0.0,2.78
2024-10-15,Pune,72,24.9,0.0,5.29
2024-10-16,Pune,72,25.38,0.0,10.85
2024-10-17,Pune,72,23.57,0.0,5.98
2024-10-18,Pune,72,26.0,0.0,9.24
2024-10-19,Pune,72,26.49,0.0,10.15
2024-10-20,Pune,72,24.71,0.0,6.68
2024-10-21,Pune,72,24.55,0.0,6.98
2024-10-22,Pune,72,25.31,9.33,12.7
2024-10-23,Pune,72,26.91,18.48,14.23
2024-10-24,Pune,72,24.35,0.0,8.96
2024-10-25,Pune,72,25.12,0.0,9.58
2024-10-26,Pune,72,27.22,0.0,14.11
2024-10-27,Pune,72,26.55,0.0,7.91
2024-10-28,Pune,72,30.73,0.0,10.34
2024-10-29,Pune,72,30.91,50.52,18.19
2024-10-30,Pune,72,27.67,2.91,9.11
2024-10-31,Pune,72,30.92,4.64,10.67
2024-11-01,Pune,72,25.43,0.0,9.21
2024-11-02,Pune,72,24.47,0.0,8.62
2024-11-03,Pune,72,23.69,19.5,11.31
2024-11-04,Pune,72,23.11,0.0,5.91
2024-11-05,Pune,72,21.42,0.0,4.58
2024-11-06,Pune,72,23.22,0.0,3.31
2024-11-07,Pune,72,18.84,0.0,5.45
2024-11-08,Pune,72,21.25,0.0,6.27
2024-11-09,Pune,72,22.28,0.0,8.07
2024-11-10,Pune,72,21.63,0.0,7.73
2024-11-11,Pune,72,22.16,0.0,6.99
2024-11-12,Pune,72,21.16,0.0,6.16
2024-11-13,Pune,72,22.03,0.0,6.69
2024-11-14,Pune,72,22.06,0.0,6.42
2024-11-15,Pune,72,20.61,0.0,8.93
2024-11-16,Pune,72,22.3,0.0,5.11
2024-11-17,Pune,72,21.85,0.0,6.94
2024-11-18,Pune,72,22.15,0.0,5.52
2024-11-19,Pune,72,22.26,0.0,6.13
2024-11-20,Pune,72,22.43,0.0,9.16
2024-11-21,Pune,72,22.68,0.0,8.08
2024-11-22,Pune,72,21.0,0.0,5.67
2024-11-23,Pune,72,24.0,0.0,6.91
2024-11-24,Pune,72,22.04,0.0,3.07
2024-11-25,Pune,72,20.52,0.0,1.77
2024-11-26,Pune,72,19.74,0.0,7.51
2024-11-27,Pune,72,24.57,0.0,5.39
2024-11-28,Pune,72,25.45,0.0,11.3
2024-11-29,Pune,72,25.81,0.0,8.82
2024-11-30,Pune,72,24.2,0.0,7.89
2024-12-01,Pune,72,25.95,0.0,8.41
2024-12-02,Pune,72,23.1,0.0,7.44
2024-12-03,Pune,72,22.86,0.0,7.88
2024-12-04,Pune,72,23.28,0.0,8.19
2024-12-05,Pune,72,23.4,0.0,8.79
2024-12-06,Pune,72,24.77,0.0,7.89
2024-12-07,Pune,72,21.7,0.0,8.37
2024-12-08,Pune,72,24.82,0.0,12.32
2024-12-09,Pune,72,24.95,0.0,7.49
2024-12-10,Pune,72,24.74,0.0,6.98
2024-12-11,Pune,72,23.94,0.0,9.36
2024-12-12,Pune,72,21.62,0.0,4.47
2024-12-13,Pune,72,20.28,0.0,7.32
2024-12-14,Pune,72,21.33,0.0,5.19
2024-12-15,Pune,72,22.79,0.0,5.81
2024-12-16,Pune,72,23.16,0.0,4.32
2024-12-17,Pune,72,20.26,0.0,7.14
2024-12-18,Pune,72,18.66,0.0,7.79
2024-12-19,Pune,72,20.02,0.0,10.65
2024-12-20,Pune,72,21.38,0.0,11.36
2024-12-21,Pune,72,19.3,0.0,12.54
2024-12-22,Pune,72,19.33,0.0,12.35
2024-12-23,Pune,72,19.16,0.0,10.01
2024-12-24,Pune,72,17.51,0.0,6.04
2024-12-25,Pune,72,18.72,0.0,2.52
2024-12-26,Pune,72,20.39,0.0,4.73
2024-12-27,Pune,72,22.01,0.0,8.69
2024-12-28,Pune,72,24.54,0.0,11.44
2024-12-29,Pune,72,22.21,0.0,5.28
2024-12-30,Pune,72,21.31,0.0,8.12
2024-12-31,Pune,72,21.34,0.0,7.95
2025-01-01,Pune,72,19.35,0.0,8.78
2025-01-02,Pune,72,19.29,0.0,8.75
2025-01-03,Pune,72,17.19,0.0,7.82
2025-01-04,Pune,72,18.75,0.0,6.51
2025-01-05,Pune,72,20.49,0.0,7.46
2025-01-06,Pune,72,18.76,3.66,7.12
2025-01-07,Pune,72,19.28,0.0,6.17
2025-01-08,Pune,72,19.99,0.0,4.49
2025-01-09,Pune,72,22.0,10.33,11.51
2025-01-10,Pune,72,19.04,0.0,9.0
2025-01-11,Pune,72,19.06,0.0,12.97
2025-01-12,Pune,72,20.11,0.0,8.37
2025-01-13,Pune,72,17.97,0.0,11.12
2025-01-14,Pune,72,16.61,0.0,6.21
2025-01-15,Pune,72,21.37,0.0,6.32
2025-01-16,Pune,72,23.61,0.0,7.37
2025-01-17,Pune,72,23.36,0.0,10.07
2025-01-18,Pune,72,24.5,0.0,10.27
2025-01-19,Pune,72,22.84,0.0,11.86
2025-01-20,Pune,72,22.21,0.0,6.66
2025-01-21,Pune,72,23.5,0.0,7.8
2025-01-22,Pune,72,24.37,0.0,7.28
2025-01-23,Pune,72,23.32,0.0,5.63
2025-01-24,Pune,72,20.67,0.0,10.52
2025-01-25,Pune,72,19.85,0.0,9.86
2025-01-26,Pune,72,20.98,0.0,7.48
2025-01-27,Pune,72,20.01,0.0,3.19
2025-01-28,Pune,72,18.46,0.0,6.11
2025-01-29,Pune,72,21.84,0.0,5.57
2025-01-30,Pune,72,23.26,0.0,8.99
2025-01-31,Pune,72,21.73,0.0,9.86
2025-02-01,Pune,72,24.9,0.0,7.2
2025-02-02,Pune,72,24.48,0.0,8.41
2025-02-03,Pune,72,23.82,0.0,7.33
2025-02-04,Pune,72,22.22,0.0,9.91
2025-02-05,Pune,72,23.32,0.0,9.39
2025-02-06,Pune,72,23.04,0.0,13.6
2025-02-07,Pune,72,22.08,0.0,11.38
2025-02-08,Pune,72,24.95,0.0,7.88
2025-02-09,Pune,72,22.77,0.14,10.44
2025-02-10,Pune,72,23.41,0.0,10.66
2025-02-11,Pune,72,23.17,0.0,6.12
2025-02-12,Pune,72,24.83,0.0,4.51
2025-02-13,Pune,72,22.45,0.0,8.94
2025-02-14,Pune,72,21.24,0.0,9.95
2025-02-15,Pune,72,21.31,0.0,10.27
2025-02-16,Pune,72,23.52,0.0,10.45
2025-02-17,Pune,72,23.14,0.0,10.36
2025-02-18,Pune,72,24.78,0.0,13.23
2025-02-19,Pune,72,20.39,0.0,12.01
2025-02-20,Pune,72,22.51,0.0,10.43
2025-02-21,Pune,72,24.03,0.0,9.19
2025-02-22,Pune,72,21.54,0.0,11.19
2025-02-23,Pune,72,22.11,0.0,8.8
2025-02-24,Pune,72,22.9,0.0,8.72
2025-02-25,Pune,72,18.89,0.0,9.38
2025-02-26,Pune,72,21.21,0.0,7.37
2025-02-27,Pune,72,19.26,0.0,7.11
2025-02-28,Pune,72,18.99,0.0,8.86
2025-03-01,Pune,72,22.98,0.0,12.78
2025-03-02,Pune,72,26.88,0.0,10.3
2025-03-03,Pune,72,26.14,0.0,12.73
2025-03-04,Pune,72,26.25,0.0,10.65
2025-03-05,Pune,72,26.28,0.0,13.86
2025-03-06,Pune,72,23.98,0.0,11.0
2025-03-07,Pune,72,25.01,0.0,13.4
2025-03-08,Pune,72,23.79,0.0,11.48
2025-03-09,Pune,72,24.85,0.0,6.79
2025-03-10,Pune,72,23.91,0.0,9.67
2025-03-11,Pune,72,22.62,0.0,9.29
2025-03-12,Pune,72,25.17,0.0,12.07
2025-03-13,Pune,72,24.43,0.0,9.14
2025-03-14,Pune,72,26.69,0.0,12.03
2025-03-15,Pune,72,26.67,0.0,8.15
2025-03-16,Pune,72,27.77,0.0,8.68
2025-03-17,Pune,72,27.46,0.0,8.83
2025-03-18,Pune,72,29.05,0.0,5.16
2025-03-19,Pune,72,28.96,0.0,7.47
2025-03-20,Pune,72,29.38,0.0,9.07
2025-03-21,Pune,72,29.02,0.0,12.4
2025-03-22,Pune,72,26.94,0.0,10.75
2025-03-23,Pune,72,25.73,0.0,13.44
2025-03-24,Pune,72,24.83,0.0,9.08
2025-03-25,Pune,72,26.8,0.0,8.22
2025-03-26,Pune,72,26.18,0.0,9.98
2025-03-27,Pune,72,26.7,0.0,5.82
2025-03-28,Pune,72,26.09,0.0,11.3
2025-03-29,Pune,72,25.55,0.0,9.01
2025-03-30,Pune,72,24.72,0.0,10.47
2025-03-31,Pune,72,25.5,0.0,14.29
2025-04-01,Pune,72,28.91,0.0,16.46
2025-04-02,Pune,72,27.8,0.0,12.48
2025-04-03,Pune,72,29.44,0.0,14.14
2025-04-04,Pune,72,29.76,0.0,14.43
2025-04-05,Pune,72,30.17,0.0,13.49
2025-04-06,Pune,72,30.52,0.0,14.76
2025-04-07,Pune,72,29.46,0.0,11.79
2025-04-08,Pune,72,32.03,0.0,14.71
2025-04-09,Pune,72,35.48,0.0,13.55
2025-04-10,Pune,72,31.26,0.0,11.83
2025-04-11,Pune,72,30.56,0.0,9.78
2025-04-12,Pune,72,30.91,0.0,7.97
2025-04-13,Pune,72,34.15,0.0,9.4
2025-04-14,Pune,72,30.45,0.0,12.38
2025-04-15,Pune,72,29.69,0.0,9.59
2025-04-16,Pune,72,31.17,0.0,16.14
2025-04-17,Pune,72,29.07,0.0,18.02
2025-04-18,Pune,72,27.12,0.0,12.25
2025-04-19,Pune,72,27.8,0.0,13.14
2025-04-20,Pune,72,28.13,0.0,12.51
2025-04-21,Pune,72,24.83,0.0,13.09
2025-04-22,Pune,72,25.78,0.0,15.74
2025-04-23,Pune,72,28.92,0.0,12.59
2025-04-24,Pune,72,28.82,0.0,13.5
2025-04-25,Pune,72,28.39,0.0,16.56
2025-04-26,Pune,72,26.77,0.0,12.48
2025-04-27,Pune,72,28.75,0.0,13.65
2025-04-28,Pune,72,30.1,0.0,17.64
2025-04-29,Pune,72,29.36,0.0,14.62
2025-04-30,Pune,72,29.41,0.0,14.88
2025-05-01,Pune,72,31.5,0.0,17.93
2025-05-02,Pune,72,31.88,0.0,16.89
2025-05-03,Pune,72,29.95,0.0,15.66
2025-05-04,Pune,72,29.28,0.0,13.76
2025-05-05,Pune,72,32.26,0.0,15.75
2025-05-06,Pune,72,33.09,8.8,11.02
2025-05-07,Pune,72,34.27,0.0,8.32
2025-05-08,Pune,72,32.73,0.0,12.51
2025-05-09,Pune,72,33.04,0.0,7.39
2025-05-10,Pune,72,31.95,0.0,11.53
2025-05-11,Pune,72,30.93,0.0,11.25
2025-05-12,Pune,72,34.87,0.0,13.45
2025-05-13,Pune,72,34.92,0.0,13.49
2025-05-14,Pune,72,35.13,0.0,13.57
2025-05-15,Pune,72,33.34,0.0,11.52
2025-05-16,Pune,72,33.88,0.0,12.17
2025-05-17,Pune,72,35.4,0.0,8.97
2025-05-18,Pune,72,31.46,0.0,11.33
2025-05-19,Pune,72,30.35,0.0,13.55
2025-05-20,Pune,72,30.67,0.0,13.29
2025-05-21,Pune,72,31.28,0.0,16.16
2025-05-22,Pune,72,30.48,0.0,10.32
2025-05-23,Pune,72,33.84,0.0,12.9
2025-05-24,Pune,72,33.95,0.0,11.37
2025-05-25,Pune,72,34.2,0.0,9.83
2025-05-26,Pune,72,32.7,0.0,8.84
2025-05-27,Pune,72,32.04,0.0,12.61
2025-05-28,Pune,72,36.09,0.0,12.66
2025-05-29,Pune,72,34.59,0.0,16.36
2025-05-30,Pune,72,32.94,0.0,12.12
2025-05-31,Pune,72,34.25,0.0,13.83
2025-06-01,Pune,72,30.94,1.72,9.89
2025-06-02,Pune,72,28.04,0.81,12.18
2025-06-03,Pune,72,26.62,8.72,18.79
2025-06-04,Pune,72,27.3,0.0,13.91
2025-06-05,Pune,72,28.67,0.0,15.81
2025-06-06,Pune,72,25.59,0.0,15.41
2025-06-07,Pune,72,28.91,0.0,13.6
2025-06-08,Pune,72,28.33,0.0,16.68
2025-06-09,Pune,72,27.29,0.0,16.5
2025-06-10,Pune,72,28.14,0.0,14.83
2025-06-11,Pune,72,25.73,0.0,15.69
2025-06-12,Pune,72,25.11,0.0,13.33
2025-06-13,Pune,72,27.88,0.0,9.21
2025-06-14,Pune,72,26.66,1.61,14.47
2025-06-15,Pune,72,25.27,0.0,17.05
2025-06-16,Pune,72,25.78,0.0,14.95
2025-06-17,Pune,72,24.98,0.0,14.02
2025-06-18,Pune,72,27.39,0.0,12.51
2025-06-19,Pune,72,25.06,0.0,17.27
2025-06-20,Pune,72,29.51,0.0,15.8
2025-06-21,Pune,72,28.94,36.73,19.61
2025-06-22,Pune,72,31.66,24.23,21.97
2025-06-23,Pune,72,30.13,5.89,20.48
2025-06-24,Pune,72,29.74,0.0,17.76
2025-06-25,Pune,72,30.08,0.0,13.42
2025-06-26,Pune,72,28.09,0.0,13.44
2025-06-27,Pune,72,30.04,0.0,13.88
2025-06-28,Pune,72,26.81,0.0,14.99
2025-06-29,Pune,72,26.84,0.0,17.68
2025-06-30,Pune,72,28.35,0.0,13.06
2025-07-01,Pune,72,26.48,0.0,16.51
2025-07-02,Pune,72,25.92,0.0,16.86
2025-07-03,Pune,72,26.34,0.75,19.72
2025-07-04,Pune,72,25.76,30.97,23.0
2025-07-05,Pune,72,26.84,6.93,17.63
2025-07-06,Pune,72,27.7,11.03,20.03
2025-07-07,Pune,72,26.56,0.0,19.2
2025-07-08,Pune,72,25.88,0.0,13.78
2025-07-09,Pune,72,21.93,0.0,11.21
2025-07-10,Pune,72,25.23,0.0,13.1
2025-07-11,Pune,72,26.15,36.63,22.82
2025-07-12,Pune,72,24.5,10.53,21.12
2025-07-13,Pune,72,25.99,16.64,19.63
2025-07-14,Pune,72,26.73,3.19,15.17
2025-07-15,Pune,72,25.38,3.74,17.52
2025-07-16,Pune,72,24.72,1.84,15.25
2025-07-17,Pune,72,26.7,19.24,22.48
2025-07-18,Pune,72,25.36,13.94,16.28
2025-07-19,Pune,72,23.88,12.86,19.17
2025-07-20,Pune,72,25.78,17.6,20.93
2025-07-21,Pune,72,24.65,0.54,11.21
2025-07-22,Pune,72,22.0,8.71,14.54
2025-07-23,Pune,72,25.94,0.0,14.94
2025-07-24,Pune,72,25.99,0.0,13.15
2025-07-25,Pune,72,25.24,0.0,16.03
2025-07-26,Pune,72,23.11,0.0,17.55
2025-07-27,Pune,72,23.85,0.0,12.52
2025-07-28,Pune,72,26.88,2.92,15.09
2025-07-29,Pune,72,24.57,6.93,18.24
2025-07-30,Pune,72,25.81,1.73,16.02
2025-07-31,Pune,72,26.03,46.52,19.73
2025-08-01,Pune,72,24.5,2.77,12.73
2025-08-02,Pune,72,24.23,24.33,19.4
2025-08-03,Pune,72,25.06,1.57,13.99
2025-08-04,Pune,72,22.91,0.0,18.36
2025-08-05,Pune,72,25.4,0.0,13.93
2025-08-06,Pune,72,24.22,0.0,13.26
2025-08-07,Pune,72,23.1,0.0,15.38
2025-08-08,Pune,72,22.26,0.0,14.21
2025-08-09,Pune,72,22.7,0.0,13.42
2025-08-10,Pune,72,23.95,0.0,18.09
2025-08-11,Pune,72,23.77,0.0,12.0
2025-08-12,Pune,72,26.61,0.0,12.08
2025-08-13,Pune,72,27.21,0.0,12.15
2025-08-14,Pune,72,25.42,0.0,13.23
2025-08-15,Pune,72,28.79,0.0,14.41
2025-08-16,Pune,72,26.32,0.0,13.47
2025-08-17,Pune,72,27.31,0.0,19.17
2025-08-18,Pune,72,25.01,0.0,14.02
2025-08-19,Pune,72,29.16,0.0,13.02
2025-08-20,Pune,72,28.37,13.69,16.99
2025-08-21,Pune,72,26.87,15.99,15.32
2025-08-22,Pune,72,23.31,7.34,12.28
2025-08-23,Pune,72,25.74,0.92,14.74
2025-08-24,Pune,72,25.17,0.0,13.28
2025-08-25,Pune,72,27.26,0.48,14.33
2025-08-26,Pune,72,25.07,5.42,10.34
2025-08-27,Pune,72,24.47,7.66,15.1
2025-08-28,Pune,72,24.82,0.0,14.29
2025-08-29,Pune,72,24.68,0.0,10.35
2025-08-30,Pune,72,26.61,0.0,12.72
2025-08-31,Pune,72,23.4,0.0,14.62
2025-09-01,Pune,72,25.1,0.0,9.39
2025-09-02,Pune,72,24.81,7.89,15.3
2025-09-03,Pune,72,26.66,7.33,13.73
2025-09-04,Pune,72,23.99,2.28,11.98
2025-09-05,Pune,72,24.84,10.55,20.35
2025-09-06,Pune,72,26.69,0.0,13.18
2025-09-07,Pune,72,23.14,0.0,7.67
2025-09-08,Pune,72,22.51,0.0,13.28
2025-09-09,Pune,72,22.16,0.0,10.37
2025-09-10,Pune,72,22.77,0.0,10.66
2025-09-11,Pune,72,23.23,0.0,10.45
2025-09-12,Pune,72,25.1,0.0,16.48
2025-09-13,Pune,72,26.41,5.89,8.42
2025-09-14,Pune,72,26.95,7.22,10.51
2025-09-15,Pune,72,25.14,0.0,13.25
2025-09-16,Pune,72,24.01,0.0,12.14
2025-09-17,Pune,72,25.04,0.0,11.02
2025-09-18,Pune,72,27.11,17.61,13.36
2025-09-19,Pune,72,25.37,0.0,10.24
2025-09-20,Pune,72,24.78,0.0,13.04
2025-09-21,Pune,72,25.87,0.0,13.52
2025-09-22,Pune,72,25.0,0.0,11.08
2025-09-23,Pune,72,23.86,0.0,14.76
2025-09-24,Pune,72,25.73,0.0,10.98
2025-09-25,Pune,72,26.26,0.0,11.64
2025-09-26,Pune,72,25.75,0.0,10.66
2025-09-27,Pune,72,25.07,2.6,12.67
2025-09-28,Pune,72,25.05,40.61,17.56
2025-09-29,Pune,72,26.81,8.96,10.32
2025-09-30,Pune,72,23.74,24.63,14.41
2023-01-01,Pune,120,21.86,0.0,9.49
2023-01-02,Pune,120,20.04,0.0,8.5
2023-01-03,Pune,120,21.41,0.0,9.23
2023-01-04,Pune,120,21.24,0.0,8.67
2023-01-05,Pune,120,19.2,0.0,8.65
2023-01-06,Pune,120,20.23,0.0,5.07
2023-01-07,Pune,120,17.21,0.0,8.24
2023-01-08,Pune,120,20.95,0.0,13.63
2023-01-09,Pune,120,20.75,0.0,10.14
2023-01-10,Pune,120,20.11,0.0,7.32
2023-01-11,Pune,120,19.77,0.0,11.04
2023-01-12,Pune,120,20.32,0.0,7.65
2023-01-13,Pune,120,20.34,0.0,7.95
2023-01-14,Pune,120,21.43,0.0,7.14
2023-01-15,Pune,120,19.36,0.0,12.05
2023-01-16,Pune,120,19.9,0.0,7.62
2023-01-17,Pune,120,21.37,1.26,12.7
2023-01-18,Pune,120,19.37,0.0,10.79
2023-01-19,Pune,120,18.48,0.0,8.25
2023-01-20,Pune,120,18.62,0.0,10.04
2023-01-21,Pune,120,19.35,0.0,5.97
2023-01-22,Pune,120,15.29,0.0,13.16
2023-01-23,Pune,120,17.97,0.0,6.41
2023-01-24,Pune,120,15.7,0.0,9.28
2023-01-25,Pune,120,17.6,0.0,9.74
2023-01-26,Pune,120,17.55,0.0,6.16
2023-01-27,Pune,120,18.45,0.0,10.76
2023-01-28,Pune,120,15.91,0.0,9.55
2023-01-29,Pune,120,17.1,0.0,5.72
2023-01-30,Pune,120,17.69,0.0,8.09
2023-01-31,Pune,120,21.44,0.0,6.96
2023-02-01,Pune,120,18.69,0.0,6.66
2023-02-02,Pune,120,20.7,0.0,6.23
2023-02-03,Pune,120,20.59,0.0,7.37
2023-02-04,Pune,120,17.49,0.0,3.92
2023-02-05,Pune,120,19.54,0.0,7.19
2023-02-06,Pune,120,22.01,0.0,10.89
2023-02-07,Pune,120,20.05,0.0,9.9
2023-02-08,Pune,120,22.4,0.0,11.57
2023-02-09,Pune,120,19.05,0.0,4.41
2023-02-10,Pune,120,20.95,0.0,5.39
2023-02-11,Pune,120,22.21,0.0,5.54
2023-02-12,Pune,120,23.99,0.0,10.16
2023-02-13,Pune,120,23.76,0.0,12.91
2023-02-14,Pune,120,21.11,0.0,5.39
2023-02-15,Pune,120,25.3,0.0,6.74
2023-02-16,Pune,120,21.72,0.0,11.11
2023-02-17,Pune,120,22.7,0.0,6.73
2023-02-18,Pune,120,22.82,0.0,13.51
2023-02-19,Pune,120,22.05,0.0,4.99
2023-02-20,Pune,120,22.9,0.0,7.18
2023-02-21,Pune,120,24.98,0.0,9.08
2023-02-22,Pune,120,21.89,0.0,11.83
2023-02-23,Pune,120,23.62,0.0,6.74
2023-02-24,Pune,120,26.95,0.0,10.53
2023-02-25,Pune,120,21.82,0.0,5.72
2023-02-26,Pune,120,25.92,0.0,6.01
2023-02-27,Pune,120,22.34,0.0,5.94
2023-02-28,Pune,120,23.81,0.0,9.17
2023-03-01,Pune,120,30.66,0.0,9.98
2023-03-02,Pune,120,28.68,0.0,6.2
2023-03-03,Pune,120,29.41,0.0,6.16
2023-03-04,Pune,120,28.81,0.0,6.14
2023-03-05,Pune,120,26.97,0.0,10.19
2023-03-06,Pune,120,25.28,0.0,11.33
2023-03-07,Pune,120,26.25,0.0,7.59
2023-03-08,Pune,120,26.24,0.0,3.74
2023-03-09,Pune,120,28.96,0.0,9.33
2023-03-10,Pune,120,25.7,0.0,13.39
2023-03-11,Pune,120,27.63,0.0,14.03
2023-03-12,Pune,120,26.27,0.0,10.95
2023-03-13,Pune,120,26.36,0.0,10.18
2023-03-14,Pune,120,23.61,0.0,16.86
2023-03-15,Pune,120,23.72,6.22,14.4
2023-03-16,Pune,120,24.2,0.0,11.47
2023-03-17,Pune,120,28.83,0.0,12.02
2023-03-18,Pune,120,27.72,0.0,13.09
2023-03-19,Pune,120,26.83,0.0,9.36
2023-03-20,Pune,120,26.75,0.0,11.29
2023-03-21,Pune,120,27.14,0.0,10.43
2023-03-22,Pune,120,29.14,0.0,7.8
2023-03-23,Pune,120,27.44,0.0,4.52
2023-03-24,Pune,120,26.75,0.0,6.5
2023-03-25,Pune,120,26.46,0.0,0.0
2023-03-26,Pune,120,27.07,0.0,6.08
2023-03-27,Pune,120,26.7,0.0,4.82
2023-03-28,Pune,120,24.93,0.0,3.09
2023-03-29,Pune,120,25.6,0.0,8.93
2023-03-30,Pune,120,27.18,0.0,9.09
2023-03-31,Pune,120,28.23,0.0,8.97
2023-04-01,Pune,120,32.26,0.0,13.79
2023-04-02,Pune,120,33.06,0.0,11.36
2023-04-03,Pune,120,32.36,0.0,8.0
2023-04-04,Pune,120,32.87,0.0,16.12
2023-04-05,Pune,120,32.51,0.0,10.51
2023-04-06,Pune,120,33.82,0.0,11.7
2023-04-07,Pune,120,33.1,0.0,14.47
2023-04-08,Pune,120,30.31,0.0,10.46
2023-04-09,Pune,120,29.73,0.0,9.84
2023-04-10,Pune,120,29.38,0.0,4.84
2023-04-11,Pune,120,27.58,0.0,6.1
2023-04-12,Pune,120,26.68,0.0,10.07
2023-04-13,Pune,120,27.46,0.0,8.23
2023-04-14,Pune,120,28.0,0.0,9.89
2023-04-15,Pune,120,32.05,0.0,11.51
2023-04-16,Pune,120,29.12,0.0,9.22
2023-04-17,Pune,120,29.99,0.0,11.41
2023-04-18,Pune,120,32.71,0.0,6.61
2023-04-19,Pune,120,32.27,0.0,9.48
2023-04-20,Pune,120,30.86,0.0,6.88
2023-04-21,Pune,120,32.46,0.0,10.65
2023-04-22,Pune,120,31.07,0.0,10.19
2023-04-23,Pune,120,32.92,32.91,21.32
2023-04-24,Pune,120,30.91,0.0,9.15
2023-04-25,Pune,120,30.06,0.0,11.07
2023-04-26,Pune,120,31.28,0.0,7.99
2023-04-27,Pune,120,32.38,0.0,14.26
2023-04-28,Pune,120,29.22,0.0,10.36
2023-04-29,Pune,120,28.43,0.0,11.26
2023-04-30,Pune,120,32.9,0.0,10.25
2023-05-01,Pune,120,31.37,0.0,12.41
2023-05-02,Pune,120,32.04,0.0,12.95
2023-05-03,Pune,120,30.93,0.0,13.45
2023-05-04,Pune,120,30.58,0.0,18.31
2023-05-05,Pune,120,29.95,0.0,15.16
2023-05-06,Pune,120,27.59,4.3,15.82
2023-05-07,Pune,120,28.75,0.0,11.08
2023-05-08,Pune,120,27.83,0.0,13.19
2023-05-09,Pune,120,30.64,0.0,20.17
2023-05-10,Pune,120,30.26,0.0,18.27
2023-05-11,Pune,120,30.21,0.0,5.57
2023-05-12,Pune,120,30.83,0.0,17.25
2023-05-13,Pune,120,32.76,0.0,13.04
2023-05-14,Pune,120,32.05,0.0,8.52
2023-05-15,Pune,120,30.91,0.0,13.08
2023-05-16,Pune,120,31.56,0.0,12.58
2023-05-17,Pune,120,31.53,0.0,16.79
2023-05-18,Pune,120,33.9,0.0,15.97
2023-05-19,Pune,120,31.08,0.0,14.95
2023-05-20,Pune,120,32.79,0.0,12.87
2023-05-21,Pune,120,30.04,0.0,13.67
2023-05-22,Pune,120,31.06,0.0,21.33
2023-05-23,Pune,120,31.58,0.0,13.08
2023-05-24,Pune,120,30.23,0.0,5.92
2023-05-25,Pune,120,31.0,0.0,14.3
2023-05-26,Pune,120,30.25,0.0,11.68
2023-05-27,Pune,120,29.18,0.0,8.89
2023-05-28,Pune,120,33.23,0.0,12.48
2023-05-29,Pune,120,32.36,0.0,13.74
2023-05-30,Pune,120,32.32,0.0,14.47
2023-05-31,Pune,120,33.42,0.0,11.49
2023-06-01,Pune,120,27.04,0.0,11.78
2023-06-02,Pune,120,25.91,0.0,14.79
2023-06-03,Pune,120,24.27,7.29,14.77
2023-06-04,Pune,120,25.27,0.0,14.84
2023-06-05,Pune,120,28.22,0.0,19.54
2023-06-06,Pune,120,25.91,3.21,18.26
2023-06-07,Pune,120,25.27,21.5,17.33
2023-06-08,Pune,120,26.32,0.77,13.85
2023-06-09,Pune,120,25.93,18.2,21.85
2023-06-10,Pune,120,27.36,7.06,16.52
2023-06-11,Pune,120,22.15,0.0,12.19
2023-06-12,Pune,120,24.75,0.0,16.12
2023-06-13,Pune,120,25.19,2.7,13.46
2023-06-14,Pune,120,25.94,10.59,18.7
2023-06-15,Pune,120,25.99,1.81,11.38
2023-06-16,Pune,120,24.66,0.0,11.77
2023-06-17,Pune,120,23.17,18.78,13.24
2023-06-18,Pune,120,28.95,1.78,11.97
2023-06-19,Pune,120,26.32,0.0,12.49
2023-06-20,Pune,120,26.82,0.0,13.26
2023-06-21,Pune,120,24.5,0.0,16.46
2023-06-22,Pune,120,25.48,0.0,16.35
2023-06-23,Pune,120,26.18,0.0,11.26
2023-06-24,Pune,120,25.66,0.0,16.33
2023-06-25,Pune,120,24.84,3.16,17.45
2023-06-26,Pune,120,23.84,17.7,21.65
2023-06-27,Pune,120,24.3,7.18,16.33
2023-06-28,Pune,120,26.37,4.75,14.67
2023-06-29,Pune,120,26.76,8.86,16.34
2023-06-30,Pune,120,27.24,0.0,17.46
2023-07-01,Pune,120,25.01,0.0,16.71
2023-07-02,Pune,120,25.96,0.0,14.15
2023-07-03,Pune,120,24.33,7.65,17.49
2023-07-04,Pune,120,24.74,2.73,18.27
2023-07-05,Pune,120,26.06,14.88,22.17
2023-07-06,Pune,120,24.16,0.0,13.55
2023-07-07,Pune,120,27.34,0.0,14.38
2023-07-08,Pune,120,25.89,35.15,21.0
2023-07-09,Pune,120,25.98,14.77,16.92
2023-07-10,Pune,120,24.22,0.0,14.18
2023-07-11,Pune,120,23.68,0.0,14.67
2023-07-12,Pune,120,27.61,0.0,18.17
2023-07-13,Pune,120,28.34,0.0,16.86
2023-07-14,Pune,120,25.82,0.0,13.6
2023-07-15,Pune,120,26.74,0.0,16.73
2023-07-16,Pune,120,28.06,9.16,19.41
2023-07-17,Pune,120,25.92,0.18,18.89
2023-07-18,Pune,120,27.15,4.29,19.49
2023-07-19,Pune,120,26.24,0.0,19.44
2023-07-20,Pune,120,25.54,0.0,21.85
2023-07-21,Pune,120,24.75,0.0,15.16
2023-07-22,Pune,120,25.7,0.0,18.85
2023-07-23,Pune,120,26.22,0.0,17.88
2023-07-24,Pune,120,26.9,0.0,17.01
2023-07-25,Pune,120,25.97,0.0,17.07
2023-07-26,Pune,120,29.88,0.0,18.69
2023-07-27,Pune,120,26.41,0.0,15.35
2023-07-28,Pune,120,25.18,0.0,17.95
2023-07-29,Pune,120,26.3,12.43,18.59
2023-07-30,Pune,120,24.1,0.0,13.14
2023-07-31,Pune,120,26.56,9.31,15.68
2023-08-01,Pune,120,22.48,5.31,13.13
2023-08-02,Pune,120,22.49,0.0,17.11
2023-08-03,Pune,120,20.65,0.0,14.82
2023-08-04,Pune,120,23.39,0.0,14.51
2023-08-05,Pune,120,22.17,0.0,20.65
2023-08-06,Pune,120,23.07,1.65,18.99
2023-08-07,Pune,120,23.06,2.48,16.24
2023-08-08,Pune,120,24.59,4.35,15.39
2023-08-09,Pune,120,20.54,3.13,15.28
2023-08-10,Pune,120,20.44,3.68,13.52
2023-08-11,Pune,120,20.45,0.0,14.16
2023-08-12,Pune,120,20.44,0.0,8.01
2023-08-13,Pune,120,23.19,0.0,15.76
2023-08-14,Pune,120,19.24,7.72,11.08
2023-08-15,Pune,120,21.42,0.59,11.99
2023-08-16,Pune,120,23.79,0.0,10.77
2023-08-17,Pune,120,21.34,0.62,12.99
2023-08-18,Pune,120,20.38,1.75,10.83
2023-08-19,Pune,120,20.4,0.41,9.87
2023-08-20,Pune,120,20.85,0.0,15.86
2023-08-21,Pune,120,20.28,19.25,14.47
2023-08-22,Pune,120,22.63,5.27,15.77
2023-08-23,Pune,120,22.33,10.41,17.29
2023-08-24,Pune,120,27.69,0.0,12.73
2023-08-25,Pune,120,20.71,0.0,11.88
2023-08-26,Pune,120,25.35,0.0,12.73
2023-08-27,Pune,120,23.58,0.0,15.13
2023-08-28,Pune,120,26.27,0.87,17.81
2023-08-29,Pune,120,21.42,0.0,12.9
2023-08-30,Pune,120,23.01,0.0,12.38
2023-08-31,Pune,120,25.55,60.94,20.79
2023-09-01,Pune,120,25.26,0.0,13.5
2023-09-02,Pune,120,24.02,2.04,10.78
2023-09-03,Pune,120,24.27,2.53,9.9
2023-09-04,Pune,120,26.09,5.7,19.86
2023-09-05,Pune,120,27.35,12.78,18.15
2023-09-06,Pune,120,23.18,0.0,13.07
2023-09-07,Pune,120,23.47,0.0,9.14
2023-09-08,Pune,120,19.79,0.0,11.45
2023-09-09,Pune,120,18.56,0.0,8.91
2023-09-10,Pune,120,21.0,0.0,12.52
2023-09-11,Pune,120,21.99,0.0,7.08
2023-09-12,Pune,120,22.45,0.0,11.03
2023-09-13,Pune,120,21.76,0.0,12.57
2023-09-14,Pune,120,23.22,0.0,10.21
2023-09-15,Pune,120,24.47,7.61,8.08
2023-09-16,Pune,120,24.77,0.72,8.84
2023-09-17,Pune,120,23.64,10.82,12.98
2023-09-18,Pune,120,22.45,3.39,14.15
2023-09-19,Pune,120,25.95,0.0,12.77
2023-09-20,Pune,120,25.11,0.0,11.03
2023-09-21,Pune,120,27.07,0.0,9.62
2023-09-22,Pune,120,26.62,0.0,10.34
2023-09-23,Pune,120,23.89,0.0,12.27
2023-09-24,Pune,120,23.92,0.0,15.45
2023-09-25,Pune,120,25.5,0.0,15.21
2023-09-26,Pune,120,23.21,0.0,9.32
2023-09-27,Pune,120,21.34,0.0,10.98
2023-09-28,Pune,120,26.04,0.0,8.77
2023-09-29,Pune,120,23.36,8.0,13.5
2023-09-30,Pune,120,23.25,0.0,13.2
2023-10-01,Pune,120,27.66,0.0,8.99
2023-10-02,Pune,120,30.37,0.0,12.68
2023-10-03,Pune,120,25.67,0.0,11.15
2023-10-04,Pune,120,27.26,0.0,11.19
2023-10-05,Pune,120,28.59,0.0,13.02
2023-10-06,Pune,120,24.21,0.0,9.4
2023-10-07,Pune,120,23.98,0.0,5.8
2023-10-08,Pune,120,26.23,0.0,4.02
2023-10-09,Pune,120,23.36,0.0,11.94
2023-10-10,Pune,120,25.51,0.0,10.87
2023-10-11,Pune,120,24.38,5.51,13.98
2023-10-12,Pune,120,24.6,0.0,7.18
2023-10-13,Pune,120,25.4,0.0,5.23
2023-10-14,Pune,120,26.22,0.0,8.04
2023-10-15,Pune,120,27.61,0.0,9.46
2023-10-16,Pune,120,28.22,0.0,6.04
2023-10-17,Pune,120,28.15,13.69,12.77
2023-10-18,Pune,120,26.84,0.0,14.05
2023-10-19,Pune,120,23.63,0.0,11.06
2023-10-20,Pune,120,25.94,0.0,7.19
2023-10-21,Pune,120,27.29,0.0,8.82
2023-10-22,Pune,120,27.37,0.0,5.67
2023-10-23,Pune,120,29.8,0.0,4.14
2023-10-24,Pune,120,26.32,0.0,9.47
2023-10-25,Pune,120,29.53,0.0,6.74
2023-10-26,Pune,120,25.98,0.0,7.35
2023-10-27,Pune,120,25.3,3.64,9.85
2023-10-28,Pune,120,26.27,0.0,10.62
2023-10-29,Pune,120,26.33,0.0,11.27
2023-10-30,Pune,120,29.97,0.0,7.51
2023-10-31,Pune,120,29.35,0.0,8.0
2023-11-01,Pune,120,25.09,0.0,3.1
2023-11-02,Pune,120,24.67,0.0,4.81
2023-11-03,Pune,120,25.9,0.0,6.93
2023-11-04,Pune,120,22.4,0.0,13.57
2023-11-05,Pune,120,25.03,0.0,7.05
2023-11-06,Pune,120,22.67,0.0,13.13
2023-11-07,Pune,120,23.17,0.0,12.7
2023-11-08,Pune,120,21.92,0.0,12.07
2023-11-09,Pune,120,22.84,0.0,3.0
2023-11-10,Pune,120,21.73,0.0,5.68
2023-11-11,Pune,120,23.28,0.0,1.55
2023-11-12,Pune,120,23.73,0.0,6.78
2023-11-13,Pune,120,21.37,0.0,0.72
2023-11-14,Pune,120,21.41,0.0,0.05
2023-11-15,Pune,120,21.73,0.0,3.06
2023-11-16,Pune,120,20.54,0.0,8.32
2023-11-17,Pune,120,21.97,0.0,5.29
2023-11-18,Pune,120,22.94,15.53,10.47
2023-11-19,Pune,120,24.08,0.0,3.97
2023-11-20,Pune,120,25.16,0.0,6.85
2023-11-21,Pune,120,24.43,0.0,6.03
2023-11-22,Pune,120,23.66,0.0,8.78
2023-11-23,Pune,120,22.31,0.0,10.05
2023-11-24,Pune,120,22.9,0.0,10.71
2023-11-25,Pune,120,21.9,0.0,5.16
2023-11-26,Pune,120,21.53,0.0,7.82
2023-11-27,Pune,120,25.86,0.0,9.28
2023-11-28,Pune,120,26.38,0.0,4.9
2023-11-29,Pune,120,26.03,0.0,2.2
2023-11-30,Pune,120,22.0,0.0,6.03
2023-12-01,Pune,120,20.22,0.0,4.84
2023-12-02,Pune,120,18.48,0.0,6.58
2023-12-03,Pune,120,19.4,0.0,10.17
2023-12-04,Pune,120,20.48,0.0,6.65
2023-12-05,Pune,120,21.04,0.0,7.57
2023-12-06,Pune,120,19.86,0.0,3.83
2023-12-07,Pune,120,22.96,0.0,7.04
2023-12-08,Pune,120,21.87,0.0,12.11
2023-12-09,Pune,120,23.08,0.0,7.55
2023-12-10,Pune,120,24.19,0.0,8.43
2023-12-11,Pune,120,21.15,0.0,8.48
2023-12-12,Pune,120,23.06,0.0,7.11
2023-12-13,Pune,120,20.37,0.0,11.57
2023-12-14,Pune,120,20.7,0.0,4.62
2023-12-15,Pune,120,22.12,0.0,9.27
2023-12-16,Pune,120,21.82,0.0,10.09
2023-12-17,Pune,120,21.44,0.0,6.48
2023-12-18,Pune,120,21.26,0.0,8.35
2023-12-19,Pune,120,21.91,0.0,2.46
2023-12-20,Pune,120,20.75,0.0,5.03
2023-12-21,Pune,120,19.73,0.0,5.62
2023-12-22,Pune,120,22.13,0.0,7.23
2023-12-23,Pune,120,20.86,0.0,8.57
2023-12-24,Pune,120,20.45,0.0,1.46
2023-12-25,Pune,120,20.71,0.0,4.15
2023-12-26,Pune,120,21.73,0.0,4.95
2023-12-27,Pune,120,19.45,0.0,9.3
2023-12-28,Pune,120,21.58,0.0,5.52
2023-12-29,Pune,120,23.3,0.0,4.27
2023-12-30,Pune,120,22.89,0.0,9.75
2023-12-31,Pune,120,24.83,0.0,9.74
2024-01-01,Pune,120,18.64,0.0,6.72
2024-01-02,Pune,120,20.99,0.0,5.71
2024-01-03,Pune,120,19.09,0.0,12.03
2024-01-04,Pune,120,18.07,0.0,6.48
2024-01-05,Pune,120,21.29,0.0,5.77
2024-01-06,Pune,120,18.17,0.0,6.58
2024-01-07,Pune,120,20.15,0.0,5.52
2024-01-08,Pune,120,17.72,0.0,6.72
2024-01-09,Pune,120,17.21,0.0,7.41
2024-01-10,Pune,120,17.94,0.0,4.56
2024-01-11,Pune,120,20.39,0.0,13.37
2024-01-12,Pune,120,22.31,0.0,7.03
2024-01-13,Pune,120,24.74,0.0,12.86
2024-01-14,Pune,120,19.41,0.0,6.05
2024-01-15,Pune,120,20.25,0.0,2.16
2024-01-16,Pune,120,20.41,0.0,3.92
2024-01-17,Pune,120,20.22,0.0,8.93
2024-01-18,Pune,120,19.78,0.0,6.48
2024-01-19,Pune,120,19.34,0.0,11.08
2024-01-20,Pune,120,19.29,0.0,10.48
2024-01-21,Pune,120,20.19,0.0,9.42
2024-01-22,Pune,120,21.19,0.0,7.32
2024-01-23,Pune,120,21.66,0.0,8.65
2024-01-24,Pune,120,21.28,0.0,4.15
2024-01-25,Pune,120,22.99,0.0,3.74
2024-01-26,Pune,120,21.12,0.0,4.53
2024-01-27,Pune,120,21.94,0.0,6.67
2024-01-28,Pune,120,20.46,0.0,6.68
2024-01-29,Pune,120,19.32,0.0,7.66
2024-01-30,Pune,120,19.67,0.0,9.46
2024-01-31,Pune,120,18.34,0.0,7.36
2024-02-01,Pune,120,21.72,0.0,9.83
2024-02-02,Pune,120,23.41,0.0,9.03
2024-02-03,Pune,120,24.27,0.0,10.14
2024-02-04,Pune,120,21.99,0.0,8.34
2024-02-05,Pune,120,22.69,0.0,5.78
2024-02-06,Pune,120,21.19,0.0,7.03
2024-02-07,Pune,120,22.61,0.0,9.45
2024-02-08,Pune,120,24.26,0.0,10.85
2024-02-09,Pune,120,22.15,0.0,8.13
2024-02-10,Pune,120,24.27,0.0,12.08
2024-02-11,Pune,120,22.84,0.0,11.33
2024-02-12,Pune,120,21.71,0.0,8.22
2024-02-13,Pune,120,23.14,0.0,14.31
2024-02-14,Pune,120,22.27,0.0,11.64
2024-02-15,Pune,120,21.28,0.0,11.91
2024-02-16,Pune,120,22.93,0.0,7.12
2024-02-17,Pune,120,24.14,0.0,8.81
2024-02-18,Pune,120,25.21,0.0,9.88
2024-02-19,Pune,120,26.26,0.0,10.56
2024-02-20,Pune,120,24.68,0.0,12.3
2024-02-21,Pune,120,24.63,0.0,11.92
2024-02-22,Pune,120,26.34,0.0,4.55
2024-02-23,Pune,120,24.95,0.0,8.96
2024-02-24,Pune,120,26.71,0.0,8.84
2024-02-25,Pune,120,25.98,0.0,15.16
2024-02-26,Pune,120,23.32,0.0,5.27
2024-02-27,Pune,120,20.38,0.0,8.52
2024-02-28,Pune,120,20.26,0.0,12.87
2024-02-29,Pune,120,24.18,0.0,10.64
2024-03-01,Pune,120,25.45,0.0,5.05
2024-03-02,Pune,120,26.99,0.0,12.46
2024-03-03,Pune,120,27.77,0.0,10.46
2024-03-04,Pune,120,27.26,0.0,4.99
2024-03-05,Pune,120,25.5,0.0,4.2
2024-03-06,Pune,120,24.77,0.0,8.85
2024-03-07,Pune,120,25.42,0.0,6.7
2024-03-08,Pune,120,26.56,0.0,5.99
2024-03-09,Pune,120,24.88,0.0,11.18
2024-03-10,Pune,120,25.95,0.0,9.08
2024-03-11,Pune,120,25.75,0.0,11.04
2024-03-12,Pune,120,23.46,0.0,7.55
2024-03-13,Pune,120,23.57,0.0,10.62
2024-03-14,Pune,120,24.69,0.0,10.27
2024-03-15,Pune,120,24.05,0.0,11.26
2024-03-16,Pune,120,24.05,0.0,4.9
2024-03-17,Pune,120,25.21,0.0,8.15
2024-03-18,Pune,120,22.89,0.0,11.18
2024-03-19,Pune,120,26.19,0.0,8.84
2024-03-20,Pune,120,25.2,0.0,3.63
2024-03-21,Pune,120,28.58,0.0,8.77
2024-03-22,Pune,120,25.36,0.0,3.46
2024-03-23,Pune,120,27.27,1.75,5.89
2024-03-24,Pune,120,27.69,0.0,5.55
2024-03-25,Pune,120,24.21,0.0,7.56
2024-03-26,Pune,120,27.35,0.0,12.37
2024-03-27,Pune,120,26.14,0.0,9.05
2024-03-28,Pune,120,26.42,0.0,5.12
2024-03-29,Pune,120,25.56,0.0,10.01
2024-03-30,Pune,120,26.1,0.0,6.55
2024-03-31,Pune,120,25.46,0.0,13.55
2024-04-01,Pune,120,29.98,0.0,11.5
2024-04-02,Pune,120,32.46,0.0,10.01
2024-04-03,Pune,120,26.91,0.0,12.78
2024-04-04,Pune,120,31.58,0.0,9.62
2024-04-05,Pune,120,31.4,0.0,7.97
2024-04-06,Pune,120,29.93,0.0,8.86
2024-04-07,Pune,120,28.6,0.0,10.14
2024-04-08,Pune,120,27.42,0.0,9.45
2024-04-09,Pune,120,29.39,0.0,7.82
2024-04-10,Pune,120,33.08,0.0,8.91
2024-04-11,Pune,120,27.76,0.0,9.91
2024-04-12,Pune,120,24.52,0.0,6.53
2024-04-13,Pune,120,28.33,0.0,11.19
2024-04-14,Pune,120,27.39,0.0,5.85
2024-04-15,Pune,120,28.58,0.0,10.44
2024-04-16,Pune,120,28.16,0.0,8.16
2024-04-17,Pune,120,25.71,0.0,7.97
2024-04-18,Pune,120,29.94,0.0,16.8
2024-04-19,Pune,120,28.25,0.0,11.37
2024-04-20,Pune,120,30.37,0.0,12.65
2024-04-21,Pune,120,28.62,0.0,8.45
2024-04-22,Pune,120,27.24,0.0,7.72
2024-04-23,Pune,120,24.8,0.0,15.66
2024-04-24,Pune,120,31.61,0.0,13.64
2024-04-25,Pune,120,29.78,0.0,17.36
2024-04-26,Pune,120,30.82,0.0,13.12
2024-04-27,Pune,120,32.32,0.0,10.14
2024-04-28,Pune,120,31.39,0.0,10.74
2024-04-29,Pune,120,31.17,0.0,11.34
2024-04-30,Pune,120,30.3,0.0,9.6
2024-05-01,Pune,120,33.69,4.64,13.45
2024-05-02,Pune,120,31.57,0.0,14.86
2024-05-03,Pune,120,28.47,0.0,11.38
2024-05-04,Pune,120,27.06,0.0,16.04
2024-05-05,Pune,120,30.9,0.0,14.94
2024-05-06,Pune,120,31.52,0.0,15.57
2024-05-07,Pune,120,32.41,0.0,13.81
2024-05-08,Pune,120,27.95,0.0,15.65
2024-05-09,Pune,120,29.63,0.0,14.67
2024-05-10,Pune,120,32.55,0.0,17.95
2024-05-11,Pune,120,29.26,0.0,15.91
2024-05-12,Pune,120,28.66,2.38,14.89
2024-05-13,Pune,120,27.71,21.49,14.75
2024-05-14,Pune,120,30.63,0.0,9.42
2024-05-15,Pune,120,32.68,0.0,8.21
2024-05-16,Pune,120,29.35,0.0,9.98
2024-05-17,Pune,120,28.52,0.0,9.35
2024-05-18,Pune,120,29.72,0.0,12.63
2024-05-19,Pune,120,31.57,0.0,10.44
2024-05-20,Pune,120,33.77,0.0,11.47
2024-05-21,Pune,120,30.87,0.0,13.44
2024-05-22,Pune,120,30.0,0.0,9.49
2024-05-23,Pune,120,29.95,0.0,13.53
2024-05-24,Pune,120,29.02,0.0,14.21
2024-05-25,Pune,120,29.9,0.0,13.74
2024-05-26,Pune,120,29.13,0.0,15.06
2024-05-27,Pune,120,29.72,0.0,15.76
2024-05-28,Pune,120,28.8,0.0,16.95
2024-05-29,Pune,120,29.47,0.0,12.59
2024-05-30,Pune,120,29.77,0.0,12.63
2024-05-31,Pune,120,31.97,0.0,12.17
2024-06-01,Pune,120,28.89,2.95,14.88
2024-06-02,Pune,120,29.82,4.43,19.66
2024-06-03,Pune,120,29.38,26.11,23.87
2024-06-04,Pune,120,26.76,15.39,13.82
2024-06-05,Pune,120,28.26,9.01,17.03
2024-06-06,Pune,120,26.31,8.95,18.51
2024-06-07,Pune,120,23.35,1.55,10.44
2024-06-08,Pune,120,25.39,0.0,15.89
2024-06-09,Pune,120,24.51,1.48,18.3
2024-06-10,Pune,120,27.55,12.23,17.6
2024-06-11,Pune,120,26.1,0.0,8.92
2024-06-12,Pune,120,28.41,0.0,13.62
2024-06-13,Pune,120,27.52,0.0,10.26
2024-06-14,Pune,120,24.52,0.0,15.86
2024-06-15,Pune,120,24.15,0.0,10.64
2024-06-16,Pune,120,26.36,5.25,13.53
2024-06-17,Pune,120,24.8,0.0,17.99
2024-06-18,Pune,120,26.0,0.0,14.57
2024-06-19,Pune,120,25.97,0.0,18.47
2024-06-20,Pune,120,25.27,5.64,18.99
2024-06-21,Pune,120,25.16,0.0,9.1
2024-06-22,Pune,120,26.57,0.0,13.97
2024-06-23,Pune,120,25.04,0.0,14.19
2024-06-24,Pune,120,23.76,0.0,19.45
2024-06-25,Pune,120,23.36,0.0,15.08
2024-06-26,Pune,120,21.8,0.0,16.78
2024-06-27,Pune,120,25.45,0.0,18.37
2024-06-28,Pune,120,25.25,0.0,14.73
2024-06-29,Pune,120,25.88,0.0,9.91
2024-06-30,Pune,120,24.65,0.0,12.72
2024-07-01,Pune,120,22.19,0.0,12.84
2024-07-02,Pune,120,22.1,0.0,14.36
2024-07-03,Pune,120,23.53,0.0,15.17
2024-07-04,Pune,120,21.45,0.0,12.41
2024-07-05,Pune,120,21.76,4.66,19.75
2024-07-06,Pune,120,24.23,16.93,15.33
2024-07-07,Pune,120,23.99,1.85,15.11
2024-07-08,Pune,120,24.44,1.01,18.93
2024-07-09,Pune,120,24.05,0.0,17.09
2024-07-10,Pune,120,22.75,0.0,18.37
2024-07-11,Pune,120,22.86,0.0,17.74
2024-07-12,Pune,120,24.0,0.0,18.32
2024-07-13,Pune,120,25.88,0.0,18.67
2024-07-14,Pune,120,27.33,0.0,17.47
2024-07-15,Pune,120,24.19,0.0,11.62
2024-07-16,Pune,120,24.87,22.1,20.39
2024-07-17,Pune,120,24.34,0.0,17.36
2024-07-18,Pune,120,23.9,0.0,19.45
2024-07-19,Pune,120,25.02,1.39,24.26
2024-07-20,Pune,120,23.55,10.75,21.61
2024-07-21,Pune,120,24.35,16.01,20.01
2024-07-22,Pune,120,25.12,10.0,20.71
2024-07-23,Pune,120,27.1,0.71,14.68
2024-07-24,Pune,120,27.99,5.31,19.35
2024-07-25,Pune,120,23.9,0.0,18.33
2024-07-26,Pune,120,26.14,0.0,14.03
2024-07-27,Pune,120,26.0,0.0,15.6
2024-07-28,Pune,120,23.61,0.0,15.55
2024-07-29,Pune,120,24.26,36.92,22.26
2024-07-30,Pune,120,23.38,0.0,16.49
2024-07-31,Pune,120,21.57,0.0,18.2
2024-08-01,Pune,120,19.17,0.0,15.65
2024-08-02,Pune,120,21.63,11.03,15.51
2024-08-03,Pune,120,22.23,1.6,15.04
2024-08-04,Pune,120,22.22,3.99,10.47
2024-08-05,Pune,120,24.54,35.87,18.03
2024-08-06,Pune,120,26.59,10.14,13.08
2024-08-07,Pune,120,25.95,3.34,14.16
2024-08-08,Pune,120,24.74,11.95,14.37
2024-08-09,Pune,120,23.92,11.41,13.48
2024-08-10,Pune,120,25.11,0.15,18.09
2024-08-11,Pune,120,22.47,14.36,22.25
2024-08-12,Pune,120,23.5,10.59,14.03
2024-08-13,Pune,120,22.87,2.82,14.8
2024-08-14,Pune,120,26.56,2.31,9.43
2024-08-15,Pune,120,25.1,0.0,14.96
2024-08-16,Pune,120,22.45,0.0,12.64
2024-08-17,Pune,120,25.35,0.0,15.45
2024-08-18,Pune,120,23.62,0.0,17.49
2024-08-19,Pune,120,26.54,0.0,14.27
2024-08-20,Pune,120,26.03,0.0,17.38
2024-08-21,Pune,120,25.23,0.0,15.42
2024-08-22,Pune,120,23.21,0.0,13.55
2024-08-23,Pune,120,24.06,0.0,15.63
2024-08-24,Pune,120,22.29,0.0,18.67
2024-08-25,Pune,120,24.72,0.38,14.02
2024-08-26,Pune,120,23.47,0.0,14.39
2024-08-27,Pune,120,23.78,0.0,14.59
2024-08-28,Pune,120,21.19,0.0,16.03
2024-08-29,Pune,120,22.72,4.73,13.76
2024-08-30,Pune,120,22.86,4.74,11.88
2024-08-31,Pune,120,22.35,1.36,10.85
2024-09-01,Pune,120,21.68,6.1,9.81
2024-09-02,Pune,120,21.17,9.44,18.16
2024-09-03,Pune,120,21.62,0.0,9.19
2024-09-04,Pune,120,24.2,3.56,14.48
2024-09-05,Pune,120,25.35,9.28,12.68
2024-09-06,Pune,120,25.43,0.0,7.59
2024-09-07,Pune,120,24.28,36.93,9.63
2024-09-08,Pune,120,24.41,3.47,2.69
2024-09-09,Pune,120,24.23,15.7,7.67
2024-09-10,Pune,120,24.8,3.03,11.42
2024-09-11,Pune,120,23.73,12.52,10.68
2024-09-12,Pune,120,27.57,23.07,15.93
2024-09-13,Pune,120,28.69,6.77,13.2
2024-09-14,Pune,120,29.85,3.67,5.8
2024-09-15,Pune,120,26.55,6.47,7.58
2024-09-16,Pune,120,27.09,4.2,7.41
2024-09-17,Pune,120,27.6,10.41,5.63
2024-09-18,Pune,120,27.21,10.28,7.2
2024-09-19,Pune,120,27.69,11.89,10.89
2024-09-20,Pune,120,27.81,9.13,13.89
2024-09-21,Pune,120,26.64,10.04,12.72
2024-09-22,Pune,120,27.05,0.0,9.83
2024-09-23,Pune,120,27.08,0.0,11.41
2024-09-24,Pune,120,28.69,0.0,8.11
2024-09-25,Pune,120,26.11,0.0,11.36
2024-09-26,Pune,120,26.25,0.0,10.25
2024-09-27,Pune,120,27.53,0.0,9.43
2024-09-28,Pune,120,25.64,0.0,9.54
2024-09-29,Pune,120,25.18,0.0,14.55
2024-09-30,Pune,120,27.25,0.0,13.3
2024-10-01,Pune,120,26.34,0.0,7.74
2024-10-02,Pune,120,25.82,0.0,6.03
2024-10-03,Pune,120,24.48,2.57,5.58
2024-10-04,Pune,120,26.08,0.0,8.59
2024-10-05,Pune,120,24.89,0.0,9.86
2024-10-06,Pune,120,24.32,14.23,14.68
2024-10-07,Pune,120,23.8,0.0,4.77
2024-10-08,Pune,120,25.53,0.0,11.33
2024-10-09,Pune,120,25.55,0.0,9.63
2024-10-10,Pune,120,27.16,0.0,11.97
2024-10-11,Pune,120,28.54,2.2,8.51
2024-10-12,Pune,120,26.65,0.0,0.49
2024-10-13,Pune,120,28.44,0.0,7.45
2024-10-14,Pune,120,25.97,0.0,8.79
2024-10-15,Pune,120,24.5,0.0,7.74
2024-10-16,Pune,120,27.25,0.0,4.78
2024-10-17,Pune,120,24.87,0.0,2.55
2024-10-18,Pune,120,27.57,0.0,9.11
2024-10-19,Pune,120,29.07,0.0,9.6
2024-10-20,Pune,120,23.85,0.0,5.75
2024-10-21,Pune,120,26.18,0.0,5.75
2024-10-22,Pune,120,24.87,5.19,14.93
2024-10-23,Pune,120,26.92,17.0,12.89
2024-10-24,Pune,120,22.96,0.0,8.54
2024-10-25,Pune,120,25.98,0.0,7.04
2024-10-26,Pune,120,25.8,0.0,12.13
2024-10-27,Pune,120,29.42,0.0,8.93
2024-10-28,Pune,120,31.02,0.0,6.09
2024-10-29,Pune,120,30.44,122.62,17.96
2024-10-30,Pune,120,28.87,4.62,10.68
2024-10-31,Pune,120,30.2,3.66,6.76
2024-11-01,Pune,120,25.42,0.0,9.18
2024-11-02,Pune,120,22.25,0.0,9.06
2024-11-03,Pune,120,23.18,16.82,11.25
2024-11-04,Pune,120,23.6,0.0,2.9
2024-11-05,Pune,120,22.6,0.0,5.15
2024-11-06,Pune,120,21.37,0.0,8.32
2024-11-07,Pune,120,20.35,0.0,6.21
2024-11-08,Pune,120,22.79,0.0,1.72
2024-11-09,Pune,120,23.39,0.0,9.96
2024-11-10,Pune,120,20.22,0.0,8.21
2024-11-11,Pune,120,22.24,0.0,8.05
2024-11-12,Pune,120,23.5,0.0,10.83
2024-11-13,Pune,120,22.35,0.0,7.77
2024-11-14,Pune,120,24.08,0.0,6.78
2024-11-15,Pune,120,19.63,0.0,2.64
2024-11-16,Pune,120,22.83,0.0,3.0
2024-11-17,Pune,120,20.94,0.0,7.13
2024-11-18,Pune,120,20.69,0.0,4.89
2024-11-19,Pune,120,22.6,0.0,6.6
2024-11-20,Pune,120,24.36,0.0,7.81
2024-11-21,Pune,120,21.84,0.0,2.86
2024-11-22,Pune,120,24.39,0.0,8.22
2024-11-23,Pune,120,25.61,0.0,7.69
2024-11-24,Pune,120,21.63,0.0,5.47
2024-11-25,Pune,120,20.23,0.0,7.43
2024-11-26,Pune,120,21.6,0.0,7.11
2024-11-27,Pune,120,25.84,0.0,8.27
2024-11-28,Pune,120,27.02,0.0,8.35
2024-11-29,Pune,120,24.75,0.0,8.76
2024-11-30,Pune,120,23.79,0.0,8.77
2024-12-01,Pune,120,26.42,0.0,8.11
2024-12-02,Pune,120,21.37,0.0,7.24
2024-12-03,Pune,120,22.22,0.0,9.15
2024-12-04,Pune,120,23.54,0.0,11.3
2024-12-05,Pune,120,24.0,0.0,6.58
2024-12-06,Pune,120,22.86,0.0,5.17
2024-12-07,Pune,120,22.56,0.0,13.03
2024-12-08,Pune,120,25.24,0.0,6.75
2024-12-09,Pune,120,25.33,0.0,6.15
2024-12-10,Pune,120,23.88,0.0,3.05
2024-12-11,Pune,120,25.58,0.0,4.79
2024-12-12,Pune,120,21.73,0.0,8.1
2024-12-13,Pune,120,20.98,0.0,7.3
2024-12-14,Pune,120,20.81,0.0,4.02
2024-12-15,Pune,120,24.19,0.0,8.58
2024-12-16,Pune,120,22.31,0.0,5.61
2024-12-17,Pune,120,22.41,0.0,10.75
2024-12-18,Pune,120,19.18,0.0,8.58
2024-12-19,Pune,120,20.3,0.0,12.97
2024-12-20,Pune,120,19.77,0.0,8.84
2024-12-21,Pune,120,19.18,0.0,13.96
2024-12-22,Pune,120,20.32,0.0,11.7
2024-12-23,Pune,120,20.72,0.0,4.91
2024-12-24,Pune,120,18.29,0.0,12.91
2024-12-25,Pune,120,19.14,0.0,4.26
2024-12-26,Pune,120,19.51,0.0,4.67
2024-12-27,Pune,120,19.33,0.0,5.64
2024-12-28,Pune,120,24.97,0.0,7.95
2024-12-29,Pune,120,22.71,0.0,4.72
2024-12-30,Pune,120,19.17,0.0,9.55
2024-12-31,Pune,120,18.38,0.0,9.9
2025-01-01,Pune,120,19.67,0.0,10.24
2025-01-02,Pune,120,18.43,0.0,5.21
2025-01-03,Pune,120,20.33,0.0,8.13
2025-01-04,Pune,120,17.87,0.0,4.98
2025-01-05,Pune,120,19.98,0.0,10.47
2025-01-06,Pune,120,18.07,4.02,7.86
2025-01-07,Pune,120,15.56,0.0,7.57
2025-01-08,Pune,120,20.93,0.0,7.16
2025-01-09,Pune,120,17.92,25.43,14.1
2025-01-10,Pune,120,21.53,0.0,7.17
2025-01-11,Pune,120,19.67,0.0,14.5
2025-01-12,Pune,120,18.31,0.0,10.09
2025-01-13,Pune,120,17.22,0.0,8.64
2025-01-14,Pune,120,17.64,0.0,5.01
2025-01-15,Pune,120,21.69,0.0,2.7
2025-01-16,Pune,120,23.99,0.0,7.87
2025-01-17,Pune,120,22.7,0.0,6.09
2025-01-18,Pune,120,22.08,0.0,11.01
2025-01-19,Pune,120,24.21,0.0,7.43
2025-01-20,Pune,120,24.33,0.0,3.26
2025-01-21,Pune,120,21.57,0.0,7.96
2025-01-22,Pune,120,23.73,0.0,8.48
2025-01-23,Pune,120,23.25,0.0,6.91
2025-01-24,Pune,120,22.32,0.0,9.32
2025-01-25,Pune,120,21.71,0.0,9.34
2025-01-26,Pune,120,20.37,0.0,2.35
2025-01-27,Pune,120,16.37,0.0,2.85
2025-01-28,Pune,120,20.59,0.0,0.71
2025-01-29,Pune,120,21.63,0.0,4.68
2025-01-30,Pune,120,24.48,0.0,10.44
2025-01-31,Pune,120,21.11,0.0,10.76
2025-02-01,Pune,120,24.72,0.0,12.3
2025-02-02,Pune,120,23.68,0.0,7.09
2025-02-03,Pune,120,21.26,0.0,7.76
2025-02-04,Pune,120,22.15,0.0,9.09
2025-02-05,Pune,120,26.36,0.0,10.79
2025-02-06,Pune,120,23.99,0.0,13.8
2025-02-07,Pune,120,21.53,0.0,8.32
2025-02-08,Pune,120,26.61,0.0,11.79
2025-02-09,Pune,120,25.46,0.2,9.5
2025-02-10,Pune,120,22.93,0.0,8.03
2025-02-11,Pune,120,23.25,0.0,6.3
2025-02-12,Pune,120,24.74,0.0,4.81
2025-02-13,Pune,120,21.25,0.0,3.79
2025-02-14,Pune,120,21.77,0.0,8.4
2025-02-15,Pune,120,19.55,0.0,9.47
2025-02-16,Pune,120,22.99,0.0,11.92
2025-02-17,Pune,120,24.54,0.0,10.55
2025-02-18,Pune,120,23.8,0.0,14.28
2025-02-19,Pune,120,23.44,0.0,8.57
2025-02-20,Pune,120,24.49,0.0,7.78
2025-02-21,Pune,120,23.79,0.0,4.65
2025-02-22,Pune,120,24.1,0.0,14.48
2025-02-23,Pune,120,23.14,0.0,12.54
2025-02-24,Pune,120,21.2,0.0,13.18
2025-02-25,Pune,120,21.0,0.0,5.69
2025-02-26,Pune,120,21.02,0.0,8.28
2025-02-27,Pune,120,16.84,0.0,2.51
2025-02-28,Pune,120,19.69,0.0,11.17
2025-03-01,Pune,120,23.98,0.0,9.12
2025-03-02,Pune,120,25.31,0.0,10.82
2025-03-03,Pune,120,27.94,0.0,10.64
2025-03-04,Pune,120,29.25,0.0,10.64
2025-03-05,Pune,120,26.13,0.0,15.7
2025-03-06,Pune,120,24.35,0.0,14.82
2025-03-07,Pune,120,23.94,0.0,6.58
2025-03-08,Pune,120,24.13,0.0,11.04
2025-03-09,Pune,120,25.64,0.0,3.85
2025-03-10,Pune,120,28.17,0.0,11.55
2025-03-11,Pune,120,22.14,0.0,7.75
2025-03-12,Pune,120,24.31,0.0,9.9
2025-03-13,Pune,120,26.53,0.0,8.89
2025-03-14,Pune,120,25.77,0.0,17.13
2025-03-15,Pune,120,26.73,0.0,11.77
2025-03-16,Pune,120,25.41,0.0,9.2
2025-03-17,Pune,120,25.36,0.0,10.01
2025-03-18,Pune,120,29.42,0.0,6.83
2025-03-19,Pune,120,27.47,0.0,11.01
2025-03-20,Pune,120,29.62,0.0,7.6
2025-03-21,Pune,120,28.17,0.0,10.69
2025-03-22,Pune,120,27.09,0.0,10.62
2025-03-23,Pune,120,28.03,0.0,13.66
2025-03-24,Pune,120,25.48,0.0,10.11
2025-03-25,Pune,120,25.87,0.0,6.57
2025-03-26,Pune,120,26.75,0.0,4.43
2025-03-27,Pune,120,27.61,0.0,8.98
2025-03-28,Pune,120,27.39,0.0,8.47
2025-03-29,Pune,120,27.17,0.0,9.68
2025-03-30,Pune,120,23.29,0.0,11.06
2025-03-31,Pune,120,24.75,0.0,12.25
2025-04-01,Pune,120,27.75,0.0,14.21
2025-04-02,Pune,120,27.32,0.0,9.15
2025-04-03,Pune,120,30.33,0.0,8.45
2025-04-04,Pune,120,30.65,0.0,12.14
2025-04-05,Pune,120,30.5,0.0,9.63
2025-04-06,Pune,120,27.92,0.0,12.55
2025-04-07,Pune,120,29.81,0.0,11.85
2025-04-08,Pune,120,31.69,0.0,18.0
2025-04-09,Pune,120,34.03,0.0,14.87
2025-04-10,Pune,120,33.59,0.0,13.17
2025-04-11,Pune,120,30.41,0.0,8.83
2025-04-12,Pune,120,30.76,0.0,8.83
2025-04-13,Pune,120,30.99,0.0,13.28
2025-04-14,Pune,120,29.95,0.0,13.41
2025-04-15,Pune,120,29.35,0.0,12.1
2025-04-16,Pune,120,30.64,0.0,13.91
2025-04-17,Pune,120,27.77,0.0,15.18
2025-04-18,Pune,120,28.26,0.0,11.92
2025-04-19,Pune,120,29.11,0.0,12.45
2025-04-20,Pune,120,28.0,0.0,15.75
2025-04-21,Pune,120,27.67,0.0,15.43
2025-04-22,Pune,120,27.32,0.0,12.33
2025-04-23,Pune,120,29.6,0.0,10.56
2025-04-24,Pune,120,30.26,0.0,15.64
2025-04-25,Pune,120,27.21,0.0,16.32
2025-04-26,Pune,120,30.12,0.0,14.3
2025-04-27,Pune,120,31.29,0.0,11.32
2025-04-28,Pune,120,30.12,0.0,10.52
2025-04-29,Pune,120,30.38,0.0,16.85
2025-04-30,Pune,120,29.11,0.0,14.77
2025-05-01,Pune,120,31.56,0.0,15.71
2025-05-02,Pune,120,31.57,0.0,15.73
2025-05-03,Pune,120,30.4,0.0,14.14
2025-05-04,Pune,120,29.22,0.0,12.44
2025-05-05,Pune,120,32.45,0.0,9.92
2025-05-06,Pune,120,33.59,8.27,14.6
2025-05-07,Pune,120,34.47,0.0,10.41
2025-05-08,Pune,120,33.32,0.0,10.29
2025-05-09,Pune,120,33.03,0.0,12.05
2025-05-10,Pune,120,32.06,0.0,11.24
2025-05-11,Pune,120,34.13,0.0,15.54
2025-05-12,Pune,120,34.92,0.0,13.85
2025-05-13,Pune,120,34.09,0.0,13.58
2025-05-14,Pune,120,34.78,0.0,17.79
2025-05-15,Pune,120,35.15,0.0,13.11
2025-05-16,Pune,120,31.48,0.0,13.04
2025-05-17,Pune,120,36.24,0.0,8.72
2025-05-18,Pune,120,32.02,0.0,12.2
2025-05-19,Pune,120,32.0,0.0,8.3
2025-05-20,Pune,120,31.02,0.0,14.86
2025-05-21,Pune,120,30.5,0.0,12.62
2025-05-22,Pune,120,30.42,0.0,8.11
2025-05-23,Pune,120,31.91,0.0,12.68
2025-05-24,Pune,120,31.71,0.0,10.61
2025-05-25,Pune,120,33.36,0.0,12.32
2025-05-26,Pune,120,33.34,0.0,6.1
2025-05-27,Pune,120,32.76,0.0,11.63
2025-05-28,Pune,120,37.41,0.0,17.59
2025-05-29,Pune,120,34.89,0.0,14.07
2025-05-30,Pune,120,33.85,0.0,10.72
2025-05-31,Pune,120,34.18,0.0,13.24
2025-06-01,Pune,120,32.57,2.39,12.69
2025-06-02,Pune,120,27.82,0.75,10.95
2025-06-03,Pune,120,28.15,10.26,15.21
2025-06-04,Pune,120,29.57,0.0,17.16
2025-06-05,Pune,120,28.26,0.0,10.55
2025-06-06,Pune,120,28.52,0.0,19.26
2025-06-07,Pune,120,27.83,0.0,17.11
2025-06-08,Pune,120,27.23,0.0,18.82
2025-06-09,Pune,120,27.34,0.0,18.81
2025-06-10,Pune,120,26.94,0.0,18.18
2025-06-11,Pune,120,26.81,0.0,13.37
2025-06-12,Pune,120,24.31,0.0,14.93
2025-06-13,Pune,120,25.83,0.0,14.46
2025-06-14,Pune,120,25.63,2.42,13.72
2025-06-15,Pune,120,24.32,0.0,12.63
2025-06-16,Pune,120,25.95,0.0,13.91
2025-06-17,Pune,120,24.45,0.0,15.86
2025-06-18,Pune,120,26.21,0.0,15.27
2025-06-19,Pune,120,23.34,0.0,20.59
2025-06-20,Pune,120,26.65,0.0,11.38
2025-06-21,Pune,120,28.76,40.06,21.02
2025-06-22,Pune,120,32.34,15.24,21.55
2025-06-23,Pune,120,27.95,2.84,19.77
2025-06-24,Pune,120,27.98,0.0,17.29
2025-06-25,Pune,120,27.46,0.0,11.96
2025-06-26,Pune,120,27.51,0.0,13.66
2025-06-27,Pune,120,28.99,0.0,12.08
2025-06-28,Pune,120,28.54,0.0,12.63
2025-06-29,Pune,120,27.8,0.0,15.14
2025-06-30,Pune,120,28.0,0.0,14.55
2025-07-01,Pune,120,27.31,0.0,18.23
2025-07-02,Pune,120,27.69,0.0,17.9
2025-07-03,Pune,120,24.11,0.89,15.0
2025-07-04,Pune,120,24.89,78.64,25.77
2025-07-05,Pune,120,26.41,10.75,22.24
2025-07-06,Pune,120,27.7,18.42,18.33
2025-07-07,Pune,120,25.54,27.41,21.37
2025-07-08,Pune,120,24.53,0.0,16.16
2025-07-09,Pune,120,23.8,0.0,12.21
2025-07-10,Pune,120,24.52,0.0,11.85
2025-07-11,Pune,120,25.32,30.66,21.95
2025-07-12,Pune,120,27.52,12.95,18.72
2025-07-13,Pune,120,24.48,7.65,20.59
2025-07-14,Pune,120,27.27,3.17,15.35
2025-07-15,Pune,120,27.76,6.2,20.85
2025-07-16,Pune,120,24.06,2.09,14.85
2025-07-17,Pune,120,27.16,8.9,18.97
2025-07-18,Pune,120,26.76,6.65,19.79
2025-07-19,Pune,120,24.54,9.45,20.51
2025-07-20,Pune,120,27.38,8.58,14.18
2025-07-21,Pune,120,25.05,0.5,10.47
2025-07-22,Pune,120,20.67,6.09,11.13
2025-07-23,Pune,120,25.66,0.0,12.07
2025-07-24,Pune,120,24.95,0.0,15.67
2025-07-25,Pune,120,21.95,0.0,13.41
2025-07-26,Pune,120,24.44,0.0,10.8
2025-07-27,Pune,120,24.32,0.0,15.88
2025-07-28,Pune,120,25.24,1.76,17.11
2025-07-29,Pune,120,28.07,7.0,16.23
2025-07-30,Pune,120,27.17,15.8,17.77
2025-07-31,Pune,120,28.2,14.43,21.7
2025-08-01,Pune,120,26.43,2.91,11.34
2025-08-02,Pune,120,23.11,30.31,15.08
2025-08-03,Pune,120,26.64,1.65,11.68
2025-08-04,Pune,120,22.52,0.0,14.56
2025-08-05,Pune,120,22.04,0.0,12.82
2025-08-06,Pune,120,23.93,0.0,18.97
2025-08-07,Pune,120,23.26,0.0,14.54
2025-08-08,Pune,120,25.16,0.0,12.26
2025-08-09,Pune,120,22.45,0.0,13.03
2025-08-10,Pune,120,25.15,0.0,12.27
2025-08-11,Pune,120,24.51,0.0,11.9
2025-08-12,Pune,120,24.48,0.0,13.72
2025-08-13,Pune,120,26.03,0.0,14.4
2025-08-14,Pune,120,25.9,0.0,14.09
2025-08-15,Pune,120,28.49,0.0,12.27
2025-08-16,Pune,120,26.15,0.0,13.62
2025-08-17,Pune,120,27.63,0.0,13.86
2025-08-18,Pune,120,25.29,0.0,13.95
2025-08-19,Pune,120,27.6,0.0,10.68
2025-08-20,Pune,120,30.24,12.33,18.4
2025-08-21,Pune,120,25.67,12.49,15.21
2025-08-22,Pune,120,27.04,5.81,7.18
2025-08-23,Pune,120,24.69,13.28,12.59
2025-08-24,Pune,120,25.67,0.0,14.06
2025-08-25,Pune,120,26.5,1.52,18.85
2025-08-26,Pune,120,26.64,2.86,9.98
2025-08-27,Pune,120,26.37,7.08,17.39
2025-08-28,Pune,120,25.78,0.0,12.03
2025-08-29,Pune,120,25.05,0.0,13.4
2025-08-30,Pune,120,25.63,0.0,16.72
2025-08-31,Pune,120,23.09,0.0,14.19
2025-09-01,Pune,120,23.22,0.0,8.71
2025-09-02,Pune,120,22.44,6.32,11.78
2025-09-03,Pune,120,23.86,2.78,15.24
2025-09-04,Pune,120,26.59,2.77,14.37
2025-09-05,Pune,120,24.27,14.19,15.21
2025-09-06,Pune,120,25.85,0.0,10.57
2025-09-07,Pune,120,23.45,0.0,9.38
2025-09-08,Pune,120,23.43,0.0,12.42
2025-09-09,Pune,120,20.84,0.0,8.84
2025-09-10,Pune,120,20.29,0.0,12.54
2025-09-11,Pune,120,23.43,0.0,13.07
2025-09-12,Pune,120,24.59,0.0,15.92
2025-09-13,Pune,120,24.25,7.41,10.74
2025-09-14,Pune,120,24.5,1.0,9.41
2025-09-15,Pune,120,26.57,0.0,11.0
2025-09-16,Pune,120,26.47,0.0,14.68
2025-09-17,Pune,120,26.68,0.0,11.1
2025-09-18,Pune,120,28.22,17.84,13.57
2025-09-19,Pune,120,25.11,0.0,13.0
2025-09-20,Pune,120,26.24,0.0,12.97
2025-09-21,Pune,120,25.16,0.0,11.23
2025-09-22,Pune,120,24.69,0.0,17.08
2025-09-23,Pune,120,24.23,0.0,15.58
2025-09-24,Pune,120,24.42,0.0,10.09
2025-09-25,Pune,120,24.57,0.0,9.44
2025-09-26,Pune,120,25.46,0.0,12.11
2025-09-27,Pune,120,22.37,3.26,15.28
2025-09-28,Pune,120,26.75,20.03,18.72
2025-09-29,Pune,120,26.57,6.62,9.79
2025-09-30,Pune,120,25.79,14.04,12.18
2023-01-01,Pune,168,20.83,0.0,7.07
2023-01-02,Pune,168,22.81,0.0,7.92
2023-01-03,Pune,168,20.04,0.0,9.4
2023-01-04,Pune,168,21.31,0.0,9.53
2023-01-05,Pune,168,18.48,0.0,5.51
2023-01-06,Pune,168,19.43,0.0,4.63
2023-01-07,Pune,168,21.9,0.0,9.6
2023-01-08,Pune,168,19.58,0.0,12.52
2023-01-09,Pune,168,20.43,0.0,13.25
2023-01-10,Pune,168,22.59,0.0,3.66
2023-01-11,Pune,168,17.46,0.0,10.63
2023-01-12,Pune,168,20.96,0.0,8.43
2023-01-13,Pune,168,22.54,0.0,9.25
2023-01-14,Pune,168,18.93,0.0,9.36
2023-01-15,Pune,168,21.19,0.0,6.35
2023-01-16,Pune,168,23.8,0.0,7.6
2023-01-17,Pune,168,23.7,4.43,14.8
2023-01-18,Pune,168,18.3,0.0,14.9
2023-01-19,Pune,168,20.47,0.0,1.0
2023-01-20,Pune,168,17.05,0.0,0.66
2023-01-21,Pune,168,16.54,0.0,11.86
2023-01-22,Pune,168,18.67,0.0,6.78
2023-01-23,Pune,168,17.4,0.0,6.79
2023-01-24,Pune,168,16.69,0.0,10.3
2023-01-25,Pune,168,18.11,0.0,8.89
2023-01-26,Pune,168,17.33,0.0,2.1
2023-01-27,Pune,168,17.32,0.0,9.68
2023-01-28,Pune,168,16.51,0.0,7.06
2023-01-29,Pune,168,17.77,0.0,2.52
2023-01-30,Pune,168,18.15,0.0,6.8
2023-01-31,Pune,168,21.44,0.0,6.96
2023-02-01,Pune,168,20.92,0.0,8.75
2023-02-02,Pune,168,19.45,0.0,4.35
2023-02-03,Pune,168,19.5,0.0,7.12
2023-02-04,Pune,168,22.65,0.0,5.33
2023-02-05,Pune,168,24.21,0.0,5.11
2023-02-06,Pune,168,22.28,0.0,9.6
2023-02-07,Pune,168,19.88,0.0,8.34
2023-02-08,Pune,168,21.76,0.0,8.12
2023-02-09,Pune,168,21.75,0.0,5.08
2023-02-10,Pune,168,23.0,0.0,4.21
2023-02-11,Pune,168,23.12,0.0,8.91
2023-02-12,Pune,168,23.77,0.0,8.26
2023-02-13,Pune,168,18.56,0.0,13.08
2023-02-14,Pune,168,22.16,0.0,10.67
2023-02-15,Pune,168,25.29,0.0,8.51
2023-02-16,Pune,168,22.66,0.0,8.48
2023-02-17,Pune,168,23.13,0.0,10.3
2023-02-18,Pune,168,22.66,0.0,8.24
2023-02-19,Pune,168,21.97,0.0,8.04
2023-02-20,Pune,168,23.24,0.0,13.28
2023-02-21,Pune,168,25.08,0.0,18.28
2023-02-22,Pune,168,25.15,0.0,15.73
2023-02-23,Pune,168,23.31,0.0,8.64
2023-02-24,Pune,168,26.13,0.0,7.31
2023-02-25,Pune,168,22.98,0.0,4.94
2023-02-26,Pune,168,23.36,0.0,9.48
2023-02-27,Pune,168,25.51,0.0,7.97
2023-02-28,Pune,168,22.64,0.0,10.8
2023-03-01,Pune,168,28.94,0.0,13.51
2023-03-02,Pune,168,26.12,0.0,5.14
2023-03-03,Pune,168,28.11,0.0,10.25
2023-03-04,Pune,168,25.92,0.0,8.33
2023-03-05,Pune,168,26.23,0.0,7.02
2023-03-06,Pune,168,24.87,0.0,10.23
2023-03-07,Pune,168,24.71,0.0,4.07
2023-03-08,Pune,168,26.81,0.0,7.52
2023-03-09,Pune,168,28.92,0.0,6.98
2023-03-10,Pune,168,33.56,0.0,9.36
2023-03-11,Pune,168,27.0,0.0,15.1
2023-03-12,Pune,168,27.54,0.0,9.96
2023-03-13,Pune,168,25.46,0.0,16.2
2023-03-14,Pune,168,25.03,0.0,9.59
2023-03-15,Pune,168,24.39,5.5,13.14
2023-03-16,Pune,168,25.45,0.0,12.16
2023-03-17,Pune,168,27.57,0.0,12.17
2023-03-18,Pune,168,27.33,0.0,5.7
2023-03-19,Pune,168,26.57,0.0,8.51
2023-03-20,Pune,168,25.73,0.0,5.48
2023-03-21,Pune,168,25.84,0.0,6.34
2023-03-22,Pune,168,29.02,0.0,8.28
2023-03-23,Pune,168,25.23,0.0,5.26
2023-03-24,Pune,168,29.6,0.0,9.78
2023-03-25,Pune,168,28.99,0.0,8.7
2023-03-26,Pune,168,25.96,0.0,7.23
2023-03-27,Pune,168,28.56,0.0,7.24
2023-03-28,Pune,168,26.52,0.0,8.85
2023-03-29,Pune,168,24.54,0.0,8.33
2023-03-30,Pune,168,24.57,0.0,12.26
2023-03-31,Pune,168,27.97,0.0,8.37
2023-04-01,Pune,168,30.87,0.0,7.92
2023-04-02,Pune,168,32.03,0.0,16.56
2023-04-03,Pune,168,31.65,0.0,8.8
2023-04-04,Pune,168,33.81,0.0,13.95
2023-04-05,Pune,168,30.66,0.0,13.61
2023-04-06,Pune,168,34.38,0.0,14.0
2023-04-07,Pune,168,31.56,0.0,14.23
2023-04-08,Pune,168,31.07,0.0,12.31
2023-04-09,Pune,168,34.25,0.0,9.1
2023-04-10,Pune,168,27.69,0.0,11.84
2023-04-11,Pune,168,25.63,0.0,9.08
2023-04-12,Pune,168,26.35,0.0,6.51
2023-04-13,Pune,168,24.49,0.0,7.53
2023-04-14,Pune,168,27.8,0.0,11.31
2023-04-15,Pune,168,35.48,0.0,11.36
2023-04-16,Pune,168,29.68,0.0,12.57
2023-04-17,Pune,168,29.63,0.0,12.58
2023-04-18,Pune,168,31.77,0.0,6.16
2023-04-19,Pune,168,32.1,0.0,13.98
2023-04-20,Pune,168,27.8,0.0,10.33
2023-04-21,Pune,168,31.48,0.0,14.7
2023-04-22,Pune,168,34.17,0.0,5.37
2023-04-23,Pune,168,34.36,46.35,13.87
2023-04-24,Pune,168,28.08,0.0,10.43
2023-04-25,Pune,168,31.06,0.0,14.86
2023-04-26,Pune,168,32.64,0.0,15.04
2023-04-27,Pune,168,30.98,0.0,14.91
2023-04-28,Pune,168,29.36,0.0,13.52
2023-04-29,Pune,168,30.05,0.0,13.64
2023-04-30,Pune,168,31.59,0.0,11.29
2023-05-01,Pune,168,31.51,0.0,15.25
2023-05-02,Pune,168,32.5,0.0,13.62
2023-05-03,Pune,168,31.78,0.0,16.01
2023-05-04,Pune,168,30.54,0.0,17.46
2023-05-05,Pune,168,28.98,0.0,14.01
2023-05-06,Pune,168,27.9,4.35,14.41
2023-05-07,Pune,168,32.37,0.0,20.42
2023-05-08,Pune,168,28.65,0.0,11.52
2023-05-09,Pune,168,31.56,0.0,16.83
2023-05-10,Pune,168,29.23,0.0,11.96
2023-05-11,Pune,168,31.86,0.0,11.08
2023-05-12,Pune,168,29.12,0.0,15.52
2023-05-13,Pune,168,31.63,0.0,11.06
2023-05-14,Pune,168,29.81,0.0,12.09
2023-05-15,Pune,168,30.47,0.0,12.66
2023-05-16,Pune,168,32.28,0.0,8.39
2023-05-17,Pune,168,30.91,0.0,19.99
2023-05-18,Pune,168,30.32,0.0,14.92
2023-05-19,Pune,168,30.87,0.0,16.61
2023-05-20,Pune,168,32.96,0.0,9.13
2023-05-21,Pune,168,29.89,0.0,8.22
2023-05-22,Pune,168,31.83,0.0,14.6
2023-05-23,Pune,168,28.65,0.0,15.43
2023-05-24,Pune,168,36.64,0.0,10.26
2023-05-25,Pune,168,30.48,0.0,11.83
2023-05-26,Pune,168,28.54,0.0,9.16
2023-05-27,Pune,168,27.14,0.0,11.31
2023-05-28,Pune,168,33.19,0.0,10.53
2023-05-29,Pune,168,31.24,0.0,13.92
2023-05-30,Pune,168,33.03,0.0,14.36
2023-05-31,Pune,168,32.95,0.0,9.65
2023-06-01,Pune,168,26.36,0.0,16.0
2023-06-02,Pune,168,27.28,0.0,19.35
2023-06-03,Pune,168,29.29,7.95,22.53
2023-06-04,Pune,168,25.41,0.0,17.95
2023-06-05,Pune,168,26.03,0.0,13.41
2023-06-06,Pune,168,26.91,1.93,18.19
2023-06-07,Pune,168,25.26,36.1,20.49
2023-06-08,Pune,168,26.42,0.71,13.82
2023-06-09,Pune,168,27.35,31.8,9.3
2023-06-10,Pune,168,25.54,16.99,21.54
2023-06-11,Pune,168,26.42,0.0,9.07
2023-06-12,Pune,168,23.74,0.0,16.89
2023-06-13,Pune,168,27.95,4.29,15.82
2023-06-14,Pune,168,26.53,16.75,16.59
2023-06-15,Pune,168,28.91,0.82,11.96
2023-06-16,Pune,168,24.63,0.0,11.0
2023-06-17,Pune,168,23.73,25.05,14.25
2023-06-18,Pune,168,25.52,0.36,16.24
2023-06-19,Pune,168,23.93,0.0,10.46
2023-06-20,Pune,168,26.01,0.0,9.78
2023-06-21,Pune,168,25.11,0.0,12.29
2023-06-22,Pune,168,25.79,0.0,17.01
2023-06-23,Pune,168,26.36,0.0,16.97
2023-06-24,Pune,168,28.78,0.0,10.16
2023-06-25,Pune,168,24.45,6.03,12.38
2023-06-26,Pune,168,25.32,17.3,17.48
2023-06-27,Pune,168,26.73,5.85,10.96
2023-06-28,Pune,168,25.5,1.04,18.9
2023-06-29,Pune,168,27.62,0.77,18.67
2023-06-30,Pune,168,28.68,0.0,20.35
2023-07-01,Pune,168,25.4,0.0,12.08
2023-07-02,Pune,168,24.31,0.0,16.37
2023-07-03,Pune,168,25.68,16.42,25.26
2023-07-04,Pune,168,23.9,4.74,18.53
2023-07-05,Pune,168,25.99,28.76,20.45
2023-07-06,Pune,168,25.17,0.0,18.4
2023-07-07,Pune,168,25.76,0.0,21.33
2023-07-08,Pune,168,25.76,49.96,24.57
2023-07-09,Pune,168,27.07,13.65,21.22
2023-07-10,Pune,168,23.68,0.0,23.26
2023-07-11,Pune,168,23.2,0.0,16.08
2023-07-12,Pune,168,23.13,0.0,14.79
2023-07-13,Pune,168,28.45,0.0,18.62
2023-07-14,Pune,168,28.15,0.0,16.41
2023-07-15,Pune,168,26.84,0.0,16.74
2023-07-16,Pune,168,25.28,55.48,23.18
2023-07-17,Pune,168,27.05,0.26,17.26
2023-07-18,Pune,168,30.34,0.0,20.5
2023-07-19,Pune,168,27.67,5.18,19.09
2023-07-20,Pune,168,29.6,0.0,14.49
2023-07-21,Pune,168,29.35,0.0,19.55
2023-07-22,Pune,168,29.47,0.0,23.42
2023-07-23,Pune,168,28.37,0.0,16.91
2023-07-24,Pune,168,27.86,0.0,14.6
2023-07-25,Pune,168,28.31,0.0,25.07
2023-07-26,Pune,168,29.56,0.0,21.24
2023-07-27,Pune,168,28.33,0.0,17.34
2023-07-28,Pune,168,26.47,0.0,15.49
2023-07-29,Pune,168,26.31,31.6,15.97
2023-07-30,Pune,168,24.59,0.0,18.24
2023-07-31,Pune,168,25.58,6.43,15.71
2023-08-01,Pune,168,27.59,6.72,12.65
2023-08-02,Pune,168,23.64,0.0,17.15
2023-08-03,Pune,168,18.55,0.0,18.16
2023-08-04,Pune,168,21.99,0.0,17.18
2023-08-05,Pune,168,22.91,0.0,16.17
2023-08-06,Pune,168,24.32,0.21,15.58
2023-08-07,Pune,168,21.56,2.01,14.38
2023-08-08,Pune,168,21.48,5.46,9.45
2023-08-09,Pune,168,19.54,0.4,8.55
2023-08-10,Pune,168,23.97,3.24,17.58
2023-08-11,Pune,168,21.57,0.0,17.31
2023-08-12,Pune,168,21.32,0.0,11.08
2023-08-13,Pune,168,23.05,0.0,13.53
2023-08-14,Pune,168,22.03,15.7,20.52
2023-08-15,Pune,168,20.39,0.43,13.44
2023-08-16,Pune,168,24.94,0.0,16.96
2023-08-17,Pune,168,19.34,0.74,17.65
2023-08-18,Pune,168,21.77,0.94,8.62
2023-08-19,Pune,168,21.89,3.47,13.89
2023-08-20,Pune,168,21.76,0.0,11.07
2023-08-21,Pune,168,22.21,31.42,17.14
2023-08-22,Pune,168,22.98,4.24,11.47
2023-08-23,Pune,168,23.84,19.81,19.67
2023-08-24,Pune,168,26.5,0.0,12.47
2023-08-25,Pune,168,21.22,0.0,10.98
2023-08-26,Pune,168,22.44,0.0,15.56
2023-08-27,Pune,168,26.24,0.0,12.51
2023-08-28,Pune,168,22.61,2.57,14.61
2023-08-29,Pune,168,23.12,0.0,16.75
2023-08-30,Pune,168,24.89,0.0,14.07
2023-08-31,Pune,168,24.24,29.23,20.0
2023-09-01,Pune,168,22.99,0.0,14.9
2023-09-02,Pune,168,25.07,3.23,15.53
2023-09-03,Pune,168,24.55,0.2,11.33
2023-09-04,Pune,168,25.83,19.34,19.81
2023-09-05,Pune,168,26.54,13.71,16.99
2023-09-06,Pune,168,22.2,0.0,13.86
2023-09-07,Pune,168,23.39,0.0,12.48
2023-09-08,Pune,168,23.2,0.0,15.02
2023-09-09,Pune,168,18.11,0.0,10.62
2023-09-10,Pune,168,20.46,0.0,13.98
2023-09-11,Pune,168,24.68,0.0,12.4
2023-09-12,Pune,168,23.99,0.0,9.58
2023-09-13,Pune,168,21.67,0.0,10.08
2023-09-14,Pune,168,18.72,0.0,14.18
2023-09-15,Pune,168,22.0,4.31,13.2
2023-09-16,Pune,168,25.1,2.76,15.81
2023-09-17,Pune,168,24.41,8.47,12.37
2023-09-18,Pune,168,24.79,2.66,11.2
2023-09-19,Pune,168,29.98,0.0,9.58
2023-09-20,Pune,168,26.76,0.0,7.48
2023-09-21,Pune,168,25.51,0.0,6.27
2023-09-22,Pune,168,28.5,0.0,11.79
2023-09-23,Pune,168,27.0,0.0,9.37
2023-09-24,Pune,168,25.55,0.0,16.4
2023-09-25,Pune,168,25.37,0.0,12.47
2023-09-26,Pune,168,26.44,0.0,10.19
2023-09-27,Pune,168,24.12,0.0,16.07
2023-09-28,Pune,168,22.96,0.0,12.64
2023-09-29,Pune,168,26.4,4.63,9.03
2023-09-30,Pune,168,24.71,0.0,17.54
2023-10-01,Pune,168,25.38,0.0,7.37
2023-10-02,Pune,168,28.64,0.0,11.04
2023-10-03,Pune,168,26.09,0.0,7.0
2023-10-04,Pune,168,26.05,0.0,14.99
2023-10-05,Pune,168,28.53,0.0,12.49
2023-10-06,Pune,168,24.37,0.0,10.76
2023-10-07,Pune,168,25.06,0.0,7.43
2023-10-08,Pune,168,25.64,0.0,9.62
2023-10-09,Pune,168,26.44,0.0,9.63
2023-10-10,Pune,168,25.49,0.0,9.04
2023-10-11,Pune,168,23.49,4.3,7.46
2023-10-12,Pune,168,24.95,0.0,13.46
2023-10-13,Pune,168,27.48,0.0,13.6
2023-10-14,Pune,168,24.83,0.0,10.8
2023-10-15,Pune,168,26.9,0.0,12.42
2023-10-16,Pune,168,26.3,0.0,10.97
2023-10-17,Pune,168,26.96,6.04,12.02
2023-10-18,Pune,168,27.47,0.0,7.64
2023-10-19,Pune,168,24.7,0.0,12.69
2023-10-20,Pune,168,26.46,0.0,10.16
2023-10-21,Pune,168,27.52,0.0,12.31
2023-10-22,Pune,168,26.64,0.0,7.82
2023-10-23,Pune,168,30.04,0.0,9.0
2023-10-24,Pune,168,26.25,0.0,14.54
2023-10-25,Pune,168,24.88,0.0,9.93
2023-10-26,Pune,168,26.36,0.0,16.23
2023-10-27,Pune,168,25.26,7.03,15.02
2023-10-28,Pune,168,27.15,0.0,9.96
2023-10-29,Pune,168,27.5,0.0,10.94
2023-10-30,Pune,168,26.55,0.0,10.64
2023-10-31,Pune,168,25.91,0.0,14.66
2023-11-01,Pune,168,21.77,0.0,1.6
2023-11-02,Pune,168,20.3,0.0,4.72
2023-11-03,Pune,168,24.41,0.0,2.1
2023-11-04,Pune,168,27.12,0.0,7.46
2023-11-05,Pune,168,22.99,0.0,7.58
2023-11-06,Pune,168,22.3,0.0,13.42
2023-11-07,Pune,168,21.83,0.0,14.31
2023-11-08,Pune,168,22.0,0.0,7.5
2023-11-09,Pune,168,23.35,0.0,6.08
2023-11-10,Pune,168,24.89,0.0,7.2
2023-11-11,Pune,168,22.52,0.0,3.7
2023-11-12,Pune,168,22.48,0.0,3.81
2023-11-13,Pune,168,22.74,0.0,0.79
2023-11-14,Pune,168,19.37,0.0,0.0
2023-11-15,Pune,168,19.76,0.0,5.14
2023-11-16,Pune,168,17.41,0.0,9.19
2023-11-17,Pune,168,21.27,0.0,8.21
2023-11-18,Pune,168,20.45,39.94,15.67
2023-11-19,Pune,168,22.44,0.0,8.42
2023-11-20,Pune,168,25.88,0.0,5.93
2023-11-21,Pune,168,20.47,0.0,4.02
2023-11-22,Pune,168,23.94,0.0,10.6
2023-11-23,Pune,168,25.65,0.0,6.38
2023-11-24,Pune,168,22.97,0.0,7.54
2023-11-25,Pune,168,22.07,0.0,2.04
2023-11-26,Pune,168,25.22,0.0,6.78
2023-11-27,Pune,168,26.08,0.0,12.94
2023-11-28,Pune,168,24.87,0.0,7.25
2023-11-29,Pune,168,22.43,0.0,5.61
2023-11-30,Pune,168,21.54,0.0,8.5
2023-12-01,Pune,168,22.03,0.0,7.57
2023-12-02,Pune,168,21.02,0.0,1.25
2023-12-03,Pune,168,18.9,0.0,12.04
2023-12-04,Pune,168,22.71,0.0,6.94
2023-12-05,Pune,168,22.15,0.0,5.34
2023-12-06,Pune,168,18.53,0.0,9.39
2023-12-07,Pune,168,22.47,0.0,1.17
2023-12-08,Pune,168,21.98,0.0,5.71
2023-12-09,Pune,168,23.46,0.0,6.54
2023-12-10,Pune,168,28.41,0.0,4.26
2023-12-11,Pune,168,22.25,0.0,4.94
2023-12-12,Pune,168,21.08,0.0,6.73
2023-12-13,Pune,168,21.56,0.0,9.46
2023-12-14,Pune,168,19.24,0.0,6.0
2023-12-15,Pune,168,21.83,0.0,8.83
2023-12-16,Pune,168,24.77,0.0,6.72
2023-12-17,Pune,168,23.71,0.0,6.33
2023-12-18,Pune,168,22.98,0.0,9.17
2023-12-19,Pune,168,21.79,0.0,6.07
2023-12-20,Pune,168,20.27,0.0,2.85
2023-12-21,Pune,168,20.45,0.0,6.38
2023-12-22,Pune,168,22.81,0.0,2.09
2023-12-23,Pune,168,20.62,0.0,9.52
2023-12-24,Pune,168,21.99,0.0,7.81
2023-12-25,Pune,168,20.05,0.0,6.55
2023-12-26,Pune,168,22.66,0.0,7.79
2023-12-27,Pune,168,22.16,0.0,9.59
2023-12-28,Pune,168,19.68,0.0,5.41
2023-12-29,Pune,168,22.87,0.0,12.28
2023-12-30,Pune,168,22.84,0.0,8.72
2023-12-31,Pune,168,24.25,0.0,10.16
2024-01-01,Pune,168,20.22,0.0,11.9
2024-01-02,Pune,168,17.93,0.0,1.3
2024-01-03,Pune,168,18.91,0.0,1.83
2024-01-04,Pune,168,18.28,0.0,3.08
2024-01-05,Pune,168,17.84,0.0,5.42
2024-01-06,Pune,168,22.76,0.0,5.46
2024-01-07,Pune,168,22.43,0.0,6.99
2024-01-08,Pune,168,16.81,0.0,4.84
2024-01-09,Pune,168,19.14,0.0,8.19
2024-01-10,Pune,168,15.09,0.0,6.37
2024-01-11,Pune,168,18.69,0.0,12.87
2024-01-12,Pune,168,20.82,0.0,7.04
2024-01-13,Pune,168,22.29,0.0,10.07
2024-01-14,Pune,168,21.57,0.0,11.67
2024-01-15,Pune,168,20.27,0.0,6.84
2024-01-16,Pune,168,19.35,0.0,5.83
2024-01-17,Pune,168,19.37,0.0,2.1
2024-01-18,Pune,168,19.84,0.0,3.62
2024-01-19,Pune,168,18.91,0.0,3.14
2024-01-20,Pune,168,21.03,0.0,12.98
2024-01-21,Pune,168,20.39,0.0,9.24
2024-01-22,Pune,168,21.62,0.0,10.08
2024-01-23,Pune,168,23.81,0.0,8.18
2024-01-24,Pune,168,21.36,0.0,8.41
2024-01-25,Pune,168,23.74,0.0,4.25
2024-01-26,Pune,168,23.07,0.0,6.38
2024-01-27,Pune,168,21.62,0.0,2.62
2024-01-28,Pune,168,19.0,0.0,10.11
2024-01-29,Pune,168,19.23,0.0,4.07
2024-01-30,Pune,168,17.86,0.0,1.31
2024-01-31,Pune,168,20.22,0.0,4.64
2024-02-01,Pune,168,22.23,0.0,2.04
2024-02-02,Pune,168,22.1,0.0,4.68
2024-02-03,Pune,168,23.54,0.0,8.46
2024-02-04,Pune,168,21.42,0.0,7.38
2024-02-05,Pune,168,19.84,0.0,6.91
2024-02-06,Pune,168,21.42,0.0,7.1
2024-02-07,Pune,168,21.52,0.0,8.86
2024-02-08,Pune,168,22.22,0.0,12.07
2024-02-09,Pune,168,21.6,0.0,7.25
2024-02-10,Pune,168,26.41,0.0,10.0
2024-02-11,Pune,168,23.8,0.0,11.5
2024-02-12,Pune,168,21.85,0.0,11.56
2024-02-13,Pune,168,21.87,0.0,13.28
2024-02-14,Pune,168,24.04,0.0,9.65
2024-02-15,Pune,168,20.6,0.0,8.48
2024-02-16,Pune,168,24.64,0.0,12.1
2024-02-17,Pune,168,23.88,0.0,13.98
2024-02-18,Pune,168,24.96,0.0,9.54
2024-02-19,Pune,168,21.07,0.0,6.97
2024-02-20,Pune,168,22.29,0.0,12.01
2024-02-21,Pune,168,22.53,0.0,13.75
2024-02-22,Pune,168,23.34,0.0,5.81
2024-02-23,Pune,168,24.11,0.0,10.51
2024-02-24,Pune,168,27.12,0.0,7.59
2024-02-25,Pune,168,26.6,0.0,11.37
2024-02-26,Pune,168,23.45,0.0,10.95
2024-02-27,Pune,168,17.49,0.0,11.54
2024-02-28,Pune,168,21.93,0.0,8.43
2024-02-29,Pune,168,24.14,0.0,11.9
2024-03-01,Pune,168,23.44,0.0,8.07
2024-03-02,Pune,168,29.18,0.0,10.92
2024-03-03,Pune,168,27.44,0.0,5.76
2024-03-04,Pune,168,28.69,0.0,6.04
2024-03-05,Pune,168,25.83,0.0,9.51
2024-03-06,Pune,168,25.95,0.0,12.74
2024-03-07,Pune,168,24.39,0.0,9.53
2024-03-08,Pune,168,26.73,0.0,11.13
2024-03-09,Pune,168,25.48,0.0,11.08
2024-03-10,Pune,168,24.18,0.0,12.88
2024-03-11,Pune,168,25.46,0.0,16.84
2024-03-12,Pune,168,23.05,0.0,7.07
2024-03-13,Pune,168,26.94,0.0,11.37
2024-03-14,Pune,168,26.94,0.0,5.73
2024-03-15,Pune,168,24.65,0.0,6.95
2024-03-16,Pune,168,24.96,0.0,7.98
2024-03-17,Pune,168,27.71,0.0,9.94
2024-03-18,Pune,168,24.55,0.0,15.84
2024-03-19,Pune,168,26.72,0.0,9.36
2024-03-20,Pune,168,24.15,0.0,9.51
2024-03-21,Pune,168,28.81,0.0,2.52
2024-03-22,Pune,168,26.8,0.0,5.01
2024-03-23,Pune,168,26.04,1.73,5.43
2024-03-24,Pune,168,25.42,0.0,2.78
2024-03-25,Pune,168,27.66,0.0,7.52
2024-03-26,Pune,168,26.98,0.0,8.09
2024-03-27,Pune,168,27.75,0.0,6.9
2024-03-28,Pune,168,28.64,0.0,5.29
2024-03-29,Pune,168,29.66,0.0,6.12
2024-03-30,Pune,168,28.1,0.0,4.8
2024-03-31,Pune,168,25.53,0.0,11.05
2024-04-01,Pune,168,30.09,0.0,10.06
2024-04-02,Pune,168,28.59,0.0,11.95
2024-04-03,Pune,168,30.51,0.0,2.66
2024-04-04,Pune,168,31.0,0.0,4.4
2024-04-05,Pune,168,26.39,0.0,6.74
2024-04-06,Pune,168,30.05,0.0,9.07
2024-04-07,Pune,168,29.13,0.0,7.23
2024-04-08,Pune,168,27.45,0.0,6.8
2024-04-09,Pune,168,28.59,0.0,9.49
2024-04-10,Pune,168,28.5,0.0,5.3
2024-04-11,Pune,168,28.76,0.0,8.93
2024-04-12,Pune,168,31.27,0.0,11.87
2024-04-13,Pune,168,27.88,0.0,9.83
2024-04-14,Pune,168,26.72,0.0,6.74
2024-04-15,Pune,168,28.37,0.0,13.53
2024-04-16,Pune,168,30.69,0.0,14.09
2024-04-17,Pune,168,26.21,0.0,9.55
2024-04-18,Pune,168,32.45,0.0,14.33
2024-04-19,Pune,168,28.27,0.0,10.55
2024-04-20,Pune,168,30.85,0.0,9.27
2024-04-21,Pune,168,30.36,0.0,9.25
2024-04-22,Pune,168,27.05,0.0,7.64
2024-04-23,Pune,168,26.48,0.0,9.1
2024-04-24,Pune,168,31.2,0.0,18.89
2024-04-25,Pune,168,29.72,0.0,17.47
2024-04-26,Pune,168,28.06,0.0,15.49
2024-04-27,Pune,168,31.24,0.0,11.93
2024-04-28,Pune,168,29.06,0.0,10.61
2024-04-29,Pune,168,31.67,0.0,13.61
2024-04-30,Pune,168,32.97,0.0,11.25
2024-05-01,Pune,168,30.08,3.91,14.26
2024-05-02,Pune,168,31.86,0.0,14.07
2024-05-03,Pune,168,30.04,0.0,15.25
2024-05-04,Pune,168,30.59,0.0,13.45
2024-05-05,Pune,168,30.62,0.0,10.99
2024-05-06,Pune,168,30.72,0.0,19.64
2024-05-07,Pune,168,27.82,0.0,13.97
2024-05-08,Pune,168,29.43,0.0,12.03
2024-05-09,Pune,168,27.99,0.0,16.27
2024-05-10,Pune,168,31.04,0.0,14.99
2024-05-11,Pune,168,25.37,0.0,9.86
2024-05-12,Pune,168,27.25,1.56,11.58
2024-05-13,Pune,168,29.43,22.62,8.64
2024-05-14,Pune,168,31.57,0.0,6.88
2024-05-15,Pune,168,33.25,0.0,11.57
2024-05-16,Pune,168,32.25,0.0,11.79
2024-05-17,Pune,168,27.47,0.0,0.97
2024-05-18,Pune,168,30.04,0.0,10.28
2024-05-19,Pune,168,30.68,0.0,14.76
2024-05-20,Pune,168,29.41,0.0,6.21
2024-05-21,Pune,168,32.5,0.0,13.83
2024-05-22,Pune,168,29.56,0.0,9.21
2024-05-23,Pune,168,27.31,0.0,12.11
2024-05-24,Pune,168,27.74,0.0,14.84
2024-05-25,Pune,168,29.8,0.0,17.25
2024-05-26,Pune,168,29.75,0.0,13.48
2024-05-27,Pune,168,30.03,0.0,12.48
2024-05-28,Pune,168,29.68,0.0,11.62
2024-05-29,Pune,168,31.16,0.0,16.34
2024-05-30,Pune,168,29.59,0.0,13.19
2024-05-31,Pune,168,31.52,0.0,8.74
2024-06-01,Pune,168,29.46,5.98,12.8
2024-06-02,Pune,168,29.07,6.27,14.59
2024-06-03,Pune,168,28.25,21.8,20.86
2024-06-04,Pune,168,29.32,15.8,17.17
2024-06-05,Pune,168,22.63,14.14,16.76
2024-06-06,Pune,168,27.41,8.29,16.71
2024-06-07,Pune,168,26.52,2.73,15.85
2024-06-08,Pune,168,26.71,0.0,10.02
2024-06-09,Pune,168,24.8,1.66,17.17
2024-06-10,Pune,168,26.54,24.34,17.5
2024-06-11,Pune,168,28.91,0.0,13.63
2024-06-12,Pune,168,28.91,0.0,16.07
2024-06-13,Pune,168,27.74,0.0,11.19
2024-06-14,Pune,168,25.54,0.0,14.55
2024-06-15,Pune,168,23.93,0.0,7.5
2024-06-16,Pune,168,24.96,4.56,14.52
2024-06-17,Pune,168,22.79,0.0,15.62
2024-06-18,Pune,168,25.54,0.0,21.61
2024-06-19,Pune,168,22.88,0.0,13.08
2024-06-20,Pune,168,24.93,7.29,18.73
2024-06-21,Pune,168,23.83,0.0,14.67
2024-06-22,Pune,168,25.07,0.0,21.01
2024-06-23,Pune,168,25.63,0.0,10.86
2024-06-24,Pune,168,23.57,0.0,17.56
2024-06-25,Pune,168,24.68,0.0,12.01
2024-06-26,Pune,168,25.37,0.0,15.38
2024-06-27,Pune,168,27.71,0.0,17.62
2024-06-28,Pune,168,24.92,0.0,12.91
2024-06-29,Pune,168,24.52,0.0,13.46
2024-06-30,Pune,168,23.15,0.0,18.25
2024-07-01,Pune,168,23.06,0.0,14.56
2024-07-02,Pune,168,24.0,0.0,11.13
2024-07-03,Pune,168,26.13,0.0,10.63
2024-07-04,Pune,168,22.12,0.0,13.94
2024-07-05,Pune,168,24.67,18.49,13.56
2024-07-06,Pune,168,23.61,4.78,21.42
2024-07-07,Pune,168,25.32,3.66,14.83
2024-07-08,Pune,168,21.99,0.96,19.93
2024-07-09,Pune,168,25.37,0.0,15.29
2024-07-10,Pune,168,23.9,0.0,23.05
2024-07-11,Pune,168,21.18,0.0,20.23
2024-07-12,Pune,168,24.13,0.0,16.92
2024-07-13,Pune,168,23.42,0.0,16.14
2024-07-14,Pune,168,25.53,0.0,9.42
2024-07-15,Pune,168,25.13,0.0,14.52
2024-07-16,Pune,168,24.51,34.59,16.5
2024-07-17,Pune,168,26.21,0.0,19.55
2024-07-18,Pune,168,26.05,0.0,22.25
2024-07-19,Pune,168,26.63,0.0,18.8
2024-07-20,Pune,168,23.49,30.29,23.95
2024-07-21,Pune,168,25.79,11.71,16.06
2024-07-22,Pune,168,24.23,5.27,15.64
2024-07-23,Pune,168,27.99,0.75,11.43
2024-07-24,Pune,168,25.73,14.15,18.73
2024-07-25,Pune,168,24.14,0.0,16.91
2024-07-26,Pune,168,26.01,0.0,17.77
2024-07-27,Pune,168,25.79,0.0,17.34
2024-07-28,Pune,168,24.04,0.0,16.69
2024-07-29,Pune,168,22.86,26.84,24.41
2024-07-30,Pune,168,22.71,0.0,19.81
2024-07-31,Pune,168,19.81,0.0,11.91
2024-08-01,Pune,168,18.58,0.0,13.41
2024-08-02,Pune,168,25.34,0.0,15.49
2024-08-03,Pune,168,22.53,2.02,18.22
2024-08-04,Pune,168,24.45,2.1,13.24
2024-08-05,Pune,168,25.55,10.96,18.77
2024-08-06,Pune,168,24.8,8.64,11.41
2024-08-07,Pune,168,27.36,0.0,13.75
2024-08-08,Pune,168,26.46,15.2,17.45
2024-08-09,Pune,168,24.87,12.36,15.03
2024-08-10,Pune,168,25.29,0.16,10.92
2024-08-11,Pune,168,23.36,46.93,22.19
2024-08-12,Pune,168,24.36,21.47,9.42
2024-08-13,Pune,168,23.26,0.5,12.34
2024-08-14,Pune,168,24.69,1.57,13.84
2024-08-15,Pune,168,22.98,2.2,10.48
2024-08-16,Pune,168,22.77,0.0,13.32
2024-08-17,Pune,168,24.01,0.0,10.1
2024-08-18,Pune,168,25.44,0.0,21.74
2024-08-19,Pune,168,24.91,0.0,16.39
2024-08-20,Pune,168,25.1,0.0,17.86
2024-08-21,Pune,168,23.98,0.0,13.9
2024-08-22,Pune,168,23.11,0.0,19.81
2024-08-23,Pune,168,22.63,0.0,19.68
2024-08-24,Pune,168,21.75,0.0,17.02
2024-08-25,Pune,168,23.75,0.27,14.9
2024-08-26,Pune,168,24.85,0.0,10.67
2024-08-27,Pune,168,25.04,0.0,16.26
2024-08-28,Pune,168,21.74,0.0,19.91
2024-08-29,Pune,168,21.46,4.29,15.81
2024-08-30,Pune,168,21.48,2.93,12.79
2024-08-31,Pune,168,21.33,0.61,10.81
2024-09-01,Pune,168,18.82,9.52,15.38
2024-09-02,Pune,168,22.16,6.08,14.57
2024-09-03,Pune,168,23.22,0.0,4.74
2024-09-04,Pune,168,23.74,7.55,13.39
2024-09-05,Pune,168,22.23,15.89,11.97
2024-09-06,Pune,168,25.88,0.0,7.45
2024-09-07,Pune,168,27.44,36.07,8.59
2024-09-08,Pune,168,20.37,6.45,4.69
2024-09-09,Pune,168,25.26,12.5,10.6
2024-09-10,Pune,168,23.34,1.39,6.9
2024-09-11,Pune,168,25.94,5.98,7.66
2024-09-12,Pune,168,24.19,35.94,14.6
2024-09-13,Pune,168,27.71,3.34,15.76
2024-09-14,Pune,168,28.79,2.81,7.66
2024-09-15,Pune,168,26.92,12.94,9.34
2024-09-16,Pune,168,28.98,4.45,8.94
2024-09-17,Pune,168,26.51,15.3,9.6
2024-09-18,Pune,168,27.46,9.26,8.58
2024-09-19,Pune,168,29.69,8.58,15.03
2024-09-20,Pune,168,27.02,11.54,12.35
2024-09-21,Pune,168,27.57,9.22,10.02
2024-09-22,Pune,168,25.28,0.0,9.52
2024-09-23,Pune,168,23.54,0.0,14.86
2024-09-24,Pune,168,26.08,0.0,13.48
2024-09-25,Pune,168,27.53,0.0,7.53
2024-09-26,Pune,168,29.33,0.0,10.12
2024-09-27,Pune,168,27.16,0.0,12.05
2024-09-28,Pune,168,26.07,0.0,10.25
2024-09-29,Pune,168,25.06,0.0,7.96
2024-09-30,Pune,168,24.89,0.0,11.44
2024-10-01,Pune,168,27.95,0.0,8.28
2024-10-02,Pune,168,25.35,0.0,5.57
2024-10-03,Pune,168,21.51,0.0,0.0
2024-10-04,Pune,168,27.05,0.0,3.29
2024-10-05,Pune,168,24.12,0.0,8.73
2024-10-06,Pune,168,21.3,3.12,10.25
2024-10-07,Pune,168,26.06,0.0,8.52
2024-10-08,Pune,168,26.51,0.0,8.39
2024-10-09,Pune,168,29.24,0.0,11.97
2024-10-10,Pune,168,25.01,0.0,11.21
2024-10-11,Pune,168,25.64,1.61,9.31
2024-10-12,Pune,168,28.07,0.0,1.51
2024-10-13,Pune,168,26.96,0.0,10.49
2024-10-14,Pune,168,27.85,0.0,3.61
2024-10-15,Pune,168,25.94,0.0,11.33
2024-10-16,Pune,168,23.14,0.0,5.64
2024-10-17,Pune,168,23.15,0.0,6.08
2024-10-18,Pune,168,24.01,0.0,1.34
2024-10-19,Pune,168,28.16,0.0,9.98
2024-10-20,Pune,168,26.22,0.0,2.17
2024-10-21,Pune,168,26.27,0.0,5.74
2024-10-22,Pune,168,23.18,6.94,14.78
2024-10-23,Pune,168,26.82,13.24,19.48
2024-10-24,Pune,168,20.06,0.0,7.44
2024-10-25,Pune,168,25.27,0.0,6.21
2024-10-26,Pune,168,26.57,0.0,5.81
2024-10-27,Pune,168,30.66,0.0,6.39
2024-10-28,Pune,168,31.18,0.0,9.17
2024-10-29,Pune,168,27.79,33.95,15.37
2024-10-30,Pune,168,28.62,0.0,6.84
2024-10-31,Pune,168,27.92,4.29,13.32
2024-11-01,Pune,168,25.0,0.0,11.47
2024-11-02,Pune,168,22.85,0.0,10.32
2024-11-03,Pune,168,28.21,10.68,8.36
2024-11-04,Pune,168,22.92,0.0,3.79
2024-11-05,Pune,168,22.04,0.0,2.32
2024-11-06,Pune,168,21.19,0.0,4.88
2024-11-07,Pune,168,22.89,0.0,5.29
2024-11-08,Pune,168,19.83,0.0,5.84
2024-11-09,Pune,168,22.89,0.0,10.06
2024-11-10,Pune,168,22.73,0.0,8.95
2024-11-11,Pune,168,20.61,0.0,7.25
2024-11-12,Pune,168,22.24,0.0,10.31
2024-11-13,Pune,168,25.48,0.0,5.26
2024-11-14,Pune,168,20.04,0.0,6.5
2024-11-15,Pune,168,19.88,0.0,5.22
2024-11-16,Pune,168,18.66,0.0,13.26
2024-11-17,Pune,168,19.65,0.0,7.18
2024-11-18,Pune,168,22.76,0.0,3.96
2024-11-19,Pune,168,21.07,0.0,4.43
2024-11-20,Pune,168,22.53,0.0,9.04
2024-11-21,Pune,168,22.14,0.0,5.08
2024-11-22,Pune,168,22.83,0.0,5.73
2024-11-23,Pune,168,22.57,0.0,7.33
2024-11-24,Pune,168,20.88,0.0,9.97
2024-11-25,Pune,168,19.4,0.0,2.04
2024-11-26,Pune,168,22.41,0.0,9.04
2024-11-27,Pune,168,24.18,0.0,11.11
2024-11-28,Pune,168,26.43,0.0,6.84
2024-11-29,Pune,168,22.86,0.0,6.94
2024-11-30,Pune,168,24.78,0.0,11.71
2024-12-01,Pune,168,24.38,0.0,5.66
2024-12-02,Pune,168,21.66,0.0,10.12
2024-12-03,Pune,168,21.55,0.0,7.49
2024-12-04,Pune,168,20.63,0.0,11.4
2024-12-05,Pune,168,21.85,0.0,13.53
2024-12-06,Pune,168,26.72,0.0,6.22
2024-12-07,Pune,168,22.33,0.0,7.17
2024-12-08,Pune,168,21.86,0.0,9.95
2024-12-09,Pune,168,26.19,0.0,4.03
2024-12-10,Pune,168,26.45,0.0,2.55
2024-12-11,Pune,168,27.53,0.0,4.71
2024-12-12,Pune,168,22.31,0.0,5.22
2024-12-13,Pune,168,23.42,0.0,10.26
2024-12-14,Pune,168,21.78,0.0,7.09
2024-12-15,Pune,168,20.54,0.0,8.44
2024-12-16,Pune,168,22.74,0.0,9.42
2024-12-17,Pune,168,21.23,0.0,7.73
2024-12-18,Pune,168,17.62,0.0,4.75
2024-12-19,Pune,168,23.08,0.0,12.7
2024-12-20,Pune,168,19.33,0.0,6.54
2024-12-21,Pune,168,18.14,0.0,16.9
2024-12-22,Pune,168,18.68,0.0,11.12
2024-12-23,Pune,168,20.85,0.0,8.51
2024-12-24,Pune,168,16.86,0.0,9.49
2024-12-25,Pune,168,18.36,0.0,4.05
2024-12-26,Pune,168,22.15,0.0,6.11
2024-12-27,Pune,168,20.33,0.0,4.61
2024-12-28,Pune,168,24.79,0.0,10.46
2024-12-29,Pune,168,23.03,0.0,2.31
2024-12-30,Pune,168,19.58,0.0,10.86
2024-12-31,Pune,168,21.23,0.0,3.89
2025-01-01,Pune,168,19.75,0.0,10.52
2025-01-02,Pune,168,19.88,0.0,5.89
2025-01-03,Pune,168,19.37,0.0,9.49
2025-01-04,Pune,168,17.28,0.0,7.97
2025-01-05,Pune,168,13.68,0.0,5.71
2025-01-06,Pune,168,17.14,0.26,8.08
2025-01-07,Pune,168,18.35,0.0,8.64
2025-01-08,Pune,168,20.67,0.0,10.93
2025-01-09,Pune,168,23.05,15.59,10.67
2025-01-10,Pune,168,19.72,0.0,11.1
2025-01-11,Pune,168,23.24,0.0,14.62
2025-01-12,Pune,168,18.96,0.0,9.25
2025-01-13,Pune,168,19.46,0.0,11.19
2025-01-14,Pune,168,20.36,0.0,8.24
2025-01-15,Pune,168,18.38,0.0,4.86
2025-01-16,Pune,168,26.01,0.0,9.54
2025-01-17,Pune,168,22.43,0.0,13.61
2025-01-18,Pune,168,23.93,0.0,10.3
2025-01-19,Pune,168,21.2,0.0,8.48
2025-01-20,Pune,168,22.71,0.0,7.78
2025-01-21,Pune,168,21.15,0.0,7.16
2025-01-22,Pune,168,21.82,0.0,4.25
2025-01-23,Pune,168,24.03,0.0,3.8
2025-01-24,Pune,168,19.8,0.0,6.67
2025-01-25,Pune,168,22.64,0.0,9.2
2025-01-26,Pune,168,21.61,0.0,5.44
2025-01-27,Pune,168,20.91,0.0,1.42
2025-01-28,Pune,168,20.38,0.0,8.86
2025-01-29,Pune,168,23.81,0.0,7.33
2025-01-30,Pune,168,23.19,0.0,11.83
2025-01-31,Pune,168,19.87,0.0,12.07
2025-02-01,Pune,168,21.62,0.0,13.49
2025-02-02,Pune,168,26.07,0.0,8.55
2025-02-03,Pune,168,23.68,0.0,0.52
2025-02-04,Pune,168,25.23,0.0,11.34
2025-02-05,Pune,168,23.87,0.0,10.04
2025-02-06,Pune,168,23.56,0.0,9.47
2025-02-07,Pune,168,22.33,0.0,3.45
2025-02-08,Pune,168,22.28,0.0,12.52
2025-02-09,Pune,168,24.43,0.32,13.75
2025-02-10,Pune,168,26.16,0.0,13.19
2025-02-11,Pune,168,22.77,0.0,11.16
2025-02-12,Pune,168,25.91,0.0,9.85
2025-02-13,Pune,168,23.37,0.0,9.27
2025-02-14,Pune,168,19.07,0.0,10.03
2025-02-15,Pune,168,21.79,0.0,11.67
2025-02-16,Pune,168,20.72,0.0,12.1
2025-02-17,Pune,168,23.55,0.0,11.95
2025-02-18,Pune,168,25.65,0.0,12.74
2025-02-19,Pune,168,22.13,0.0,8.82
2025-02-20,Pune,168,23.38,0.0,7.1
2025-02-21,Pune,168,24.74,0.0,15.61
2025-02-22,Pune,168,25.49,0.0,17.36
2025-02-23,Pune,168,21.51,0.0,13.83
2025-02-24,Pune,168,21.42,0.0,8.4
2025-02-25,Pune,168,18.81,0.0,8.37
2025-02-26,Pune,168,18.65,0.0,9.79
2025-02-27,Pune,168,20.1,0.0,7.8
2025-02-28,Pune,168,18.57,0.0,8.49
2025-03-01,Pune,168,26.57,0.0,14.62
2025-03-02,Pune,168,27.49,0.0,12.27
2025-03-03,Pune,168,27.57,0.0,10.91
2025-03-04,Pune,168,25.69,0.0,11.55
2025-03-05,Pune,168,25.67,0.0,10.81
2025-03-06,Pune,168,25.02,0.0,15.31
2025-03-07,Pune,168,23.5,0.0,5.47
2025-03-08,Pune,168,25.76,0.0,9.55
2025-03-09,Pune,168,24.83,0.0,11.53
2025-03-10,Pune,168,23.15,0.0,12.24
2025-03-11,Pune,168,24.13,0.0,11.0
2025-03-12,Pune,168,22.59,0.0,7.61
2025-03-13,Pune,168,26.99,0.0,11.61
2025-03-14,Pune,168,25.75,0.0,14.61
2025-03-15,Pune,168,28.65,0.0,10.8
2025-03-16,Pune,168,27.39,0.0,8.03
2025-03-17,Pune,168,24.89,0.0,5.62
2025-03-18,Pune,168,27.49,0.0,7.06
2025-03-19,Pune,168,29.04,0.0,9.79
2025-03-20,Pune,168,27.79,0.0,16.93
2025-03-21,Pune,168,28.3,0.0,13.33
2025-03-22,Pune,168,27.42,0.0,12.11
2025-03-23,Pune,168,24.19,0.0,6.69
2025-03-24,Pune,168,25.54,0.0,6.76
2025-03-25,Pune,168,24.98,0.0,5.73
2025-03-26,Pune,168,25.29,0.0,7.68
2025-03-27,Pune,168,28.5,0.0,6.85
2025-03-28,Pune,168,27.21,0.0,12.58
2025-03-29,Pune,168,24.37,0.0,13.63
2025-03-30,Pune,168,23.5,0.0,15.47
2025-03-31,Pune,168,23.84,0.0,10.05
2025-04-01,Pune,168,29.7,0.0,12.77
2025-04-02,Pune,168,29.56,0.0,10.81
2025-04-03,Pune,168,29.91,0.0,8.47
2025-04-04,Pune,168,30.1,0.0,9.35
2025-04-05,Pune,168,28.68,0.0,14.77
2025-04-06,Pune,168,27.78,0.0,9.14
2025-04-07,Pune,168,27.47,0.0,13.84
2025-04-08,Pune,168,32.39,0.0,15.1
2025-04-09,Pune,168,34.19,0.0,12.23
2025-04-10,Pune,168,30.56,0.0,12.26
2025-04-11,Pune,168,32.28,0.0,10.84
2025-04-12,Pune,168,29.55,0.0,16.49
2025-04-13,Pune,168,30.41,0.0,9.73
2025-04-14,Pune,168,28.42,0.0,12.38
2025-04-15,Pune,168,29.85,0.0,8.05
2025-04-16,Pune,168,30.39,0.0,13.41
2025-04-17,Pune,168,29.38,0.0,21.07
2025-04-18,Pune,168,28.08,0.0,14.63
2025-04-19,Pune,168,28.22,0.0,19.08
2025-04-20,Pune,168,26.63,0.0,8.95
2025-04-21,Pune,168,25.66,0.0,10.79
2025-04-22,Pune,168,22.86,0.0,13.45
2025-04-23,Pune,168,27.31,0.0,9.22
2025-04-24,Pune,168,27.81,0.0,12.38
2025-04-25,Pune,168,27.58,0.0,10.07
2025-04-26,Pune,168,26.96,0.0,15.09
2025-04-27,Pune,168,28.87,0.0,13.18
2025-04-28,Pune,168,29.6,0.0,14.07
2025-04-29,Pune,168,28.97,0.0,10.02
2025-04-30,Pune,168,26.93,0.0,11.9
2025-05-01,Pune,168,30.52,0.0,21.71
2025-05-02,Pune,168,31.07,0.0,18.16
2025-05-03,Pune,168,30.2,0.0,14.66
2025-05-04,Pune,168,31.25,0.0,10.21
2025-05-05,Pune,168,34.01,0.0,11.52
2025-05-06,Pune,168,32.0,12.81,13.13
2025-05-07,Pune,168,33.51,0.0,17.53
2025-05-08,Pune,168,31.66,0.0,13.58
2025-05-09,Pune,168,33.33,0.0,9.15
2025-05-10,Pune,168,30.76,0.0,10.83
2025-05-11,Pune,168,31.25,0.0,10.2
2025-05-12,Pune,168,34.79,0.0,14.1
2025-05-13,Pune,168,35.8,0.0,8.9
2025-05-14,Pune,168,32.54,0.0,12.38
2025-05-15,Pune,168,32.25,0.0,11.54
2025-05-16,Pune,168,34.49,0.0,16.99
2025-05-17,Pune,168,33.75,0.0,15.04
2025-05-18,Pune,168,33.44,0.0,10.94
2025-05-19,Pune,168,32.21,0.0,16.14
2025-05-20,Pune,168,30.93,0.0,15.93
2025-05-21,Pune,168,30.5,0.0,16.49
2025-05-22,Pune,168,33.35,0.0,11.94
2025-05-23,Pune,168,32.43,0.0,13.68
2025-05-24,Pune,168,33.52,0.0,15.62
2025-05-25,Pune,168,32.27,0.0,11.51
2025-05-26,Pune,168,34.6,0.0,13.1
2025-05-27,Pune,168,32.18,0.0,11.39
2025-05-28,Pune,168,37.43,0.0,15.64
2025-05-29,Pune,168,34.5,0.0,10.03
2025-05-30,Pune,168,34.13,0.0,15.52
2025-05-31,Pune,168,31.98,0.0,9.79
2025-06-01,Pune,168,28.72,3.17,10.64
2025-06-02,Pune,168,28.65,0.82,13.02
2025-06-03,Pune,168,29.35,3.87,23.68
2025-06-04,Pune,168,27.2,0.0,18.08
2025-06-05,Pune,168,28.62,0.0,18.86
2025-06-06,Pune,168,29.1,0.0,19.01
2025-06-07,Pune,168,27.77,0.0,15.09
2025-06-08,Pune,168,26.37,0.0,14.67
2025-06-09,Pune,168,27.53,0.0,14.74
2025-06-10,Pune,168,26.9,0.0,10.76
2025-06-11,Pune,168,25.23,0.0,17.96
2025-06-12,Pune,168,27.18,0.0,14.69
2025-06-13,Pune,168,24.31,0.0,13.89
2025-06-14,Pune,168,28.47,4.22,13.83
2025-06-15,Pune,168,26.35,0.0,19.38
2025-06-16,Pune,168,25.22,0.0,13.47
2025-06-17,Pune,168,26.46,0.0,15.45
2025-06-18,Pune,168,26.38,0.0,15.74
2025-06-19,Pune,168,26.92,0.0,19.1
2025-06-20,Pune,168,28.2,0.0,14.91
2025-06-21,Pune,168,29.27,39.53,24.92
2025-06-22,Pune,168,31.95,29.27,20.76
2025-06-23,Pune,168,32.0,6.46,19.64
2025-06-24,Pune,168,32.13,0.0,12.51
2025-06-25,Pune,168,30.0,0.0,14.18
2025-06-26,Pune,168,28.9,0.0,12.96
2025-06-27,Pune,168,28.94,0.0,14.16
2025-06-28,Pune,168,28.45,0.0,13.25
2025-06-29,Pune,168,29.79,0.0,19.16
2025-06-30,Pune,168,28.54,0.0,16.67
2025-07-01,Pune,168,24.47,0.0,23.98
2025-07-02,Pune,168,26.48,0.0,13.96
2025-07-03,Pune,168,24.9,0.49,19.98
2025-07-04,Pune,168,26.02,28.61,28.34
2025-07-05,Pune,168,26.14,9.19,23.89
2025-07-06,Pune,168,25.97,0.0,17.16
2025-07-07,Pune,168,26.04,53.19,16.95
2025-07-08,Pune,168,26.59,0.0,13.26
2025-07-09,Pune,168,21.65,0.0,11.99
2025-07-10,Pune,168,24.72,0.0,13.3
2025-07-11,Pune,168,24.13,31.47,20.09
2025-07-12,Pune,168,26.39,10.5,20.88
2025-07-13,Pune,168,25.86,19.17,24.05
2025-07-14,Pune,168,26.68,4.11,16.53
2025-07-15,Pune,168,26.86,12.59,18.47
2025-07-16,Pune,168,25.48,1.66,17.36
2025-07-17,Pune,168,26.26,23.27,22.88
2025-07-18,Pune,168,23.87,24.64,21.17
2025-07-19,Pune,168,24.22,17.67,15.87
2025-07-20,Pune,168,24.6,14.83,15.99
2025-07-21,Pune,168,26.83,0.17,17.26
2025-07-22,Pune,168,24.35,4.44,12.4
2025-07-23,Pune,168,24.92,0.0,12.39
2025-07-24,Pune,168,26.5,0.0,17.86
2025-07-25,Pune,168,23.46,0.0,13.19
2025-07-26,Pune,168,23.81,0.0,8.82
2025-07-27,Pune,168,24.56,0.0,12.25
2025-07-28,Pune,168,27.93,0.17,20.66
2025-07-29,Pune,168,25.57,4.24,19.4
2025-07-30,Pune,168,27.75,17.92,18.67
2025-07-31,Pune,168,25.22,18.27,26.3
2025-08-01,Pune,168,24.49,3.77,16.2
2025-08-02,Pune,168,23.27,28.39,12.22
2025-08-03,Pune,168,25.72,2.18,9.44
2025-08-04,Pune,168,23.53,0.0,16.38
2025-08-05,Pune,168,21.73,0.0,7.63
2025-08-06,Pune,168,24.68,0.0,15.98
2025-08-07,Pune,168,24.98,0.0,8.09
2025-08-08,Pune,168,23.09,0.0,13.84
2025-08-09,Pune,168,21.87,0.0,10.71
2025-08-10,Pune,168,24.82,0.0,14.91
2025-08-11,Pune,168,26.91,0.0,20.91
2025-08-12,Pune,168,23.99,0.0,14.18
2025-08-13,Pune,168,23.83,0.0,6.78
2025-08-14,Pune,168,26.33,0.0,11.98
2025-08-15,Pune,168,26.27,0.0,11.87
2025-08-16,Pune,168,23.85,0.0,13.95
2025-08-17,Pune,168,27.0,0.0,19.72
2025-08-18,Pune,168,26.24,0.0,13.6
2025-08-19,Pune,168,28.46,0.0,12.77
2025-08-20,Pune,168,28.84,9.02,12.96
2025-08-21,Pune,168,26.03,24.44,11.5
2025-08-22,Pune,168,23.88,2.94,9.41
2025-08-23,Pune,168,26.76,22.42,12.75
2025-08-24,Pune,168,24.79,0.0,14.47
2025-08-25,Pune,168,24.79,1.59,13.02
2025-08-26,Pune,168,27.51,6.73,10.49
2025-08-27,Pune,168,26.42,7.53,15.08
2025-08-28,Pune,168,25.69,0.0,12.28
2025-08-29,Pune,168,25.48,0.0,14.21
2025-08-30,Pune,168,25.27,0.0,11.59
2025-08-31,Pune,168,21.86,0.0,10.09
2025-09-01,Pune,168,22.37,0.0,11.54
2025-09-02,Pune,168,21.27,14.86,12.32
2025-09-03,Pune,168,25.9,0.59,16.78
2025-09-04,Pune,168,24.23,4.64,9.5
2025-09-05,Pune,168,22.85,2.81,16.82
2025-09-06,Pune,168,23.81,0.0,12.09
2025-09-07,Pune,168,24.6,0.0,14.38
2025-09-08,Pune,168,25.12,0.0,16.0
2025-09-09,Pune,168,21.73,0.0,6.37
2025-09-10,Pune,168,21.16,0.0,4.77
2025-09-11,Pune,168,22.87,0.0,9.12
2025-09-12,Pune,168,24.77,0.0,16.71
2025-09-13,Pune,168,25.94,4.75,15.35
2025-09-14,Pune,168,26.29,8.26,10.99
2025-09-15,Pune,168,26.96,0.0,17.65
2025-09-16,Pune,168,23.59,0.0,11.55
2025-09-17,Pune,168,26.52,0.0,13.48
2025-09-18,Pune,168,29.5,17.97,13.84
2025-09-19,Pune,168,26.69,0.0,7.26
2025-09-20,Pune,168,25.09,0.0,10.4
2025-09-21,Pune,168,25.71,0.0,15.85
2025-09-22,Pune,168,26.71,0.0,16.95
2025-09-23,Pune,168,24.68,0.0,13.76
2025-09-24,Pune,168,27.1,0.0,18.83
2025-09-25,Pune,168,22.67,0.0,11.19
2025-09-26,Pune,168,25.92,0.0,12.47
2025-09-27,Pune,168,24.83,5.97,13.61
2025-09-28,Pune,168,25.57,22.55,15.41
2025-09-29,Pune,168,25.39,2.55,9.03
2025-09-30,Pune,168,24.68,50.84,14.01
2023-01-01,Mumbai,24,23.09,0.0,9.16
2023-01-02,Mumbai,24,23.13,0.0,8.79
2023-01-03,Mumbai,24,24.79,0.0,9.93
2023-01-04,Mumbai,24,23.92,0.0,8.61
2023-01-05,Mumbai,24,23.78,0.0,11.44
2023-01-06,Mumbai,24,25.76,0.0,9.2
2023-01-07,Mumbai,24,26.45,0.0,9.02
2023-01-08,Mumbai,24,25.6,0.0,8.12
2023-01-09,Mumbai,24,26.86,0.0,9.14
2023-01-10,Mumbai,24,26.92,0.0,7.52
2023-01-11,Mumbai,24,24.19,0.0,9.1
2023-01-12,Mumbai,24,23.43,0.0,10.64
2023-01-13,Mumbai,24,22.48,0.0,13.64
2023-01-14,Mumbai,24,24.81,0.0,7.34
2023-01-15,Mumbai,24,23.77,0.0,7.24
2023-01-16,Mumbai,24,24.75,0.0,5.56
2023-01-17,Mumbai,24,27.16,0.0,11.21
2023-01-18,Mumbai,24,25.84,0.0,9.39
2023-01-19,Mumbai,24,26.6,0.0,13.74
2023-01-20,Mumbai,24,23.8,0.0,10.65
2023-01-21,Mumbai,24,26.33,0.0,10.01
2023-01-22,Mumbai,24,23.27,0.0,9.22
2023-01-23,Mumbai,24,25.02,0.0,9.16
2023-01-24,Mumbai,24,25.04,0.0,8.44
2023-01-25,Mumbai,24,23.39,0.0,10.85
2023-01-26,Mumbai,24,24.12,0.0,10.41
2023-01-27,Mumbai,24,24.59,0.0,9.07
2023-01-28,Mumbai,24,22.9,0.0,6.32
2023-01-29,Mumbai,24,25.72,0.0,5.3
2023-01-30,Mumbai,24,26.34,0.0,5.43
2023-01-31,Mumbai,24,28.09,0.0,7.72
2023-02-01,Mumbai,24,28.32,0.0,7.39
2023-02-02,Mumbai,24,26.85,0.0,6.47
2023-02-03,Mumbai,24,27.38,0.0,7.22
2023-02-04,Mumbai,24,27.71,0.0,9.39
2023-02-05,Mumbai,24,24.63,0.0,8.5
2023-02-06,Mumbai,24,24.18,0.0,10.4
2023-02-07,Mumbai,24,24.84,0.0,9.35
2023-02-08,Mumbai,24,23.99,0.0,5.65
2023-02-09,Mumbai,24,23.55,0.0,8.97
2023-02-10,Mumbai,24,25.3,0.0,8.76
2023-02-11,Mumbai,24,25.83,0.0,10.49
2023-02-12,Mumbai,24,24.13,0.0,13.11
2023-02-13,Mumbai,24,23.24,0.0,8.06
2023-02-14,Mumbai,24,24.47,0.0,11.97
2023-02-15,Mumbai,24,25.72,0.0,8.24
2023-02-16,Mumbai,24,25.13,0.0,7.43
2023-02-17,Mumbai,24,25.96,0.0,10.04
2023-02-18,Mumbai,24,27.59,0.0,11.58
2023-02-19,Mumbai,24,27.8,0.0,9.05
2023-02-20,Mumbai,24,28.09,0.0,9.4
2023-02-21,Mumbai,24,27.73,0.0,10.72
2023-02-22,Mumbai,24,27.18,0.0,9.47
2023-02-23,Mumbai,24,27.71,0.0,10.16
2023-02-24,Mumbai,24,28.87,0.0,12.99
2023-02-25,Mumbai,24,29.2,0.0,11.11
2023-02-26,Mumbai,24,27.72,0.0,14.04
2023-02-27,Mumbai,24,29.44,0.0,10.73
2023-02-28,Mumbai,24,27.64,0.0,12.91
2023-03-01,Mumbai,24,29.95,0.0,14.2
2023-03-02,Mumbai,24,30.74,0.0,11.77
2023-03-03,Mumbai,24,29.17,0.0,9.33
2023-03-04,Mumbai,24,30.83,0.0,9.99
2023-03-05,Mumbai,24,29.83,0.0,10.16
2023-03-06,Mumbai,24,29.37,0.0,10.67
2023-03-07,Mumbai,24,32.69,0.0,8.07
2023-03-08,Mumbai,24,28.74,0.0,8.18
2023-03-09,Mumbai,24,28.73,0.0,11.44
2023-03-10,Mumbai,24,29.52,0.0,10.52
2023-03-11,Mumbai,24,27.97,0.18,13.14
2023-03-12,Mumbai,24,26.52,0.0,11.94
2023-03-13,Mumbai,24,28.82,0.0,11.49
2023-03-14,Mumbai,24,31.42,0.0,11.12
2023-03-15,Mumbai,24,30.55,0.0,8.28
2023-03-16,Mumbai,24,29.58,0.0,9.02
2023-03-17,Mumbai,24,29.96,0.0,8.95
2023-03-18,Mumbai,24,27.98,0.0,9.73
2023-03-19,Mumbai,24,29.69,0.0,6.14
2023-03-20,Mumbai,24,29.27,0.0,6.94
2023-03-21,Mumbai,24,29.45,0.0,10.09
2023-03-22,Mumbai,24,27.37,0.0,8.74
2023-03-23,Mumbai,24,30.01,0.0,11.21
2023-03-24,Mumbai,24,27.43,0.0,11.97
2023-03-25,Mumbai,24,27.64,0.0,11.27
2023-03-26,Mumbai,24,27.75,0.0,9.83
2023-03-27,Mumbai,24,28.31,0.0,11.13
2023-03-28,Mumbai,24,26.79,0.0,11.08
2023-03-29,Mumbai,24,28.56,0.0,11.07
2023-03-30,Mumbai,24,27.48,0.0,11.81
2023-03-31,Mumbai,24,28.26,0.0,11.4
2023-04-01,Mumbai,24,29.36,0.0,13.12
2023-04-02,Mumbai,24,27.9,0.0,13.15
2023-04-03,Mumbai,24,27.78,0.0,10.37
2023-04-04,Mumbai,24,28.14,0.0,9.77
2023-04-05,Mumbai,24,26.66,0.0,11.13
2023-04-06,Mumbai,24,28.41,0.0,12.85
2023-04-07,Mumbai,24,29.65,0.0,13.88
2023-04-08,Mumbai,24,29.56,0.0,12.34
2023-04-09,Mumbai,24,30.4,0.0,16.29
2023-04-10,Mumbai,24,29.66,0.0,14.93
2023-04-11,Mumbai,24,30.2,0.0,12.91
2023-04-12,Mumbai,24,28.54,0.0,10.39
2023-04-13,Mumbai,24,28.46,0.0,8.71
2023-04-14,Mumbai,24,28.91,0.0,10.21
2023-04-15,Mumbai,24,26.38,0.0,11.3
2023-04-16,Mumbai,24,26.62,0.0,9.73
2023-04-17,Mumbai,24,27.82,0.0,11.55
2023-04-18,Mumbai,24,28.14,0.0,12.78
2023-04-19,Mumbai,24,28.57,0.0,12.39
2023-04-20,Mumbai,24,29.83,0.0,13.41
2023-04-21,Mumbai,24,28.31,0.0,11.77
2023-04-22,Mumbai,24,29.54,0.0,14.59
2023-04-23,Mumbai,24,28.3,0.0,13.26
2023-04-24,Mumbai,24,30.14,0.0,12.68
2023-04-25,Mumbai,24,29.45,0.0,11.25
2023-04-26,Mumbai,24,29.95,0.0,13.94
2023-04-27,Mumbai,24,30.58,0.0,14.61
2023-04-28,Mumbai,24,30.47,0.0,13.47
2023-04-29,Mumbai,24,31.08,0.0,14.36
2023-04-30,Mumbai,24,31.42,0.0,16.52
2023-05-01,Mumbai,24,32.66,0.0,17.86
2023-05-02,Mumbai,24,35.77,0.0,16.08
2023-05-03,Mumbai,24,34.8,0.0,13.96
2023-05-04,Mumbai,24,33.46,0.0,12.26
2023-05-05,Mumbai,24,34.8,0.0,15.43
2023-05-06,Mumbai,24,33.46,0.0,15.75
2023-05-07,Mumbai,24,32.46,0.0,13.83
2023-05-08,Mumbai,24,32.36,0.0,11.99
2023-05-09,Mumbai,24,34.68,0.0,16.44
2023-05-10,Mumbai,24,32.73,0.0,12.19
2023-05-11,Mumbai,24,31.65,0.0,14.05
2023-05-12,Mumbai,24,31.98,0.0,12.94
2023-05-13,Mumbai,24,31.95,0.0,17.79
2023-05-14,Mumbai,24,32.29,0.0,14.79
2023-05-15,Mumbai,24,34.38,0.0,14.18
2023-05-16,Mumbai,24,33.62,0.0,13.94
2023-05-17,Mumbai,24,35.0,0.0,15.15
2023-05-18,Mumbai,24,33.58,0.0,17.01
2023-05-19,Mumbai,24,35.18,0.0,16.01
2023-05-20,Mumbai,24,32.46,0.0,17.2
2023-05-21,Mumbai,24,33.45,0.0,13.52
2023-05-22,Mumbai,24,33.96,3.5,18.28
2023-05-23,Mumbai,24,32.09,3.11,12.79
2023-05-24,Mumbai,24,33.38,0.0,16.58
2023-05-25,Mumbai,24,34.13,0.0,17.26
2023-05-26,Mumbai,24,34.34,0.0,18.61
2023-05-27,Mumbai,24,34.38,0.0,15.41
2023-05-28,Mumbai,24,34.25,0.0,15.7
2023-05-29,Mumbai,24,34.05,0.0,16.38
2023-05-30,Mumbai,24,34.21,0.0,13.89
2023-05-31,Mumbai,24,32.92,0.0,15.74
2023-06-01,Mumbai,24,31.71,0.0,25.46
2023-06-02,Mumbai,24,30.86,12.19,26.0
2023-06-03,Mumbai,24,32.47,33.37,30.66
2023-06-04,Mumbai,24,31.0,16.73,25.4
2023-06-05,Mumbai,24,31.07,6.3,25.5
2023-06-06,Mumbai,24,29.69,12.89,28.68
2023-06-07,Mumbai,24,29.11,59.14,34.95
2023-06-08,Mumbai,24,28.67,31.28,29.27
2023-06-09,Mumbai,24,28.13,27.92,22.11
2023-06-10,Mumbai,24,28.01,15.17,25.4
2023-06-11,Mumbai,24,27.65,22.35,27.74
2023-06-12,Mumbai,24,27.82,21.32,28.85
2023-06-13,Mumbai,24,29.96,29.36,30.06
2023-06-14,Mumbai,24,27.68,22.37,24.71
2023-06-15,Mumbai,24,28.66,0.0,22.45
2023-06-16,Mumbai,24,30.74,0.0,23.62
2023-06-17,Mumbai,24,31.23,0.0,22.12
2023-06-18,Mumbai,24,31.59,22.66,27.31
2023-06-19,Mumbai,24,29.14,0.0,19.57
2023-06-20,Mumbai,24,30.51,9.59,25.25
2023-06-21,Mumbai,24,29.54,0.0,20.94
2023-06-22,Mumbai,24,30.77,13.42,24.72
2023-06-23,Mumbai,24,31.16,17.37,26.5
2023-06-24,Mumbai,24,30.3,12.62,25.09
2023-06-25,Mumbai,24,30.18,22.52,26.21
2023-06-26,Mumbai,24,28.58,6.8,24.33
2023-06-27,Mumbai,24,27.9,45.91,30.5
2023-06-28,Mumbai,24,27.96,0.0,27.01
2023-06-29,Mumbai,24,28.32,0.0,24.54
2023-06-30,Mumbai,24,27.88,0.0,25.95
2023-07-01,Mumbai,24,24.48,13.75,31.38
2023-07-02,Mumbai,24,25.24,25.82,29.51
2023-07-03,Mumbai,24,24.62,13.54,29.04
2023-07-04,Mumbai,24,22.36,0.0,25.08
2023-07-05,Mumbai,24,26.06,0.0,26.36
2023-07-06,Mumbai,24,26.41,0.0,26.82
2023-07-07,Mumbai,24,26.19,0.0,26.28
2023-07-08,Mumbai,24,26.38,0.0,20.95
2023-07-09,Mumbai,24,27.84,0.0,22.93
2023-07-10,Mumbai,24,27.41,32.33,32.14
2023-07-11,Mumbai,24,28.93,2.62,20.34
2023-07-12,Mumbai,24,29.28,42.67,32.26
2023-07-13,Mumbai,24,29.73,0.0,21.74
2023-07-14,Mumbai,24,30.67,0.0,22.58
2023-07-15,Mumbai,24,27.31,0.0,26.18
2023-07-16,Mumbai,24,26.34,0.0,24.9
2023-07-17,Mumbai,24,25.99,0.0,26.13
2023-07-18,Mumbai,24,27.52,0.0,20.8
2023-07-19,Mumbai,24,27.52,0.0,22.8
2023-07-20,Mumbai,24,27.56,9.87,25.99
2023-07-21,Mumbai,24,26.44,24.79,27.09
2023-07-22,Mumbai,24,26.33,1.92,25.16
2023-07-23,Mumbai,24,26.5,20.09,29.22
2023-07-24,Mumbai,24,26.87,18.81,25.09
2023-07-25,Mumbai,24,26.05,29.61,34.24
2023-07-26,Mumbai,24,27.06,50.73,38.42
2023-07-27,Mumbai,24,28.46,0.0,24.93
2023-07-28,Mumbai,24,26.78,0.0,27.29
2023-07-29,Mumbai,24,26.2,0.0,29.45
2023-07-30,Mumbai,24,25.72,139.72,38.35
2023-07-31,Mumbai,24,24.72,7.51,27.73
2023-08-01,Mumbai,24,24.94,76.26,35.07
2023-08-02,Mumbai,24,25.3,0.0,19.28
2023-08-03,Mumbai,24,26.86,0.0,22.89
2023-08-04,Mumbai,24,26.62,0.0,21.9
2023-08-05,Mumbai,24,26.09,0.0,20.7
2023-08-06,Mumbai,24,27.67,4.67,22.74
2023-08-07,Mumbai,24,27.98,32.85,30.46
2023-08-08,Mumbai,24,28.4,31.65,22.31
2023-08-09,Mumbai,24,28.62,43.73,31.02
2023-08-10,Mumbai,24,25.18,17.04,21.47
2023-08-11,Mumbai,24,25.08,37.53,24.38
2023-08-12,Mumbai,24,23.49,0.21,16.78
2023-08-13,Mumbai,24,23.99,37.21,24.4
2023-08-14,Mumbai,24,25.02,19.28,21.74
2023-08-15,Mumbai,24,23.17,2.06,16.95
2023-08-16,Mumbai,24,23.25,18.09,21.92
2023-08-17,Mumbai,24,23.45,9.6,19.19
2023-08-18,Mumbai,24,23.3,31.31,25.36
2023-08-19,Mumbai,24,24.66,3.46,22.5
2023-08-20,Mumbai,24,26.3,35.17,27.31
2023-08-21,Mumbai,24,27.22,13.29,23.11
2023-08-22,Mumbai,24,27.06,21.63,27.17
2023-08-23,Mumbai,24,29.04,8.85,22.49
2023-08-24,Mumbai,24,28.55,5.88,21.73
2023-08-25,Mumbai,24,26.67,14.59,24.6
2023-08-26,Mumbai,24,25.82,25.19,24.98
2023-08-27,Mumbai,24,25.4,86.26,32.15
2023-08-28,Mumbai,24,27.22,51.6,22.75
2023-08-29,Mumbai,24,25.45,9.21,21.95
2023-08-30,Mumbai,24,25.31,26.75,27.09
2023-08-31,Mumbai,24,26.39,8.53,27.17
2023-09-01,Mumbai,24,27.05,13.92,23.5
2023-09-02,Mumbai,24,27.97,7.62,18.28
2023-09-03,Mumbai,24,27.97,0.0,17.35
2023-09-04,Mumbai,24,30.11,0.0,12.26
2023-09-05,Mumbai,24,29.27,0.0,12.35
2023-09-06,Mumbai,24,28.68,2.45,16.64
2023-09-07,Mumbai,24,28.82,14.71,20.21
2023-09-08,Mumbai,24,27.3,13.03,19.16
2023-09-09,Mumbai,24,28.81,7.18,18.77
2023-09-10,Mumbai,24,26.39,0.0,16.7
2023-09-11,Mumbai,24,26.77,0.0,16.37
2023-09-12,Mumbai,24,27.77,0.0,15.19
2023-09-13,Mumbai,24,27.88,0.0,13.56
2023-09-14,Mumbai,24,27.93,22.69,19.28
2023-09-15,Mumbai,24,28.43,23.42,17.44
2023-09-16,Mumbai,24,25.98,17.83,15.88
2023-09-17,Mumbai,24,27.75,4.69,14.49
2023-09-18,Mumbai,24,27.7,2.21,15.46
2023-09-19,Mumbai,24,29.37,8.61,18.25
2023-09-20,Mumbai,24,29.56,2.2,17.68
2023-09-21,Mumbai,24,28.91,3.95,16.82
2023-09-22,Mumbai,24,29.21,32.53,22.02
2023-09-23,Mumbai,24,27.69,1.09,15.31
2023-09-24,Mumbai,24,29.36,9.57,20.41
2023-09-25,Mumbai,24,28.09,18.02,19.97
2023-09-26,Mumbai,24,27.73,10.89,18.02
2023-09-27,Mumbai,24,28.43,12.64,16.68
2023-09-28,Mumbai,24,29.53,28.52,14.9
2023-09-29,Mumbai,24,28.52,0.54,13.24
2023-09-30,Mumbai,24,30.16,2.14,15.93
2023-10-01,Mumbai,24,30.57,0.0,5.16
2023-10-02,Mumbai,24,31.78,0.0,8.81
2023-10-03,Mumbai,24,31.51,0.0,10.45
2023-10-04,Mumbai,24,30.84,0.0,11.08
2023-10-05,Mumbai,24,30.33,0.0,12.85
2023-10-06,Mumbai,24,29.56,3.7,11.38
2023-10-07,Mumbai,24,28.12,0.0,13.08
2023-10-08,Mumbai,24,28.12,0.0,11.32
2023-10-09,Mumbai,24,26.93,0.0,9.0
2023-10-10,Mumbai,24,26.22,34.73,16.15
2023-10-11,Mumbai,24,25.93,0.0,14.41
2023-10-12,Mumbai,24,25.75,0.0,11.94
2023-10-13,Mumbai,24,28.62,0.0,12.03
2023-10-14,Mumbai,24,25.36,0.0,12.32
2023-10-15,Mumbai,24,26.39,0.0,10.11
2023-10-16,Mumbai,24,27.21,0.0,9.89
2023-10-17,Mumbai,24,27.29,0.0,8.14
2023-10-18,Mumbai,24,27.13,0.0,10.56
2023-10-19,Mumbai,24,26.14,0.0,11.4
2023-10-20,Mumbai,24,31.21,0.0,13.56
2023-10-21,Mumbai,24,30.43,0.0,8.09
2023-10-22,Mumbai,24,30.49,0.0,7.41
2023-10-23,Mumbai,24,31.51,0.0,11.19
2023-10-24,Mumbai,24,32.77,0.0,9.09
2023-10-25,Mumbai,24,28.29,0.0,11.85
2023-10-26,Mumbai,24,28.6,41.93,16.7
2023-10-27,Mumbai,24,30.49,0.0,10.79
2023-10-28,Mumbai,24,29.76,0.0,11.81
2023-10-29,Mumbai,24,27.86,0.0,14.52
2023-10-30,Mumbai,24,29.25,14.91,16.8
2023-10-31,Mumbai,24,29.96,0.0,9.0
2023-11-01,Mumbai,24,26.56,0.0,6.05
2023-11-02,Mumbai,24,26.05,0.0,4.56
2023-11-03,Mumbai,24,25.97,0.0,4.72
2023-11-04,Mumbai,24,26.31,0.0,2.03
2023-11-05,Mumbai,24,26.0,0.0,5.35
2023-11-06,Mumbai,24,28.13,0.0,6.77
2023-11-07,Mumbai,24,27.62,0.0,6.98
2023-11-08,Mumbai,24,24.75,0.0,9.33
2023-11-09,Mumbai,24,24.08,0.0,9.0
2023-11-10,Mumbai,24,26.43,26.88,11.88
2023-11-11,Mumbai,24,25.76,0.0,9.93
2023-11-12,Mumbai,24,26.28,0.0,10.74
2023-11-13,Mumbai,24,28.52,0.0,7.36
2023-11-14,Mumbai,24,29.43,0.0,8.88
2023-11-15,Mumbai,24,26.81,0.0,6.17
2023-11-16,Mumbai,24,28.42,0.0,6.04
2023-11-17,Mumbai,24,29.19,0.0,4.88
2023-11-18,Mumbai,24,28.71,0.0,5.55
2023-11-19,Mumbai,24,25.3,0.0,6.71
2023-11-20,Mumbai,24,25.87,0.0,6.98
2023-11-21,Mumbai,24,27.0,0.0,10.3
2023-11-22,Mumbai,24,24.5,0.0,8.09
2023-11-23,Mumbai,24,28.06,0.0,6.29
2023-11-24,Mumbai,24,27.11,0.0,9.89
2023-11-25,Mumbai,24,27.68,0.0,9.75
2023-11-26,Mumbai,24,25.51,0.0,11.95
2023-11-27,Mumbai,24,26.39,0.0,9.55
2023-11-28,Mumbai,24,27.61,0.0,9.09
2023-11-29,Mumbai,24,27.56,0.0,6.06
2023-11-30,Mumbai,24,27.99,0.0,8.76
2023-12-01,Mumbai,24,26.72,0.0,8.84
2023-12-02,Mumbai,24,27.72,0.0,11.32
2023-12-03,Mumbai,24,27.41,0.0,14.53
2023-12-04,Mumbai,24,28.69,0.0,11.92
2023-12-05,Mumbai,24,26.9,0.0,11.13
2023-12-06,Mumbai,24,26.91,0.0,11.1
2023-12-07,Mumbai,24,26.31,0.0,11.62
2023-12-08,Mumbai,24,25.94,0.0,7.75
2023-12-09,Mumbai,24,24.06,0.0,5.44
2023-12-10,Mumbai,24,25.35,0.0,8.59
2023-12-11,Mumbai,24,24.37,0.0,6.72
2023-12-12,Mumbai,24,26.49,0.0,9.51
2023-12-13,Mumbai,24,28.1,0.0,7.18
2023-12-14,Mumbai,24,27.72,0.0,9.38
2023-12-15,Mumbai,24,29.61,0.0,10.41
2023-12-16,Mumbai,24,29.24,0.0,8.58
2023-12-17,Mumbai,24,30.03,0.0,5.52
2023-12-18,Mumbai,24,27.27,0.0,7.72
2023-12-19,Mumbai,24,27.08,0.0,8.08
2023-12-20,Mumbai,24,29.34,0.0,8.15
2023-12-21,Mumbai,24,29.58,0.0,6.81
2023-12-22,Mumbai,24,29.43,0.0,8.83
2023-12-23,Mumbai,24,29.47,0.0,10.16
2023-12-24,Mumbai,24,28.86,0.0,5.4
2023-12-25,Mumbai,24,27.37,0.0,9.2
2023-12-26,Mumbai,24,27.41,0.0,9.99
2023-12-27,Mumbai,24,28.02,0.0,10.6
2023-12-28,Mumbai,24,28.0,0.0,11.65
2023-12-29,Mumbai,24,26.22,0.0,8.31
2023-12-30,Mumbai,24,26.25,0.0,8.35
2023-12-31,Mumbai,24,24.75,0.0,5.71
2024-01-01,Mumbai,24,22.55,0.0,10.17
2024-01-02,Mumbai,24,19.67,0.0,6.07
2024-01-03,Mumbai,24,22.35,0.0,10.91
2024-01-04,Mumbai,24,25.38,0.0,8.92
2024-01-05,Mumbai,24,22.81,0.0,11.0
2024-01-06,Mumbai,24,22.88,0.0,11.77
2024-01-07,Mumbai,24,24.33,0.0,13.05
2024-01-08,Mumbai,24,23.48,0.0,9.05
2024-01-09,Mumbai,24,23.1,0.0,9.88
2024-01-10,Mumbai,24,25.68,0.0,11.92
2024-01-11,Mumbai,24,24.47,0.0,13.31
2024-01-12,Mumbai,24,26.2,0.0,10.22
2024-01-13,Mumbai,24,23.41,0.0,7.2
2024-01-14,Mumbai,24,24.52,0.0,8.88
2024-01-15,Mumbai,24,22.18,0.0,7.81
2024-01-16,Mumbai,24,21.12,0.0,10.96
2024-01-17,Mumbai,24,23.2,0.0,8.26
2024-01-18,Mumbai,24,19.93,0.0,5.46
2024-01-19,Mumbai,24,22.34,0.0,9.07
2024-01-20,Mumbai,24,20.02,0.0,7.46
2024-01-21,Mumbai,24,22.34,0.0,6.57
2024-01-22,Mumbai,24,21.51,0.0,11.41
2024-01-23,Mumbai,24,23.26,0.0,7.81
2024-01-24,Mumbai,24,21.71,0.0,6.25
2024-01-25,Mumbai,24,22.09,0.0,12.31
2024-01-26,Mumbai,24,22.88,0.0,12.76
2024-01-27,Mumbai,24,22.02,0.0,9.68
2024-01-28,Mumbai,24,21.98,0.0,8.36
2024-01-29,Mumbai,24,26.03,0.0,4.17
2024-01-30,Mumbai,24,24.16,0.0,8.25
2024-01-31,Mumbai,24,22.97,0.0,6.78
2024-02-01,Mumbai,24,25.42,0.0,8.09
2024-02-02,Mumbai,24,27.87,0.0,7.04
2024-02-03,Mumbai,24,26.06,0.0,8.14
2024-02-04,Mumbai,24,24.33,0.0,3.97
2024-02-05,Mumbai,24,23.85,0.0,3.54
2024-02-06,Mumbai,24,24.08,0.0,7.58
2024-02-07,Mumbai,24,24.31,0.0,7.54
2024-02-08,Mumbai,24,22.18,0.0,7.27
2024-02-09,Mumbai,24,21.85,0.0,9.27
2024-02-10,Mumbai,24,24.29,0.0,9.84
2024-02-11,Mumbai,24,25.27,0.0,10.39
2024-02-12,Mumbai,24,24.33,0.0,10.46
2024-02-13,Mumbai,24,23.44,0.0,11.1
2024-02-14,Mumbai,24,25.66,0.0,9.4
2024-02-15,Mumbai,24,24.32,0.0,7.88
2024-02-16,Mumbai,24,25.99,0.0,6.42
2024-02-17,Mumbai,24,25.9,0.0,9.6
2024-02-18,Mumbai,24,27.06,0.0,9.86
2024-02-19,Mumbai,24,26.43,0.0,9.51
2024-02-20,Mumbai,24,25.03,0.0,7.98
2024-02-21,Mumbai,24,23.71,0.0,7.9
2024-02-22,Mumbai,24,23.98,0.0,10.31
2024-02-23,Mumbai,24,25.67,0.0,10.93
2024-02-24,Mumbai,24,25.37,0.0,10.32
2024-02-25,Mumbai,24,24.48,0.0,10.81
2024-02-26,Mumbai,24,21.76,0.0,7.33
2024-02-27,Mumbai,24,23.56,0.0,6.72
2024-02-28,Mumbai,24,24.96,0.0,3.11
2024-02-29,Mumbai,24,24.15,0.0,7.34
2024-03-01,Mumbai,24,27.27,0.0,13.58
2024-03-02,Mumbai,24,27.45,0.0,9.38
2024-03-03,Mumbai,24,29.98,0.0,9.23
2024-03-04,Mumbai,24,30.57,0.0,9.42
2024-03-05,Mumbai,24,30.19,0.0,8.34
2024-03-06,Mumbai,24,28.71,0.0,8.68
2024-03-07,Mumbai,24,29.51,0.0,11.64
2024-03-08,Mumbai,24,28.44,0.0,11.93
2024-03-09,Mumbai,24,26.78,0.0,13.65
2024-03-10,Mumbai,24,26.99,0.0,10.28
2024-03-11,Mumbai,24,24.79,0.0,8.14
2024-03-12,Mumbai,24,28.12,1.14,12.16
2024-03-13,Mumbai,24,29.2,0.0,8.56
2024-03-14,Mumbai,24,31.03,0.0,12.56
2024-03-15,Mumbai,24,28.88,0.0,11.22
2024-03-16,Mumbai,24,28.27,0.0,7.16
2024-03-17,Mumbai,24,28.47,0.0,9.83
2024-03-18,Mumbai,24,28.99,0.0,9.41
2024-03-19,Mumbai,24,29.42,0.0,10.57
2024-03-20,Mumbai,24,28.21,0.0,12.6
2024-03-21,Mumbai,24,29.11,0.0,13.32
2024-03-22,Mumbai,24,29.66,0.0,14.16
2024-03-23,Mumbai,24,28.04,0.0,9.94
2024-03-24,Mumbai,24,29.8,0.0,7.7
2024-03-25,Mumbai,24,29.72,0.0,10.19
2024-03-26,Mumbai,24,28.14,0.0,6.7
2024-03-27,Mumbai,24,27.48,0.0,10.71
2024-03-28,Mumbai,24,29.12,0.0,9.65
2024-03-29,Mumbai,24,28.2,0.0,10.74
2024-03-30,Mumbai,24,27.61,0.0,12.41
2024-03-31,Mumbai,24,25.96,0.0,13.21
2024-04-01,Mumbai,24,28.03,0.0,16.15
2024-04-02,Mumbai,24,28.7,0.0,13.12
2024-04-03,Mumbai,24,28.21,0.0,10.72
2024-04-04,Mumbai,24,29.7,0.0,16.09
2024-04-05,Mumbai,24,31.99,0.0,15.57
2024-04-06,Mumbai,24,29.78,0.0,13.96
2024-04-07,Mumbai,24,31.67,0.0,13.53
2024-04-08,Mumbai,24,31.55,0.0,12.46
2024-04-09,Mumbai,24,26.72,0.0,16.58
2024-04-10,Mumbai,24,26.94,0.0,11.46
2024-04-11,Mumbai,24,27.69,0.0,10.69
2024-04-12,Mumbai,24,29.24,0.0,14.71
2024-04-13,Mumbai,24,30.24,0.0,9.66
2024-04-14,Mumbai,24,29.19,0.0,11.53
2024-04-15,Mumbai,24,29.07,0.0,11.03
2024-04-16,Mumbai,24,27.63,0.0,13.26
2024-04-17,Mumbai,24,27.63,0.0,15.29
2024-04-18,Mumbai,24,29.36,0.0,12.86
2024-04-19,Mumbai,24,29.39,0.0,12.31
2024-04-20,Mumbai,24,30.76,0.0,12.32
2024-04-21,Mumbai,24,31.32,0.0,13.29
2024-04-22,Mumbai,24,30.92,0.0,11.13
2024-04-23,Mumbai,24,30.15,0.0,13.95
2024-04-24,Mumbai,24,29.82,0.0,13.33
2024-04-25,Mumbai,24,30.2,0.0,13.0
2024-04-26,Mumbai,24,26.33,0.0,12.92
2024-04-27,Mumbai,24,26.65,0.0,13.6
2024-04-28,Mumbai,24,26.26,0.0,11.7
2024-04-29,Mumbai,24,27.63,0.0,12.26
2024-04-30,Mumbai,24,30.11,0.0,13.67
2024-05-01,Mumbai,24,28.68,0.0,15.1
2024-05-02,Mumbai,24,29.54,0.0,12.97
2024-05-03,Mumbai,24,29.84,0.0,15.31
2024-05-04,Mumbai,24,29.6,0.0,15.41
2024-05-05,Mumbai,24,31.06,0.0,13.06
2024-05-06,Mumbai,24,29.47,0.0,15.11
2024-05-07,Mumbai,24,30.73,0.0,11.86
2024-05-08,Mumbai,24,29.97,0.0,12.32
2024-05-09,Mumbai,24,31.1,0.0,12.96
2024-05-10,Mumbai,24,31.47,0.0,15.99
2024-05-11,Mumbai,24,29.61,0.0,13.75
2024-05-12,Mumbai,24,29.34,0.0,12.65
2024-05-13,Mumbai,24,27.88,0.0,11.61
2024-05-14,Mumbai,24,30.18,6.78,16.66
2024-05-15,Mumbai,24,31.03,0.0,16.37
2024-05-16,Mumbai,24,30.32,0.0,17.3
2024-05-17,Mumbai,24,28.65,0.0,20.21
2024-05-18,Mumbai,24,28.92,0.0,14.04
2024-05-19,Mumbai,24,29.42,0.0,18.49
2024-05-20,Mumbai,24,30.17,0.0,17.82
2024-05-21,Mumbai,24,30.68,0.0,18.32
2024-05-22,Mumbai,24,30.55,0.0,16.94
2024-05-23,Mumbai,24,30.8,0.0,14.18
2024-05-24,Mumbai,24,30.25,0.0,14.01
2024-05-25,Mumbai,24,31.71,0.0,16.04
2024-05-26,Mumbai,24,29.97,0.0,20.35
2024-05-27,Mumbai,24,31.82,0.0,17.46
2024-05-28,Mumbai,24,30.72,0.0,17.79
2024-05-29,Mumbai,24,30.92,0.0,17.93
2024-05-30,Mumbai,24,30.87,0.0,14.07
2024-05-31,Mumbai,24,27.54,0.0,18.9
2024-06-01,Mumbai,24,28.58,0.0,27.32
2024-06-02,Mumbai,24,28.68,18.73,26.94
2024-06-03,Mumbai,24,30.23,2.18,24.38
2024-06-04,Mumbai,24,30.22,20.0,28.64
2024-06-05,Mumbai,24,28.96,31.86,28.55
2024-06-06,Mumbai,24,27.18,13.47,23.6
2024-06-07,Mumbai,24,28.27,0.0,18.44
2024-06-08,Mumbai,24,28.84,37.95,24.88
2024-06-09,Mumbai,24,31.04,22.04,25.29
2024-06-10,Mumbai,24,29.78,15.97,26.66
2024-06-11,Mumbai,24,27.74,5.7,21.91
2024-06-12,Mumbai,24,29.24,12.9,24.75
2024-06-13,Mumbai,24,27.75,26.02,26.13
2024-06-14,Mumbai,24,29.28,38.94,31.74
2024-06-15,Mumbai,24,29.65,7.21,24.64
2024-06-16,Mumbai,24,32.03,14.22,26.38
2024-06-17,Mumbai,24,30.75,24.2,28.42
2024-06-18,Mumbai,24,32.02,18.34,29.05
2024-06-19,Mumbai,24,31.85,14.47,26.54
2024-06-20,Mumbai,24,32.47,8.85,26.49
2024-06-21,Mumbai,24,31.62,7.09,25.15
2024-06-22,Mumbai,24,32.76,1.22,23.42
2024-06-23,Mumbai,24,31.64,10.61,26.35
2024-06-24,Mumbai,24,29.06,66.47,32.33
2024-06-25,Mumbai,24,29.85,1.03,20.31
2024-06-26,Mumbai,24,32.55,11.85,18.55
2024-06-27,Mumbai,24,32.72,22.46,28.44
2024-06-28,Mumbai,24,31.96,17.92,29.33
2024-06-29,Mumbai,24,31.99,28.28,25.85
2024-06-30,Mumbai,24,29.9,22.99,28.21
2024-07-01,Mumbai,24,29.83,11.6,26.93
2024-07-02,Mumbai,24,29.71,33.58,29.09
2024-07-03,Mumbai,24,27.68,11.55,26.85
2024-07-04,Mumbai,24,27.21,23.05,32.26
2024-07-05,Mumbai,24,28.5,11.99,33.24
2024-07-06,Mumbai,24,28.6,8.27,28.73
2024-07-07,Mumbai,24,28.98,4.63,26.3
2024-07-08,Mumbai,24,28.47,13.1,26.4
2024-07-09,Mumbai,24,28.68,6.42,23.09
2024-07-10,Mumbai,24,27.73,19.34,26.43
2024-07-11,Mumbai,24,28.02,16.03,24.67
2024-07-12,Mumbai,24,28.26,31.83,27.72
2024-07-13,Mumbai,24,28.29,58.74,35.19
2024-07-14,Mumbai,24,27.24,3.31,21.21
2024-07-15,Mumbai,24,27.03,20.28,29.46
2024-07-16,Mumbai,24,28.09,23.14,24.43
2024-07-17,Mumbai,24,28.2,17.66,28.0
2024-07-18,Mumbai,24,28.93,24.27,28.48
2024-07-19,Mumbai,24,27.4,42.09,31.52
2024-07-20,Mumbai,24,29.57,27.12,24.31
2024-07-21,Mumbai,24,28.14,12.59,23.77
2024-07-22,Mumbai,24,29.36,24.59,31.36
2024-07-23,Mumbai,24,27.09,18.32,25.86
2024-07-24,Mumbai,24,28.69,0.0,24.69
2024-07-25,Mumbai,24,29.57,25.89,31.07
2024-07-26,Mumbai,24,25.91,48.26,41.38
2024-07-27,Mumbai,24,25.99,6.59,22.86
2024-07-28,Mumbai,24,26.78,19.75,27.35
2024-07-29,Mumbai,24,27.4,17.12,26.76
2024-07-30,Mumbai,24,27.96,22.54,30.21
2024-07-31,Mumbai,24,27.95,11.9,26.82
2024-08-01,Mumbai,24,27.12,8.56,22.27
2024-08-02,Mumbai,24,28.37,14.43,23.6
2024-08-03,Mumbai,24,27.91,12.69,23.23
2024-08-04,Mumbai,24,30.21,6.84,19.24
2024-08-05,Mumbai,24,29.83,12.49,19.9
2024-08-06,Mumbai,24,28.62,6.51,23.03
2024-08-07,Mumbai,24,27.93,14.03,26.08
2024-08-08,Mumbai,24,27.07,9.76,24.09
2024-08-09,Mumbai,24,29.8,9.51,24.25
2024-08-10,Mumbai,24,28.76,51.14,28.6
2024-08-11,Mumbai,24,26.84,7.71,21.17
2024-08-12,Mumbai,24,27.86,19.26,29.16
2024-08-13,Mumbai,24,28.76,33.51,28.18
2024-08-14,Mumbai,24,29.91,10.88,22.93
2024-08-15,Mumbai,24,30.62,34.12,29.82
2024-08-16,Mumbai,24,30.34,15.08,27.07
2024-08-17,Mumbai,24,27.08,12.69,23.76
2024-08-18,Mumbai,24,27.02,9.48,23.91
2024-08-19,Mumbai,24,29.61,7.79,22.14
2024-08-20,Mumbai,24,28.55,7.9,19.04
2024-08-21,Mumbai,24,28.32,19.04,24.86
2024-08-22,Mumbai,24,25.84,7.54,22.16
2024-08-23,Mumbai,24,29.01,0.37,20.43
2024-08-24,Mumbai,24,28.84,26.63,27.9
2024-08-25,Mumbai,24,28.37,15.52,26.84
2024-08-26,Mumbai,24,28.16,14.57,28.73
2024-08-27,Mumbai,24,28.25,16.89,28.12
2024-08-28,Mumbai,24,27.44,14.51,26.98
2024-08-29,Mumbai,24,29.7,11.05,25.76
2024-08-30,Mumbai,24,27.2,29.66,32.51
2024-08-31,Mumbai,24,26.04,12.27,27.58
2024-09-01,Mumbai,24,26.12,8.9,21.06
2024-09-02,Mumbai,24,27.66,1.47,14.17
2024-09-03,Mumbai,24,26.79,6.04,18.43
2024-09-04,Mumbai,24,27.86,15.08,20.54
2024-09-05,Mumbai,24,30.48,4.98,18.49
2024-09-06,Mumbai,24,29.27,13.16,18.17
2024-09-07,Mumbai,24,29.05,0.0,14.75
2024-09-08,Mumbai,24,29.09,0.0,15.33
2024-09-09,Mumbai,24,29.86,21.9,17.63
2024-09-10,Mumbai,24,28.73,31.24,21.61
2024-09-11,Mumbai,24,28.08,9.14,13.43
2024-09-12,Mumbai,24,30.26,16.35,20.09
2024-09-13,Mumbai,24,29.93,4.53,16.99
2024-09-14,Mumbai,24,29.82,24.38,23.59
2024-09-15,Mumbai,24,29.1,4.09,21.93
2024-09-16,Mumbai,24,29.83,13.2,20.9
2024-09-17,Mumbai,24,28.64,4.16,19.42
2024-09-18,Mumbai,24,28.36,6.03,16.73
2024-09-19,Mumbai,24,30.73,4.54,16.08
2024-09-20,Mumbai,24,30.31,9.34,15.24
2024-09-21,Mumbai,24,29.62,16.63,15.54
2024-09-22,Mumbai,24,28.02,1.25,15.04
2024-09-23,Mumbai,24,27.95,2.78,15.75
2024-09-24,Mumbai,24,29.03,5.1,15.11
2024-09-25,Mumbai,24,29.52,6.1,17.98
2024-09-26,Mumbai,24,27.97,12.09,19.62
2024-09-27,Mumbai,24,30.07,9.91,16.97
2024-09-28,Mumbai,24,26.07,25.42,18.26
2024-09-29,Mumbai,24,27.35,8.92,14.32
2024-09-30,Mumbai,24,28.37,4.8,16.34
2024-10-01,Mumbai,24,30.78,0.0,12.04
2024-10-02,Mumbai,24,31.12,0.0,13.2
2024-10-03,Mumbai,24,28.83,0.0,11.18
2024-10-04,Mumbai,24,30.29,0.0,9.76
2024-10-05,Mumbai,24,29.5,0.0,9.87
2024-10-06,Mumbai,24,28.72,0.0,12.94
2024-10-07,Mumbai,24,29.88,0.0,11.87
2024-10-08,Mumbai,24,27.54,0.0,12.61
2024-10-09,Mumbai,24,27.86,0.0,10.08
2024-10-10,Mumbai,24,28.14,3.83,11.48
2024-10-11,Mumbai,24,30.76,0.0,15.01
2024-10-12,Mumbai,24,30.22,0.0,7.59
2024-10-13,Mumbai,24,30.63,0.0,8.85
2024-10-14,Mumbai,24,29.53,0.0,8.21
2024-10-15,Mumbai,24,29.85,8.93,14.1
2024-10-16,Mumbai,24,29.98,6.28,11.12
2024-10-17,Mumbai,24,28.83,0.0,12.11
2024-10-18,Mumbai,24,28.83,0.0,8.85
2024-10-19,Mumbai,24,27.78,0.0,10.54
2024-10-20,Mumbai,24,29.27,0.0,9.87
2024-10-21,Mumbai,24,30.68,0.0,9.81
2024-10-22,Mumbai,24,30.82,0.0,7.94
2024-10-23,Mumbai,24,28.89,0.0,11.48
2024-10-24,Mumbai,24,29.2,0.0,9.62
2024-10-25,Mumbai,24,29.38,0.0,9.81
2024-10-26,Mumbai,24,33.26,0.0,12.19
2024-10-27,Mumbai,24,31.81,0.0,8.71
2024-10-28,Mumbai,24,33.97,0.0,7.1
2024-10-29,Mumbai,24,31.33,0.0,11.75
2024-10-30,Mumbai,24,29.45,0.0,12.33
2024-10-31,Mumbai,24,28.38,0.0,14.19
2024-11-01,Mumbai,24,26.46,0.0,7.74
2024-11-02,Mumbai,24,25.92,0.0,6.82
2024-11-03,Mumbai,24,28.13,0.0,6.57
2024-11-04,Mumbai,24,28.88,0.0,5.56
2024-11-05,Mumbai,24,29.02,0.0,6.51
2024-11-06,Mumbai,24,29.53,0.0,8.79
2024-11-07,Mumbai,24,29.92,0.0,11.57
2024-11-08,Mumbai,24,29.92,0.0,14.09
2024-11-09,Mumbai,24,30.1,0.0,10.23
2024-11-10,Mumbai,24,30.6,0.0,10.2
2024-11-11,Mumbai,24,28.92,0.0,13.14
2024-11-12,Mumbai,24,28.38,0.0,10.22
2024-11-13,Mumbai,24,30.36,0.0,8.36
2024-11-14,Mumbai,24,29.32,0.0,10.27
2024-11-15,Mumbai,24,26.84,0.0,11.53
2024-11-16,Mumbai,24,27.0,0.0,11.09
2024-11-17,Mumbai,24,28.2,0.0,9.33
2024-11-18,Mumbai,24,27.42,0.0,11.56
2024-11-19,Mumbai,24,27.64,0.0,9.54
2024-11-20,Mumbai,24,26.27,0.0,11.27
2024-11-21,Mumbai,24,27.37,0.0,6.3
2024-11-22,Mumbai,24,26.82,0.0,9.76
2024-11-23,Mumbai,24,28.75,0.0,8.95
2024-11-24,Mumbai,24,29.75,0.0,5.76
2024-11-25,Mumbai,24,30.02,0.0,9.74
2024-11-26,Mumbai,24,28.81,0.0,7.26
2024-11-27,Mumbai,24,29.4,0.0,9.82
2024-11-28,Mumbai,24,28.79,0.0,10.01
2024-11-29,Mumbai,24,31.69,0.0,10.57
2024-11-30,Mumbai,24,29.44,0.0,11.29
2024-12-01,Mumbai,24,27.31,0.0,8.2
2024-12-02,Mumbai,24,28.79,0.52,9.75
2024-12-03,Mumbai,24,29.15,0.0,11.97
2024-12-04,Mumbai,24,27.48,0.0,12.61
2024-12-05,Mumbai,24,28.72,0.0,10.09
2024-12-06,Mumbai,24,28.85,0.0,8.26
2024-12-07,Mumbai,24,27.78,0.0,8.28
2024-12-08,Mumbai,24,26.97,0.0,9.02
2024-12-09,Mumbai,24,26.55,0.0,9.1
2024-12-10,Mumbai,24,27.65,0.0,7.86
2024-12-11,Mumbai,24,26.23,0.0,9.52
2024-12-12,Mumbai,24,25.17,0.0,10.55
2024-12-13,Mumbai,24,23.83,0.0,7.49
2024-12-14,Mumbai,24,23.22,0.0,6.36
2024-12-15,Mumbai,24,25.32,0.0,7.74
2024-12-16,Mumbai,24,27.98,0.0,6.28
2024-12-17,Mumbai,24,28.86,0.0,8.98
2024-12-18,Mumbai,24,26.16,0.0,10.49
2024-12-19,Mumbai,24,26.06,0.0,10.68
2024-12-20,Mumbai,24,26.67,0.0,6.74
2024-12-21,Mumbai,24,27.25,0.0,7.91
2024-12-22,Mumbai,24,26.03,0.0,9.41
2024-12-23,Mumbai,24,27.77,0.0,8.35
2024-12-24,Mumbai,24,27.33,0.0,6.84
2024-12-25,Mumbai,24,27.39,0.0,7.37
2024-12-26,Mumbai,24,24.68,0.0,8.71
2024-12-27,Mumbai,24,25.93,0.0,6.18
2024-12-28,Mumbai,24,26.13,0.0,6.52
2024-12-29,Mumbai,24,26.9,0.0,8.73
2024-12-30,Mumbai,24,27.52,0.0,8.87
2024-12-31,Mumbai,24,28.27,0.0,8.79
2025-01-01,Mumbai,24,23.82,0.0,9.11
2025-01-02,Mumbai,24,21.91,0.0,10.51
2025-01-03,Mumbai,24,25.26,0.0,11.51
2025-01-04,Mumbai,24,26.92,0.0,12.26
2025-01-05,Mumbai,24,26.03,0.0,12.69
2025-01-06,Mumbai,24,26.49,0.0,9.82
2025-01-07,Mumbai,24,26.54,0.0,11.29
2025-01-08,Mumbai,24,27.31,0.0,11.78
2025-01-09,Mumbai,24,25.38,0.0,7.55
2025-01-10,Mumbai,24,24.92,1.67,7.26
2025-01-11,Mumbai,24,24.88,0.0,7.69
2025-01-12,Mumbai,24,23.64,0.0,8.41
2025-01-13,Mumbai,24,22.34,0.0,7.59
2025-01-14,Mumbai,24,22.07,0.0,10.46
2025-01-15,Mumbai,24,22.74,0.0,11.87
2025-01-16,Mumbai,24,23.39,0.0,10.55
2025-01-17,Mumbai,24,23.22,0.0,11.47
2025-01-18,Mumbai,24,24.0,0.0,9.4
2025-01-19,Mumbai,24,23.29,0.0,9.04
2025-01-20,Mumbai,24,25.24,0.0,9.98
2025-01-21,Mumbai,24,25.53,0.0,11.41
2025-01-22,Mumbai,24,22.44,0.0,11.89
2025-01-23,Mumbai,24,24.14,0.0,8.06
2025-01-24,Mumbai,24,23.24,0.0,5.82
2025-01-25,Mumbai,24,23.37,0.0,1.92
2025-01-26,Mumbai,24,23.8,0.0,9.79
2025-01-27,Mumbai,24,24.4,0.0,8.53
2025-01-28,Mumbai,24,25.9,0.0,7.01
2025-01-29,Mumbai,24,24.73,0.0,11.31
2025-01-30,Mumbai,24,22.77,0.0,9.97
2025-01-31,Mumbai,24,24.03,0.0,7.74
2025-02-01,Mumbai,24,23.35,0.0,8.57
2025-02-02,Mumbai,24,23.81,0.0,9.6
2025-02-03,Mumbai,24,22.46,0.0,10.51
2025-02-04,Mumbai,24,22.96,0.0,8.65
2025-02-05,Mumbai,24,22.18,0.0,10.58
2025-02-06,Mumbai,24,23.53,0.0,8.08
2025-02-07,Mumbai,24,25.16,0.0,6.76
2025-02-08,Mumbai,24,26.93,0.0,7.29
2025-02-09,Mumbai,24,26.12,0.0,8.27
2025-02-10,Mumbai,24,27.56,0.0,10.94
2025-02-11,Mumbai,24,26.12,0.0,11.01
2025-02-12,Mumbai,24,25.43,0.0,6.77
2025-02-13,Mumbai,24,26.39,0.0,10.8
2025-02-14,Mumbai,24,26.3,0.0,11.15
2025-02-15,Mumbai,24,23.76,0.0,8.91
2025-02-16,Mumbai,24,26.57,0.0,7.77
2025-02-17,Mumbai,24,27.43,0.0,11.6
2025-02-18,Mumbai,24,25.15,0.0,9.5
2025-02-19,Mumbai,24,28.21,0.0,9.67
2025-02-20,Mumbai,24,28.84,0.0,7.59
2025-02-21,Mumbai,24,26.78,0.0,8.17
2025-02-22,Mumbai,24,27.26,0.0,10.06
2025-02-23,Mumbai,24,27.74,0.0,11.48
2025-02-24,Mumbai,24,26.37,0.0,10.07
2025-02-25,Mumbai,24,26.66,0.0,6.26
2025-02-26,Mumbai,24,24.69,0.0,9.06
2025-02-27,Mumbai,24,23.8,0.0,11.09
2025-02-28,Mumbai,24,25.3,0.0,8.37
2025-03-01,Mumbai,24,26.76,0.0,7.89
2025-03-02,Mumbai,24,25.55,0.0,10.27
2025-03-03,Mumbai,24,27.35,0.0,9.87
2025-03-04,Mumbai,24,24.77,0.0,6.65
2025-03-05,Mumbai,24,26.04,0.0,7.65
2025-03-06,Mumbai,24,27.3,0.0,12.77
2025-03-07,Mumbai,24,26.7,0.0,12.13
2025-03-08,Mumbai,24,28.48,0.0,12.27
2025-03-09,Mumbai,24,26.91,0.0,8.6
2025-03-10,Mumbai,24,26.84,0.0,8.33
2025-03-11,Mumbai,24,23.22,0.0,13.32
2025-03-12,Mumbai,24,22.76,0.0,9.31
2025-03-13,Mumbai,24,24.21,0.0,8.72
2025-03-14,Mumbai,24,28.22,0.0,11.84
2025-03-15,Mumbai,24,28.83,0.0,11.26
2025-03-16,Mumbai,24,27.49,0.0,11.44
2025-03-17,Mumbai,24,29.05,0.0,9.53
2025-03-18,Mumbai,24,29.97,0.0,12.19
2025-03-19,Mumbai,24,29.16,0.0,11.36
2025-03-20,Mumbai,24,30.67,0.0,14.43
2025-03-21,Mumbai,24,31.63,0.0,8.8
2025-03-22,Mumbai,24,31.1,0.0,12.37
2025-03-23,Mumbai,24,28.6,0.0,10.08
2025-03-24,Mumbai,24,28.04,0.0,10.49
2025-03-25,Mumbai,24,28.02,0.0,11.49
2025-03-26,Mumbai,24,27.03,0.0,11.98
2025-03-27,Mumbai,24,27.45,0.0,8.02
2025-03-28,Mumbai,24,28.94,0.0,7.57
2025-03-29,Mumbai,24,27.6,0.0,9.52
2025-03-30,Mumbai,24,28.29,0.0,9.97
2025-03-31,Mumbai,24,29.03,0.0,11.38
2025-04-01,Mumbai,24,30.97,0.0,12.18
2025-04-02,Mumbai,24,30.35,0.0,10.33
2025-04-03,Mumbai,24,29.53,0.0,12.51
2025-04-04,Mumbai,24,30.84,0.0,11.65
2025-04-05,Mumbai,24,31.55,0.0,11.07
2025-04-06,Mumbai,24,29.43,0.0,12.11
2025-04-07,Mumbai,24,30.39,0.0,10.72
2025-04-08,Mumbai,24,29.95,0.0,11.76
2025-04-09,Mumbai,24,30.67,0.0,12.62
2025-04-10,Mumbai,24,31.95,0.0,9.86
2025-04-11,Mumbai,24,34.34,0.0,11.44
2025-04-12,Mumbai,24,33.09,0.0,12.74
2025-04-13,Mumbai,24,31.01,0.0,11.41
2025-04-14,Mumbai,24,34.18,0.0,11.73
2025-04-15,Mumbai,24,33.01,0.0,15.27
2025-04-16,Mumbai,24,33.76,0.0,14.3
2025-04-17,Mumbai,24,34.79,0.0,12.79
2025-04-18,Mumbai,24,32.08,0.0,13.79
2025-04-19,Mumbai,24,32.16,0.0,10.71
2025-04-20,Mumbai,24,30.84,0.0,13.82
2025-04-21,Mumbai,24,32.01,0.0,12.5
2025-04-22,Mumbai,24,30.84,0.0,9.87
2025-04-23,Mumbai,24,31.17,0.0,14.13
2025-04-24,Mumbai,24,33.36,0.0,14.06
2025-04-25,Mumbai,24,32.06,0.0,14.22
2025-04-26,Mumbai,24,33.28,0.0,13.79
2025-04-27,Mumbai,24,32.69,0.0,12.49
2025-04-28,Mumbai,24,33.69,0.0,12.58
2025-04-29,Mumbai,24,31.3,0.0,16.12
2025-04-30,Mumbai,24,34.78,0.0,17.34
2025-05-01,Mumbai,24,35.21,0.0,16.21
2025-05-02,Mumbai,24,34.71,0.0,14.1
2025-05-03,Mumbai,24,32.86,0.0,18.46
2025-05-04,Mumbai,24,33.99,0.0,15.99
2025-05-05,Mumbai,24,35.6,0.0,13.36
2025-05-06,Mumbai,24,32.84,0.0,12.94
2025-05-07,Mumbai,24,30.7,0.0,13.52
2025-05-08,Mumbai,24,30.43,0.0,15.72
2025-05-09,Mumbai,24,27.51,0.0,15.12
2025-05-10,Mumbai,24,27.85,0.0,13.71
2025-05-11,Mumbai,24,29.27,0.0,15.45
2025-05-12,Mumbai,24,30.9,0.0,14.45
2025-05-13,Mumbai,24,32.57,0.0,12.04
2025-05-14,Mumbai,24,31.73,0.0,15.5
2025-05-15,Mumbai,24,32.8,0.0,16.58
2025-05-16,Mumbai,24,30.81,0.0,14.18
2025-05-17,Mumbai,24,30.55,0.0,16.05
2025-05-18,Mumbai,24,30.14,0.0,16.02
2025-05-19,Mumbai,24,29.63,0.0,14.16
2025-05-20,Mumbai,24,31.32,0.0,14.58
2025-05-21,Mumbai,24,32.37,0.0,16.43
2025-05-22,Mumbai,24,32.84,0.0,14.53
2025-05-23,Mumbai,24,31.79,0.0,15.46
2025-05-24,Mumbai,24,30.01,0.0,13.68
2025-05-25,Mumbai,24,32.7,0.0,13.82
2025-05-26,Mumbai,24,30.48,0.0,13.08
2025-05-27,Mumbai,24,33.63,0.0,13.99
2025-05-28,Mumbai,24,33.23,0.0,12.49
2025-05-29,Mumbai,24,35.02,0.0,14.68
2025-05-30,Mumbai,24,35.36,0.0,16.22
2025-05-31,Mumbai,24,33.63,0.0,14.02
2025-06-01,Mumbai,24,30.85,18.42,24.34
2025-06-02,Mumbai,24,30.07,8.99,21.08
2025-06-03,Mumbai,24,28.8,22.03,24.46
2025-06-04,Mumbai,24,30.08,3.36,22.06
2025-06-05,Mumbai,24,29.88,14.68,26.23
2025-06-06,Mumbai,24,29.28,21.95,23.55
2025-06-07,Mumbai,24,29.22,0.0,24.55
2025-06-08,Mumbai,24,29.94,1.49,22.67
2025-06-09,Mumbai,24,29.93,0.0,24.8
2025-06-10,Mumbai,24,29.48,22.23,25.32
2025-06-11,Mumbai,24,32.15,17.09,24.83
2025-06-12,Mumbai,24,31.86,6.02,20.99
2025-06-13,Mumbai,24,31.75,0.0,19.91
2025-06-14,Mumbai,24,31.68,15.65,21.8
2025-06-15,Mumbai,24,31.67,61.14,33.26
2025-06-16,Mumbai,24,32.35,0.0,21.46
2025-06-17,Mumbai,24,32.24,20.08,22.07
2025-06-18,Mumbai,24,29.24,0.0,24.43
2025-06-19,Mumbai,24,29.95,17.08,24.9
2025-06-20,Mumbai,24,32.47,44.29,33.08
2025-06-21,Mumbai,24,32.66,37.38,29.33
2025-06-22,Mumbai,24,30.39,21.06,28.12
2025-06-23,Mumbai,24,30.05,29.7,29.04
2025-06-24,Mumbai,24,29.5,4.99,22.9
2025-06-25,Mumbai,24,28.87,0.0,19.55
2025-06-26,Mumbai,24,27.64,0.0,18.0
2025-06-27,Mumbai,24,29.43,0.0,21.46
2025-06-28,Mumbai,24,28.59,12.19,26.2
2025-06-29,Mumbai,24,27.92,0.0,25.46
2025-06-30,Mumbai,24,27.95,0.0,25.77
2025-07-01,Mumbai,24,26.18,39.07,33.25
2025-07-02,Mumbai,24,22.68,19.76,28.02
2025-07-03,Mumbai,24,26.43,35.33,31.69
2025-07-04,Mumbai,24,28.4,17.48,29.24
2025-07-05,Mumbai,24,27.37,67.51,38.01
2025-07-06,Mumbai,24,27.01,70.68,33.07
2025-07-07,Mumbai,24,25.76,17.36,25.81
2025-07-08,Mumbai,24,26.58,0.0,26.23
2025-07-09,Mumbai,24,28.89,0.0,24.55
2025-07-10,Mumbai,24,28.81,0.0,22.35
2025-07-11,Mumbai,24,30.14,0.0,24.05
2025-07-12,Mumbai,24,30.56,2.44,21.14
2025-07-13,Mumbai,24,28.89,11.71,24.58
2025-07-14,Mumbai,24,26.74,78.77,37.03
2025-07-15,Mumbai,24,26.78,25.66,28.02
2025-07-16,Mumbai,24,25.6,24.5,26.62
2025-07-17,Mumbai,24,27.51,11.0,25.51
2025-07-18,Mumbai,24,26.72,21.19,26.55
2025-07-19,Mumbai,24,27.54,17.07,26.92
2025-07-20,Mumbai,24,27.28,51.06,34.34
2025-07-21,Mumbai,24,26.79,16.07,27.9
2025-07-22,Mumbai,24,27.28,1.17,26.54
2025-07-23,Mumbai,24,26.92,17.77,29.89
2025-07-24,Mumbai,24,27.4,8.78,24.38
2025-07-25,Mumbai,24,25.89,42.67,32.38
2025-07-26,Mumbai,24,26.14,60.84,35.34
2025-07-27,Mumbai,24,25.64,38.87,32.49
2025-07-28,Mumbai,24,27.45,1.68,22.93
2025-07-29,Mumbai,24,29.66,1.82,22.87
2025-07-30,Mumbai,24,29.13,19.15,32.2
2025-07-31,Mumbai,24,30.55,34.1,35.51
2025-08-01,Mumbai,24,28.57,9.46,23.96
2025-08-02,Mumbai,24,29.6,1.04,20.28
2025-08-03,Mumbai,24,28.04,29.94,25.62
2025-08-04,Mumbai,24,26.83,0.0,22.92
2025-08-05,Mumbai,24,28.49,0.0,19.36
2025-08-06,Mumbai,24,28.99,0.0,22.36
2025-08-07,Mumbai,24,29.38,0.0,14.65
2025-08-08,Mumbai,24,26.86,0.0,20.33
2025-08-09,Mumbai,24,26.6,17.89,25.95
2025-08-10,Mumbai,24,26.01,27.68,27.83
2025-08-11,Mumbai,24,23.74,5.37,22.79
2025-08-12,Mumbai,24,24.72,4.06,17.65
2025-08-13,Mumbai,24,22.15,21.39,24.74
2025-08-14,Mumbai,24,25.17,0.0,19.75
2025-08-15,Mumbai,24,25.64,0.0,19.99
2025-08-16,Mumbai,24,26.99,2.04,21.33
2025-08-17,Mumbai,24,26.95,16.54,24.63
2025-08-18,Mumbai,24,25.93,13.8,21.43
2025-08-19,Mumbai,24,27.87,20.2,22.06
2025-08-20,Mumbai,24,26.65,8.57,19.65
2025-08-21,Mumbai,24,26.59,0.0,15.56
2025-08-22,Mumbai,24,25.69,0.0,19.28
2025-08-23,Mumbai,24,24.98,0.0,20.0
2025-08-24,Mumbai,24,25.04,0.0,22.19
2025-08-25,Mumbai,24,28.19,0.0,20.17
2025-08-26,Mumbai,24,27.5,28.78,20.81
2025-08-27,Mumbai,24,28.24,32.91,25.44
2025-08-28,Mumbai,24,28.04,8.05,24.76
2025-08-29,Mumbai,24,26.63,1.79,20.79
2025-08-30,Mumbai,24,25.86,4.58,18.28
2025-08-31,Mumbai,24,26.11,3.05,20.36
2025-09-01,Mumbai,24,24.29,5.12,13.6
2025-09-02,Mumbai,24,26.71,0.71,15.02
2025-09-03,Mumbai,24,27.46,32.17,23.42
2025-09-04,Mumbai,24,29.31,8.97,15.57
2025-09-05,Mumbai,24,29.4,10.2,16.29
2025-09-06,Mumbai,24,28.7,1.88,17.98
2025-09-07,Mumbai,24,30.59,10.38,17.79
2025-09-08,Mumbai,24,30.79,0.0,12.98
2025-09-09,Mumbai,24,29.76,0.0,13.41
2025-09-10,Mumbai,24,30.2,0.0,14.12
2025-09-11,Mumbai,24,30.1,10.59,16.24
2025-09-12,Mumbai,24,30.33,43.32,21.43
2025-09-13,Mumbai,24,30.96,14.76,15.4
2025-09-14,Mumbai,24,31.36,4.16,17.05
2025-09-15,Mumbai,24,29.15,9.76,18.52
2025-09-16,Mumbai,24,30.17,0.98,13.68
2025-09-17,Mumbai,24,30.0,9.76,16.7
2025-09-18,Mumbai,24,29.71,25.25,17.47
2025-09-19,Mumbai,24,28.31,10.22,16.69
2025-09-20,Mumbai,24,27.43,0.89,14.4
2025-09-21,Mumbai,24,28.99,15.81,18.23
2025-09-22,Mumbai,24,30.38,34.29,21.67
2025-09-23,Mumbai,24,29.82,2.58,14.35
2025-09-24,Mumbai,24,29.89,9.22,15.53
2025-09-25,Mumbai,24,29.64,2.42,16.26
2025-09-26,Mumbai,24,31.6,7.67,17.35
2025-09-27,Mumbai,24,31.97,10.29,19.27
2025-09-28,Mumbai,24,29.12,9.67,17.79
2025-09-29,Mumbai,24,29.3,11.34,16.11
2025-09-30,Mumbai,24,28.48,2.09,14.28
2023-01-01,Mumbai,72,23.22,0.0,13.02
2023-01-02,Mumbai,72,23.6,0.0,7.39
2023-01-03,Mumbai,72,24.29,0.0,9.7
2023-01-04,Mumbai,72,24.95,0.0,9.27
2023-01-05,Mumbai,72,23.51,0.0,10.1
2023-01-06,Mumbai,72,24.85,0.0,10.37
2023-01-07,Mumbai,72,25.31,0.0,11.13
2023-01-08,Mumbai,72,24.54,0.0,9.35
2023-01-09,Mumbai,72,25.23,0.0,9.39
2023-01-10,Mumbai,72,25.79,0.0,8.56
2023-01-11,Mumbai,72,23.79,0.0,12.39
2023-01-12,Mumbai,72,23.77,0.0,11.11
2023-01-13,Mumbai,72,20.02,0.0,12.25
2023-01-14,Mumbai,72,24.42,0.0,10.09
2023-01-15,Mumbai,72,24.53,0.0,9.19
2023-01-16,Mumbai,72,25.49,0.0,6.82
2023-01-17,Mumbai,72,25.92,0.0,10.98
2023-01-18,Mumbai,72,24.14,0.0,11.12
2023-01-19,Mumbai,72,25.03,0.0,13.96
2023-01-20,Mumbai,72,24.31,0.0,10.97
2023-01-21,Mumbai,72,25.38,0.0,13.41
2023-01-22,Mumbai,72,23.97,0.0,9.95
2023-01-23,Mumbai,72,25.16,0.0,6.9
2023-01-24,Mumbai,72,24.38,0.0,9.67
2023-01-25,Mumbai,72,23.55,0.0,10.58
2023-01-26,Mumbai,72,24.32,0.0,11.17
2023-01-27,Mumbai,72,23.22,0.0,6.78
2023-01-28,Mumbai,72,22.65,0.0,8.88
2023-01-29,Mumbai,72,25.69,0.0,8.89
2023-01-30,Mumbai,72,27.04,0.0,3.83
2023-01-31,Mumbai,72,26.79,0.0,6.7
2023-02-01,Mumbai,72,28.71,0.0,9.77
2023-02-02,Mumbai,72,25.97,0.0,6.15
2023-02-03,Mumbai,72,27.29,0.0,7.4
2023-02-04,Mumbai,72,27.11,0.0,11.45
2023-02-05,Mumbai,72,24.35,0.0,7.6
2023-02-06,Mumbai,72,23.64,0.0,8.87
2023-02-07,Mumbai,72,25.52,0.0,8.86
2023-02-08,Mumbai,72,25.2,0.0,6.6
2023-02-09,Mumbai,72,22.64,0.0,6.01
2023-02-10,Mumbai,72,25.84,0.0,10.48
2023-02-11,Mumbai,72,25.14,0.0,10.71
2023-02-12,Mumbai,72,23.11,0.0,12.15
2023-02-13,Mumbai,72,24.11,0.0,13.28
2023-02-14,Mumbai,72,25.9,0.0,12.93
2023-02-15,Mumbai,72,25.94,0.0,9.3
2023-02-16,Mumbai,72,26.22,0.0,10.3
2023-02-17,Mumbai,72,26.9,0.0,13.34
2023-02-18,Mumbai,72,26.88,0.0,10.32
2023-02-19,Mumbai,72,26.33,0.0,8.85
2023-02-20,Mumbai,72,27.4,0.0,7.33
2023-02-21,Mumbai,72,28.31,0.0,10.3
2023-02-22,Mumbai,72,28.45,0.0,11.03
2023-02-23,Mumbai,72,29.06,0.0,9.65
2023-02-24,Mumbai,72,30.08,0.0,9.69
2023-02-25,Mumbai,72,29.85,0.0,10.72
2023-02-26,Mumbai,72,27.8,0.0,13.33
2023-02-27,Mumbai,72,28.65,0.0,15.03
2023-02-28,Mumbai,72,27.07,0.0,12.25
2023-03-01,Mumbai,72,31.89,0.0,10.51
2023-03-02,Mumbai,72,28.65,0.0,12.07
2023-03-03,Mumbai,72,27.67,0.0,10.79
2023-03-04,Mumbai,72,30.89,0.0,7.51
2023-03-05,Mumbai,72,28.68,0.0,8.98
2023-03-06,Mumbai,72,28.77,0.0,7.93
2023-03-07,Mumbai,72,32.31,0.0,9.81
2023-03-08,Mumbai,72,28.06,0.0,11.17
2023-03-09,Mumbai,72,29.27,0.0,11.87
2023-03-10,Mumbai,72,28.76,0.0,12.25
2023-03-11,Mumbai,72,27.89,0.16,14.5
2023-03-12,Mumbai,72,26.32,0.0,11.61
2023-03-13,Mumbai,72,29.14,0.0,11.52
2023-03-14,Mumbai,72,31.64,0.0,9.23
2023-03-15,Mumbai,72,30.71,0.0,8.23
2023-03-16,Mumbai,72,31.87,0.0,8.58
2023-03-17,Mumbai,72,30.53,0.0,9.66
2023-03-18,Mumbai,72,27.55,0.0,9.84
2023-03-19,Mumbai,72,28.59,0.0,8.39
2023-03-20,Mumbai,72,30.2,0.0,11.0
2023-03-21,Mumbai,72,30.61,0.0,5.6
2023-03-22,Mumbai,72,28.76,0.0,7.58
2023-03-23,Mumbai,72,29.12,0.0,8.36
2023-03-24,Mumbai,72,29.48,0.0,9.74
2023-03-25,Mumbai,72,27.26,0.0,8.03
2023-03-26,Mumbai,72,28.04,0.0,10.16
2023-03-27,Mumbai,72,29.45,0.0,9.45
2023-03-28,Mumbai,72,25.67,0.0,9.72
2023-03-29,Mumbai,72,26.83,0.0,9.97
2023-03-30,Mumbai,72,27.36,0.0,11.0
2023-03-31,Mumbai,72,27.73,0.0,14.15
2023-04-01,Mumbai,72,28.75,0.0,13.38
2023-04-02,Mumbai,72,30.02,0.0,9.31
2023-04-03,Mumbai,72,27.61,0.0,11.4
2023-04-04,Mumbai,72,26.0,0.0,16.37
2023-04-05,Mumbai,72,29.14,0.0,12.06
2023-04-06,Mumbai,72,29.16,0.0,13.05
2023-04-07,Mumbai,72,30.98,0.0,12.67
2023-04-08,Mumbai,72,30.06,0.0,12.12
2023-04-09,Mumbai,72,29.19,0.0,13.48
2023-04-10,Mumbai,72,28.04,0.0,16.94
2023-04-11,Mumbai,72,31.54,0.0,16.07
2023-04-12,Mumbai,72,29.47,0.0,11.62
2023-04-13,Mumbai,72,27.68,0.0,7.56
2023-04-14,Mumbai,72,29.98,0.0,6.34
2023-04-15,Mumbai,72,26.14,0.0,7.37
2023-04-16,Mumbai,72,27.94,0.0,6.16
2023-04-17,Mumbai,72,25.96,0.0,9.42
2023-04-18,Mumbai,72,29.86,0.0,12.73
2023-04-19,Mumbai,72,28.14,0.0,12.72
2023-04-20,Mumbai,72,28.76,0.0,15.33
2023-04-21,Mumbai,72,29.92,0.0,13.44
2023-04-22,Mumbai,72,29.55,0.0,14.53
2023-04-23,Mumbai,72,28.64,0.0,14.41
2023-04-24,Mumbai,72,27.46,0.0,10.24
2023-04-25,Mumbai,72,29.07,0.0,11.13
2023-04-26,Mumbai,72,29.55,0.0,10.6
2023-04-27,Mumbai,72,30.62,0.0,12.87
2023-04-28,Mumbai,72,29.55,0.0,12.07
2023-04-29,Mumbai,72,33.32,0.0,12.61
2023-04-30,Mumbai,72,32.77,0.0,15.0
2023-05-01,Mumbai,72,35.24,0.0,18.05
2023-05-02,Mumbai,72,36.0,0.0,18.77
2023-05-03,Mumbai,72,35.14,0.0,14.73
2023-05-04,Mumbai,72,33.89,0.0,18.76
2023-05-05,Mumbai,72,36.78,0.0,13.24
2023-05-06,Mumbai,72,31.92,0.0,17.98
2023-05-07,Mumbai,72,33.77,0.0,16.44
2023-05-08,Mumbai,72,33.17,0.0,11.36
2023-05-09,Mumbai,72,33.65,0.0,18.41
2023-05-10,Mumbai,72,30.53,0.0,14.03
2023-05-11,Mumbai,72,32.05,0.0,14.2
2023-05-12,Mumbai,72,31.43,0.0,13.43
2023-05-13,Mumbai,72,33.42,0.0,15.97
2023-05-14,Mumbai,72,33.15,0.0,15.82
2023-05-15,Mumbai,72,34.44,0.0,10.66
2023-05-16,Mumbai,72,33.71,0.0,16.52
2023-05-17,Mumbai,72,35.31,0.0,18.62
2023-05-18,Mumbai,72,34.69,0.0,18.43
2023-05-19,Mumbai,72,33.93,0.0,13.43
2023-05-20,Mumbai,72,32.46,0.0,14.74
2023-05-21,Mumbai,72,34.01,0.0,13.2
2023-05-22,Mumbai,72,33.66,4.42,16.87
2023-05-23,Mumbai,72,35.21,2.43,13.28
2023-05-24,Mumbai,72,32.99,0.0,13.05
2023-05-25,Mumbai,72,35.75,0.0,15.47
2023-05-26,Mumbai,72,33.79,0.0,14.32
2023-05-27,Mumbai,72,34.63,0.0,14.94
2023-05-28,Mumbai,72,34.41,0.0,13.94
2023-05-29,Mumbai,72,33.03,0.0,16.1
2023-05-30,Mumbai,72,33.1,0.0,13.4
2023-05-31,Mumbai,72,33.29,0.0,15.92
2023-06-01,Mumbai,72,31.59,0.0,21.63
2023-06-02,Mumbai,72,29.77,13.3,29.91
2023-06-03,Mumbai,72,32.14,31.57,32.15
2023-06-04,Mumbai,72,31.78,16.58,26.95
2023-06-05,Mumbai,72,31.56,5.4,27.18
2023-06-06,Mumbai,72,29.51,12.8,27.37
2023-06-07,Mumbai,72,30.09,129.8,37.4
2023-06-08,Mumbai,72,27.41,21.42,24.8
2023-06-09,Mumbai,72,27.35,24.55,21.73
2023-06-10,Mumbai,72,27.81,21.81,22.68
2023-06-11,Mumbai,72,26.92,39.5,28.62
2023-06-12,Mumbai,72,28.44,15.72,29.46
2023-06-13,Mumbai,72,28.75,28.66,25.82
2023-06-14,Mumbai,72,25.61,30.47,24.46
2023-06-15,Mumbai,72,28.97,0.0,21.83
2023-06-16,Mumbai,72,31.81,0.0,23.32
2023-06-17,Mumbai,72,31.04,0.0,22.61
2023-06-18,Mumbai,72,31.75,24.54,27.0
2023-06-19,Mumbai,72,28.82,0.0,19.71
2023-06-20,Mumbai,72,31.29,7.98,25.1
2023-06-21,Mumbai,72,29.45,0.0,21.11
2023-06-22,Mumbai,72,30.34,27.63,25.79
2023-06-23,Mumbai,72,31.51,13.7,24.91
2023-06-24,Mumbai,72,31.58,13.9,27.29
2023-06-25,Mumbai,72,29.73,28.53,27.7
2023-06-26,Mumbai,72,30.28,2.79,26.69
2023-06-27,Mumbai,72,27.43,24.23,32.34
2023-06-28,Mumbai,72,26.89,0.0,25.23
2023-06-29,Mumbai,72,29.05,0.0,24.99
2023-06-30,Mumbai,72,26.19,0.0,24.82
2023-07-01,Mumbai,72,23.25,25.0,29.88
2023-07-02,Mumbai,72,25.49,19.99,30.73
2023-07-03,Mumbai,72,23.91,15.42,28.96
2023-07-04,Mumbai,72,24.42,0.0,22.02
2023-07-05,Mumbai,72,26.42,0.0,32.51
2023-07-06,Mumbai,72,26.34,0.0,28.0
2023-07-07,Mumbai,72,26.35,0.0,22.91
2023-07-08,Mumbai,72,25.7,0.0,22.84
2023-07-09,Mumbai,72,28.49,0.0,21.58
2023-07-10,Mumbai,72,28.46,57.85,34.35
2023-07-11,Mumbai,72,29.97,2.23,19.58
2023-07-12,Mumbai,72,30.07,40.03,31.61
2023-07-13,Mumbai,72,29.72,0.0,24.24
2023-07-14,Mumbai,72,30.69,0.0,21.73
2023-07-15,Mumbai,72,27.84,0.0,24.82
2023-07-16,Mumbai,72,27.17,0.0,27.39
2023-07-17,Mumbai,72,27.73,0.0,26.5
2023-07-18,Mumbai,72,25.91,0.0,21.73
2023-07-19,Mumbai,72,27.15,0.0,24.19
2023-07-20,Mumbai,72,28.68,13.46,26.94
2023-07-21,Mumbai,72,25.84,18.27,26.43
2023-07-22,Mumbai,72,25.33,2.42,27.42
2023-07-23,Mumbai,72,26.76,11.02,30.18
2023-07-24,Mumbai,72,27.79,14.19,30.36
2023-07-25,Mumbai,72,26.54,47.04,34.79
2023-07-26,Mumbai,72,26.85,98.34,38.77
2023-07-27,Mumbai,72,28.86,0.0,24.26
2023-07-28,Mumbai,72,26.19,0.0,29.78
2023-07-29,Mumbai,72,26.63,0.0,25.11
2023-07-30,Mumbai,72,24.41,113.34,39.3
2023-07-31,Mumbai,72,24.46,10.12,26.75
2023-08-01,Mumbai,72,26.19,65.39,38.06
2023-08-02,Mumbai,72,26.39,0.0,17.94
2023-08-03,Mumbai,72,27.46,0.0,23.36
2023-08-04,Mumbai,72,27.75,0.0,20.59
2023-08-05,Mumbai,72,26.66,0.0,22.1
2023-08-06,Mumbai,72,30.19,6.19,19.47
2023-08-07,Mumbai,72,29.15,41.83,32.18
2023-08-08,Mumbai,72,28.27,14.97,26.88
2023-08-09,Mumbai,72,27.9,36.7,27.98
2023-08-10,Mumbai,72,26.18,17.4,22.47
2023-08-11,Mumbai,72,25.87,27.62,26.86
2023-08-12,Mumbai,72,26.28,0.18,18.63
2023-08-13,Mumbai,72,23.34,42.39,24.46
2023-08-14,Mumbai,72,23.86,26.6,22.21
2023-08-15,Mumbai,72,23.69,2.69,19.79
2023-08-16,Mumbai,72,24.18,11.88,19.33
2023-08-17,Mumbai,72,22.39,12.95,20.55
2023-08-18,Mumbai,72,23.0,23.5,24.48
2023-08-19,Mumbai,72,24.5,2.14,22.0
2023-08-20,Mumbai,72,26.34,22.03,27.45
2023-08-21,Mumbai,72,28.79,16.0,22.72
2023-08-22,Mumbai,72,26.99,19.22,26.19
2023-08-23,Mumbai,72,27.09,4.6,22.38
2023-08-24,Mumbai,72,28.29,12.18,21.24
2023-08-25,Mumbai,72,27.83,15.94,25.85
2023-08-26,Mumbai,72,27.08,47.34,25.35
2023-08-27,Mumbai,72,26.6,88.6,32.29
2023-08-28,Mumbai,72,28.83,42.11,24.47
2023-08-29,Mumbai,72,24.21,10.03,23.25
2023-08-30,Mumbai,72,24.53,28.06,24.81
2023-08-31,Mumbai,72,25.71,6.19,26.12
2023-09-01,Mumbai,72,28.96,12.91,21.13
2023-09-02,Mumbai,72,27.12,6.61,17.19
2023-09-03,Mumbai,72,27.95,0.0,16.25
2023-09-04,Mumbai,72,28.24,0.0,12.57
2023-09-05,Mumbai,72,27.86,0.0,13.18
2023-09-06,Mumbai,72,27.6,1.29,16.76
2023-09-07,Mumbai,72,30.14,16.57,16.69
2023-09-08,Mumbai,72,26.26,15.23,20.09
2023-09-09,Mumbai,72,27.85,13.46,19.07
2023-09-10,Mumbai,72,27.72,0.0,14.57
2023-09-11,Mumbai,72,27.97,0.0,17.71
2023-09-12,Mumbai,72,26.33,0.0,14.7
2023-09-13,Mumbai,72,28.83,0.0,11.72
2023-09-14,Mumbai,72,29.19,24.3,16.11
2023-09-15,Mumbai,72,28.68,19.61,16.82
2023-09-16,Mumbai,72,27.15,24.52,14.91
2023-09-17,Mumbai,72,27.6,5.39,12.47
2023-09-18,Mumbai,72,28.79,3.02,13.91
2023-09-19,Mumbai,72,28.65,3.99,16.19
2023-09-20,Mumbai,72,30.19,2.72,18.17
2023-09-21,Mumbai,72,28.63,6.69,17.56
2023-09-22,Mumbai,72,30.11,35.64,21.14
2023-09-23,Mumbai,72,29.35,1.72,15.66
2023-09-24,Mumbai,72,27.8,7.59,18.77
2023-09-25,Mumbai,72,28.68,19.38,22.85
2023-09-26,Mumbai,72,30.4,8.13,17.44
2023-09-27,Mumbai,72,28.24,8.94,17.09
2023-09-28,Mumbai,72,27.67,14.38,12.61
2023-09-29,Mumbai,72,27.55,1.29,15.47
2023-09-30,Mumbai,72,29.69,2.84,12.34
2023-10-01,Mumbai,72,31.12,0.0,6.76
2023-10-02,Mumbai,72,32.45,0.0,11.23
2023-10-03,Mumbai,72,33.27,0.0,9.74
2023-10-04,Mumbai,72,30.91,0.0,11.35
2023-10-05,Mumbai,72,30.48,0.0,9.74
2023-10-06,Mumbai,72,29.66,5.94,11.03
2023-10-07,Mumbai,72,28.71,0.0,11.47
2023-10-08,Mumbai,72,29.88,0.0,7.15
2023-10-09,Mumbai,72,26.86,0.0,11.61
2023-10-10,Mumbai,72,24.48,40.58,17.12
2023-10-11,Mumbai,72,24.43,0.0,12.84
2023-10-12,Mumbai,72,26.1,0.0,13.42
2023-10-13,Mumbai,72,27.8,0.0,11.86
2023-10-14,Mumbai,72,24.51,0.0,11.72
2023-10-15,Mumbai,72,25.6,0.0,14.33
2023-10-16,Mumbai,72,28.71,0.0,12.6
2023-10-17,Mumbai,72,29.25,0.0,10.24
2023-10-18,Mumbai,72,27.06,0.0,6.28
2023-10-19,Mumbai,72,26.64,0.0,11.27
2023-10-20,Mumbai,72,30.67,0.0,12.11
2023-10-21,Mumbai,72,29.71,0.0,13.15
2023-10-22,Mumbai,72,30.12,0.0,9.04
2023-10-23,Mumbai,72,31.54,0.0,16.37
2023-10-24,Mumbai,72,33.35,0.0,9.15
2023-10-25,Mumbai,72,28.37,0.0,12.8
2023-10-26,Mumbai,72,28.13,53.51,17.36
2023-10-27,Mumbai,72,29.68,0.0,10.13
2023-10-28,Mumbai,72,29.0,0.0,12.62
2023-10-29,Mumbai,72,27.59,0.0,15.24
2023-10-30,Mumbai,72,29.99,7.58,12.76
2023-10-31,Mumbai,72,29.48,0.0,10.09
2023-11-01,Mumbai,72,27.0,0.0,8.46
2023-11-02,Mumbai,72,28.04,0.0,3.96
2023-11-03,Mumbai,72,24.47,0.0,4.14
2023-11-04,Mumbai,72,25.87,0.0,1.97
2023-11-05,Mumbai,72,26.22,0.0,7.1
2023-11-06,Mumbai,72,27.46,0.0,5.39
2023-11-07,Mumbai,72,26.88,0.0,7.76
2023-11-08,Mumbai,72,25.91,0.0,12.04
2023-11-09,Mumbai,72,24.45,0.0,12.69
2023-11-10,Mumbai,72,25.35,27.46,12.0
2023-11-11,Mumbai,72,26.85,0.0,9.59
2023-11-12,Mumbai,72,25.49,0.0,10.11
2023-11-13,Mumbai,72,27.41,0.0,7.3
2023-11-14,Mumbai,72,30.9,0.0,6.92
2023-11-15,Mumbai,72,27.34,0.0,7.9
2023-11-16,Mumbai,72,30.12,0.0,4.84
2023-11-17,Mumbai,72,30.66,0.0,6.53
2023-11-18,Mumbai,72,30.13,0.0,6.79
2023-11-19,Mumbai,72,24.56,0.0,8.63
2023-11-20,Mumbai,72,25.17,0.0,9.52
2023-11-21,Mumbai,72,25.24,0.0,8.77
2023-11-22,Mumbai,72,25.29,0.0,8.07
2023-11-23,Mumbai,72,29.79,0.0,8.01
2023-11-24,Mumbai,72,29.2,0.0,9.38
2023-11-25,Mumbai,72,27.39,0.0,11.62
2023-11-26,Mumbai,72,26.7,0.0,10.33
2023-11-27,Mumbai,72,25.89,0.0,7.85
2023-11-28,Mumbai,72,28.7,0.0,4.24
2023-11-29,Mumbai,72,28.95,0.0,4.83
2023-11-30,Mumbai,72,28.48,0.0,8.23
2023-12-01,Mumbai,72,25.43,0.0,8.07
2023-12-02,Mumbai,72,27.16,0.0,11.3
2023-12-03,Mumbai,72,27.72,0.0,13.94
2023-12-04,Mumbai,72,30.0,0.0,12.12
2023-12-05,Mumbai,72,29.52,0.0,13.31
2023-12-06,Mumbai,72,27.53,0.0,10.29
2023-12-07,Mumbai,72,28.55,0.0,10.04
2023-12-08,Mumbai,72,27.05,0.0,7.82
2023-12-09,Mumbai,72,25.12,0.0,9.29
2023-12-10,Mumbai,72,24.79,0.0,8.88
2023-12-11,Mumbai,72,24.85,0.0,8.6
2023-12-12,Mumbai,72,25.53,0.0,6.3
2023-12-13,Mumbai,72,28.54,0.0,5.69
2023-12-14,Mumbai,72,30.05,0.0,11.01
2023-12-15,Mumbai,72,29.78,0.0,5.79
2023-12-16,Mumbai,72,31.48,0.0,9.27
2023-12-17,Mumbai,72,27.85,0.0,4.43
2023-12-18,Mumbai,72,26.6,0.0,7.0
2023-12-19,Mumbai,72,26.12,0.0,9.21
2023-12-20,Mumbai,72,29.46,0.0,10.98
2023-12-21,Mumbai,72,29.92,0.0,9.02
2023-12-22,Mumbai,72,30.1,0.0,13.29
2023-12-23,Mumbai,72,30.6,0.0,6.15
2023-12-24,Mumbai,72,30.3,0.0,5.25
2023-12-25,Mumbai,72,28.54,0.0,7.75
2023-12-26,Mumbai,72,27.71,0.0,11.88
2023-12-27,Mumbai,72,28.47,0.0,12.09
2023-12-28,Mumbai,72,28.58,0.0,8.14
2023-12-29,Mumbai,72,27.15,0.0,6.87
2023-12-30,Mumbai,72,25.47,0.0,11.54
2023-12-31,Mumbai,72,22.54,0.0,7.55
2024-01-01,Mumbai,72,21.14,0.0,7.68
2024-01-02,Mumbai,72,21.77,0.0,7.05
2024-01-03,Mumbai,72,21.57,0.0,10.37
2024-01-04,Mumbai,72,23.5,0.0,8.21
2024-01-05,Mumbai,72,22.22,0.0,10.39
2024-01-06,Mumbai,72,23.36,0.0,12.16
2024-01-07,Mumbai,72,23.41,0.0,10.71
2024-01-08,Mumbai,72,22.5,0.0,10.07
2024-01-09,Mumbai,72,22.51,0.0,11.75
2024-01-10,Mumbai,72,24.77,0.0,14.43
2024-01-11,Mumbai,72,25.32,0.0,13.18
2024-01-12,Mumbai,72,25.2,0.0,11.21
2024-01-13,Mumbai,72,23.94,0.0,9.68
2024-01-14,Mumbai,72,23.82,0.0,5.8
2024-01-15,Mumbai,72,21.36,0.0,10.66
2024-01-16,Mumbai,72,22.31,0.0,12.34
2024-01-17,Mumbai,72,22.98,0.0,7.44
2024-01-18,Mumbai,72,21.29,0.0,6.71
2024-01-19,Mumbai,72,21.88,0.0,9.88
2024-01-20,Mumbai,72,18.82,0.0,9.12
2024-01-21,Mumbai,72,20.97,0.0,5.52
2024-01-22,Mumbai,72,21.44,0.0,10.09
2024-01-23,Mumbai,72,22.4,0.0,10.19
2024-01-24,Mumbai,72,22.07,0.0,6.93
2024-01-25,Mumbai,72,21.72,0.0,12.04
2024-01-26,Mumbai,72,22.34,0.0,11.6
2024-01-27,Mumbai,72,21.0,0.0,8.74
2024-01-28,Mumbai,72,22.56,0.0,6.98
2024-01-29,Mumbai,72,25.8,0.0,4.63
2024-01-30,Mumbai,72,22.95,0.0,9.53
2024-01-31,Mumbai,72,22.83,0.0,7.11
2024-02-01,Mumbai,72,27.01,0.0,7.12
2024-02-02,Mumbai,72,26.3,0.0,7.77
2024-02-03,Mumbai,72,27.55,0.0,10.66
2024-02-04,Mumbai,72,24.23,0.0,7.0
2024-02-05,Mumbai,72,23.74,0.0,5.03
2024-02-06,Mumbai,72,25.97,0.0,7.52
2024-02-07,Mumbai,72,22.44,0.0,6.09
2024-02-08,Mumbai,72,21.49,0.0,10.14
2024-02-09,Mumbai,72,23.89,0.0,8.15
2024-02-10,Mumbai,72,24.39,0.0,8.26
2024-02-11,Mumbai,72,26.58,0.0,12.36
2024-02-12,Mumbai,72,23.49,0.0,9.95
2024-02-13,Mumbai,72,26.86,0.0,8.88
2024-02-14,Mumbai,72,25.68,0.0,13.12
2024-02-15,Mumbai,72,25.73,0.0,5.27
2024-02-16,Mumbai,72,26.2,0.0,7.3
2024-02-17,Mumbai,72,26.89,0.0,7.21
2024-02-18,Mumbai,72,27.71,0.0,11.43
2024-02-19,Mumbai,72,26.5,0.0,10.82
2024-02-20,Mumbai,72,24.43,0.0,9.26
2024-02-21,Mumbai,72,24.48,0.0,6.3
2024-02-22,Mumbai,72,25.51,0.0,9.77
2024-02-23,Mumbai,72,25.58,0.0,12.02
2024-02-24,Mumbai,72,26.26,0.0,9.13
2024-02-25,Mumbai,72,25.95,0.0,10.62
2024-02-26,Mumbai,72,22.82,0.0,8.16
2024-02-27,Mumbai,72,23.09,0.0,8.1
2024-02-28,Mumbai,72,26.48,0.0,1.76
2024-02-29,Mumbai,72,22.56,0.0,6.1
2024-03-01,Mumbai,72,27.58,0.0,13.2
2024-03-02,Mumbai,72,26.57,0.0,11.44
2024-03-03,Mumbai,72,30.22,0.0,9.92
2024-03-04,Mumbai,72,29.42,0.0,9.54
2024-03-05,Mumbai,72,27.41,0.0,5.91
2024-03-06,Mumbai,72,28.8,0.0,10.73
2024-03-07,Mumbai,72,28.65,0.0,10.31
2024-03-08,Mumbai,72,29.8,0.0,13.9
2024-03-09,Mumbai,72,26.56,0.0,9.24
2024-03-10,Mumbai,72,28.85,0.0,8.69
2024-03-11,Mumbai,72,26.0,0.0,7.37
2024-03-12,Mumbai,72,27.78,0.4,8.86
2024-03-13,Mumbai,72,29.95,0.0,7.59
2024-03-14,Mumbai,72,30.59,0.0,10.76
2024-03-15,Mumbai,72,28.95,0.0,10.52
2024-03-16,Mumbai,72,27.8,0.0,7.68
2024-03-17,Mumbai,72,28.5,0.0,6.79
2024-03-18,Mumbai,72,30.55,0.0,13.64
2024-03-19,Mumbai,72,30.33,0.0,14.64
2024-03-20,Mumbai,72,29.94,0.0,13.13
2024-03-21,Mumbai,72,28.17,0.0,11.34
2024-03-22,Mumbai,72,30.81,0.0,14.4
2024-03-23,Mumbai,72,28.62,0.0,13.85
2024-03-24,Mumbai,72,29.18,0.0,4.28
2024-03-25,Mumbai,72,27.26,0.0,12.44
2024-03-26,Mumbai,72,27.4,0.0,5.67
2024-03-27,Mumbai,72,28.96,0.0,10.94
2024-03-28,Mumbai,72,28.84,0.0,10.98
2024-03-29,Mumbai,72,30.41,0.0,11.18
2024-03-30,Mumbai,72,29.26,0.0,13.86
2024-03-31,Mumbai,72,25.88,0.0,10.09
2024-04-01,Mumbai,72,28.75,0.0,15.12
2024-04-02,Mumbai,72,30.3,0.0,11.17
2024-04-03,Mumbai,72,28.81,0.0,12.85
2024-04-04,Mumbai,72,28.55,0.0,13.41
2024-04-05,Mumbai,72,30.26,0.0,18.07
2024-04-06,Mumbai,72,31.92,0.0,14.03
2024-04-07,Mumbai,72,30.14,0.0,13.01
2024-04-08,Mumbai,72,30.14,0.0,13.65
2024-04-09,Mumbai,72,27.44,0.0,16.43
2024-04-10,Mumbai,72,25.9,0.0,12.66
2024-04-11,Mumbai,72,26.36,0.0,13.49
2024-04-12,Mumbai,72,30.35,0.0,11.19
2024-04-13,Mumbai,72,33.09,0.0,12.3
2024-04-14,Mumbai,72,29.68,0.0,13.85
2024-04-15,Mumbai,72,29.18,0.0,11.52
2024-04-16,Mumbai,72,27.36,0.0,14.91
2024-04-17,Mumbai,72,28.94,0.0,15.11
2024-04-18,Mumbai,72,29.75,0.0,14.52
2024-04-19,Mumbai,72,28.04,0.0,15.62
2024-04-20,Mumbai,72,31.74,0.0,13.52
2024-04-21,Mumbai,72,31.05,0.0,16.31
2024-04-22,Mumbai,72,31.28,0.0,13.84
2024-04-23,Mumbai,72,29.53,0.0,15.09
2024-04-24,Mumbai,72,31.13,0.0,12.34
2024-04-25,Mumbai,72,29.38,0.0,12.6
2024-04-26,Mumbai,72,27.58,0.0,14.25
2024-04-27,Mumbai,72,25.68,0.0,9.39
2024-04-28,Mumbai,72,28.08,0.0,11.75
2024-04-29,Mumbai,72,28.87,0.0,15.44
2024-04-30,Mumbai,72,29.07,0.0,14.17
2024-05-01,Mumbai,72,26.81,0.0,12.65
2024-05-02,Mumbai,72,29.43,0.0,15.08
2024-05-03,Mumbai,72,28.66,0.0,12.86
2024-05-04,Mumbai,72,29.62,0.0,11.23
2024-05-05,Mumbai,72,32.58,0.0,12.72
2024-05-06,Mumbai,72,32.35,0.0,14.96
2024-05-07,Mumbai,72,31.59,0.0,11.02
2024-05-08,Mumbai,72,31.42,0.0,13.12
2024-05-09,Mumbai,72,31.12,0.0,14.18
2024-05-10,Mumbai,72,31.22,0.0,15.83
2024-05-11,Mumbai,72,30.71,0.0,15.28
2024-05-12,Mumbai,72,29.65,0.0,13.78
2024-05-13,Mumbai,72,27.61,0.0,10.05
2024-05-14,Mumbai,72,30.0,10.48,15.81
2024-05-15,Mumbai,72,30.77,0.0,18.4
2024-05-16,Mumbai,72,29.58,0.0,16.46
2024-05-17,Mumbai,72,28.85,0.0,17.47
2024-05-18,Mumbai,72,29.56,0.0,18.24
2024-05-19,Mumbai,72,29.06,0.0,18.42
2024-05-20,Mumbai,72,30.04,0.0,18.85
2024-05-21,Mumbai,72,32.83,0.0,19.31
2024-05-22,Mumbai,72,31.75,0.0,19.29
2024-05-23,Mumbai,72,30.08,0.0,11.7
2024-05-24,Mumbai,72,30.4,0.0,13.3
2024-05-25,Mumbai,72,30.43,0.0,15.81
2024-05-26,Mumbai,72,29.07,0.0,20.64
2024-05-27,Mumbai,72,32.85,0.0,13.6
2024-05-28,Mumbai,72,30.55,0.0,15.29
2024-05-29,Mumbai,72,30.76,0.0,18.45
2024-05-30,Mumbai,72,30.3,0.0,15.35
2024-05-31,Mumbai,72,28.61,0.0,16.69
2024-06-01,Mumbai,72,28.35,0.0,24.89
2024-06-02,Mumbai,72,29.54,18.96,28.21
2024-06-03,Mumbai,72,31.88,2.54,23.3
2024-06-04,Mumbai,72,30.64,22.88,32.03
2024-06-05,Mumbai,72,28.75,25.17,28.43
2024-06-06,Mumbai,72,28.25,16.28,23.57
2024-06-07,Mumbai,72,29.07,0.0,20.48
2024-06-08,Mumbai,72,28.01,28.87,22.06
2024-06-09,Mumbai,72,28.98,21.97,26.09
2024-06-10,Mumbai,72,30.19,41.36,28.39
2024-06-11,Mumbai,72,28.68,3.87,22.05
2024-06-12,Mumbai,72,29.35,11.48,27.97
2024-06-13,Mumbai,72,27.86,18.99,28.27
2024-06-14,Mumbai,72,29.39,55.27,29.41
2024-06-15,Mumbai,72,30.61,13.34,24.51
2024-06-16,Mumbai,72,30.48,11.66,28.6
2024-06-17,Mumbai,72,29.05,36.26,29.69
2024-06-18,Mumbai,72,30.89,23.59,26.99
2024-06-19,Mumbai,72,30.47,5.46,25.2
2024-06-20,Mumbai,72,32.81,3.78,24.39
2024-06-21,Mumbai,72,32.62,9.09,20.76
2024-06-22,Mumbai,72,31.85,1.98,27.89
2024-06-23,Mumbai,72,30.7,17.02,25.61
2024-06-24,Mumbai,72,29.77,44.03,33.66
2024-06-25,Mumbai,72,30.97,1.01,17.07
2024-06-26,Mumbai,72,34.22,13.84,18.6
2024-06-27,Mumbai,72,33.13,15.98,28.62
2024-06-28,Mumbai,72,32.26,30.75,30.08
2024-06-29,Mumbai,72,32.28,20.84,27.72
2024-06-30,Mumbai,72,28.99,20.51,29.58
2024-07-01,Mumbai,72,28.27,14.13,25.15
2024-07-02,Mumbai,72,29.15,29.99,27.88
2024-07-03,Mumbai,72,27.22,9.79,28.2
2024-07-04,Mumbai,72,27.79,27.41,32.57
2024-07-05,Mumbai,72,26.73,13.56,29.19
2024-07-06,Mumbai,72,28.36,7.03,28.62
2024-07-07,Mumbai,72,28.35,2.37,26.19
2024-07-08,Mumbai,72,28.18,11.61,28.14
2024-07-09,Mumbai,72,28.31,6.65,21.74
2024-07-10,Mumbai,72,27.23,17.07,24.97
2024-07-11,Mumbai,72,26.37,16.27,22.03
2024-07-12,Mumbai,72,28.04,35.67,30.29
2024-07-13,Mumbai,72,27.31,87.42,33.47
2024-07-14,Mumbai,72,28.03,3.02,23.3
2024-07-15,Mumbai,72,26.93,26.0,29.6
2024-07-16,Mumbai,72,29.11,8.69,26.14
2024-07-17,Mumbai,72,28.2,21.33,25.35
2024-07-18,Mumbai,72,28.93,32.06,28.84
2024-07-19,Mumbai,72,27.6,42.33,33.47
2024-07-20,Mumbai,72,27.25,26.46,23.29
2024-07-21,Mumbai,72,26.54,11.22,24.75
2024-07-22,Mumbai,72,28.12,24.97,28.61
2024-07-23,Mumbai,72,25.79,38.69,26.37
2024-07-24,Mumbai,72,27.05,0.0,25.7
2024-07-25,Mumbai,72,29.21,56.46,30.06
2024-07-26,Mumbai,72,26.67,59.87,40.63
2024-07-27,Mumbai,72,25.77,6.22,23.62
2024-07-28,Mumbai,72,27.86,13.62,23.18
2024-07-29,Mumbai,72,28.27,13.12,26.09
2024-07-30,Mumbai,72,28.42,14.78,29.24
2024-07-31,Mumbai,72,28.3,13.18,27.58
2024-08-01,Mumbai,72,26.69,18.36,26.07
2024-08-02,Mumbai,72,25.82,17.58,23.14
2024-08-03,Mumbai,72,29.33,9.3,22.88
2024-08-04,Mumbai,72,30.09,5.37,20.98
2024-08-05,Mumbai,72,29.7,25.78,23.0
2024-08-06,Mumbai,72,28.35,8.72,20.67
2024-08-07,Mumbai,72,31.52,9.67,27.76
2024-08-08,Mumbai,72,27.0,10.99,26.25
2024-08-09,Mumbai,72,29.78,18.62,23.48
2024-08-10,Mumbai,72,29.11,61.96,28.81
2024-08-11,Mumbai,72,28.21,8.33,19.79
2024-08-12,Mumbai,72,27.94,41.34,25.53
2024-08-13,Mumbai,72,28.86,26.55,27.54
2024-08-14,Mumbai,72,30.15,10.13,21.4
2024-08-15,Mumbai,72,29.94,42.95,29.81
2024-08-16,Mumbai,72,30.61,14.91,24.34
2024-08-17,Mumbai,72,27.78,19.61,26.48
2024-08-18,Mumbai,72,25.94,17.47,25.42
2024-08-19,Mumbai,72,29.04,10.15,21.77
2024-08-20,Mumbai,72,29.45,10.56,20.84
2024-08-21,Mumbai,72,27.23,15.45,20.21
2024-08-22,Mumbai,72,24.92,9.75,19.97
2024-08-23,Mumbai,72,29.91,0.41,20.42
2024-08-24,Mumbai,72,30.8,22.42,27.57
2024-08-25,Mumbai,72,27.07,15.07,27.09
2024-08-26,Mumbai,72,28.51,26.26,30.06
2024-08-27,Mumbai,72,27.79,16.61,27.32
2024-08-28,Mumbai,72,25.41,12.85,25.79
2024-08-29,Mumbai,72,29.27,11.38,26.16
2024-08-30,Mumbai,72,26.4,34.19,28.99
2024-08-31,Mumbai,72,27.62,22.42,28.9
2024-09-01,Mumbai,72,26.59,10.64,24.11
2024-09-02,Mumbai,72,26.88,2.14,17.02
2024-09-03,Mumbai,72,28.34,8.8,14.69
2024-09-04,Mumbai,72,26.27,4.47,22.53
2024-09-05,Mumbai,72,29.19,8.49,16.02
2024-09-06,Mumbai,72,30.03,10.64,18.04
2024-09-07,Mumbai,72,30.21,0.0,14.53
2024-09-08,Mumbai,72,25.97,0.0,10.54
2024-09-09,Mumbai,72,29.13,20.36,20.11
2024-09-10,Mumbai,72,27.88,21.69,24.02
2024-09-11,Mumbai,72,27.81,9.21,13.65
2024-09-12,Mumbai,72,30.45,1.79,23.77
2024-09-13,Mumbai,72,31.06,2.3,15.64
2024-09-14,Mumbai,72,29.33,22.35,23.21
2024-09-15,Mumbai,72,30.16,7.0,20.11
2024-09-16,Mumbai,72,28.62,20.66,21.28
2024-09-17,Mumbai,72,29.16,3.97,20.48
2024-09-18,Mumbai,72,27.01,5.63,20.0
2024-09-19,Mumbai,72,29.14,2.06,15.42
2024-09-20,Mumbai,72,30.02,11.34,13.38
2024-09-21,Mumbai,72,30.14,15.33,16.02
2024-09-22,Mumbai,72,28.69,0.52,12.8
2024-09-23,Mumbai,72,28.09,3.18,16.57
2024-09-24,Mumbai,72,28.31,5.76,16.08
2024-09-25,Mumbai,72,28.88,2.66,18.8
2024-09-26,Mumbai,72,28.89,13.94,20.07
2024-09-27,Mumbai,72,28.64,6.07,20.57
2024-09-28,Mumbai,72,24.94,7.22,18.07
2024-09-29,Mumbai,72,26.6,12.04,11.52
2024-09-30,Mumbai,72,28.84,4.59,13.94
2024-10-01,Mumbai,72,31.39,0.0,9.58
2024-10-02,Mumbai,72,30.95,0.0,15.54
2024-10-03,Mumbai,72,29.39,0.0,11.01
2024-10-04,Mumbai,72,29.19,0.0,6.99
2024-10-05,Mumbai,72,29.21,0.0,7.3
2024-10-06,Mumbai,72,28.08,0.0,8.82
2024-10-07,Mumbai,72,26.73,0.0,10.42
2024-10-08,Mumbai,72,28.11,0.0,14.3
2024-10-09,Mumbai,72,27.7,0.0,12.18
2024-10-10,Mumbai,72,27.76,6.52,13.48
2024-10-11,Mumbai,72,30.76,0.0,12.9
2024-10-12,Mumbai,72,30.12,0.0,10.62
2024-10-13,Mumbai,72,30.05,0.0,8.12
2024-10-14,Mumbai,72,28.08,0.0,10.26
2024-10-15,Mumbai,72,30.95,12.67,13.13
2024-10-16,Mumbai,72,27.67,5.34,14.81
2024-10-17,Mumbai,72,28.82,0.0,9.17
2024-10-18,Mumbai,72,28.83,0.0,8.4
2024-10-19,Mumbai,72,28.0,0.0,10.6
2024-10-20,Mumbai,72,29.36,0.0,13.17
2024-10-21,Mumbai,72,29.69,0.0,10.55
2024-10-22,Mumbai,72,30.47,0.0,9.26
2024-10-23,Mumbai,72,28.68,0.0,9.47
2024-10-24,Mumbai,72,28.76,0.0,11.67
2024-10-25,Mumbai,72,28.43,0.0,7.32
2024-10-26,Mumbai,72,30.9,0.0,8.82
2024-10-27,Mumbai,72,32.14,0.0,10.08
2024-10-28,Mumbai,72,34.73,0.0,9.06
2024-10-29,Mumbai,72,30.94,0.0,13.91
2024-10-30,Mumbai,72,29.99,0.0,12.29
2024-10-31,Mumbai,72,28.16,0.0,15.27
2024-11-01,Mumbai,72,28.05,0.0,8.19
2024-11-02,Mumbai,72,24.94,0.0,4.57
2024-11-03,Mumbai,72,26.85,0.0,6.5
2024-11-04,Mumbai,72,26.84,0.0,7.21
2024-11-05,Mumbai,72,30.54,0.0,6.94
2024-11-06,Mumbai,72,30.21,0.0,6.72
2024-11-07,Mumbai,72,30.28,0.0,9.27
2024-11-08,Mumbai,72,28.67,0.0,11.29
2024-11-09,Mumbai,72,28.73,0.0,9.97
2024-11-10,Mumbai,72,31.09,0.0,10.33
2024-11-11,Mumbai,72,28.06,0.0,11.75
2024-11-12,Mumbai,72,29.23,0.0,8.49
2024-11-13,Mumbai,72,30.18,0.0,11.96
2024-11-14,Mumbai,72,29.01,0.0,10.08
2024-11-15,Mumbai,72,28.46,0.0,9.98
2024-11-16,Mumbai,72,28.06,0.0,11.78
2024-11-17,Mumbai,72,27.8,0.0,8.52
2024-11-18,Mumbai,72,29.74,0.0,15.38
2024-11-19,Mumbai,72,27.56,0.0,11.2
2024-11-20,Mumbai,72,25.42,0.0,8.55
2024-11-21,Mumbai,72,26.95,0.0,6.46
2024-11-22,Mumbai,72,25.65,0.0,10.82
2024-11-23,Mumbai,72,27.95,0.0,10.83
2024-11-24,Mumbai,72,28.39,0.0,5.05
2024-11-25,Mumbai,72,31.04,0.0,9.17
2024-11-26,Mumbai,72,30.72,0.0,7.74
2024-11-27,Mumbai,72,30.11,0.0,10.73
2024-11-28,Mumbai,72,28.44,0.0,6.88
2024-11-29,Mumbai,72,31.96,0.0,9.38
2024-11-30,Mumbai,72,28.53,0.0,13.41
2024-12-01,Mumbai,72,28.39,0.0,9.2
2024-12-02,Mumbai,72,29.31,0.51,9.95
2024-12-03,Mumbai,72,31.2,0.0,14.2
2024-12-04,Mumbai,72,27.46,0.0,10.33
2024-12-05,Mumbai,72,28.01,0.0,9.42
2024-12-06,Mumbai,72,27.87,0.0,8.89
2024-12-07,Mumbai,72,29.46,0.0,9.07
2024-12-08,Mumbai,72,28.56,0.0,11.3
2024-12-09,Mumbai,72,26.92,0.0,6.72
2024-12-10,Mumbai,72,27.28,0.0,11.51
2024-12-11,Mumbai,72,25.79,0.0,7.19
2024-12-12,Mumbai,72,24.96,0.0,10.97
2024-12-13,Mumbai,72,26.77,0.0,7.6
2024-12-14,Mumbai,72,23.85,0.0,6.82
2024-12-15,Mumbai,72,24.62,0.0,5.88
2024-12-16,Mumbai,72,26.49,0.0,7.39
2024-12-17,Mumbai,72,29.83,0.0,9.96
2024-12-18,Mumbai,72,25.69,0.0,12.14
2024-12-19,Mumbai,72,25.38,0.0,8.84
2024-12-20,Mumbai,72,25.97,0.0,9.03
2024-12-21,Mumbai,72,28.84,0.0,7.68
2024-12-22,Mumbai,72,26.39,0.0,8.46
2024-12-23,Mumbai,72,27.25,0.0,6.48
2024-12-24,Mumbai,72,29.63,0.0,11.12
2024-12-25,Mumbai,72,26.99,0.0,10.01
2024-12-26,Mumbai,72,25.03,0.0,8.71
2024-12-27,Mumbai,72,26.73,0.0,8.77
2024-12-28,Mumbai,72,26.04,0.0,9.53
2024-12-29,Mumbai,72,27.22,0.0,9.08
2024-12-30,Mumbai,72,29.01,0.0,4.2
2024-12-31,Mumbai,72,28.27,0.0,8.34
2025-01-01,Mumbai,72,24.18,0.0,7.75
2025-01-02,Mumbai,72,21.23,0.0,10.82
2025-01-03,Mumbai,72,24.94,0.0,10.33
2025-01-04,Mumbai,72,24.4,0.0,13.21
2025-01-05,Mumbai,72,26.42,0.0,13.55
2025-01-06,Mumbai,72,27.88,0.0,7.45
2025-01-07,Mumbai,72,25.57,0.0,14.81
2025-01-08,Mumbai,72,26.8,0.0,11.07
2025-01-09,Mumbai,72,26.43,0.0,8.61
2025-01-10,Mumbai,72,25.29,1.64,6.39
2025-01-11,Mumbai,72,24.06,0.0,6.69
2025-01-12,Mumbai,72,22.79,0.0,9.66
2025-01-13,Mumbai,72,22.33,0.0,10.95
2025-01-14,Mumbai,72,21.48,0.0,10.72
2025-01-15,Mumbai,72,21.87,0.0,8.98
2025-01-16,Mumbai,72,24.89,0.0,8.92
2025-01-17,Mumbai,72,24.66,0.0,10.32
2025-01-18,Mumbai,72,23.43,0.0,7.74
2025-01-19,Mumbai,72,23.29,0.0,9.89
2025-01-20,Mumbai,72,24.76,0.0,10.57
2025-01-21,Mumbai,72,24.23,0.0,5.53
2025-01-22,Mumbai,72,24.25,0.0,14.49
2025-01-23,Mumbai,72,22.54,0.0,7.93
2025-01-24,Mumbai,72,21.99,0.0,7.77
2025-01-25,Mumbai,72,23.75,0.0,5.5
2025-01-26,Mumbai,72,25.23,0.0,7.07
2025-01-27,Mumbai,72,23.64,0.0,8.29
2025-01-28,Mumbai,72,24.72,0.0,9.38
2025-01-29,Mumbai,72,23.82,0.0,11.72
2025-01-30,Mumbai,72,22.87,0.0,7.28
2025-01-31,Mumbai,72,23.73,0.0,7.74
2025-02-01,Mumbai,72,24.37,0.0,7.38
2025-02-02,Mumbai,72,24.35,0.0,11.18
2025-02-03,Mumbai,72,22.83,0.0,10.61
2025-02-04,Mumbai,72,20.54,0.0,6.88
2025-02-05,Mumbai,72,22.57,0.0,9.57
2025-02-06,Mumbai,72,22.65,0.0,7.97
2025-02-07,Mumbai,72,24.43,0.0,6.31
2025-02-08,Mumbai,72,26.41,0.0,5.3
2025-02-09,Mumbai,72,26.57,0.0,8.54
2025-02-10,Mumbai,72,28.3,0.0,9.92
2025-02-11,Mumbai,72,25.42,0.0,11.65
2025-02-12,Mumbai,72,25.55,0.0,9.33
2025-02-13,Mumbai,72,25.77,0.0,8.79
2025-02-14,Mumbai,72,27.11,0.0,12.14
2025-02-15,Mumbai,72,22.72,0.0,10.25
2025-02-16,Mumbai,72,25.98,0.0,11.46
2025-02-17,Mumbai,72,26.84,0.0,10.29
2025-02-18,Mumbai,72,26.57,0.0,6.69
2025-02-19,Mumbai,72,28.29,0.0,8.88
2025-02-20,Mumbai,72,26.86,0.0,11.22
2025-02-21,Mumbai,72,27.61,0.0,8.78
2025-02-22,Mumbai,72,28.06,0.0,9.23
2025-02-23,Mumbai,72,26.42,0.0,8.7
2025-02-24,Mumbai,72,26.67,0.0,9.71
2025-02-25,Mumbai,72,27.32,0.0,8.95
2025-02-26,Mumbai,72,24.63,0.0,8.28
2025-02-27,Mumbai,72,23.53,0.0,8.94
2025-02-28,Mumbai,72,24.23,0.0,8.99
2025-03-01,Mumbai,72,27.77,0.0,9.89
2025-03-02,Mumbai,72,25.03,0.0,9.23
2025-03-03,Mumbai,72,27.17,0.0,8.12
2025-03-04,Mumbai,72,23.47,0.0,6.49
2025-03-05,Mumbai,72,26.24,0.0,7.75
2025-03-06,Mumbai,72,25.69,0.0,11.85
2025-03-07,Mumbai,72,27.55,0.0,10.05
2025-03-08,Mumbai,72,27.9,0.0,10.02
2025-03-09,Mumbai,72,27.59,0.0,8.17
2025-03-10,Mumbai,72,25.27,0.0,9.67
2025-03-11,Mumbai,72,24.98,0.0,10.22
2025-03-12,Mumbai,72,22.5,0.0,10.89
2025-03-13,Mumbai,72,24.25,0.0,7.65
2025-03-14,Mumbai,72,26.09,0.0,8.1
2025-03-15,Mumbai,72,27.73,0.0,13.47
2025-03-16,Mumbai,72,27.52,0.0,10.68
2025-03-17,Mumbai,72,27.0,0.0,13.19
2025-03-18,Mumbai,72,29.14,0.0,14.07
2025-03-19,Mumbai,72,30.25,0.0,14.34
2025-03-20,Mumbai,72,30.97,0.0,13.09
2025-03-21,Mumbai,72,32.67,0.0,12.78
2025-03-22,Mumbai,72,31.05,0.0,9.37
2025-03-23,Mumbai,72,27.79,0.0,8.89
2025-03-24,Mumbai,72,28.01,0.0,12.26
2025-03-25,Mumbai,72,27.19,0.0,12.87
2025-03-26,Mumbai,72,27.6,0.0,9.37
2025-03-27,Mumbai,72,27.49,0.0,10.11
2025-03-28,Mumbai,72,27.37,0.0,7.05
2025-03-29,Mumbai,72,26.27,0.0,9.71
2025-03-30,Mumbai,72,29.69,0.0,10.72
2025-03-31,Mumbai,72,28.76,0.0,9.62
2025-04-01,Mumbai,72,30.93,0.0,10.66
2025-04-02,Mumbai,72,30.37,0.0,10.66
2025-04-03,Mumbai,72,28.27,0.0,10.0
2025-04-04,Mumbai,72,29.49,0.0,10.51
2025-04-05,Mumbai,72,32.74,0.0,9.4
2025-04-06,Mumbai,72,29.81,0.0,9.65
2025-04-07,Mumbai,72,29.43,0.0,11.23
2025-04-08,Mumbai,72,29.46,0.0,12.33
2025-04-09,Mumbai,72,29.18,0.0,12.37
2025-04-10,Mumbai,72,31.49,0.0,10.62
2025-04-11,Mumbai,72,33.98,0.0,10.11
2025-04-12,Mumbai,72,32.93,0.0,13.9
2025-04-13,Mumbai,72,30.47,0.0,13.21
2025-04-14,Mumbai,72,34.23,0.0,13.07
2025-04-15,Mumbai,72,33.55,0.0,10.3
2025-04-16,Mumbai,72,33.16,0.0,13.33
2025-04-17,Mumbai,72,33.27,0.0,11.78
2025-04-18,Mumbai,72,32.37,0.0,13.85
2025-04-19,Mumbai,72,32.88,0.0,9.06
2025-04-20,Mumbai,72,30.99,0.0,12.5
2025-04-21,Mumbai,72,32.15,0.0,11.61
2025-04-22,Mumbai,72,30.56,0.0,9.94
2025-04-23,Mumbai,72,31.66,0.0,13.32
2025-04-24,Mumbai,72,34.84,0.0,16.06
2025-04-25,Mumbai,72,30.9,0.0,15.48
2025-04-26,Mumbai,72,31.94,0.0,13.82
2025-04-27,Mumbai,72,31.58,0.0,10.53
2025-04-28,Mumbai,72,33.12,0.0,15.35
2025-04-29,Mumbai,72,32.2,0.0,16.47
2025-04-30,Mumbai,72,33.22,0.0,16.08
2025-05-01,Mumbai,72,37.31,0.0,20.2
2025-05-02,Mumbai,72,33.29,0.0,13.18
2025-05-03,Mumbai,72,31.82,0.0,18.3
2025-05-04,Mumbai,72,34.51,0.0,18.94
2025-05-05,Mumbai,72,36.97,0.0,10.7
2025-05-06,Mumbai,72,33.62,0.0,11.32
2025-05-07,Mumbai,72,32.23,0.0,16.58
2025-05-08,Mumbai,72,29.52,0.0,15.73
2025-05-09,Mumbai,72,27.89,0.0,13.57
2025-05-10,Mumbai,72,27.58,0.0,13.22
2025-05-11,Mumbai,72,27.52,0.0,15.05
2025-05-12,Mumbai,72,30.41,0.0,13.47
2025-05-13,Mumbai,72,31.68,0.0,13.06
2025-05-14,Mumbai,72,32.28,0.0,13.01
2025-05-15,Mumbai,72,33.26,0.0,13.61
2025-05-16,Mumbai,72,30.71,0.0,14.61
2025-05-17,Mumbai,72,30.7,0.0,15.38
2025-05-18,Mumbai,72,30.59,0.0,12.66
2025-05-19,Mumbai,72,30.77,0.0,15.65
2025-05-20,Mumbai,72,29.85,0.0,13.03
2025-05-21,Mumbai,72,32.77,0.0,16.97
2025-05-22,Mumbai,72,31.81,0.0,14.91
2025-05-23,Mumbai,72,33.58,0.0,14.65
2025-05-24,Mumbai,72,31.96,0.0,15.85
2025-05-25,Mumbai,72,32.75,0.0,16.82
2025-05-26,Mumbai,72,32.41,0.0,12.04
2025-05-27,Mumbai,72,32.98,0.0,12.31
2025-05-28,Mumbai,72,33.63,0.0,11.52
2025-05-29,Mumbai,72,34.43,0.0,12.65
2025-05-30,Mumbai,72,36.4,0.0,13.39
2025-05-31,Mumbai,72,33.92,0.0,10.88
2025-06-01,Mumbai,72,30.07,23.91,23.49
2025-06-02,Mumbai,72,31.0,10.4,19.31
2025-06-03,Mumbai,72,30.17,18.2,26.88
2025-06-04,Mumbai,72,30.52,2.19,24.01
2025-06-05,Mumbai,72,28.57,18.41,23.43
2025-06-06,Mumbai,72,28.91,17.01,24.03
2025-06-07,Mumbai,72,28.83,0.0,25.09
2025-06-08,Mumbai,72,30.2,1.46,22.68
2025-06-09,Mumbai,72,29.53,0.0,23.65
2025-06-10,Mumbai,72,31.41,21.28,26.37
2025-06-11,Mumbai,72,32.56,16.45,25.02
2025-06-12,Mumbai,72,31.31,6.2,23.96
2025-06-13,Mumbai,72,31.04,0.0,19.23
2025-06-14,Mumbai,72,30.6,10.92,22.41
2025-06-15,Mumbai,72,34.29,63.07,30.34
2025-06-16,Mumbai,72,34.03,0.0,23.61
2025-06-17,Mumbai,72,32.03,14.83,22.93
2025-06-18,Mumbai,72,28.88,0.0,21.03
2025-06-19,Mumbai,72,29.98,22.3,24.54
2025-06-20,Mumbai,72,32.95,40.26,33.75
2025-06-21,Mumbai,72,31.9,21.56,28.01
2025-06-22,Mumbai,72,32.28,22.17,24.68
2025-06-23,Mumbai,72,28.58,22.9,30.96
2025-06-24,Mumbai,72,27.8,3.18,23.71
2025-06-25,Mumbai,72,29.5,0.0,20.74
2025-06-26,Mumbai,72,28.0,0.0,17.48
2025-06-27,Mumbai,72,31.01,0.0,17.72
2025-06-28,Mumbai,72,28.59,6.31,24.1
2025-06-29,Mumbai,72,26.92,0.0,22.45
2025-06-30,Mumbai,72,26.9,0.0,26.88
2025-07-01,Mumbai,72,24.74,49.31,34.54
2025-07-02,Mumbai,72,23.12,22.01,30.77
2025-07-03,Mumbai,72,27.45,27.83,31.49
2025-07-04,Mumbai,72,27.54,23.43,26.46
2025-07-05,Mumbai,72,26.98,99.76,38.94
2025-07-06,Mumbai,72,26.53,72.81,33.09
2025-07-07,Mumbai,72,26.94,13.63,25.78
2025-07-08,Mumbai,72,25.8,0.0,27.89
2025-07-09,Mumbai,72,29.08,0.0,23.52
2025-07-10,Mumbai,72,29.78,0.0,20.19
2025-07-11,Mumbai,72,29.35,0.0,22.39
2025-07-12,Mumbai,72,31.36,2.84,20.04
2025-07-13,Mumbai,72,29.92,22.18,28.55
2025-07-14,Mumbai,72,27.32,55.91,36.2
2025-07-15,Mumbai,72,27.41,15.38,31.71
2025-07-16,Mumbai,72,25.48,24.18,25.82
2025-07-17,Mumbai,72,27.0,13.23,25.95
2025-07-18,Mumbai,72,28.04,34.94,27.41
2025-07-19,Mumbai,72,28.44,14.89,27.93
2025-07-20,Mumbai,72,27.51,35.32,32.16
2025-07-21,Mumbai,72,28.71,19.41,30.83
2025-07-22,Mumbai,72,26.57,1.5,26.21
2025-07-23,Mumbai,72,27.36,27.89,29.83
2025-07-24,Mumbai,72,27.11,9.46,20.83
2025-07-25,Mumbai,72,25.48,80.28,31.67
2025-07-26,Mumbai,72,26.64,55.31,36.23
2025-07-27,Mumbai,72,25.68,26.9,33.34
2025-07-28,Mumbai,72,26.56,2.18,22.83
2025-07-29,Mumbai,72,28.72,1.86,20.82
2025-07-30,Mumbai,72,28.9,20.26,31.22
2025-07-31,Mumbai,72,30.39,32.3,35.98
2025-08-01,Mumbai,72,28.94,7.5,25.0
2025-08-02,Mumbai,72,30.3,1.01,21.86
2025-08-03,Mumbai,72,28.23,21.82,26.44
2025-08-04,Mumbai,72,28.37,0.0,24.04
2025-08-05,Mumbai,72,28.28,0.0,20.54
2025-08-06,Mumbai,72,30.95,0.0,21.5
2025-08-07,Mumbai,72,29.06,0.0,17.44
2025-08-08,Mumbai,72,26.29,0.0,20.43
2025-08-09,Mumbai,72,26.88,10.35,25.5
2025-08-10,Mumbai,72,26.57,16.28,27.42
2025-08-11,Mumbai,72,23.88,2.25,20.18
2025-08-12,Mumbai,72,23.83,3.82,18.35
2025-08-13,Mumbai,72,25.05,17.54,22.33
2025-08-14,Mumbai,72,24.69,0.0,20.16
2025-08-15,Mumbai,72,28.0,0.0,20.65
2025-08-16,Mumbai,72,27.15,2.87,17.62
2025-08-17,Mumbai,72,28.64,23.08,21.8
2025-08-18,Mumbai,72,26.81,10.15,18.09
2025-08-19,Mumbai,72,26.68,17.94,20.61
2025-08-20,Mumbai,72,26.37,5.48,17.78
2025-08-21,Mumbai,72,27.1,0.0,17.79
2025-08-22,Mumbai,72,27.26,0.0,16.77
2025-08-23,Mumbai,72,25.52,0.0,16.93
2025-08-24,Mumbai,72,24.73,0.0,21.46
2025-08-25,Mumbai,72,27.89,0.0,21.83
2025-08-26,Mumbai,72,28.41,19.67,22.22
2025-08-27,Mumbai,72,27.43,21.48,24.6
2025-08-28,Mumbai,72,26.72,5.55,24.49
2025-08-29,Mumbai,72,26.36,1.76,21.02
2025-08-30,Mumbai,72,27.43,1.27,17.55
2025-08-31,Mumbai,72,25.76,3.0,22.03
2025-09-01,Mumbai,72,24.59,2.66,15.99
2025-09-02,Mumbai,72,24.75,0.65,13.36
2025-09-03,Mumbai,72,29.32,14.14,23.59
2025-09-04,Mumbai,72,27.88,10.21,16.17
2025-09-05,Mumbai,72,28.87,26.07,16.19
2025-09-06,Mumbai,72,28.68,2.09,15.04
2025-09-07,Mumbai,72,29.47,9.78,19.46
2025-09-08,Mumbai,72,30.82,0.0,10.99
2025-09-09,Mumbai,72,31.04,0.0,10.68
2025-09-10,Mumbai,72,28.79,0.0,13.07
2025-09-11,Mumbai,72,29.64,10.82,17.54
2025-09-12,Mumbai,72,31.57,31.99,19.24
2025-09-13,Mumbai,72,30.65,10.94,12.89
2025-09-14,Mumbai,72,31.03,10.64,17.17
2025-09-15,Mumbai,72,29.64,9.4,14.17
2025-09-16,Mumbai,72,30.71,0.79,10.34
2025-09-17,Mumbai,72,30.03,8.94,16.26
2025-09-18,Mumbai,72,28.94,18.79,21.07
2025-09-19,Mumbai,72,29.81,7.63,17.35
2025-09-20,Mumbai,72,30.17,1.06,13.95
2025-09-21,Mumbai,72,29.44,10.21,17.51
2025-09-22,Mumbai,72,27.56,40.55,26.6
2025-09-23,Mumbai,72,27.43,2.28,16.67
2025-09-24,Mumbai,72,30.09,5.24,16.62
2025-09-25,Mumbai,72,30.11,2.22,13.64
2025-09-26,Mumbai,72,32.37,4.96,18.01
2025-09-27,Mumbai,72,31.45,6.13,21.83
2025-09-28,Mumbai,72,29.77,8.41,20.16
2025-09-29,Mumbai,72,28.75,12.07,13.42
2025-09-30,Mumbai,72,27.9,3.39,16.4
2023-01-01,Mumbai,120,25.06,0.0,7.82
2023-01-02,Mumbai,120,25.06,0.0,9.75
2023-01-03,Mumbai,120,22.88,0.0,12.79
2023-01-04,Mumbai,120,25.87,0.0,6.89
2023-01-05,Mumbai,120,23.43,0.0,10.22
2023-01-06,Mumbai,120,24.45,0.0,6.87
2023-01-07,Mumbai,120,26.59,0.0,8.13
2023-01-08,Mumbai,120,24.36,0.0,5.24
2023-01-09,Mumbai,120,27.73,0.0,11.59
2023-01-10,Mumbai,120,26.6,0.0,11.15
2023-01-11,Mumbai,120,23.0,0.0,11.26
2023-01-12,Mumbai,120,23.0,0.0,11.12
2023-01-13,Mumbai,120,20.67,0.0,10.31
2023-01-14,Mumbai,120,23.96,0.0,4.94
2023-01-15,Mumbai,120,24.62,0.0,9.85
2023-01-16,Mumbai,120,25.4,0.0,4.18
2023-01-17,Mumbai,120,24.91,0.0,8.99
2023-01-18,Mumbai,120,23.6,0.0,11.27
2023-01-19,Mumbai,120,23.84,0.0,12.71
2023-01-20,Mumbai,120,26.86,0.0,11.58
2023-01-21,Mumbai,120,26.98,0.0,6.23
2023-01-22,Mumbai,120,22.11,0.0,12.7
2023-01-23,Mumbai,120,25.97,0.0,9.56
2023-01-24,Mumbai,120,23.49,0.0,9.22
2023-01-25,Mumbai,120,26.26,0.0,9.99
2023-01-26,Mumbai,120,26.28,0.0,11.95
2023-01-27,Mumbai,120,25.13,0.0,1.99
2023-01-28,Mumbai,120,24.19,0.0,11.77
2023-01-29,Mumbai,120,25.77,0.0,11.16
2023-01-30,Mumbai,120,26.75,0.0,7.83
2023-01-31,Mumbai,120,25.52,0.0,5.81
2023-02-01,Mumbai,120,28.49,0.0,10.29
2023-02-02,Mumbai,120,25.54,0.0,10.08
2023-02-03,Mumbai,120,28.15,0.0,7.76
2023-02-04,Mumbai,120,25.21,0.0,11.02
2023-02-05,Mumbai,120,24.43,0.0,10.11
2023-02-06,Mumbai,120,24.21,0.0,9.42
2023-02-07,Mumbai,120,23.8,0.0,10.49
2023-02-08,Mumbai,120,24.31,0.0,10.38
2023-02-09,Mumbai,120,22.62,0.0,6.59
2023-02-10,Mumbai,120,25.43,0.0,9.24
2023-02-11,Mumbai,120,24.3,0.0,12.69
2023-02-12,Mumbai,120,22.28,0.0,15.12
2023-02-13,Mumbai,120,24.26,0.0,9.35
2023-02-14,Mumbai,120,24.76,0.0,10.85
2023-02-15,Mumbai,120,27.04,0.0,7.41
2023-02-16,Mumbai,120,28.62,0.0,13.55
2023-02-17,Mumbai,120,24.07,0.0,12.0
2023-02-18,Mumbai,120,26.28,0.0,12.4
2023-02-19,Mumbai,120,26.75,0.0,10.44
2023-02-20,Mumbai,120,26.52,0.0,7.02
2023-02-21,Mumbai,120,29.27,0.0,10.72
2023-02-22,Mumbai,120,28.65,0.0,8.54
2023-02-23,Mumbai,120,29.45,0.0,10.02
2023-02-24,Mumbai,120,30.24,0.0,14.12
2023-02-25,Mumbai,120,28.46,0.0,11.4
2023-02-26,Mumbai,120,28.79,0.0,10.58
2023-02-27,Mumbai,120,28.82,0.0,12.35
2023-02-28,Mumbai,120,26.37,0.0,12.87
2023-03-01,Mumbai,120,29.27,0.0,11.31
2023-03-02,Mumbai,120,30.75,0.0,10.69
2023-03-03,Mumbai,120,30.47,0.0,13.44
2023-03-04,Mumbai,120,31.58,0.0,8.17
2023-03-05,Mumbai,120,29.75,0.0,9.09
2023-03-06,Mumbai,120,30.07,0.0,6.58
2023-03-07,Mumbai,120,31.24,0.0,15.12
2023-03-08,Mumbai,120,28.43,0.0,9.42
2023-03-09,Mumbai,120,27.5,0.0,12.0
2023-03-10,Mumbai,120,27.55,0.0,8.09
2023-03-11,Mumbai,120,26.23,0.2,14.45
2023-03-12,Mumbai,120,25.97,0.0,15.28
2023-03-13,Mumbai,120,29.39,0.0,13.14
2023-03-14,Mumbai,120,32.03,0.0,10.68
2023-03-15,Mumbai,120,30.34,0.0,11.91
2023-03-16,Mumbai,120,30.07,0.0,11.73
2023-03-17,Mumbai,120,32.02,0.0,6.12
2023-03-18,Mumbai,120,27.09,0.0,8.47
2023-03-19,Mumbai,120,28.33,0.0,8.56
2023-03-20,Mumbai,120,27.72,0.0,7.32
2023-03-21,Mumbai,120,29.4,0.0,7.01
2023-03-22,Mumbai,120,28.73,0.0,14.23
2023-03-23,Mumbai,120,30.22,0.0,8.42
2023-03-24,Mumbai,120,26.01,0.0,11.58
2023-03-25,Mumbai,120,26.87,0.0,11.44
2023-03-26,Mumbai,120,25.38,0.0,7.37
2023-03-27,Mumbai,120,28.1,0.0,7.43
2023-03-28,Mumbai,120,27.26,0.0,10.49
2023-03-29,Mumbai,120,28.58,0.0,10.32
2023-03-30,Mumbai,120,28.66,0.0,11.16
2023-03-31,Mumbai,120,29.27,0.0,13.59
2023-04-01,Mumbai,120,29.02,0.0,11.91
2023-04-02,Mumbai,120,29.21,0.0,11.36
2023-04-03,Mumbai,120,28.26,0.0,7.77
2023-04-04,Mumbai,120,28.72,0.0,13.77
2023-04-05,Mumbai,120,25.19,0.0,11.13
2023-04-06,Mumbai,120,28.09,0.0,12.96
2023-04-07,Mumbai,120,28.89,0.0,17.26
2023-04-08,Mumbai,120,29.01,0.0,6.85
2023-04-09,Mumbai,120,30.54,0.0,14.16
2023-04-10,Mumbai,120,29.2,0.0,12.7
2023-04-11,Mumbai,120,28.42,0.0,17.35
2023-04-12,Mumbai,120,25.73,0.0,7.47
2023-04-13,Mumbai,120,26.77,0.0,9.24
2023-04-14,Mumbai,120,30.55,0.0,9.29
2023-04-15,Mumbai,120,26.29,0.0,7.45
2023-04-16,Mumbai,120,26.44,0.0,9.37
2023-04-17,Mumbai,120,26.95,0.0,14.53
2023-04-18,Mumbai,120,28.05,0.0,9.51
2023-04-19,Mumbai,120,25.68,0.0,12.41
2023-04-20,Mumbai,120,29.17,0.0,14.8
2023-04-21,Mumbai,120,28.32,0.0,10.57
2023-04-22,Mumbai,120,30.64,0.0,18.16
2023-04-23,Mumbai,120,29.93,0.0,19.12
2023-04-24,Mumbai,120,27.93,0.0,13.35
2023-04-25,Mumbai,120,28.93,0.0,5.68
2023-04-26,Mumbai,120,30.67,0.0,12.03
2023-04-27,Mumbai,120,31.5,0.0,12.43
2023-04-28,Mumbai,120,31.82,0.0,12.88
2023-04-29,Mumbai,120,30.94,0.0,13.45
2023-04-30,Mumbai,120,30.63,0.0,15.96
2023-05-01,Mumbai,120,33.18,0.0,19.22
2023-05-02,Mumbai,120,37.4,0.0,12.86
2023-05-03,Mumbai,120,34.98,0.0,14.11
2023-05-04,Mumbai,120,34.41,0.0,14.36
2023-05-05,Mumbai,120,33.52,0.0,13.83
2023-05-06,Mumbai,120,32.63,0.0,11.23
2023-05-07,Mumbai,120,33.02,0.0,15.8
2023-05-08,Mumbai,120,33.16,0.0,13.73
2023-05-09,Mumbai,120,35.78,0.0,17.25
2023-05-10,Mumbai,120,34.14,0.0,18.3
2023-05-11,Mumbai,120,30.39,0.0,15.12
2023-05-12,Mumbai,120,32.77,0.0,16.56
2023-05-13,Mumbai,120,30.77,0.0,18.96
2023-05-14,Mumbai,120,32.09,0.0,16.22
2023-05-15,Mumbai,120,32.34,0.0,10.73
2023-05-16,Mumbai,120,33.37,0.0,14.99
2023-05-17,Mumbai,120,33.41,0.0,15.68
2023-05-18,Mumbai,120,34.17,0.0,13.97
2023-05-19,Mumbai,120,33.85,0.0,15.75
2023-05-20,Mumbai,120,35.73,0.0,15.84
2023-05-21,Mumbai,120,33.29,0.0,9.72
2023-05-22,Mumbai,120,33.43,6.69,16.47
2023-05-23,Mumbai,120,32.65,3.1,12.16
2023-05-24,Mumbai,120,33.65,0.0,13.23
2023-05-25,Mumbai,120,35.94,0.0,17.6
2023-05-26,Mumbai,120,34.51,0.0,15.83
2023-05-27,Mumbai,120,33.55,0.0,13.5
2023-05-28,Mumbai,120,33.76,0.0,14.51
2023-05-29,Mumbai,120,34.45,0.0,15.53
2023-05-30,Mumbai,120,35.14,0.0,12.08
2023-05-31,Mumbai,120,34.85,0.0,16.47
2023-06-01,Mumbai,120,31.38,0.0,25.67
2023-06-02,Mumbai,120,30.37,14.06,26.8
2023-06-03,Mumbai,120,30.53,31.52,34.27
2023-06-04,Mumbai,120,31.36,32.68,21.72
2023-06-05,Mumbai,120,31.08,3.96,25.77
2023-06-06,Mumbai,120,29.11,0.0,26.4
2023-06-07,Mumbai,120,27.73,130.57,34.17
2023-06-08,Mumbai,120,30.66,38.59,25.46
2023-06-09,Mumbai,120,27.21,36.09,25.16
2023-06-10,Mumbai,120,27.35,23.37,28.41
2023-06-11,Mumbai,120,26.16,24.95,29.26
2023-06-12,Mumbai,120,27.97,27.38,32.29
2023-06-13,Mumbai,120,27.79,26.89,27.27
2023-06-14,Mumbai,120,26.48,20.49,26.03
2023-06-15,Mumbai,120,28.92,0.0,20.8
2023-06-16,Mumbai,120,29.85,0.0,23.27
2023-06-17,Mumbai,120,34.27,0.0,20.98
2023-06-18,Mumbai,120,31.28,33.84,30.35
2023-06-19,Mumbai,120,31.13,0.0,19.48
2023-06-20,Mumbai,120,31.19,7.0,26.5
2023-06-21,Mumbai,120,31.39,0.0,18.03
2023-06-22,Mumbai,120,31.26,30.49,29.03
2023-06-23,Mumbai,120,31.8,27.12,24.41
2023-06-24,Mumbai,120,29.5,11.84,23.53
2023-06-25,Mumbai,120,32.63,7.16,29.11
2023-06-26,Mumbai,120,31.16,6.78,25.23
2023-06-27,Mumbai,120,29.74,44.9,29.92
2023-06-28,Mumbai,120,27.95,0.0,29.4
2023-06-29,Mumbai,120,26.06,0.0,26.23
2023-06-30,Mumbai,120,27.18,0.0,28.68
2023-07-01,Mumbai,120,23.12,13.0,34.25
2023-07-02,Mumbai,120,28.25,14.47,33.33
2023-07-03,Mumbai,120,23.54,15.29,28.5
2023-07-04,Mumbai,120,24.21,0.0,25.24
2023-07-05,Mumbai,120,25.21,0.0,26.01
2023-07-06,Mumbai,120,27.04,0.0,25.7
2023-07-07,Mumbai,120,26.29,0.0,24.9
2023-07-08,Mumbai,120,26.94,0.0,23.45
2023-07-09,Mumbai,120,29.73,0.0,20.51
2023-07-10,Mumbai,120,25.7,68.44,32.04
2023-07-11,Mumbai,120,29.53,2.06,21.98
2023-07-12,Mumbai,120,27.87,69.63,31.35
2023-07-13,Mumbai,120,29.61,0.0,21.87
2023-07-14,Mumbai,120,27.41,0.0,16.71
2023-07-15,Mumbai,120,25.89,0.0,23.24
2023-07-16,Mumbai,120,25.45,0.0,24.54
2023-07-17,Mumbai,120,24.19,0.0,24.26
2023-07-18,Mumbai,120,29.88,0.0,23.82
2023-07-19,Mumbai,120,26.49,0.0,29.56
2023-07-20,Mumbai,120,28.16,16.13,23.21
2023-07-21,Mumbai,120,25.55,32.58,30.91
2023-07-22,Mumbai,120,28.71,1.49,25.56
2023-07-23,Mumbai,120,28.61,14.17,23.6
2023-07-24,Mumbai,120,27.52,16.24,26.62
2023-07-25,Mumbai,120,26.19,35.18,33.62
2023-07-26,Mumbai,120,27.53,147.07,41.72
2023-07-27,Mumbai,120,27.93,0.0,25.32
2023-07-28,Mumbai,120,29.8,0.0,32.2
2023-07-29,Mumbai,120,25.17,0.0,29.15
2023-07-30,Mumbai,120,24.44,212.12,39.63
2023-07-31,Mumbai,120,23.35,5.34,27.55
2023-08-01,Mumbai,120,26.62,36.31,32.37
2023-08-02,Mumbai,120,25.37,0.0,18.18
2023-08-03,Mumbai,120,26.38,0.0,21.59
2023-08-04,Mumbai,120,27.14,0.0,22.27
2023-08-05,Mumbai,120,27.18,0.0,20.77
2023-08-06,Mumbai,120,27.07,0.33,20.01
2023-08-07,Mumbai,120,29.88,17.34,27.45
2023-08-08,Mumbai,120,29.35,28.74,24.62
2023-08-09,Mumbai,120,29.76,37.85,27.52
2023-08-10,Mumbai,120,26.8,14.99,21.08
2023-08-11,Mumbai,120,24.22,29.71,27.51
2023-08-12,Mumbai,120,24.79,0.06,17.7
2023-08-13,Mumbai,120,25.64,34.6,24.38
2023-08-14,Mumbai,120,22.89,18.22,21.31
2023-08-15,Mumbai,120,24.88,2.93,12.2
2023-08-16,Mumbai,120,21.94,19.55,17.04
2023-08-17,Mumbai,120,24.83,12.48,18.24
2023-08-18,Mumbai,120,23.55,38.96,26.46
2023-08-19,Mumbai,120,25.42,2.01,21.93
2023-08-20,Mumbai,120,26.01,52.91,25.93
2023-08-21,Mumbai,120,28.96,14.08,21.44
2023-08-22,Mumbai,120,28.21,18.89,26.86
2023-08-23,Mumbai,120,28.88,3.52,26.35
2023-08-24,Mumbai,120,28.95,9.28,22.54
2023-08-25,Mumbai,120,26.94,17.77,25.9
2023-08-26,Mumbai,120,25.05,44.94,26.36
2023-08-27,Mumbai,120,26.13,76.01,32.45
2023-08-28,Mumbai,120,27.38,40.49,23.44
2023-08-29,Mumbai,120,26.08,7.77,22.1
2023-08-30,Mumbai,120,25.14,38.41,27.88
2023-08-31,Mumbai,120,29.4,4.78,26.22
2023-09-01,Mumbai,120,26.8,17.67,21.15
2023-09-02,Mumbai,120,29.13,9.45,19.71
2023-09-03,Mumbai,120,27.09,0.0,13.79
2023-09-04,Mumbai,120,28.29,0.0,9.64
2023-09-05,Mumbai,120,29.27,0.0,15.53
2023-09-06,Mumbai,120,28.31,1.55,12.79
2023-09-07,Mumbai,120,27.85,6.93,15.87
2023-09-08,Mumbai,120,27.73,17.36,16.08
2023-09-09,Mumbai,120,25.88,10.23,21.24
2023-09-10,Mumbai,120,27.33,0.0,18.54
2023-09-11,Mumbai,120,26.34,0.0,12.2
2023-09-12,Mumbai,120,29.12,0.0,13.03
2023-09-13,Mumbai,120,26.84,0.0,13.11
2023-09-14,Mumbai,120,28.29,31.42,17.79
2023-09-15,Mumbai,120,29.6,10.58,17.36
2023-09-16,Mumbai,120,26.34,15.0,15.16
2023-09-17,Mumbai,120,28.41,2.06,14.19
2023-09-18,Mumbai,120,28.52,2.14,15.3
2023-09-19,Mumbai,120,29.62,10.56,18.04
2023-09-20,Mumbai,120,30.98,2.52,16.22
2023-09-21,Mumbai,120,30.5,4.08,19.49
2023-09-22,Mumbai,120,29.23,25.24,21.33
2023-09-23,Mumbai,120,27.45,1.38,13.33
2023-09-24,Mumbai,120,27.3,7.16,19.74
2023-09-25,Mumbai,120,27.05,12.07,20.79
2023-09-26,Mumbai,120,27.54,11.02,12.94
2023-09-27,Mumbai,120,26.52,7.97,14.54
2023-09-28,Mumbai,120,28.36,22.62,14.64
2023-09-29,Mumbai,120,25.51,0.22,22.5
2023-09-30,Mumbai,120,29.27,2.28,10.53
2023-10-01,Mumbai,120,31.08,0.0,5.62
2023-10-02,Mumbai,120,31.75,0.0,10.81
2023-10-03,Mumbai,120,32.68,0.0,8.24
2023-10-04,Mumbai,120,31.52,0.0,8.67
2023-10-05,Mumbai,120,31.11,0.0,18.76
2023-10-06,Mumbai,120,30.62,3.51,11.74
2023-10-07,Mumbai,120,29.66,0.0,10.47
2023-10-08,Mumbai,120,27.8,0.0,9.03
2023-10-09,Mumbai,120,25.67,0.0,6.96
2023-10-10,Mumbai,120,25.17,38.57,13.47
2023-10-11,Mumbai,120,25.92,0.0,14.79
2023-10-12,Mumbai,120,25.03,0.0,9.97
2023-10-13,Mumbai,120,29.3,0.0,9.74
2023-10-14,Mumbai,120,25.42,0.0,13.05
2023-10-15,Mumbai,120,27.75,0.0,11.58
2023-10-16,Mumbai,120,26.36,0.0,5.52
2023-10-17,Mumbai,120,27.53,0.0,9.69
2023-10-18,Mumbai,120,26.2,0.0,9.06
2023-10-19,Mumbai,120,25.88,0.0,10.78
2023-10-20,Mumbai,120,29.56,0.0,7.89
2023-10-21,Mumbai,120,30.21,0.0,8.38
2023-10-22,Mumbai,120,29.78,0.0,10.26
2023-10-23,Mumbai,120,31.42,0.0,7.95
2023-10-24,Mumbai,120,32.01,0.0,9.63
2023-10-25,Mumbai,120,29.55,0.0,13.07
2023-10-26,Mumbai,120,29.54,35.0,22.65
2023-10-27,Mumbai,120,29.37,0.0,9.12
2023-10-28,Mumbai,120,28.36,0.0,10.29
2023-10-29,Mumbai,120,28.08,0.0,17.14
2023-10-30,Mumbai,120,28.04,10.56,14.56
2023-10-31,Mumbai,120,28.26,0.0,6.22
2023-11-01,Mumbai,120,26.87,0.0,6.87
2023-11-02,Mumbai,120,24.68,0.0,3.87
2023-11-03,Mumbai,120,26.95,0.0,5.14
2023-11-04,Mumbai,120,25.07,0.0,5.24
2023-11-05,Mumbai,120,24.34,0.0,4.18
2023-11-06,Mumbai,120,26.09,0.0,9.7
2023-11-07,Mumbai,120,27.63,0.0,7.86
2023-11-08,Mumbai,120,24.12,0.0,11.37
2023-11-09,Mumbai,120,23.37,0.0,7.83
2023-11-10,Mumbai,120,28.22,8.52,9.6
2023-11-11,Mumbai,120,25.59,0.0,8.1
2023-11-12,Mumbai,120,25.79,0.0,4.59
2023-11-13,Mumbai,120,24.23,0.0,5.95
2023-11-14,Mumbai,120,29.46,0.0,4.92
2023-11-15,Mumbai,120,28.05,0.0,5.19
2023-11-16,Mumbai,120,27.61,0.0,6.31
2023-11-17,Mumbai,120,30.08,0.0,4.37
2023-11-18,Mumbai,120,26.51,0.0,3.11
2023-11-19,Mumbai,120,26.57,0.0,7.28
2023-11-20,Mumbai,120,25.16,0.0,4.68
2023-11-21,Mumbai,120,26.5,0.0,9.17
2023-11-22,Mumbai,120,26.79,0.0,9.48
2023-11-23,Mumbai,120,29.89,0.0,7.57
2023-11-24,Mumbai,120,27.69,0.0,12.32
2023-11-25,Mumbai,120,27.7,0.0,12.27
2023-11-26,Mumbai,120,26.72,0.0,12.1
2023-11-27,Mumbai,120,25.98,0.0,3.51
2023-11-28,Mumbai,120,30.15,0.0,10.36
2023-11-29,Mumbai,120,27.58,0.0,5.55
2023-11-30,Mumbai,120,28.87,0.0,11.73
2023-12-01,Mumbai,120,25.17,0.0,13.07
2023-12-02,Mumbai,120,25.22,0.0,10.3
2023-12-03,Mumbai,120,28.04,0.0,13.47
2023-12-04,Mumbai,120,29.35,0.0,9.24
2023-12-05,Mumbai,120,28.86,0.0,11.58
2023-12-06,Mumbai,120,27.94,0.0,8.69
2023-12-07,Mumbai,120,28.49,0.0,10.1
2023-12-08,Mumbai,120,27.6,0.0,12.07
2023-12-09,Mumbai,120,25.04,0.0,8.91
2023-12-10,Mumbai,120,24.32,0.0,9.58
2023-12-11,Mumbai,120,23.3,0.0,8.72
2023-12-12,Mumbai,120,28.45,0.0,11.32
2023-12-13,Mumbai,120,27.61,0.0,7.4
2023-12-14,Mumbai,120,28.33,0.0,7.9
2023-12-15,Mumbai,120,27.39,0.0,7.23
2023-12-16,Mumbai,120,29.38,0.0,5.12
2023-12-17,Mumbai,120,25.92,0.0,3.67
2023-12-18,Mumbai,120,26.16,0.0,6.9
2023-12-19,Mumbai,120,25.63,0.0,12.1
2023-12-20,Mumbai,120,27.99,0.0,10.2
2023-12-21,Mumbai,120,29.03,0.0,9.49
2023-12-22,Mumbai,120,27.74,0.0,8.23
2023-12-23,Mumbai,120,29.93,0.0,8.26
2023-12-24,Mumbai,120,30.16,0.0,6.05
2023-12-25,Mumbai,120,27.5,0.0,9.93
2023-12-26,Mumbai,120,27.6,0.0,7.37
2023-12-27,Mumbai,120,26.32,0.0,9.2
2023-12-28,Mumbai,120,28.94,0.0,9.23
2023-12-29,Mumbai,120,27.69,0.0,9.98
2023-12-30,Mumbai,120,25.08,0.0,8.91
2023-12-31,Mumbai,120,25.46,0.0,8.0
2024-01-01,Mumbai,120,23.67,0.0,7.55
2024-01-02,Mumbai,120,20.34,0.0,10.62
2024-01-03,Mumbai,120,20.69,0.0,7.51
2024-01-04,Mumbai,120,25.22,0.0,8.23
2024-01-05,Mumbai,120,22.98,0.0,10.63
2024-01-06,Mumbai,120,25.61,0.0,11.2
2024-01-07,Mumbai,120,24.5,0.0,16.49
2024-01-08,Mumbai,120,24.67,0.0,8.61
2024-01-09,Mumbai,120,23.47,0.0,11.51
2024-01-10,Mumbai,120,27.61,0.0,13.08
2024-01-11,Mumbai,120,24.15,0.0,10.73
2024-01-12,Mumbai,120,25.56,0.0,14.44
2024-01-13,Mumbai,120,23.83,0.0,10.21
2024-01-14,Mumbai,120,24.48,0.0,6.61
2024-01-15,Mumbai,120,21.13,0.0,7.5
2024-01-16,Mumbai,120,20.87,0.0,9.73
2024-01-17,Mumbai,120,22.33,0.0,6.3
2024-01-18,Mumbai,120,21.77,0.0,9.06
2024-01-19,Mumbai,120,21.54,0.0,12.14
2024-01-20,Mumbai,120,19.47,0.0,10.18
2024-01-21,Mumbai,120,22.76,0.0,4.13
2024-01-22,Mumbai,120,21.11,0.0,8.43
2024-01-23,Mumbai,120,23.19,0.0,5.96
2024-01-24,Mumbai,120,22.17,0.0,6.52
2024-01-25,Mumbai,120,22.13,0.0,14.74
2024-01-26,Mumbai,120,21.71,0.0,14.0
2024-01-27,Mumbai,120,21.76,0.0,8.41
2024-01-28,Mumbai,120,20.95,0.0,5.52
2024-01-29,Mumbai,120,22.1,0.0,2.78
2024-01-30,Mumbai,120,23.3,0.0,9.92
2024-01-31,Mumbai,120,23.95,0.0,8.18
2024-02-01,Mumbai,120,25.63,0.0,7.72
2024-02-02,Mumbai,120,25.97,0.0,11.57
2024-02-03,Mumbai,120,24.07,0.0,13.44
2024-02-04,Mumbai,120,24.42,0.0,7.76
2024-02-05,Mumbai,120,25.59,0.0,6.87
2024-02-06,Mumbai,120,25.01,0.0,5.71
2024-02-07,Mumbai,120,23.02,0.0,6.42
2024-02-08,Mumbai,120,21.73,0.0,7.0
2024-02-09,Mumbai,120,22.45,0.0,8.71
2024-02-10,Mumbai,120,26.18,0.0,10.59
2024-02-11,Mumbai,120,24.94,0.0,6.4
2024-02-12,Mumbai,120,24.61,0.0,10.85
2024-02-13,Mumbai,120,24.49,0.0,11.52
2024-02-14,Mumbai,120,26.21,0.0,9.3
2024-02-15,Mumbai,120,23.03,0.0,8.85
2024-02-16,Mumbai,120,24.35,0.0,7.4
2024-02-17,Mumbai,120,26.58,0.0,9.08
2024-02-18,Mumbai,120,25.81,0.0,10.03
2024-02-19,Mumbai,120,28.69,0.0,12.72
2024-02-20,Mumbai,120,26.56,0.0,9.94
2024-02-21,Mumbai,120,23.83,0.0,10.32
2024-02-22,Mumbai,120,23.46,0.0,11.01
2024-02-23,Mumbai,120,23.34,0.0,12.55
2024-02-24,Mumbai,120,29.16,0.0,8.07
2024-02-25,Mumbai,120,25.44,0.0,11.91
2024-02-26,Mumbai,120,23.96,0.0,11.77
2024-02-27,Mumbai,120,21.03,0.0,5.74
2024-02-28,Mumbai,120,26.72,0.0,5.37
2024-02-29,Mumbai,120,24.75,0.0,10.39
2024-03-01,Mumbai,120,28.1,0.0,13.2
2024-03-02,Mumbai,120,27.71,0.0,6.28
2024-03-03,Mumbai,120,29.81,0.0,11.64
2024-03-04,Mumbai,120,28.85,0.0,7.75
2024-03-05,Mumbai,120,31.05,0.0,7.72
2024-03-06,Mumbai,120,29.52,0.0,12.27
2024-03-07,Mumbai,120,29.21,0.0,9.24
2024-03-08,Mumbai,120,28.29,0.0,13.44
2024-03-09,Mumbai,120,27.8,0.0,10.9
2024-03-10,Mumbai,120,27.17,0.0,9.71
2024-03-11,Mumbai,120,23.53,0.0,7.93
2024-03-12,Mumbai,120,26.09,1.47,9.69
2024-03-13,Mumbai,120,30.19,0.0,12.07
2024-03-14,Mumbai,120,32.97,0.0,12.96
2024-03-15,Mumbai,120,27.54,0.0,11.49
2024-03-16,Mumbai,120,29.85,0.0,7.05
2024-03-17,Mumbai,120,28.5,0.0,13.27
2024-03-18,Mumbai,120,31.08,0.0,10.27
2024-03-19,Mumbai,120,28.06,0.0,11.48
2024-03-20,Mumbai,120,28.38,0.0,13.71
2024-03-21,Mumbai,120,24.78,0.0,13.98
2024-03-22,Mumbai,120,29.45,0.0,11.78
2024-03-23,Mumbai,120,26.31,0.0,9.96
2024-03-24,Mumbai,120,31.18,0.0,11.55
2024-03-25,Mumbai,120,30.88,0.0,13.03
2024-03-26,Mumbai,120,28.81,0.0,9.57
2024-03-27,Mumbai,120,28.21,0.0,9.5
2024-03-28,Mumbai,120,26.64,0.0,8.93
2024-03-29,Mumbai,120,29.08,0.0,11.6
2024-03-30,Mumbai,120,26.9,0.0,12.32
2024-03-31,Mumbai,120,25.6,0.0,11.51
2024-04-01,Mumbai,120,30.07,0.0,15.0
2024-04-02,Mumbai,120,27.27,0.0,13.46
2024-04-03,Mumbai,120,31.45,0.0,10.87
2024-04-04,Mumbai,120,31.45,0.0,17.62
2024-04-05,Mumbai,120,33.76,0.0,17.89
2024-04-06,Mumbai,120,31.94,0.0,17.15
2024-04-07,Mumbai,120,31.62,0.0,12.43
2024-04-08,Mumbai,120,29.62,0.0,9.06
2024-04-09,Mumbai,120,24.37,0.0,15.0
2024-04-10,Mumbai,120,27.4,0.0,11.55
2024-04-11,Mumbai,120,28.78,0.0,15.09
2024-04-12,Mumbai,120,25.53,0.0,12.97
2024-04-13,Mumbai,120,31.36,0.0,7.58
2024-04-14,Mumbai,120,28.56,0.0,10.7
2024-04-15,Mumbai,120,30.3,0.0,10.15
2024-04-16,Mumbai,120,27.52,0.0,14.03
2024-04-17,Mumbai,120,28.0,0.0,10.47
2024-04-18,Mumbai,120,28.83,0.0,14.47
2024-04-19,Mumbai,120,29.04,0.0,13.33
2024-04-20,Mumbai,120,31.02,0.0,11.48
2024-04-21,Mumbai,120,29.29,0.0,14.51
2024-04-22,Mumbai,120,32.49,0.0,14.23
2024-04-23,Mumbai,120,29.43,0.0,16.32
2024-04-24,Mumbai,120,29.56,0.0,12.45
2024-04-25,Mumbai,120,30.8,0.0,12.57
2024-04-26,Mumbai,120,27.66,0.0,15.82
2024-04-27,Mumbai,120,29.25,0.0,14.26
2024-04-28,Mumbai,120,27.13,0.0,10.84
2024-04-29,Mumbai,120,27.43,0.0,15.11
2024-04-30,Mumbai,120,29.11,0.0,13.9
2024-05-01,Mumbai,120,29.83,0.0,17.0
2024-05-02,Mumbai,120,27.91,0.0,15.5
2024-05-03,Mumbai,120,29.84,0.0,12.84
2024-05-04,Mumbai,120,31.87,0.0,15.25
2024-05-05,Mumbai,120,31.74,0.0,13.01
2024-05-06,Mumbai,120,31.23,0.0,11.72
2024-05-07,Mumbai,120,27.47,0.0,8.59
2024-05-08,Mumbai,120,29.29,0.0,14.24
2024-05-09,Mumbai,120,30.13,0.0,10.75
2024-05-10,Mumbai,120,32.01,0.0,17.66
2024-05-11,Mumbai,120,29.26,0.0,9.44
2024-05-12,Mumbai,120,29.44,0.0,11.88
2024-05-13,Mumbai,120,27.13,0.0,10.47
2024-05-14,Mumbai,120,29.47,6.0,16.49
2024-05-15,Mumbai,120,29.15,0.0,15.23
2024-05-16,Mumbai,120,28.39,0.0,16.8
2024-05-17,Mumbai,120,29.82,0.0,15.78
2024-05-18,Mumbai,120,30.56,0.0,17.63
2024-05-19,Mumbai,120,29.02,0.0,20.94
2024-05-20,Mumbai,120,30.54,0.0,20.59
2024-05-21,Mumbai,120,30.77,0.0,21.57
2024-05-22,Mumbai,120,30.84,0.0,17.34
2024-05-23,Mumbai,120,31.46,0.0,17.5
2024-05-24,Mumbai,120,30.38,0.0,12.58
2024-05-25,Mumbai,120,29.15,0.0,15.07
2024-05-26,Mumbai,120,28.99,0.0,24.15
2024-05-27,Mumbai,120,31.64,0.0,14.19
2024-05-28,Mumbai,120,33.49,0.0,16.93
2024-05-29,Mumbai,120,32.68,0.0,14.02
2024-05-30,Mumbai,120,32.57,0.0,12.21
2024-05-31,Mumbai,120,29.0,0.0,18.03
2024-06-01,Mumbai,120,27.52,0.0,29.99
2024-06-02,Mumbai,120,28.6,13.19,28.58
2024-06-03,Mumbai,120,29.87,1.77,27.7
2024-06-04,Mumbai,120,28.88,33.56,29.14
2024-06-05,Mumbai,120,28.22,8.9,24.15
2024-06-06,Mumbai,120,24.16,8.41,24.22
2024-06-07,Mumbai,120,29.38,0.0,22.87
2024-06-08,Mumbai,120,27.42,43.47,25.69
2024-06-09,Mumbai,120,30.84,18.3,26.43
2024-06-10,Mumbai,120,28.86,35.63,27.62
2024-06-11,Mumbai,120,27.08,3.89,20.02
2024-06-12,Mumbai,120,28.49,7.31,21.97
2024-06-13,Mumbai,120,26.2,26.99,28.51
2024-06-14,Mumbai,120,31.43,28.05,31.4
2024-06-15,Mumbai,120,29.82,12.21,25.18
2024-06-16,Mumbai,120,30.9,15.86,24.33
2024-06-17,Mumbai,120,29.62,36.12,28.03
2024-06-18,Mumbai,120,31.86,20.3,32.5
2024-06-19,Mumbai,120,33.0,15.95,23.54
2024-06-20,Mumbai,120,32.9,10.26,26.75
2024-06-21,Mumbai,120,31.41,4.0,24.58
2024-06-22,Mumbai,120,30.84,2.68,27.13
2024-06-23,Mumbai,120,32.0,11.99,26.74
2024-06-24,Mumbai,120,32.47,29.03,33.18
2024-06-25,Mumbai,120,30.17,0.69,21.17
2024-06-26,Mumbai,120,34.24,9.22,14.5
2024-06-27,Mumbai,120,29.08,13.24,28.04
2024-06-28,Mumbai,120,33.78,4.92,29.56
2024-06-29,Mumbai,120,33.58,38.39,29.3
2024-06-30,Mumbai,120,29.91,14.08,26.11
2024-07-01,Mumbai,120,29.46,6.25,27.76
2024-07-02,Mumbai,120,29.66,9.9,28.59
2024-07-03,Mumbai,120,27.17,8.3,26.44
2024-07-04,Mumbai,120,29.12,6.36,29.85
2024-07-05,Mumbai,120,26.52,13.42,31.48
2024-07-06,Mumbai,120,28.37,5.9,35.48
2024-07-07,Mumbai,120,28.39,1.9,23.13
2024-07-08,Mumbai,120,29.72,20.29,25.72
2024-07-09,Mumbai,120,30.16,4.34,22.53
2024-07-10,Mumbai,120,26.34,21.69,20.21
2024-07-11,Mumbai,120,27.21,9.38,23.68
2024-07-12,Mumbai,120,24.86,28.25,25.72
2024-07-13,Mumbai,120,28.06,41.81,34.18
2024-07-14,Mumbai,120,26.73,3.16,17.58
2024-07-15,Mumbai,120,27.04,34.33,26.57
2024-07-16,Mumbai,120,27.64,7.58,27.56
2024-07-17,Mumbai,120,27.02,11.2,27.22
2024-07-18,Mumbai,120,30.79,45.3,27.11
2024-07-19,Mumbai,120,30.36,0.0,31.89
2024-07-20,Mumbai,120,29.49,27.26,23.83
2024-07-21,Mumbai,120,29.85,19.02,24.33
2024-07-22,Mumbai,120,31.06,35.58,31.03
2024-07-23,Mumbai,120,27.56,30.29,26.42
2024-07-24,Mumbai,120,28.11,0.0,20.81
2024-07-25,Mumbai,120,29.46,29.48,33.54
2024-07-26,Mumbai,120,26.38,45.24,43.39
2024-07-27,Mumbai,120,25.42,8.81,23.32
2024-07-28,Mumbai,120,26.06,14.06,31.53
2024-07-29,Mumbai,120,26.72,17.78,25.8
2024-07-30,Mumbai,120,25.81,27.37,26.68
2024-07-31,Mumbai,120,29.37,10.63,25.89
2024-08-01,Mumbai,120,29.39,12.38,22.82
2024-08-02,Mumbai,120,29.17,13.7,24.1
2024-08-03,Mumbai,120,29.12,9.85,25.35
2024-08-04,Mumbai,120,30.75,8.34,21.32
2024-08-05,Mumbai,120,29.47,23.49,25.32
2024-08-06,Mumbai,120,27.23,12.82,17.2
2024-08-07,Mumbai,120,25.98,20.25,26.12
2024-08-08,Mumbai,120,27.18,9.78,29.23
2024-08-09,Mumbai,120,28.24,8.0,26.02
2024-08-10,Mumbai,120,28.68,54.21,28.57
2024-08-11,Mumbai,120,27.21,5.92,19.14
2024-08-12,Mumbai,120,28.87,14.93,25.89
2024-08-13,Mumbai,120,29.66,40.43,26.32
2024-08-14,Mumbai,120,30.25,5.31,22.43
2024-08-15,Mumbai,120,28.18,31.68,29.94
2024-08-16,Mumbai,120,29.62,18.21,27.16
2024-08-17,Mumbai,120,27.72,11.79,24.81
2024-08-18,Mumbai,120,26.27,16.56,22.37
2024-08-19,Mumbai,120,27.21,10.29,19.8
2024-08-20,Mumbai,120,27.36,10.72,20.08
2024-08-21,Mumbai,120,28.23,38.26,26.43
2024-08-22,Mumbai,120,26.62,8.76,23.56
2024-08-23,Mumbai,120,28.92,0.35,20.38
2024-08-24,Mumbai,120,28.13,49.85,31.53
2024-08-25,Mumbai,120,28.3,20.23,27.0
2024-08-26,Mumbai,120,26.24,30.39,27.8
2024-08-27,Mumbai,120,26.41,21.92,27.28
2024-08-28,Mumbai,120,26.79,0.89,23.48
2024-08-29,Mumbai,120,29.63,9.03,29.37
2024-08-30,Mumbai,120,26.26,38.72,33.67
2024-08-31,Mumbai,120,27.02,18.5,26.62
2024-09-01,Mumbai,120,25.87,16.99,17.85
2024-09-02,Mumbai,120,27.16,1.77,18.23
2024-09-03,Mumbai,120,26.02,4.46,17.35
2024-09-04,Mumbai,120,26.68,15.8,20.67
2024-09-05,Mumbai,120,31.67,3.15,17.9
2024-09-06,Mumbai,120,29.26,16.83,19.72
2024-09-07,Mumbai,120,30.2,0.0,13.73
2024-09-08,Mumbai,120,26.87,0.0,13.46
2024-09-09,Mumbai,120,29.82,18.63,20.53
2024-09-10,Mumbai,120,28.27,39.88,22.52
2024-09-11,Mumbai,120,30.46,5.96,11.84
2024-09-12,Mumbai,120,30.28,13.41,16.48
2024-09-13,Mumbai,120,31.23,3.71,18.32
2024-09-14,Mumbai,120,27.64,19.64,21.11
2024-09-15,Mumbai,120,28.56,3.32,20.72
2024-09-16,Mumbai,120,28.15,10.16,25.61
2024-09-17,Mumbai,120,30.0,2.84,16.27
2024-09-18,Mumbai,120,26.9,6.44,17.0
2024-09-19,Mumbai,120,30.58,5.53,14.27
2024-09-20,Mumbai,120,28.55,12.19,19.79
2024-09-21,Mumbai,120,28.63,20.24,17.73
2024-09-22,Mumbai,120,30.17,0.01,13.66
2024-09-23,Mumbai,120,28.11,4.21,12.55
2024-09-24,Mumbai,120,29.6,5.78,15.99
2024-09-25,Mumbai,120,29.1,5.83,17.99
2024-09-26,Mumbai,120,27.86,17.81,18.89
2024-09-27,Mumbai,120,28.5,20.11,15.07
2024-09-28,Mumbai,120,24.98,19.45,18.81
2024-09-29,Mumbai,120,27.09,12.16,16.9
2024-09-30,Mumbai,120,27.85,5.01,14.33
2024-10-01,Mumbai,120,31.41,0.0,13.81
2024-10-02,Mumbai,120,28.74,0.0,12.03
2024-10-03,Mumbai,120,30.57,0.0,9.86
2024-10-04,Mumbai,120,32.29,0.0,8.21
2024-10-05,Mumbai,120,29.78,0.0,8.54
2024-10-06,Mumbai,120,27.13,0.0,10.09
2024-10-07,Mumbai,120,28.57,0.0,13.63
2024-10-08,Mumbai,120,29.42,0.0,17.2
2024-10-09,Mumbai,120,29.26,0.0,10.46
2024-10-10,Mumbai,120,30.22,5.05,15.15
2024-10-11,Mumbai,120,28.16,0.0,13.1
2024-10-12,Mumbai,120,32.19,0.0,8.78
2024-10-13,Mumbai,120,30.89,0.0,8.94
2024-10-14,Mumbai,120,29.32,0.0,8.12
2024-10-15,Mumbai,120,29.47,9.19,10.3
2024-10-16,Mumbai,120,28.21,1.47,14.06
2024-10-17,Mumbai,120,28.51,0.0,5.62
2024-10-18,Mumbai,120,27.28,0.0,9.8
2024-10-19,Mumbai,120,30.68,0.0,9.89
2024-10-20,Mumbai,120,30.07,0.0,8.16
2024-10-21,Mumbai,120,30.99,0.0,10.19
2024-10-22,Mumbai,120,27.41,0.0,8.73
2024-10-23,Mumbai,120,26.78,0.0,12.07
2024-10-24,Mumbai,120,30.83,0.0,9.63
2024-10-25,Mumbai,120,28.26,0.0,6.69
2024-10-26,Mumbai,120,32.58,0.0,9.42
2024-10-27,Mumbai,120,32.25,0.0,9.36
2024-10-28,Mumbai,120,35.07,0.0,8.26
2024-10-29,Mumbai,120,33.5,0.0,6.29
2024-10-30,Mumbai,120,30.01,0.0,11.79
2024-10-31,Mumbai,120,31.01,0.0,13.04
2024-11-01,Mumbai,120,25.78,0.0,12.48
2024-11-02,Mumbai,120,26.54,0.0,3.42
2024-11-03,Mumbai,120,27.31,0.0,0.5
2024-11-04,Mumbai,120,28.34,0.0,3.53
2024-11-05,Mumbai,120,27.87,0.0,6.17
2024-11-06,Mumbai,120,29.76,0.0,10.98
2024-11-07,Mumbai,120,27.47,0.0,8.11
2024-11-08,Mumbai,120,27.86,0.0,7.1
2024-11-09,Mumbai,120,28.33,0.0,11.09
2024-11-10,Mumbai,120,30.79,0.0,8.49
2024-11-11,Mumbai,120,28.86,0.0,17.71
2024-11-12,Mumbai,120,31.0,0.0,11.47
2024-11-13,Mumbai,120,32.48,0.0,7.96
2024-11-14,Mumbai,120,27.71,0.0,10.86
2024-11-15,Mumbai,120,26.84,0.0,6.67
2024-11-16,Mumbai,120,27.81,0.0,6.78
2024-11-17,Mumbai,120,26.22,0.0,11.26
2024-11-18,Mumbai,120,29.44,0.0,10.69
2024-11-19,Mumbai,120,26.87,0.0,11.41
2024-11-20,Mumbai,120,26.86,0.0,5.85
2024-11-21,Mumbai,120,28.24,0.0,7.83
2024-11-22,Mumbai,120,26.6,0.0,10.14
2024-11-23,Mumbai,120,29.3,0.0,7.91
2024-11-24,Mumbai,120,28.21,0.0,4.34
2024-11-25,Mumbai,120,29.92,0.0,10.68
2024-11-26,Mumbai,120,30.7,0.0,11.6
2024-11-27,Mumbai,120,29.65,0.0,10.88
2024-11-28,Mumbai,120,32.25,0.0,11.63
2024-11-29,Mumbai,120,30.75,0.0,7.68
2024-11-30,Mumbai,120,30.49,0.0,12.04
2024-12-01,Mumbai,120,27.72,0.0,8.27
2024-12-02,Mumbai,120,29.51,0.32,12.16
2024-12-03,Mumbai,120,30.6,0.0,14.04
2024-12-04,Mumbai,120,27.96,0.0,10.49
2024-12-05,Mumbai,120,29.55,0.0,10.56
2024-12-06,Mumbai,120,31.47,0.0,10.94
2024-12-07,Mumbai,120,27.39,0.0,10.05
2024-12-08,Mumbai,120,28.71,0.0,9.9
2024-12-09,Mumbai,120,26.1,0.0,11.42
2024-12-10,Mumbai,120,27.71,0.0,10.27
2024-12-11,Mumbai,120,26.63,0.0,9.27
2024-12-12,Mumbai,120,26.56,0.0,7.63
2024-12-13,Mumbai,120,22.52,0.0,6.53
2024-12-14,Mumbai,120,23.65,0.0,8.48
2024-12-15,Mumbai,120,25.31,0.0,6.31
2024-12-16,Mumbai,120,27.76,0.0,8.52
2024-12-17,Mumbai,120,28.08,0.0,12.58
2024-12-18,Mumbai,120,26.06,0.0,12.61
2024-12-19,Mumbai,120,24.81,0.0,11.42
2024-12-20,Mumbai,120,24.71,0.0,10.15
2024-12-21,Mumbai,120,26.47,0.0,7.63
2024-12-22,Mumbai,120,26.7,0.0,10.76
2024-12-23,Mumbai,120,27.71,0.0,10.67
2024-12-24,Mumbai,120,27.72,0.0,3.9
2024-12-25,Mumbai,120,27.21,0.0,5.98
2024-12-26,Mumbai,120,25.65,0.0,14.24
2024-12-27,Mumbai,120,25.39,0.0,5.92
2024-12-28,Mumbai,120,25.33,0.0,2.83
2024-12-29,Mumbai,120,27.87,0.0,6.49
2024-12-30,Mumbai,120,29.93,0.0,7.84
2024-12-31,Mumbai,120,28.12,0.0,7.29
2025-01-01,Mumbai,120,22.58,0.0,8.28
2025-01-02,Mumbai,120,22.8,0.0,7.34
2025-01-03,Mumbai,120,23.32,0.0,13.33
2025-01-04,Mumbai,120,24.74,0.0,14.29
2025-01-05,Mumbai,120,24.33,0.0,15.31
2025-01-06,Mumbai,120,29.05,0.0,10.39
2025-01-07,Mumbai,120,26.4,0.0,14.6
2025-01-08,Mumbai,120,27.03,0.0,10.16
2025-01-09,Mumbai,120,25.93,0.0,10.64
2025-01-10,Mumbai,120,27.37,2.28,5.61
2025-01-11,Mumbai,120,26.29,0.0,7.86
2025-01-12,Mumbai,120,23.03,0.0,9.63
2025-01-13,Mumbai,120,21.43,0.0,6.97
2025-01-14,Mumbai,120,23.09,0.0,9.22
2025-01-15,Mumbai,120,21.59,0.0,8.65
2025-01-16,Mumbai,120,24.74,0.0,12.48
2025-01-17,Mumbai,120,22.32,0.0,8.07
2025-01-18,Mumbai,120,23.3,0.0,6.84
2025-01-19,Mumbai,120,25.44,0.0,11.64
2025-01-20,Mumbai,120,25.59,0.0,8.79
2025-01-21,Mumbai,120,25.44,0.0,11.19
2025-01-22,Mumbai,120,24.23,0.0,12.38
2025-01-23,Mumbai,120,23.73,0.0,2.82
2025-01-24,Mumbai,120,22.52,0.0,4.79
2025-01-25,Mumbai,120,22.02,0.0,1.45
2025-01-26,Mumbai,120,24.14,0.0,10.12
2025-01-27,Mumbai,120,25.14,0.0,11.18
2025-01-28,Mumbai,120,27.78,0.0,11.15
2025-01-29,Mumbai,120,25.46,0.0,10.96
2025-01-30,Mumbai,120,24.68,0.0,9.41
2025-01-31,Mumbai,120,23.35,0.0,6.25
2025-02-01,Mumbai,120,20.76,0.0,3.43
2025-02-02,Mumbai,120,21.9,0.0,11.12
2025-02-03,Mumbai,120,24.48,0.0,11.01
2025-02-04,Mumbai,120,20.85,0.0,10.14
2025-02-05,Mumbai,120,23.25,0.0,9.59
2025-02-06,Mumbai,120,25.39,0.0,7.92
2025-02-07,Mumbai,120,24.84,0.0,11.57
2025-02-08,Mumbai,120,28.22,0.0,5.15
2025-02-09,Mumbai,120,28.34,0.0,9.78
2025-02-10,Mumbai,120,24.95,0.0,11.99
2025-02-11,Mumbai,120,26.52,0.0,7.7
2025-02-12,Mumbai,120,25.93,0.0,7.91
2025-02-13,Mumbai,120,26.12,0.0,6.25
2025-02-14,Mumbai,120,26.93,0.0,13.28
2025-02-15,Mumbai,120,24.74,0.0,8.47
2025-02-16,Mumbai,120,24.68,0.0,7.77
2025-02-17,Mumbai,120,26.58,0.0,9.29
2025-02-18,Mumbai,120,27.11,0.0,12.86
2025-02-19,Mumbai,120,30.62,0.0,8.61
2025-02-20,Mumbai,120,30.47,0.0,9.21
2025-02-21,Mumbai,120,28.02,0.0,13.71
2025-02-22,Mumbai,120,27.28,0.0,9.26
2025-02-23,Mumbai,120,28.1,0.0,11.26
2025-02-24,Mumbai,120,27.91,0.0,9.68
2025-02-25,Mumbai,120,26.07,0.0,9.69
2025-02-26,Mumbai,120,25.55,0.0,5.91
2025-02-27,Mumbai,120,24.85,0.0,11.56
2025-02-28,Mumbai,120,23.03,0.0,7.26
2025-03-01,Mumbai,120,24.76,0.0,10.8
2025-03-02,Mumbai,120,24.37,0.0,11.01
2025-03-03,Mumbai,120,29.22,0.0,11.45
2025-03-04,Mumbai,120,24.66,0.0,9.82
2025-03-05,Mumbai,120,24.22,0.0,5.16
2025-03-06,Mumbai,120,25.1,0.0,8.17
2025-03-07,Mumbai,120,26.04,0.0,9.3
2025-03-08,Mumbai,120,29.34,0.0,15.26
2025-03-09,Mumbai,120,25.3,0.0,5.62
2025-03-10,Mumbai,120,25.14,0.0,5.76
2025-03-11,Mumbai,120,25.63,0.0,11.21
2025-03-12,Mumbai,120,20.22,0.0,12.39
2025-03-13,Mumbai,120,22.84,0.0,10.23
2025-03-14,Mumbai,120,29.1,0.0,12.89
2025-03-15,Mumbai,120,28.66,0.0,10.92
2025-03-16,Mumbai,120,27.13,0.0,13.81
2025-03-17,Mumbai,120,28.57,0.0,7.5
2025-03-18,Mumbai,120,27.7,0.0,9.43
2025-03-19,Mumbai,120,30.04,0.0,11.43
2025-03-20,Mumbai,120,29.56,0.0,13.06
2025-03-21,Mumbai,120,31.95,0.0,11.53
2025-03-22,Mumbai,120,28.77,0.0,9.7
2025-03-23,Mumbai,120,28.92,0.0,10.05
2025-03-24,Mumbai,120,26.87,0.0,12.94
2025-03-25,Mumbai,120,24.78,0.0,9.97
2025-03-26,Mumbai,120,27.25,0.0,8.17
2025-03-27,Mumbai,120,26.62,0.0,12.08
2025-03-28,Mumbai,120,27.89,0.0,7.57
2025-03-29,Mumbai,120,26.95,0.0,10.28
2025-03-30,Mumbai,120,28.16,0.0,13.56
2025-03-31,Mumbai,120,29.22,0.0,7.34
2025-04-01,Mumbai,120,27.12,0.0,9.4
2025-04-02,Mumbai,120,28.02,0.0,18.25
2025-04-03,Mumbai,120,31.18,0.0,12.26
2025-04-04,Mumbai,120,31.09,0.0,14.15
2025-04-05,Mumbai,120,31.72,0.0,8.77
2025-04-06,Mumbai,120,30.58,0.0,11.03
2025-04-07,Mumbai,120,30.52,0.0,10.38
2025-04-08,Mumbai,120,30.39,0.0,9.96
2025-04-09,Mumbai,120,28.46,0.0,14.05
2025-04-10,Mumbai,120,31.1,0.0,7.97
2025-04-11,Mumbai,120,34.7,0.0,15.37
2025-04-12,Mumbai,120,32.3,0.0,16.14
2025-04-13,Mumbai,120,29.86,0.0,13.99
2025-04-14,Mumbai,120,33.58,0.0,9.51
2025-04-15,Mumbai,120,31.72,0.0,12.91
2025-04-16,Mumbai,120,35.09,0.0,11.5
2025-04-17,Mumbai,120,34.25,0.0,12.39
2025-04-18,Mumbai,120,30.48,0.0,14.69
2025-04-19,Mumbai,120,32.49,0.0,15.65
2025-04-20,Mumbai,120,33.3,0.0,15.13
2025-04-21,Mumbai,120,33.12,0.0,12.33
2025-04-22,Mumbai,120,31.05,0.0,9.92
2025-04-23,Mumbai,120,31.02,0.0,14.87
2025-04-24,Mumbai,120,35.36,0.0,15.62
2025-04-25,Mumbai,120,31.43,0.0,14.83
2025-04-26,Mumbai,120,32.62,0.0,13.86
2025-04-27,Mumbai,120,34.04,0.0,7.48
2025-04-28,Mumbai,120,33.28,0.0,14.13
2025-04-29,Mumbai,120,30.4,0.0,15.16
2025-04-30,Mumbai,120,34.48,0.0,18.35
2025-05-01,Mumbai,120,37.28,0.0,19.88
2025-05-02,Mumbai,120,34.98,0.0,16.67
2025-05-03,Mumbai,120,33.4,0.0,20.26
2025-05-04,Mumbai,120,33.42,0.0,17.28
2025-05-05,Mumbai,120,33.93,0.0,17.59
2025-05-06,Mumbai,120,32.65,0.0,13.08
2025-05-07,Mumbai,120,31.32,0.0,13.83
2025-05-08,Mumbai,120,31.24,0.0,18.38
2025-05-09,Mumbai,120,27.37,0.0,15.69
2025-05-10,Mumbai,120,27.67,0.0,16.36
2025-05-11,Mumbai,120,29.54,0.0,13.24
2025-05-12,Mumbai,120,32.36,0.0,17.49
2025-05-13,Mumbai,120,33.6,0.0,11.96
2025-05-14,Mumbai,120,32.88,0.0,16.85
2025-05-15,Mumbai,120,34.16,0.0,15.59
2025-05-16,Mumbai,120,29.2,0.0,16.65
2025-05-17,Mumbai,120,29.39,0.0,15.53
2025-05-18,Mumbai,120,29.7,0.0,16.4
2025-05-19,Mumbai,120,31.32,0.0,15.25
2025-05-20,Mumbai,120,32.31,0.0,15.78
2025-05-21,Mumbai,120,32.67,0.0,15.41
2025-05-22,Mumbai,120,31.19,0.0,17.9
2025-05-23,Mumbai,120,30.85,0.0,16.05
2025-05-24,Mumbai,120,30.14,0.0,13.16
2025-05-25,Mumbai,120,34.86,0.0,14.9
2025-05-26,Mumbai,120,30.89,0.0,14.07
2025-05-27,Mumbai,120,35.89,0.0,17.33
2025-05-28,Mumbai,120,31.11,0.0,15.79
2025-05-29,Mumbai,120,36.85,0.0,13.73
2025-05-30,Mumbai,120,36.13,0.0,15.7
2025-05-31,Mumbai,120,35.33,0.0,13.71
2025-06-01,Mumbai,120,30.86,10.49,23.99
2025-06-02,Mumbai,120,30.38,4.21,17.33
2025-06-03,Mumbai,120,28.44,3.96,22.5
2025-06-04,Mumbai,120,29.56,2.07,25.78
2025-06-05,Mumbai,120,30.28,18.61,23.47
2025-06-06,Mumbai,120,28.2,30.35,19.07
2025-06-07,Mumbai,120,28.14,0.0,25.28
2025-06-08,Mumbai,120,29.11,2.01,20.32
2025-06-09,Mumbai,120,29.02,0.0,26.53
2025-06-10,Mumbai,120,28.51,9.92,28.13
2025-06-11,Mumbai,120,32.36,5.56,22.17
2025-06-12,Mumbai,120,32.44,5.42,23.64
2025-06-13,Mumbai,120,32.73,0.0,24.36
2025-06-14,Mumbai,120,33.1,22.3,21.25
2025-06-15,Mumbai,120,31.47,62.41,33.0
2025-06-16,Mumbai,120,32.71,0.0,20.83
2025-06-17,Mumbai,120,32.51,14.56,21.49
2025-06-18,Mumbai,120,28.93,0.0,24.79
2025-06-19,Mumbai,120,30.69,10.76,23.74
2025-06-20,Mumbai,120,31.91,71.3,33.97
2025-06-21,Mumbai,120,30.72,24.44,35.91
2025-06-22,Mumbai,120,32.97,13.46,31.4
2025-06-23,Mumbai,120,29.88,54.67,28.09
2025-06-24,Mumbai,120,29.75,3.06,20.82
2025-06-25,Mumbai,120,30.25,0.0,20.3
2025-06-26,Mumbai,120,28.64,0.0,18.87
2025-06-27,Mumbai,120,28.79,0.0,20.95
2025-06-28,Mumbai,120,28.54,3.36,27.65
2025-06-29,Mumbai,120,29.45,0.0,26.32
2025-06-30,Mumbai,120,25.03,0.0,29.65
2025-07-01,Mumbai,120,25.63,37.0,36.68
2025-07-02,Mumbai,120,24.16,16.33,26.75
2025-07-03,Mumbai,120,25.11,39.46,31.02
2025-07-04,Mumbai,120,29.78,17.78,31.91
2025-07-05,Mumbai,120,28.24,110.19,36.46
2025-07-06,Mumbai,120,27.44,0.0,32.05
2025-07-07,Mumbai,120,28.96,20.07,26.91
2025-07-08,Mumbai,120,28.0,0.0,25.85
2025-07-09,Mumbai,120,29.98,0.0,20.4
2025-07-10,Mumbai,120,29.83,0.0,18.04
2025-07-11,Mumbai,120,31.87,0.0,22.9
2025-07-12,Mumbai,120,31.91,1.82,24.13
2025-07-13,Mumbai,120,27.73,6.59,24.4
2025-07-14,Mumbai,120,29.4,89.28,35.98
2025-07-15,Mumbai,120,30.02,22.87,26.12
2025-07-16,Mumbai,120,26.06,32.58,28.38
2025-07-17,Mumbai,120,27.49,12.61,28.37
2025-07-18,Mumbai,120,27.19,19.57,25.79
2025-07-19,Mumbai,120,25.33,0.0,32.63
2025-07-20,Mumbai,120,27.4,34.07,26.8
2025-07-21,Mumbai,120,25.98,20.63,32.68
2025-07-22,Mumbai,120,26.35,1.0,27.18
2025-07-23,Mumbai,120,26.79,25.7,31.36
2025-07-24,Mumbai,120,25.52,3.37,29.7
2025-07-25,Mumbai,120,26.68,44.54,32.86
2025-07-26,Mumbai,120,28.54,63.1,37.79
2025-07-27,Mumbai,120,25.57,34.18,33.79
2025-07-28,Mumbai,120,29.78,0.71,21.95
2025-07-29,Mumbai,120,27.34,2.49,24.9
2025-07-30,Mumbai,120,28.55,26.46,30.38
2025-07-31,Mumbai,120,31.28,40.09,31.27
2025-08-01,Mumbai,120,29.95,10.05,26.59
2025-08-02,Mumbai,120,31.92,1.17,24.44
2025-08-03,Mumbai,120,27.76,27.51,26.91
2025-08-04,Mumbai,120,26.49,0.0,20.33
2025-08-05,Mumbai,120,28.44,0.0,19.32
2025-08-06,Mumbai,120,28.53,0.0,20.59
2025-08-07,Mumbai,120,27.31,0.0,19.86
2025-08-08,Mumbai,120,27.67,0.0,23.44
2025-08-09,Mumbai,120,27.04,34.65,25.35
2025-08-10,Mumbai,120,26.81,31.56,29.63
2025-08-11,Mumbai,120,24.25,5.82,18.85
2025-08-12,Mumbai,120,23.42,2.37,20.23
2025-08-13,Mumbai,120,24.35,29.34,24.66
2025-08-14,Mumbai,120,27.58,0.0,19.62
2025-08-15,Mumbai,120,25.05,0.0,16.55
2025-08-16,Mumbai,120,28.67,2.92,21.31
2025-08-17,Mumbai,120,28.03,44.41,27.57
2025-08-18,Mumbai,120,28.48,17.1,19.63
2025-08-19,Mumbai,120,29.46,27.12,20.07
2025-08-20,Mumbai,120,26.54,3.53,19.61
2025-08-21,Mumbai,120,27.0,0.0,14.93
2025-08-22,Mumbai,120,28.05,0.0,19.41
2025-08-23,Mumbai,120,24.56,0.0,19.44
2025-08-24,Mumbai,120,26.0,0.0,15.94
2025-08-25,Mumbai,120,27.46,0.0,21.38
2025-08-26,Mumbai,120,27.19,52.01,20.8
2025-08-27,Mumbai,120,26.28,12.79,24.51
2025-08-28,Mumbai,120,27.73,19.75,24.16
2025-08-29,Mumbai,120,27.42,2.35,17.84
2025-08-30,Mumbai,120,26.42,2.15,18.87
2025-08-31,Mumbai,120,25.33,3.43,21.95
2025-09-01,Mumbai,120,24.79,6.08,17.41
2025-09-02,Mumbai,120,26.88,0.88,18.66
2025-09-03,Mumbai,120,29.81,70.28,21.22
2025-09-04,Mumbai,120,29.85,11.27,15.6
2025-09-05,Mumbai,120,28.36,14.31,17.36
2025-09-06,Mumbai,120,29.33,2.05,19.29
2025-09-07,Mumbai,120,29.53,9.23,19.66
2025-09-08,Mumbai,120,31.05,0.0,17.37
2025-09-09,Mumbai,120,31.38,0.0,14.51
2025-09-10,Mumbai,120,30.08,0.0,11.93
2025-09-11,Mumbai,120,29.32,16.76,17.78
2025-09-12,Mumbai,120,29.6,40.32,20.5
2025-09-13,Mumbai,120,31.86,8.68,13.83
2025-09-14,Mumbai,120,30.42,6.68,15.02
2025-09-15,Mumbai,120,30.63,8.94,14.56
2025-09-16,Mumbai,120,30.07,0.67,13.0
2025-09-17,Mumbai,120,29.77,12.72,18.73
2025-09-18,Mumbai,120,29.52,26.68,23.79
2025-09-19,Mumbai,120,29.26,9.03,19.0
2025-09-20,Mumbai,120,28.62,1.23,7.95
2025-09-21,Mumbai,120,32.07,6.63,19.59
2025-09-22,Mumbai,120,28.67,35.14,24.37
2025-09-23,Mumbai,120,29.11,3.73,17.51
2025-09-24,Mumbai,120,28.86,7.68,16.8
2025-09-25,Mumbai,120,29.81,2.14,16.48
2025-09-26,Mumbai,120,34.33,8.63,17.49
2025-09-27,Mumbai,120,31.9,12.17,21.56
2025-09-28,Mumbai,120,29.81,9.14,14.6
2025-09-29,Mumbai,120,25.72,11.36,19.75
2025-09-30,Mumbai,120,27.4,4.03,16.75
2023-01-01,Mumbai,168,23.16,0.0,12.09
2023-01-02,Mumbai,168,23.09,0.0,11.08
2023-01-03,Mumbai,168,22.84,0.0,1.58
2023-01-04,Mumbai,168,23.53,0.0,4.8
2023-01-05,Mumbai,168,21.6,0.0,13.18
2023-01-06,Mumbai,168,25.14,0.0,7.76
2023-01-07,Mumbai,168,25.0,0.0,15.92
2023-01-08,Mumbai,168,26.26,0.0,10.96
2023-01-09,Mumbai,168,25.72,0.0,8.22
2023-01-10,Mumbai,168,24.13,0.0,11.65
2023-01-11,Mumbai,168,24.18,0.0,9.24
2023-01-12,Mumbai,168,21.96,0.0,8.45
2023-01-13,Mumbai,168,21.96,0.0,13.76
2023-01-14,Mumbai,168,24.21,0.0,9.18
2023-01-15,Mumbai,168,23.98,0.0,7.78
2023-01-16,Mumbai,168,25.48,0.0,5.2
2023-01-17,Mumbai,168,30.88,0.0,16.55
2023-01-18,Mumbai,168,27.42,0.0,10.13
2023-01-19,Mumbai,168,27.05,0.0,14.49
2023-01-20,Mumbai,168,22.69,0.0,11.09
2023-01-21,Mumbai,168,24.58,0.0,10.27
2023-01-22,Mumbai,168,24.53,0.0,18.15
2023-01-23,Mumbai,168,27.17,0.0,8.31
2023-01-24,Mumbai,168,23.14,0.0,11.59
2023-01-25,Mumbai,168,24.35,0.0,10.74
2023-01-26,Mumbai,168,26.32,0.0,10.41
2023-01-27,Mumbai,168,25.35,0.0,11.97
2023-01-28,Mumbai,168,25.15,0.0,2.23
2023-01-29,Mumbai,168,27.36,0.0,4.11
2023-01-30,Mumbai,168,24.99,0.0,4.62
2023-01-31,Mumbai,168,26.07,0.0,5.84
2023-02-01,Mumbai,168,26.77,0.0,5.87
2023-02-02,Mumbai,168,27.7,0.0,9.38
2023-02-03,Mumbai,168,29.37,0.0,0.0
2023-02-04,Mumbai,168,26.78,0.0,10.02
2023-02-05,Mumbai,168,26.08,0.0,11.35
2023-02-06,Mumbai,168,25.31,0.0,8.9
2023-02-07,Mumbai,168,25.33,0.0,8.0
2023-02-08,Mumbai,168,24.1,0.0,8.37
2023-02-09,Mumbai,168,24.4,0.0,16.24
2023-02-10,Mumbai,168,23.99,0.0,8.99
2023-02-11,Mumbai,168,27.2,0.0,13.05
2023-02-12,Mumbai,168,24.57,0.0,11.12
2023-02-13,Mumbai,168,22.7,0.0,10.72
2023-02-14,Mumbai,168,25.73,0.0,9.46
2023-02-15,Mumbai,168,27.33,0.0,10.81
2023-02-16,Mumbai,168,25.51,0.0,4.22
2023-02-17,Mumbai,168,26.46,0.0,5.51
2023-02-18,Mumbai,168,29.37,0.0,13.47
2023-02-19,Mumbai,168,28.15,0.0,10.59
2023-02-20,Mumbai,168,28.48,0.0,5.85
2023-02-21,Mumbai,168,28.04,0.0,7.18
2023-02-22,Mumbai,168,25.07,0.0,11.35
2023-02-23,Mumbai,168,27.75,0.0,7.98
2023-02-24,Mumbai,168,28.33,0.0,9.71
2023-02-25,Mumbai,168,31.59,0.0,17.52
2023-02-26,Mumbai,168,29.22,0.0,11.43
2023-02-27,Mumbai,168,30.23,0.0,12.05
2023-02-28,Mumbai,168,27.83,0.0,10.36
2023-03-01,Mumbai,168,32.39,0.0,10.27
2023-03-02,Mumbai,168,29.2,0.0,14.15
2023-03-03,Mumbai,168,31.58,0.0,8.8
2023-03-04,Mumbai,168,32.2,0.0,11.1
2023-03-05,Mumbai,168,30.07,0.0,13.93
2023-03-06,Mumbai,168,29.6,0.0,11.04
2023-03-07,Mumbai,168,33.05,0.0,15.24
2023-03-08,Mumbai,168,29.59,0.0,7.53
2023-03-09,Mumbai,168,27.28,0.0,12.42
2023-03-10,Mumbai,168,26.77,0.0,7.69
2023-03-11,Mumbai,168,27.08,0.31,12.76
2023-03-12,Mumbai,168,25.57,0.0,12.5
2023-03-13,Mumbai,168,28.37,0.0,10.03
2023-03-14,Mumbai,168,27.74,0.0,7.52
2023-03-15,Mumbai,168,29.31,0.0,9.9
2023-03-16,Mumbai,168,31.42,0.0,11.43
2023-03-17,Mumbai,168,29.07,0.0,10.78
2023-03-18,Mumbai,168,23.58,0.0,10.88
2023-03-19,Mumbai,168,29.64,0.0,8.1
2023-03-20,Mumbai,168,27.89,0.0,6.0
2023-03-21,Mumbai,168,28.49,0.0,5.69
2023-03-22,Mumbai,168,28.1,0.0,10.21
2023-03-23,Mumbai,168,24.79,0.0,6.76
2023-03-24,Mumbai,168,27.89,0.0,7.87
2023-03-25,Mumbai,168,27.71,0.0,6.25
2023-03-26,Mumbai,168,28.5,0.0,12.68
2023-03-27,Mumbai,168,28.0,0.0,11.26
2023-03-28,Mumbai,168,26.7,0.0,14.0
2023-03-29,Mumbai,168,28.56,0.0,7.78
2023-03-30,Mumbai,168,26.99,0.0,14.02
2023-03-31,Mumbai,168,26.88,0.0,16.14
2023-04-01,Mumbai,168,27.9,0.0,13.89
2023-04-02,Mumbai,168,26.2,0.0,6.45
2023-04-03,Mumbai,168,25.74,0.0,6.76
2023-04-04,Mumbai,168,28.39,0.0,16.88
2023-04-05,Mumbai,168,27.81,0.0,12.14
2023-04-06,Mumbai,168,26.63,0.0,10.98
2023-04-07,Mumbai,168,27.8,0.0,20.25
2023-04-08,Mumbai,168,31.27,0.0,13.29
2023-04-09,Mumbai,168,28.99,0.0,11.17
2023-04-10,Mumbai,168,29.88,0.0,13.42
2023-04-11,Mumbai,168,30.26,0.0,14.58
2023-04-12,Mumbai,168,27.55,0.0,13.77
2023-04-13,Mumbai,168,30.28,0.0,7.17
2023-04-14,Mumbai,168,30.5,0.0,8.56
2023-04-15,Mumbai,168,26.37,0.0,8.16
2023-04-16,Mumbai,168,28.8,0.0,10.66
2023-04-17,Mumbai,168,26.3,0.0,17.44
2023-04-18,Mumbai,168,29.67,0.0,15.59
2023-04-19,Mumbai,168,25.24,0.0,14.43
2023-04-20,Mumbai,168,27.55,0.0,14.31
2023-04-21,Mumbai,168,29.3,0.0,15.82
2023-04-22,Mumbai,168,30.11,0.0,16.01
2023-04-23,Mumbai,168,26.97,0.0,15.17
2023-04-24,Mumbai,168,28.24,0.0,18.16
2023-04-25,Mumbai,168,30.11,0.0,11.42
2023-04-26,Mumbai,168,32.53,0.0,10.32
2023-04-27,Mumbai,168,28.95,0.0,13.98
2023-04-28,Mumbai,168,27.42,0.0,9.72
2023-04-29,Mumbai,168,34.23,0.0,9.31
2023-04-30,Mumbai,168,32.94,0.0,15.89
2023-05-01,Mumbai,168,33.72,0.0,21.51
2023-05-02,Mumbai,168,34.2,0.0,20.27
2023-05-03,Mumbai,168,35.64,0.0,15.13
2023-05-04,Mumbai,168,32.54,0.0,12.24
2023-05-05,Mumbai,168,34.03,0.0,12.7
2023-05-06,Mumbai,168,34.31,0.0,16.45
2023-05-07,Mumbai,168,32.71,0.0,14.8
2023-05-08,Mumbai,168,32.1,0.0,10.58
2023-05-09,Mumbai,168,33.18,0.0,14.75
2023-05-10,Mumbai,168,30.96,0.0,9.0
2023-05-11,Mumbai,168,31.59,0.0,16.59
2023-05-12,Mumbai,168,31.1,0.0,14.47
2023-05-13,Mumbai,168,30.47,0.0,17.45
2023-05-14,Mumbai,168,33.54,0.0,19.14
2023-05-15,Mumbai,168,32.88,0.0,18.57
2023-05-16,Mumbai,168,32.76,0.0,17.21
2023-05-17,Mumbai,168,36.47,0.0,13.96
2023-05-18,Mumbai,168,34.43,0.0,15.75
2023-05-19,Mumbai,168,29.86,0.0,11.89
2023-05-20,Mumbai,168,30.34,0.0,19.98
2023-05-21,Mumbai,168,33.52,0.0,11.72
2023-05-22,Mumbai,168,34.07,5.97,20.92
2023-05-23,Mumbai,168,33.14,3.64,13.05
2023-05-24,Mumbai,168,32.8,0.0,15.72
2023-05-25,Mumbai,168,34.06,0.0,11.97
2023-05-26,Mumbai,168,34.37,0.0,17.05
2023-05-27,Mumbai,168,35.55,0.0,12.58
2023-05-28,Mumbai,168,30.88,0.0,12.32
2023-05-29,Mumbai,168,32.22,0.0,14.38
2023-05-30,Mumbai,168,33.3,0.0,10.19
2023-05-31,Mumbai,168,31.74,0.0,19.47
2023-06-01,Mumbai,168,31.76,0.0,24.28
2023-06-02,Mumbai,168,28.23,0.0,27.2
2023-06-03,Mumbai,168,31.36,36.35,33.71
2023-06-04,Mumbai,168,32.6,31.34,23.27
2023-06-05,Mumbai,168,32.8,0.55,27.18
2023-06-06,Mumbai,168,28.06,16.56,28.15
2023-06-07,Mumbai,168,30.03,97.86,42.61
2023-06-08,Mumbai,168,29.54,50.0,30.93
2023-06-09,Mumbai,168,27.24,8.76,17.98
2023-06-10,Mumbai,168,27.71,36.79,27.87
2023-06-11,Mumbai,168,27.04,73.83,29.38
2023-06-12,Mumbai,168,26.82,19.97,22.3
2023-06-13,Mumbai,168,27.69,39.11,30.7
2023-06-14,Mumbai,168,28.57,31.36,25.23
2023-06-15,Mumbai,168,28.76,0.0,19.82
2023-06-16,Mumbai,168,27.95,0.0,25.4
2023-06-17,Mumbai,168,32.65,0.0,20.07
2023-06-18,Mumbai,168,31.92,31.42,28.61
2023-06-19,Mumbai,168,31.52,0.0,24.59
2023-06-20,Mumbai,168,30.58,11.24,21.37
2023-06-21,Mumbai,168,31.8,0.0,25.0
2023-06-22,Mumbai,168,32.76,18.01,22.91
2023-06-23,Mumbai,168,31.1,17.16,23.82
2023-06-24,Mumbai,168,30.47,10.97,24.04
2023-06-25,Mumbai,168,28.04,40.8,29.68
2023-06-26,Mumbai,168,31.66,5.47,25.4
2023-06-27,Mumbai,168,26.96,54.69,36.14
2023-06-28,Mumbai,168,31.99,0.0,25.82
2023-06-29,Mumbai,168,30.99,0.0,26.35
2023-06-30,Mumbai,168,28.81,0.0,26.92
2023-07-01,Mumbai,168,21.96,18.87,31.46
2023-07-02,Mumbai,168,24.26,32.95,29.12
2023-07-03,Mumbai,168,23.01,10.84,28.01
2023-07-04,Mumbai,168,24.3,0.0,24.1
2023-07-05,Mumbai,168,27.51,0.0,25.31
2023-07-06,Mumbai,168,25.42,0.0,28.06
2023-07-07,Mumbai,168,25.76,0.0,21.99
2023-07-08,Mumbai,168,26.59,0.0,27.6
2023-07-09,Mumbai,168,26.02,0.0,21.77
2023-07-10,Mumbai,168,28.29,79.75,32.24
2023-07-11,Mumbai,168,30.65,0.0,20.33
2023-07-12,Mumbai,168,29.88,28.44,31.29
2023-07-13,Mumbai,168,28.5,0.0,23.22
2023-07-14,Mumbai,168,30.17,0.0,23.58
2023-07-15,Mumbai,168,28.65,0.0,24.59
2023-07-16,Mumbai,168,24.21,0.0,25.74
2023-07-17,Mumbai,168,26.57,0.0,27.71
2023-07-18,Mumbai,168,30.71,0.0,22.38
2023-07-19,Mumbai,168,27.15,0.0,22.91
2023-07-20,Mumbai,168,27.14,21.63,28.7
2023-07-21,Mumbai,168,25.48,31.86,32.91
2023-07-22,Mumbai,168,27.42,4.65,25.98
2023-07-23,Mumbai,168,26.99,26.1,28.77
2023-07-24,Mumbai,168,28.3,30.47,25.75
2023-07-25,Mumbai,168,26.68,38.41,37.86
2023-07-26,Mumbai,168,27.36,49.11,37.64
2023-07-27,Mumbai,168,27.94,0.0,26.55
2023-07-28,Mumbai,168,26.44,0.0,28.27
2023-07-29,Mumbai,168,27.17,0.0,24.43
2023-07-30,Mumbai,168,25.9,44.35,34.95
2023-07-31,Mumbai,168,25.13,12.25,25.8
2023-08-01,Mumbai,168,24.39,54.27,38.15
2023-08-02,Mumbai,168,25.59,0.0,15.39
2023-08-03,Mumbai,168,27.6,0.0,27.63
2023-08-04,Mumbai,168,26.91,0.0,20.88
2023-08-05,Mumbai,168,25.87,0.0,18.24
2023-08-06,Mumbai,168,28.67,4.66,21.77
2023-08-07,Mumbai,168,28.23,49.86,32.27
2023-08-08,Mumbai,168,30.01,51.41,23.72
2023-08-09,Mumbai,168,28.65,0.0,28.13
2023-08-10,Mumbai,168,25.35,29.41,23.02
2023-08-11,Mumbai,168,24.87,35.75,26.48
2023-08-12,Mumbai,168,24.2,0.3,18.02
2023-08-13,Mumbai,168,27.44,19.77,25.83
2023-08-14,Mumbai,168,22.67,1.84,21.5
2023-08-15,Mumbai,168,22.04,2.79,18.94
2023-08-16,Mumbai,168,26.12,17.92,19.85
2023-08-17,Mumbai,168,21.84,5.57,19.02
2023-08-18,Mumbai,168,24.66,53.01,27.13
2023-08-19,Mumbai,168,24.67,5.23,22.05
2023-08-20,Mumbai,168,29.14,15.33,25.4
2023-08-21,Mumbai,168,28.35,8.54,25.75
2023-08-22,Mumbai,168,25.1,39.75,24.62
2023-08-23,Mumbai,168,29.6,6.4,25.09
2023-08-24,Mumbai,168,26.03,14.16,22.93
2023-08-25,Mumbai,168,25.51,10.47,27.39
2023-08-26,Mumbai,168,29.16,27.74,24.57
2023-08-27,Mumbai,168,23.57,0.0,27.86
2023-08-28,Mumbai,168,27.05,52.17,21.44
2023-08-29,Mumbai,168,24.13,4.21,21.25
2023-08-30,Mumbai,168,24.95,14.4,28.98
2023-08-31,Mumbai,168,23.24,5.18,27.92
2023-09-01,Mumbai,168,27.17,6.89,25.6
2023-09-02,Mumbai,168,25.44,11.84,18.04
2023-09-03,Mumbai,168,26.98,0.0,19.9
2023-09-04,Mumbai,168,30.44,0.0,9.64
2023-09-05,Mumbai,168,28.28,0.0,9.51
2023-09-06,Mumbai,168,30.62,4.2,16.35
2023-09-07,Mumbai,168,29.27,9.2,20.63
2023-09-08,Mumbai,168,24.3,24.05,24.04
2023-09-09,Mumbai,168,30.82,7.92,20.95
2023-09-10,Mumbai,168,28.14,0.0,17.19
2023-09-11,Mumbai,168,26.83,0.0,15.77
2023-09-12,Mumbai,168,31.24,0.0,12.5
2023-09-13,Mumbai,168,28.96,0.0,7.04
2023-09-14,Mumbai,168,30.7,18.68,14.84
2023-09-15,Mumbai,168,27.28,9.03,20.99
2023-09-16,Mumbai,168,29.56,0.31,17.12
2023-09-17,Mumbai,168,26.03,9.21,14.76
2023-09-18,Mumbai,168,26.18,2.29,16.56
2023-09-19,Mumbai,168,27.98,5.74,17.81
2023-09-20,Mumbai,168,29.72,0.88,16.52
2023-09-21,Mumbai,168,27.8,4.59,16.26
2023-09-22,Mumbai,168,28.59,31.26,20.31
2023-09-23,Mumbai,168,27.23,2.11,16.57
2023-09-24,Mumbai,168,28.8,6.81,24.38
2023-09-25,Mumbai,168,28.31,10.65,18.37
2023-09-26,Mumbai,168,28.06,16.14,18.15
2023-09-27,Mumbai,168,29.14,21.48,17.37
2023-09-28,Mumbai,168,30.46,7.99,16.6
2023-09-29,Mumbai,168,27.91,0.75,15.11
2023-09-30,Mumbai,168,30.56,2.26,13.63
2023-10-01,Mumbai,168,28.44,0.0,7.75
2023-10-02,Mumbai,168,35.18,0.0,9.76
2023-10-03,Mumbai,168,30.16,0.0,6.76
2023-10-04,Mumbai,168,32.62,0.0,11.73
2023-10-05,Mumbai,168,29.04,0.0,15.09
2023-10-06,Mumbai,168,28.66,5.49,9.63
2023-10-07,Mumbai,168,28.25,0.0,9.36
2023-10-08,Mumbai,168,27.71,0.0,9.29
2023-10-09,Mumbai,168,24.98,0.0,12.07
2023-10-10,Mumbai,168,25.21,34.47,12.82
2023-10-11,Mumbai,168,25.27,0.0,10.29
2023-10-12,Mumbai,168,28.17,0.0,16.09
2023-10-13,Mumbai,168,27.43,0.0,15.6
2023-10-14,Mumbai,168,26.21,0.0,11.39
2023-10-15,Mumbai,168,25.31,0.0,8.65
2023-10-16,Mumbai,168,28.41,0.0,7.41
2023-10-17,Mumbai,168,24.91,0.0,14.13
2023-10-18,Mumbai,168,27.4,0.0,11.34
2023-10-19,Mumbai,168,29.04,0.0,7.73
2023-10-20,Mumbai,168,33.23,0.0,8.27
2023-10-21,Mumbai,168,32.8,0.0,16.39
2023-10-22,Mumbai,168,31.68,0.0,11.41
2023-10-23,Mumbai,168,32.0,0.0,11.17
2023-10-24,Mumbai,168,31.26,0.0,12.33
2023-10-25,Mumbai,168,30.15,0.0,14.43
2023-10-26,Mumbai,168,30.72,84.31,14.6
2023-10-27,Mumbai,168,28.65,0.0,11.46
2023-10-28,Mumbai,168,30.11,0.0,11.86
2023-10-29,Mumbai,168,28.99,0.0,16.65
2023-10-30,Mumbai,168,30.4,6.79,12.09
2023-10-31,Mumbai,168,28.42,0.0,7.75
2023-11-01,Mumbai,168,28.17,0.0,3.13
2023-11-02,Mumbai,168,25.74,0.0,5.45
2023-11-03,Mumbai,168,28.27,0.0,0.0
2023-11-04,Mumbai,168,25.56,0.0,2.82
2023-11-05,Mumbai,168,28.61,0.0,6.8
2023-11-06,Mumbai,168,27.53,0.0,13.15
2023-11-07,Mumbai,168,27.42,0.0,6.41
2023-11-08,Mumbai,168,24.63,0.0,6.96
2023-11-09,Mumbai,168,23.95,0.0,13.92
2023-11-10,Mumbai,168,28.23,19.0,8.83
2023-11-11,Mumbai,168,25.01,0.0,9.56
2023-11-12,Mumbai,168,26.25,0.0,10.27
2023-11-13,Mumbai,168,23.68,0.0,6.83
2023-11-14,Mumbai,168,29.65,0.0,2.43
2023-11-15,Mumbai,168,27.75,0.0,7.11
2023-11-16,Mumbai,168,27.48,0.0,6.69
2023-11-17,Mumbai,168,25.7,0.0,0.41
2023-11-18,Mumbai,168,29.01,0.0,9.25
2023-11-19,Mumbai,168,26.67,0.0,8.03
2023-11-20,Mumbai,168,24.47,0.0,8.86
2023-11-21,Mumbai,168,29.4,0.0,10.16
2023-11-22,Mumbai,168,20.46,0.0,7.74
2023-11-23,Mumbai,168,28.81,0.0,13.11
2023-11-24,Mumbai,168,28.67,0.0,8.48
2023-11-25,Mumbai,168,30.59,0.0,6.32
2023-11-26,Mumbai,168,28.52,0.0,10.13
2023-11-27,Mumbai,168,25.6,0.0,8.28
2023-11-28,Mumbai,168,27.96,0.0,7.26
2023-11-29,Mumbai,168,30.12,0.0,5.01
2023-11-30,Mumbai,168,27.57,0.0,5.05
2023-12-01,Mumbai,168,26.92,0.0,6.69
2023-12-02,Mumbai,168,22.95,0.0,11.94
2023-12-03,Mumbai,168,25.93,0.0,15.59
2023-12-04,Mumbai,168,28.37,0.0,12.15
2023-12-05,Mumbai,168,26.73,0.0,5.58
2023-12-06,Mumbai,168,23.55,0.0,6.78
2023-12-07,Mumbai,168,26.98,0.0,11.53
2023-12-08,Mumbai,168,25.8,0.0,5.67
2023-12-09,Mumbai,168,25.36,0.0,6.27
2023-12-10,Mumbai,168,22.9,0.0,10.08
2023-12-11,Mumbai,168,24.86,0.0,8.36
2023-12-12,Mumbai,168,24.36,0.0,3.37
2023-12-13,Mumbai,168,25.94,0.0,4.49
2023-12-14,Mumbai,168,28.75,0.0,8.44
2023-12-15,Mumbai,168,30.65,0.0,10.21
2023-12-16,Mumbai,168,29.52,0.0,5.22
2023-12-17,Mumbai,168,30.01,0.0,3.68
2023-12-18,Mumbai,168,28.02,0.0,10.92
2023-12-19,Mumbai,168,28.31,0.0,7.44
2023-12-20,Mumbai,168,27.45,0.0,12.78
2023-12-21,Mumbai,168,28.61,0.0,10.97
2023-12-22,Mumbai,168,30.2,0.0,10.19
2023-12-23,Mumbai,168,31.74,0.0,4.6
2023-12-24,Mumbai,168,32.09,0.0,4.98
2023-12-25,Mumbai,168,26.39,0.0,7.89
2023-12-26,Mumbai,168,25.72,0.0,7.02
2023-12-27,Mumbai,168,25.6,0.0,11.67
2023-12-28,Mumbai,168,26.95,0.0,14.97
2023-12-29,Mumbai,168,25.67,0.0,7.05
2023-12-30,Mumbai,168,29.22,0.0,8.72
2023-12-31,Mumbai,168,22.47,0.0,7.68
2024-01-01,Mumbai,168,18.72,0.0,12.9
2024-01-02,Mumbai,168,21.67,0.0,11.97
2024-01-03,Mumbai,168,23.81,0.0,13.02
2024-01-04,Mumbai,168,23.27,0.0,8.58
2024-01-05,Mumbai,168,23.06,0.0,8.3
2024-01-06,Mumbai,168,23.94,0.0,13.42
2024-01-07,Mumbai,168,23.45,0.0,15.51
2024-01-08,Mumbai,168,25.77,0.0,7.93
2024-01-09,Mumbai,168,22.79,0.0,12.06
2024-01-10,Mumbai,168,27.61,0.0,17.46
2024-01-11,Mumbai,168,28.09,0.0,8.84
2024-01-12,Mumbai,168,26.55,0.0,9.91
2024-01-13,Mumbai,168,23.09,0.0,13.03
2024-01-14,Mumbai,168,26.9,0.0,8.33
2024-01-15,Mumbai,168,23.2,0.0,8.53
2024-01-16,Mumbai,168,20.79,0.0,11.64
2024-01-17,Mumbai,168,24.19,0.0,9.58
2024-01-18,Mumbai,168,23.23,0.0,8.58
2024-01-19,Mumbai,168,21.02,0.0,7.72
2024-01-20,Mumbai,168,21.34,0.0,9.04
2024-01-21,Mumbai,168,25.88,0.0,8.18
2024-01-22,Mumbai,168,20.78,0.0,11.64
2024-01-23,Mumbai,168,22.98,0.0,3.33
2024-01-24,Mumbai,168,21.14,0.0,12.25
2024-01-25,Mumbai,168,20.12,0.0,10.64
2024-01-26,Mumbai,168,24.29,0.0,11.13
2024-01-27,Mumbai,168,21.91,0.0,9.49
2024-01-28,Mumbai,168,24.72,0.0,12.69
2024-01-29,Mumbai,168,26.39,0.0,3.48
2024-01-30,Mumbai,168,20.58,0.0,5.13
2024-01-31,Mumbai,168,19.88,0.0,6.59
2024-02-01,Mumbai,168,27.06,0.0,9.62
2024-02-02,Mumbai,168,26.21,0.0,7.22
2024-02-03,Mumbai,168,27.78,0.0,12.08
2024-02-04,Mumbai,168,25.8,0.0,1.35
2024-02-05,Mumbai,168,24.3,0.0,1.78
2024-02-06,Mumbai,168,21.3,0.0,6.25
2024-02-07,Mumbai,168,23.63,0.0,5.79
2024-02-08,Mumbai,168,22.63,0.0,6.85
2024-02-09,Mumbai,168,24.13,0.0,11.29
2024-02-10,Mumbai,168,24.89,0.0,10.03
2024-02-11,Mumbai,168,24.65,0.0,13.12
2024-02-12,Mumbai,168,25.76,0.0,3.9
2024-02-13,Mumbai,168,26.88,0.0,4.4
2024-02-14,Mumbai,168,27.43,0.0,11.09
2024-02-15,Mumbai,168,28.06,0.0,8.22
2024-02-16,Mumbai,168,24.97,0.0,9.67
2024-02-17,Mumbai,168,27.78,0.0,6.33
2024-02-18,Mumbai,168,26.21,0.0,9.74
2024-02-19,Mumbai,168,28.06,0.0,13.06
2024-02-20,Mumbai,168,26.85,0.0,14.06
2024-02-21,Mumbai,168,22.95,0.0,5.03
2024-02-22,Mumbai,168,23.3,0.0,8.95
2024-02-23,Mumbai,168,23.14,0.0,10.06
2024-02-24,Mumbai,168,24.52,0.0,9.57
2024-02-25,Mumbai,168,26.43,0.0,14.74
2024-02-26,Mumbai,168,25.64,0.0,9.83
2024-02-27,Mumbai,168,23.62,0.0,4.18
2024-02-28,Mumbai,168,25.5,0.0,7.95
2024-02-29,Mumbai,168,22.7,0.0,4.94
2024-03-01,Mumbai,168,27.22,0.0,11.83
2024-03-02,Mumbai,168,30.04,0.0,6.6
2024-03-03,Mumbai,168,28.05,0.0,14.29
2024-03-04,Mumbai,168,31.27,0.0,10.62
2024-03-05,Mumbai,168,31.66,0.0,12.1
2024-03-06,Mumbai,168,29.71,0.0,11.68
2024-03-07,Mumbai,168,28.58,0.0,8.58
2024-03-08,Mumbai,168,28.05,0.0,15.57
2024-03-09,Mumbai,168,27.62,0.0,13.32
2024-03-10,Mumbai,168,25.63,0.0,4.92
2024-03-11,Mumbai,168,25.85,0.0,3.88
2024-03-12,Mumbai,168,26.48,0.69,12.78
2024-03-13,Mumbai,168,28.72,0.0,5.5
2024-03-14,Mumbai,168,31.45,0.0,10.02
2024-03-15,Mumbai,168,29.26,0.0,14.65
2024-03-16,Mumbai,168,27.61,0.0,9.92
2024-03-17,Mumbai,168,28.36,0.0,10.68
2024-03-18,Mumbai,168,29.88,0.0,8.3
2024-03-19,Mumbai,168,27.97,0.0,12.61
2024-03-20,Mumbai,168,28.34,0.0,10.61
2024-03-21,Mumbai,168,27.86,0.0,11.8
2024-03-22,Mumbai,168,29.04,0.0,14.57
2024-03-23,Mumbai,168,29.56,0.0,13.11
2024-03-24,Mumbai,168,29.93,0.0,5.75
2024-03-25,Mumbai,168,29.84,0.0,6.08
2024-03-26,Mumbai,168,28.42,0.0,9.19
2024-03-27,Mumbai,168,27.35,0.0,6.21
2024-03-28,Mumbai,168,26.77,0.0,13.08
2024-03-29,Mumbai,168,28.93,0.0,11.85
2024-03-30,Mumbai,168,28.25,0.0,13.86
2024-03-31,Mumbai,168,27.86,0.0,7.73
2024-04-01,Mumbai,168,27.96,0.0,13.77
2024-04-02,Mumbai,168,28.65,0.0,18.42
2024-04-03,Mumbai,168,29.6,0.0,12.0
2024-04-04,Mumbai,168,31.2,0.0,16.0
2024-04-05,Mumbai,168,30.72,0.0,15.71
2024-04-06,Mumbai,168,32.29,0.0,15.08
2024-04-07,Mumbai,168,30.57,0.0,12.22
2024-04-08,Mumbai,168,30.86,0.0,12.37
2024-04-09,Mumbai,168,25.24,0.0,15.56
2024-04-10,Mumbai,168,27.16,0.0,9.57
2024-04-11,Mumbai,168,25.23,0.0,14.16
2024-04-12,Mumbai,168,27.75,0.0,14.86
2024-04-13,Mumbai,168,31.36,0.0,10.08
2024-04-14,Mumbai,168,30.58,0.0,13.27
2024-04-15,Mumbai,168,27.75,0.0,10.5
2024-04-16,Mumbai,168,24.91,0.0,14.45
2024-04-17,Mumbai,168,28.16,0.0,16.59
2024-04-18,Mumbai,168,28.73,0.0,14.94
2024-04-19,Mumbai,168,32.18,0.0,9.56
2024-04-20,Mumbai,168,29.63,0.0,13.88
2024-04-21,Mumbai,168,29.17,0.0,11.39
2024-04-22,Mumbai,168,28.93,0.0,13.26
2024-04-23,Mumbai,168,30.42,0.0,12.94
2024-04-24,Mumbai,168,27.37,0.0,18.49
2024-04-25,Mumbai,168,30.83,0.0,11.9
2024-04-26,Mumbai,168,24.85,0.0,6.64
2024-04-27,Mumbai,168,27.11,0.0,11.61
2024-04-28,Mumbai,168,27.59,0.0,12.42
2024-04-29,Mumbai,168,28.61,0.0,12.91
2024-04-30,Mumbai,168,27.75,0.0,8.39
2024-05-01,Mumbai,168,27.58,0.0,14.88
2024-05-02,Mumbai,168,32.93,0.0,11.6
2024-05-03,Mumbai,168,28.37,0.0,10.31
2024-05-04,Mumbai,168,31.18,0.0,19.01
2024-05-05,Mumbai,168,32.83,0.0,11.02
2024-05-06,Mumbai,168,29.32,0.0,14.12
2024-05-07,Mumbai,168,29.85,0.0,15.64
2024-05-08,Mumbai,168,30.26,0.0,12.9
2024-05-09,Mumbai,168,31.34,0.0,12.85
2024-05-10,Mumbai,168,27.03,0.0,9.27
2024-05-11,Mumbai,168,28.52,0.0,9.53
2024-05-12,Mumbai,168,27.08,0.0,15.06
2024-05-13,Mumbai,168,26.0,0.0,16.16
2024-05-14,Mumbai,168,29.46,1.3,15.22
2024-05-15,Mumbai,168,33.95,0.0,11.02
2024-05-16,Mumbai,168,32.37,0.0,13.63
2024-05-17,Mumbai,168,30.16,0.0,19.73
2024-05-18,Mumbai,168,28.09,0.0,14.92
2024-05-19,Mumbai,168,31.39,0.0,19.09
2024-05-20,Mumbai,168,32.6,0.0,21.83
2024-05-21,Mumbai,168,29.43,0.0,15.88
2024-05-22,Mumbai,168,29.68,0.0,13.31
2024-05-23,Mumbai,168,28.1,0.0,12.67
2024-05-24,Mumbai,168,28.21,0.0,17.44
2024-05-25,Mumbai,168,31.23,0.0,11.77
2024-05-26,Mumbai,168,29.62,0.0,21.3
2024-05-27,Mumbai,168,30.9,0.0,17.46
2024-05-28,Mumbai,168,32.05,0.0,16.19
2024-05-29,Mumbai,168,29.57,0.0,19.3
2024-05-30,Mumbai,168,29.23,0.0,12.74
2024-05-31,Mumbai,168,28.42,0.0,15.43
2024-06-01,Mumbai,168,28.64,0.0,24.79
2024-06-02,Mumbai,168,30.16,20.71,28.16
2024-06-03,Mumbai,168,28.61,2.83,24.42
2024-06-04,Mumbai,168,32.08,28.78,25.79
2024-06-05,Mumbai,168,25.8,45.7,31.46
2024-06-06,Mumbai,168,26.59,24.49,21.3
2024-06-07,Mumbai,168,30.8,0.0,24.37
2024-06-08,Mumbai,168,28.17,19.29,21.55
2024-06-09,Mumbai,168,26.75,11.25,23.52
2024-06-10,Mumbai,168,30.56,18.73,27.67
2024-06-11,Mumbai,168,27.96,3.08,24.94
2024-06-12,Mumbai,168,29.26,4.31,25.13
2024-06-13,Mumbai,168,27.75,13.29,28.85
2024-06-14,Mumbai,168,27.92,32.95,26.07
2024-06-15,Mumbai,168,28.71,15.45,24.32
2024-06-16,Mumbai,168,31.18,21.56,27.33
2024-06-17,Mumbai,168,29.43,0.38,28.35
2024-06-18,Mumbai,168,35.67,45.75,24.41
2024-06-19,Mumbai,168,31.14,3.05,25.04
2024-06-20,Mumbai,168,33.58,9.58,23.25
2024-06-21,Mumbai,168,33.37,7.23,25.17
2024-06-22,Mumbai,168,31.79,1.18,26.53
2024-06-23,Mumbai,168,30.51,10.96,27.89
2024-06-24,Mumbai,168,28.77,52.51,33.46
2024-06-25,Mumbai,168,31.41,1.23,23.04
2024-06-26,Mumbai,168,31.44,13.57,16.27
2024-06-27,Mumbai,168,33.33,20.11,23.21
2024-06-28,Mumbai,168,34.48,8.32,29.26
2024-06-29,Mumbai,168,33.65,30.66,19.4
2024-06-30,Mumbai,168,29.06,0.0,25.46
2024-07-01,Mumbai,168,29.99,7.03,24.33
2024-07-02,Mumbai,168,29.62,45.52,28.81
2024-07-03,Mumbai,168,31.1,3.22,29.68
2024-07-04,Mumbai,168,26.84,10.04,32.42
2024-07-05,Mumbai,168,28.1,15.87,32.74
2024-07-06,Mumbai,168,29.12,7.67,30.71
2024-07-07,Mumbai,168,30.52,7.51,25.87
2024-07-08,Mumbai,168,29.82,24.56,29.48
2024-07-09,Mumbai,168,31.31,0.0,21.37
2024-07-10,Mumbai,168,30.23,11.61,23.19
2024-07-11,Mumbai,168,27.13,22.51,26.16
2024-07-12,Mumbai,168,28.28,48.81,27.11
2024-07-13,Mumbai,168,29.38,68.21,34.68
2024-07-14,Mumbai,168,29.31,1.84,24.23
2024-07-15,Mumbai,168,27.92,50.78,31.09
2024-07-16,Mumbai,168,27.51,19.93,24.34
2024-07-17,Mumbai,168,27.13,26.52,27.36
2024-07-18,Mumbai,168,28.24,67.41,30.72
2024-07-19,Mumbai,168,30.52,44.93,28.7
2024-07-20,Mumbai,168,26.13,17.35,22.93
2024-07-21,Mumbai,168,26.21,13.26,24.1
2024-07-22,Mumbai,168,28.79,0.0,30.5
2024-07-23,Mumbai,168,27.35,41.63,25.59
2024-07-24,Mumbai,168,30.51,0.0,24.99
2024-07-25,Mumbai,168,29.49,13.47,30.4
2024-07-26,Mumbai,168,27.44,69.57,39.06
2024-07-27,Mumbai,168,29.69,4.33,23.25
2024-07-28,Mumbai,168,26.68,21.53,28.34
2024-07-29,Mumbai,168,29.3,19.6,29.18
2024-07-30,Mumbai,168,29.34,17.45,28.03
2024-07-31,Mumbai,168,30.57,0.0,26.74
2024-08-01,Mumbai,168,27.67,19.24,24.94
2024-08-02,Mumbai,168,27.21,18.24,22.83
2024-08-03,Mumbai,168,26.65,18.28,21.0
2024-08-04,Mumbai,168,29.68,9.43,19.94
2024-08-05,Mumbai,168,31.98,35.51,17.19
2024-08-06,Mumbai,168,26.41,12.36,22.98
2024-08-07,Mumbai,168,30.69,18.88,28.28
2024-08-08,Mumbai,168,27.71,9.39,23.35
2024-08-09,Mumbai,168,29.3,7.47,22.45
2024-08-10,Mumbai,168,25.76,50.72,28.94
2024-08-11,Mumbai,168,28.05,4.57,23.88
2024-08-12,Mumbai,168,29.36,40.44,28.47
2024-08-13,Mumbai,168,29.17,46.01,24.48
2024-08-14,Mumbai,168,31.19,7.14,22.03
2024-08-15,Mumbai,168,27.47,9.48,30.97
2024-08-16,Mumbai,168,28.32,19.51,31.2
2024-08-17,Mumbai,168,26.65,10.64,25.06
2024-08-18,Mumbai,168,26.98,12.03,24.61
2024-08-19,Mumbai,168,28.14,9.49,17.88
2024-08-20,Mumbai,168,26.13,7.07,15.09
2024-08-21,Mumbai,168,27.84,17.55,28.34
2024-08-22,Mumbai,168,26.47,3.44,26.18
2024-08-23,Mumbai,168,30.26,0.63,19.95
2024-08-24,Mumbai,168,27.64,0.0,24.81
2024-08-25,Mumbai,168,29.15,11.44,28.5
2024-08-26,Mumbai,168,24.43,21.82,31.75
2024-08-27,Mumbai,168,28.54,11.03,28.63
2024-08-28,Mumbai,168,29.11,10.23,25.59
2024-08-29,Mumbai,168,30.94,6.22,21.69
2024-08-30,Mumbai,168,28.17,49.62,24.0
2024-08-31,Mumbai,168,26.38,37.28,25.89
2024-09-01,Mumbai,168,26.28,5.73,22.05
2024-09-02,Mumbai,168,27.32,2.23,17.4
2024-09-03,Mumbai,168,26.1,5.85,14.35
2024-09-04,Mumbai,168,27.12,23.6,20.34
2024-09-05,Mumbai,168,28.58,8.33,14.77
2024-09-06,Mumbai,168,30.78,7.71,15.66
2024-09-07,Mumbai,168,29.06,0.0,14.36
2024-09-08,Mumbai,168,28.32,0.0,18.31
2024-09-09,Mumbai,168,31.99,33.61,18.21
2024-09-10,Mumbai,168,25.64,41.14,22.54
2024-09-11,Mumbai,168,28.61,12.01,18.83
2024-09-12,Mumbai,168,28.56,12.7,19.95
2024-09-13,Mumbai,168,28.51,2.85,19.12
2024-09-14,Mumbai,168,30.92,35.34,26.94
2024-09-15,Mumbai,168,29.89,8.55,23.11
2024-09-16,Mumbai,168,30.68,14.41,24.72
2024-09-17,Mumbai,168,30.02,4.17,19.52
2024-09-18,Mumbai,168,29.76,7.21,17.95
2024-09-19,Mumbai,168,31.7,4.18,12.15
2024-09-20,Mumbai,168,32.04,3.25,15.87
2024-09-21,Mumbai,168,29.87,21.06,19.09
2024-09-22,Mumbai,168,29.92,0.97,11.42
2024-09-23,Mumbai,168,26.85,4.67,12.41
2024-09-24,Mumbai,168,29.64,4.87,21.79
2024-09-25,Mumbai,168,28.48,5.58,17.43
2024-09-26,Mumbai,168,28.99,18.55,22.11
2024-09-27,Mumbai,168,30.98,2.79,17.71
2024-09-28,Mumbai,168,25.49,44.69,17.23
2024-09-29,Mumbai,168,26.69,3.95,11.15
2024-09-30,Mumbai,168,29.57,5.08,13.83
2024-10-01,Mumbai,168,29.59,0.0,8.82
2024-10-02,Mumbai,168,29.25,0.0,10.25
2024-10-03,Mumbai,168,30.17,0.0,11.77
2024-10-04,Mumbai,168,30.5,0.0,7.14
2024-10-05,Mumbai,168,28.84,0.0,12.81
2024-10-06,Mumbai,168,29.0,0.0,15.05
2024-10-07,Mumbai,168,30.36,0.0,6.5
2024-10-08,Mumbai,168,28.55,0.0,12.9
2024-10-09,Mumbai,168,30.24,0.0,5.76
2024-10-10,Mumbai,168,31.82,0.35,7.35
2024-10-11,Mumbai,168,31.17,0.0,11.27
2024-10-12,Mumbai,168,26.13,0.0,10.92
2024-10-13,Mumbai,168,30.39,0.0,14.66
2024-10-14,Mumbai,168,29.67,0.0,8.72
2024-10-15,Mumbai,168,33.07,7.63,15.9
2024-10-16,Mumbai,168,31.27,10.42,7.76
2024-10-17,Mumbai,168,28.54,0.0,10.42
2024-10-18,Mumbai,168,29.15,0.0,3.49
2024-10-19,Mumbai,168,26.81,0.0,6.91
2024-10-20,Mumbai,168,31.51,0.0,5.77
2024-10-21,Mumbai,168,31.3,0.0,8.08
2024-10-22,Mumbai,168,29.88,0.0,12.34
2024-10-23,Mumbai,168,30.37,0.0,7.87
2024-10-24,Mumbai,168,28.47,0.0,12.88
2024-10-25,Mumbai,168,30.34,0.0,8.79
2024-10-26,Mumbai,168,33.47,0.0,11.54
2024-10-27,Mumbai,168,33.13,0.0,4.36
2024-10-28,Mumbai,168,35.88,0.0,7.26
2024-10-29,Mumbai,168,31.35,0.0,8.3
2024-10-30,Mumbai,168,29.19,0.0,10.22
2024-10-31,Mumbai,168,29.94,0.0,15.18
2024-11-01,Mumbai,168,28.14,0.0,8.02
2024-11-02,Mumbai,168,25.15,0.0,5.55
2024-11-03,Mumbai,168,26.16,0.0,8.96
2024-11-04,Mumbai,168,29.81,0.0,4.14
2024-11-05,Mumbai,168,29.95,0.0,5.94
2024-11-06,Mumbai,168,31.7,0.0,6.04
2024-11-07,Mumbai,168,29.08,0.0,9.1
2024-11-08,Mumbai,168,29.08,0.0,12.14
2024-11-09,Mumbai,168,28.76,0.0,10.67
2024-11-10,Mumbai,168,31.45,0.0,10.67
2024-11-11,Mumbai,168,26.71,0.0,13.28
2024-11-12,Mumbai,168,29.62,0.0,8.27
2024-11-13,Mumbai,168,31.03,0.0,9.98
2024-11-14,Mumbai,168,25.4,0.0,12.02
2024-11-15,Mumbai,168,26.83,0.0,15.22
2024-11-16,Mumbai,168,29.08,0.0,7.49
2024-11-17,Mumbai,168,27.55,0.0,13.28
2024-11-18,Mumbai,168,27.07,0.0,12.91
2024-11-19,Mumbai,168,27.78,0.0,7.32
2024-11-20,Mumbai,168,28.34,0.0,6.88
2024-11-21,Mumbai,168,21.87,0.0,11.27
2024-11-22,Mumbai,168,27.7,0.0,10.38
2024-11-23,Mumbai,168,30.31,0.0,12.55
2024-11-24,Mumbai,168,29.34,0.0,7.49
2024-11-25,Mumbai,168,29.44,0.0,8.81
2024-11-26,Mumbai,168,31.26,0.0,8.53
2024-11-27,Mumbai,168,28.7,0.0,11.03
2024-11-28,Mumbai,168,28.42,0.0,10.82
2024-11-29,Mumbai,168,31.25,0.0,10.33
2024-11-30,Mumbai,168,27.66,0.0,9.95
2024-12-01,Mumbai,168,28.18,0.0,1.32
2024-12-02,Mumbai,168,30.94,0.61,8.99
2024-12-03,Mumbai,168,29.92,0.0,16.49
2024-12-04,Mumbai,168,29.81,0.0,12.51
2024-12-05,Mumbai,168,28.0,0.0,11.24
2024-12-06,Mumbai,168,27.19,0.0,14.26
2024-12-07,Mumbai,168,28.3,0.0,11.33
2024-12-08,Mumbai,168,27.4,0.0,7.99
2024-12-09,Mumbai,168,26.08,0.0,10.56
2024-12-10,Mumbai,168,27.72,0.0,8.46
2024-12-11,Mumbai,168,26.87,0.0,6.85
2024-12-12,Mumbai,168,25.71,0.0,4.97
2024-12-13,Mumbai,168,25.11,0.0,6.94
2024-12-14,Mumbai,168,22.29,0.0,7.83
2024-12-15,Mumbai,168,22.02,0.0,8.22
2024-12-16,Mumbai,168,27.55,0.0,4.32
2024-12-17,Mumbai,168,30.9,0.0,11.11
2024-12-18,Mumbai,168,25.59,0.0,11.0
2024-12-19,Mumbai,168,26.26,0.0,12.9
2024-12-20,Mumbai,168,22.79,0.0,9.58
2024-12-21,Mumbai,168,27.75,0.0,8.52
2024-12-22,Mumbai,168,27.77,0.0,3.4
2024-12-23,Mumbai,168,29.68,0.0,5.93
2024-12-24,Mumbai,168,28.23,0.0,0.93
2024-12-25,Mumbai,168,27.57,0.0,2.26
2024-12-26,Mumbai,168,23.92,0.0,5.04
2024-12-27,Mumbai,168,24.58,0.0,8.19
2024-12-28,Mumbai,168,24.09,0.0,6.59
2024-12-29,Mumbai,168,30.61,0.0,7.4
2024-12-30,Mumbai,168,27.81,0.0,6.31
2024-12-31,Mumbai,168,27.0,0.0,8.04
2025-01-01,Mumbai,168,23.55,0.0,9.64
2025-01-02,Mumbai,168,23.58,0.0,7.01
2025-01-03,Mumbai,168,24.33,0.0,8.46
2025-01-04,Mumbai,168,27.8,0.0,16.14
2025-01-05,Mumbai,168,27.33,0.0,9.21
2025-01-06,Mumbai,168,28.76,0.0,14.76
2025-01-07,Mumbai,168,26.69,0.0,8.25
2025-01-08,Mumbai,168,25.76,0.0,8.38
2025-01-09,Mumbai,168,24.09,0.0,9.98
2025-01-10,Mumbai,168,27.6,1.72,11.96
2025-01-11,Mumbai,168,27.24,0.0,4.52
2025-01-12,Mumbai,168,22.3,0.0,7.06
2025-01-13,Mumbai,168,18.22,0.0,9.42
2025-01-14,Mumbai,168,21.14,0.0,8.16
2025-01-15,Mumbai,168,20.79,0.0,15.74
2025-01-16,Mumbai,168,22.41,0.0,9.17
2025-01-17,Mumbai,168,27.61,0.0,8.39
2025-01-18,Mumbai,168,23.99,0.0,6.23
2025-01-19,Mumbai,168,22.69,0.0,6.52
2025-01-20,Mumbai,168,22.35,0.0,11.89
2025-01-21,Mumbai,168,24.87,0.0,7.37
2025-01-22,Mumbai,168,22.15,0.0,9.25
2025-01-23,Mumbai,168,24.18,0.0,2.92
2025-01-24,Mumbai,168,23.77,0.0,2.85
2025-01-25,Mumbai,168,24.02,0.0,5.03
2025-01-26,Mumbai,168,24.79,0.0,6.39
2025-01-27,Mumbai,168,25.05,0.0,10.03
2025-01-28,Mumbai,168,26.32,0.0,7.64
2025-01-29,Mumbai,168,22.35,0.0,11.02
2025-01-30,Mumbai,168,24.93,0.0,3.12
2025-01-31,Mumbai,168,23.68,0.0,9.0
2025-02-01,Mumbai,168,24.13,0.0,9.16
2025-02-02,Mumbai,168,22.17,0.0,10.64
2025-02-03,Mumbai,168,23.87,0.0,9.2
2025-02-04,Mumbai,168,23.57,0.0,8.18
2025-02-05,Mumbai,168,23.49,0.0,7.13
2025-02-06,Mumbai,168,25.75,0.0,8.49
2025-02-07,Mumbai,168,23.85,0.0,7.87
2025-02-08,Mumbai,168,27.34,0.0,13.09
2025-02-09,Mumbai,168,30.25,0.0,7.65
2025-02-10,Mumbai,168,25.78,0.0,10.66
2025-02-11,Mumbai,168,24.92,0.0,11.0
2025-02-12,Mumbai,168,24.64,0.0,7.31
2025-02-13,Mumbai,168,24.61,0.0,13.39
2025-02-14,Mumbai,168,27.48,0.0,12.73
2025-02-15,Mumbai,168,23.7,0.0,12.9
2025-02-16,Mumbai,168,27.46,0.0,4.35
2025-02-17,Mumbai,168,23.78,0.0,14.93
2025-02-18,Mumbai,168,26.55,0.0,10.85
2025-02-19,Mumbai,168,24.67,0.0,8.81
2025-02-20,Mumbai,168,28.53,0.0,8.64
2025-02-21,Mumbai,168,28.71,0.0,11.71
2025-02-22,Mumbai,168,30.05,0.0,6.67
2025-02-23,Mumbai,168,29.3,0.0,10.58
2025-02-24,Mumbai,168,25.42,0.0,13.25
2025-02-25,Mumbai,168,27.29,0.0,9.19
2025-02-26,Mumbai,168,24.92,0.0,5.24
2025-02-27,Mumbai,168,23.28,0.0,8.53
2025-02-28,Mumbai,168,24.13,0.0,7.72
2025-03-01,Mumbai,168,28.15,0.0,7.1
2025-03-02,Mumbai,168,25.32,0.0,10.1
2025-03-03,Mumbai,168,28.45,0.0,7.26
2025-03-04,Mumbai,168,26.25,0.0,5.47
2025-03-05,Mumbai,168,28.78,0.0,4.27
2025-03-06,Mumbai,168,25.43,0.0,11.85
2025-03-07,Mumbai,168,28.51,0.0,17.3
2025-03-08,Mumbai,168,29.55,0.0,7.32
2025-03-09,Mumbai,168,26.35,0.0,7.99
2025-03-10,Mumbai,168,25.07,0.0,9.56
2025-03-11,Mumbai,168,24.18,0.0,7.69
2025-03-12,Mumbai,168,24.18,0.0,8.87
2025-03-13,Mumbai,168,27.36,0.0,9.26
2025-03-14,Mumbai,168,27.87,0.0,12.87
2025-03-15,Mumbai,168,28.49,0.0,11.85
2025-03-16,Mumbai,168,26.79,0.0,7.09
2025-03-17,Mumbai,168,29.73,0.0,12.43
2025-03-18,Mumbai,168,26.06,0.0,12.32
2025-03-19,Mumbai,168,30.14,0.0,8.18
2025-03-20,Mumbai,168,32.49,0.0,14.47
2025-03-21,Mumbai,168,30.87,0.0,11.87
2025-03-22,Mumbai,168,31.25,0.0,9.53
2025-03-23,Mumbai,168,28.01,0.0,13.35
2025-03-24,Mumbai,168,24.43,0.0,7.61
2025-03-25,Mumbai,168,29.67,0.0,11.49
2025-03-26,Mumbai,168,29.55,0.0,7.84
2025-03-27,Mumbai,168,28.19,0.0,14.44
2025-03-28,Mumbai,168,26.82,0.0,2.52
2025-03-29,Mumbai,168,28.05,0.0,9.92
2025-03-30,Mumbai,168,28.17,0.0,10.87
2025-03-31,Mumbai,168,27.08,0.0,8.03
2025-04-01,Mumbai,168,29.29,0.0,12.04
2025-04-02,Mumbai,168,27.23,0.0,12.26
2025-04-03,Mumbai,168,29.18,0.0,14.65
2025-04-04,Mumbai,168,31.0,0.0,11.64
2025-04-05,Mumbai,168,30.99,0.0,9.32
2025-04-06,Mumbai,168,28.86,0.0,8.14
2025-04-07,Mumbai,168,32.33,0.0,10.54
2025-04-08,Mumbai,168,29.73,0.0,16.37
2025-04-09,Mumbai,168,31.49,0.0,8.04
2025-04-10,Mumbai,168,31.87,0.0,10.69
2025-04-11,Mumbai,168,33.87,0.0,8.15
2025-04-12,Mumbai,168,33.21,0.0,16.67
2025-04-13,Mumbai,168,28.21,0.0,14.92
2025-04-14,Mumbai,168,33.91,0.0,11.07
2025-04-15,Mumbai,168,33.51,0.0,12.05
2025-04-16,Mumbai,168,34.66,0.0,7.31
2025-04-17,Mumbai,168,33.93,0.0,10.92
2025-04-18,Mumbai,168,29.84,0.0,13.48
2025-04-19,Mumbai,168,32.69,0.0,10.01
2025-04-20,Mumbai,168,32.16,0.0,16.83
2025-04-21,Mumbai,168,31.86,0.0,12.83
2025-04-22,Mumbai,168,30.51,0.0,12.26
2025-04-23,Mumbai,168,31.98,0.0,13.56
2025-04-24,Mumbai,168,31.98,0.0,19.37
2025-04-25,Mumbai,168,29.45,0.0,17.88
2025-04-26,Mumbai,168,31.23,0.0,12.71
2025-04-27,Mumbai,168,33.6,0.0,10.11
2025-04-28,Mumbai,168,32.91,0.0,16.36
2025-04-29,Mumbai,168,31.02,0.0,17.34
2025-04-30,Mumbai,168,35.82,0.0,15.52
2025-05-01,Mumbai,168,36.38,0.0,17.26
2025-05-02,Mumbai,168,35.11,0.0,18.66
2025-05-03,Mumbai,168,33.2,0.0,22.74
2025-05-04,Mumbai,168,33.16,0.0,17.34
2025-05-05,Mumbai,168,34.8,0.0,15.33
2025-05-06,Mumbai,168,31.91,0.0,16.51
2025-05-07,Mumbai,168,31.07,0.0,14.93
2025-05-08,Mumbai,168,32.5,0.0,15.2
2025-05-09,Mumbai,168,26.89,0.0,15.29
2025-05-10,Mumbai,168,26.86,0.0,13.46
2025-05-11,Mumbai,168,29.9,0.0,10.26
2025-05-12,Mumbai,168,30.62,0.0,12.76
2025-05-13,Mumbai,168,33.7,0.0,10.26
2025-05-14,Mumbai,168,31.55,0.0,19.18
2025-05-15,Mumbai,168,33.79,0.0,17.93
2025-05-16,Mumbai,168,30.21,0.0,16.16
2025-05-17,Mumbai,168,28.16,0.0,15.54
2025-05-18,Mumbai,168,30.68,0.0,17.16
2025-05-19,Mumbai,168,31.45,0.0,14.06
2025-05-20,Mumbai,168,29.98,0.0,15.29
2025-05-21,Mumbai,168,30.67,0.0,16.31
2025-05-22,Mumbai,168,32.7,0.0,14.5
2025-05-23,Mumbai,168,30.68,0.0,18.94
2025-05-24,Mumbai,168,30.66,0.0,16.87
2025-05-25,Mumbai,168,31.5,0.0,14.42
2025-05-26,Mumbai,168,31.17,0.0,15.05
2025-05-27,Mumbai,168,34.21,0.0,10.78
2025-05-28,Mumbai,168,32.83,0.0,10.73
2025-05-29,Mumbai,168,37.09,0.0,16.04
2025-05-30,Mumbai,168,37.77,0.0,12.94
2025-05-31,Mumbai,168,35.33,0.0,11.98
2025-06-01,Mumbai,168,31.9,0.0,25.76
2025-06-02,Mumbai,168,30.77,8.69,19.85
2025-06-03,Mumbai,168,31.45,4.55,20.8
2025-06-04,Mumbai,168,30.83,0.0,20.51
2025-06-05,Mumbai,168,28.8,29.53,17.83
2025-06-06,Mumbai,168,29.8,16.03,26.23
2025-06-07,Mumbai,168,28.47,0.0,22.78
2025-06-08,Mumbai,168,27.68,1.3,28.05
2025-06-09,Mumbai,168,32.36,0.0,22.63
2025-06-10,Mumbai,168,29.82,22.5,19.44
2025-06-11,Mumbai,168,33.18,5.98,20.94
2025-06-12,Mumbai,168,30.6,5.98,23.16
2025-06-13,Mumbai,168,30.02,0.0,23.67
2025-06-14,Mumbai,168,33.03,24.53,23.23
2025-06-15,Mumbai,168,30.77,18.64,28.79
2025-06-16,Mumbai,168,30.14,0.0,24.12
2025-06-17,Mumbai,168,32.18,18.96,21.1
2025-06-18,Mumbai,168,32.54,0.0,26.72
2025-06-19,Mumbai,168,31.19,7.11,26.28
2025-06-20,Mumbai,168,33.43,64.87,34.95
2025-06-21,Mumbai,168,36.17,18.91,32.49
2025-06-22,Mumbai,168,31.98,1.82,25.32
2025-06-23,Mumbai,168,29.37,38.72,26.44
2025-06-24,Mumbai,168,32.37,1.28,21.86
2025-06-25,Mumbai,168,28.25,0.0,23.59
2025-06-26,Mumbai,168,26.96,0.0,15.54
2025-06-27,Mumbai,168,26.48,0.0,22.41
2025-06-28,Mumbai,168,25.97,15.11,27.6
2025-06-29,Mumbai,168,26.46,0.0,26.05
2025-06-30,Mumbai,168,28.23,0.0,23.89
2025-07-01,Mumbai,168,24.56,55.08,36.73
2025-07-02,Mumbai,168,23.99,25.18,23.07
2025-07-03,Mumbai,168,24.7,32.65,31.9
2025-07-04,Mumbai,168,28.96,26.37,31.26
2025-07-05,Mumbai,168,27.28,32.75,41.26
2025-07-06,Mumbai,168,28.54,121.64,33.5
2025-07-07,Mumbai,168,24.64,22.71,24.83
2025-07-08,Mumbai,168,27.09,0.0,23.91
2025-07-09,Mumbai,168,29.72,0.0,23.07
2025-07-10,Mumbai,168,30.06,0.0,18.83
2025-07-11,Mumbai,168,28.78,0.0,24.69
2025-07-12,Mumbai,168,30.46,3.9,20.68
2025-07-13,Mumbai,168,30.74,3.2,22.01
2025-07-14,Mumbai,168,25.41,85.0,31.83
2025-07-15,Mumbai,168,27.8,23.28,25.39
2025-07-16,Mumbai,168,28.26,23.94,27.07
2025-07-17,Mumbai,168,27.04,10.94,24.23
2025-07-18,Mumbai,168,29.38,24.75,29.84
2025-07-19,Mumbai,168,24.93,41.85,26.83
2025-07-20,Mumbai,168,24.89,0.0,27.64
2025-07-21,Mumbai,168,25.94,16.25,30.52
2025-07-22,Mumbai,168,25.58,0.44,22.65
2025-07-23,Mumbai,168,25.6,0.22,32.57
2025-07-24,Mumbai,168,28.12,15.41,20.63
2025-07-25,Mumbai,168,26.86,82.16,32.94
2025-07-26,Mumbai,168,24.55,51.38,42.78
2025-07-27,Mumbai,168,26.03,25.62,29.29
2025-07-28,Mumbai,168,31.93,0.38,23.26
2025-07-29,Mumbai,168,29.24,2.85,28.61
2025-07-30,Mumbai,168,31.1,8.03,30.8
2025-07-31,Mumbai,168,31.93,107.52,31.5
2025-08-01,Mumbai,168,32.13,15.92,25.28
2025-08-02,Mumbai,168,28.78,1.48,18.71
2025-08-03,Mumbai,168,28.28,22.28,26.76
2025-08-04,Mumbai,168,26.66,0.0,19.58
2025-08-05,Mumbai,168,29.42,0.0,20.63
2025-08-06,Mumbai,168,28.68,0.0,21.29
2025-08-07,Mumbai,168,27.74,0.0,14.51
2025-08-08,Mumbai,168,28.15,0.0,21.55
2025-08-09,Mumbai,168,26.23,27.89,22.33
2025-08-10,Mumbai,168,24.26,53.15,23.59
2025-08-11,Mumbai,168,25.87,6.01,22.98
2025-08-12,Mumbai,168,21.92,0.71,21.53
2025-08-13,Mumbai,168,23.01,25.89,23.83
2025-08-14,Mumbai,168,24.51,0.0,20.84
2025-08-15,Mumbai,168,27.26,0.0,18.71
2025-08-16,Mumbai,168,28.16,2.27,17.42
2025-08-17,Mumbai,168,28.22,38.5,24.34
2025-08-18,Mumbai,168,26.98,7.83,18.9
2025-08-19,Mumbai,168,25.75,44.05,23.27
2025-08-20,Mumbai,168,26.68,2.94,19.5
2025-08-21,Mumbai,168,26.83,0.0,19.03
2025-08-22,Mumbai,168,25.42,0.0,20.01
2025-08-23,Mumbai,168,21.23,0.0,21.01
2025-08-24,Mumbai,168,26.51,0.0,24.27
2025-08-25,Mumbai,168,28.73,0.0,21.08
2025-08-26,Mumbai,168,26.22,21.69,23.63
2025-08-27,Mumbai,168,28.92,23.73,27.24
2025-08-28,Mumbai,168,27.44,7.97,27.11
2025-08-29,Mumbai,168,25.23,3.52,17.05
2025-08-30,Mumbai,168,25.07,1.97,16.98
2025-08-31,Mumbai,168,23.47,1.0,20.23
2025-09-01,Mumbai,168,27.06,4.78,9.93
2025-09-02,Mumbai,168,27.61,0.84,13.97
2025-09-03,Mumbai,168,29.19,80.09,21.29
2025-09-04,Mumbai,168,27.13,13.03,21.63
2025-09-05,Mumbai,168,29.25,2.07,20.2
2025-09-06,Mumbai,168,26.15,2.91,16.17
2025-09-07,Mumbai,168,28.18,16.68,17.73
2025-09-08,Mumbai,168,32.73,0.0,14.08
2025-09-09,Mumbai,168,31.27,0.0,9.0
2025-09-10,Mumbai,168,29.34,0.0,10.73
2025-09-11,Mumbai,168,29.22,13.09,17.74
2025-09-12,Mumbai,168,29.92,30.11,18.29
2025-09-13,Mumbai,168,30.11,22.85,14.93
2025-09-14,Mumbai,168,30.26,12.34,19.85
2025-09-15,Mumbai,168,30.46,5.99,11.75
2025-09-16,Mumbai,168,29.83,0.97,14.34
2025-09-17,Mumbai,168,31.7,10.99,14.23
2025-09-18,Mumbai,168,30.85,20.26,15.6
2025-09-19,Mumbai,168,27.17,9.83,15.7
2025-09-20,Mumbai,168,27.7,1.17,19.39
2025-09-21,Mumbai,168,28.84,1.08,15.66
2025-09-22,Mumbai,168,28.95,39.6,22.76
2025-09-23,Mumbai,168,28.71,2.57,14.02
2025-09-24,Mumbai,168,31.73,5.83,19.47
2025-09-25,Mumbai,168,32.18,0.78,19.6
2025-09-26,Mumbai,168,33.21,8.58,21.9
2025-09-27,Mumbai,168,30.25,9.6,18.92
2025-09-28,Mumbai,168,29.98,8.17,15.69
2025-09-29,Mumbai,168,30.76,20.18,15.68
2025-09-30,Mumbai,168,27.03,0.99,17.1
2023-01-01,Delhi,24,13.78,0.0,5.75
2023-01-02,Delhi,24,12.88,0.0,9.68
2023-01-03,Delhi,24,13.05,10.08,7.86
2023-01-04,Delhi,24,15.8,0.0,6.71
2023-01-05,Delhi,24,12.86,0.0,3.81
2023-01-06,Delhi,24,12.48,0.0,4.37
2023-01-07,Delhi,24,11.52,0.0,2.27
2023-01-08,Delhi,24,13.14,0.0,7.95
2023-01-09,Delhi,24,14.85,0.0,9.04
2023-01-10,Delhi,24,13.45,0.0,7.78
2023-01-11,Delhi,24,13.45,0.0,7.18
2023-01-12,Delhi,24,12.35,0.0,9.69
2023-01-13,Delhi,24,14.5,0.0,8.6
2023-01-14,Delhi,24,13.49,0.0,7.42
2023-01-15,Delhi,24,14.72,0.0,9.69
2023-01-16,Delhi,24,13.98,0.0,8.18
2023-01-17,Delhi,24,14.85,0.0,8.04
2023-01-18,Delhi,24,10.8,19.35,9.84
2023-01-19,Delhi,24,12.97,8.08,10.31
2023-01-20,Delhi,24,14.71,0.0,6.37
2023-01-21,Delhi,24,15.19,0.0,7.02
2023-01-22,Delhi,24,16.54,0.0,10.36
2023-01-23,Delhi,24,15.17,0.0,11.2
2023-01-24,Delhi,24,12.86,0.0,9.45
2023-01-25,Delhi,24,13.16,0.0,10.69
2023-01-26,Delhi,24,10.84,0.0,9.52
2023-01-27,Delhi,24,12.05,0.0,7.24
2023-01-28,Delhi,24,14.39,0.0,7.52
2023-01-29,Delhi,24,15.05,0.0,7.47
2023-01-30,Delhi,24,12.72,0.0,5.6
2023-01-31,Delhi,24,14.81,0.0,6.7
2023-02-01,Delhi,24,17.88,0.0,7.43
2023-02-02,Delhi,24,18.29,0.0,7.61
2023-02-03,Delhi,24,16.09,0.0,9.83
2023-02-04,Delhi,24,16.81,0.0,6.62
2023-02-05,Delhi,24,16.01,0.0,4.78
2023-02-06,Delhi,24,17.6,0.0,7.81
2023-02-07,Delhi,24,18.34,0.0,9.04
2023-02-08,Delhi,24,17.29,0.0,7.78
2023-02-09,Delhi,24,19.03,0.0,8.63
2023-02-10,Delhi,24,15.57,0.0,7.32
2023-02-11,Delhi,24,16.22,0.0,9.18
2023-02-12,Delhi,24,16.42,0.0,8.46
2023-02-13,Delhi,24,17.11,0.0,7.73
2023-02-14,Delhi,24,15.59,0.0,4.97
2023-02-15,Delhi,24,15.9,0.0,9.2
2023-02-16,Delhi,24,14.55,0.0,7.65
2023-02-17,Delhi,24,14.61,0.0,5.02
2023-02-18,Delhi,24,15.7,0.0,10.63
2023-02-19,Delhi,24,18.74,20.72,13.2
2023-02-20,Delhi,24,20.52,0.0,9.59
2023-02-21,Delhi,24,18.54,0.0,9.68
2023-02-22,Delhi,24,17.95,0.0,10.18
2023-02-23,Delhi,24,17.08,0.0,6.04
2023-02-24,Delhi,24,16.46,0.0,3.2
2023-02-25,Delhi,24,16.39,0.0,7.69
2023-02-26,Delhi,24,17.11,0.0,9.02
2023-02-27,Delhi,24,15.61,11.55,6.27
2023-02-28,Delhi,24,15.89,0.0,6.67
2023-03-01,Delhi,24,22.32,0.0,6.65
2023-03-02,Delhi,24,24.85,0.0,5.13
2023-03-03,Delhi,24,23.53,0.0,8.66
2023-03-04,Delhi,24,22.69,0.0,9.92
2023-03-05,Delhi,24,22.02,0.0,10.9
2023-03-06,Delhi,24,23.84,0.0,10.7
2023-03-07,Delhi,24,22.25,0.0,7.44
2023-03-08,Delhi,24,21.54,0.0,7.65
2023-03-09,Delhi,24,21.5,0.0,11.08
2023-03-10,Delhi,24,23.19,0.0,10.2
2023-03-11,Delhi,24,26.41,0.0,9.57
2023-03-12,Delhi,24,23.34,0.0,8.34
2023-03-13,Delhi,24,22.9,0.0,11.2
2023-03-14,Delhi,24,23.69,0.0,9.58
2023-03-15,Delhi,24,22.41,0.0,8.72
2023-03-16,Delhi,24,24.29,0.0,7.07
2023-03-17,Delhi,24,23.52,2.36,8.44
2023-03-18,Delhi,24,22.34,13.35,11.82
2023-03-19,Delhi,24,23.52,0.0,12.66
2023-03-20,Delhi,24,25.03,0.0,12.51
2023-03-21,Delhi,24,24.66,0.0,10.36
2023-03-22,Delhi,24,23.81,0.0,9.5
2023-03-23,Delhi,24,25.98,0.0,8.96
2023-03-24,Delhi,24,23.51,0.0,9.62
2023-03-25,Delhi,24,24.77,0.0,10.56
2023-03-26,Delhi,24,24.13,0.0,10.12
2023-03-27,Delhi,24,22.93,0.0,10.0
2023-03-28,Delhi,24,25.04,0.0,10.53
2023-03-29,Delhi,24,23.75,0.0,10.7
2023-03-30,Delhi,24,23.62,20.6,17.05
2023-03-31,Delhi,24,26.28,0.0,11.01
2023-04-01,Delhi,24,30.01,0.0,10.54
2023-04-02,Delhi,24,29.58,0.0,10.77
2023-04-03,Delhi,24,28.73,0.0,9.52
2023-04-04,Delhi,24,28.38,0.0,7.59
2023-04-05,Delhi,24,30.02,0.0,4.66
2023-04-06,Delhi,24,29.42,0.0,7.71
2023-04-07,Delhi,24,28.8,0.0,10.53
2023-04-08,Delhi,24,28.83,0.0,11.37
2023-04-09,Delhi,24,29.61,0.0,8.32
2023-04-10,Delhi,24,29.16,0.0,7.18
2023-04-11,Delhi,24,28.57,0.0,4.57
2023-04-12,Delhi,24,29.03,0.0,6.04
2023-04-13,Delhi,24,30.81,0.0,7.26
2023-04-14,Delhi,24,30.2,0.0,5.73
2023-04-15,Delhi,24,28.09,0.0,6.22
2023-04-16,Delhi,24,29.66,0.0,8.59
2023-04-17,Delhi,24,29.02,0.0,10.63
2023-04-18,Delhi,24,31.5,0.0,9.38
2023-04-19,Delhi,24,32.04,0.0,8.83
2023-04-20,Delhi,24,31.88,0.0,10.06
2023-04-21,Delhi,24,30.02,0.0,12.64
2023-04-22,Delhi,24,29.45,0.0,12.24
2023-04-23,Delhi,24,30.12,0.0,10.59
2023-04-24,Delhi,24,30.62,0.0,12.32
2023-04-25,Delhi,24,29.45,0.0,13.42
2023-04-26,Delhi,24,28.61,0.0,9.64
2023-04-27,Delhi,24,29.9,0.0,10.19
2023-04-28,Delhi,24,30.62,0.0,10.48
2023-04-29,Delhi,24,30.3,0.0,11.13
2023-04-30,Delhi,24,31.26,0.0,11.18
2023-05-01,Delhi,24,36.8,0.0,14.37
2023-05-02,Delhi,24,35.33,0.0,11.42
2023-05-03,Delhi,24,33.73,0.0,11.52
2023-05-04,Delhi,24,34.74,0.0,15.57
2023-05-05,Delhi,24,34.3,0.0,10.25
2023-05-06,Delhi,24,33.67,0.0,10.85
2023-05-07,Delhi,24,31.74,0.0,11.1
2023-05-08,Delhi,24,33.52,0.0,12.08
2023-05-09,Delhi,24,31.62,0.0,13.77
2023-05-10,Delhi,24,32.93,0.0,12.73
2023-05-11,Delhi,24,34.14,0.0,11.35
2023-05-12,Delhi,24,36.04,0.0,12.06
2023-05-13,Delhi,24,34.87,0.0,17.2
2023-05-14,Delhi,24,35.57,0.0,12.63
2023-05-15,Delhi,24,37.09,20.64,19.39
2023-05-16,Delhi,24,34.4,0.0,11.41
2023-05-17,Delhi,24,33.17,0.0,14.36
2023-05-18,Delhi,24,34.59,0.0,13.05
2023-05-19,Delhi,24,32.99,0.0,11.92
2023-05-20,Delhi,24,34.15,0.0,10.79
2023-05-21,Delhi,24,34.04,0.0,11.48
2023-05-22,Delhi,24,34.87,0.0,9.84
2023-05-23,Delhi,24,35.44,0.0,8.61
2023-05-24,Delhi,24,36.64,0.0,12.06
2023-05-25,Delhi,24,35.12,0.0,13.25
2023-05-26,Delhi,24,32.77,0.0,14.25
2023-05-27,Delhi,24,35.83,0.0,11.89
2023-05-28,Delhi,24,34.16,0.0,9.91
2023-05-29,Delhi,24,32.61,0.0,12.97
2023-05-30,Delhi,24,31.98,0.0,10.79
2023-05-31,Delhi,24,33.56,0.0,9.2
2023-06-01,Delhi,24,33.79,0.0,13.23
2023-06-02,Delhi,24,33.7,0.0,14.0
2023-06-03,Delhi,24,31.93,0.0,12.25
2023-06-04,Delhi,24,32.23,0.0,13.37
2023-06-05,Delhi,24,35.82,0.0,15.94
2023-06-06,Delhi,24,35.81,0.0,16.09
2023-06-07,Delhi,24,35.78,0.0,15.72
2023-06-08,Delhi,24,35.78,0.0,10.83
2023-06-09,Delhi,24,37.83,0.0,11.11
2023-06-10,Delhi,24,37.21,0.0,9.8
2023-06-11,Delhi,24,36.61,0.0,9.26
2023-06-12,Delhi,24,34.99,0.0,5.23
2023-06-13,Delhi,24,34.2,0.0,10.45
2023-06-14,Delhi,24,34.92,4.71,13.38
2023-06-15,Delhi,24,35.27,4.39,12.06
2023-06-16,Delhi,24,37.48,0.0,11.29
2023-06-17,Delhi,24,36.26,0.0,9.87
2023-06-18,Delhi,24,35.65,0.0,11.93
2023-06-19,Delhi,24,35.05,0.0,12.99
2023-06-20,Delhi,24,32.96,0.0,15.2
2023-06-21,Delhi,24,35.32,0.0,14.41
2023-06-22,Delhi,24,35.52,0.0,12.84
2023-06-23,Delhi,24,36.07,38.49,19.56
2023-06-24,Delhi,24,34.04,1.55,11.48
2023-06-25,Delhi,24,33.41,0.0,11.85
2023-06-26,Delhi,24,32.12,1.87,13.62
2023-06-27,Delhi,24,31.76,0.0,15.83
2023-06-28,Delhi,24,33.52,0.0,14.83
2023-06-29,Delhi,24,33.23,0.0,18.66
2023-06-30,Delhi,24,32.45,0.0,12.26
2023-07-01,Delhi,24,30.06,9.19,13.0
2023-07-02,Delhi,24,29.13,6.84,10.42
2023-07-03,Delhi,24,30.15,0.0,12.69
2023-07-04,Delhi,24,30.34,18.47,12.07
2023-07-05,Delhi,24,29.17,0.2,13.64
2023-07-06,Delhi,24,32.08,0.0,12.53
2023-07-07,Delhi,24,32.66,2.55,13.25
2023-07-08,Delhi,24,31.96,15.68,17.2
2023-07-09,Delhi,24,30.83,22.59,17.4
2023-07-10,Delhi,24,33.06,25.72,19.62
2023-07-11,Delhi,24,31.87,2.91,12.54
2023-07-12,Delhi,24,31.97,14.96,10.99
2023-07-13,Delhi,24,29.62,6.1,12.14
2023-07-14,Delhi,24,29.72,26.84,18.86
2023-07-15,Delhi,24,30.01,7.08,10.58
2023-07-16,Delhi,24,31.2,1.12,12.0
2023-07-17,Delhi,24,31.26,24.33,11.75
2023-07-18,Delhi,24,32.19,15.2,10.56
2023-07-19,Delhi,24,32.67,5.86,8.69
2023-07-20,Delhi,24,32.66,21.84,11.87
2023-07-21,Delhi,24,31.78,4.16,8.8
2023-07-22,Delhi,24,31.74,0.0,8.32
2023-07-23,Delhi,24,33.45,0.0,9.25
2023-07-24,Delhi,24,31.91,0.0,9.68
2023-07-25,Delhi,24,31.1,0.0,6.93
2023-07-26,Delhi,24,33.7,0.0,9.8
2023-07-27,Delhi,24,31.41,0.0,8.43
2023-07-28,Delhi,24,32.38,0.0,9.56
2023-07-29,Delhi,24,32.53,0.0,8.39
2023-07-30,Delhi,24,32.47,3.83,15.2
2023-07-31,Delhi,24,31.14,9.13,16.17
2023-08-01,Delhi,24,28.99,15.35,16.41
2023-08-02,Delhi,24,30.65,42.2,19.62
2023-08-03,Delhi,24,29.7,5.57,14.22
2023-08-04,Delhi,24,30.32,2.25,9.63
2023-08-05,Delhi,24,30.87,4.22,10.84
2023-08-06,Delhi,24,32.14,0.75,7.25
2023-08-07,Delhi,24,32.17,2.45,14.55
2023-08-08,Delhi,24,31.51,13.8,13.79
2023-08-09,Delhi,24,31.94,4.94,12.29
2023-08-10,Delhi,24,31.43,11.24,11.56
2023-08-11,Delhi,24,31.27,9.96,13.32
2023-08-12,Delhi,24,33.47,5.02,12.19
2023-08-13,Delhi,24,33.47,1.0,12.15
2023-08-14,Delhi,24,31.28,11.56,15.9
2023-08-15,Delhi,24,32.92,8.39,14.26
2023-08-16,Delhi,24,29.87,6.63,11.76
2023-08-17,Delhi,24,30.85,4.22,10.98
2023-08-18,Delhi,24,32.46,6.25,11.7
2023-08-19,Delhi,24,32.6,13.8,14.35
2023-08-20,Delhi,24,29.54,9.79,13.73
2023-08-21,Delhi,24,28.51,7.18,11.93
2023-08-22,Delhi,24,27.9,0.65,5.86
2023-08-23,Delhi,24,28.15,22.34,12.41
2023-08-24,Delhi,24,31.53,0.0,3.89
2023-08-25,Delhi,24,29.29,0.0,7.34
2023-08-26,Delhi,24,29.74,0.0,10.52
2023-08-27,Delhi,24,28.95,7.46,11.08
2023-08-28,Delhi,24,28.97,1.92,10.9
2023-08-29,Delhi,24,28.05,11.02,14.27
2023-08-30,Delhi,24,28.63,4.7,12.72
2023-08-31,Delhi,24,24.65,14.04,14.44
2023-09-01,Delhi,24,25.07,8.73,14.41
2023-09-02,Delhi,24,25.4,6.55,10.65
2023-09-03,Delhi,24,28.04,16.62,13.0
2023-09-04,Delhi,24,26.68,0.0,8.86
2023-09-05,Delhi,24,27.63,0.0,7.56
2023-09-06,Delhi,24,29.38,0.0,6.11
2023-09-07,Delhi,24,30.38,0.0,5.78
2023-09-08,Delhi,24,30.45,0.0,7.13
2023-09-09,Delhi,24,33.16,2.51,7.05
2023-09-10,Delhi,24,32.55,9.09,6.96
2023-09-11,Delhi,24,31.01,5.56,13.61
2023-09-12,Delhi,24,30.95,15.32,9.71
2023-09-13,Delhi,24,30.56,0.0,2.81
2023-09-14,Delhi,24,29.16,0.0,6.95
2023-09-15,Delhi,24,31.69,0.0,2.42
2023-09-16,Delhi,24,31.38,0.0,3.92
2023-09-17,Delhi,24,29.31,0.0,6.7
2023-09-18,Delhi,24,27.87,0.0,5.07
2023-09-19,Delhi,24,29.44,0.0,4.41
2023-09-20,Delhi,24,31.39,2.48,7.18
2023-09-21,Delhi,24,28.94,0.0,7.17
2023-09-22,Delhi,24,27.7,0.0,6.44
2023-09-23,Delhi,24,30.85,0.0,4.38
2023-09-24,Delhi,24,30.0,0.0,6.63
2023-09-25,Delhi,24,28.96,0.0,8.31
2023-09-26,Delhi,24,30.89,6.34,8.41
2023-09-27,Delhi,24,29.62,0.0,9.49
2023-09-28,Delhi,24,30.6,0.0,7.64
2023-09-29,Delhi,24,29.84,4.97,6.65
2023-09-30,Delhi,24,31.04,5.8,7.05
2023-10-01,Delhi,24,26.12,0.0,7.83
2023-10-02,Delhi,24,27.03,0.0,6.38
2023-10-03,Delhi,24,26.14,0.0,8.01
2023-10-04,Delhi,24,26.47,0.0,7.5
2023-10-05,Delhi,24,24.59,0.0,4.85
2023-10-06,Delhi,24,23.58,0.0,0.69
2023-10-07,Delhi,24,22.44,0.0,2.26
2023-10-08,Delhi,24,24.6,0.0,2.36
2023-10-09,Delhi,24,26.35,0.0,3.46
2023-10-10,Delhi,24,27.91,0.0,4.17
2023-10-11,Delhi,24,28.41,145.94,22.27
2023-10-12,Delhi,24,25.45,0.0,3.57
2023-10-13,Delhi,24,24.45,0.0,7.0
2023-10-14,Delhi,24,25.54,0.0,7.38
2023-10-15,Delhi,24,25.87,0.0,7.75
2023-10-16,Delhi,24,23.49,0.0,5.29
2023-10-17,Delhi,24,23.76,0.0,7.76
2023-10-18,Delhi,24,23.25,0.0,5.44
2023-10-19,Delhi,24,22.94,0.0,6.81
2023-10-20,Delhi,24,22.37,0.0,8.29
2023-10-21,Delhi,24,20.6,0.0,8.65
2023-10-22,Delhi,24,18.89,0.0,7.7
2023-10-23,Delhi,24,19.92,0.0,5.18
2023-10-24,Delhi,24,21.65,0.0,9.38
2023-10-25,Delhi,24,22.26,0.0,5.25
2023-10-26,Delhi,24,22.52,0.0,5.34
2023-10-27,Delhi,24,22.04,0.0,9.91
2023-10-28,Delhi,24,21.26,0.0,2.88
2023-10-29,Delhi,24,25.77,0.0,6.61
2023-10-30,Delhi,24,25.32,0.0,6.53
2023-10-31,Delhi,24,26.0,0.0,4.2
2023-11-01,Delhi,24,22.37,0.0,4.44
2023-11-02,Delhi,24,21.25,0.0,5.1
2023-11-03,Delhi,24,19.09,0.0,4.77
2023-11-04,Delhi,24,20.05,0.0,4.59
2023-11-05,Delhi,24,19.09,0.0,4.33
2023-11-06,Delhi,24,17.01,0.0,6.8
2023-11-07,Delhi,24,15.52,0.0,5.22
2023-11-08,Delhi,24,16.92,0.0,1.75
2023-11-09,Delhi,24,17.3,0.0,3.85
2023-11-10,Delhi,24,16.78,0.0,1.82
2023-11-11,Delhi,24,17.03,0.0,4.5
2023-11-12,Delhi,24,18.55,0.0,4.54
2023-11-13,Delhi,24,19.3,0.0,2.82
2023-11-14,Delhi,24,18.13,0.0,5.45
2023-11-15,Delhi,24,18.3,0.0,5.09
2023-11-16,Delhi,24,19.0,0.0,2.49
2023-11-17,Delhi,24,17.4,0.0,1.2
2023-11-18,Delhi,24,17.01,0.0,4.32
2023-11-19,Delhi,24,16.83,0.0,3.56
2023-11-20,Delhi,24,18.03,0.0,2.8
2023-11-21,Delhi,24,19.26,0.0,6.98
2023-11-22,Delhi,24,18.19,0.0,9.86
2023-11-23,Delhi,24,18.34,0.0,9.84
2023-11-24,Delhi,24,17.36,0.0,11.58
2023-11-25,Delhi,24,19.67,0.0,11.13
2023-11-26,Delhi,24,17.39,0.0,11.35
2023-11-27,Delhi,24,17.77,0.0,6.96
2023-11-28,Delhi,24,18.26,0.0,10.13
2023-11-29,Delhi,24,18.82,0.0,9.88
2023-11-30,Delhi,24,19.05,0.0,9.08
2023-12-01,Delhi,24,18.43,0.0,7.61
2023-12-02,Delhi,24,17.82,0.0,7.01
2023-12-03,Delhi,24,17.46,0.0,7.47
2023-12-04,Delhi,24,15.47,0.0,4.02
2023-12-05,Delhi,24,14.92,0.0,3.86
2023-12-06,Delhi,24,13.37,0.0,6.27
2023-12-07,Delhi,24,13.39,0.0,9.18
2023-12-08,Delhi,24,14.07,0.0,6.51
2023-12-09,Delhi,24,13.96,0.0,5.67
2023-12-10,Delhi,24,12.0,0.0,2.95
2023-12-11,Delhi,24,11.43,0.0,5.25
2023-12-12,Delhi,24,12.75,0.0,5.45
2023-12-13,Delhi,24,13.13,0.0,9.66
2023-12-14,Delhi,24,13.81,0.0,5.4
2023-12-15,Delhi,24,11.83,0.0,4.16
2023-12-16,Delhi,24,12.82,0.0,5.38
2023-12-17,Delhi,24,13.73,11.06,9.45
2023-12-18,Delhi,24,16.79,0.0,9.39
2023-12-19,Delhi,24,15.9,0.0,7.01
2023-12-20,Delhi,24,17.29,0.0,3.55
2023-12-21,Delhi,24,17.32,0.0,6.33
2023-12-22,Delhi,24,14.43,0.0,6.11
2023-12-23,Delhi,24,15.11,0.0,5.19
2023-12-24,Delhi,24,15.03,0.0,3.9
2023-12-25,Delhi,24,15.16,0.0,5.27
2023-12-26,Delhi,24,15.87,0.0,7.16
2023-12-27,Delhi,24,15.27,0.0,4.09
2023-12-28,Delhi,24,16.16,0.0,4.13
2023-12-29,Delhi,24,15.48,1.36,7.05
2023-12-30,Delhi,24,16.24,0.0,6.52
2023-12-31,Delhi,24,14.86,0.0,7.23
2024-01-01,Delhi,24,15.41,0.0,7.26
2024-01-02,Delhi,24,13.6,0.0,4.75
2024-01-03,Delhi,24,12.82,0.0,7.77
2024-01-04,Delhi,24,11.96,0.0,6.8
2024-01-05,Delhi,24,13.33,0.0,5.01
2024-01-06,Delhi,24,12.53,0.0,11.79
2024-01-07,Delhi,24,10.83,0.0,9.39
2024-01-08,Delhi,24,11.68,0.0,6.89
2024-01-09,Delhi,24,12.6,0.0,6.67
2024-01-10,Delhi,24,12.01,0.0,5.84
2024-01-11,Delhi,24,11.93,0.0,6.83
2024-01-12,Delhi,24,12.35,0.0,9.0
2024-01-13,Delhi,24,12.1,0.0,7.81
2024-01-14,Delhi,24,11.61,0.0,5.57
2024-01-15,Delhi,24,13.7,0.0,6.81
2024-01-16,Delhi,24,15.2,0.0,2.14
2024-01-17,Delhi,24,12.59,0.0,2.31
2024-01-18,Delhi,24,13.94,0.0,5.3
2024-01-19,Delhi,24,13.3,0.0,5.71
2024-01-20,Delhi,24,13.68,0.0,7.74
2024-01-21,Delhi,24,11.87,0.0,11.24
2024-01-22,Delhi,24,11.64,0.0,9.9
2024-01-23,Delhi,24,13.57,0.0,7.61
2024-01-24,Delhi,24,14.24,0.0,5.41
2024-01-25,Delhi,24,13.94,0.0,6.72
2024-01-26,Delhi,24,13.2,0.0,6.58
2024-01-27,Delhi,24,11.04,0.0,7.61
2024-01-28,Delhi,24,11.1,0.0,2.63
2024-01-29,Delhi,24,9.67,0.0,3.57
2024-01-30,Delhi,24,13.28,0.0,7.68
2024-01-31,Delhi,24,14.7,0.0,5.98
2024-02-01,Delhi,24,20.88,0.0,8.41
2024-02-02,Delhi,24,20.27,0.0,7.91
2024-02-03,Delhi,24,20.27,0.0,7.27
2024-02-04,Delhi,24,19.9,0.0,15.32
2024-02-05,Delhi,24,19.27,0.0,11.88
2024-02-06,Delhi,24,20.82,0.0,6.28
2024-02-07,Delhi,24,19.33,0.0,9.41
2024-02-08,Delhi,24,21.05,0.0,9.07
2024-02-09,Delhi,24,18.96,0.0,9.45
2024-02-10,Delhi,24,18.66,0.0,11.37
2024-02-11,Delhi,24,18.67,0.0,7.34
2024-02-12,Delhi,24,18.42,0.0,8.23
2024-02-13,Delhi,24,17.54,0.0,5.24
2024-02-14,Delhi,24,16.59,0.0,8.51
2024-02-15,Delhi,24,17.72,0.0,9.69
2024-02-16,Delhi,24,17.47,0.0,5.57
2024-02-17,Delhi,24,19.29,0.0,9.77
2024-02-18,Delhi,24,18.32,0.0,12.5
2024-02-19,Delhi,24,17.59,0.0,11.04
2024-02-20,Delhi,24,16.32,0.0,11.94
2024-02-21,Delhi,24,16.5,0.0,10.14
2024-02-22,Delhi,24,14.64,0.0,10.93
2024-02-23,Delhi,24,17.68,0.0,10.07
2024-02-24,Delhi,24,15.13,0.0,8.73
2024-02-25,Delhi,24,16.45,0.0,10.25
2024-02-26,Delhi,24,13.78,0.0,9.26
2024-02-27,Delhi,24,16.39,0.0,7.09
2024-02-28,Delhi,24,16.48,0.0,11.06
2024-02-29,Delhi,24,18.72,15.16,12.44
2024-03-01,Delhi,24,25.3,0.0,8.07
2024-03-02,Delhi,24,24.68,0.0,7.98
2024-03-03,Delhi,24,25.88,0.0,9.4
2024-03-04,Delhi,24,24.93,0.0,8.56
2024-03-05,Delhi,24,24.04,0.0,11.05
2024-03-06,Delhi,24,23.18,0.0,8.32
2024-03-07,Delhi,24,24.93,0.0,11.17
2024-03-08,Delhi,24,26.86,0.0,7.71
2024-03-09,Delhi,24,26.56,0.0,7.73
2024-03-10,Delhi,24,25.64,0.0,9.17
2024-03-11,Delhi,24,24.21,0.0,8.71
2024-03-12,Delhi,24,21.47,0.0,9.58
2024-03-13,Delhi,24,22.57,0.0,12.65
2024-03-14,Delhi,24,20.95,0.0,11.43
2024-03-15,Delhi,24,22.57,0.0,7.88
2024-03-16,Delhi,24,22.47,0.0,7.12
2024-03-17,Delhi,24,23.97,0.0,4.55
2024-03-18,Delhi,24,23.98,0.0,4.66
2024-03-19,Delhi,24,22.67,0.0,8.01
2024-03-20,Delhi,24,24.7,0.0,8.12
2024-03-21,Delhi,24,24.31,0.0,7.33
2024-03-22,Delhi,24,26.07,0.0,4.03
2024-03-23,Delhi,24,25.0,0.0,4.98
2024-03-24,Delhi,24,26.34,0.0,5.77
2024-03-25,Delhi,24,27.46,0.0,7.34
2024-03-26,Delhi,24,25.56,0.0,7.9
2024-03-27,Delhi,24,23.31,0.0,8.65
2024-03-28,Delhi,24,23.41,0.0,10.61
2024-03-29,Delhi,24,23.38,0.0,10.79
2024-03-30,Delhi,24,24.07,0.0,12.34
2024-03-31,Delhi,24,24.66,0.0,7.95
2024-04-01,Delhi,24,31.53,0.0,5.43
2024-04-02,Delhi,24,30.6,0.0,6.93
2024-04-03,Delhi,24,33.43,0.0,10.79
2024-04-04,Delhi,24,31.67,11.84,13.6
2024-04-05,Delhi,24,32.74,0.0,11.6
2024-04-06,Delhi,24,32.24,0.0,5.9
2024-04-07,Delhi,24,30.56,0.0,11.73
2024-04-08,Delhi,24,28.96,0.0,8.84
2024-04-09,Delhi,24,32.15,0.0,11.47
2024-04-10,Delhi,24,28.39,0.0,8.29
2024-04-11,Delhi,24,26.53,0.0,13.12
2024-04-12,Delhi,24,28.93,0.0,9.71
2024-04-13,Delhi,24,28.47,0.0,11.4
2024-04-14,Delhi,24,27.72,0.0,8.66
2024-04-15,Delhi,24,27.47,0.0,9.47
2024-04-16,Delhi,24,29.11,0.0,12.44
2024-04-17,Delhi,24,29.23,0.0,11.62
2024-04-18,Delhi,24,30.55,0.0,10.93
2024-04-19,Delhi,24,27.44,0.0,11.85
2024-04-20,Delhi,24,28.18,0.0,12.51
2024-04-21,Delhi,24,29.6,0.0,12.5
2024-04-22,Delhi,24,28.05,0.0,16.53
2024-04-23,Delhi,24,29.12,0.0,12.86
2024-04-24,Delhi,24,27.7,0.0,11.77
2024-04-25,Delhi,24,27.16,0.0,9.47
2024-04-26,Delhi,24,29.24,0.0,9.73
2024-04-27,Delhi,24,30.0,0.0,12.6
2024-04-28,Delhi,24,29.41,0.0,13.07
2024-04-29,Delhi,24,29.29,0.0,13.68
2024-04-30,Delhi,24,28.44,0.0,11.5
2024-05-01,Delhi,24,30.38,0.0,13.26
2024-05-02,Delhi,24,31.06,0.0,13.44
2024-05-03,Delhi,24,31.81,0.0,14.09
2024-05-04,Delhi,24,30.77,0.0,13.79
2024-05-05,Delhi,24,32.48,0.0,14.26
2024-05-06,Delhi,24,31.37,0.0,12.0
2024-05-07,Delhi,24,33.49,0.0,9.26
2024-05-08,Delhi,24,35.02,0.0,12.18
2024-05-09,Delhi,24,36.27,0.0,11.96
2024-05-10,Delhi,24,34.41,0.0,9.79
2024-05-11,Delhi,24,34.86,0.0,12.46
2024-05-12,Delhi,24,33.36,0.0,10.5
2024-05-13,Delhi,24,33.87,0.0,10.33
2024-05-14,Delhi,24,32.4,0.0,8.51
2024-05-15,Delhi,24,35.34,0.0,9.32
2024-05-16,Delhi,24,35.14,0.0,13.97
2024-05-17,Delhi,24,34.26,0.0,11.23
2024-05-18,Delhi,24,34.89,0.0,10.84
2024-05-19,Delhi,24,33.31,0.0,11.44
2024-05-20,Delhi,24,34.45,0.0,13.49
2024-05-21,Delhi,24,32.81,0.0,14.22
2024-05-22,Delhi,24,33.24,0.0,11.39
2024-05-23,Delhi,24,32.89,0.0,10.52
2024-05-24,Delhi,24,32.69,0.0,7.7
2024-05-25,Delhi,24,32.84,0.0,13.16
2024-05-26,Delhi,24,31.18,0.0,10.53
2024-05-27,Delhi,24,33.27,0.0,11.65
2024-05-28,Delhi,24,31.99,0.0,14.37
2024-05-29,Delhi,24,32.04,0.0,10.41
2024-05-30,Delhi,24,33.1,0.0,10.21
2024-05-31,Delhi,24,34.3,0.0,10.55
2024-06-01,Delhi,24,33.45,0.0,15.97
2024-06-02,Delhi,24,34.39,11.17,14.13
2024-06-03,Delhi,24,32.2,0.0,12.72
2024-06-04,Delhi,24,31.55,0.0,15.68
2024-06-05,Delhi,24,32.14,0.0,16.25
2024-06-06,Delhi,24,33.89,0.0,14.59
2024-06-07,Delhi,24,36.97,0.0,14.75
2024-06-08,Delhi,24,35.71,0.0,13.28
2024-06-09,Delhi,24,35.15,0.0,15.28
2024-06-10,Delhi,24,33.14,0.0,18.82
2024-06-11,Delhi,24,33.02,0.0,16.92
2024-06-12,Delhi,24,33.32,0.0,16.56
2024-06-13,Delhi,24,32.94,0.0,16.39
2024-06-14,Delhi,24,34.42,0.0,14.81
2024-06-15,Delhi,24,32.79,2.07,10.84
2024-06-16,Delhi,24,33.76,0.0,14.27
2024-06-17,Delhi,24,33.17,0.0,11.54
2024-06-18,Delhi,24,31.84,0.0,11.27
2024-06-19,Delhi,24,32.54,0.0,13.27
2024-06-20,Delhi,24,31.72,0.0,9.57
2024-06-21,Delhi,24,33.14,0.0,7.13
2024-06-22,Delhi,24,37.01,0.0,12.05
2024-06-23,Delhi,24,36.1,2.94,10.42
2024-06-24,Delhi,24,37.75,0.0,10.03
2024-06-25,Delhi,24,35.25,0.0,12.31
2024-06-26,Delhi,24,36.01,0.0,14.32
2024-06-27,Delhi,24,36.98,0.0,11.56
2024-06-28,Delhi,24,34.02,3.99,12.45
2024-06-29,Delhi,24,34.13,7.23,14.68
2024-06-30,Delhi,24,33.81,2.41,9.22
2024-07-01,Delhi,24,30.55,23.25,12.77
2024-07-02,Delhi,24,30.66,9.91,11.99
2024-07-03,Delhi,24,30.88,20.81,16.79
2024-07-04,Delhi,24,33.63,29.33,15.92
2024-07-05,Delhi,24,34.3,4.26,11.79
2024-07-06,Delhi,24,32.87,6.33,10.46
2024-07-07,Delhi,24,32.51,0.0,10.92
2024-07-08,Delhi,24,32.62,0.0,13.78
2024-07-09,Delhi,24,31.24,0.0,13.24
2024-07-10,Delhi,24,33.46,0.0,9.93
2024-07-11,Delhi,24,33.48,9.96,13.8
2024-07-12,Delhi,24,33.16,11.68,11.66
2024-07-13,Delhi,24,31.82,7.58,14.75
2024-07-14,Delhi,24,30.18,2.43,8.85
2024-07-15,Delhi,24,31.38,0.0,12.79
2024-07-16,Delhi,24,32.44,0.0,10.4
2024-07-17,Delhi,24,31.53,0.0,12.19
2024-07-18,Delhi,24,30.6,0.0,14.26
2024-07-19,Delhi,24,28.61,0.0,13.81
2024-07-20,Delhi,24,30.77,0.0,12.99
2024-07-21,Delhi,24,29.16,0.0,7.14
2024-07-22,Delhi,24,30.67,33.47,13.48
2024-07-23,Delhi,24,30.77,8.43,8.02
2024-07-24,Delhi,24,31.71,1.38,8.6
2024-07-25,Delhi,24,29.79,23.83,11.05
2024-07-26,Delhi,24,29.32,6.41,9.12
2024-07-27,Delhi,24,29.31,6.1,11.41
2024-07-28,Delhi,24,29.84,9.59,12.77
2024-07-29,Delhi,24,29.13,10.06,15.69
2024-07-30,Delhi,24,28.29,8.25,10.56
2024-07-31,Delhi,24,30.74,2.71,13.2
2024-08-01,Delhi,24,30.98,21.95,9.3
2024-08-02,Delhi,24,30.34,24.5,12.05
2024-08-03,Delhi,24,30.51,19.24,9.53
2024-08-04,Delhi,24,29.95,13.29,6.55
2024-08-05,Delhi,24,32.19,17.41,9.69
2024-08-06,Delhi,24,31.94,4.49,9.53
2024-08-07,Delhi,24,31.92,13.69,9.65
2024-08-08,Delhi,24,29.6,4.0,10.56
2024-08-09,Delhi,24,30.18,0.0,10.05
2024-08-10,Delhi,24,31.24,13.37,10.15
2024-08-11,Delhi,24,30.49,20.1,11.16
2024-08-12,Delhi,24,28.95,12.66,8.59
2024-08-13,Delhi,24,29.69,0.0,10.57
2024-08-14,Delhi,24,30.17,0.0,11.1
2024-08-15,Delhi,24,29.95,2.1,12.85
2024-08-16,Delhi,24,30.95,34.81,16.67
2024-08-17,Delhi,24,30.08,0.97,10.88
2024-08-18,Delhi,24,31.77,8.43,13.46
2024-08-19,Delhi,24,29.99,27.16,11.92
2024-08-20,Delhi,24,31.73,13.89,16.45
2024-08-21,Delhi,24,29.69,11.14,12.61
2024-08-22,Delhi,24,29.56,0.0,12.07
2024-08-23,Delhi,24,31.28,0.0,9.08
2024-08-24,Delhi,24,29.46,0.0,11.8
2024-08-25,Delhi,24,33.15,0.0,7.52
2024-08-26,Delhi,24,31.52,0.0,8.13
2024-08-27,Delhi,24,32.35,8.02,8.05
2024-08-28,Delhi,24,31.63,2.71,8.24
2024-08-29,Delhi,24,30.93,8.16,7.85
2024-08-30,Delhi,24,29.76,4.22,4.51
2024-08-31,Delhi,24,29.08,1.18,9.69
2024-09-01,Delhi,24,26.75,0.0,9.32
2024-09-02,Delhi,24,26.33,0.0,7.93
2024-09-03,Delhi,24,27.7,7.45,8.89
2024-09-04,Delhi,24,27.96,0.0,5.76
2024-09-05,Delhi,24,26.62,0.0,9.67
2024-09-06,Delhi,24,28.9,0.0,5.84
2024-09-07,Delhi,24,28.54,0.0,8.62
2024-09-08,Delhi,24,27.63,25.61,14.18
2024-09-09,Delhi,24,29.38,0.0,10.65
2024-09-10,Delhi,24,28.66,0.0,10.3
2024-09-11,Delhi,24,29.24,15.45,10.83
2024-09-12,Delhi,24,30.23,1.66,3.33
2024-09-13,Delhi,24,31.12,1.37,5.8
2024-09-14,Delhi,24,30.2,3.69,5.69
2024-09-15,Delhi,24,29.63,0.0,8.85
2024-09-16,Delhi,24,29.46,0.0,8.16
2024-09-17,Delhi,24,28.96,14.37,7.1
2024-09-18,Delhi,24,29.92,0.0,7.7
2024-09-19,Delhi,24,31.13,31.19,16.55
2024-09-20,Delhi,24,32.22,1.81,13.26
2024-09-21,Delhi,24,31.89,19.11,12.28
2024-09-22,Delhi,24,30.12,0.0,12.56
2024-09-23,Delhi,24,30.94,0.0,10.15
2024-09-24,Delhi,24,30.69,0.0,8.87
2024-09-25,Delhi,24,30.32,0.0,7.65
2024-09-26,Delhi,24,30.44,7.19,9.57
2024-09-27,Delhi,24,28.96,2.95,8.4
2024-09-28,Delhi,24,28.87,0.0,7.71
2024-09-29,Delhi,24,28.4,30.07,15.73
2024-09-30,Delhi,24,31.4,3.15,11.86
2024-10-01,Delhi,24,26.37,0.0,6.6
2024-10-02,Delhi,24,26.67,0.0,7.65
2024-10-03,Delhi,24,28.05,0.0,6.42
2024-10-04,Delhi,24,26.14,0.0,9.22
2024-10-05,Delhi,24,26.97,0.0,7.37
2024-10-06,Delhi,24,25.45,0.0,5.5
2024-10-07,Delhi,24,23.61,0.0,3.98
2024-10-08,Delhi,24,24.44,0.0,6.74
2024-10-09,Delhi,24,24.44,0.0,5.17
2024-10-10,Delhi,24,23.17,0.0,6.29
2024-10-11,Delhi,24,24.22,0.0,3.29
2024-10-12,Delhi,24,25.26,0.0,5.67
2024-10-13,Delhi,24,24.68,0.0,3.89
2024-10-14,Delhi,24,23.99,0.0,0.31
2024-10-15,Delhi,24,25.88,0.0,4.52
2024-10-16,Delhi,24,25.43,0.0,3.44
2024-10-17,Delhi,24,25.51,0.0,5.58
2024-10-18,Delhi,24,24.3,0.0,6.13
2024-10-19,Delhi,24,25.78,0.0,5.73
2024-10-20,Delhi,24,25.77,0.0,4.44
2024-10-21,Delhi,24,24.55,0.0,6.23
2024-10-22,Delhi,24,22.94,0.0,6.89
2024-10-23,Delhi,24,23.72,0.0,7.92
2024-10-24,Delhi,24,25.93,0.0,5.14
2024-10-25,Delhi,24,25.23,0.0,8.37
2024-10-26,Delhi,24,26.06,0.0,7.75
2024-10-27,Delhi,24,25.16,0.0,8.91
2024-10-28,Delhi,24,27.24,0.0,8.95
2024-10-29,Delhi,24,27.85,0.0,7.29
2024-10-30,Delhi,24,26.18,0.0,3.29
2024-10-31,Delhi,24,25.39,0.0,5.07
2024-11-01,Delhi,24,20.8,0.0,4.53
2024-11-02,Delhi,24,18.21,0.0,3.31
2024-11-03,Delhi,24,17.84,0.0,4.53
2024-11-04,Delhi,24,19.69,0.0,4.97
2024-11-05,Delhi,24,21.23,0.0,4.54
2024-11-06,Delhi,24,20.06,0.0,2.64
2024-11-07,Delhi,24,17.83,0.0,4.02
2024-11-08,Delhi,24,20.25,0.0,6.13
2024-11-09,Delhi,24,18.85,0.0,7.95
2024-11-10,Delhi,24,21.68,0.0,4.49
2024-11-11,Delhi,24,21.07,0.0,3.9
2024-11-12,Delhi,24,20.13,0.0,0.8
2024-11-13,Delhi,24,20.19,0.0,2.06
2024-11-14,Delhi,24,19.34,0.0,6.23
2024-11-15,Delhi,24,18.75,0.0,7.66
2024-11-16,Delhi,24,19.26,0.0,7.29
2024-11-17,Delhi,24,21.03,0.0,3.96
2024-11-18,Delhi,24,19.84,0.0,6.21
2024-11-19,Delhi,24,20.62,0.0,4.64
2024-11-20,Delhi,24,19.83,0.0,4.99
2024-11-21,Delhi,24,18.83,0.0,2.81
2024-11-22,Delhi,24,18.42,0.0,4.31
2024-11-23,Delhi,24,18.03,0.0,2.14
2024-11-24,Delhi,24,17.63,0.0,4.44
2024-11-25,Delhi,24,18.63,0.0,6.0
2024-11-26,Delhi,24,18.07,0.0,2.08
2024-11-27,Delhi,24,19.02,0.0,4.26
2024-11-28,Delhi,24,17.94,0.0,3.45
2024-11-29,Delhi,24,18.97,0.0,1.21
2024-11-30,Delhi,24,20.33,0.0,1.59
2024-12-01,Delhi,24,15.22,0.0,7.67
2024-12-02,Delhi,24,15.89,0.0,8.79
2024-12-03,Delhi,24,15.62,0.0,3.38
2024-12-04,Delhi,24,15.44,0.0,5.72
2024-12-05,Delhi,24,16.36,0.0,2.4
2024-12-06,Delhi,24,13.65,0.0,3.87
2024-12-07,Delhi,24,12.81,0.0,5.01
2024-12-08,Delhi,24,14.86,0.0,7.74
2024-12-09,Delhi,24,18.29,0.0,3.7
2024-12-10,Delhi,24,17.24,0.0,7.05
2024-12-11,Delhi,24,16.89,0.0,8.2
2024-12-12,Delhi,24,16.28,0.0,4.7
2024-12-13,Delhi,24,15.1,0.0,5.38
2024-12-14,Delhi,24,16.4,0.0,4.26
2024-12-15,Delhi,24,15.36,0.0,8.86
2024-12-16,Delhi,24,15.56,0.0,5.72
2024-12-17,Delhi,24,13.75,0.0,6.59
2024-12-18,Delhi,24,13.44,0.0,5.14
2024-12-19,Delhi,24,13.72,0.0,5.67
2024-12-20,Delhi,24,13.02,0.0,4.87
2024-12-21,Delhi,24,12.87,0.0,1.24
2024-12-22,Delhi,24,13.87,0.0,1.37
2024-12-23,Delhi,24,14.7,0.0,4.22
2024-12-24,Delhi,24,12.5,0.0,4.59
2024-12-25,Delhi,24,12.12,0.0,4.13
2024-12-26,Delhi,24,13.21,0.0,7.63
2024-12-27,Delhi,24,13.94,0.0,8.11
2024-12-28,Delhi,24,14.83,0.0,3.79
2024-12-29,Delhi,24,14.87,0.0,6.32
2024-12-30,Delhi,24,13.26,0.0,8.12
2024-12-31,Delhi,24,13.78,0.0,9.89
2025-01-01,Delhi,24,14.15,0.0,8.84
2025-01-02,Delhi,24,15.4,0.0,6.38
2025-01-03,Delhi,24,13.55,0.0,7.77
2025-01-04,Delhi,24,15.83,0.0,7.19
2025-01-05,Delhi,24,15.1,0.0,4.02
2025-01-06,Delhi,24,17.09,0.0,4.55
2025-01-07,Delhi,24,13.71,0.0,8.0
2025-01-08,Delhi,24,13.11,0.0,8.1
2025-01-09,Delhi,24,13.71,0.0,4.7
2025-01-10,Delhi,24,12.43,0.0,7.92
2025-01-11,Delhi,24,11.79,0.0,4.52
2025-01-12,Delhi,24,10.53,0.0,4.36
2025-01-13,Delhi,24,9.6,0.0,5.42
2025-01-14,Delhi,24,10.49,0.0,6.75
2025-01-15,Delhi,24,11.75,0.0,5.89
2025-01-16,Delhi,24,11.89,0.0,9.73
2025-01-17,Delhi,24,10.61,0.0,6.04
2025-01-18,Delhi,24,12.4,28.61,12.36
2025-01-19,Delhi,24,14.01,0.0,11.56
2025-01-20,Delhi,24,12.66,0.0,9.26
2025-01-21,Delhi,24,12.91,0.0,9.94
2025-01-22,Delhi,24,11.89,0.0,7.41
2025-01-23,Delhi,24,9.46,0.0,7.61
2025-01-24,Delhi,24,10.52,0.0,7.56
2025-01-25,Delhi,24,10.71,0.0,10.12
2025-01-26,Delhi,24,11.19,0.0,8.18
2025-01-27,Delhi,24,11.24,0.0,10.55
2025-01-28,Delhi,24,11.77,0.0,6.72
2025-01-29,Delhi,24,11.92,0.0,7.22
2025-01-30,Delhi,24,12.74,0.0,7.23
2025-01-31,Delhi,24,11.62,0.0,7.34
2025-02-01,Delhi,24,16.03,14.54,8.89
2025-02-02,Delhi,24,16.6,10.67,5.71
2025-02-03,Delhi,24,16.78,0.0,5.09
2025-02-04,Delhi,24,17.15,0.0,4.81
2025-02-05,Delhi,24,17.67,0.0,2.74
2025-02-06,Delhi,24,17.22,0.0,6.1
2025-02-07,Delhi,24,17.98,0.0,5.35
2025-02-08,Delhi,24,16.03,0.0,8.2
2025-02-09,Delhi,24,17.21,0.0,9.85
2025-02-10,Delhi,24,18.16,0.0,6.78
2025-02-11,Delhi,24,18.66,0.0,8.57
2025-02-12,Delhi,24,19.63,0.0,6.5
2025-02-13,Delhi,24,17.79,0.0,7.83
2025-02-14,Delhi,24,16.23,0.0,7.19
2025-02-15,Delhi,24,16.18,0.0,6.02
2025-02-16,Delhi,24,17.28,0.0,7.62
2025-02-17,Delhi,24,16.67,0.0,7.96
2025-02-18,Delhi,24,15.85,0.0,10.91
2025-02-19,Delhi,24,16.74,0.0,8.72
2025-02-20,Delhi,24,16.27,0.0,10.71
2025-02-21,Delhi,24,15.36,0.0,9.26
2025-02-22,Delhi,24,18.25,0.0,7.33
2025-02-23,Delhi,24,16.41,3.66,10.97
2025-02-24,Delhi,24,17.92,0.0,4.47
2025-02-25,Delhi,24,16.79,0.0,10.35
2025-02-26,Delhi,24,18.62,0.0,5.63
2025-02-27,Delhi,24,20.32,0.0,9.86
2025-02-28,Delhi,24,21.63,0.0,8.17
2025-03-01,Delhi,24,26.72,0.0,7.92
2025-03-02,Delhi,24,24.55,0.0,8.19
2025-03-03,Delhi,24,23.63,0.0,5.05
2025-03-04,Delhi,24,25.62,0.0,6.03
2025-03-05,Delhi,24,25.3,0.0,5.59
2025-03-06,Delhi,24,25.53,0.0,6.78
2025-03-07,Delhi,24,23.27,0.0,7.8
2025-03-08,Delhi,24,22.08,0.0,9.57
2025-03-09,Delhi,24,23.88,0.0,3.93
2025-03-10,Delhi,24,25.08,0.0,6.43
2025-03-11,Delhi,24,22.65,0.0,11.47
2025-03-12,Delhi,24,21.28,0.0,7.75
2025-03-13,Delhi,24,21.71,0.0,8.95
2025-03-14,Delhi,24,20.9,0.0,10.89
2025-03-15,Delhi,24,21.84,0.0,9.3
2025-03-16,Delhi,24,22.85,0.0,11.78
2025-03-17,Delhi,24,24.09,0.0,12.25
2025-03-18,Delhi,24,24.2,0.0,14.42
2025-03-19,Delhi,24,24.0,0.0,10.62
2025-03-20,Delhi,24,23.1,0.0,8.67
2025-03-21,Delhi,24,22.26,0.0,8.47
2025-03-22,Delhi,24,23.84,0.0,13.54
2025-03-23,Delhi,24,23.27,0.0,9.89
2025-03-24,Delhi,24,23.18,0.0,9.01
2025-03-25,Delhi,24,22.56,0.0,6.79
2025-03-26,Delhi,24,21.16,0.0,7.93
2025-03-27,Delhi,24,22.21,0.0,11.34
2025-03-28,Delhi,24,22.35,0.0,9.89
2025-03-29,Delhi,24,25.13,0.0,10.84
2025-03-30,Delhi,24,24.92,0.0,7.87
2025-03-31,Delhi,24,23.36,0.0,10.02
2025-04-01,Delhi,24,32.02,0.0,10.97
2025-04-02,Delhi,24,31.28,0.0,11.83
2025-04-03,Delhi,24,31.7,0.0,10.48
2025-04-04,Delhi,24,31.39,0.0,14.47
2025-04-05,Delhi,24,31.87,1.8,14.11
2025-04-06,Delhi,24,30.98,0.0,9.38
2025-04-07,Delhi,24,34.8,0.0,5.85
2025-04-08,Delhi,24,31.88,0.0,11.32
2025-04-09,Delhi,24,31.77,0.0,10.5
2025-04-10,Delhi,24,31.15,0.0,9.02
2025-04-11,Delhi,24,31.11,0.0,11.11
2025-04-12,Delhi,24,30.21,0.0,11.83
2025-04-13,Delhi,24,29.24,0.0,12.16
2025-04-14,Delhi,24,29.8,10.37,15.05
2025-04-15,Delhi,24,31.68,0.0,16.13
2025-04-16,Delhi,24,32.59,0.0,14.57
2025-04-17,Delhi,24,34.92,0.0,10.02
2025-04-18,Delhi,24,35.15,0.0,10.49
2025-04-19,Delhi,24,33.03,0.0,9.99
2025-04-20,Delhi,24,33.35,0.0,8.82
2025-04-21,Delhi,24,31.99,0.0,10.09
2025-04-22,Delhi,24,32.16,0.0,8.71
2025-04-23,Delhi,24,32.83,0.0,9.71
2025-04-24,Delhi,24,33.3,0.0,6.57
2025-04-25,Delhi,24,32.18,0.0,9.57
2025-04-26,Delhi,24,32.54,0.0,6.52
2025-04-27,Delhi,24,31.91,0.0,8.4
2025-04-28,Delhi,24,31.4,0.0,7.82
2025-04-29,Delhi,24,27.6,0.0,10.82
2025-04-30,Delhi,24,27.73,0.0,10.6
2025-05-01,Delhi,24,34.05,0.0,12.9
2025-05-02,Delhi,24,33.48,0.0,11.96
2025-05-03,Delhi,24,32.27,0.0,11.95
2025-05-04,Delhi,24,32.66,0.0,11.06
2025-05-05,Delhi,24,33.74,0.0,13.64
2025-05-06,Delhi,24,34.83,0.0,10.05
2025-05-07,Delhi,24,34.86,0.0,12.02
2025-05-08,Delhi,24,34.05,0.0,15.32
2025-05-09,Delhi,24,36.1,0.0,13.72
2025-05-10,Delhi,24,34.24,0.0,14.81
2025-05-11,Delhi,24,33.62,0.0,13.61
2025-05-12,Delhi,24,32.57,0.0,14.26
2025-05-13,Delhi,24,32.17,0.0,11.52
2025-05-14,Delhi,24,33.75,0.0,13.99
2025-05-15,Delhi,24,34.34,0.0,14.96
2025-05-16,Delhi,24,33.74,0.0,14.07
2025-05-17,Delhi,24,33.45,0.0,11.27
2025-05-18,Delhi,24,33.28,0.0,13.42
2025-05-19,Delhi,24,32.76,0.0,11.15
2025-05-20,Delhi,24,31.77,0.0,10.53
2025-05-21,Delhi,24,34.56,0.0,12.19
2025-05-22,Delhi,24,33.83,0.0,11.69
2025-05-23,Delhi,24,32.97,0.0,12.27
2025-05-24,Delhi,24,33.3,0.0,14.47
2025-05-25,Delhi,24,37.84,0.0,11.64
2025-05-26,Delhi,24,33.94,0.0,9.68
2025-05-27,Delhi,24,33.08,0.0,12.02
2025-05-28,Delhi,24,33.4,0.0,10.75
2025-05-29,Delhi,24,34.67,12.0,12.62
2025-05-30,Delhi,24,34.47,10.06,16.91
2025-05-31,Delhi,24,35.72,0.0,14.52
2025-06-01,Delhi,24,35.98,0.0,14.94
2025-06-02,Delhi,24,36.51,0.0,13.28
2025-06-03,Delhi,24,35.44,0.0,14.92
2025-06-04,Delhi,24,34.79,24.71,17.74
2025-06-05,Delhi,24,36.29,9.1,13.64
2025-06-06,Delhi,24,36.17,9.71,17.8
2025-06-07,Delhi,24,35.38,0.0,14.93
2025-06-08,Delhi,24,33.77,0.0,16.85
2025-06-09,Delhi,24,32.79,0.0,13.66
2025-06-10,Delhi,24,33.64,1.9,14.09
2025-06-11,Delhi,24,32.62,0.0,14.08
2025-06-12,Delhi,24,32.82,0.0,16.46
2025-06-13,Delhi,24,34.15,0.0,15.54
2025-06-14,Delhi,24,34.41,0.0,16.05
2025-06-15,Delhi,24,31.58,0.0,12.46
2025-06-16,Delhi,24,32.92,0.0,13.2
2025-06-17,Delhi,24,31.08,0.0,13.95
2025-06-18,Delhi,24,28.21,0.0,13.95
2025-06-19,Delhi,24,29.63,20.82,16.69
2025-06-20,Delhi,24,32.09,11.64,11.02
2025-06-21,Delhi,24,33.56,0.0,10.98
2025-06-22,Delhi,24,32.99,7.15,11.44
2025-06-23,Delhi,24,33.42,0.0,12.51
2025-06-24,Delhi,24,33.27,2.28,11.75
2025-06-25,Delhi,24,33.18,1.6,12.35
2025-06-26,Delhi,24,34.82,0.0,12.85
2025-06-27,Delhi,24,35.88,5.09,15.4
2025-06-28,Delhi,24,34.36,2.58,9.91
2025-06-29,Delhi,24,36.22,0.0,13.01
2025-06-30,Delhi,24,34.82,18.06,14.19
2025-07-01,Delhi,24,30.98,0.0,7.75
2025-07-02,Delhi,24,29.91,0.0,12.41
2025-07-03,Delhi,24,31.78,0.0,10.23
2025-07-04,Delhi,24,32.08,0.0,13.79
2025-07-05,Delhi,24,34.22,0.0,8.27
2025-07-06,Delhi,24,31.72,0.0,10.91
2025-07-07,Delhi,24,33.81,0.0,9.35
2025-07-08,Delhi,24,31.88,18.69,11.67
2025-07-09,Delhi,24,31.88,5.93,10.54
2025-07-10,Delhi,24,31.26,1.56,11.73
2025-07-11,Delhi,24,29.39,5.93,15.61
2025-07-12,Delhi,24,30.32,8.05,12.42
2025-07-13,Delhi,24,32.24,0.0,8.63
2025-07-14,Delhi,24,31.54,0.0,7.18
2025-07-15,Delhi,24,31.9,0.0,7.95
2025-07-16,Delhi,24,30.26,0.0,7.94
2025-07-17,Delhi,24,32.37,0.0,9.59
2025-07-18,Delhi,24,33.23,0.0,11.98
2025-07-19,Delhi,24,29.29,0.0,10.49
2025-07-20,Delhi,24,32.34,19.5,12.55
2025-07-21,Delhi,24,31.06,1.77,9.31
2025-07-22,Delhi,24,32.59,4.05,9.87
2025-07-23,Delhi,24,32.51,4.12,10.47
2025-07-24,Delhi,24,32.86,4.06,11.32
2025-07-25,Delhi,24,31.71,5.57,10.63
2025-07-26,Delhi,24,32.23,12.64,13.32
2025-07-27,Delhi,24,30.36,8.66,15.28
2025-07-28,Delhi,24,32.08,6.27,12.33
2025-07-29,Delhi,24,33.29,31.41,16.49
2025-07-30,Delhi,24,32.26,1.93,14.65
2025-07-31,Delhi,24,32.66,22.48,18.79
2025-08-01,Delhi,24,32.0,5.04,12.06
2025-08-02,Delhi,24,32.89,14.06,16.31
2025-08-03,Delhi,24,30.91,14.91,13.14
2025-08-04,Delhi,24,30.52,10.77,13.5
2025-08-05,Delhi,24,31.7,0.0,12.82
2025-08-06,Delhi,24,30.86,0.0,10.66
2025-08-07,Delhi,24,33.19,0.0,11.47
2025-08-08,Delhi,24,31.47,5.11,11.25
2025-08-09,Delhi,24,31.69,16.57,14.86
2025-08-10,Delhi,24,32.26,7.14,7.76
2025-08-11,Delhi,24,30.81,19.58,13.32
2025-08-12,Delhi,24,29.18,6.06,8.5
2025-08-13,Delhi,24,29.45,1.89,9.67
2025-08-14,Delhi,24,31.51,8.33,11.81
2025-08-15,Delhi,24,29.72,6.49,9.42
2025-08-16,Delhi,24,30.07,0.0,9.08
2025-08-17,Delhi,24,32.39,0.0,5.86
2025-08-18,Delhi,24,29.81,0.0,7.58
2025-08-19,Delhi,24,29.23,0.0,9.63
2025-08-20,Delhi,24,28.7,0.0,12.33
2025-08-21,Delhi,24,29.51,0.0,6.81
2025-08-22,Delhi,24,29.09,3.44,10.79
2025-08-23,Delhi,24,29.45,1.66,9.8
2025-08-24,Delhi,24,28.95,5.76,9.57
2025-08-25,Delhi,24,28.87,13.29,9.88
2025-08-26,Delhi,24,27.07,0.0,8.15
2025-08-27,Delhi,24,30.28,5.67,9.45
2025-08-28,Delhi,24,29.07,24.91,10.44
2025-08-29,Delhi,24,29.67,5.37,10.91
2025-08-30,Delhi,24,28.86,3.64,11.16
2025-08-31,Delhi,24,29.37,2.99,10.3
2025-09-01,Delhi,24,29.17,6.88,10.31
2025-09-02,Delhi,24,27.74,0.0,8.88
2025-09-03,Delhi,24,30.67,2.61,12.99
2025-09-04,Delhi,24,29.17,16.83,14.42
2025-09-05,Delhi,24,30.47,11.98,9.78
2025-09-06,Delhi,24,29.87,20.67,10.71
2025-09-07,Delhi,24,29.92,15.22,14.07
2025-09-08,Delhi,24,30.41,0.0,6.38
2025-09-09,Delhi,24,30.51,0.0,7.61
2025-09-10,Delhi,24,30.15,6.44,9.09
2025-09-11,Delhi,24,27.97,14.77,10.88
2025-09-12,Delhi,24,29.32,6.28,9.79
2025-09-13,Delhi,24,26.84,0.0,5.38
2025-09-14,Delhi,24,27.23,0.0,6.59
2025-09-15,Delhi,24,26.52,0.0,9.96
2025-09-16,Delhi,24,29.25,20.51,13.47
2025-09-17,Delhi,24,30.27,0.0,7.71
2025-09-18,Delhi,24,31.27,0.0,10.1
2025-09-19,Delhi,24,31.84,0.0,11.98
2025-09-20,Delhi,24,31.48,0.0,8.67
2025-09-21,Delhi,24,31.59,3.13,7.29
2025-09-22,Delhi,24,30.9,0.0,8.56
2025-09-23,Delhi,24,28.64,0.0,8.29
2025-09-24,Delhi,24,29.72,0.0,9.93
2025-09-25,Delhi,24,29.9,0.0,5.17
2025-09-26,Delhi,24,27.67,0.0,7.14
2025-09-27,Delhi,24,28.2,0.0,8.5
2025-09-28,Delhi,24,28.82,0.0,6.53
2025-09-29,Delhi,24,27.45,0.0,5.97
2025-09-30,Delhi,24,30.69,0.0,3.6
2023-01-01,Delhi,72,12.44,0.0,8.21
2023-01-02,Delhi,72,13.19,0.0,8.99
2023-01-03,Delhi,72,13.86,8.36,6.72
2023-01-04,Delhi,72,14.86,0.0,4.96
2023-01-05,Delhi,72,11.56,0.0,3.24
2023-01-06,Delhi,72,13.73,0.0,3.47
2023-01-07,Delhi,72,13.13,0.0,2.45
2023-01-08,Delhi,72,12.19,0.0,7.65
2023-01-09,Delhi,72,14.41,0.0,10.69
2023-01-10,Delhi,72,13.6,0.0,7.22
2023-01-11,Delhi,72,12.43,0.0,8.12
2023-01-12,Delhi,72,10.55,0.0,6.49
2023-01-13,Delhi,72,13.29,0.0,11.37
2023-01-14,Delhi,72,13.42,0.0,4.5
2023-01-15,Delhi,72,12.88,0.0,7.84
2023-01-16,Delhi,72,13.47,0.0,10.21
2023-01-17,Delhi,72,15.44,0.0,4.59
2023-01-18,Delhi,72,10.95,11.49,12.88
2023-01-19,Delhi,72,13.71,14.39,6.46
2023-01-20,Delhi,72,14.0,0.0,8.88
2023-01-21,Delhi,72,15.59,0.0,9.07
2023-01-22,Delhi,72,15.84,0.0,9.7
2023-01-23,Delhi,72,14.04,0.0,8.95
2023-01-24,Delhi,72,14.33,0.0,9.77
2023-01-25,Delhi,72,14.0,0.0,13.05
2023-01-26,Delhi,72,10.92,0.0,9.09
2023-01-27,Delhi,72,11.43,0.0,5.78
2023-01-28,Delhi,72,14.45,0.0,6.33
2023-01-29,Delhi,72,14.06,0.0,6.92
2023-01-30,Delhi,72,12.95,0.0,7.07
2023-01-31,Delhi,72,15.64,0.0,4.08
2023-02-01,Delhi,72,19.31,0.0,8.19
2023-02-02,Delhi,72,17.51,0.0,8.19
2023-02-03,Delhi,72,16.29,0.0,9.71
2023-02-04,Delhi,72,16.68,0.0,5.49
2023-02-05,Delhi,72,16.06,0.0,6.97
2023-02-06,Delhi,72,17.46,0.0,5.13
2023-02-07,Delhi,72,17.9,0.0,8.67
2023-02-08,Delhi,72,16.67,0.0,10.29
2023-02-09,Delhi,72,17.79,0.0,8.73
2023-02-10,Delhi,72,16.01,0.0,9.23
2023-02-11,Delhi,72,18.42,0.0,9.89
2023-02-12,Delhi,72,16.47,0.0,4.88
2023-02-13,Delhi,72,15.75,0.0,6.1
2023-02-14,Delhi,72,17.03,0.0,6.7
2023-02-15,Delhi,72,16.08,0.0,5.64
2023-02-16,Delhi,72,14.45,0.0,8.72
2023-02-17,Delhi,72,13.51,0.0,5.65
2023-02-18,Delhi,72,16.22,0.0,10.86
2023-02-19,Delhi,72,17.59,21.66,14.99
2023-02-20,Delhi,72,20.91,0.0,7.84
2023-02-21,Delhi,72,19.33,0.0,7.68
2023-02-22,Delhi,72,17.58,0.0,11.27
2023-02-23,Delhi,72,17.3,0.0,7.24
2023-02-24,Delhi,72,16.04,0.0,7.36
2023-02-25,Delhi,72,16.41,0.0,6.14
2023-02-26,Delhi,72,18.13,0.0,8.9
2023-02-27,Delhi,72,16.21,6.18,6.3
2023-02-28,Delhi,72,14.75,0.0,5.34
2023-03-01,Delhi,72,22.06,0.0,7.8
2023-03-02,Delhi,72,25.2,0.0,4.91
2023-03-03,Delhi,72,24.06,0.0,6.83
2023-03-04,Delhi,72,22.29,0.0,7.9
2023-03-05,Delhi,72,21.38,0.0,8.16
2023-03-06,Delhi,72,21.88,0.0,14.19
2023-03-07,Delhi,72,22.4,0.0,8.12
2023-03-08,Delhi,72,20.19,0.0,10.88
2023-03-09,Delhi,72,20.37,0.0,8.1
2023-03-10,Delhi,72,25.16,0.0,9.37
2023-03-11,Delhi,72,26.29,0.0,9.64
2023-03-12,Delhi,72,22.42,0.0,12.2
2023-03-13,Delhi,72,24.25,0.0,8.58
2023-03-14,Delhi,72,24.49,0.0,10.13
2023-03-15,Delhi,72,23.72,0.0,8.07
2023-03-16,Delhi,72,23.33,0.0,8.64
2023-03-17,Delhi,72,25.54,1.62,9.76
2023-03-18,Delhi,72,23.53,14.24,11.35
2023-03-19,Delhi,72,24.42,0.0,12.77
2023-03-20,Delhi,72,23.43,0.0,13.72
2023-03-21,Delhi,72,25.93,0.0,9.32
2023-03-22,Delhi,72,25.35,0.0,13.46
2023-03-23,Delhi,72,25.57,0.0,5.6
2023-03-24,Delhi,72,22.98,0.0,4.67
2023-03-25,Delhi,72,23.97,0.0,10.32
2023-03-26,Delhi,72,22.69,0.0,10.37
2023-03-27,Delhi,72,23.3,0.0,7.26
2023-03-28,Delhi,72,24.2,0.0,10.55
2023-03-29,Delhi,72,22.59,0.0,12.08
2023-03-30,Delhi,72,24.75,33.02,16.1
2023-03-31,Delhi,72,25.69,0.0,12.13
2023-04-01,Delhi,72,30.46,0.0,10.75
2023-04-02,Delhi,72,30.21,0.0,9.16
2023-04-03,Delhi,72,28.17,0.0,9.61
2023-04-04,Delhi,72,30.72,0.0,6.88
2023-04-05,Delhi,72,29.67,0.0,3.5
2023-04-06,Delhi,72,29.03,0.0,8.84
2023-04-07,Delhi,72,29.16,0.0,8.45
2023-04-08,Delhi,72,30.7,0.0,10.69
2023-04-09,Delhi,72,28.64,0.0,6.42
2023-04-10,Delhi,72,29.71,0.0,6.75
2023-04-11,Delhi,72,28.12,0.0,2.22
2023-04-12,Delhi,72,29.79,0.0,7.34
2023-04-13,Delhi,72,30.6,0.0,6.73
2023-04-14,Delhi,72,31.53,0.0,6.56
2023-04-15,Delhi,72,27.42,0.0,9.07
2023-04-16,Delhi,72,30.98,0.0,10.22
2023-04-17,Delhi,72,30.02,0.0,10.57
2023-04-18,Delhi,72,30.16,0.0,7.89
2023-04-19,Delhi,72,31.35,0.0,6.81
2023-04-20,Delhi,72,31.5,0.0,11.24
2023-04-21,Delhi,72,29.64,0.0,8.59
2023-04-22,Delhi,72,29.18,0.0,15.61
2023-04-23,Delhi,72,30.78,0.0,12.17
2023-04-24,Delhi,72,30.66,0.0,11.72
2023-04-25,Delhi,72,30.4,0.0,14.53
2023-04-26,Delhi,72,30.03,0.0,11.57
2023-04-27,Delhi,72,30.49,0.0,10.15
2023-04-28,Delhi,72,30.27,0.0,9.88
2023-04-29,Delhi,72,30.33,0.0,11.49
2023-04-30,Delhi,72,32.14,0.0,10.18
2023-05-01,Delhi,72,35.96,0.0,17.64
2023-05-02,Delhi,72,35.84,0.0,13.66
2023-05-03,Delhi,72,34.67,0.0,10.21
2023-05-04,Delhi,72,33.5,0.0,12.85
2023-05-05,Delhi,72,36.96,0.0,11.9
2023-05-06,Delhi,72,33.39,0.0,11.51
2023-05-07,Delhi,72,32.18,0.0,7.75
2023-05-08,Delhi,72,34.12,0.0,12.7
2023-05-09,Delhi,72,32.39,0.0,12.56
2023-05-10,Delhi,72,32.97,0.0,12.03
2023-05-11,Delhi,72,34.98,0.0,13.7
2023-05-12,Delhi,72,34.5,0.0,11.75
2023-05-13,Delhi,72,34.95,0.0,15.25
2023-05-14,Delhi,72,35.39,0.0,12.82
2023-05-15,Delhi,72,35.85,36.76,19.63
2023-05-16,Delhi,72,34.42,0.0,10.62
2023-05-17,Delhi,72,33.81,0.0,12.63
2023-05-18,Delhi,72,34.31,0.0,12.14
2023-05-19,Delhi,72,32.84,0.0,11.81
2023-05-20,Delhi,72,33.11,0.0,10.99
2023-05-21,Delhi,72,33.76,0.0,11.08
2023-05-22,Delhi,72,34.83,0.0,8.48
2023-05-23,Delhi,72,35.38,0.0,10.36
2023-05-24,Delhi,72,35.39,0.0,11.64
2023-05-25,Delhi,72,36.48,0.0,12.21
2023-05-26,Delhi,72,34.3,0.0,12.93
2023-05-27,Delhi,72,35.48,0.0,11.48
2023-05-28,Delhi,72,35.09,0.0,10.77
2023-05-29,Delhi,72,31.21,0.0,8.76
2023-05-30,Delhi,72,32.59,0.0,7.65
2023-05-31,Delhi,72,33.69,0.0,11.84
2023-06-01,Delhi,72,34.36,0.0,12.87
2023-06-02,Delhi,72,33.63,0.0,11.13
2023-06-03,Delhi,72,31.43,0.0,15.35
2023-06-04,Delhi,72,33.87,0.0,16.13
2023-06-05,Delhi,72,35.61,0.0,12.71
2023-06-06,Delhi,72,35.59,0.0,17.39
2023-06-07,Delhi,72,36.61,0.0,16.0
2023-06-08,Delhi,72,35.45,0.0,10.25
2023-06-09,Delhi,72,38.7,0.0,11.92
2023-06-10,Delhi,72,36.14,0.0,10.12
2023-06-11,Delhi,72,35.48,0.0,9.06
2023-06-12,Delhi,72,36.45,0.0,10.12
2023-06-13,Delhi,72,35.15,0.0,11.51
2023-06-14,Delhi,72,34.44,4.13,13.09
2023-06-15,Delhi,72,33.4,3.31,11.29
2023-06-16,Delhi,72,37.3,0.0,12.34
2023-06-17,Delhi,72,36.3,0.0,10.86
2023-06-18,Delhi,72,34.22,0.0,10.14
2023-06-19,Delhi,72,32.96,0.0,13.24
2023-06-20,Delhi,72,34.41,0.0,17.47
2023-06-21,Delhi,72,34.72,0.0,12.98
2023-06-22,Delhi,72,35.49,0.0,12.26
2023-06-23,Delhi,72,35.4,31.57,17.77
2023-06-24,Delhi,72,34.36,0.6,13.02
2023-06-25,Delhi,72,33.64,0.0,8.79
2023-06-26,Delhi,72,30.08,2.69,14.83
2023-06-27,Delhi,72,30.62,0.0,17.25
2023-06-28,Delhi,72,34.69,0.0,16.03
2023-06-29,Delhi,72,33.22,0.0,17.58
2023-06-30,Delhi,72,32.82,0.0,15.49
2023-07-01,Delhi,72,29.88,8.08,13.67
2023-07-02,Delhi,72,30.07,5.71,9.89
2023-07-03,Delhi,72,30.13,0.0,10.39
2023-07-04,Delhi,72,28.93,12.69,13.38
2023-07-05,Delhi,72,28.16,0.18,11.67
2023-07-06,Delhi,72,31.59,0.0,13.18
2023-07-07,Delhi,72,31.86,0.65,12.0
2023-07-08,Delhi,72,32.72,7.55,17.32
2023-07-09,Delhi,72,32.67,22.75,17.49
2023-07-10,Delhi,72,31.61,23.97,16.9
2023-07-11,Delhi,72,32.03,2.02,15.46
2023-07-12,Delhi,72,32.78,10.6,11.83
2023-07-13,Delhi,72,30.07,8.87,11.59
2023-07-14,Delhi,72,30.11,32.48,16.45
2023-07-15,Delhi,72,29.13,6.93,10.85
2023-07-16,Delhi,72,31.27,1.47,10.04
2023-07-17,Delhi,72,29.57,23.32,12.42
2023-07-18,Delhi,72,32.61,9.67,12.39
2023-07-19,Delhi,72,32.75,7.32,12.98
2023-07-20,Delhi,72,32.5,17.44,12.75
2023-07-21,Delhi,72,31.42,2.08,6.93
2023-07-22,Delhi,72,32.35,0.0,8.56
2023-07-23,Delhi,72,33.22,0.0,9.36
2023-07-24,Delhi,72,30.5,0.0,8.61
2023-07-25,Delhi,72,31.95,0.0,5.0
2023-07-26,Delhi,72,32.22,0.0,10.99
2023-07-27,Delhi,72,33.24,0.0,8.87
2023-07-28,Delhi,72,31.05,0.0,8.79
2023-07-29,Delhi,72,29.71,0.0,5.64
2023-07-30,Delhi,72,31.97,4.02,15.64
2023-07-31,Delhi,72,31.29,10.58,13.38
2023-08-01,Delhi,72,28.42,16.75,14.45
2023-08-02,Delhi,72,32.25,32.92,21.09
2023-08-03,Delhi,72,30.83,4.4,11.01
2023-08-04,Delhi,72,31.47,3.77,9.24
2023-08-05,Delhi,72,31.03,5.58,10.66
2023-08-06,Delhi,72,31.72,0.93,9.2
2023-08-07,Delhi,72,32.69,2.77,9.76
2023-08-08,Delhi,72,32.99,18.66,11.06
2023-08-09,Delhi,72,30.96,5.36,14.4
2023-08-10,Delhi,72,32.74,12.16,12.88
2023-08-11,Delhi,72,32.65,2.19,10.43
2023-08-12,Delhi,72,29.89,3.66,8.51
2023-08-13,Delhi,72,33.29,0.65,13.23
2023-08-14,Delhi,72,32.89,19.18,16.15
2023-08-15,Delhi,72,33.36,14.02,13.56
2023-08-16,Delhi,72,28.55,2.92,13.93
2023-08-17,Delhi,72,30.45,4.63,9.61
2023-08-18,Delhi,72,33.26,7.0,9.61
2023-08-19,Delhi,72,32.22,12.21,13.95
2023-08-20,Delhi,72,27.67,13.7,11.5
2023-08-21,Delhi,72,27.86,6.68,11.56
2023-08-22,Delhi,72,28.09,0.72,6.25
2023-08-23,Delhi,72,28.08,43.61,13.55
2023-08-24,Delhi,72,31.06,0.0,1.09
2023-08-25,Delhi,72,27.09,0.0,7.67
2023-08-26,Delhi,72,29.9,0.0,8.94
2023-08-27,Delhi,72,28.42,11.13,13.04
2023-08-28,Delhi,72,28.57,3.44,10.04
2023-08-29,Delhi,72,26.22,20.84,14.23
2023-08-30,Delhi,72,27.77,4.7,13.4
2023-08-31,Delhi,72,25.09,13.55,13.59
2023-09-01,Delhi,72,25.2,12.15,14.99
2023-09-02,Delhi,72,25.19,9.72,11.9
2023-09-03,Delhi,72,25.7,7.21,12.82
2023-09-04,Delhi,72,27.03,0.0,6.89
2023-09-05,Delhi,72,28.71,0.0,7.79
2023-09-06,Delhi,72,31.33,0.0,8.57
2023-09-07,Delhi,72,30.89,0.0,6.62
2023-09-08,Delhi,72,30.96,0.0,6.52
2023-09-09,Delhi,72,30.39,2.86,8.37
2023-09-10,Delhi,72,33.56,10.41,10.46
2023-09-11,Delhi,72,30.52,9.29,10.82
2023-09-12,Delhi,72,31.7,10.96,11.69
2023-09-13,Delhi,72,30.15,0.0,7.84
2023-09-14,Delhi,72,29.37,0.0,6.81
2023-09-15,Delhi,72,31.73,0.0,2.08
2023-09-16,Delhi,72,30.58,0.0,2.45
2023-09-17,Delhi,72,27.99,0.0,2.45
2023-09-18,Delhi,72,27.67,0.0,8.76
2023-09-19,Delhi,72,29.51,0.0,7.47
2023-09-20,Delhi,72,30.25,4.11,5.42
2023-09-21,Delhi,72,27.82,0.0,10.1
2023-09-22,Delhi,72,29.67,0.0,5.19
2023-09-23,Delhi,72,28.52,0.0,2.83
2023-09-24,Delhi,72,30.75,0.0,4.86
2023-09-25,Delhi,72,30.34,0.0,5.76
2023-09-26,Delhi,72,31.74,8.67,9.61
2023-09-27,Delhi,72,28.11,0.0,12.06
2023-09-28,Delhi,72,31.46,0.0,6.54
2023-09-29,Delhi,72,30.33,6.48,9.4
2023-09-30,Delhi,72,31.12,4.83,3.68
2023-10-01,Delhi,72,26.41,0.0,5.51
2023-10-02,Delhi,72,28.1,0.0,8.72
2023-10-03,Delhi,72,25.98,0.0,4.09
2023-10-04,Delhi,72,24.58,0.0,4.55
2023-10-05,Delhi,72,24.62,0.0,5.63
2023-10-06,Delhi,72,23.7,0.0,1.88
2023-10-07,Delhi,72,22.69,0.0,3.67
2023-10-08,Delhi,72,22.95,0.0,3.29
2023-10-09,Delhi,72,26.38,0.0,3.37
2023-10-10,Delhi,72,28.69,0.0,2.95
2023-10-11,Delhi,72,29.07,135.53,24.76
2023-10-12,Delhi,72,25.96,0.0,5.31
2023-10-13,Delhi,72,24.71,0.0,6.49
2023-10-14,Delhi,72,25.79,0.0,6.82
2023-10-15,Delhi,72,25.45,0.0,9.65
2023-10-16,Delhi,72,24.21,0.0,6.3
2023-10-17,Delhi,72,23.98,0.0,7.15
2023-10-18,Delhi,72,24.19,0.0,7.2
2023-10-19,Delhi,72,24.07,0.0,8.85
2023-10-20,Delhi,72,24.03,0.0,9.01
2023-10-21,Delhi,72,22.66,0.0,10.68
2023-10-22,Delhi,72,20.6,0.0,10.33
2023-10-23,Delhi,72,18.54,0.0,5.56
2023-10-24,Delhi,72,20.7,0.0,7.77
2023-10-25,Delhi,72,23.16,0.0,3.78
2023-10-26,Delhi,72,23.44,0.0,8.27
2023-10-27,Delhi,72,22.41,0.0,6.37
2023-10-28,Delhi,72,20.83,0.0,5.67
2023-10-29,Delhi,72,24.17,0.0,5.51
2023-10-30,Delhi,72,24.15,0.0,7.0
2023-10-31,Delhi,72,26.86,0.0,1.4
2023-11-01,Delhi,72,21.29,0.0,4.52
2023-11-02,Delhi,72,20.49,0.0,4.5
2023-11-03,Delhi,72,18.1,0.0,2.96
2023-11-04,Delhi,72,20.49,0.0,4.39
2023-11-05,Delhi,72,19.36,0.0,7.91
2023-11-06,Delhi,72,16.19,0.0,6.56
2023-11-07,Delhi,72,15.74,0.0,7.02
2023-11-08,Delhi,72,16.76,0.0,4.46
2023-11-09,Delhi,72,18.3,0.0,0.0
2023-11-10,Delhi,72,15.61,0.0,4.62
2023-11-11,Delhi,72,16.28,0.0,5.31
2023-11-12,Delhi,72,20.0,0.0,6.6
2023-11-13,Delhi,72,19.81,0.0,2.82
2023-11-14,Delhi,72,17.98,0.0,7.42
2023-11-15,Delhi,72,18.7,0.0,4.66
2023-11-16,Delhi,72,19.87,0.0,4.27
2023-11-17,Delhi,72,16.73,0.0,1.79
2023-11-18,Delhi,72,17.33,0.0,1.76
2023-11-19,Delhi,72,16.56,0.0,6.78
2023-11-20,Delhi,72,18.26,0.0,2.54
2023-11-21,Delhi,72,20.62,0.0,6.67
2023-11-22,Delhi,72,19.55,0.0,10.61
2023-11-23,Delhi,72,17.4,0.0,10.18
2023-11-24,Delhi,72,18.01,0.0,9.88
2023-11-25,Delhi,72,18.47,0.0,12.81
2023-11-26,Delhi,72,19.26,0.0,14.7
2023-11-27,Delhi,72,17.22,0.0,7.87
2023-11-28,Delhi,72,20.11,0.0,10.04
2023-11-29,Delhi,72,19.19,0.0,11.84
2023-11-30,Delhi,72,19.5,0.0,7.26
2023-12-01,Delhi,72,16.82,0.0,6.55
2023-12-02,Delhi,72,18.02,0.0,6.27
2023-12-03,Delhi,72,17.72,0.0,11.6
2023-12-04,Delhi,72,16.33,0.0,3.2
2023-12-05,Delhi,72,15.63,0.0,5.01
2023-12-06,Delhi,72,12.66,0.0,7.22
2023-12-07,Delhi,72,14.42,0.0,8.43
2023-12-08,Delhi,72,15.29,0.0,11.08
2023-12-09,Delhi,72,14.07,0.0,7.39
2023-12-10,Delhi,72,12.84,0.0,4.32
2023-12-11,Delhi,72,10.67,0.0,5.53
2023-12-12,Delhi,72,14.22,0.0,7.25
2023-12-13,Delhi,72,14.96,0.0,7.48
2023-12-14,Delhi,72,14.01,0.0,4.87
2023-12-15,Delhi,72,10.15,0.0,1.82
2023-12-16,Delhi,72,14.18,0.0,7.06
2023-12-17,Delhi,72,14.35,12.62,10.32
2023-12-18,Delhi,72,17.72,0.0,8.87
2023-12-19,Delhi,72,16.29,0.0,7.11
2023-12-20,Delhi,72,15.69,0.0,3.9
2023-12-21,Delhi,72,17.75,0.0,4.71
2023-12-22,Delhi,72,13.06,0.0,5.45
2023-12-23,Delhi,72,16.38,0.0,2.33
2023-12-24,Delhi,72,15.29,0.0,1.18
2023-12-25,Delhi,72,14.67,0.0,7.17
2023-12-26,Delhi,72,17.12,0.0,7.11
2023-12-27,Delhi,72,17.45,0.0,4.28
2023-12-28,Delhi,72,13.51,0.0,6.75
2023-12-29,Delhi,72,15.29,2.46,7.68
2023-12-30,Delhi,72,16.13,0.0,4.13
2023-12-31,Delhi,72,15.36,0.0,7.22
2024-01-01,Delhi,72,12.95,0.0,8.36
2024-01-02,Delhi,72,13.47,0.0,8.54
2024-01-03,Delhi,72,11.95,0.0,7.27
2024-01-04,Delhi,72,11.14,0.0,7.89
2024-01-05,Delhi,72,13.05,0.0,7.25
2024-01-06,Delhi,72,10.99,0.0,7.64
2024-01-07,Delhi,72,9.88,0.0,9.18
2024-01-08,Delhi,72,10.85,0.0,5.59
2024-01-09,Delhi,72,11.48,0.0,4.8
2024-01-10,Delhi,72,12.4,0.0,7.42
2024-01-11,Delhi,72,12.88,0.0,5.08
2024-01-12,Delhi,72,11.58,0.0,11.17
2024-01-13,Delhi,72,12.91,0.0,9.5
2024-01-14,Delhi,72,11.9,0.0,4.17
2024-01-15,Delhi,72,14.99,0.0,6.58
2024-01-16,Delhi,72,13.75,0.0,4.89
2024-01-17,Delhi,72,12.99,0.0,5.68
2024-01-18,Delhi,72,14.0,0.0,7.02
2024-01-19,Delhi,72,13.08,0.0,5.7
2024-01-20,Delhi,72,14.18,0.0,8.51
2024-01-21,Delhi,72,13.25,0.0,11.14
2024-01-22,Delhi,72,13.67,0.0,10.59
2024-01-23,Delhi,72,12.9,0.0,7.21
2024-01-24,Delhi,72,14.83,0.0,5.58
2024-01-25,Delhi,72,13.75,0.0,7.59
2024-01-26,Delhi,72,14.34,0.0,5.78
2024-01-27,Delhi,72,9.28,0.0,6.53
2024-01-28,Delhi,72,11.43,0.0,7.68
2024-01-29,Delhi,72,10.61,0.0,3.59
2024-01-30,Delhi,72,12.4,0.0,3.82
2024-01-31,Delhi,72,13.71,0.0,8.1
2024-02-01,Delhi,72,19.03,0.0,10.51
2024-02-02,Delhi,72,20.59,0.0,8.93
2024-02-03,Delhi,72,20.63,0.0,6.3
2024-02-04,Delhi,72,20.51,0.0,14.32
2024-02-05,Delhi,72,19.35,0.0,10.79
2024-02-06,Delhi,72,20.46,0.0,2.94
2024-02-07,Delhi,72,19.25,0.0,10.89
2024-02-08,Delhi,72,21.53,0.0,9.61
2024-02-09,Delhi,72,18.91,0.0,6.59
2024-02-10,Delhi,72,18.39,0.0,12.18
2024-02-11,Delhi,72,18.45,0.0,8.51
2024-02-12,Delhi,72,18.29,0.0,8.26
2024-02-13,Delhi,72,16.52,0.0,8.9
2024-02-14,Delhi,72,15.95,0.0,5.65
2024-02-15,Delhi,72,16.77,0.0,10.88
2024-02-16,Delhi,72,15.87,0.0,7.11
2024-02-17,Delhi,72,19.26,0.0,10.96
2024-02-18,Delhi,72,18.98,0.0,8.39
2024-02-19,Delhi,72,18.04,0.0,11.52
2024-02-20,Delhi,72,13.46,0.0,11.15
2024-02-21,Delhi,72,17.05,0.0,10.49
2024-02-22,Delhi,72,15.89,0.0,13.14
2024-02-23,Delhi,72,15.72,0.0,7.48
2024-02-24,Delhi,72,15.97,0.0,8.67
2024-02-25,Delhi,72,15.4,0.0,12.46
2024-02-26,Delhi,72,15.06,0.0,7.01
2024-02-27,Delhi,72,16.49,0.0,8.65
2024-02-28,Delhi,72,15.74,0.0,8.08
2024-02-29,Delhi,72,16.41,6.75,12.63
2024-03-01,Delhi,72,25.51,0.0,7.45
2024-03-02,Delhi,72,24.52,0.0,7.28
2024-03-03,Delhi,72,24.87,0.0,8.06
2024-03-04,Delhi,72,24.44,0.0,7.75
2024-03-05,Delhi,72,23.81,0.0,8.54
2024-03-06,Delhi,72,22.52,0.0,10.76
2024-03-07,Delhi,72,24.77,0.0,10.62
2024-03-08,Delhi,72,26.82,0.0,6.14
2024-03-09,Delhi,72,26.8,0.0,8.06
2024-03-10,Delhi,72,24.23,0.0,9.66
2024-03-11,Delhi,72,25.09,0.0,9.28
2024-03-12,Delhi,72,21.06,0.0,11.88
2024-03-13,Delhi,72,22.22,0.0,13.25
2024-03-14,Delhi,72,20.81,0.0,10.22
2024-03-15,Delhi,72,23.71,0.0,7.46
2024-03-16,Delhi,72,24.1,0.0,5.26
2024-03-17,Delhi,72,24.46,0.0,6.14
2024-03-18,Delhi,72,22.5,0.0,2.52
2024-03-19,Delhi,72,22.18,0.0,9.24
2024-03-20,Delhi,72,24.59,0.0,9.54
2024-03-21,Delhi,72,24.19,0.0,5.62
2024-03-22,Delhi,72,25.34,0.0,3.66
2024-03-23,Delhi,72,27.24,0.0,5.38
2024-03-24,Delhi,72,25.88,0.0,7.24
2024-03-25,Delhi,72,26.77,0.0,9.03
2024-03-26,Delhi,72,23.98,0.0,6.64
2024-03-27,Delhi,72,25.25,0.0,7.0
2024-03-28,Delhi,72,21.34,0.0,14.16
2024-03-29,Delhi,72,22.45,0.0,12.16
2024-03-30,Delhi,72,24.27,0.0,11.61
2024-03-31,Delhi,72,25.64,0.0,9.06
2024-04-01,Delhi,72,33.6,0.0,7.0
2024-04-02,Delhi,72,31.49,0.0,5.0
2024-04-03,Delhi,72,31.88,0.0,13.42
2024-04-04,Delhi,72,30.01,9.65,10.89
2024-04-05,Delhi,72,31.92,0.0,10.07
2024-04-06,Delhi,72,30.07,0.0,9.42
2024-04-07,Delhi,72,31.91,0.0,10.89
2024-04-08,Delhi,72,27.01,0.0,7.28
2024-04-09,Delhi,72,27.9,0.0,11.37
2024-04-10,Delhi,72,28.69,0.0,11.27
2024-04-11,Delhi,72,26.53,0.0,14.02
2024-04-12,Delhi,72,29.8,0.0,9.07
2024-04-13,Delhi,72,28.51,0.0,9.57
2024-04-14,Delhi,72,29.44,0.0,9.59
2024-04-15,Delhi,72,28.02,0.0,10.48
2024-04-16,Delhi,72,27.53,0.0,10.86
2024-04-17,Delhi,72,31.46,0.0,11.51
2024-04-18,Delhi,72,31.08,0.0,9.94
2024-04-19,Delhi,72,26.98,0.0,12.04
2024-04-20,Delhi,72,29.65,0.0,12.27
2024-04-21,Delhi,72,29.99,0.0,11.27
2024-04-22,Delhi,72,29.34,0.0,15.78
2024-04-23,Delhi,72,29.34,0.0,13.1
2024-04-24,Delhi,72,30.45,0.0,12.28
2024-04-25,Delhi,72,27.78,0.0,9.76
2024-04-26,Delhi,72,29.73,0.0,7.29
2024-04-27,Delhi,72,27.5,0.0,12.11
2024-04-28,Delhi,72,29.57,0.0,11.38
2024-04-29,Delhi,72,30.86,0.0,10.78
2024-04-30,Delhi,72,27.93,0.0,9.56
2024-05-01,Delhi,72,32.59,0.0,12.4
2024-05-02,Delhi,72,32.82,0.0,11.04
2024-05-03,Delhi,72,30.31,0.0,14.86
2024-05-04,Delhi,72,31.63,0.0,11.53
2024-05-05,Delhi,72,32.62,0.0,13.37
2024-05-06,Delhi,72,32.13,0.0,12.43
2024-05-07,Delhi,72,33.67,0.0,10.0
2024-05-08,Delhi,72,35.42,0.0,13.15
2024-05-09,Delhi,72,36.38,0.0,9.86
2024-05-10,Delhi,72,35.74,0.0,11.66
2024-05-11,Delhi,72,34.84,0.0,11.11
2024-05-12,Delhi,72,35.12,0.0,10.43
2024-05-13,Delhi,72,34.76,0.0,8.95
2024-05-14,Delhi,72,30.68,0.0,7.66
2024-05-15,Delhi,72,34.55,0.0,11.35
2024-05-16,Delhi,72,37.11,0.0,14.09
2024-05-17,Delhi,72,35.06,0.0,10.89
2024-05-18,Delhi,72,34.13,0.0,12.69
2024-05-19,Delhi,72,32.42,0.0,11.08
2024-05-20,Delhi,72,31.43,0.0,11.31
2024-05-21,Delhi,72,31.82,0.0,15.35
2024-05-22,Delhi,72,33.38,0.0,11.71
2024-05-23,Delhi,72,33.27,0.0,8.26
2024-05-24,Delhi,72,32.59,0.0,6.63
2024-05-25,Delhi,72,30.7,0.0,11.85
2024-05-26,Delhi,72,31.06,0.0,11.12
2024-05-27,Delhi,72,33.81,0.0,12.32
2024-05-28,Delhi,72,32.97,0.0,12.92
2024-05-29,Delhi,72,31.53,0.0,9.2
2024-05-30,Delhi,72,32.65,0.0,12.2
2024-05-31,Delhi,72,34.56,0.0,10.15
2024-06-01,Delhi,72,35.07,0.0,14.28
2024-06-02,Delhi,72,34.8,13.63,10.68
2024-06-03,Delhi,72,33.36,0.0,14.16
2024-06-04,Delhi,72,32.37,0.0,13.67
2024-06-05,Delhi,72,31.46,0.0,17.55
2024-06-06,Delhi,72,35.34,0.0,15.51
2024-06-07,Delhi,72,38.25,0.0,14.61
2024-06-08,Delhi,72,37.74,0.0,12.9
2024-06-09,Delhi,72,34.76,0.0,17.31
2024-06-10,Delhi,72,35.44,0.0,16.59
2024-06-11,Delhi,72,33.26,0.0,17.43
2024-06-12,Delhi,72,33.58,0.0,20.03
2024-06-13,Delhi,72,31.9,0.0,14.37
2024-06-14,Delhi,72,33.96,0.0,16.41
2024-06-15,Delhi,72,31.81,1.99,12.99
2024-06-16,Delhi,72,33.06,0.0,14.25
2024-06-17,Delhi,72,32.35,0.0,12.09
2024-06-18,Delhi,72,32.43,0.0,12.05
2024-06-19,Delhi,72,30.64,0.0,13.57
2024-06-20,Delhi,72,32.18,0.0,12.96
2024-06-21,Delhi,72,33.67,0.0,12.37
2024-06-22,Delhi,72,35.89,0.0,14.34
2024-06-23,Delhi,72,36.29,1.98,13.42
2024-06-24,Delhi,72,38.11,0.0,10.26
2024-06-25,Delhi,72,34.21,0.0,11.38
2024-06-26,Delhi,72,36.6,0.0,13.1
2024-06-27,Delhi,72,36.31,0.0,12.25
2024-06-28,Delhi,72,34.92,4.03,9.27
2024-06-29,Delhi,72,34.97,4.94,14.02
2024-06-30,Delhi,72,34.98,1.7,12.47
2024-07-01,Delhi,72,29.82,33.15,17.1
2024-07-02,Delhi,72,30.18,9.82,11.38
2024-07-03,Delhi,72,32.66,35.33,16.97
2024-07-04,Delhi,72,33.37,15.74,14.07
2024-07-05,Delhi,72,34.16,6.77,11.16
2024-07-06,Delhi,72,32.66,5.68,10.07
2024-07-07,Delhi,72,34.01,0.0,9.47
2024-07-08,Delhi,72,32.8,0.0,12.28
2024-07-09,Delhi,72,30.88,0.0,12.11
2024-07-10,Delhi,72,32.28,0.0,12.28
2024-07-11,Delhi,72,33.88,5.87,10.73
2024-07-12,Delhi,72,33.36,10.41,13.19
2024-07-13,Delhi,72,31.89,0.32,14.88
2024-07-14,Delhi,72,27.16,3.42,11.68
2024-07-15,Delhi,72,30.67,0.0,14.78
2024-07-16,Delhi,72,31.8,0.0,11.65
2024-07-17,Delhi,72,31.49,0.0,16.01
2024-07-18,Delhi,72,32.89,0.0,13.05
2024-07-19,Delhi,72,27.76,0.0,13.45
2024-07-20,Delhi,72,29.69,0.0,10.97
2024-07-21,Delhi,72,27.92,0.0,8.68
2024-07-22,Delhi,72,32.62,30.94,11.41
2024-07-23,Delhi,72,33.35,9.49,10.94
2024-07-24,Delhi,72,31.49,1.44,7.64
2024-07-25,Delhi,72,28.52,18.29,13.43
2024-07-26,Delhi,72,27.6,4.13,10.27
2024-07-27,Delhi,72,27.87,8.03,10.94
2024-07-28,Delhi,72,29.1,13.43,16.91
2024-07-29,Delhi,72,29.92,5.42,17.1
2024-07-30,Delhi,72,28.37,10.41,11.1
2024-07-31,Delhi,72,29.06,4.11,12.25
2024-08-01,Delhi,72,30.68,26.16,11.85
2024-08-02,Delhi,72,30.54,29.24,13.98
2024-08-03,Delhi,72,29.43,20.58,8.84
2024-08-04,Delhi,72,31.16,8.36,6.44
2024-08-05,Delhi,72,32.21,15.99,9.34
2024-08-06,Delhi,72,31.02,5.2,13.7
2024-08-07,Delhi,72,32.54,7.66,7.45
2024-08-08,Delhi,72,31.64,5.05,5.98
2024-08-09,Delhi,72,31.96,0.0,7.58
2024-08-10,Delhi,72,33.07,7.39,10.11
2024-08-11,Delhi,72,30.41,6.52,9.08
2024-08-12,Delhi,72,30.61,3.39,9.52
2024-08-13,Delhi,72,28.01,0.0,12.1
2024-08-14,Delhi,72,29.18,0.0,12.61
2024-08-15,Delhi,72,27.68,1.58,8.11
2024-08-16,Delhi,72,30.37,34.92,18.82
2024-08-17,Delhi,72,29.55,0.71,13.63
2024-08-18,Delhi,72,31.38,14.38,11.37
2024-08-19,Delhi,72,30.16,16.27,12.53
2024-08-20,Delhi,72,31.64,14.54,11.83
2024-08-21,Delhi,72,30.69,16.46,15.22
2024-08-22,Delhi,72,29.72,0.0,14.07
2024-08-23,Delhi,72,29.95,0.0,9.25
2024-08-24,Delhi,72,31.65,0.0,9.66
2024-08-25,Delhi,72,31.97,0.0,6.47
2024-08-26,Delhi,72,32.25,0.0,10.18
2024-08-27,Delhi,72,34.13,12.02,11.66
2024-08-28,Delhi,72,31.56,4.36,7.76
2024-08-29,Delhi,72,29.62,0.96,7.1
2024-08-30,Delhi,72,29.99,4.69,3.65
2024-08-31,Delhi,72,28.26,0.71,11.5
2024-09-01,Delhi,72,25.69,0.0,11.4
2024-09-02,Delhi,72,28.34,0.0,7.0
2024-09-03,Delhi,72,28.25,7.67,9.69
2024-09-04,Delhi,72,27.35,0.0,7.49
2024-09-05,Delhi,72,25.94,0.0,9.85
2024-09-06,Delhi,72,28.81,0.0,5.88
2024-09-07,Delhi,72,28.86,0.0,5.32
2024-09-08,Delhi,72,27.59,9.64,15.99
2024-09-09,Delhi,72,28.54,0.0,11.27
2024-09-10,Delhi,72,30.41,0.0,12.31
2024-09-11,Delhi,72,30.05,10.16,13.36
2024-09-12,Delhi,72,29.53,0.43,2.81
2024-09-13,Delhi,72,32.79,0.87,6.43
2024-09-14,Delhi,72,30.74,3.47,6.07
2024-09-15,Delhi,72,28.72,0.0,6.21
2024-09-16,Delhi,72,27.47,0.0,5.63
2024-09-17,Delhi,72,30.95,10.81,5.24
2024-09-18,Delhi,72,29.12,0.0,8.77
2024-09-19,Delhi,72,30.21,35.74,16.81
2024-09-20,Delhi,72,30.84,1.51,13.38
2024-09-21,Delhi,72,31.38,13.91,17.79
2024-09-22,Delhi,72,30.99,0.0,10.16
2024-09-23,Delhi,72,31.27,0.0,10.67
2024-09-24,Delhi,72,30.36,0.0,10.8
2024-09-25,Delhi,72,29.42,0.0,9.28
2024-09-26,Delhi,72,31.16,4.8,9.9
2024-09-27,Delhi,72,30.06,2.36,11.55
2024-09-28,Delhi,72,29.29,0.0,5.29
2024-09-29,Delhi,72,30.73,15.33,14.27
2024-09-30,Delhi,72,29.73,2.04,14.16
2024-10-01,Delhi,72,26.38,0.0,8.16
2024-10-02,Delhi,72,26.52,0.0,9.85
2024-10-03,Delhi,72,26.89,0.0,7.26
2024-10-04,Delhi,72,27.43,0.0,6.7
2024-10-05,Delhi,72,27.41,0.0,5.14
2024-10-06,Delhi,72,25.33,0.0,6.52
2024-10-07,Delhi,72,23.56,0.0,6.41
2024-10-08,Delhi,72,24.96,0.0,1.97
2024-10-09,Delhi,72,24.09,0.0,5.93
2024-10-10,Delhi,72,24.82,0.0,5.36
2024-10-11,Delhi,72,23.6,0.0,0.62
2024-10-12,Delhi,72,26.15,0.0,5.05
2024-10-13,Delhi,72,25.57,0.0,6.79
2024-10-14,Delhi,72,24.73,0.0,2.06
2024-10-15,Delhi,72,25.94,0.0,0.92
2024-10-16,Delhi,72,24.72,0.0,4.33
2024-10-17,Delhi,72,23.6,0.0,7.11
2024-10-18,Delhi,72,25.3,0.0,3.85
2024-10-19,Delhi,72,25.15,0.0,4.32
2024-10-20,Delhi,72,25.36,0.0,3.14
2024-10-21,Delhi,72,24.55,0.0,4.79
2024-10-22,Delhi,72,23.87,0.0,10.16
2024-10-23,Delhi,72,24.0,0.0,6.62
2024-10-24,Delhi,72,26.0,0.0,5.25
2024-10-25,Delhi,72,25.61,0.0,7.57
2024-10-26,Delhi,72,24.53,0.0,7.39
2024-10-27,Delhi,72,24.67,0.0,8.4
2024-10-28,Delhi,72,25.51,0.0,7.47
2024-10-29,Delhi,72,28.34,0.0,6.31
2024-10-30,Delhi,72,27.17,0.0,3.12
2024-10-31,Delhi,72,24.82,0.0,2.84
2024-11-01,Delhi,72,21.17,0.0,4.95
2024-11-02,Delhi,72,17.6,0.0,4.06
2024-11-03,Delhi,72,18.86,0.0,4.03
2024-11-04,Delhi,72,19.5,0.0,7.08
2024-11-05,Delhi,72,21.7,0.0,2.59
2024-11-06,Delhi,72,20.44,0.0,2.92
2024-11-07,Delhi,72,18.99,0.0,2.34
2024-11-08,Delhi,72,19.35,0.0,6.28
2024-11-09,Delhi,72,20.83,0.0,7.16
2024-11-10,Delhi,72,20.78,0.0,7.02
2024-11-11,Delhi,72,18.36,0.0,2.87
2024-11-12,Delhi,72,20.04,0.0,1.82
2024-11-13,Delhi,72,19.66,0.0,3.39
2024-11-14,Delhi,72,20.83,0.0,4.7
2024-11-15,Delhi,72,19.64,0.0,7.21
2024-11-16,Delhi,72,18.99,0.0,4.1
2024-11-17,Delhi,72,19.9,0.0,6.52
2024-11-18,Delhi,72,19.75,0.0,6.14
2024-11-19,Delhi,72,18.73,0.0,6.07
2024-11-20,Delhi,72,21.11,0.0,4.99
2024-11-21,Delhi,72,19.94,0.0,4.08
2024-11-22,Delhi,72,17.81,0.0,3.78
2024-11-23,Delhi,72,18.71,0.0,0.96
2024-11-24,Delhi,72,17.26,0.0,3.2
2024-11-25,Delhi,72,19.75,0.0,3.14
2024-11-26,Delhi,72,20.4,0.0,4.57
2024-11-27,Delhi,72,20.17,0.0,4.99
2024-11-28,Delhi,72,17.48,0.0,3.94
2024-11-29,Delhi,72,19.92,0.0,0.0
2024-11-30,Delhi,72,19.88,0.0,1.06
2024-12-01,Delhi,72,15.18,0.0,5.95
2024-12-02,Delhi,72,15.63,0.0,8.51
2024-12-03,Delhi,72,16.51,0.0,4.26
2024-12-04,Delhi,72,16.31,0.0,3.03
2024-12-05,Delhi,72,14.83,0.0,4.92
2024-12-06,Delhi,72,13.36,0.0,5.71
2024-12-07,Delhi,72,12.14,0.0,4.84
2024-12-08,Delhi,72,14.98,0.0,7.6
2024-12-09,Delhi,72,17.35,0.0,5.76
2024-12-10,Delhi,72,17.23,0.0,5.29
2024-12-11,Delhi,72,17.38,0.0,7.89
2024-12-12,Delhi,72,15.99,0.0,6.76
2024-12-13,Delhi,72,16.41,0.0,4.91
2024-12-14,Delhi,72,16.02,0.0,9.24
2024-12-15,Delhi,72,15.24,0.0,6.37
2024-12-16,Delhi,72,15.54,0.0,5.64
2024-12-17,Delhi,72,15.3,0.0,7.56
2024-12-18,Delhi,72,13.48,0.0,1.44
2024-12-19,Delhi,72,14.05,0.0,9.53
2024-12-20,Delhi,72,13.12,0.0,4.32
2024-12-21,Delhi,72,11.92,0.0,3.81
2024-12-22,Delhi,72,15.39,0.0,2.3
2024-12-23,Delhi,72,14.2,0.0,4.96
2024-12-24,Delhi,72,12.91,0.0,4.62
2024-12-25,Delhi,72,14.63,0.0,6.09
2024-12-26,Delhi,72,14.41,0.0,7.62
2024-12-27,Delhi,72,13.58,0.0,9.36
2024-12-28,Delhi,72,13.13,0.0,3.58
2024-12-29,Delhi,72,14.51,0.0,4.58
2024-12-30,Delhi,72,12.87,0.0,4.09
2024-12-31,Delhi,72,14.5,0.0,10.39
2025-01-01,Delhi,72,13.32,0.0,8.78
2025-01-02,Delhi,72,16.25,0.0,9.35
2025-01-03,Delhi,72,13.45,0.0,7.93
2025-01-04,Delhi,72,17.4,0.0,8.46
2025-01-05,Delhi,72,15.81,0.0,9.24
2025-01-06,Delhi,72,15.98,0.0,5.67
2025-01-07,Delhi,72,14.43,0.0,4.85
2025-01-08,Delhi,72,13.22,0.0,9.24
2025-01-09,Delhi,72,11.06,0.0,5.85
2025-01-10,Delhi,72,12.0,0.0,7.3
2025-01-11,Delhi,72,11.3,0.0,5.28
2025-01-12,Delhi,72,12.18,0.0,2.27
2025-01-13,Delhi,72,11.43,0.0,4.08
2025-01-14,Delhi,72,10.83,0.0,9.02
2025-01-15,Delhi,72,9.58,0.0,7.17
2025-01-16,Delhi,72,11.13,0.0,6.04
2025-01-17,Delhi,72,11.7,0.0,4.3
2025-01-18,Delhi,72,11.09,20.6,12.88
2025-01-19,Delhi,72,14.53,0.0,7.15
2025-01-20,Delhi,72,10.94,0.0,8.56
2025-01-21,Delhi,72,11.8,0.0,12.23
2025-01-22,Delhi,72,11.57,0.0,9.28
2025-01-23,Delhi,72,9.79,0.0,10.07
2025-01-24,Delhi,72,10.19,0.0,6.34
2025-01-25,Delhi,72,10.04,0.0,10.9
2025-01-26,Delhi,72,8.74,0.0,12.13
2025-01-27,Delhi,72,10.89,0.0,8.66
2025-01-28,Delhi,72,10.32,0.0,7.94
2025-01-29,Delhi,72,12.18,0.0,8.69
2025-01-30,Delhi,72,10.29,0.0,6.27
2025-01-31,Delhi,72,11.32,0.0,3.36
2025-02-01,Delhi,72,16.47,22.67,8.98
2025-02-02,Delhi,72,17.96,6.77,7.38
2025-02-03,Delhi,72,15.53,0.0,3.63
2025-02-04,Delhi,72,19.04,0.0,3.38
2025-02-05,Delhi,72,18.97,0.0,1.29
2025-02-06,Delhi,72,18.72,0.0,4.41
2025-02-07,Delhi,72,16.45,0.0,9.22
2025-02-08,Delhi,72,15.14,0.0,9.74
2025-02-09,Delhi,72,16.03,0.0,7.87
2025-02-10,Delhi,72,19.46,0.0,8.72
2025-02-11,Delhi,72,18.84,0.0,9.31
2025-02-12,Delhi,72,19.64,0.0,4.23
2025-02-13,Delhi,72,15.89,0.0,9.04
2025-02-14,Delhi,72,15.95,0.0,8.79
2025-02-15,Delhi,72,16.16,0.0,10.67
2025-02-16,Delhi,72,16.09,0.0,8.73
2025-02-17,Delhi,72,15.07,0.0,7.98
2025-02-18,Delhi,72,14.73,0.0,10.09
2025-02-19,Delhi,72,15.44,0.0,7.82
2025-02-20,Delhi,72,17.98,0.0,8.02
2025-02-21,Delhi,72,16.14,0.0,12.05
2025-02-22,Delhi,72,17.49,0.0,6.18
2025-02-23,Delhi,72,15.72,4.41,10.23
2025-02-24,Delhi,72,17.01,0.0,10.33
2025-02-25,Delhi,72,16.89,0.0,12.78
2025-02-26,Delhi,72,18.44,0.0,4.35
2025-02-27,Delhi,72,18.15,0.0,7.83
2025-02-28,Delhi,72,20.87,0.0,5.97
2025-03-01,Delhi,72,26.5,0.0,8.42
2025-03-02,Delhi,72,23.4,0.0,8.54
2025-03-03,Delhi,72,24.85,0.0,4.96
2025-03-04,Delhi,72,24.09,0.0,5.27
2025-03-05,Delhi,72,24.31,0.0,9.74
2025-03-06,Delhi,72,24.86,0.0,7.43
2025-03-07,Delhi,72,23.22,0.0,6.63
2025-03-08,Delhi,72,22.88,0.0,10.82
2025-03-09,Delhi,72,24.86,0.0,3.76
2025-03-10,Delhi,72,23.11,0.0,7.62
2025-03-11,Delhi,72,21.96,0.0,11.48
2025-03-12,Delhi,72,21.02,0.0,9.93
2025-03-13,Delhi,72,21.32,0.0,10.14
2025-03-14,Delhi,72,23.35,0.0,6.46
2025-03-15,Delhi,72,23.18,0.0,10.15
2025-03-16,Delhi,72,22.04,0.0,11.54
2025-03-17,Delhi,72,23.25,0.0,9.81
2025-03-18,Delhi,72,24.04,0.0,13.79
2025-03-19,Delhi,72,23.46,0.0,12.08
2025-03-20,Delhi,72,22.25,0.0,5.76
2025-03-21,Delhi,72,23.99,0.0,7.94
2025-03-22,Delhi,72,22.87,0.0,12.75
2025-03-23,Delhi,72,22.15,0.0,12.54
2025-03-24,Delhi,72,22.22,0.0,9.7
2025-03-25,Delhi,72,24.25,0.0,5.72
2025-03-26,Delhi,72,21.4,0.0,9.16
2025-03-27,Delhi,72,21.83,0.0,10.42
2025-03-28,Delhi,72,21.16,0.0,10.59
2025-03-29,Delhi,72,25.08,0.0,8.64
2025-03-30,Delhi,72,22.96,0.0,6.23
2025-03-31,Delhi,72,24.36,0.0,11.95
2025-04-01,Delhi,72,31.81,0.0,7.27
2025-04-02,Delhi,72,31.96,0.0,10.39
2025-04-03,Delhi,72,30.0,0.0,10.96
2025-04-04,Delhi,72,33.68,0.0,13.52
2025-04-05,Delhi,72,32.98,2.0,14.98
2025-04-06,Delhi,72,31.31,0.0,10.1
2025-04-07,Delhi,72,34.84,0.0,4.87
2025-04-08,Delhi,72,32.3,0.0,11.56
2025-04-09,Delhi,72,32.85,0.0,9.93
2025-04-10,Delhi,72,30.68,0.0,9.54
2025-04-11,Delhi,72,31.03,0.0,11.66
2025-04-12,Delhi,72,31.15,0.0,7.41
2025-04-13,Delhi,72,29.43,0.0,11.47
2025-04-14,Delhi,72,27.87,1.19,17.16
2025-04-15,Delhi,72,32.79,0.0,17.52
2025-04-16,Delhi,72,33.21,0.0,13.32
2025-04-17,Delhi,72,34.78,0.0,10.26
2025-04-18,Delhi,72,34.37,0.0,12.66
2025-04-19,Delhi,72,33.35,0.0,11.66
2025-04-20,Delhi,72,32.49,0.0,7.62
2025-04-21,Delhi,72,33.44,0.0,6.43
2025-04-22,Delhi,72,31.77,0.0,6.75
2025-04-23,Delhi,72,31.21,0.0,10.55
2025-04-24,Delhi,72,30.67,0.0,7.18
2025-04-25,Delhi,72,31.25,0.0,11.88
2025-04-26,Delhi,72,31.58,0.0,10.02
2025-04-27,Delhi,72,31.34,0.0,9.79
2025-04-28,Delhi,72,31.59,0.0,9.99
2025-04-29,Delhi,72,27.16,0.0,9.47
2025-04-30,Delhi,72,28.41,0.0,10.28
2025-05-01,Delhi,72,32.64,0.0,11.26
2025-05-02,Delhi,72,32.11,0.0,12.48
2025-05-03,Delhi,72,32.35,0.0,12.09
2025-05-04,Delhi,72,33.01,0.0,7.68
2025-05-05,Delhi,72,31.17,0.0,13.84
2025-05-06,Delhi,72,34.31,0.0,11.35
2025-05-07,Delhi,72,33.78,0.0,10.34
2025-05-08,Delhi,72,34.89,0.0,14.4
2025-05-09,Delhi,72,33.5,0.0,14.3
2025-05-10,Delhi,72,34.13,0.0,13.22
2025-05-11,Delhi,72,33.38,0.0,13.61
2025-05-12,Delhi,72,32.49,0.0,9.21
2025-05-13,Delhi,72,31.88,0.0,11.04
2025-05-14,Delhi,72,34.0,0.0,14.12
2025-05-15,Delhi,72,33.49,0.0,14.07
2025-05-16,Delhi,72,32.73,0.0,15.6
2025-05-17,Delhi,72,32.77,0.0,11.48
2025-05-18,Delhi,72,31.73,0.0,15.33
2025-05-19,Delhi,72,33.76,0.0,11.16
2025-05-20,Delhi,72,30.63,0.0,9.95
2025-05-21,Delhi,72,33.38,0.0,12.15
2025-05-22,Delhi,72,35.82,0.0,11.55
2025-05-23,Delhi,72,33.79,0.0,13.52
2025-05-24,Delhi,72,33.46,0.0,15.79
2025-05-25,Delhi,72,35.4,0.0,14.39
2025-05-26,Delhi,72,32.18,0.0,8.98
2025-05-27,Delhi,72,33.78,0.0,12.36
2025-05-28,Delhi,72,31.49,0.0,11.23
2025-05-29,Delhi,72,35.74,11.47,13.7
2025-05-30,Delhi,72,34.29,14.9,15.96
2025-05-31,Delhi,72,34.13,0.0,12.17
2025-06-01,Delhi,72,37.76,0.0,13.52
2025-06-02,Delhi,72,38.01,0.0,14.24
2025-06-03,Delhi,72,34.37,0.0,16.25
2025-06-04,Delhi,72,34.59,14.7,16.89
2025-06-05,Delhi,72,35.02,7.14,16.2
2025-06-06,Delhi,72,36.43,8.18,16.29
2025-06-07,Delhi,72,37.33,0.0,16.08
2025-06-08,Delhi,72,34.04,0.0,13.77
2025-06-09,Delhi,72,34.34,0.0,15.75
2025-06-10,Delhi,72,33.51,4.64,15.67
2025-06-11,Delhi,72,32.69,0.0,15.79
2025-06-12,Delhi,72,32.88,0.0,16.7
2025-06-13,Delhi,72,33.86,0.0,16.72
2025-06-14,Delhi,72,33.92,0.0,16.42
2025-06-15,Delhi,72,31.88,0.0,13.78
2025-06-16,Delhi,72,33.54,0.0,12.97
2025-06-17,Delhi,72,29.63,0.0,14.49
2025-06-18,Delhi,72,28.02,0.0,9.82
2025-06-19,Delhi,72,30.38,23.53,17.69
2025-06-20,Delhi,72,30.39,12.42,11.98
2025-06-21,Delhi,72,30.12,0.0,10.54
2025-06-22,Delhi,72,33.78,8.2,10.5
2025-06-23,Delhi,72,33.91,0.0,13.6
2025-06-24,Delhi,72,34.03,2.26,15.6
2025-06-25,Delhi,72,32.81,1.53,12.98
2025-06-26,Delhi,72,33.94,0.0,12.93
2025-06-27,Delhi,72,35.05,2.91,13.04
2025-06-28,Delhi,72,32.92,1.59,11.97
2025-06-29,Delhi,72,35.02,0.0,11.54
2025-06-30,Delhi,72,33.97,12.78,12.99
2025-07-01,Delhi,72,32.15,0.0,9.25
2025-07-02,Delhi,72,29.24,0.0,9.01
2025-07-03,Delhi,72,31.82,0.0,8.51
2025-07-04,Delhi,72,32.19,0.0,12.16
2025-07-05,Delhi,72,34.09,0.0,10.94
2025-07-06,Delhi,72,32.73,0.0,12.27
2025-07-07,Delhi,72,32.97,0.0,9.58
2025-07-08,Delhi,72,31.99,15.79,13.18
2025-07-09,Delhi,72,30.43,3.93,11.4
2025-07-10,Delhi,72,29.64,1.41,11.77
2025-07-11,Delhi,72,31.29,5.84,14.26
2025-07-12,Delhi,72,31.63,8.34,14.31
2025-07-13,Delhi,72,31.32,0.0,8.42
2025-07-14,Delhi,72,32.6,0.0,7.66
2025-07-15,Delhi,72,33.69,0.0,9.25
2025-07-16,Delhi,72,31.78,0.0,10.21
2025-07-17,Delhi,72,34.36,0.0,9.53
2025-07-18,Delhi,72,32.8,0.0,10.87
2025-07-19,Delhi,72,31.43,0.0,10.33
2025-07-20,Delhi,72,31.62,19.38,12.71
2025-07-21,Delhi,72,31.0,2.58,13.61
2025-07-22,Delhi,72,31.31,3.16,10.5
2025-07-23,Delhi,72,32.61,3.51,14.58
2025-07-24,Delhi,72,33.15,2.21,11.6
2025-07-25,Delhi,72,32.9,3.37,12.4
2025-07-26,Delhi,72,33.59,7.67,13.31
2025-07-27,Delhi,72,28.85,7.96,15.74
2025-07-28,Delhi,72,32.14,6.2,9.68
2025-07-29,Delhi,72,33.11,54.3,16.79
2025-07-30,Delhi,72,32.19,1.27,14.59
2025-07-31,Delhi,72,31.72,14.79,18.89
2025-08-01,Delhi,72,31.73,3.9,11.75
2025-08-02,Delhi,72,31.99,11.74,13.45
2025-08-03,Delhi,72,31.27,15.86,12.95
2025-08-04,Delhi,72,30.82,4.99,16.07
2025-08-05,Delhi,72,31.9,0.0,13.89
2025-08-06,Delhi,72,32.1,0.0,9.93
2025-08-07,Delhi,72,32.57,0.0,12.37
2025-08-08,Delhi,72,30.74,3.62,12.96
2025-08-09,Delhi,72,32.73,23.53,11.23
2025-08-10,Delhi,72,31.67,3.08,11.22
2025-08-11,Delhi,72,30.43,23.65,10.47
2025-08-12,Delhi,72,29.18,8.37,7.47
2025-08-13,Delhi,72,30.01,1.1,9.23
2025-08-14,Delhi,72,31.83,2.34,13.92
2025-08-15,Delhi,72,30.47,9.0,10.13
2025-08-16,Delhi,72,29.49,0.0,11.55
2025-08-17,Delhi,72,31.02,0.0,3.09
2025-08-18,Delhi,72,31.15,0.0,8.58
2025-08-19,Delhi,72,29.69,0.0,8.25
2025-08-20,Delhi,72,29.93,0.0,11.28
2025-08-21,Delhi,72,29.51,0.0,6.31
2025-08-22,Delhi,72,28.88,2.2,8.7
2025-08-23,Delhi,72,30.18,2.26,10.22
2025-08-24,Delhi,72,29.53,11.6,10.43
2025-08-25,Delhi,72,27.53,11.94,12.36
2025-08-26,Delhi,72,28.4,0.0,9.52
2025-08-27,Delhi,72,29.84,8.87,7.5
2025-08-28,Delhi,72,29.06,19.9,12.8
2025-08-29,Delhi,72,28.66,12.63,13.56
2025-08-30,Delhi,72,29.13,3.29,10.3
2025-08-31,Delhi,72,31.13,4.59,12.94
2025-09-01,Delhi,72,30.32,5.36,9.53
2025-09-02,Delhi,72,28.23,0.0,11.04
2025-09-03,Delhi,72,30.67,6.94,11.11
2025-09-04,Delhi,72,30.1,10.02,14.78
2025-09-05,Delhi,72,29.4,11.32,10.68
2025-09-06,Delhi,72,30.96,10.8,13.32
2025-09-07,Delhi,72,29.05,0.0,13.01
2025-09-08,Delhi,72,28.04,0.0,10.01
2025-09-09,Delhi,72,31.84,0.0,10.45
2025-09-10,Delhi,72,29.39,6.76,5.34
2025-09-11,Delhi,72,30.88,16.66,10.09
2025-09-12,Delhi,72,29.76,7.07,9.6
2025-09-13,Delhi,72,26.77,0.0,4.87
2025-09-14,Delhi,72,26.93,0.0,6.69
2025-09-15,Delhi,72,26.78,0.0,8.73
2025-09-16,Delhi,72,28.88,19.14,13.32
2025-09-17,Delhi,72,31.22,0.0,9.97
2025-09-18,Delhi,72,33.57,0.0,7.29
2025-09-19,Delhi,72,32.05,0.0,12.06
2025-09-20,Delhi,72,30.86,0.0,8.74
2025-09-21,Delhi,72,32.86,0.78,7.42
2025-09-22,Delhi,72,29.96,0.0,9.12
2025-09-23,Delhi,72,28.48,0.0,9.53
2025-09-24,Delhi,72,30.07,0.0,11.16
2025-09-25,Delhi,72,29.25,0.0,5.92
2025-09-26,Delhi,72,28.98,0.0,6.04
2025-09-27,Delhi,72,26.89,0.0,7.6
2025-09-28,Delhi,72,28.44,0.0,7.15
2025-09-29,Delhi,72,25.86,0.0,7.35
2025-09-30,Delhi,72,30.01,0.0,2.77
2023-01-01,Delhi,120,13.83,0.0,6.86
2023-01-02,Delhi,120,11.91,0.0,7.43
2023-01-03,Delhi,120,11.96,16.2,12.67
2023-01-04,Delhi,120,15.42,0.0,7.13
2023-01-05,Delhi,120,11.35,0.0,3.35
2023-01-06,Delhi,120,12.98,0.0,0.95
2023-01-07,Delhi,120,11.72,0.0,5.43
2023-01-08,Delhi,120,11.0,0.0,10.89
2023-01-09,Delhi,120,12.21,0.0,10.23
2023-01-10,Delhi,120,12.12,0.0,9.21
2023-01-11,Delhi,120,12.42,0.0,4.58
2023-01-12,Delhi,120,10.14,0.0,8.04
2023-01-13,Delhi,120,11.68,0.0,8.97
2023-01-14,Delhi,120,13.31,0.0,6.05
2023-01-15,Delhi,120,14.99,0.0,7.23
2023-01-16,Delhi,120,14.88,0.0,6.22
2023-01-17,Delhi,120,15.49,0.0,8.7
2023-01-18,Delhi,120,10.68,26.39,12.36
2023-01-19,Delhi,120,10.4,12.56,15.04
2023-01-20,Delhi,120,15.98,0.0,8.09
2023-01-21,Delhi,120,15.8,0.0,8.79
2023-01-22,Delhi,120,16.65,0.0,7.82
2023-01-23,Delhi,120,16.26,0.0,6.85
2023-01-24,Delhi,120,13.11,0.0,9.87
2023-01-25,Delhi,120,13.21,0.0,15.34
2023-01-26,Delhi,120,10.47,0.0,10.65
2023-01-27,Delhi,120,13.3,0.0,10.68
2023-01-28,Delhi,120,12.42,0.0,7.89
2023-01-29,Delhi,120,14.07,0.0,5.9
2023-01-30,Delhi,120,12.78,0.0,4.83
2023-01-31,Delhi,120,16.61,0.0,9.17
2023-02-01,Delhi,120,17.24,0.0,10.02
2023-02-02,Delhi,120,19.94,0.0,9.43
2023-02-03,Delhi,120,17.99,0.0,12.74
2023-02-04,Delhi,120,18.8,0.0,5.87
2023-02-05,Delhi,120,16.99,0.0,2.3
2023-02-06,Delhi,120,17.75,0.0,6.87
2023-02-07,Delhi,120,18.57,0.0,9.33
2023-02-08,Delhi,120,16.01,0.0,7.85
2023-02-09,Delhi,120,17.73,0.0,13.05
2023-02-10,Delhi,120,16.36,0.0,6.9
2023-02-11,Delhi,120,14.51,0.0,10.53
2023-02-12,Delhi,120,16.26,0.0,3.94
2023-02-13,Delhi,120,16.62,0.0,7.11
2023-02-14,Delhi,120,15.32,0.0,4.44
2023-02-15,Delhi,120,14.21,0.0,7.63
2023-02-16,Delhi,120,15.37,0.0,8.2
2023-02-17,Delhi,120,13.97,0.0,3.81
2023-02-18,Delhi,120,16.2,0.0,11.26
2023-02-19,Delhi,120,20.6,24.66,12.54
2023-02-20,Delhi,120,20.11,0.0,11.98
2023-02-21,Delhi,120,17.83,0.0,12.11
2023-02-22,Delhi,120,17.71,0.0,8.13
2023-02-23,Delhi,120,17.66,0.0,12.22
2023-02-24,Delhi,120,16.65,0.0,6.44
2023-02-25,Delhi,120,15.55,0.0,10.08
2023-02-26,Delhi,120,17.89,0.0,7.89
2023-02-27,Delhi,120,15.19,15.14,3.31
2023-02-28,Delhi,120,17.63,0.0,6.43
2023-03-01,Delhi,120,21.8,0.0,5.29
2023-03-02,Delhi,120,26.55,0.0,3.46
2023-03-03,Delhi,120,25.36,0.0,8.82
2023-03-04,Delhi,120,24.87,0.0,9.58
2023-03-05,Delhi,120,21.78,0.0,14.86
2023-03-06,Delhi,120,21.47,0.0,12.38
2023-03-07,Delhi,120,22.41,0.0,10.37
2023-03-08,Delhi,120,21.14,0.0,11.65
2023-03-09,Delhi,120,21.23,0.0,8.21
2023-03-10,Delhi,120,23.53,0.0,8.73
2023-03-11,Delhi,120,24.26,0.0,8.75
2023-03-12,Delhi,120,21.42,0.0,9.54
2023-03-13,Delhi,120,20.75,0.0,11.51
2023-03-14,Delhi,120,23.99,0.0,6.42
2023-03-15,Delhi,120,23.5,0.0,8.51
2023-03-16,Delhi,120,23.59,0.0,10.57
2023-03-17,Delhi,120,24.1,5.15,10.51
2023-03-18,Delhi,120,23.23,8.7,13.33
2023-03-19,Delhi,120,24.01,0.0,12.2
2023-03-20,Delhi,120,24.63,0.0,11.23
2023-03-21,Delhi,120,25.49,0.0,14.6
2023-03-22,Delhi,120,25.41,0.0,9.17
2023-03-23,Delhi,120,26.86,0.0,10.76
2023-03-24,Delhi,120,22.28,0.0,13.01
2023-03-25,Delhi,120,24.4,0.0,11.62
2023-03-26,Delhi,120,21.74,0.0,6.58
2023-03-27,Delhi,120,24.3,0.0,12.21
2023-03-28,Delhi,120,24.13,0.0,11.02
2023-03-29,Delhi,120,22.66,0.0,12.4
2023-03-30,Delhi,120,23.02,39.73,13.66
2023-03-31,Delhi,120,24.86,0.0,10.58
2023-04-01,Delhi,120,28.33,0.0,12.78
2023-04-02,Delhi,120,29.35,0.0,9.53
2023-04-03,Delhi,120,27.32,0.0,7.69
2023-04-04,Delhi,120,30.1,0.0,11.2
2023-04-05,Delhi,120,29.16,0.0,5.23
2023-04-06,Delhi,120,27.22,0.0,9.42
2023-04-07,Delhi,120,31.17,0.0,9.81
2023-04-08,Delhi,120,29.48,0.0,12.44
2023-04-09,Delhi,120,28.09,0.0,11.15
2023-04-10,Delhi,120,28.35,0.0,6.13
2023-04-11,Delhi,120,29.35,0.0,3.15
2023-04-12,Delhi,120,29.38,0.0,10.5
2023-04-13,Delhi,120,30.29,0.0,4.68
2023-04-14,Delhi,120,29.13,0.0,8.94
2023-04-15,Delhi,120,28.18,0.0,8.93
2023-04-16,Delhi,120,28.24,0.0,8.17
2023-04-17,Delhi,120,30.2,0.0,10.8
2023-04-18,Delhi,120,31.9,0.0,10.54
2023-04-19,Delhi,120,33.18,0.0,11.14
2023-04-20,Delhi,120,33.66,0.0,10.48
2023-04-21,Delhi,120,29.33,0.0,11.24
2023-04-22,Delhi,120,28.61,0.0,13.3
2023-04-23,Delhi,120,30.8,0.0,15.26
2023-04-24,Delhi,120,27.26,0.0,10.15
2023-04-25,Delhi,120,30.18,0.0,13.67
2023-04-26,Delhi,120,28.58,0.0,9.34
2023-04-27,Delhi,120,31.77,0.0,4.55
2023-04-28,Delhi,120,32.09,0.0,11.03
2023-04-29,Delhi,120,30.02,0.0,10.47
2023-04-30,Delhi,120,31.19,0.0,12.74
2023-05-01,Delhi,120,34.85,0.0,16.01
2023-05-02,Delhi,120,35.33,0.0,13.83
2023-05-03,Delhi,120,36.31,0.0,14.01
2023-05-04,Delhi,120,34.08,0.0,14.89
2023-05-05,Delhi,120,33.86,0.0,11.96
2023-05-06,Delhi,120,34.31,0.0,10.64
2023-05-07,Delhi,120,31.92,0.0,13.03
2023-05-08,Delhi,120,31.34,0.0,10.28
2023-05-09,Delhi,120,32.78,0.0,12.39
2023-05-10,Delhi,120,33.45,0.0,11.74
2023-05-11,Delhi,120,35.21,0.0,11.25
2023-05-12,Delhi,120,36.92,0.0,9.83
2023-05-13,Delhi,120,35.62,0.0,14.72
2023-05-14,Delhi,120,34.52,0.0,11.16
2023-05-15,Delhi,120,37.01,32.5,18.09
2023-05-16,Delhi,120,32.9,0.0,13.57
2023-05-17,Delhi,120,34.79,0.0,14.14
2023-05-18,Delhi,120,35.09,0.0,16.12
2023-05-19,Delhi,120,33.21,0.0,15.87
2023-05-20,Delhi,120,34.17,0.0,15.2
2023-05-21,Delhi,120,35.39,0.0,11.29
2023-05-22,Delhi,120,33.9,0.0,9.93
2023-05-23,Delhi,120,36.75,0.0,10.38
2023-05-24,Delhi,120,34.26,0.0,15.01
2023-05-25,Delhi,120,35.05,0.0,11.47
2023-05-26,Delhi,120,32.94,0.0,9.08
2023-05-27,Delhi,120,36.04,0.0,5.99
2023-05-28,Delhi,120,36.08,0.0,10.68
2023-05-29,Delhi,120,32.83,0.0,9.28
2023-05-30,Delhi,120,33.1,0.0,12.93
2023-05-31,Delhi,120,30.81,0.0,7.7
2023-06-01,Delhi,120,33.76,0.0,11.28
2023-06-02,Delhi,120,32.64,0.0,12.57
2023-06-03,Delhi,120,29.98,0.0,11.9
2023-06-04,Delhi,120,34.54,0.0,16.74
2023-06-05,Delhi,120,35.18,0.0,10.96
2023-06-06,Delhi,120,36.13,0.0,16.53
2023-06-07,Delhi,120,32.92,0.0,14.14
2023-06-08,Delhi,120,37.3,0.0,11.5
2023-06-09,Delhi,120,38.89,0.0,5.94
2023-06-10,Delhi,120,37.04,0.0,10.27
2023-06-11,Delhi,120,36.92,0.0,9.86
2023-06-12,Delhi,120,33.73,0.0,5.67
2023-06-13,Delhi,120,35.42,0.0,16.45
2023-06-14,Delhi,120,35.68,4.89,13.04
2023-06-15,Delhi,120,36.7,2.9,9.87
2023-06-16,Delhi,120,36.64,0.0,13.12
2023-06-17,Delhi,120,36.78,0.0,7.85
2023-06-18,Delhi,120,33.07,0.0,9.98
2023-06-19,Delhi,120,35.3,0.0,10.59
2023-06-20,Delhi,120,33.25,0.0,16.02
2023-06-21,Delhi,120,36.97,0.0,14.33
2023-06-22,Delhi,120,35.0,0.0,12.09
2023-06-23,Delhi,120,36.81,27.52,19.81
2023-06-24,Delhi,120,34.11,1.59,11.37
2023-06-25,Delhi,120,32.78,0.0,12.07
2023-06-26,Delhi,120,30.71,1.13,13.74
2023-06-27,Delhi,120,29.86,0.0,18.8
2023-06-28,Delhi,120,34.77,0.0,19.47
2023-06-29,Delhi,120,33.22,0.0,12.85
2023-06-30,Delhi,120,32.61,0.0,14.4
2023-07-01,Delhi,120,29.52,7.0,12.06
2023-07-02,Delhi,120,29.04,15.34,13.79
2023-07-03,Delhi,120,30.42,0.0,10.92
2023-07-04,Delhi,120,31.87,25.25,14.52
2023-07-05,Delhi,120,28.66,0.01,11.79
2023-07-06,Delhi,120,34.72,0.0,10.94
2023-07-07,Delhi,120,33.99,1.78,12.23
2023-07-08,Delhi,120,30.44,22.26,13.92
2023-07-09,Delhi,120,30.54,27.54,17.66
2023-07-10,Delhi,120,33.91,19.41,18.37
2023-07-11,Delhi,120,32.4,3.19,13.28
2023-07-12,Delhi,120,31.5,16.87,12.79
2023-07-13,Delhi,120,29.39,12.2,11.75
2023-07-14,Delhi,120,29.64,29.33,16.07
2023-07-15,Delhi,120,28.32,5.25,11.41
2023-07-16,Delhi,120,33.17,1.53,13.38
2023-07-17,Delhi,120,31.73,23.15,10.12
2023-07-18,Delhi,120,33.03,18.65,11.47
2023-07-19,Delhi,120,32.19,4.55,6.35
2023-07-20,Delhi,120,29.74,22.59,9.75
2023-07-21,Delhi,120,31.14,6.14,10.94
2023-07-22,Delhi,120,32.18,0.0,10.39
2023-07-23,Delhi,120,33.64,0.0,12.15
2023-07-24,Delhi,120,30.07,0.0,13.56
2023-07-25,Delhi,120,29.37,0.0,7.11
2023-07-26,Delhi,120,32.9,0.0,9.88
2023-07-27,Delhi,120,32.63,0.0,6.31
2023-07-28,Delhi,120,30.54,0.0,12.28
2023-07-29,Delhi,120,33.19,0.0,10.26
2023-07-30,Delhi,120,30.13,6.03,9.56
2023-07-31,Delhi,120,30.21,9.29,15.48
2023-08-01,Delhi,120,31.24,5.44,14.11
2023-08-02,Delhi,120,29.66,40.77,18.79
2023-08-03,Delhi,120,30.85,5.5,15.38
2023-08-04,Delhi,120,30.06,5.36,10.97
2023-08-05,Delhi,120,31.06,7.02,8.47
2023-08-06,Delhi,120,30.71,0.98,9.64
2023-08-07,Delhi,120,31.25,5.27,16.24
2023-08-08,Delhi,120,32.94,9.37,13.87
2023-08-09,Delhi,120,33.34,6.19,15.42
2023-08-10,Delhi,120,34.08,15.03,9.56
2023-08-11,Delhi,120,31.99,13.01,14.67
2023-08-12,Delhi,120,32.32,5.13,12.12
2023-08-13,Delhi,120,35.38,1.16,14.44
2023-08-14,Delhi,120,33.03,15.26,13.81
2023-08-15,Delhi,120,32.98,4.98,15.95
2023-08-16,Delhi,120,30.67,0.91,18.32
2023-08-17,Delhi,120,29.87,5.13,11.7
2023-08-18,Delhi,120,31.66,5.6,10.56
2023-08-19,Delhi,120,32.27,23.59,18.95
2023-08-20,Delhi,120,28.27,4.96,5.72
2023-08-21,Delhi,120,27.96,8.19,12.39
2023-08-22,Delhi,120,29.57,0.0,6.29
2023-08-23,Delhi,120,29.14,21.09,10.84
2023-08-24,Delhi,120,30.05,0.0,2.54
2023-08-25,Delhi,120,28.47,0.0,10.99
2023-08-26,Delhi,120,27.7,0.0,11.94
2023-08-27,Delhi,120,28.86,6.88,8.83
2023-08-28,Delhi,120,28.97,1.12,9.98
2023-08-29,Delhi,120,28.17,17.56,13.87
2023-08-30,Delhi,120,28.72,7.41,15.23
2023-08-31,Delhi,120,25.17,3.98,10.51
2023-09-01,Delhi,120,27.21,3.99,15.73
2023-09-02,Delhi,120,26.19,7.33,11.72
2023-09-03,Delhi,120,28.44,11.6,9.09
2023-09-04,Delhi,120,25.46,0.0,11.01
2023-09-05,Delhi,120,27.73,0.0,11.73
2023-09-06,Delhi,120,30.24,0.0,7.8
2023-09-07,Delhi,120,29.81,0.0,5.56
2023-09-08,Delhi,120,27.82,0.0,9.99
2023-09-09,Delhi,120,31.67,4.27,9.14
2023-09-10,Delhi,120,34.03,2.67,10.14
2023-09-11,Delhi,120,29.15,6.97,12.41
2023-09-12,Delhi,120,30.46,26.99,12.43
2023-09-13,Delhi,120,30.59,0.0,6.68
2023-09-14,Delhi,120,28.33,0.0,7.05
2023-09-15,Delhi,120,29.87,0.0,0.42
2023-09-16,Delhi,120,30.45,0.0,4.94
2023-09-17,Delhi,120,28.44,0.0,3.88
2023-09-18,Delhi,120,28.7,0.0,5.01
2023-09-19,Delhi,120,28.07,0.0,3.96
2023-09-20,Delhi,120,29.8,2.35,7.3
2023-09-21,Delhi,120,29.5,0.0,7.25
2023-09-22,Delhi,120,26.07,0.0,3.86
2023-09-23,Delhi,120,29.21,0.0,4.87
2023-09-24,Delhi,120,29.36,0.0,7.23
2023-09-25,Delhi,120,28.6,0.0,8.02
2023-09-26,Delhi,120,31.59,5.08,7.86
2023-09-27,Delhi,120,27.96,0.0,4.07
2023-09-28,Delhi,120,30.09,0.0,9.17
2023-09-29,Delhi,120,26.02,3.39,3.33
2023-09-30,Delhi,120,31.74,2.93,8.72
2023-10-01,Delhi,120,25.86,0.0,5.42
2023-10-02,Delhi,120,27.83,0.0,7.46
2023-10-03,Delhi,120,27.62,0.0,8.55
2023-10-04,Delhi,120,25.33,0.0,5.59
2023-10-05,Delhi,120,23.8,0.0,6.95
2023-10-06,Delhi,120,21.71,0.0,2.18
2023-10-07,Delhi,120,24.67,0.0,1.67
2023-10-08,Delhi,120,23.49,0.0,1.72
2023-10-09,Delhi,120,24.93,0.0,5.55
2023-10-10,Delhi,120,29.86,0.0,1.48
2023-10-11,Delhi,120,26.96,147.27,25.5
2023-10-12,Delhi,120,24.12,0.0,7.06
2023-10-13,Delhi,120,24.47,0.0,7.01
2023-10-14,Delhi,120,24.37,0.0,8.61
2023-10-15,Delhi,120,22.85,0.0,4.98
2023-10-16,Delhi,120,24.67,0.0,7.27
2023-10-17,Delhi,120,23.9,0.0,8.21
2023-10-18,Delhi,120,24.49,0.0,3.5
2023-10-19,Delhi,120,23.17,0.0,1.86
2023-10-20,Delhi,120,21.69,0.0,8.31
2023-10-21,Delhi,120,20.56,0.0,8.09
2023-10-22,Delhi,120,20.74,0.0,5.82
2023-10-23,Delhi,120,19.47,0.0,7.2
2023-10-24,Delhi,120,22.15,0.0,9.35
2023-10-25,Delhi,120,21.29,0.0,9.76
2023-10-26,Delhi,120,21.22,0.0,7.24
2023-10-27,Delhi,120,22.44,0.0,13.64
2023-10-28,Delhi,120,21.01,0.0,4.02
2023-10-29,Delhi,120,25.29,0.0,3.4
2023-10-30,Delhi,120,27.43,0.0,7.03
2023-10-31,Delhi,120,27.98,0.0,7.5
2023-11-01,Delhi,120,20.97,0.0,1.79
2023-11-02,Delhi,120,21.53,0.0,2.93
2023-11-03,Delhi,120,20.48,0.0,3.33
2023-11-04,Delhi,120,20.9,0.0,2.43
2023-11-05,Delhi,120,21.43,0.0,4.66
2023-11-06,Delhi,120,17.11,0.0,2.26
2023-11-07,Delhi,120,15.48,0.0,5.76
2023-11-08,Delhi,120,18.37,0.0,4.78
2023-11-09,Delhi,120,18.11,0.0,3.3
2023-11-10,Delhi,120,14.89,0.0,5.17
2023-11-11,Delhi,120,16.51,0.0,2.74
2023-11-12,Delhi,120,15.6,0.0,0.0
2023-11-13,Delhi,120,16.88,0.0,2.36
2023-11-14,Delhi,120,20.03,0.0,7.9
2023-11-15,Delhi,120,17.03,0.0,8.18
2023-11-16,Delhi,120,18.83,0.0,1.68
2023-11-17,Delhi,120,15.5,0.0,2.81
2023-11-18,Delhi,120,18.21,0.0,1.85
2023-11-19,Delhi,120,18.59,0.0,5.04
2023-11-20,Delhi,120,19.05,0.0,2.22
2023-11-21,Delhi,120,20.45,0.0,8.56
2023-11-22,Delhi,120,18.97,0.0,9.69
2023-11-23,Delhi,120,19.35,0.0,12.45
2023-11-24,Delhi,120,16.87,0.0,10.91
2023-11-25,Delhi,120,19.24,0.0,16.36
2023-11-26,Delhi,120,18.08,0.0,8.1
2023-11-27,Delhi,120,17.39,0.0,10.78
2023-11-28,Delhi,120,20.1,0.0,7.62
2023-11-29,Delhi,120,18.2,0.0,9.23
2023-11-30,Delhi,120,20.61,0.0,10.49
2023-12-01,Delhi,120,17.58,0.0,8.37
2023-12-02,Delhi,120,17.75,0.0,5.94
2023-12-03,Delhi,120,15.93,0.0,8.99
2023-12-04,Delhi,120,15.62,0.0,3.44
2023-12-05,Delhi,120,13.11,0.0,10.26
2023-12-06,Delhi,120,13.3,0.0,4.58
2023-12-07,Delhi,120,14.7,0.0,8.47
2023-12-08,Delhi,120,13.62,0.0,9.59
2023-12-09,Delhi,120,14.23,0.0,9.11
2023-12-10,Delhi,120,12.26,0.0,1.06
2023-12-11,Delhi,120,9.6,0.0,0.0
2023-12-12,Delhi,120,12.56,0.0,2.09
2023-12-13,Delhi,120,14.08,0.0,8.64
2023-12-14,Delhi,120,14.47,0.0,6.56
2023-12-15,Delhi,120,11.07,0.0,5.62
2023-12-16,Delhi,120,11.82,0.0,7.11
2023-12-17,Delhi,120,14.65,8.77,6.03
2023-12-18,Delhi,120,17.05,0.0,9.04
2023-12-19,Delhi,120,16.98,0.0,8.98
2023-12-20,Delhi,120,15.58,0.0,1.03
2023-12-21,Delhi,120,16.46,0.0,6.36
2023-12-22,Delhi,120,14.8,0.0,3.9
2023-12-23,Delhi,120,14.6,0.0,2.16
2023-12-24,Delhi,120,15.07,0.0,3.3
2023-12-25,Delhi,120,15.5,0.0,4.22
2023-12-26,Delhi,120,17.03,0.0,10.41
2023-12-27,Delhi,120,13.69,0.0,5.58
2023-12-28,Delhi,120,15.2,0.0,4.06
2023-12-29,Delhi,120,13.27,2.17,8.55
2023-12-30,Delhi,120,15.28,0.0,6.18
2023-12-31,Delhi,120,15.28,0.0,9.48
2024-01-01,Delhi,120,13.78,0.0,8.03
2024-01-02,Delhi,120,11.68,0.0,2.91
2024-01-03,Delhi,120,11.59,0.0,5.93
2024-01-04,Delhi,120,12.28,0.0,8.74
2024-01-05,Delhi,120,13.33,0.0,6.89
2024-01-06,Delhi,120,12.79,0.0,13.07
2024-01-07,Delhi,120,10.63,0.0,9.14
2024-01-08,Delhi,120,9.75,0.0,4.14
2024-01-09,Delhi,120,11.3,0.0,6.75
2024-01-10,Delhi,120,13.11,0.0,5.88
2024-01-11,Delhi,120,12.6,0.0,8.43
2024-01-12,Delhi,120,11.38,0.0,6.89
2024-01-13,Delhi,120,12.7,0.0,10.92
2024-01-14,Delhi,120,12.16,0.0,4.96
2024-01-15,Delhi,120,14.99,0.0,7.71
2024-01-16,Delhi,120,12.86,0.0,1.17
2024-01-17,Delhi,120,15.08,0.0,0.94
2024-01-18,Delhi,120,13.32,0.0,6.22
2024-01-19,Delhi,120,12.67,0.0,6.1
2024-01-20,Delhi,120,12.74,0.0,11.28
2024-01-21,Delhi,120,12.29,0.0,8.4
2024-01-22,Delhi,120,12.51,0.0,14.14
2024-01-23,Delhi,120,12.33,0.0,6.31
2024-01-24,Delhi,120,15.42,0.0,3.72
2024-01-25,Delhi,120,14.17,0.0,3.58
2024-01-26,Delhi,120,12.94,0.0,9.04
2024-01-27,Delhi,120,9.35,0.0,7.27
2024-01-28,Delhi,120,11.27,0.0,1.88
2024-01-29,Delhi,120,9.98,0.0,3.96
2024-01-30,Delhi,120,13.84,0.0,5.55
2024-01-31,Delhi,120,15.1,0.0,12.41
2024-02-01,Delhi,120,22.02,0.0,7.23
2024-02-02,Delhi,120,22.43,0.0,8.71
2024-02-03,Delhi,120,19.19,0.0,8.82
2024-02-04,Delhi,120,20.14,0.0,13.34
2024-02-05,Delhi,120,19.22,0.0,15.0
2024-02-06,Delhi,120,18.99,0.0,9.96
2024-02-07,Delhi,120,20.03,0.0,8.04
2024-02-08,Delhi,120,21.1,0.0,9.48
2024-02-09,Delhi,120,18.21,0.0,6.0
2024-02-10,Delhi,120,18.0,0.0,13.26
2024-02-11,Delhi,120,18.33,0.0,5.39
2024-02-12,Delhi,120,20.11,0.0,8.38
2024-02-13,Delhi,120,15.79,0.0,6.65
2024-02-14,Delhi,120,19.03,0.0,12.61
2024-02-15,Delhi,120,18.69,0.0,11.42
2024-02-16,Delhi,120,15.98,0.0,3.04
2024-02-17,Delhi,120,18.13,0.0,6.29
2024-02-18,Delhi,120,20.43,0.0,8.92
2024-02-19,Delhi,120,18.72,0.0,11.63
2024-02-20,Delhi,120,15.28,0.0,12.55
2024-02-21,Delhi,120,16.91,0.0,9.21
2024-02-22,Delhi,120,15.32,0.0,7.15
2024-02-23,Delhi,120,16.54,0.0,6.37
2024-02-24,Delhi,120,16.47,0.0,8.4
2024-02-25,Delhi,120,16.93,0.0,10.37
2024-02-26,Delhi,120,14.39,0.0,7.35
2024-02-27,Delhi,120,16.76,0.0,13.03
2024-02-28,Delhi,120,17.78,0.0,9.1
2024-02-29,Delhi,120,16.38,10.67,11.97
2024-03-01,Delhi,120,27.66,0.0,11.12
2024-03-02,Delhi,120,24.76,0.0,5.4
2024-03-03,Delhi,120,22.83,0.0,4.11
2024-03-04,Delhi,120,24.5,0.0,7.03
2024-03-05,Delhi,120,24.26,0.0,11.84
2024-03-06,Delhi,120,24.1,0.0,3.47
2024-03-07,Delhi,120,26.5,0.0,11.72
2024-03-08,Delhi,120,25.23,0.0,5.21
2024-03-09,Delhi,120,28.12,0.0,7.76
2024-03-10,Delhi,120,25.4,0.0,8.66
2024-03-11,Delhi,120,24.95,0.0,10.32
2024-03-12,Delhi,120,20.41,0.0,10.57
2024-03-13,Delhi,120,25.95,0.0,14.21
2024-03-14,Delhi,120,22.23,0.0,7.99
2024-03-15,Delhi,120,23.29,0.0,11.21
2024-03-16,Delhi,120,22.8,0.0,7.86
2024-03-17,Delhi,120,26.69,0.0,5.81
2024-03-18,Delhi,120,24.04,0.0,2.98
2024-03-19,Delhi,120,20.86,0.0,8.38
2024-03-20,Delhi,120,23.25,0.0,5.79
2024-03-21,Delhi,120,24.97,0.0,7.4
2024-03-22,Delhi,120,27.37,0.0,8.11
2024-03-23,Delhi,120,27.25,0.0,3.52
2024-03-24,Delhi,120,26.19,0.0,9.67
2024-03-25,Delhi,120,25.26,0.0,6.76
2024-03-26,Delhi,120,24.16,0.0,8.17
2024-03-27,Delhi,120,23.82,0.0,7.01
2024-03-28,Delhi,120,23.67,0.0,10.7
2024-03-29,Delhi,120,21.58,0.0,8.49
2024-03-30,Delhi,120,23.8,0.0,12.22
2024-03-31,Delhi,120,25.0,0.0,17.24
2024-04-01,Delhi,120,31.51,0.0,5.76
2024-04-02,Delhi,120,31.51,0.0,10.34
2024-04-03,Delhi,120,32.9,0.0,8.47
2024-04-04,Delhi,120,33.49,4.71,11.57
2024-04-05,Delhi,120,33.18,0.0,11.03
2024-04-06,Delhi,120,32.17,0.0,5.63
2024-04-07,Delhi,120,30.48,0.0,10.24
2024-04-08,Delhi,120,29.29,0.0,7.54
2024-04-09,Delhi,120,29.88,0.0,8.97
2024-04-10,Delhi,120,26.85,0.0,10.35
2024-04-11,Delhi,120,25.48,0.0,8.29
2024-04-12,Delhi,120,28.9,0.0,6.85
2024-04-13,Delhi,120,30.55,0.0,11.73
2024-04-14,Delhi,120,28.94,0.0,10.88
2024-04-15,Delhi,120,30.08,0.0,7.73
2024-04-16,Delhi,120,28.17,0.0,10.4
2024-04-17,Delhi,120,27.34,0.0,9.41
2024-04-18,Delhi,120,29.25,0.0,10.33
2024-04-19,Delhi,120,29.11,0.0,12.46
2024-04-20,Delhi,120,28.36,0.0,11.21
2024-04-21,Delhi,120,30.25,0.0,12.43
2024-04-22,Delhi,120,27.8,0.0,14.1
2024-04-23,Delhi,120,30.33,0.0,11.14
2024-04-24,Delhi,120,29.13,0.0,12.71
2024-04-25,Delhi,120,26.89,0.0,5.84
2024-04-26,Delhi,120,27.32,0.0,7.3
2024-04-27,Delhi,120,28.2,0.0,10.9
2024-04-28,Delhi,120,29.37,0.0,10.58
2024-04-29,Delhi,120,29.68,0.0,12.52
2024-04-30,Delhi,120,30.33,0.0,10.35
2024-05-01,Delhi,120,29.3,0.0,16.35
2024-05-02,Delhi,120,33.25,0.0,14.85
2024-05-03,Delhi,120,31.4,0.0,14.87
2024-05-04,Delhi,120,30.88,0.0,15.19
2024-05-05,Delhi,120,31.88,0.0,15.09
2024-05-06,Delhi,120,33.17,0.0,12.97
2024-05-07,Delhi,120,32.1,0.0,10.26
2024-05-08,Delhi,120,36.08,0.0,11.05
2024-05-09,Delhi,120,38.04,0.0,12.14
2024-05-10,Delhi,120,34.58,0.0,9.26
2024-05-11,Delhi,120,36.1,0.0,11.58
2024-05-12,Delhi,120,33.17,0.0,10.71
2024-05-13,Delhi,120,32.65,0.0,10.9
2024-05-14,Delhi,120,33.61,0.0,9.23
2024-05-15,Delhi,120,35.61,0.0,5.78
2024-05-16,Delhi,120,34.73,0.0,11.15
2024-05-17,Delhi,120,34.96,0.0,11.18
2024-05-18,Delhi,120,34.15,0.0,13.34
2024-05-19,Delhi,120,30.78,0.0,13.37
2024-05-20,Delhi,120,36.05,0.0,12.58
2024-05-21,Delhi,120,32.17,0.0,9.87
2024-05-22,Delhi,120,30.79,0.0,11.85
2024-05-23,Delhi,120,35.32,0.0,11.1
2024-05-24,Delhi,120,33.67,0.0,4.75
2024-05-25,Delhi,120,32.81,0.0,12.41
2024-05-26,Delhi,120,31.27,0.0,11.98
2024-05-27,Delhi,120,32.13,0.0,14.95
2024-05-28,Delhi,120,30.59,0.0,14.16
2024-05-29,Delhi,120,32.84,0.0,12.45
2024-05-30,Delhi,120,30.79,0.0,13.59
2024-05-31,Delhi,120,36.32,0.0,14.11
2024-06-01,Delhi,120,35.13,0.0,12.51
2024-06-02,Delhi,120,33.32,12.89,17.09
2024-06-03,Delhi,120,33.43,0.0,10.02
2024-06-04,Delhi,120,31.39,0.0,14.84
2024-06-05,Delhi,120,31.93,0.0,14.9
2024-06-06,Delhi,120,32.97,0.0,13.88
2024-06-07,Delhi,120,39.46,0.0,14.8
2024-06-08,Delhi,120,37.02,0.0,12.51
2024-06-09,Delhi,120,36.54,0.0,17.06
2024-06-10,Delhi,120,32.04,0.0,18.16
2024-06-11,Delhi,120,33.12,0.0,18.68
2024-06-12,Delhi,120,34.43,0.0,21.82
2024-06-13,Delhi,120,33.31,0.0,14.86
2024-06-14,Delhi,120,34.14,0.0,11.54
2024-06-15,Delhi,120,31.83,2.72,11.2
2024-06-16,Delhi,120,31.96,0.0,12.36
2024-06-17,Delhi,120,32.67,0.0,11.46
2024-06-18,Delhi,120,28.71,0.0,13.69
2024-06-19,Delhi,120,31.11,0.0,9.93
2024-06-20,Delhi,120,32.87,0.0,6.5
2024-06-21,Delhi,120,31.25,0.0,12.59
2024-06-22,Delhi,120,35.73,0.0,12.69
2024-06-23,Delhi,120,40.16,4.11,13.39
2024-06-24,Delhi,120,37.19,0.0,10.92
2024-06-25,Delhi,120,35.08,0.0,11.87
2024-06-26,Delhi,120,36.06,0.0,10.34
2024-06-27,Delhi,120,35.92,0.0,13.11
2024-06-28,Delhi,120,31.26,0.99,9.66
2024-06-29,Delhi,120,34.59,2.35,11.74
2024-06-30,Delhi,120,35.43,1.82,9.93
2024-07-01,Delhi,120,31.53,34.19,13.65
2024-07-02,Delhi,120,32.4,5.01,9.71
2024-07-03,Delhi,120,30.54,30.17,13.65
2024-07-04,Delhi,120,34.2,23.06,16.58
2024-07-05,Delhi,120,35.52,4.75,11.54
2024-07-06,Delhi,120,31.35,5.48,10.76
2024-07-07,Delhi,120,31.4,0.0,10.92
2024-07-08,Delhi,120,29.45,0.0,13.35
2024-07-09,Delhi,120,31.47,0.0,9.21
2024-07-10,Delhi,120,33.14,0.0,9.73
2024-07-11,Delhi,120,34.36,2.99,17.15
2024-07-12,Delhi,120,31.34,14.4,15.05
2024-07-13,Delhi,120,32.08,8.95,9.95
2024-07-14,Delhi,120,31.24,2.55,13.8
2024-07-15,Delhi,120,30.17,0.0,9.06
2024-07-16,Delhi,120,31.2,0.0,13.29
2024-07-17,Delhi,120,31.76,0.0,13.79
2024-07-18,Delhi,120,31.32,0.0,16.4
2024-07-19,Delhi,120,27.69,0.0,14.39
2024-07-20,Delhi,120,28.94,0.0,14.94
2024-07-21,Delhi,120,29.78,0.0,8.54
2024-07-22,Delhi,120,32.12,26.19,11.58
2024-07-23,Delhi,120,32.47,5.4,11.37
2024-07-24,Delhi,120,31.14,2.17,8.75
2024-07-25,Delhi,120,29.49,9.63,12.98
2024-07-26,Delhi,120,30.3,4.24,8.06
2024-07-27,Delhi,120,29.62,5.32,8.9
2024-07-28,Delhi,120,30.14,12.11,14.97
2024-07-29,Delhi,120,29.66,11.94,13.63
2024-07-30,Delhi,120,28.18,9.06,12.37
2024-07-31,Delhi,120,31.01,3.7,13.37
2024-08-01,Delhi,120,31.53,21.93,12.93
2024-08-02,Delhi,120,28.94,37.31,11.0
2024-08-03,Delhi,120,28.82,30.34,4.48
2024-08-04,Delhi,120,29.75,8.56,2.4
2024-08-05,Delhi,120,29.7,15.39,8.08
2024-08-06,Delhi,120,30.26,6.63,12.25
2024-08-07,Delhi,120,29.85,9.18,6.53
2024-08-08,Delhi,120,32.84,4.73,6.49
2024-08-09,Delhi,120,30.6,0.0,7.93
2024-08-10,Delhi,120,31.15,22.57,11.52
2024-08-11,Delhi,120,30.07,25.04,11.51
2024-08-12,Delhi,120,28.78,15.99,12.91
2024-08-13,Delhi,120,29.55,0.0,13.74
2024-08-14,Delhi,120,29.43,0.0,8.32
2024-08-15,Delhi,120,29.7,2.37,10.82
2024-08-16,Delhi,120,30.6,32.34,18.34
2024-08-17,Delhi,120,30.98,1.28,12.25
2024-08-18,Delhi,120,32.31,12.59,16.05
2024-08-19,Delhi,120,29.79,11.24,13.25
2024-08-20,Delhi,120,30.66,13.42,16.85
2024-08-21,Delhi,120,29.05,10.5,13.49
2024-08-22,Delhi,120,29.51,0.0,13.95
2024-08-23,Delhi,120,29.74,0.0,12.42
2024-08-24,Delhi,120,30.41,0.0,8.16
2024-08-25,Delhi,120,31.41,0.0,5.1
2024-08-26,Delhi,120,32.53,0.0,5.1
2024-08-27,Delhi,120,32.49,10.12,12.21
2024-08-28,Delhi,120,31.24,2.68,8.46
2024-08-29,Delhi,120,31.54,18.26,11.1
2024-08-30,Delhi,120,30.83,4.08,7.15
2024-08-31,Delhi,120,29.43,0.58,7.05
2024-09-01,Delhi,120,24.17,0.0,8.05
2024-09-02,Delhi,120,26.68,0.0,6.63
2024-09-03,Delhi,120,29.1,5.48,10.22
2024-09-04,Delhi,120,26.51,0.0,5.89
2024-09-05,Delhi,120,26.26,0.0,7.88
2024-09-06,Delhi,120,30.31,0.0,5.47
2024-09-07,Delhi,120,30.3,0.0,8.11
2024-09-08,Delhi,120,28.13,28.83,14.81
2024-09-09,Delhi,120,28.56,0.0,8.16
2024-09-10,Delhi,120,29.48,0.0,15.1
2024-09-11,Delhi,120,29.26,18.35,13.77
2024-09-12,Delhi,120,32.62,0.31,5.66
2024-09-13,Delhi,120,32.99,2.2,7.11
2024-09-14,Delhi,120,29.98,0.72,10.98
2024-09-15,Delhi,120,30.37,0.0,11.82
2024-09-16,Delhi,120,27.5,0.0,6.85
2024-09-17,Delhi,120,27.62,3.27,9.69
2024-09-18,Delhi,120,29.2,0.0,5.82
2024-09-19,Delhi,120,31.2,44.94,15.71
2024-09-20,Delhi,120,32.92,3.14,16.55
2024-09-21,Delhi,120,32.16,10.04,12.94
2024-09-22,Delhi,120,28.93,0.0,10.82
2024-09-23,Delhi,120,32.56,0.0,11.03
2024-09-24,Delhi,120,29.09,0.0,7.69
2024-09-25,Delhi,120,30.35,0.0,5.41
2024-09-26,Delhi,120,30.61,7.6,8.01
2024-09-27,Delhi,120,31.44,3.96,6.93
2024-09-28,Delhi,120,25.85,0.0,12.39
2024-09-29,Delhi,120,30.19,37.17,13.19
2024-09-30,Delhi,120,30.88,1.01,13.95
2024-10-01,Delhi,120,29.65,0.0,8.83
2024-10-02,Delhi,120,27.4,0.0,6.06
2024-10-03,Delhi,120,28.97,0.0,8.95
2024-10-04,Delhi,120,26.02,0.0,6.99
2024-10-05,Delhi,120,26.08,0.0,4.87
2024-10-06,Delhi,120,24.23,0.0,8.93
2024-10-07,Delhi,120,20.87,0.0,1.84
2024-10-08,Delhi,120,22.54,0.0,4.08
2024-10-09,Delhi,120,24.28,0.0,7.82
2024-10-10,Delhi,120,23.65,0.0,5.87
2024-10-11,Delhi,120,24.74,0.0,3.2
2024-10-12,Delhi,120,23.11,0.0,4.85
2024-10-13,Delhi,120,23.95,0.0,4.92
2024-10-14,Delhi,120,25.78,0.0,5.7
2024-10-15,Delhi,120,25.51,0.0,3.72
2024-10-16,Delhi,120,26.01,0.0,3.91
2024-10-17,Delhi,120,26.05,0.0,7.6
2024-10-18,Delhi,120,28.11,0.0,10.58
2024-10-19,Delhi,120,26.06,0.0,3.38
2024-10-20,Delhi,120,26.54,0.0,5.49
2024-10-21,Delhi,120,25.08,0.0,6.91
2024-10-22,Delhi,120,22.39,0.0,7.53
2024-10-23,Delhi,120,24.41,0.0,6.42
2024-10-24,Delhi,120,23.0,0.0,0.68
2024-10-25,Delhi,120,26.22,0.0,4.53
2024-10-26,Delhi,120,24.96,0.0,7.59
2024-10-27,Delhi,120,23.85,0.0,10.46
2024-10-28,Delhi,120,26.78,0.0,9.91
2024-10-29,Delhi,120,27.61,0.0,7.42
2024-10-30,Delhi,120,25.64,0.0,1.93
2024-10-31,Delhi,120,26.02,0.0,1.04
2024-11-01,Delhi,120,21.76,0.0,4.1
2024-11-02,Delhi,120,19.2,0.0,1.59
2024-11-03,Delhi,120,20.71,0.0,1.93
2024-11-04,Delhi,120,18.84,0.0,10.97
2024-11-05,Delhi,120,18.7,0.0,0.0
2024-11-06,Delhi,120,21.09,0.0,0.24
2024-11-07,Delhi,120,17.7,0.0,4.61
2024-11-08,Delhi,120,18.71,0.0,3.98
2024-11-09,Delhi,120,20.91,0.0,4.25
2024-11-10,Delhi,120,21.29,0.0,2.59
2024-11-11,Delhi,120,20.83,0.0,0.97
2024-11-12,Delhi,120,19.77,0.0,3.44
2024-11-13,Delhi,120,19.95,0.0,5.56
2024-11-14,Delhi,120,20.38,0.0,5.68
2024-11-15,Delhi,120,18.07,0.0,2.31
2024-11-16,Delhi,120,22.12,0.0,10.04
2024-11-17,Delhi,120,21.85,0.0,5.91
2024-11-18,Delhi,120,20.4,0.0,4.72
2024-11-19,Delhi,120,19.01,0.0,4.48
2024-11-20,Delhi,120,18.92,0.0,4.43
2024-11-21,Delhi,120,20.13,0.0,0.21
2024-11-22,Delhi,120,18.7,0.0,0.05
2024-11-23,Delhi,120,17.45,0.0,2.42
2024-11-24,Delhi,120,16.84,0.0,5.05
2024-11-25,Delhi,120,20.34,0.0,4.51
2024-11-26,Delhi,120,18.0,0.0,2.53
2024-11-27,Delhi,120,19.26,0.0,2.61
2024-11-28,Delhi,120,18.93,0.0,0.0
2024-11-29,Delhi,120,19.54,0.0,0.0
2024-11-30,Delhi,120,17.44,0.0,0.29
2024-12-01,Delhi,120,16.06,0.0,5.11
2024-12-02,Delhi,120,13.9,0.0,5.82
2024-12-03,Delhi,120,14.64,0.0,2.79
2024-12-04,Delhi,120,14.43,0.0,6.48
2024-12-05,Delhi,120,16.4,0.0,3.69
2024-12-06,Delhi,120,17.3,0.0,1.7
2024-12-07,Delhi,120,10.24,0.0,3.69
2024-12-08,Delhi,120,16.46,0.0,7.21
2024-12-09,Delhi,120,19.05,0.0,7.44
2024-12-10,Delhi,120,15.26,0.0,8.02
2024-12-11,Delhi,120,14.97,0.0,8.34
2024-12-12,Delhi,120,16.77,0.0,11.29
2024-12-13,Delhi,120,13.93,0.0,6.73
2024-12-14,Delhi,120,16.8,0.0,1.99
2024-12-15,Delhi,120,16.37,0.0,11.81
2024-12-16,Delhi,120,15.1,0.0,8.57
2024-12-17,Delhi,120,13.5,0.0,6.94
2024-12-18,Delhi,120,12.08,0.0,2.57
2024-12-19,Delhi,120,15.38,0.0,7.35
2024-12-20,Delhi,120,12.1,0.0,7.37
2024-12-21,Delhi,120,11.79,0.0,1.68
2024-12-22,Delhi,120,14.59,0.0,0.74
2024-12-23,Delhi,120,15.46,0.0,5.91
2024-12-24,Delhi,120,11.49,0.0,3.11
2024-12-25,Delhi,120,10.51,0.0,5.43
2024-12-26,Delhi,120,15.31,0.0,5.39
2024-12-27,Delhi,120,16.72,0.0,4.83
2024-12-28,Delhi,120,18.7,0.0,5.35
2024-12-29,Delhi,120,14.71,0.0,2.81
2024-12-30,Delhi,120,14.57,0.0,6.25
2024-12-31,Delhi,120,15.69,0.0,9.2
2025-01-01,Delhi,120,13.08,0.0,7.98
2025-01-02,Delhi,120,15.28,0.0,6.48
2025-01-03,Delhi,120,15.77,0.0,7.97
2025-01-04,Delhi,120,15.7,0.0,4.24
2025-01-05,Delhi,120,16.33,0.0,8.51
2025-01-06,Delhi,120,14.87,0.0,4.24
2025-01-07,Delhi,120,13.53,0.0,5.56
2025-01-08,Delhi,120,13.65,0.0,8.16
2025-01-09,Delhi,120,14.07,0.0,6.27
2025-01-10,Delhi,120,12.68,0.0,7.85
2025-01-11,Delhi,120,10.41,0.0,4.8
2025-01-12,Delhi,120,7.82,0.0,9.22
2025-01-13,Delhi,120,14.2,0.0,4.49
2025-01-14,Delhi,120,9.19,0.0,10.15
2025-01-15,Delhi,120,11.48,0.0,4.41
2025-01-16,Delhi,120,12.9,0.0,9.3
2025-01-17,Delhi,120,12.48,0.0,7.97
2025-01-18,Delhi,120,13.04,13.1,12.01
2025-01-19,Delhi,120,13.37,0.0,10.23
2025-01-20,Delhi,120,11.43,0.0,11.42
2025-01-21,Delhi,120,12.88,0.0,9.94
2025-01-22,Delhi,120,13.62,0.0,7.03
2025-01-23,Delhi,120,10.47,0.0,4.19
2025-01-24,Delhi,120,11.34,0.0,6.46
2025-01-25,Delhi,120,12.36,0.0,7.26
2025-01-26,Delhi,120,9.68,0.0,8.29
2025-01-27,Delhi,120,10.79,0.0,14.35
2025-01-28,Delhi,120,13.57,0.0,5.89
2025-01-29,Delhi,120,11.84,0.0,4.27
2025-01-30,Delhi,120,13.79,0.0,8.66
2025-01-31,Delhi,120,11.21,0.0,7.88
2025-02-01,Delhi,120,15.61,25.21,8.34
2025-02-02,Delhi,120,18.36,2.03,2.71
2025-02-03,Delhi,120,18.77,0.0,4.91
2025-02-04,Delhi,120,18.56,0.0,3.84
2025-02-05,Delhi,120,17.71,0.0,0.68
2025-02-06,Delhi,120,17.34,0.0,6.4
2025-02-07,Delhi,120,17.87,0.0,7.09
2025-02-08,Delhi,120,16.54,0.0,8.62
2025-02-09,Delhi,120,15.13,0.0,14.53
2025-02-10,Delhi,120,18.3,0.0,8.54
2025-02-11,Delhi,120,19.5,0.0,11.23
2025-02-12,Delhi,120,19.77,0.0,6.7
2025-02-13,Delhi,120,18.01,0.0,7.46
2025-02-14,Delhi,120,16.63,0.0,6.08
2025-02-15,Delhi,120,16.75,0.0,1.68
2025-02-16,Delhi,120,17.81,0.0,7.23
2025-02-17,Delhi,120,17.95,0.0,7.16
2025-02-18,Delhi,120,15.23,0.0,12.07
2025-02-19,Delhi,120,16.68,0.0,9.02
2025-02-20,Delhi,120,17.36,0.0,7.29
2025-02-21,Delhi,120,16.41,0.0,8.86
2025-02-22,Delhi,120,19.62,0.0,5.17
2025-02-23,Delhi,120,17.71,2.17,14.69
2025-02-24,Delhi,120,17.38,0.0,4.02
2025-02-25,Delhi,120,16.32,0.0,4.92
2025-02-26,Delhi,120,16.78,0.0,8.3
2025-02-27,Delhi,120,19.75,0.0,9.79
2025-02-28,Delhi,120,21.47,0.0,5.51
2025-03-01,Delhi,120,26.35,0.0,4.74
2025-03-02,Delhi,120,26.03,0.0,4.19
2025-03-03,Delhi,120,24.32,0.0,5.6
2025-03-04,Delhi,120,27.87,0.0,2.84
2025-03-05,Delhi,120,22.67,0.0,7.34
2025-03-06,Delhi,120,24.06,0.0,9.47
2025-03-07,Delhi,120,23.27,0.0,1.85
2025-03-08,Delhi,120,21.11,0.0,11.66
2025-03-09,Delhi,120,23.77,0.0,5.52
2025-03-10,Delhi,120,22.69,0.0,9.64
2025-03-11,Delhi,120,24.82,0.0,9.49
2025-03-12,Delhi,120,20.4,0.0,13.41
2025-03-13,Delhi,120,22.57,0.0,10.01
2025-03-14,Delhi,120,22.05,0.0,12.99
2025-03-15,Delhi,120,20.58,0.0,6.27
2025-03-16,Delhi,120,22.45,0.0,12.84
2025-03-17,Delhi,120,23.78,0.0,11.01
2025-03-18,Delhi,120,24.38,0.0,12.31
2025-03-19,Delhi,120,26.5,0.0,9.93
2025-03-20,Delhi,120,19.43,0.0,6.56
2025-03-21,Delhi,120,22.28,0.0,8.98
2025-03-22,Delhi,120,24.62,0.0,10.46
2025-03-23,Delhi,120,23.59,0.0,10.78
2025-03-24,Delhi,120,23.92,0.0,11.57
2025-03-25,Delhi,120,24.42,0.0,4.15
2025-03-26,Delhi,120,22.47,0.0,8.96
2025-03-27,Delhi,120,20.75,0.0,11.82
2025-03-28,Delhi,120,21.65,0.0,12.57
2025-03-29,Delhi,120,24.88,0.0,9.55
2025-03-30,Delhi,120,25.24,0.0,6.71
2025-03-31,Delhi,120,24.01,0.0,11.58
2025-04-01,Delhi,120,30.01,0.0,14.47
2025-04-02,Delhi,120,32.02,0.0,10.06
2025-04-03,Delhi,120,29.63,0.0,11.61
2025-04-04,Delhi,120,29.93,0.0,14.48
2025-04-05,Delhi,120,34.41,1.93,16.91
2025-04-06,Delhi,120,33.4,0.0,8.47
2025-04-07,Delhi,120,35.67,0.0,7.11
2025-04-08,Delhi,120,30.44,0.0,12.23
2025-04-09,Delhi,120,32.35,0.0,10.73
2025-04-10,Delhi,120,32.34,0.0,7.03
2025-04-11,Delhi,120,32.15,0.0,11.82
2025-04-12,Delhi,120,33.15,0.0,11.29
2025-04-13,Delhi,120,28.8,0.0,9.74
2025-04-14,Delhi,120,28.3,10.58,14.05
2025-04-15,Delhi,120,32.14,0.0,15.94
2025-04-16,Delhi,120,36.49,0.0,13.84
2025-04-17,Delhi,120,34.67,0.0,15.7
2025-04-18,Delhi,120,34.98,0.0,9.91
2025-04-19,Delhi,120,33.09,0.0,10.06
2025-04-20,Delhi,120,33.33,0.0,6.08
2025-04-21,Delhi,120,34.04,0.0,10.06
2025-04-22,Delhi,120,32.34,0.0,10.0
2025-04-23,Delhi,120,32.04,0.0,3.55
2025-04-24,Delhi,120,32.77,0.0,8.67
2025-04-25,Delhi,120,31.53,0.0,7.02
2025-04-26,Delhi,120,30.67,0.0,6.82
2025-04-27,Delhi,120,30.67,0.0,6.02
2025-04-28,Delhi,120,31.78,0.0,13.4
2025-04-29,Delhi,120,28.76,0.0,10.11
2025-04-30,Delhi,120,28.03,0.0,12.99
2025-05-01,Delhi,120,32.01,0.0,9.33
2025-05-02,Delhi,120,32.56,0.0,12.03
2025-05-03,Delhi,120,33.51,0.0,13.78
2025-05-04,Delhi,120,34.2,0.0,7.78
2025-05-05,Delhi,120,33.77,0.0,13.35
2025-05-06,Delhi,120,34.56,0.0,6.39
2025-05-07,Delhi,120,36.15,0.0,11.74
2025-05-08,Delhi,120,33.12,0.0,13.92
2025-05-09,Delhi,120,34.64,0.0,15.52
2025-05-10,Delhi,120,34.57,0.0,18.49
2025-05-11,Delhi,120,34.05,0.0,15.7
2025-05-12,Delhi,120,35.09,0.0,12.57
2025-05-13,Delhi,120,31.68,0.0,9.44
2025-05-14,Delhi,120,36.37,0.0,17.25
2025-05-15,Delhi,120,31.42,0.0,15.57
2025-05-16,Delhi,120,32.51,0.0,13.43
2025-05-17,Delhi,120,34.91,0.0,14.86
2025-05-18,Delhi,120,32.98,0.0,15.59
2025-05-19,Delhi,120,33.99,0.0,13.0
2025-05-20,Delhi,120,32.35,0.0,14.98
2025-05-21,Delhi,120,34.97,0.0,14.77
2025-05-22,Delhi,120,35.26,0.0,13.3
2025-05-23,Delhi,120,32.75,0.0,11.93
2025-05-24,Delhi,120,33.53,0.0,13.58
2025-05-25,Delhi,120,36.61,0.0,11.09
2025-05-26,Delhi,120,33.88,0.0,10.61
2025-05-27,Delhi,120,33.45,0.0,10.93
2025-05-28,Delhi,120,31.9,0.0,11.39
2025-05-29,Delhi,120,33.97,6.57,15.68
2025-05-30,Delhi,120,34.1,9.13,15.49
2025-05-31,Delhi,120,36.21,0.0,15.25
2025-06-01,Delhi,120,35.21,0.0,13.4
2025-06-02,Delhi,120,36.41,0.0,14.41
2025-06-03,Delhi,120,34.42,0.0,12.0
2025-06-04,Delhi,120,35.99,9.4,18.79
2025-06-05,Delhi,120,34.87,4.51,14.72
2025-06-06,Delhi,120,36.4,10.52,17.32
2025-06-07,Delhi,120,33.53,0.0,17.8
2025-06-08,Delhi,120,33.86,0.0,13.75
2025-06-09,Delhi,120,32.69,0.0,12.7
2025-06-10,Delhi,120,31.67,4.94,16.67
2025-06-11,Delhi,120,31.72,0.0,15.51
2025-06-12,Delhi,120,31.0,0.0,14.51
2025-06-13,Delhi,120,34.07,0.0,14.21
2025-06-14,Delhi,120,34.2,0.0,15.75
2025-06-15,Delhi,120,29.82,0.0,14.58
2025-06-16,Delhi,120,33.91,0.0,16.71
2025-06-17,Delhi,120,30.76,0.0,12.15
2025-06-18,Delhi,120,26.48,0.0,11.64
2025-06-19,Delhi,120,29.3,23.89,15.08
2025-06-20,Delhi,120,29.74,12.01,12.78
2025-06-21,Delhi,120,33.07,0.0,9.17
2025-06-22,Delhi,120,33.56,3.78,11.03
2025-06-23,Delhi,120,31.78,0.0,10.93
2025-06-24,Delhi,120,35.66,3.48,10.6
2025-06-25,Delhi,120,32.77,0.72,12.19
2025-06-26,Delhi,120,33.95,0.0,12.43
2025-06-27,Delhi,120,34.66,2.34,12.4
2025-06-28,Delhi,120,33.94,3.29,10.88
2025-06-29,Delhi,120,35.37,0.0,11.17
2025-06-30,Delhi,120,37.18,9.84,15.89
2025-07-01,Delhi,120,30.21,0.0,6.98
2025-07-02,Delhi,120,30.57,0.0,10.49
2025-07-03,Delhi,120,29.01,0.0,11.54
2025-07-04,Delhi,120,30.24,0.0,11.98
2025-07-05,Delhi,120,35.34,0.0,14.51
2025-07-06,Delhi,120,34.33,0.0,8.44
2025-07-07,Delhi,120,31.57,0.0,14.01
2025-07-08,Delhi,120,30.95,18.04,11.27
2025-07-09,Delhi,120,31.84,6.98,12.71
2025-07-10,Delhi,120,29.89,1.51,11.7
2025-07-11,Delhi,120,29.96,8.75,13.17
2025-07-12,Delhi,120,30.63,12.26,11.4
2025-07-13,Delhi,120,33.5,0.0,8.44
2025-07-14,Delhi,120,30.94,0.0,7.64
2025-07-15,Delhi,120,31.97,0.0,9.34
2025-07-16,Delhi,120,33.44,0.0,9.8
2025-07-17,Delhi,120,33.44,0.0,12.6
2025-07-18,Delhi,120,33.49,0.0,8.47
2025-07-19,Delhi,120,30.83,0.0,6.19
2025-07-20,Delhi,120,30.35,6.59,11.7
2025-07-21,Delhi,120,28.63,3.9,9.69
2025-07-22,Delhi,120,31.01,4.01,12.0
2025-07-23,Delhi,120,32.55,8.1,12.92
2025-07-24,Delhi,120,32.95,5.25,11.57
2025-07-25,Delhi,120,33.87,3.4,8.11
2025-07-26,Delhi,120,32.26,11.62,16.35
2025-07-27,Delhi,120,32.3,12.63,16.77
2025-07-28,Delhi,120,33.5,7.17,12.66
2025-07-29,Delhi,120,30.87,45.89,14.4
2025-07-30,Delhi,120,34.99,1.49,16.59
2025-07-31,Delhi,120,33.92,19.49,19.21
2025-08-01,Delhi,120,33.01,3.97,11.19
2025-08-02,Delhi,120,29.05,24.22,16.44
2025-08-03,Delhi,120,30.19,13.43,16.66
2025-08-04,Delhi,120,32.23,9.85,13.76
2025-08-05,Delhi,120,31.18,0.0,8.27
2025-08-06,Delhi,120,30.32,0.0,8.83
2025-08-07,Delhi,120,32.57,0.0,9.35
2025-08-08,Delhi,120,30.37,2.61,16.14
2025-08-09,Delhi,120,32.71,18.25,14.72
2025-08-10,Delhi,120,31.29,3.56,7.47
2025-08-11,Delhi,120,31.24,31.49,13.8
2025-08-12,Delhi,120,30.04,5.73,12.46
2025-08-13,Delhi,120,31.01,1.94,11.15
2025-08-14,Delhi,120,30.57,0.0,11.95
2025-08-15,Delhi,120,29.96,6.2,11.91
2025-08-16,Delhi,120,28.4,0.0,11.27
2025-08-17,Delhi,120,32.44,0.0,4.2
2025-08-18,Delhi,120,30.08,0.0,7.39
2025-08-19,Delhi,120,29.49,0.0,9.81
2025-08-20,Delhi,120,28.74,0.0,5.56
2025-08-21,Delhi,120,28.26,0.0,10.72
2025-08-22,Delhi,120,31.34,0.94,7.62
2025-08-23,Delhi,120,29.84,1.29,7.46
2025-08-24,Delhi,120,29.92,17.14,8.17
2025-08-25,Delhi,120,28.41,21.86,12.58
2025-08-26,Delhi,120,28.19,0.0,5.16
2025-08-27,Delhi,120,27.69,3.74,6.21
2025-08-28,Delhi,120,30.19,11.38,12.98
2025-08-29,Delhi,120,28.84,5.68,10.43
2025-08-30,Delhi,120,28.39,3.82,13.57
2025-08-31,Delhi,120,28.46,2.26,10.17
2025-09-01,Delhi,120,28.8,7.36,8.42
2025-09-02,Delhi,120,28.27,0.0,9.31
2025-09-03,Delhi,120,30.23,4.28,13.18
2025-09-04,Delhi,120,32.45,17.61,12.9
2025-09-05,Delhi,120,30.73,2.53,7.16
2025-09-06,Delhi,120,30.05,13.35,8.43
2025-09-07,Delhi,120,28.78,23.68,12.31
2025-09-08,Delhi,120,30.76,0.0,6.33
2025-09-09,Delhi,120,31.8,0.0,9.38
2025-09-10,Delhi,120,27.84,4.18,7.76
2025-09-11,Delhi,120,27.18,6.34,9.24
2025-09-12,Delhi,120,26.92,4.22,12.49
2025-09-13,Delhi,120,27.76,0.0,7.36
2025-09-14,Delhi,120,27.7,0.0,10.35
2025-09-15,Delhi,120,28.55,0.0,8.79
2025-09-16,Delhi,120,27.26,18.5,14.16
2025-09-17,Delhi,120,31.18,0.0,6.54
2025-09-18,Delhi,120,32.02,0.0,11.43
2025-09-19,Delhi,120,32.38,0.0,7.48
2025-09-20,Delhi,120,31.79,0.0,5.75
2025-09-21,Delhi,120,30.93,4.06,8.67
2025-09-22,Delhi,120,30.03,0.0,6.35
2025-09-23,Delhi,120,29.9,0.0,11.46
2025-09-24,Delhi,120,27.37,0.0,5.63
2025-09-25,Delhi,120,27.69,0.0,7.8
2025-09-26,Delhi,120,30.8,0.0,6.74
2025-09-27,Delhi,120,26.96,0.0,5.14
2025-09-28,Delhi,120,27.38,0.0,6.16
2025-09-29,Delhi,120,28.17,0.0,3.42
2025-09-30,Delhi,120,28.8,0.0,0.87
2023-01-01,Delhi,168,14.93,0.0,5.58
2023-01-02,Delhi,168,13.06,0.0,8.51
2023-01-03,Delhi,168,12.16,13.03,13.65
2023-01-04,Delhi,168,12.96,0.0,5.64
2023-01-05,Delhi,168,13.31,0.0,3.64
2023-01-06,Delhi,168,17.3,0.0,5.24
2023-01-07,Delhi,168,13.74,0.0,3.8
2023-01-08,Delhi,168,12.93,0.0,10.71
2023-01-09,Delhi,168,14.31,0.0,8.21
2023-01-10,Delhi,168,12.93,0.0,7.17
2023-01-11,Delhi,168,14.71,0.0,9.36
2023-01-12,Delhi,168,14.16,0.0,6.57
2023-01-13,Delhi,168,12.16,0.0,12.84
2023-01-14,Delhi,168,14.82,0.0,9.34
2023-01-15,Delhi,168,14.48,0.0,5.1
2023-01-16,Delhi,168,15.58,0.0,6.72
2023-01-17,Delhi,168,16.94,0.0,5.85
2023-01-18,Delhi,168,14.77,14.99,13.54
2023-01-19,Delhi,168,9.75,11.21,10.63
2023-01-20,Delhi,168,17.07,0.0,2.77
2023-01-21,Delhi,168,18.54,0.0,12.05
2023-01-22,Delhi,168,16.79,0.0,13.29
2023-01-23,Delhi,168,18.75,0.0,12.66
2023-01-24,Delhi,168,14.43,0.0,7.28
2023-01-25,Delhi,168,12.89,0.0,14.37
2023-01-26,Delhi,168,12.9,0.0,9.52
2023-01-27,Delhi,168,11.63,0.0,4.35
2023-01-28,Delhi,168,14.49,0.0,9.91
2023-01-29,Delhi,168,16.31,0.0,11.65
2023-01-30,Delhi,168,14.14,0.0,6.7
2023-01-31,Delhi,168,13.07,0.0,7.42
2023-02-01,Delhi,168,16.06,0.0,3.46
2023-02-02,Delhi,168,16.9,0.0,10.95
2023-02-03,Delhi,168,17.69,0.0,9.52
2023-02-04,Delhi,168,18.22,0.0,8.47
2023-02-05,Delhi,168,15.44,0.0,3.9
2023-02-06,Delhi,168,17.99,0.0,9.64
2023-02-07,Delhi,168,16.24,0.0,9.43
2023-02-08,Delhi,168,15.96,0.0,4.87
2023-02-09,Delhi,168,16.76,0.0,5.14
2023-02-10,Delhi,168,14.67,0.0,8.2
2023-02-11,Delhi,168,14.25,0.0,6.34
2023-02-12,Delhi,168,19.03,0.0,2.88
2023-02-13,Delhi,168,16.28,0.0,4.29
2023-02-14,Delhi,168,15.96,0.0,7.34
2023-02-15,Delhi,168,15.72,0.0,12.46
2023-02-16,Delhi,168,16.59,0.0,7.8
2023-02-17,Delhi,168,17.6,0.0,3.11
2023-02-18,Delhi,168,15.29,0.0,9.88
2023-02-19,Delhi,168,17.39,4.15,11.4
2023-02-20,Delhi,168,20.61,0.0,5.48
2023-02-21,Delhi,168,17.38,0.0,11.26
2023-02-22,Delhi,168,19.39,0.0,9.51
2023-02-23,Delhi,168,15.86,0.0,9.09
2023-02-24,Delhi,168,16.34,0.0,5.65
2023-02-25,Delhi,168,18.12,0.0,8.8
2023-02-26,Delhi,168,17.0,0.0,10.82
2023-02-27,Delhi,168,16.87,13.1,1.43
2023-02-28,Delhi,168,16.53,0.0,6.65
2023-03-01,Delhi,168,22.72,0.0,4.0
2023-03-02,Delhi,168,24.72,0.0,10.92
2023-03-03,Delhi,168,24.09,0.0,9.77
2023-03-04,Delhi,168,21.48,0.0,5.1
2023-03-05,Delhi,168,23.08,0.0,10.37
2023-03-06,Delhi,168,24.51,0.0,9.83
2023-03-07,Delhi,168,21.97,0.0,11.26
2023-03-08,Delhi,168,20.68,0.0,9.56
2023-03-09,Delhi,168,21.4,0.0,8.66
2023-03-10,Delhi,168,23.72,0.0,11.69
2023-03-11,Delhi,168,24.14,0.0,9.64
2023-03-12,Delhi,168,24.47,0.0,11.71
2023-03-13,Delhi,168,24.31,0.0,8.38
2023-03-14,Delhi,168,22.96,0.0,12.05
2023-03-15,Delhi,168,23.7,0.0,10.77
2023-03-16,Delhi,168,25.71,0.0,10.82
2023-03-17,Delhi,168,22.08,2.36,5.76
2023-03-18,Delhi,168,23.81,8.54,15.44
2023-03-19,Delhi,168,24.52,0.0,10.65
2023-03-20,Delhi,168,24.39,0.0,15.07
2023-03-21,Delhi,168,25.86,0.0,12.37
2023-03-22,Delhi,168,23.91,0.0,18.51
2023-03-23,Delhi,168,24.52,0.0,10.71
2023-03-24,Delhi,168,20.11,0.0,11.12
2023-03-25,Delhi,168,27.9,0.0,8.8
2023-03-26,Delhi,168,21.92,0.0,10.43
2023-03-27,Delhi,168,25.4,0.0,14.12
2023-03-28,Delhi,168,22.46,0.0,10.33
2023-03-29,Delhi,168,22.05,0.0,9.19
2023-03-30,Delhi,168,27.89,32.76,20.91
2023-03-31,Delhi,168,26.42,0.0,15.61
2023-04-01,Delhi,168,31.63,0.0,8.79
2023-04-02,Delhi,168,28.73,0.0,10.64
2023-04-03,Delhi,168,29.22,0.0,8.41
2023-04-04,Delhi,168,30.2,0.0,3.31
2023-04-05,Delhi,168,28.11,0.0,7.17
2023-04-06,Delhi,168,29.42,0.0,13.34
2023-04-07,Delhi,168,28.0,0.0,9.42
2023-04-08,Delhi,168,29.39,0.0,13.99
2023-04-09,Delhi,168,26.85,0.0,4.71
2023-04-10,Delhi,168,31.0,0.0,7.78
2023-04-11,Delhi,168,26.8,0.0,5.33
2023-04-12,Delhi,168,29.27,0.0,10.67
2023-04-13,Delhi,168,29.78,0.0,5.04
2023-04-14,Delhi,168,28.71,0.0,5.04
2023-04-15,Delhi,168,27.56,0.0,4.93
2023-04-16,Delhi,168,26.64,0.0,6.28
2023-04-17,Delhi,168,30.9,0.0,6.66
2023-04-18,Delhi,168,31.63,0.0,10.38
2023-04-19,Delhi,168,31.24,0.0,11.87
2023-04-20,Delhi,168,30.08,0.0,11.21
2023-04-21,Delhi,168,28.59,0.0,8.93
2023-04-22,Delhi,168,29.77,0.0,17.27
2023-04-23,Delhi,168,32.39,0.0,15.01
2023-04-24,Delhi,168,31.2,0.0,8.18
2023-04-25,Delhi,168,28.24,0.0,15.54
2023-04-26,Delhi,168,31.26,0.0,3.38
2023-04-27,Delhi,168,29.93,0.0,13.97
2023-04-28,Delhi,168,31.35,0.0,10.84
2023-04-29,Delhi,168,32.56,0.0,10.43
2023-04-30,Delhi,168,29.55,0.0,9.05
2023-05-01,Delhi,168,35.44,0.0,18.05
2023-05-02,Delhi,168,34.22,0.0,11.31
2023-05-03,Delhi,168,34.53,0.0,10.17
2023-05-04,Delhi,168,35.09,0.0,10.62
2023-05-05,Delhi,168,32.71,0.0,7.85
2023-05-06,Delhi,168,32.07,0.0,10.25
2023-05-07,Delhi,168,34.54,0.0,9.44
2023-05-08,Delhi,168,35.3,0.0,9.93
2023-05-09,Delhi,168,32.79,0.0,16.25
2023-05-10,Delhi,168,36.64,0.0,15.37
2023-05-11,Delhi,168,35.2,0.0,7.87
2023-05-12,Delhi,168,36.68,0.0,16.95
2023-05-13,Delhi,168,37.33,0.0,15.02
2023-05-14,Delhi,168,32.49,0.0,12.21
2023-05-15,Delhi,168,35.49,34.33,15.54
2023-05-16,Delhi,168,36.0,0.0,8.59
2023-05-17,Delhi,168,33.07,0.0,10.23
2023-05-18,Delhi,168,34.09,0.0,6.13
2023-05-19,Delhi,168,32.99,0.0,8.2
2023-05-20,Delhi,168,34.19,0.0,9.05
2023-05-21,Delhi,168,33.3,0.0,7.51
2023-05-22,Delhi,168,34.04,0.0,13.47
2023-05-23,Delhi,168,34.42,0.0,13.06
2023-05-24,Delhi,168,37.7,0.0,8.04
2023-05-25,Delhi,168,34.93,0.0,10.23
2023-05-26,Delhi,168,33.94,0.0,7.37
2023-05-27,Delhi,168,35.57,0.0,9.51
2023-05-28,Delhi,168,33.67,0.0,14.13
2023-05-29,Delhi,168,33.76,0.0,12.17
2023-05-30,Delhi,168,30.85,0.0,4.66
2023-05-31,Delhi,168,34.6,0.0,15.02
2023-06-01,Delhi,168,33.68,0.0,16.5
2023-06-02,Delhi,168,34.97,0.0,14.96
2023-06-03,Delhi,168,29.67,0.0,18.76
2023-06-04,Delhi,168,32.06,0.0,10.61
2023-06-05,Delhi,168,36.94,0.0,13.92
2023-06-06,Delhi,168,33.31,0.0,14.08
2023-06-07,Delhi,168,34.59,0.0,10.4
2023-06-08,Delhi,168,36.69,0.0,13.28
2023-06-09,Delhi,168,37.86,0.0,9.28
2023-06-10,Delhi,168,34.72,0.0,13.04
2023-06-11,Delhi,168,35.87,0.0,10.41
2023-06-12,Delhi,168,35.17,0.0,8.37
2023-06-13,Delhi,168,35.18,0.0,12.69
2023-06-14,Delhi,168,36.38,8.93,11.67
2023-06-15,Delhi,168,35.23,5.72,14.85
2023-06-16,Delhi,168,34.08,0.0,9.88
2023-06-17,Delhi,168,36.95,0.0,10.52
2023-06-18,Delhi,168,34.48,0.0,8.22
2023-06-19,Delhi,168,34.36,0.0,17.66
2023-06-20,Delhi,168,33.62,0.0,13.22
2023-06-21,Delhi,168,33.48,0.0,19.23
2023-06-22,Delhi,168,35.31,0.0,9.79
2023-06-23,Delhi,168,37.27,29.04,21.99
2023-06-24,Delhi,168,34.54,1.49,6.41
2023-06-25,Delhi,168,32.27,0.0,13.54
2023-06-26,Delhi,168,29.24,3.24,13.41
2023-06-27,Delhi,168,31.03,0.0,21.33
2023-06-28,Delhi,168,34.51,0.0,19.33
2023-06-29,Delhi,168,32.29,0.0,16.03
2023-06-30,Delhi,168,33.29,0.0,11.32
2023-07-01,Delhi,168,28.7,1.06,13.55
2023-07-02,Delhi,168,29.67,2.91,16.3
2023-07-03,Delhi,168,30.55,0.0,10.61
2023-07-04,Delhi,168,28.93,13.24,8.53
2023-07-05,Delhi,168,29.01,0.28,10.97
2023-07-06,Delhi,168,32.52,0.0,12.42
2023-07-07,Delhi,168,30.7,5.16,15.33
2023-07-08,Delhi,168,32.69,6.12,16.09
2023-07-09,Delhi,168,31.23,6.01,16.8
2023-07-10,Delhi,168,33.86,22.93,21.49
2023-07-11,Delhi,168,33.58,2.98,14.09
2023-07-12,Delhi,168,33.52,17.38,7.6
2023-07-13,Delhi,168,28.39,12.57,10.63
2023-07-14,Delhi,168,29.7,34.51,16.07
2023-07-15,Delhi,168,26.74,0.0,12.97
2023-07-16,Delhi,168,28.38,2.03,9.3
2023-07-17,Delhi,168,29.52,35.06,11.23
2023-07-18,Delhi,168,33.08,9.3,13.44
2023-07-19,Delhi,168,32.85,11.28,8.4
2023-07-20,Delhi,168,34.88,42.17,16.47
2023-07-21,Delhi,168,33.01,2.27,8.48
2023-07-22,Delhi,168,32.89,0.0,11.02
2023-07-23,Delhi,168,31.92,0.0,2.26
2023-07-24,Delhi,168,34.76,0.0,10.67
2023-07-25,Delhi,168,33.2,0.0,4.05
2023-07-26,Delhi,168,34.82,0.0,8.08
2023-07-27,Delhi,168,33.9,0.0,10.88
2023-07-28,Delhi,168,32.46,0.0,5.24
2023-07-29,Delhi,168,33.2,0.0,8.72
2023-07-30,Delhi,168,31.21,4.27,12.38
2023-07-31,Delhi,168,32.42,17.61,10.31
2023-08-01,Delhi,168,28.54,30.52,15.02
2023-08-02,Delhi,168,32.15,51.05,17.92
2023-08-03,Delhi,168,30.29,5.7,12.77
2023-08-04,Delhi,168,27.98,1.46,7.45
2023-08-05,Delhi,168,31.66,8.82,7.84
2023-08-06,Delhi,168,32.01,1.11,14.03
2023-08-07,Delhi,168,35.25,1.43,13.88
2023-08-08,Delhi,168,31.89,18.61,13.37
2023-08-09,Delhi,168,30.97,3.71,18.5
2023-08-10,Delhi,168,36.25,15.95,15.05
2023-08-11,Delhi,168,32.17,14.82,17.84
2023-08-12,Delhi,168,32.47,3.41,12.11
2023-08-13,Delhi,168,34.55,0.37,13.47
2023-08-14,Delhi,168,32.22,30.73,14.63
2023-08-15,Delhi,168,31.79,11.85,13.04
2023-08-16,Delhi,168,28.93,0.0,14.86
2023-08-17,Delhi,168,30.46,3.27,9.36
2023-08-18,Delhi,168,34.04,11.22,9.27
2023-08-19,Delhi,168,30.77,5.56,12.66
2023-08-20,Delhi,168,28.11,9.17,15.03
2023-08-21,Delhi,168,26.6,10.61,17.16
2023-08-22,Delhi,168,29.88,0.0,4.21
2023-08-23,Delhi,168,30.57,21.6,11.37
2023-08-24,Delhi,168,30.14,0.0,0.84
2023-08-25,Delhi,168,29.02,0.0,6.7
2023-08-26,Delhi,168,29.53,0.0,9.05
2023-08-27,Delhi,168,31.48,16.52,9.13
2023-08-28,Delhi,168,27.54,1.99,10.02
2023-08-29,Delhi,168,27.26,10.48,16.52
2023-08-30,Delhi,168,26.67,8.39,12.52
2023-08-31,Delhi,168,29.59,27.38,16.97
2023-09-01,Delhi,168,24.99,13.46,16.83
2023-09-02,Delhi,168,23.91,12.22,8.68
2023-09-03,Delhi,168,24.62,9.28,7.9
2023-09-04,Delhi,168,25.65,0.0,4.62
2023-09-05,Delhi,168,30.17,0.0,8.15
2023-09-06,Delhi,168,28.08,0.0,6.5
2023-09-07,Delhi,168,31.05,0.0,5.89
2023-09-08,Delhi,168,29.61,0.0,2.37
2023-09-09,Delhi,168,31.28,2.44,6.95
2023-09-10,Delhi,168,33.22,4.52,10.27
2023-09-11,Delhi,168,31.34,8.73,13.57
2023-09-12,Delhi,168,30.33,0.05,15.83
2023-09-13,Delhi,168,29.3,0.0,3.81
2023-09-14,Delhi,168,30.27,0.0,2.69
2023-09-15,Delhi,168,35.12,0.0,2.84
2023-09-16,Delhi,168,31.28,0.0,4.59
2023-09-17,Delhi,168,30.58,0.0,5.1
2023-09-18,Delhi,168,27.26,0.0,0.46
2023-09-19,Delhi,168,30.24,0.0,8.94
2023-09-20,Delhi,168,29.85,1.88,6.59
2023-09-21,Delhi,168,31.56,0.0,11.94
2023-09-22,Delhi,168,28.3,0.0,7.4
2023-09-23,Delhi,168,28.06,0.0,4.47
2023-09-24,Delhi,168,31.27,0.0,9.06
2023-09-25,Delhi,168,28.73,0.0,11.51
2023-09-26,Delhi,168,32.59,9.36,12.32
2023-09-27,Delhi,168,27.81,0.0,6.11
2023-09-28,Delhi,168,31.43,0.0,6.32
2023-09-29,Delhi,168,30.47,3.16,6.98
2023-09-30,Delhi,168,31.05,6.75,11.05
2023-10-01,Delhi,168,26.32,0.0,9.93
2023-10-02,Delhi,168,26.16,0.0,12.01
2023-10-03,Delhi,168,27.59,0.0,4.23
2023-10-04,Delhi,168,27.23,0.0,8.83
2023-10-05,Delhi,168,22.4,0.0,0.79
2023-10-06,Delhi,168,24.86,0.0,0.0
2023-10-07,Delhi,168,21.68,0.0,8.83
2023-10-08,Delhi,168,23.07,0.0,0.94
2023-10-09,Delhi,168,26.1,0.0,5.96
2023-10-10,Delhi,168,27.16,0.0,1.3
2023-10-11,Delhi,168,26.59,163.91,26.03
2023-10-12,Delhi,168,24.75,0.0,6.97
2023-10-13,Delhi,168,24.48,0.0,5.62
2023-10-14,Delhi,168,25.13,0.0,7.83
2023-10-15,Delhi,168,23.86,0.0,8.67
2023-10-16,Delhi,168,22.79,0.0,0.0
2023-10-17,Delhi,168,23.11,0.0,12.57
2023-10-18,Delhi,168,25.9,0.0,3.43
2023-10-19,Delhi,168,21.56,0.0,8.31
2023-10-20,Delhi,168,23.25,0.0,6.55
2023-10-21,Delhi,168,19.63,0.0,13.21
2023-10-22,Delhi,168,17.39,0.0,9.14
2023-10-23,Delhi,168,20.88,0.0,1.49
2023-10-24,Delhi,168,20.4,0.0,8.29
2023-10-25,Delhi,168,23.46,0.0,5.94
2023-10-26,Delhi,168,21.18,0.0,7.05
2023-10-27,Delhi,168,23.06,0.0,4.59
2023-10-28,Delhi,168,21.95,0.0,8.03
2023-10-29,Delhi,168,22.24,0.0,7.77
2023-10-30,Delhi,168,24.23,0.0,5.95
2023-10-31,Delhi,168,28.88,0.0,5.24
2023-11-01,Delhi,168,19.3,0.0,1.52
2023-11-02,Delhi,168,19.69,0.0,6.33
2023-11-03,Delhi,168,17.28,0.0,8.11
2023-11-04,Delhi,168,19.45,0.0,0.71
2023-11-05,Delhi,168,19.25,0.0,0.05
2023-11-06,Delhi,168,18.03,0.0,4.82
2023-11-07,Delhi,168,16.77,0.0,4.67
2023-11-08,Delhi,168,17.88,0.0,4.76
2023-11-09,Delhi,168,17.89,0.0,2.94
2023-11-10,Delhi,168,16.29,0.0,2.23
2023-11-11,Delhi,168,18.08,0.0,6.99
2023-11-12,Delhi,168,16.19,0.0,3.49
2023-11-13,Delhi,168,18.65,0.0,5.82
2023-11-14,Delhi,168,19.26,0.0,11.3
2023-11-15,Delhi,168,21.77,0.0,3.4
2023-11-16,Delhi,168,17.48,0.0,0.0
2023-11-17,Delhi,168,16.92,0.0,5.74
2023-11-18,Delhi,168,14.34,0.0,8.19
2023-11-19,Delhi,168,18.4,0.0,3.53
2023-11-20,Delhi,168,17.45,0.0,1.98
2023-11-21,Delhi,168,16.9,0.0,8.64
2023-11-22,Delhi,168,18.13,0.0,9.95
2023-11-23,Delhi,168,17.95,0.0,5.65
2023-11-24,Delhi,168,13.7,0.0,7.2
2023-11-25,Delhi,168,18.67,0.0,12.78
2023-11-26,Delhi,168,17.81,0.0,8.52
2023-11-27,Delhi,168,18.11,0.0,6.15
2023-11-28,Delhi,168,22.61,0.0,9.89
2023-11-29,Delhi,168,18.98,0.0,11.68
2023-11-30,Delhi,168,18.58,0.0,12.14
2023-12-01,Delhi,168,17.33,0.0,7.35
2023-12-02,Delhi,168,21.34,0.0,5.52
2023-12-03,Delhi,168,16.98,0.0,6.44
2023-12-04,Delhi,168,15.33,0.0,2.33
2023-12-05,Delhi,168,13.63,0.0,0.42
2023-12-06,Delhi,168,14.0,0.0,4.06
2023-12-07,Delhi,168,14.31,0.0,9.72
2023-12-08,Delhi,168,14.79,0.0,11.29
2023-12-09,Delhi,168,13.0,0.0,5.75
2023-12-10,Delhi,168,12.34,0.0,5.35
2023-12-11,Delhi,168,12.28,0.0,4.04
2023-12-12,Delhi,168,15.98,0.0,1.51
2023-12-13,Delhi,168,13.21,0.0,13.22
2023-12-14,Delhi,168,16.42,0.0,2.46
2023-12-15,Delhi,168,12.63,0.0,3.38
2023-12-16,Delhi,168,12.9,0.0,7.12
2023-12-17,Delhi,168,14.86,0.0,13.44
2023-12-18,Delhi,168,16.18,0.0,14.18
2023-12-19,Delhi,168,15.14,0.0,3.81
2023-12-20,Delhi,168,16.97,0.0,2.47
2023-12-21,Delhi,168,17.82,0.0,5.14
2023-12-22,Delhi,168,16.21,0.0,4.79
2023-12-23,Delhi,168,14.68,0.0,6.41
2023-12-24,Delhi,168,18.4,0.0,1.04
2023-12-25,Delhi,168,13.18,0.0,5.35
2023-12-26,Delhi,168,15.81,0.0,12.3
2023-12-27,Delhi,168,18.85,0.0,0.28
2023-12-28,Delhi,168,15.66,0.0,2.54
2023-12-29,Delhi,168,13.9,4.15,13.73
2023-12-30,Delhi,168,16.97,0.0,9.61
2023-12-31,Delhi,168,16.63,0.0,8.09
2024-01-01,Delhi,168,14.72,0.0,8.46
2024-01-02,Delhi,168,12.84,0.0,5.74
2024-01-03,Delhi,168,14.32,0.0,11.02
2024-01-04,Delhi,168,10.9,0.0,5.18
2024-01-05,Delhi,168,11.32,0.0,7.07
2024-01-06,Delhi,168,13.74,0.0,12.36
2024-01-07,Delhi,168,11.63,0.0,8.71
2024-01-08,Delhi,168,11.73,0.0,9.89
2024-01-09,Delhi,168,13.67,0.0,6.8
2024-01-10,Delhi,168,15.25,0.0,13.56
2024-01-11,Delhi,168,14.26,0.0,12.75
2024-01-12,Delhi,168,12.62,0.0,6.46
2024-01-13,Delhi,168,11.7,0.0,12.01
2024-01-14,Delhi,168,13.89,0.0,7.62
2024-01-15,Delhi,168,14.99,0.0,9.35
2024-01-16,Delhi,168,15.13,0.0,6.13
2024-01-17,Delhi,168,10.02,0.0,6.95
2024-01-18,Delhi,168,12.44,0.0,9.17
2024-01-19,Delhi,168,15.03,0.0,1.44
2024-01-20,Delhi,168,11.62,0.0,10.26
2024-01-21,Delhi,168,11.94,0.0,16.16
2024-01-22,Delhi,168,12.72,0.0,11.17
2024-01-23,Delhi,168,13.36,0.0,8.64
2024-01-24,Delhi,168,15.81,0.0,3.4
2024-01-25,Delhi,168,12.05,0.0,12.34
2024-01-26,Delhi,168,12.75,0.0,4.99
2024-01-27,Delhi,168,9.55,0.0,2.33
2024-01-28,Delhi,168,12.95,0.0,1.11
2024-01-29,Delhi,168,11.19,0.0,7.71
2024-01-30,Delhi,168,14.77,0.0,4.51
2024-01-31,Delhi,168,15.17,0.0,8.32
2024-02-01,Delhi,168,20.19,0.0,11.43
2024-02-02,Delhi,168,21.54,0.0,10.18
2024-02-03,Delhi,168,19.4,0.0,13.05
2024-02-04,Delhi,168,21.49,0.0,11.99
2024-02-05,Delhi,168,16.89,0.0,11.38
2024-02-06,Delhi,168,21.22,0.0,3.35
2024-02-07,Delhi,168,20.71,0.0,6.8
2024-02-08,Delhi,168,21.53,0.0,5.75
2024-02-09,Delhi,168,17.56,0.0,6.66
2024-02-10,Delhi,168,19.29,0.0,13.81
2024-02-11,Delhi,168,20.84,0.0,11.48
2024-02-12,Delhi,168,19.04,0.0,6.6
2024-02-13,Delhi,168,16.73,0.0,16.82
2024-02-14,Delhi,168,17.27,0.0,7.57
2024-02-15,Delhi,168,18.96,0.0,12.26
2024-02-16,Delhi,168,16.89,0.0,11.31
2024-02-17,Delhi,168,21.04,0.0,9.31
2024-02-18,Delhi,168,17.74,0.0,8.16
2024-02-19,Delhi,168,16.44,0.0,7.65
2024-02-20,Delhi,168,17.13,0.0,10.92
2024-02-21,Delhi,168,17.63,0.0,6.69
2024-02-22,Delhi,168,17.68,0.0,6.57
2024-02-23,Delhi,168,18.76,0.0,7.15
2024-02-24,Delhi,168,17.09,0.0,6.94
2024-02-25,Delhi,168,17.64,0.0,14.84
2024-02-26,Delhi,168,15.47,0.0,9.39
2024-02-27,Delhi,168,15.09,0.0,5.95
2024-02-28,Delhi,168,17.65,0.0,7.2
2024-02-29,Delhi,168,17.13,10.05,10.12
2024-03-01,Delhi,168,23.13,0.0,10.85
2024-03-02,Delhi,168,26.81,0.0,6.63
2024-03-03,Delhi,168,26.9,0.0,7.3
2024-03-04,Delhi,168,25.3,0.0,5.91
2024-03-05,Delhi,168,24.47,0.0,12.7
2024-03-06,Delhi,168,22.72,0.0,11.6
2024-03-07,Delhi,168,24.07,0.0,7.24
2024-03-08,Delhi,168,28.18,0.0,12.7
2024-03-09,Delhi,168,26.22,0.0,9.27
2024-03-10,Delhi,168,25.1,0.0,4.6
2024-03-11,Delhi,168,25.66,0.0,9.04
2024-03-12,Delhi,168,20.47,0.0,9.71
2024-03-13,Delhi,168,19.38,0.0,15.6
2024-03-14,Delhi,168,19.23,0.0,5.85
2024-03-15,Delhi,168,22.73,0.0,5.02
2024-03-16,Delhi,168,22.31,0.0,7.99
2024-03-17,Delhi,168,26.49,0.0,5.11
2024-03-18,Delhi,168,26.5,0.0,8.77
2024-03-19,Delhi,168,23.07,0.0,8.87
2024-03-20,Delhi,168,23.09,0.0,10.44
2024-03-21,Delhi,168,23.6,0.0,7.01
2024-03-22,Delhi,168,24.83,0.0,7.24
2024-03-23,Delhi,168,26.18,0.0,1.57
2024-03-24,Delhi,168,25.3,0.0,3.88
2024-03-25,Delhi,168,25.03,0.0,9.35
2024-03-26,Delhi,168,25.15,0.0,3.03
2024-03-27,Delhi,168,24.51,0.0,7.71
2024-03-28,Delhi,168,24.02,0.0,10.91
2024-03-29,Delhi,168,23.11,0.0,10.16
2024-03-30,Delhi,168,23.44,0.0,11.8
2024-03-31,Delhi,168,24.05,0.0,8.74
2024-04-01,Delhi,168,30.45,0.0,1.55
2024-04-02,Delhi,168,29.39,0.0,6.42
2024-04-03,Delhi,168,31.85,0.0,10.52
2024-04-04,Delhi,168,31.91,10.56,11.68
2024-04-05,Delhi,168,34.71,0.0,9.28
2024-04-06,Delhi,168,31.71,0.0,9.83
2024-04-07,Delhi,168,29.17,0.0,14.85
2024-04-08,Delhi,168,28.29,0.0,13.37
2024-04-09,Delhi,168,31.8,0.0,9.9
2024-04-10,Delhi,168,28.98,0.0,2.91
2024-04-11,Delhi,168,24.39,0.0,15.75
2024-04-12,Delhi,168,28.75,0.0,9.02
2024-04-13,Delhi,168,28.74,0.0,13.71
2024-04-14,Delhi,168,26.74,0.0,15.53
2024-04-15,Delhi,168,30.67,0.0,9.55
2024-04-16,Delhi,168,26.06,0.0,11.63
2024-04-17,Delhi,168,26.65,0.0,12.02
2024-04-18,Delhi,168,29.53,0.0,16.63
2024-04-19,Delhi,168,29.78,0.0,11.32
2024-04-20,Delhi,168,28.43,0.0,14.48
2024-04-21,Delhi,168,27.87,0.0,11.0
2024-04-22,Delhi,168,25.85,0.0,16.36
2024-04-23,Delhi,168,27.06,0.0,11.83
2024-04-24,Delhi,168,29.18,0.0,9.86
2024-04-25,Delhi,168,26.46,0.0,6.06
2024-04-26,Delhi,168,24.98,0.0,12.21
2024-04-27,Delhi,168,26.11,0.0,12.36
2024-04-28,Delhi,168,30.76,0.0,13.83
2024-04-29,Delhi,168,28.28,0.0,10.58
2024-04-30,Delhi,168,25.63,0.0,12.61
2024-05-01,Delhi,168,32.2,0.0,13.23
2024-05-02,Delhi,168,34.53,0.0,17.19
2024-05-03,Delhi,168,31.62,0.0,15.3
2024-05-04,Delhi,168,31.6,0.0,11.79
2024-05-05,Delhi,168,34.93,0.0,11.27
2024-05-06,Delhi,168,29.79,0.0,13.14
2024-05-07,Delhi,168,33.92,0.0,11.87
2024-05-08,Delhi,168,35.44,0.0,15.35
2024-05-09,Delhi,168,38.33,0.0,12.08
2024-05-10,Delhi,168,34.63,0.0,13.3
2024-05-11,Delhi,168,34.52,0.0,12.14
2024-05-12,Delhi,168,34.15,0.0,10.64
2024-05-13,Delhi,168,35.14,0.0,11.98
2024-05-14,Delhi,168,30.7,0.0,7.99
2024-05-15,Delhi,168,34.78,0.0,11.74
2024-05-16,Delhi,168,36.51,0.0,15.85
2024-05-17,Delhi,168,35.34,0.0,11.09
2024-05-18,Delhi,168,36.38,0.0,8.95
2024-05-19,Delhi,168,31.84,0.0,13.51
2024-05-20,Delhi,168,33.45,0.0,22.12
2024-05-21,Delhi,168,30.82,0.0,14.4
2024-05-22,Delhi,168,33.85,0.0,9.91
2024-05-23,Delhi,168,33.1,0.0,10.26
2024-05-24,Delhi,168,33.26,0.0,5.27
2024-05-25,Delhi,168,33.71,0.0,7.36
2024-05-26,Delhi,168,30.45,0.0,13.63
2024-05-27,Delhi,168,31.75,0.0,15.15
2024-05-28,Delhi,168,32.52,0.0,16.63
2024-05-29,Delhi,168,32.68,0.0,9.89
2024-05-30,Delhi,168,32.89,0.0,11.24
2024-05-31,Delhi,168,35.92,0.0,10.7
2024-06-01,Delhi,168,31.47,0.0,15.86
2024-06-02,Delhi,168,33.49,10.44,14.02
2024-06-03,Delhi,168,33.32,0.0,12.74
2024-06-04,Delhi,168,33.02,0.0,13.49
2024-06-05,Delhi,168,33.8,0.0,20.93
2024-06-06,Delhi,168,33.0,0.0,10.77
2024-06-07,Delhi,168,37.57,0.0,14.34
2024-06-08,Delhi,168,36.83,0.0,15.12
2024-06-09,Delhi,168,36.08,0.0,8.28
2024-06-10,Delhi,168,32.9,0.0,8.92
2024-06-11,Delhi,168,31.16,0.0,19.31
2024-06-12,Delhi,168,34.22,0.0,17.1
2024-06-13,Delhi,168,35.8,0.0,18.13
2024-06-14,Delhi,168,31.71,0.0,18.44
2024-06-15,Delhi,168,35.33,2.46,17.43
2024-06-16,Delhi,168,35.88,0.0,17.96
2024-06-17,Delhi,168,30.78,0.0,4.97
2024-06-18,Delhi,168,35.3,0.0,12.43
2024-06-19,Delhi,168,29.43,0.0,16.79
2024-06-20,Delhi,168,29.56,0.0,14.95
2024-06-21,Delhi,168,32.82,0.0,4.7
2024-06-22,Delhi,168,38.67,0.0,11.79
2024-06-23,Delhi,168,36.17,2.09,11.43
2024-06-24,Delhi,168,39.28,0.0,10.12
2024-06-25,Delhi,168,34.99,0.0,18.08
2024-06-26,Delhi,168,36.23,0.0,10.72
2024-06-27,Delhi,168,38.31,0.0,7.24
2024-06-28,Delhi,168,33.4,2.16,7.24
2024-06-29,Delhi,168,38.02,4.17,10.21
2024-06-30,Delhi,168,35.02,3.42,14.86
2024-07-01,Delhi,168,27.77,24.73,10.05
2024-07-02,Delhi,168,30.57,6.04,13.19
2024-07-03,Delhi,168,31.65,7.96,15.08
2024-07-04,Delhi,168,31.59,17.93,16.54
2024-07-05,Delhi,168,36.13,0.0,8.75
2024-07-06,Delhi,168,33.5,0.31,15.13
2024-07-07,Delhi,168,31.13,0.0,12.54
2024-07-08,Delhi,168,33.29,0.0,10.42
2024-07-09,Delhi,168,34.65,0.0,14.21
2024-07-10,Delhi,168,35.25,0.0,20.58
2024-07-11,Delhi,168,35.62,12.62,7.11
2024-07-12,Delhi,168,34.08,13.86,8.61
2024-07-13,Delhi,168,30.44,11.98,13.46
2024-07-14,Delhi,168,31.51,5.12,7.09
2024-07-15,Delhi,168,30.68,0.0,12.65
2024-07-16,Delhi,168,32.6,0.0,8.73
2024-07-17,Delhi,168,30.92,0.0,7.9
2024-07-18,Delhi,168,31.87,0.0,15.36
2024-07-19,Delhi,168,27.88,0.0,16.51
2024-07-20,Delhi,168,29.4,0.0,9.7
2024-07-21,Delhi,168,32.16,0.0,5.83
2024-07-22,Delhi,168,30.12,11.31,16.04
2024-07-23,Delhi,168,28.2,10.96,8.8
2024-07-24,Delhi,168,28.77,0.74,13.96
2024-07-25,Delhi,168,29.01,19.33,12.87
2024-07-26,Delhi,168,27.85,5.07,7.38
2024-07-27,Delhi,168,27.11,10.87,18.16
2024-07-28,Delhi,168,27.67,0.0,12.17
2024-07-29,Delhi,168,31.07,10.14,11.7
2024-07-30,Delhi,168,29.77,3.85,7.58
2024-07-31,Delhi,168,27.48,3.42,17.13
2024-08-01,Delhi,168,32.84,26.36,7.51
2024-08-02,Delhi,168,27.55,19.1,9.49
2024-08-03,Delhi,168,29.91,16.15,14.93
2024-08-04,Delhi,168,33.76,11.91,10.24
2024-08-05,Delhi,168,30.27,4.98,6.89
2024-08-06,Delhi,168,32.24,5.42,12.64
2024-08-07,Delhi,168,33.16,8.54,10.69
2024-08-08,Delhi,168,33.79,5.13,8.93
2024-08-09,Delhi,168,29.7,0.0,11.77
2024-08-10,Delhi,168,29.7,11.24,13.12
2024-08-11,Delhi,168,30.05,3.75,16.68
2024-08-12,Delhi,168,30.99,16.5,8.11
2024-08-13,Delhi,168,29.43,0.0,12.52
2024-08-14,Delhi,168,29.76,0.0,10.34
2024-08-15,Delhi,168,29.62,3.02,15.15
2024-08-16,Delhi,168,30.91,44.96,18.62
2024-08-17,Delhi,168,28.78,1.23,12.74
2024-08-18,Delhi,168,29.66,5.99,16.37
2024-08-19,Delhi,168,33.81,31.9,11.88
2024-08-20,Delhi,168,31.86,24.81,14.39
2024-08-21,Delhi,168,29.11,22.1,16.05
2024-08-22,Delhi,168,28.25,0.0,8.09
2024-08-23,Delhi,168,31.05,0.0,16.78
2024-08-24,Delhi,168,29.19,0.0,13.5
2024-08-25,Delhi,168,31.7,0.0,8.17
2024-08-26,Delhi,168,33.52,0.0,12.8
2024-08-27,Delhi,168,34.32,11.33,15.37
2024-08-28,Delhi,168,30.29,5.2,9.53
2024-08-29,Delhi,168,29.64,9.03,13.54
2024-08-30,Delhi,168,30.74,0.0,7.39
2024-08-31,Delhi,168,27.85,1.58,5.97
2024-09-01,Delhi,168,27.43,0.0,4.04
2024-09-02,Delhi,168,28.78,0.0,11.46
2024-09-03,Delhi,168,28.3,3.97,6.13
2024-09-04,Delhi,168,24.91,0.0,5.51
2024-09-05,Delhi,168,26.68,0.0,3.39
2024-09-06,Delhi,168,27.49,0.0,5.52
2024-09-07,Delhi,168,30.03,0.0,6.76
2024-09-08,Delhi,168,28.6,40.69,16.61
2024-09-09,Delhi,168,32.06,0.0,12.07
2024-09-10,Delhi,168,30.3,0.0,8.8
2024-09-11,Delhi,168,29.73,16.82,7.93
2024-09-12,Delhi,168,31.1,2.02,1.97
2024-09-13,Delhi,168,30.92,1.44,1.55
2024-09-14,Delhi,168,28.22,2.02,11.48
2024-09-15,Delhi,168,28.88,0.0,8.97
2024-09-16,Delhi,168,27.31,0.0,5.82
2024-09-17,Delhi,168,29.51,1.68,5.36
2024-09-18,Delhi,168,29.74,0.0,7.99
2024-09-19,Delhi,168,32.95,34.36,15.11
2024-09-20,Delhi,168,30.76,1.73,13.26
2024-09-21,Delhi,168,29.64,23.17,11.34
2024-09-22,Delhi,168,31.14,0.0,6.94
2024-09-23,Delhi,168,29.49,0.0,13.45
2024-09-24,Delhi,168,28.63,0.0,10.75
2024-09-25,Delhi,168,29.23,0.0,9.43
2024-09-26,Delhi,168,30.75,4.68,9.1
2024-09-27,Delhi,168,29.65,2.34,5.92
2024-09-28,Delhi,168,28.4,0.0,8.16
2024-09-29,Delhi,168,27.64,30.42,12.56
2024-09-30,Delhi,168,29.46,1.53,15.49
2024-10-01,Delhi,168,25.23,0.0,10.88
2024-10-02,Delhi,168,29.23,0.0,10.03
2024-10-03,Delhi,168,27.35,0.0,10.86
2024-10-04,Delhi,168,27.61,0.0,5.05
2024-10-05,Delhi,168,27.49,0.0,0.0
2024-10-06,Delhi,168,24.58,0.0,5.0
2024-10-07,Delhi,168,25.61,0.0,2.58
2024-10-08,Delhi,168,22.33,0.0,4.94
2024-10-09,Delhi,168,20.21,0.0,3.99
2024-10-10,Delhi,168,24.03,0.0,3.6
2024-10-11,Delhi,168,21.68,0.0,2.23
2024-10-12,Delhi,168,23.9,0.0,6.2
2024-10-13,Delhi,168,23.69,0.0,3.93
2024-10-14,Delhi,168,26.41,0.0,2.67
2024-10-15,Delhi,168,26.82,0.0,3.79
2024-10-16,Delhi,168,25.58,0.0,0.0
2024-10-17,Delhi,168,24.55,0.0,4.04
2024-10-18,Delhi,168,23.44,0.0,5.8
2024-10-19,Delhi,168,27.35,0.0,6.52
2024-10-20,Delhi,168,22.93,0.0,5.06
2024-10-21,Delhi,168,22.57,0.0,7.63
2024-10-22,Delhi,168,22.29,0.0,10.71
2024-10-23,Delhi,168,24.93,0.0,7.14
2024-10-24,Delhi,168,25.92,0.0,1.96
2024-10-25,Delhi,168,26.12,0.0,16.78
2024-10-26,Delhi,168,23.7,0.0,6.76
2024-10-27,Delhi,168,25.75,0.0,10.84
2024-10-28,Delhi,168,27.26,0.0,11.38
2024-10-29,Delhi,168,27.24,0.0,5.8
2024-10-30,Delhi,168,27.41,0.0,7.56
2024-10-31,Delhi,168,27.9,0.0,3.47
2024-11-01,Delhi,168,20.87,0.0,1.63
2024-11-02,Delhi,168,16.7,0.0,3.87
2024-11-03,Delhi,168,18.3,0.0,6.11
2024-11-04,Delhi,168,22.47,0.0,7.69
2024-11-05,Delhi,168,22.57,0.0,4.55
2024-11-06,Delhi,168,20.38,0.0,5.41
2024-11-07,Delhi,168,19.81,0.0,1.26
2024-11-08,Delhi,168,22.75,0.0,6.19
2024-11-09,Delhi,168,19.51,0.0,5.35
2024-11-10,Delhi,168,23.27,0.0,4.72
2024-11-11,Delhi,168,19.76,0.0,6.19
2024-11-12,Delhi,168,19.04,0.0,1.44
2024-11-13,Delhi,168,20.59,0.0,0.86
2024-11-14,Delhi,168,19.69,0.0,2.68
2024-11-15,Delhi,168,23.25,0.0,2.78
2024-11-16,Delhi,168,20.49,0.0,5.34
2024-11-17,Delhi,168,19.44,0.0,7.68
2024-11-18,Delhi,168,19.77,0.0,5.3
2024-11-19,Delhi,168,20.83,0.0,6.34
2024-11-20,Delhi,168,21.04,0.0,5.66
2024-11-21,Delhi,168,19.51,0.0,2.07
2024-11-22,Delhi,168,19.77,0.0,5.2
2024-11-23,Delhi,168,17.05,0.0,0.54
2024-11-24,Delhi,168,17.06,0.0,0.18
2024-11-25,Delhi,168,17.06,0.0,4.36
2024-11-26,Delhi,168,19.55,0.0,4.79
2024-11-27,Delhi,168,19.87,0.0,1.77
2024-11-28,Delhi,168,17.28,0.0,9.09
2024-11-29,Delhi,168,18.79,0.0,0.0
2024-11-30,Delhi,168,14.76,0.0,5.4
2024-12-01,Delhi,168,15.56,0.0,4.99
2024-12-02,Delhi,168,15.17,0.0,10.12
2024-12-03,Delhi,168,13.28,0.0,0.0
2024-12-04,Delhi,168,16.48,0.0,3.11
2024-12-05,Delhi,168,17.55,0.0,2.5
2024-12-06,Delhi,168,12.1,0.0,0.59
2024-12-07,Delhi,168,14.62,0.0,6.83
2024-12-08,Delhi,168,16.3,0.0,4.68
2024-12-09,Delhi,168,17.75,0.0,4.59
2024-12-10,Delhi,168,18.49,0.0,6.0
2024-12-11,Delhi,168,17.04,0.0,0.73
2024-12-12,Delhi,168,16.01,0.0,2.5
2024-12-13,Delhi,168,15.69,0.0,4.49
2024-12-14,Delhi,168,19.23,0.0,3.02
2024-12-15,Delhi,168,14.48,0.0,8.96
2024-12-16,Delhi,168,14.02,0.0,8.95
2024-12-17,Delhi,168,14.34,0.0,3.71
2024-12-18,Delhi,168,13.99,0.0,3.73
2024-12-19,Delhi,168,14.81,0.0,1.91
2024-12-20,Delhi,168,13.29,0.0,2.88
2024-12-21,Delhi,168,12.72,0.0,0.87
2024-12-22,Delhi,168,18.61,0.0,7.82
2024-12-23,Delhi,168,14.9,0.0,0.16
2024-12-24,Delhi,168,11.74,0.0,3.06
2024-12-25,Delhi,168,14.51,0.0,6.78
2024-12-26,Delhi,168,12.14,0.0,6.43
2024-12-27,Delhi,168,17.1,0.0,5.66
2024-12-28,Delhi,168,13.35,0.0,2.2
2024-12-29,Delhi,168,14.39,0.0,4.15
2024-12-30,Delhi,168,13.81,0.0,9.59
2024-12-31,Delhi,168,13.25,0.0,9.95
2025-01-01,Delhi,168,10.74,0.0,7.73
2025-01-02,Delhi,168,14.8,0.0,6.61
2025-01-03,Delhi,168,11.4,0.0,9.01
2025-01-04,Delhi,168,15.9,0.0,5.16
2025-01-05,Delhi,168,15.86,0.0,10.28
2025-01-06,Delhi,168,16.93,0.0,5.81
2025-01-07,Delhi,168,12.71,0.0,7.89
2025-01-08,Delhi,168,14.33,0.0,5.62
2025-01-09,Delhi,168,12.33,0.0,4.42
2025-01-10,Delhi,168,13.52,0.0,6.84
2025-01-11,Delhi,168,9.16,0.0,4.09
2025-01-12,Delhi,168,13.53,0.0,2.0
2025-01-13,Delhi,168,12.79,0.0,1.86
2025-01-14,Delhi,168,9.49,0.0,2.25
2025-01-15,Delhi,168,10.71,0.0,3.45
2025-01-16,Delhi,168,14.91,0.0,4.89
2025-01-17,Delhi,168,11.22,0.0,1.93
2025-01-18,Delhi,168,11.41,21.63,14.45
2025-01-19,Delhi,168,14.82,0.0,11.13
2025-01-20,Delhi,168,12.07,0.0,14.99
2025-01-21,Delhi,168,12.93,0.0,9.24
2025-01-22,Delhi,168,13.87,0.0,7.72
2025-01-23,Delhi,168,11.62,0.0,6.18
2025-01-24,Delhi,168,12.6,0.0,6.38
2025-01-25,Delhi,168,11.47,0.0,7.84
2025-01-26,Delhi,168,13.24,0.0,12.35
2025-01-27,Delhi,168,11.06,0.0,6.22
2025-01-28,Delhi,168,10.76,0.0,5.08
2025-01-29,Delhi,168,11.84,0.0,7.6
2025-01-30,Delhi,168,10.1,0.0,6.82
2025-01-31,Delhi,168,8.71,0.0,5.56
2025-02-01,Delhi,168,16.49,13.21,9.64
2025-02-02,Delhi,168,18.44,4.2,6.75
2025-02-03,Delhi,168,13.7,0.0,9.21
2025-02-04,Delhi,168,16.95,0.0,2.63
2025-02-05,Delhi,168,16.98,0.0,3.07
2025-02-06,Delhi,168,17.64,0.0,7.4
2025-02-07,Delhi,168,17.27,0.0,7.46
2025-02-08,Delhi,168,14.17,0.0,3.66
2025-02-09,Delhi,168,16.0,0.0,5.79
2025-02-10,Delhi,168,19.13,0.0,12.6
2025-02-11,Delhi,168,19.61,0.0,10.24
2025-02-12,Delhi,168,20.19,0.0,8.49
2025-02-13,Delhi,168,19.01,0.0,15.29
2025-02-14,Delhi,168,18.63,0.0,7.35
2025-02-15,Delhi,168,15.44,0.0,5.25
2025-02-16,Delhi,168,15.01,0.0,7.84
2025-02-17,Delhi,168,19.08,0.0,9.88
2025-02-18,Delhi,168,15.29,0.0,9.31
2025-02-19,Delhi,168,16.98,0.0,6.51
2025-02-20,Delhi,168,16.09,0.0,7.73
2025-02-21,Delhi,168,14.81,0.0,6.65
2025-02-22,Delhi,168,17.63,0.0,2.25
2025-02-23,Delhi,168,16.08,1.72,11.15
2025-02-24,Delhi,168,16.92,0.0,2.93
2025-02-25,Delhi,168,15.87,0.0,10.48
2025-02-26,Delhi,168,16.7,0.0,8.24
2025-02-27,Delhi,168,18.2,0.0,5.97
2025-02-28,Delhi,168,23.11,0.0,8.57
2025-03-01,Delhi,168,27.14,0.0,4.21
2025-03-02,Delhi,168,23.73,0.0,9.09
2025-03-03,Delhi,168,21.49,0.0,9.77
2025-03-04,Delhi,168,24.52,0.0,7.19
2025-03-05,Delhi,168,24.4,0.0,6.3
2025-03-06,Delhi,168,26.81,0.0,6.64
2025-03-07,Delhi,168,25.64,0.0,6.5
2025-03-08,Delhi,168,22.81,0.0,9.38
2025-03-09,Delhi,168,24.15,0.0,11.25
2025-03-10,Delhi,168,21.54,0.0,7.77
2025-03-11,Delhi,168,24.17,0.0,6.9
2025-03-12,Delhi,168,19.88,0.0,6.14
2025-03-13,Delhi,168,21.43,0.0,9.68
2025-03-14,Delhi,168,20.49,0.0,9.7
2025-03-15,Delhi,168,20.29,0.0,13.14
2025-03-16,Delhi,168,24.02,0.0,7.35
2025-03-17,Delhi,168,23.15,0.0,11.93
2025-03-18,Delhi,168,25.26,0.0,12.7
2025-03-19,Delhi,168,24.64,0.0,13.04
2025-03-20,Delhi,168,24.77,0.0,9.29
2025-03-21,Delhi,168,23.29,0.0,2.03
2025-03-22,Delhi,168,22.03,0.0,11.45
2025-03-23,Delhi,168,22.35,0.0,11.72
2025-03-24,Delhi,168,21.62,0.0,3.42
2025-03-25,Delhi,168,23.37,0.0,7.26
2025-03-26,Delhi,168,18.46,0.0,10.58
2025-03-27,Delhi,168,21.87,0.0,14.46
2025-03-28,Delhi,168,21.77,0.0,8.3
2025-03-29,Delhi,168,25.47,0.0,15.25
2025-03-30,Delhi,168,25.04,0.0,10.76
2025-03-31,Delhi,168,23.04,0.0,7.32
2025-04-01,Delhi,168,32.92,0.0,8.15
2025-04-02,Delhi,168,32.16,0.0,7.22
2025-04-03,Delhi,168,33.05,0.0,12.82
2025-04-04,Delhi,168,31.18,0.0,13.76
2025-04-05,Delhi,168,29.63,3.08,9.34
2025-04-06,Delhi,168,29.32,0.0,8.77
2025-04-07,Delhi,168,34.2,0.0,9.89
2025-04-08,Delhi,168,32.22,0.0,10.78
2025-04-09,Delhi,168,29.9,0.0,10.78
2025-04-10,Delhi,168,31.24,0.0,7.11
2025-04-11,Delhi,168,27.96,0.0,12.4
2025-04-12,Delhi,168,28.88,0.0,9.04
2025-04-13,Delhi,168,27.96,0.0,8.33
2025-04-14,Delhi,168,29.5,6.66,16.25
2025-04-15,Delhi,168,29.6,0.0,13.19
2025-04-16,Delhi,168,33.83,0.0,15.36
2025-04-17,Delhi,168,34.7,0.0,11.39
2025-04-18,Delhi,168,34.17,0.0,12.91
2025-04-19,Delhi,168,35.81,0.0,8.57
2025-04-20,Delhi,168,32.31,0.0,9.4
2025-04-21,Delhi,168,33.18,0.0,6.05
2025-04-22,Delhi,168,32.63,0.0,8.43
2025-04-23,Delhi,168,35.4,0.0,8.71
2025-04-24,Delhi,168,31.65,0.0,8.31
2025-04-25,Delhi,168,31.6,0.0,13.84
2025-04-26,Delhi,168,34.44,0.0,8.27
2025-04-27,Delhi,168,31.29,0.0,9.79
2025-04-28,Delhi,168,28.88,0.0,12.5
2025-04-29,Delhi,168,29.36,0.0,9.7
2025-04-30,Delhi,168,27.61,0.0,11.26
2025-05-01,Delhi,168,32.16,0.0,11.26
2025-05-02,Delhi,168,33.53,0.0,6.23
2025-05-03,Delhi,168,33.6,0.0,9.23
2025-05-04,Delhi,168,31.04,0.0,17.82
2025-05-05,Delhi,168,35.08,0.0,18.35
2025-05-06,Delhi,168,34.69,0.0,8.8
2025-05-07,Delhi,168,34.78,0.0,7.49
2025-05-08,Delhi,168,34.69,0.0,14.33
2025-05-09,Delhi,168,35.0,0.0,16.4
2025-05-10,Delhi,168,34.33,0.0,16.39
2025-05-11,Delhi,168,34.32,0.0,14.21
2025-05-12,Delhi,168,32.46,0.0,8.68
2025-05-13,Delhi,168,33.36,0.0,8.8
2025-05-14,Delhi,168,30.64,0.0,12.67
2025-05-15,Delhi,168,32.55,0.0,11.64
2025-05-16,Delhi,168,32.66,0.0,16.9
2025-05-17,Delhi,168,32.72,0.0,15.86
2025-05-18,Delhi,168,36.71,0.0,12.37
2025-05-19,Delhi,168,33.11,0.0,13.49
2025-05-20,Delhi,168,33.45,0.0,15.07
2025-05-21,Delhi,168,35.27,0.0,14.09
2025-05-22,Delhi,168,35.24,0.0,11.44
2025-05-23,Delhi,168,28.94,0.0,8.84
2025-05-24,Delhi,168,34.9,0.0,12.77
2025-05-25,Delhi,168,37.04,0.0,13.22
2025-05-26,Delhi,168,32.67,0.0,7.75
2025-05-27,Delhi,168,33.34,0.0,11.26
2025-05-28,Delhi,168,32.82,0.0,12.51
2025-05-29,Delhi,168,33.48,10.27,10.62
2025-05-30,Delhi,168,36.21,8.37,13.07
2025-05-31,Delhi,168,36.09,0.0,16.07
2025-06-01,Delhi,168,36.64,0.0,15.29
2025-06-02,Delhi,168,35.63,0.0,13.54
2025-06-03,Delhi,168,34.22,0.0,14.09
2025-06-04,Delhi,168,36.65,32.53,16.3
2025-06-05,Delhi,168,36.35,17.06,17.05
2025-06-06,Delhi,168,35.41,5.39,17.92
2025-06-07,Delhi,168,33.6,0.0,18.87
2025-06-08,Delhi,168,31.27,0.0,15.59
2025-06-09,Delhi,168,30.96,0.0,17.24
2025-06-10,Delhi,168,33.91,3.35,13.9
2025-06-11,Delhi,168,33.25,0.0,14.2
2025-06-12,Delhi,168,34.97,0.0,15.97
2025-06-13,Delhi,168,34.99,0.0,12.06
2025-06-14,Delhi,168,32.27,0.0,17.56
2025-06-15,Delhi,168,32.39,0.0,9.6
2025-06-16,Delhi,168,31.02,0.0,11.55
2025-06-17,Delhi,168,30.87,0.0,9.92
2025-06-18,Delhi,168,27.59,0.0,12.47
2025-06-19,Delhi,168,32.33,9.5,18.42
2025-06-20,Delhi,168,31.65,6.86,11.59
2025-06-21,Delhi,168,32.16,0.0,12.73
2025-06-22,Delhi,168,34.85,7.01,14.82
2025-06-23,Delhi,168,31.77,0.0,12.73
2025-06-24,Delhi,168,33.42,2.22,15.22
2025-06-25,Delhi,168,34.82,2.77,14.23
2025-06-26,Delhi,168,32.1,0.0,10.07
2025-06-27,Delhi,168,33.03,3.62,10.85
2025-06-28,Delhi,168,38.39,0.56,14.39
2025-06-29,Delhi,168,37.88,0.0,13.8
2025-06-30,Delhi,168,35.13,20.96,13.9
2025-07-01,Delhi,168,29.73,0.0,7.63
2025-07-02,Delhi,168,28.69,0.0,7.3
2025-07-03,Delhi,168,33.31,0.0,11.58
2025-07-04,Delhi,168,31.87,0.0,12.53
2025-07-05,Delhi,168,35.18,0.0,6.85
2025-07-06,Delhi,168,31.46,0.0,9.49
2025-07-07,Delhi,168,34.02,0.0,12.75
2025-07-08,Delhi,168,32.89,9.23,14.23
2025-07-09,Delhi,168,28.59,3.17,13.83
2025-07-10,Delhi,168,28.65,2.3,9.27
2025-07-11,Delhi,168,31.09,7.49,17.78
2025-07-12,Delhi,168,29.15,3.87,15.11
2025-07-13,Delhi,168,30.8,0.0,7.53
2025-07-14,Delhi,168,32.84,0.0,12.11
2025-07-15,Delhi,168,30.52,0.0,6.41
2025-07-16,Delhi,168,32.5,0.0,6.15
2025-07-17,Delhi,168,31.37,0.0,13.29
2025-07-18,Delhi,168,34.27,0.0,17.37
2025-07-19,Delhi,168,30.21,0.0,5.77
2025-07-20,Delhi,168,30.8,23.23,13.77
2025-07-21,Delhi,168,30.77,0.61,12.21
2025-07-22,Delhi,168,31.66,8.59,11.56
2025-07-23,Delhi,168,31.43,8.48,8.36
2025-07-24,Delhi,168,30.26,1.6,15.63
2025-07-25,Delhi,168,30.02,3.46,6.85
2025-07-26,Delhi,168,34.48,11.01,12.87
2025-07-27,Delhi,168,31.87,11.31,18.1
2025-07-28,Delhi,168,30.67,9.71,13.79
2025-07-29,Delhi,168,34.51,42.31,16.97
2025-07-30,Delhi,168,34.85,1.98,12.52
2025-07-31,Delhi,168,32.85,28.63,12.46
2025-08-01,Delhi,168,33.71,6.04,11.95
2025-08-02,Delhi,168,32.22,20.53,16.18
2025-08-03,Delhi,168,30.91,12.92,12.08
2025-08-04,Delhi,168,32.89,8.86,15.73
2025-08-05,Delhi,168,34.37,0.0,4.72
2025-08-06,Delhi,168,31.31,0.0,10.67
2025-08-07,Delhi,168,32.27,0.0,11.0
2025-08-08,Delhi,168,29.85,4.69,8.47
2025-08-09,Delhi,168,32.89,23.76,12.93
2025-08-10,Delhi,168,31.22,7.46,6.51
2025-08-11,Delhi,168,28.42,18.53,9.53
2025-08-12,Delhi,168,27.62,2.97,13.45
2025-08-13,Delhi,168,30.81,0.31,7.6
2025-08-14,Delhi,168,33.32,11.14,11.69
2025-08-15,Delhi,168,29.95,8.2,8.21
2025-08-16,Delhi,168,26.34,0.0,10.94
2025-08-17,Delhi,168,33.65,0.0,8.65
2025-08-18,Delhi,168,30.78,0.0,4.62
2025-08-19,Delhi,168,29.62,0.0,6.13
2025-08-20,Delhi,168,27.73,0.0,12.37
2025-08-21,Delhi,168,29.74,0.0,9.07
2025-08-22,Delhi,168,30.1,1.44,4.62
2025-08-23,Delhi,168,30.34,3.07,12.14
2025-08-24,Delhi,168,28.26,1.14,9.29
2025-08-25,Delhi,168,28.25,3.73,4.38
2025-08-26,Delhi,168,29.11,0.0,7.38
2025-08-27,Delhi,168,30.15,6.61,10.6
2025-08-28,Delhi,168,26.67,17.61,7.82
2025-08-29,Delhi,168,29.68,11.79,11.97
2025-08-30,Delhi,168,30.28,4.19,13.09
2025-08-31,Delhi,168,30.27,0.56,14.68
2025-09-01,Delhi,168,29.07,1.74,12.64
2025-09-02,Delhi,168,31.39,0.0,9.78
2025-09-03,Delhi,168,28.71,1.89,11.17
2025-09-04,Delhi,168,28.82,12.91,13.35
2025-09-05,Delhi,168,29.19,10.49,9.79
2025-09-06,Delhi,168,30.59,33.79,14.46
2025-09-07,Delhi,168,29.52,16.74,15.91
2025-09-08,Delhi,168,29.16,0.0,7.92
2025-09-09,Delhi,168,31.28,0.0,11.85
2025-09-10,Delhi,168,32.62,6.08,3.7
2025-09-11,Delhi,168,29.65,0.0,8.17
2025-09-12,Delhi,168,29.34,3.98,9.73
2025-09-13,Delhi,168,25.84,0.0,9.93
2025-09-14,Delhi,168,27.36,0.0,11.44
2025-09-15,Delhi,168,29.97,0.0,12.57
2025-09-16,Delhi,168,30.05,29.02,12.01
2025-09-17,Delhi,168,32.57,0.0,3.91
2025-09-18,Delhi,168,30.3,0.0,5.44
2025-09-19,Delhi,168,35.47,0.0,11.44
2025-09-20,Delhi,168,34.57,0.0,12.31
2025-09-21,Delhi,168,32.7,0.86,6.38
2025-09-22,Delhi,168,32.0,0.0,6.02
2025-09-23,Delhi,168,28.09,0.0,7.6
2025-09-24,Delhi,168,28.03,0.0,4.51
2025-09-25,Delhi,168,30.48,0.0,4.55
2025-09-26,Delhi,168,26.2,0.0,6.02
2025-09-27,Delhi,168,29.68,0.0,11.74
2025-09-28,Delhi,168,31.13,0.0,4.01
2025-09-29,Delhi,168,26.66,0.0,12.35
2025-09-30,Delhi,168,32.04,0.0,0.95
2023-01-01,Chennai,24,25.02,0.0,10.47
2023-01-02,Chennai,24,24.06,0.0,10.23
2023-01-03,Chennai,24,23.45,0.0,8.02
2023-01-04,Chennai,24,25.38,0.0,8.11
2023-01-05,Chennai,24,24.58,1.79,9.65
2023-01-06,Chennai,24,23.74,0.0,9.4
2023-01-07,Chennai,24,24.39,0.0,8.97
2023-01-08,Chennai,24,24.91,0.0,7.59
2023-01-09,Chennai,24,25.72,0.0,9.84
2023-01-10,Chennai,24,25.4,0.0,8.62
2023-01-11,Chennai,24,24.31,0.0,9.45
2023-01-12,Chennai,24,24.4,0.0,11.29
2023-01-13,Chennai,24,25.2,0.0,11.91
2023-01-14,Chennai,24,23.73,0.0,8.03
2023-01-15,Chennai,24,27.09,0.0,6.38
2023-01-16,Chennai,24,25.8,0.0,6.12
2023-01-17,Chennai,24,24.38,0.0,7.89
2023-01-18,Chennai,24,24.54,0.0,8.4
2023-01-19,Chennai,24,24.99,0.0,11.3
2023-01-20,Chennai,24,25.11,0.0,8.87
2023-01-21,Chennai,24,26.29,0.0,7.89
2023-01-22,Chennai,24,27.25,0.0,8.49
2023-01-23,Chennai,24,27.12,0.0,7.25
2023-01-24,Chennai,24,27.61,15.73,13.43
2023-01-25,Chennai,24,26.57,0.0,10.65
2023-01-26,Chennai,24,25.85,0.0,8.92
2023-01-27,Chennai,24,25.29,0.0,12.77
2023-01-28,Chennai,24,25.27,0.0,7.51
2023-01-29,Chennai,24,25.66,0.0,10.32
2023-01-30,Chennai,24,23.79,0.0,7.36
2023-01-31,Chennai,24,23.15,0.0,13.4
2023-02-01,Chennai,24,26.57,0.0,14.57
2023-02-02,Chennai,24,28.44,0.0,14.68
2023-02-03,Chennai,24,27.53,0.0,8.39
2023-02-04,Chennai,24,26.69,0.0,11.05
2023-02-05,Chennai,24,27.68,0.0,11.05
2023-02-06,Chennai,24,25.35,0.0,9.6
2023-02-07,Chennai,24,27.25,0.0,7.74
2023-02-08,Chennai,24,25.52,0.0,6.5
2023-02-09,Chennai,24,26.06,0.0,3.42
2023-02-10,Chennai,24,24.92,0.0,8.4
2023-02-11,Chennai,24,27.29,0.0,7.3
2023-02-12,Chennai,24,26.9,0.0,12.03
2023-02-13,Chennai,24,25.8,0.0,11.32
2023-02-14,Chennai,24,25.69,6.84,13.54
2023-02-15,Chennai,24,27.36,0.0,11.76
2023-02-16,Chennai,24,28.78,0.0,7.93
2023-02-17,Chennai,24,30.16,0.0,7.1
2023-02-18,Chennai,24,30.49,0.0,9.32
2023-02-19,Chennai,24,29.41,0.0,7.25
2023-02-20,Chennai,24,26.01,0.0,11.05
2023-02-21,Chennai,24,26.25,0.0,8.65
2023-02-22,Chennai,24,29.85,0.0,10.92
2023-02-23,Chennai,24,27.78,0.0,7.48
2023-02-24,Chennai,24,27.58,0.0,9.94
2023-02-25,Chennai,24,27.83,0.0,9.59
2023-02-26,Chennai,24,26.13,0.0,7.94
2023-02-27,Chennai,24,26.93,0.0,8.01
2023-02-28,Chennai,24,25.96,0.0,5.86
2023-03-01,Chennai,24,27.29,0.0,6.6
2023-03-02,Chennai,24,24.36,0.0,7.45
2023-03-03,Chennai,24,26.92,0.0,11.53
2023-03-04,Chennai,24,25.8,0.0,9.65
2023-03-05,Chennai,24,26.75,0.0,9.67
2023-03-06,Chennai,24,25.45,0.0,8.22
2023-03-07,Chennai,24,27.87,0.0,8.37
2023-03-08,Chennai,24,26.28,0.0,9.91
2023-03-09,Chennai,24,27.32,0.0,10.85
2023-03-10,Chennai,24,27.45,0.0,7.14
2023-03-11,Chennai,24,26.91,0.0,10.91
2023-03-12,Chennai,24,25.48,0.0,8.13
2023-03-13,Chennai,24,27.35,0.0,10.77
2023-03-14,Chennai,24,26.65,0.0,8.72
2023-03-15,Chennai,24,27.53,0.0,10.29
2023-03-16,Chennai,24,29.34,0.0,12.26
2023-03-17,Chennai,24,29.54,0.0,10.22
2023-03-18,Chennai,24,30.49,0.0,10.54
2023-03-19,Chennai,24,30.1,0.0,14.93
2023-03-20,Chennai,24,27.77,0.0,13.4
2023-03-21,Chennai,24,28.85,0.0,10.93
2023-03-22,Chennai,24,28.51,0.0,15.06
2023-03-23,Chennai,24,26.92,0.0,10.94
2023-03-24,Chennai,24,26.73,0.0,11.57
2023-03-25,Chennai,24,28.0,0.0,11.54
2023-03-26,Chennai,24,28.75,0.0,12.25
2023-03-27,Chennai,24,25.29,0.0,13.86
2023-03-28,Chennai,24,27.28,0.0,13.22
2023-03-29,Chennai,24,28.72,0.0,12.66
2023-03-30,Chennai,24,28.02,0.0,9.61
2023-03-31,Chennai,24,29.96,0.0,13.86
2023-04-01,Chennai,24,32.62,0.0,12.77
2023-04-02,Chennai,24,32.8,0.0,8.33
2023-04-03,Chennai,24,31.65,0.0,12.0
2023-04-04,Chennai,24,34.72,0.0,7.8
2023-04-05,Chennai,24,32.96,0.0,5.76
2023-04-06,Chennai,24,32.66,0.29,5.63
2023-04-07,Chennai,24,32.85,0.0,9.73
2023-04-08,Chennai,24,31.74,0.0,10.62
2023-04-09,Chennai,24,31.64,0.0,8.05
2023-04-10,Chennai,24,32.09,0.69,9.6
2023-04-11,Chennai,24,33.97,0.0,11.0
2023-04-12,Chennai,24,36.29,0.0,10.0
2023-04-13,Chennai,24,34.04,0.0,7.86
2023-04-14,Chennai,24,33.53,0.0,14.06
2023-04-15,Chennai,24,33.04,4.54,16.42
2023-04-16,Chennai,24,32.53,6.55,13.44
2023-04-17,Chennai,24,32.09,0.0,16.31
2023-04-18,Chennai,24,32.32,0.0,13.21
2023-04-19,Chennai,24,33.08,0.0,10.47
2023-04-20,Chennai,24,34.54,0.0,11.7
2023-04-21,Chennai,24,34.74,0.0,12.04
2023-04-22,Chennai,24,36.23,0.0,9.59
2023-04-23,Chennai,24,34.08,0.0,10.93
2023-04-24,Chennai,24,35.72,0.0,10.07
2023-04-25,Chennai,24,34.04,0.0,8.31
2023-04-26,Chennai,24,34.09,0.0,8.69
2023-04-27,Chennai,24,34.42,0.0,12.46
2023-04-28,Chennai,24,33.28,0.0,11.46
2023-04-29,Chennai,24,32.58,0.0,14.17
2023-04-30,Chennai,24,34.54,1.47,10.91
2023-05-01,Chennai,24,34.98,0.0,12.49
2023-05-02,Chennai,24,37.34,0.0,10.19
2023-05-03,Chennai,24,34.55,0.0,11.65
2023-05-04,Chennai,24,34.53,0.0,13.43
2023-05-05,Chennai,24,32.01,0.0,12.32
2023-05-06,Chennai,24,31.88,0.0,13.03
2023-05-07,Chennai,24,34.44,0.0,12.32
2023-05-08,Chennai,24,32.64,0.0,13.08
2023-05-09,Chennai,24,36.21,0.0,13.86
2023-05-10,Chennai,24,36.69,21.41,15.3
2023-05-11,Chennai,24,36.28,0.0,11.37
2023-05-12,Chennai,24,37.21,0.0,9.07
2023-05-13,Chennai,24,37.36,0.0,11.13
2023-05-14,Chennai,24,35.84,0.0,13.71
2023-05-15,Chennai,24,36.35,20.48,20.07
2023-05-16,Chennai,24,36.0,7.27,14.34
2023-05-17,Chennai,24,33.09,2.54,12.15
2023-05-18,Chennai,24,33.12,0.0,12.63
2023-05-19,Chennai,24,33.89,0.0,11.68
2023-05-20,Chennai,24,35.22,0.0,12.89
2023-05-21,Chennai,24,36.69,0.0,12.69
2023-05-22,Chennai,24,36.61,0.0,12.92
2023-05-23,Chennai,24,35.86,0.0,11.99
2023-05-24,Chennai,24,34.76,0.0,16.03
2023-05-25,Chennai,24,34.65,0.0,13.23
2023-05-26,Chennai,24,34.95,0.0,14.12
2023-05-27,Chennai,24,35.96,0.0,14.01
2023-05-28,Chennai,24,37.36,0.0,15.86
2023-05-29,Chennai,24,37.25,0.0,10.82
2023-05-30,Chennai,24,38.6,0.0,13.88
2023-05-31,Chennai,24,36.84,0.0,12.09
2023-06-01,Chennai,24,35.86,0.0,17.58
2023-06-02,Chennai,24,34.6,6.5,21.09
2023-06-03,Chennai,24,33.39,0.0,19.88
2023-06-04,Chennai,24,34.36,0.0,18.88
2023-06-05,Chennai,24,36.14,0.0,18.32
2023-06-06,Chennai,24,34.87,0.0,16.52
2023-06-07,Chennai,24,36.95,7.63,15.97
2023-06-08,Chennai,24,34.73,0.0,16.29
2023-06-09,Chennai,24,34.66,0.0,20.03
2023-06-10,Chennai,24,35.88,0.0,17.05
2023-06-11,Chennai,24,33.38,0.0,15.96
2023-06-12,Chennai,24,34.69,0.0,18.93
2023-06-13,Chennai,24,36.4,0.0,17.5
2023-06-14,Chennai,24,35.56,0.0,14.18
2023-06-15,Chennai,24,36.58,0.0,14.48
2023-06-16,Chennai,24,34.81,0.0,18.75
2023-06-17,Chennai,24,32.98,0.0,19.44
2023-06-18,Chennai,24,35.41,0.0,21.38
2023-06-19,Chennai,24,34.99,0.0,17.44
2023-06-20,Chennai,24,35.92,12.16,17.63
2023-06-21,Chennai,24,34.66,53.22,24.67
2023-06-22,Chennai,24,35.74,8.18,18.15
2023-06-23,Chennai,24,35.58,0.0,17.42
2023-06-24,Chennai,24,34.32,0.0,14.93
2023-06-25,Chennai,24,34.27,0.0,12.73
2023-06-26,Chennai,24,35.06,0.0,17.8
2023-06-27,Chennai,24,35.94,0.0,15.52
2023-06-28,Chennai,24,35.1,0.0,14.49
2023-06-29,Chennai,24,34.53,0.0,16.53
2023-06-30,Chennai,24,34.07,0.0,13.56
2023-07-01,Chennai,24,32.94,0.58,10.58
2023-07-02,Chennai,24,30.71,0.0,16.07
2023-07-03,Chennai,24,30.17,0.0,13.47
2023-07-04,Chennai,24,31.14,0.0,8.22
2023-07-05,Chennai,24,30.96,0.0,10.79
2023-07-06,Chennai,24,33.1,0.0,15.42
2023-07-07,Chennai,24,31.9,0.0,16.76
2023-07-08,Chennai,24,30.78,0.0,17.5
2023-07-09,Chennai,24,31.44,0.0,18.25
2023-07-10,Chennai,24,31.74,0.0,12.12
2023-07-11,Chennai,24,31.87,0.0,14.4
2023-07-12,Chennai,24,32.26,0.0,15.68
2023-07-13,Chennai,24,33.58,0.0,16.29
2023-07-14,Chennai,24,30.0,0.0,15.62
2023-07-15,Chennai,24,30.34,0.0,12.39
2023-07-16,Chennai,24,30.09,0.0,11.89
2023-07-17,Chennai,24,31.75,0.0,14.63
2023-07-18,Chennai,24,31.39,0.0,13.13
2023-07-19,Chennai,24,29.13,0.83,14.73
2023-07-20,Chennai,24,29.81,3.92,15.8
2023-07-21,Chennai,24,28.43,0.0,14.95
2023-07-22,Chennai,24,29.64,0.0,14.74
2023-07-23,Chennai,24,30.95,6.41,16.72
2023-07-24,Chennai,24,29.9,3.17,18.37
2023-07-25,Chennai,24,31.01,1.97,17.63
2023-07-26,Chennai,24,30.48,3.53,14.35
2023-07-27,Chennai,24,29.18,0.0,16.05
2023-07-28,Chennai,24,30.1,0.0,12.43
2023-07-29,Chennai,24,28.19,6.44,15.46
2023-07-30,Chennai,24,31.82,0.0,13.91
2023-07-31,Chennai,24,33.74,0.0,18.39
2023-08-01,Chennai,24,30.37,0.0,14.24
2023-08-02,Chennai,24,29.45,0.0,11.78
2023-08-03,Chennai,24,29.66,21.18,16.24
2023-08-04,Chennai,24,29.29,0.0,12.31
2023-08-05,Chennai,24,29.08,0.0,13.18
2023-08-06,Chennai,24,29.09,0.0,14.32
2023-08-07,Chennai,24,28.37,0.0,15.23
2023-08-08,Chennai,24,29.52,0.0,12.88
2023-08-09,Chennai,24,29.05,0.0,11.41
2023-08-10,Chennai,24,28.99,0.0,15.0
2023-08-11,Chennai,24,27.69,0.0,9.88
2023-08-12,Chennai,24,28.57,0.0,12.12
2023-08-13,Chennai,24,30.94,20.98,14.79
2023-08-14,Chennai,24,31.28,0.0,13.82
2023-08-15,Chennai,24,30.22,0.0,13.08
2023-08-16,Chennai,24,32.32,0.0,11.92
2023-08-17,Chennai,24,31.2,0.0,13.71
2023-08-18,Chennai,24,30.51,0.0,14.86
2023-08-19,Chennai,24,28.67,0.0,16.77
2023-08-20,Chennai,24,30.9,0.0,14.04
2023-08-21,Chennai,24,30.23,0.0,14.64
2023-08-22,Chennai,24,30.64,0.0,12.75
2023-08-23,Chennai,24,29.35,0.0,16.76
2023-08-24,Chennai,24,30.76,0.0,16.2
2023-08-25,Chennai,24,30.13,0.0,14.66
2023-08-26,Chennai,24,30.39,0.0,11.59
2023-08-27,Chennai,24,30.92,0.0,11.78
2023-08-28,Chennai,24,30.98,0.0,11.95
2023-08-29,Chennai,24,31.61,0.0,15.7
2023-08-30,Chennai,24,31.88,0.0,13.12
2023-08-31,Chennai,24,30.36,11.65,14.13
2023-09-01,Chennai,24,30.83,0.0,10.7
2023-09-02,Chennai,24,30.16,0.0,9.95
2023-09-03,Chennai,24,29.4,3.48,9.41
2023-09-04,Chennai,24,28.1,4.34,12.64
2023-09-05,Chennai,24,27.29,17.96,13.96
2023-09-06,Chennai,24,27.43,8.18,12.64
2023-09-07,Chennai,24,28.14,0.0,12.8
2023-09-08,Chennai,24,28.02,13.11,15.04
2023-09-09,Chennai,24,27.29,11.51,20.38
2023-09-10,Chennai,24,28.48,6.8,16.86
2023-09-11,Chennai,24,27.3,0.0,14.45
2023-09-12,Chennai,24,25.8,0.0,10.25
2023-09-13,Chennai,24,25.79,0.0,10.23
2023-09-14,Chennai,24,27.75,1.93,9.99
2023-09-15,Chennai,24,26.61,7.4,13.82
2023-09-16,Chennai,24,29.57,9.27,19.18
2023-09-17,Chennai,24,29.2,0.0,10.19
2023-09-18,Chennai,24,27.87,0.0,11.33
2023-09-19,Chennai,24,28.82,9.85,14.55
2023-09-20,Chennai,24,29.73,6.54,12.38
2023-09-21,Chennai,24,31.89,10.59,15.73
2023-09-22,Chennai,24,30.65,14.41,14.7
2023-09-23,Chennai,24,30.74,0.0,11.85
2023-09-24,Chennai,24,29.21,0.0,15.7
2023-09-25,Chennai,24,30.73,0.0,14.89
2023-09-26,Chennai,24,29.35,0.0,12.34
2023-09-27,Chennai,24,28.91,2.39,13.44
2023-09-28,Chennai,24,30.61,9.65,14.12
2023-09-29,Chennai,24,30.75,1.35,11.46
2023-09-30,Chennai,24,29.6,7.35,13.62
2023-10-01,Chennai,24,27.75,6.76,9.69
2023-10-02,Chennai,24,30.15,7.12,11.49
2023-10-03,Chennai,24,26.48,0.2,14.15
2023-10-04,Chennai,24,28.58,3.5,14.74
2023-10-05,Chennai,24,27.73,9.62,17.83
2023-10-06,Chennai,24,27.96,9.64,17.18
2023-10-07,Chennai,24,27.35,20.8,16.83
2023-10-08,Chennai,24,28.2,7.39,11.4
2023-10-09,Chennai,24,26.17,17.03,14.02
2023-10-10,Chennai,24,25.92,3.52,9.51
2023-10-11,Chennai,24,25.35,28.18,15.45
2023-10-12,Chennai,24,27.78,6.78,12.59
2023-10-13,Chennai,24,24.71,0.85,13.1
2023-10-14,Chennai,24,23.02,21.79,17.66
2023-10-15,Chennai,24,26.34,0.0,11.69
2023-10-16,Chennai,24,26.87,0.0,11.54
2023-10-17,Chennai,24,26.33,4.12,15.54
2023-10-18,Chennai,24,25.27,3.83,16.16
2023-10-19,Chennai,24,27.46,4.16,13.89
2023-10-20,Chennai,24,25.91,5.66,14.67
2023-10-21,Chennai,24,26.44,0.23,13.51
2023-10-22,Chennai,24,25.03,1.64,13.06
2023-10-23,Chennai,24,26.36,17.16,18.1
2023-10-24,Chennai,24,28.99,0.0,14.86
2023-10-25,Chennai,24,29.13,0.0,13.46
2023-10-26,Chennai,24,30.74,6.47,12.01
2023-10-27,Chennai,24,28.37,30.94,16.12
2023-10-28,Chennai,24,27.72,31.01,15.42
2023-10-29,Chennai,24,28.23,5.26,15.82
2023-10-30,Chennai,24,24.36,8.16,13.63
2023-10-31,Chennai,24,24.42,5.85,12.94
2023-11-01,Chennai,24,24.32,2.06,13.53
2023-11-02,Chennai,24,25.42,3.64,15.59
2023-11-03,Chennai,24,24.8,8.07,16.86
2023-11-04,Chennai,24,23.19,54.81,22.7
2023-11-05,Chennai,24,25.21,3.41,13.05
2023-11-06,Chennai,24,23.49,33.2,17.73
2023-11-07,Chennai,24,22.22,7.15,16.46
2023-11-08,Chennai,24,23.41,10.91,16.72
2023-11-09,Chennai,24,22.52,4.31,17.53
2023-11-10,Chennai,24,25.2,25.2,19.72
2023-11-11,Chennai,24,22.42,11.75,16.56
2023-11-12,Chennai,24,24.0,22.59,21.56
2023-11-13,Chennai,24,26.69,26.18,22.65
2023-11-14,Chennai,24,25.97,11.39,21.14
2023-11-15,Chennai,24,25.93,3.26,12.4
2023-11-16,Chennai,24,26.51,6.95,13.83
2023-11-17,Chennai,24,26.61,11.05,16.08
2023-11-18,Chennai,24,24.17,1.65,17.89
2023-11-19,Chennai,24,25.44,11.38,17.53
2023-11-20,Chennai,24,23.12,13.34,15.66
2023-11-21,Chennai,24,26.06,0.0,13.38
2023-11-22,Chennai,24,24.73,0.51,14.17
2023-11-23,Chennai,24,26.36,25.85,19.87
2023-11-24,Chennai,24,24.12,6.73,14.46
2023-11-25,Chennai,24,25.77,3.68,10.94
2023-11-26,Chennai,24,25.66,2.24,14.39
2023-11-27,Chennai,24,26.06,4.7,14.68
2023-11-28,Chennai,24,23.75,5.38,15.47
2023-11-29,Chennai,24,23.74,27.37,20.59
2023-11-30,Chennai,24,24.13,19.34,18.3
2023-12-01,Chennai,24,24.3,7.6,11.87
2023-12-02,Chennai,24,25.91,14.31,13.11
2023-12-03,Chennai,24,26.31,0.0,10.33
2023-12-04,Chennai,24,26.16,4.82,10.3
2023-12-05,Chennai,24,26.59,0.0,11.38
2023-12-06,Chennai,24,26.87,0.0,10.15
2023-12-07,Chennai,24,27.6,0.0,8.6
2023-12-08,Chennai,24,27.08,0.0,9.72
2023-12-09,Chennai,24,26.99,0.0,11.25
2023-12-10,Chennai,24,27.19,0.0,10.34
2023-12-11,Chennai,24,26.89,19.47,15.8
2023-12-12,Chennai,24,26.95,0.0,10.29
2023-12-13,Chennai,24,26.03,0.0,10.93
2023-12-14,Chennai,24,25.39,1.06,12.27
2023-12-15,Chennai,24,26.46,5.66,14.3
2023-12-16,Chennai,24,25.79,7.87,13.88
2023-12-17,Chennai,24,24.48,0.0,9.56
2023-12-18,Chennai,24,26.09,0.0,8.96
2023-12-19,Chennai,24,24.13,0.0,5.36
2023-12-20,Chennai,24,24.19,0.0,7.97
2023-12-21,Chennai,24,24.15,0.0,9.98
2023-12-22,Chennai,24,22.74,1.01,11.54
2023-12-23,Chennai,24,23.84,0.46,12.09
2023-12-24,Chennai,24,23.81,27.34,12.14
2023-12-25,Chennai,24,24.28,0.0,10.45
2023-12-26,Chennai,24,24.89,0.0,11.8
2023-12-27,Chennai,24,26.61,0.0,9.52
2023-12-28,Chennai,24,24.7,0.0,10.38
2023-12-29,Chennai,24,24.3,0.0,13.63
2023-12-30,Chennai,24,24.51,0.0,11.31
2023-12-31,Chennai,24,26.16,0.0,13.12
2024-01-01,Chennai,24,26.55,6.94,8.7
2024-01-02,Chennai,24,27.1,0.0,8.94
2024-01-03,Chennai,24,28.89,0.0,10.48
2024-01-04,Chennai,24,25.14,0.0,6.88
2024-01-05,Chennai,24,23.82,0.0,6.16
2024-01-06,Chennai,24,24.02,5.79,9.05
2024-01-07,Chennai,24,23.3,0.0,9.35
2024-01-08,Chennai,24,25.16,0.0,9.86
2024-01-09,Chennai,24,23.84,0.0,10.94
2024-01-10,Chennai,24,25.2,0.0,10.38
2024-01-11,Chennai,24,26.7,0.0,11.62
2024-01-12,Chennai,24,25.0,0.0,10.41
2024-01-13,Chennai,24,25.8,0.0,12.09
2024-01-14,Chennai,24,25.88,0.0,11.21
2024-01-15,Chennai,24,24.37,0.0,12.13
2024-01-16,Chennai,24,24.51,0.0,13.45
2024-01-17,Chennai,24,23.58,0.0,7.73
2024-01-18,Chennai,24,23.39,0.0,8.7
2024-01-19,Chennai,24,28.14,0.0,7.74
2024-01-20,Chennai,24,29.54,0.0,13.46
2024-01-21,Chennai,24,26.47,0.0,10.92
2024-01-22,Chennai,24,26.04,0.0,10.54
2024-01-23,Chennai,24,23.81,0.0,13.84
2024-01-24,Chennai,24,23.8,0.0,6.89
2024-01-25,Chennai,24,25.58,0.0,9.44
2024-01-26,Chennai,24,26.86,0.0,10.84
2024-01-27,Chennai,24,28.0,0.0,9.23
2024-01-28,Chennai,24,28.15,0.05,10.7
2024-01-29,Chennai,24,26.12,6.7,8.57
2024-01-30,Chennai,24,25.13,0.0,7.25
2024-01-31,Chennai,24,25.22,0.0,7.95
2024-02-01,Chennai,24,25.9,0.0,6.39
2024-02-02,Chennai,24,26.92,0.0,6.05
2024-02-03,Chennai,24,28.84,0.0,7.76
2024-02-04,Chennai,24,28.01,0.0,11.42
2024-02-05,Chennai,24,26.42,0.0,13.35
2024-02-06,Chennai,24,26.41,0.0,13.09
2024-02-07,Chennai,24,26.34,0.0,10.94
2024-02-08,Chennai,24,28.68,0.0,8.75
2024-02-09,Chennai,24,26.88,0.0,8.18
2024-02-10,Chennai,24,27.01,0.0,8.39
2024-02-11,Chennai,24,30.07,0.0,8.9
2024-02-12,Chennai,24,29.57,0.0,8.8
2024-02-13,Chennai,24,28.01,0.0,5.49
2024-02-14,Chennai,24,27.87,0.0,9.96
2024-02-15,Chennai,24,28.23,0.0,10.39
2024-02-16,Chennai,24,26.99,0.0,9.61
2024-02-17,Chennai,24,25.57,0.0,9.61
2024-02-18,Chennai,24,26.58,0.0,7.15
2024-02-19,Chennai,24,27.78,0.0,11.57
2024-02-20,Chennai,24,27.73,0.0,12.08
2024-02-21,Chennai,24,27.66,0.0,11.64
2024-02-22,Chennai,24,27.08,0.0,10.57
2024-02-23,Chennai,24,29.45,0.0,14.84
2024-02-24,Chennai,24,29.35,0.0,11.35
2024-02-25,Chennai,24,29.08,0.0,8.79
2024-02-26,Chennai,24,28.82,0.0,10.51
2024-02-27,Chennai,24,29.82,0.0,9.32
2024-02-28,Chennai,24,28.13,0.0,7.46
2024-02-29,Chennai,24,28.43,0.0,8.9
2024-03-01,Chennai,24,29.97,0.0,12.42
2024-03-02,Chennai,24,27.88,0.0,10.37
2024-03-03,Chennai,24,24.7,0.0,10.83
2024-03-04,Chennai,24,24.28,0.0,11.61
2024-03-05,Chennai,24,24.86,0.0,13.14
2024-03-06,Chennai,24,22.98,0.0,9.18
2024-03-07,Chennai,24,24.16,0.0,8.99
2024-03-08,Chennai,24,24.58,0.0,13.42
2024-03-09,Chennai,24,24.62,0.0,13.66
2024-03-10,Chennai,24,26.23,0.0,7.6
2024-03-11,Chennai,24,26.99,0.0,9.04
2024-03-12,Chennai,24,27.94,0.0,6.56
2024-03-13,Chennai,24,26.84,0.0,11.05
2024-03-14,Chennai,24,28.39,0.0,10.72
2024-03-15,Chennai,24,26.59,0.0,8.34
2024-03-16,Chennai,24,26.22,9.88,9.49
2024-03-17,Chennai,24,27.85,4.26,9.12
2024-03-18,Chennai,24,27.71,0.0,9.5
2024-03-19,Chennai,24,29.19,0.0,12.34
2024-03-20,Chennai,24,28.04,0.0,12.65
2024-03-21,Chennai,24,30.84,0.0,13.11
2024-03-22,Chennai,24,31.71,0.0,13.07
2024-03-23,Chennai,24,31.55,0.0,10.58
2024-03-24,Chennai,24,31.49,0.0,11.57
2024-03-25,Chennai,24,31.84,0.0,10.92
2024-03-26,Chennai,24,33.95,0.0,12.94
2024-03-27,Chennai,24,34.55,0.0,9.59
2024-03-28,Chennai,24,32.91,0.0,9.85
2024-03-29,Chennai,24,31.11,0.0,8.97
2024-03-30,Chennai,24,32.17,0.0,9.53
2024-03-31,Chennai,24,31.2,0.0,10.16
2024-04-01,Chennai,24,32.23,0.0,12.1
2024-04-02,Chennai,24,32.11,0.0,8.5
2024-04-03,Chennai,24,33.34,0.0,12.58
2024-04-04,Chennai,24,33.87,0.0,13.45
2024-04-05,Chennai,24,31.86,0.0,12.13
2024-04-06,Chennai,24,33.89,0.0,9.57
2024-04-07,Chennai,24,31.21,12.32,11.78
2024-04-08,Chennai,24,32.4,0.0,7.45
2024-04-09,Chennai,24,30.67,0.0,8.53
2024-04-10,Chennai,24,32.64,0.0,9.3
2024-04-11,Chennai,24,34.17,0.0,13.12
2024-04-12,Chennai,24,34.1,0.0,10.25
2024-04-13,Chennai,24,34.96,0.0,11.36
2024-04-14,Chennai,24,35.37,0.0,8.26
2024-04-15,Chennai,24,33.86,0.0,9.11
2024-04-16,Chennai,24,34.22,0.0,8.53
2024-04-17,Chennai,24,34.04,6.63,12.33
2024-04-18,Chennai,24,33.61,1.77,12.49
2024-04-19,Chennai,24,35.31,0.0,12.82
2024-04-20,Chennai,24,36.06,0.0,9.49
2024-04-21,Chennai,24,34.13,0.0,8.22
2024-04-22,Chennai,24,32.15,0.0,9.34
2024-04-23,Chennai,24,32.64,0.0,11.89
2024-04-24,Chennai,24,32.27,0.0,7.23
2024-04-25,Chennai,24,34.69,0.0,10.75
2024-04-26,Chennai,24,34.67,0.0,7.61
2024-04-27,Chennai,24,34.57,0.0,8.02
2024-04-28,Chennai,24,33.71,0.0,8.7
2024-04-29,Chennai,24,32.91,2.26,11.11
2024-04-30,Chennai,24,31.6,0.0,9.4
2024-05-01,Chennai,24,33.13,0.0,12.76
2024-05-02,Chennai,24,33.0,0.0,14.71
2024-05-03,Chennai,24,33.42,0.0,12.91
2024-05-04,Chennai,24,32.37,0.0,12.86
2024-05-05,Chennai,24,34.46,0.0,16.42
2024-05-06,Chennai,24,35.22,0.0,12.42
2024-05-07,Chennai,24,32.41,0.0,15.06
2024-05-08,Chennai,24,32.64,0.0,13.48
2024-05-09,Chennai,24,33.6,0.0,14.26
2024-05-10,Chennai,24,32.6,0.0,15.41
2024-05-11,Chennai,24,32.85,0.0,14.36
2024-05-12,Chennai,24,33.51,4.47,13.4
2024-05-13,Chennai,24,34.06,0.0,12.9
2024-05-14,Chennai,24,34.9,0.0,10.81
2024-05-15,Chennai,24,34.12,0.0,14.62
2024-05-16,Chennai,24,34.45,0.0,13.12
2024-05-17,Chennai,24,35.21,0.0,10.83
2024-05-18,Chennai,24,34.7,4.67,10.65
2024-05-19,Chennai,24,34.93,0.0,9.16
2024-05-20,Chennai,24,34.48,0.0,13.12
2024-05-21,Chennai,24,34.98,0.0,11.42
2024-05-22,Chennai,24,36.21,0.0,12.16
2024-05-23,Chennai,24,34.44,0.0,12.98
2024-05-24,Chennai,24,33.75,0.0,13.83
2024-05-25,Chennai,24,34.6,2.16,17.21
2024-05-26,Chennai,24,33.08,40.28,21.18
2024-05-27,Chennai,24,32.12,0.0,12.62
2024-05-28,Chennai,24,34.63,0.0,11.15
2024-05-29,Chennai,24,34.11,3.49,13.46
2024-05-30,Chennai,24,31.68,0.0,14.01
2024-05-31,Chennai,24,32.94,13.32,17.25
2024-06-01,Chennai,24,31.13,0.0,20.07
2024-06-02,Chennai,24,30.29,0.0,14.86
2024-06-03,Chennai,24,31.33,0.0,13.32
2024-06-04,Chennai,24,30.41,0.0,14.8
2024-06-05,Chennai,24,30.87,0.0,14.59
2024-06-06,Chennai,24,32.85,0.0,14.02
2024-06-07,Chennai,24,32.18,0.0,14.0
2024-06-08,Chennai,24,32.69,0.0,14.11
2024-06-09,Chennai,24,32.81,0.0,14.54
2024-06-10,Chennai,24,33.12,0.0,18.48
2024-06-11,Chennai,24,34.05,0.0,19.9
2024-06-12,Chennai,24,36.19,0.0,16.08
2024-06-13,Chennai,24,33.98,0.0,19.41
2024-06-14,Chennai,24,33.54,0.0,20.93
2024-06-15,Chennai,24,33.91,0.0,16.84
2024-06-16,Chennai,24,33.17,0.0,19.29
2024-06-17,Chennai,24,31.3,0.0,18.04
2024-06-18,Chennai,24,34.19,0.0,14.15
2024-06-19,Chennai,24,33.33,10.31,19.08
2024-06-20,Chennai,24,33.25,0.0,18.68
2024-06-21,Chennai,24,31.84,0.0,16.2
2024-06-22,Chennai,24,33.7,0.0,17.81
2024-06-23,Chennai,24,34.73,0.0,15.69
2024-06-24,Chennai,24,33.29,0.0,15.82
2024-06-25,Chennai,24,35.48,0.0,17.23
2024-06-26,Chennai,24,37.22,0.0,16.81
2024-06-27,Chennai,24,34.69,0.0,17.32
2024-06-28,Chennai,24,33.31,0.0,12.84
2024-06-29,Chennai,24,31.49,0.0,12.89
2024-06-30,Chennai,24,31.11,0.0,12.56
2024-07-01,Chennai,24,27.43,0.0,14.24
2024-07-02,Chennai,24,29.18,0.0,12.04
2024-07-03,Chennai,24,28.37,0.0,16.04
2024-07-04,Chennai,24,27.05,7.11,16.24
2024-07-05,Chennai,24,29.35,2.94,17.38
2024-07-06,Chennai,24,28.37,0.0,14.37
2024-07-07,Chennai,24,30.87,0.0,16.53
2024-07-08,Chennai,24,33.4,6.19,13.25
2024-07-09,Chennai,24,34.63,0.96,15.45
2024-07-10,Chennai,24,33.14,8.01,14.78
2024-07-11,Chennai,24,32.87,1.29,18.53
2024-07-12,Chennai,24,31.95,2.4,15.57
2024-07-13,Chennai,24,32.24,13.68,18.72
2024-07-14,Chennai,24,31.58,4.15,11.89
2024-07-15,Chennai,24,34.23,11.85,13.97
2024-07-16,Chennai,24,31.97,0.0,13.43
2024-07-17,Chennai,24,33.22,0.0,9.6
2024-07-18,Chennai,24,32.13,0.0,10.7
2024-07-19,Chennai,24,33.54,0.0,14.33
2024-07-20,Chennai,24,34.09,0.0,18.16
2024-07-21,Chennai,24,33.34,6.33,17.44
2024-07-22,Chennai,24,33.12,0.0,14.61
2024-07-23,Chennai,24,34.08,1.45,16.68
2024-07-24,Chennai,24,31.82,0.0,15.64
2024-07-25,Chennai,24,35.22,0.0,11.96
2024-07-26,Chennai,24,33.69,0.0,14.68
2024-07-27,Chennai,24,35.54,0.0,16.87
2024-07-28,Chennai,24,32.59,0.0,13.63
2024-07-29,Chennai,24,34.3,7.95,15.29
2024-07-30,Chennai,24,33.14,0.0,12.8
2024-07-31,Chennai,24,32.63,0.0,14.01
2024-08-01,Chennai,24,34.22,0.0,13.47
2024-08-02,Chennai,24,33.84,0.0,16.11
2024-08-03,Chennai,24,34.69,0.0,13.43
2024-08-04,Chennai,24,33.33,23.31,16.56
2024-08-05,Chennai,24,31.65,0.0,12.33
2024-08-06,Chennai,24,30.82,0.0,12.8
2024-08-07,Chennai,24,34.48,0.0,16.32
2024-08-08,Chennai,24,33.9,0.0,15.11
2024-08-09,Chennai,24,33.17,3.82,18.54
2024-08-10,Chennai,24,32.43,8.15,15.67
2024-08-11,Chennai,24,33.47,20.35,15.34
2024-08-12,Chennai,24,31.83,1.31,9.95
2024-08-13,Chennai,24,32.29,0.0,7.07
2024-08-14,Chennai,24,29.52,0.0,6.11
2024-08-15,Chennai,24,31.62,0.0,9.28
2024-08-16,Chennai,24,32.21,0.0,11.64
2024-08-17,Chennai,24,31.3,0.0,9.97
2024-08-18,Chennai,24,32.11,0.0,9.88
2024-08-19,Chennai,24,32.24,0.0,7.03
2024-08-20,Chennai,24,34.05,0.0,8.8
2024-08-21,Chennai,24,33.0,0.0,6.71
2024-08-22,Chennai,24,31.46,0.0,8.58
2024-08-23,Chennai,24,32.31,0.0,7.95
2024-08-24,Chennai,24,31.94,0.0,11.95
2024-08-25,Chennai,24,31.75,13.91,16.73
2024-08-26,Chennai,24,31.05,0.0,14.4
2024-08-27,Chennai,24,32.25,0.0,15.36
2024-08-28,Chennai,24,32.98,11.65,14.86
2024-08-29,Chennai,24,36.02,17.55,15.15
2024-08-30,Chennai,24,34.1,0.0,10.5
2024-08-31,Chennai,24,32.13,0.0,14.21
2024-09-01,Chennai,24,32.56,0.0,10.76
2024-09-02,Chennai,24,31.39,0.0,12.92
2024-09-03,Chennai,24,31.43,0.0,8.48
2024-09-04,Chennai,24,30.11,0.0,10.91
2024-09-05,Chennai,24,31.31,0.0,11.59
2024-09-06,Chennai,24,31.76,5.92,13.83
2024-09-07,Chennai,24,29.93,14.89,13.03
2024-09-08,Chennai,24,32.24,33.17,18.16
2024-09-09,Chennai,24,33.37,5.97,12.78
2024-09-10,Chennai,24,32.87,0.0,9.94
2024-09-11,Chennai,24,31.91,0.0,12.28
2024-09-12,Chennai,24,29.51,2.71,13.18
2024-09-13,Chennai,24,29.85,2.01,8.76
2024-09-14,Chennai,24,29.38,0.77,9.95
2024-09-15,Chennai,24,30.28,2.43,10.19
2024-09-16,Chennai,24,29.74,0.0,5.98
2024-09-17,Chennai,24,28.75,0.0,10.76
2024-09-18,Chennai,24,29.53,4.73,11.13
2024-09-19,Chennai,24,29.02,8.18,13.15
2024-09-20,Chennai,24,28.99,0.0,7.64
2024-09-21,Chennai,24,32.41,0.0,9.79
2024-09-22,Chennai,24,30.73,0.0,12.67
2024-09-23,Chennai,24,31.26,9.58,14.65
2024-09-24,Chennai,24,32.8,0.0,13.3
2024-09-25,Chennai,24,31.25,0.0,11.89
2024-09-26,Chennai,24,30.55,0.0,12.48
2024-09-27,Chennai,24,32.51,0.0,11.56
2024-09-28,Chennai,24,31.02,0.0,13.52
2024-09-29,Chennai,24,32.2,0.0,13.78
2024-09-30,Chennai,24,30.62,0.0,10.4
2024-10-01,Chennai,24,27.8,0.0,11.97
2024-10-02,Chennai,24,26.53,0.0,14.19
2024-10-03,Chennai,24,28.53,0.0,12.52
2024-10-04,Chennai,24,26.76,3.08,13.03
2024-10-05,Chennai,24,26.3,3.83,11.27
2024-10-06,Chennai,24,27.52,6.07,12.26
2024-10-07,Chennai,24,28.2,4.02,12.94
2024-10-08,Chennai,24,28.58,28.78,15.93
2024-10-09,Chennai,24,25.97,10.23,16.44
2024-10-10,Chennai,24,26.77,13.27,12.0
2024-10-11,Chennai,24,28.32,10.0,11.13
2024-10-12,Chennai,24,31.5,4.57,10.53
2024-10-13,Chennai,24,30.18,8.69,12.21
2024-10-14,Chennai,24,30.54,11.23,16.31
2024-10-15,Chennai,24,31.65,11.27,19.39
2024-10-16,Chennai,24,29.75,6.79,14.78
2024-10-17,Chennai,24,31.17,18.68,14.63
2024-10-18,Chennai,24,32.95,1.4,11.41
2024-10-19,Chennai,24,30.9,0.91,11.85
2024-10-20,Chennai,24,29.39,5.51,11.07
2024-10-21,Chennai,24,29.49,0.0,9.09
2024-10-22,Chennai,24,28.7,0.0,12.88
2024-10-23,Chennai,24,29.46,0.0,15.07
2024-10-24,Chennai,24,29.34,0.0,15.43
2024-10-25,Chennai,24,24.94,2.42,15.06
2024-10-26,Chennai,24,24.18,3.75,16.34
2024-10-27,Chennai,24,24.14,0.91,11.88
2024-10-28,Chennai,24,22.9,11.06,13.83
2024-10-29,Chennai,24,24.78,20.33,14.85
2024-10-30,Chennai,24,24.08,13.63,14.55
2024-10-31,Chennai,24,25.7,30.3,14.77
2024-11-01,Chennai,24,22.34,0.0,9.53
2024-11-02,Chennai,24,24.57,17.02,12.85
2024-11-03,Chennai,24,24.43,1.73,13.54
2024-11-04,Chennai,24,26.59,5.79,15.18
2024-11-05,Chennai,24,27.54,5.71,19.06
2024-11-06,Chennai,24,28.31,12.81,18.31
2024-11-07,Chennai,24,25.96,8.32,15.35
2024-11-08,Chennai,24,27.54,5.06,14.98
2024-11-09,Chennai,24,26.8,22.74,18.78
2024-11-10,Chennai,24,26.2,6.29,10.1
2024-11-11,Chennai,24,27.21,4.72,13.65
2024-11-12,Chennai,24,28.19,9.03,15.63
2024-11-13,Chennai,24,28.23,1.91,14.02
2024-11-14,Chennai,24,27.2,8.64,11.13
2024-11-15,Chennai,24,25.17,13.72,11.14
2024-11-16,Chennai,24,26.29,14.62,14.02
2024-11-17,Chennai,24,27.42,8.59,15.93
2024-11-18,Chennai,24,26.76,3.47,16.33
2024-11-19,Chennai,24,28.19,5.06,13.79
2024-11-20,Chennai,24,28.92,1.67,12.97
2024-11-21,Chennai,24,29.25,0.0,15.89
2024-11-22,Chennai,24,28.26,4.24,17.33
2024-11-23,Chennai,24,29.68,0.46,13.97
2024-11-24,Chennai,24,27.95,4.22,15.21
2024-11-25,Chennai,24,25.73,8.02,16.75
2024-11-26,Chennai,24,28.14,7.57,13.17
2024-11-27,Chennai,24,28.56,8.75,12.11
2024-11-28,Chennai,24,29.19,12.77,14.45
2024-11-29,Chennai,24,26.95,21.47,18.34
2024-11-30,Chennai,24,25.9,30.64,15.73
2024-12-01,Chennai,24,26.06,19.11,14.9
2024-12-02,Chennai,24,27.24,0.61,9.19
2024-12-03,Chennai,24,25.84,4.36,8.55
2024-12-04,Chennai,24,24.66,0.0,5.33
2024-12-05,Chennai,24,27.73,0.0,8.01
2024-12-06,Chennai,24,26.44,12.91,6.64
2024-12-07,Chennai,24,26.01,8.79,13.11
2024-12-08,Chennai,24,26.13,2.14,10.76
2024-12-09,Chennai,24,25.36,0.0,12.99
2024-12-10,Chennai,24,25.25,0.0,8.71
2024-12-11,Chennai,24,25.81,6.49,10.51
2024-12-12,Chennai,24,23.79,1.87,6.91
2024-12-13,Chennai,24,25.39,3.38,11.19
2024-12-14,Chennai,24,25.38,2.35,10.98
2024-12-15,Chennai,24,25.34,4.29,11.18
2024-12-16,Chennai,24,23.99,8.54,11.48
2024-12-17,Chennai,24,24.91,2.8,11.66
2024-12-18,Chennai,24,24.52,6.41,9.05
2024-12-19,Chennai,24,21.36,6.22,7.47
2024-12-20,Chennai,24,21.81,0.0,7.27
2024-12-21,Chennai,24,24.72,0.1,6.56
2024-12-22,Chennai,24,24.4,5.54,10.59
2024-12-23,Chennai,24,22.85,8.24,12.82
2024-12-24,Chennai,24,23.01,12.59,11.69
2024-12-25,Chennai,24,20.49,2.17,7.8
2024-12-26,Chennai,24,22.8,15.3,8.82
2024-12-27,Chennai,24,23.11,2.69,10.23
2024-12-28,Chennai,24,24.61,23.52,10.59
2024-12-29,Chennai,24,25.13,11.19,8.44
2024-12-30,Chennai,24,24.41,5.79,7.87
2024-12-31,Chennai,24,23.23,0.0,11.27
2025-01-01,Chennai,24,27.27,0.0,10.12
2025-01-02,Chennai,24,26.45,0.0,12.25
2025-01-03,Chennai,24,27.07,0.0,10.36
2025-01-04,Chennai,24,26.87,2.09,7.46
2025-01-05,Chennai,24,25.79,0.0,8.41
2025-01-06,Chennai,24,25.69,0.0,7.79
2025-01-07,Chennai,24,23.77,0.0,7.99
2025-01-08,Chennai,24,24.36,0.0,10.73
2025-01-09,Chennai,24,25.14,0.0,9.08
2025-01-10,Chennai,24,25.53,0.0,11.83
2025-01-11,Chennai,24,26.85,0.0,11.76
2025-01-12,Chennai,24,25.05,0.0,11.85
2025-01-13,Chennai,24,25.64,1.42,10.81
2025-01-14,Chennai,24,25.25,2.64,13.23
2025-01-15,Chennai,24,24.45,0.0,10.17
2025-01-16,Chennai,24,24.81,0.0,7.53
2025-01-17,Chennai,24,24.36,6.47,11.72
2025-01-18,Chennai,24,25.4,0.0,14.71
2025-01-19,Chennai,24,25.86,0.0,13.8
2025-01-20,Chennai,24,28.05,0.0,12.1
2025-01-21,Chennai,24,27.43,0.0,9.12
2025-01-22,Chennai,24,26.98,0.0,11.41
2025-01-23,Chennai,24,26.64,0.0,11.18
2025-01-24,Chennai,24,25.18,0.0,10.26
2025-01-25,Chennai,24,24.21,0.0,11.19
2025-01-26,Chennai,24,23.9,0.0,9.87
2025-01-27,Chennai,24,24.01,0.0,12.97
2025-01-28,Chennai,24,26.72,0.0,11.58
2025-01-29,Chennai,24,24.51,1.71,9.98
2025-01-30,Chennai,24,24.52,0.0,11.43
2025-01-31,Chennai,24,24.35,0.0,10.34
2025-02-01,Chennai,24,25.21,0.0,7.68
2025-02-02,Chennai,24,25.59,0.0,6.39
2025-02-03,Chennai,24,26.06,0.0,7.85
2025-02-04,Chennai,24,26.49,0.0,8.36
2025-02-05,Chennai,24,26.81,0.0,4.18
2025-02-06,Chennai,24,27.68,0.0,8.55
2025-02-07,Chennai,24,27.81,0.0,11.52
2025-02-08,Chennai,24,26.75,0.0,8.42
2025-02-09,Chennai,24,28.13,0.0,8.34
2025-02-10,Chennai,24,25.74,0.0,8.65
2025-02-11,Chennai,24,26.57,0.0,10.59
2025-02-12,Chennai,24,25.6,0.0,10.51
2025-02-13,Chennai,24,25.1,2.2,12.56
2025-02-14,Chennai,24,23.76,0.0,11.21
2025-02-15,Chennai,24,24.63,0.0,8.68
2025-02-16,Chennai,24,26.5,0.0,8.7
2025-02-17,Chennai,24,26.17,0.0,8.81
2025-02-18,Chennai,24,27.31,0.0,8.93
2025-02-19,Chennai,24,26.08,0.0,8.54
2025-02-20,Chennai,24,26.89,0.0,9.94
2025-02-21,Chennai,24,27.96,0.0,11.11
2025-02-22,Chennai,24,27.68,9.62,10.78
2025-02-23,Chennai,24,28.94,0.0,10.85
2025-02-24,Chennai,24,28.55,0.0,13.48
2025-02-25,Chennai,24,27.2,0.0,8.83
2025-02-26,Chennai,24,28.55,0.0,8.17
2025-02-27,Chennai,24,28.61,16.8,14.74
2025-02-28,Chennai,24,28.21,0.0,9.1
2025-03-01,Chennai,24,30.0,0.0,10.36
2025-03-02,Chennai,24,27.66,0.0,10.42
2025-03-03,Chennai,24,29.19,0.0,9.07
2025-03-04,Chennai,24,28.02,0.0,7.9
2025-03-05,Chennai,24,29.21,0.0,7.71
2025-03-06,Chennai,24,30.3,0.0,10.25
2025-03-07,Chennai,24,29.17,0.0,6.95
2025-03-08,Chennai,24,29.29,0.0,7.11
2025-03-09,Chennai,24,26.59,0.0,6.96
2025-03-10,Chennai,24,27.0,0.0,4.03
2025-03-11,Chennai,24,27.99,0.0,9.43
2025-03-12,Chennai,24,27.42,0.0,8.38
2025-03-13,Chennai,24,26.96,0.0,7.8
2025-03-14,Chennai,24,26.04,0.0,8.05
2025-03-15,Chennai,24,27.22,0.0,7.17
2025-03-16,Chennai,24,27.51,0.0,10.89
2025-03-17,Chennai,24,28.61,0.0,9.15
2025-03-18,Chennai,24,29.63,0.0,8.89
2025-03-19,Chennai,24,30.04,0.0,15.05
2025-03-20,Chennai,24,29.74,0.0,12.81
2025-03-21,Chennai,24,28.55,0.0,11.86
2025-03-22,Chennai,24,28.63,0.0,11.11
2025-03-23,Chennai,24,27.53,0.0,10.06
2025-03-24,Chennai,24,27.43,0.0,7.67
2025-03-25,Chennai,24,28.06,0.0,4.49
2025-03-26,Chennai,24,27.45,0.0,6.04
2025-03-27,Chennai,24,28.4,0.0,6.62
2025-03-28,Chennai,24,25.66,0.0,8.33
2025-03-29,Chennai,24,29.6,0.0,6.22
2025-03-30,Chennai,24,28.29,0.0,10.46
2025-03-31,Chennai,24,28.17,0.0,10.49
2025-04-01,Chennai,24,35.25,2.98,11.07
2025-04-02,Chennai,24,33.71,0.0,11.21
2025-04-03,Chennai,24,33.91,0.0,10.48
2025-04-04,Chennai,24,31.76,0.0,10.25
2025-04-05,Chennai,24,31.39,0.0,13.33
2025-04-06,Chennai,24,31.37,0.0,9.23
2025-04-07,Chennai,24,30.53,0.0,12.75
2025-04-08,Chennai,24,32.04,0.0,9.37
2025-04-09,Chennai,24,32.28,0.0,10.43
2025-04-10,Chennai,24,30.69,0.0,8.44
2025-04-11,Chennai,24,31.64,0.0,9.02
2025-04-12,Chennai,24,31.92,0.0,8.03
2025-04-13,Chennai,24,31.91,0.0,6.96
2025-04-14,Chennai,24,31.98,0.0,8.77
2025-04-15,Chennai,24,30.54,0.0,6.36
2025-04-16,Chennai,24,30.49,0.0,9.97
2025-04-17,Chennai,24,31.58,0.0,9.05
2025-04-18,Chennai,24,31.71,0.0,9.94
2025-04-19,Chennai,24,32.32,0.0,11.3
2025-04-20,Chennai,24,31.06,0.0,13.44
2025-04-21,Chennai,24,32.92,0.0,12.99
2025-04-22,Chennai,24,30.95,0.0,9.54
2025-04-23,Chennai,24,31.88,0.0,12.69
2025-04-24,Chennai,24,33.38,0.0,12.12
2025-04-25,Chennai,24,33.4,0.0,9.14
2025-04-26,Chennai,24,33.94,0.0,9.07
2025-04-27,Chennai,24,32.65,0.0,9.89
2025-04-28,Chennai,24,32.66,8.18,11.72
2025-04-29,Chennai,24,33.33,0.0,10.16
2025-04-30,Chennai,24,30.92,0.0,9.29
2025-05-01,Chennai,24,31.45,0.0,12.88
2025-05-02,Chennai,24,33.12,0.0,12.88
2025-05-03,Chennai,24,35.62,0.0,15.15
2025-05-04,Chennai,24,34.57,0.0,10.37
2025-05-05,Chennai,24,35.62,0.0,14.23
2025-05-06,Chennai,24,34.23,0.0,14.3
2025-05-07,Chennai,24,35.18,0.0,14.06
2025-05-08,Chennai,24,34.73,0.0,13.61
2025-05-09,Chennai,24,34.4,0.0,12.41
2025-05-10,Chennai,24,36.92,0.0,11.59
2025-05-11,Chennai,24,34.5,0.0,14.19
2025-05-12,Chennai,24,36.03,0.0,9.86
2025-05-13,Chennai,24,32.71,0.0,13.22
2025-05-14,Chennai,24,34.05,0.0,12.78
2025-05-15,Chennai,24,36.98,0.0,13.23
2025-05-16,Chennai,24,36.85,0.0,10.33
2025-05-17,Chennai,24,37.98,0.0,12.27
2025-05-18,Chennai,24,37.74,0.0,11.33
2025-05-19,Chennai,24,36.92,0.0,8.97
2025-05-20,Chennai,24,36.26,0.0,12.55
2025-05-21,Chennai,24,39.3,0.0,18.37
2025-05-22,Chennai,24,40.14,0.0,16.31
2025-05-23,Chennai,24,39.67,0.0,13.03
2025-05-24,Chennai,24,37.9,0.0,12.65
2025-05-25,Chennai,24,37.53,0.0,13.27
2025-05-26,Chennai,24,36.88,0.0,12.16
2025-05-27,Chennai,24,35.41,0.0,13.57
2025-05-28,Chennai,24,37.45,0.0,13.54
2025-05-29,Chennai,24,36.55,0.0,14.37
2025-05-30,Chennai,24,36.06,0.0,10.83
2025-05-31,Chennai,24,37.86,0.0,11.73
2025-06-01,Chennai,24,36.72,2.07,14.43
2025-06-02,Chennai,24,35.47,35.05,20.25
2025-06-03,Chennai,24,33.51,0.0,15.7
2025-06-04,Chennai,24,31.66,0.0,15.94
2025-06-05,Chennai,24,33.01,0.0,17.67
2025-06-06,Chennai,24,32.49,0.0,13.57
2025-06-07,Chennai,24,34.6,0.0,14.71
2025-06-08,Chennai,24,34.05,0.0,12.9
2025-06-09,Chennai,24,34.17,0.0,14.25
2025-06-10,Chennai,24,34.48,0.0,14.07
2025-06-11,Chennai,24,34.65,0.0,12.95
2025-06-12,Chennai,24,33.67,10.85,18.29
2025-06-13,Chennai,24,32.72,1.49,16.54
2025-06-14,Chennai,24,31.31,0.0,15.26
2025-06-15,Chennai,24,32.9,0.0,16.74
2025-06-16,Chennai,24,33.93,0.0,14.47
2025-06-17,Chennai,24,37.48,0.0,16.23
2025-06-18,Chennai,24,34.99,0.0,14.19
2025-06-19,Chennai,24,34.8,0.62,15.69
2025-06-20,Chennai,24,35.09,10.99,16.99
2025-06-21,Chennai,24,34.52,0.0,15.97
2025-06-22,Chennai,24,34.8,9.8,16.2
2025-06-23,Chennai,24,33.91,0.0,12.39
2025-06-24,Chennai,24,35.44,0.0,13.17
2025-06-25,Chennai,24,34.91,0.0,15.19
2025-06-26,Chennai,24,34.13,0.0,14.18
2025-06-27,Chennai,24,33.75,0.0,16.12
2025-06-28,Chennai,24,34.12,0.0,17.24
2025-06-29,Chennai,24,34.28,0.0,15.7
2025-06-30,Chennai,24,33.69,0.0,14.87
2025-07-01,Chennai,24,30.84,0.0,16.02
2025-07-02,Chennai,24,31.93,0.0,18.26
2025-07-03,Chennai,24,34.8,8.49,17.4
2025-07-04,Chennai,24,32.06,1.95,16.24
2025-07-05,Chennai,24,33.15,0.68,13.26
2025-07-06,Chennai,24,33.33,10.05,21.78
2025-07-07,Chennai,24,34.52,5.82,23.79
2025-07-08,Chennai,24,33.82,0.0,16.73
2025-07-09,Chennai,24,33.43,0.0,17.15
2025-07-10,Chennai,24,33.38,0.0,16.78
2025-07-11,Chennai,24,35.0,0.0,16.56
2025-07-12,Chennai,24,32.49,0.0,17.17
2025-07-13,Chennai,24,36.04,5.1,14.8
2025-07-14,Chennai,24,33.14,0.39,14.04
2025-07-15,Chennai,24,31.66,0.0,12.97
2025-07-16,Chennai,24,30.07,19.96,17.1
2025-07-17,Chennai,24,30.97,5.07,15.02
2025-07-18,Chennai,24,29.23,24.0,17.4
2025-07-19,Chennai,24,30.05,0.0,12.62
2025-07-20,Chennai,24,32.22,1.74,16.57
2025-07-21,Chennai,24,29.08,4.98,16.82
2025-07-22,Chennai,24,29.16,7.44,17.69
2025-07-23,Chennai,24,30.31,1.16,9.84
2025-07-24,Chennai,24,31.89,16.93,16.93
2025-07-25,Chennai,24,32.52,3.07,13.34
2025-07-26,Chennai,24,32.47,5.94,14.79
2025-07-27,Chennai,24,30.14,2.36,16.05
2025-07-28,Chennai,24,29.73,9.6,18.81
2025-07-29,Chennai,24,30.6,0.0,13.58
2025-07-30,Chennai,24,28.7,0.0,14.31
2025-07-31,Chennai,24,31.25,0.0,14.07
2025-08-01,Chennai,24,30.36,11.92,11.48
2025-08-02,Chennai,24,29.99,37.93,15.9
2025-08-03,Chennai,24,30.1,12.4,11.65
2025-08-04,Chennai,24,29.84,0.0,6.49
2025-08-05,Chennai,24,27.99,3.37,12.64
2025-08-06,Chennai,24,30.72,0.0,12.39
2025-08-07,Chennai,24,30.2,12.43,15.94
2025-08-08,Chennai,24,29.99,41.13,21.18
2025-08-09,Chennai,24,28.98,0.0,11.15
2025-08-10,Chennai,24,27.06,3.22,12.46
2025-08-11,Chennai,24,29.02,27.56,16.59
2025-08-12,Chennai,24,29.11,0.0,14.35
2025-08-13,Chennai,24,29.34,0.0,13.04
2025-08-14,Chennai,24,30.25,0.0,14.75
2025-08-15,Chennai,24,29.69,0.0,14.28
2025-08-16,Chennai,24,27.9,0.0,15.17
2025-08-17,Chennai,24,30.42,0.0,18.84
2025-08-18,Chennai,24,30.16,34.5,19.14
2025-08-19,Chennai,24,30.53,18.01,13.97
2025-08-20,Chennai,24,29.54,0.0,11.02
2025-08-21,Chennai,24,28.37,9.69,11.12
2025-08-22,Chennai,24,28.6,0.0,10.71
2025-08-23,Chennai,24,31.11,0.0,11.82
2025-08-24,Chennai,24,31.05,0.0,15.97
2025-08-25,Chennai,24,30.52,0.0,15.76
2025-08-26,Chennai,24,27.64,0.0,15.21
2025-08-27,Chennai,24,29.36,0.0,17.52
2025-08-28,Chennai,24,30.07,0.0,15.56
2025-08-29,Chennai,24,32.5,0.0,12.92
2025-08-30,Chennai,24,31.84,8.16,16.36
2025-08-31,Chennai,24,33.36,0.0,14.26
2025-09-01,Chennai,24,30.71,0.0,12.26
2025-09-02,Chennai,24,30.59,3.99,10.1
2025-09-03,Chennai,24,27.81,0.0,12.07
2025-09-04,Chennai,24,29.0,0.0,9.39
2025-09-05,Chennai,24,24.83,0.0,11.82
2025-09-06,Chennai,24,27.21,0.36,11.86
2025-09-07,Chennai,24,29.04,7.81,12.05
2025-09-08,Chennai,24,28.14,7.67,16.97
2025-09-09,Chennai,24,28.13,5.04,15.58
2025-09-10,Chennai,24,30.72,6.08,17.6
2025-09-11,Chennai,24,29.82,0.0,17.03
2025-09-12,Chennai,24,31.89,0.0,15.86
2025-09-13,Chennai,24,31.35,15.77,15.13
2025-09-14,Chennai,24,30.49,0.0,9.36
2025-09-15,Chennai,24,29.33,0.0,11.11
2025-09-16,Chennai,24,28.62,6.29,14.15
2025-09-17,Chennai,24,26.98,13.96,12.35
2025-09-18,Chennai,24,28.99,1.28,9.56
2025-09-19,Chennai,24,31.04,2.82,10.86
2025-09-20,Chennai,24,31.1,14.18,15.73
2025-09-21,Chennai,24,30.26,2.53,11.84
2025-09-22,Chennai,24,30.8,6.12,12.92
2025-09-23,Chennai,24,31.74,0.0,12.01
2025-09-24,Chennai,24,28.79,0.0,12.56
2025-09-25,Chennai,24,29.4,0.0,10.51
2025-09-26,Chennai,24,28.1,0.0,10.38
2025-09-27,Chennai,24,27.11,0.0,12.31
2025-09-28,Chennai,24,27.66,7.82,9.33
2025-09-29,Chennai,24,28.56,0.0,9.49
2025-09-30,Chennai,24,26.48,0.0,16.01
2023-01-01,Chennai,72,24.36,0.0,11.02
2023-01-02,Chennai,72,24.05,0.0,10.44
2023-01-03,Chennai,72,24.3,0.0,5.62
2023-01-04,Chennai,72,25.33,0.0,7.67
2023-01-05,Chennai,72,23.3,2.6,9.45
2023-01-06,Chennai,72,25.16,0.0,6.99
2023-01-07,Chennai,72,23.95,0.0,10.34
2023-01-08,Chennai,72,24.71,0.0,6.38
2023-01-09,Chennai,72,24.03,0.0,10.2
2023-01-10,Chennai,72,25.89,0.0,8.04
2023-01-11,Chennai,72,23.86,0.0,10.31
2023-01-12,Chennai,72,25.51,0.0,14.2
2023-01-13,Chennai,72,25.45,0.0,12.49
2023-01-14,Chennai,72,22.38,0.0,5.51
2023-01-15,Chennai,72,25.59,0.0,7.96
2023-01-16,Chennai,72,26.43,0.0,7.26
2023-01-17,Chennai,72,24.47,0.0,8.96
2023-01-18,Chennai,72,25.62,0.0,3.35
2023-01-19,Chennai,72,24.57,0.0,8.57
2023-01-20,Chennai,72,22.68,0.0,6.89
2023-01-21,Chennai,72,26.02,0.0,7.72
2023-01-22,Chennai,72,27.78,0.0,9.05
2023-01-23,Chennai,72,25.35,0.0,5.71
2023-01-24,Chennai,72,27.01,16.5,11.78
2023-01-25,Chennai,72,27.18,0.0,10.16
2023-01-26,Chennai,72,26.44,0.0,11.7
2023-01-27,Chennai,72,26.27,0.0,9.6
2023-01-28,Chennai,72,25.77,0.0,11.12
2023-01-29,Chennai,72,26.04,0.0,7.41
2023-01-30,Chennai,72,23.13,0.0,8.23
2023-01-31,Chennai,72,23.76,0.0,12.52
2023-02-01,Chennai,72,26.17,0.0,13.65
2023-02-02,Chennai,72,27.27,0.0,12.97
2023-02-03,Chennai,72,26.38,0.0,7.18
2023-02-04,Chennai,72,27.36,0.0,12.5
2023-02-05,Chennai,72,27.27,0.0,15.08
2023-02-06,Chennai,72,27.27,0.0,9.58
2023-02-07,Chennai,72,28.26,0.0,7.16
2023-02-08,Chennai,72,26.73,0.0,7.27
2023-02-09,Chennai,72,26.84,0.0,5.08
2023-02-10,Chennai,72,25.43,0.0,6.4
2023-02-11,Chennai,72,27.66,0.0,6.55
2023-02-12,Chennai,72,27.39,0.0,12.09
2023-02-13,Chennai,72,25.59,0.0,12.17
2023-02-14,Chennai,72,25.86,6.49,13.4
2023-02-15,Chennai,72,28.4,0.0,12.54
2023-02-16,Chennai,72,28.39,0.0,8.51
2023-02-17,Chennai,72,29.07,0.0,5.06
2023-02-18,Chennai,72,30.34,0.0,10.11
2023-02-19,Chennai,72,28.67,0.0,7.8
2023-02-20,Chennai,72,24.96,0.0,9.71
2023-02-21,Chennai,72,26.53,0.0,8.53
2023-02-22,Chennai,72,29.77,0.0,10.49
2023-02-23,Chennai,72,27.74,0.0,4.98
2023-02-24,Chennai,72,25.96,0.0,6.97
2023-02-25,Chennai,72,26.8,0.0,6.37
2023-02-26,Chennai,72,25.53,0.0,9.66
2023-02-27,Chennai,72,27.06,0.0,6.58
2023-02-28,Chennai,72,26.14,0.0,9.18
2023-03-01,Chennai,72,26.42,0.0,10.27
2023-03-02,Chennai,72,24.05,0.0,8.1
2023-03-03,Chennai,72,26.52,0.0,11.36
2023-03-04,Chennai,72,26.01,0.0,10.46
2023-03-05,Chennai,72,26.51,0.0,9.5
2023-03-06,Chennai,72,26.25,0.0,10.84
2023-03-07,Chennai,72,27.76,0.0,8.68
2023-03-08,Chennai,72,26.4,0.0,8.61
2023-03-09,Chennai,72,27.21,0.0,9.03
2023-03-10,Chennai,72,26.69,0.0,7.24
2023-03-11,Chennai,72,26.5,0.0,9.28
2023-03-12,Chennai,72,25.14,0.0,9.1
2023-03-13,Chennai,72,27.2,0.0,11.28
2023-03-14,Chennai,72,27.18,0.0,8.79
2023-03-15,Chennai,72,27.1,0.0,10.15
2023-03-16,Chennai,72,29.66,0.0,10.52
2023-03-17,Chennai,72,27.2,0.0,10.77
2023-03-18,Chennai,72,29.02,0.0,9.68
2023-03-19,Chennai,72,31.69,0.0,16.03
2023-03-20,Chennai,72,27.26,0.0,11.4
2023-03-21,Chennai,72,27.52,0.0,11.59
2023-03-22,Chennai,72,28.39,0.0,12.47
2023-03-23,Chennai,72,28.51,0.0,10.84
2023-03-24,Chennai,72,27.31,0.0,12.41
2023-03-25,Chennai,72,28.67,0.0,12.99
2023-03-26,Chennai,72,29.16,0.0,10.33
2023-03-27,Chennai,72,25.35,0.0,14.25
2023-03-28,Chennai,72,27.99,0.0,13.07
2023-03-29,Chennai,72,28.95,0.0,11.54
2023-03-30,Chennai,72,26.63,0.0,10.7
2023-03-31,Chennai,72,30.1,0.0,15.24
2023-04-01,Chennai,72,31.95,0.0,15.2
2023-04-02,Chennai,72,32.37,0.0,8.64
2023-04-03,Chennai,72,32.21,0.0,9.94
2023-04-04,Chennai,72,34.39,0.0,4.7
2023-04-05,Chennai,72,33.03,0.0,5.49
2023-04-06,Chennai,72,33.23,0.31,4.05
2023-04-07,Chennai,72,33.03,0.0,8.83
2023-04-08,Chennai,72,30.86,0.0,11.34
2023-04-09,Chennai,72,32.16,0.0,8.39
2023-04-10,Chennai,72,32.43,0.29,11.86
2023-04-11,Chennai,72,33.88,0.0,8.54
2023-04-12,Chennai,72,35.66,0.0,12.24
2023-04-13,Chennai,72,35.66,0.0,11.18
2023-04-14,Chennai,72,32.31,0.0,13.85
2023-04-15,Chennai,72,33.62,6.32,13.87
2023-04-16,Chennai,72,32.73,6.19,18.2
2023-04-17,Chennai,72,33.17,0.0,16.43
2023-04-18,Chennai,72,29.44,0.0,14.01
2023-04-19,Chennai,72,32.36,0.0,10.35
2023-04-20,Chennai,72,33.24,0.0,12.88
2023-04-21,Chennai,72,35.64,0.0,14.03
2023-04-22,Chennai,72,35.74,0.0,6.6
2023-04-23,Chennai,72,35.61,0.0,13.59
2023-04-24,Chennai,72,36.11,0.0,13.3
2023-04-25,Chennai,72,33.6,0.0,10.98
2023-04-26,Chennai,72,33.75,0.0,8.74
2023-04-27,Chennai,72,34.4,0.0,13.62
2023-04-28,Chennai,72,33.86,0.0,10.88
2023-04-29,Chennai,72,32.14,0.0,13.66
2023-04-30,Chennai,72,32.07,1.53,10.35
2023-05-01,Chennai,72,36.26,0.0,11.77
2023-05-02,Chennai,72,37.04,0.0,12.25
2023-05-03,Chennai,72,33.51,0.0,14.71
2023-05-04,Chennai,72,32.84,0.0,13.5
2023-05-05,Chennai,72,30.7,0.0,14.59
2023-05-06,Chennai,72,31.21,0.0,10.91
2023-05-07,Chennai,72,32.29,0.0,10.48
2023-05-08,Chennai,72,33.39,0.0,11.81
2023-05-09,Chennai,72,36.6,0.0,13.9
2023-05-10,Chennai,72,36.41,9.51,14.13
2023-05-11,Chennai,72,33.29,0.0,11.87
2023-05-12,Chennai,72,38.11,0.0,11.33
2023-05-13,Chennai,72,37.07,0.0,12.15
2023-05-14,Chennai,72,36.02,0.0,11.89
2023-05-15,Chennai,72,36.38,17.82,21.72
2023-05-16,Chennai,72,36.19,11.19,17.18
2023-05-17,Chennai,72,34.93,4.32,12.84
2023-05-18,Chennai,72,32.99,0.0,13.37
2023-05-19,Chennai,72,33.73,0.0,12.87
2023-05-20,Chennai,72,35.21,0.0,9.78
2023-05-21,Chennai,72,37.22,0.0,13.2
2023-05-22,Chennai,72,35.87,0.0,12.63
2023-05-23,Chennai,72,35.99,0.0,11.55
2023-05-24,Chennai,72,35.87,0.0,15.5
2023-05-25,Chennai,72,34.87,0.0,12.25
2023-05-26,Chennai,72,36.42,0.0,16.12
2023-05-27,Chennai,72,36.27,0.0,15.36
2023-05-28,Chennai,72,35.93,0.0,13.64
2023-05-29,Chennai,72,36.94,0.0,12.29
2023-05-30,Chennai,72,37.83,0.0,13.06
2023-05-31,Chennai,72,36.92,0.0,16.13
2023-06-01,Chennai,72,36.5,0.0,19.76
2023-06-02,Chennai,72,35.43,7.45,20.2
2023-06-03,Chennai,72,33.86,0.0,22.35
2023-06-04,Chennai,72,33.77,0.0,15.53
2023-06-05,Chennai,72,36.31,0.0,19.49
2023-06-06,Chennai,72,36.09,0.0,16.54
2023-06-07,Chennai,72,35.81,6.71,19.71
2023-06-08,Chennai,72,35.91,0.0,16.11
2023-06-09,Chennai,72,35.22,0.0,16.61
2023-06-10,Chennai,72,33.82,0.0,16.64
2023-06-11,Chennai,72,34.34,0.0,15.55
2023-06-12,Chennai,72,32.97,0.0,16.2
2023-06-13,Chennai,72,35.77,0.0,18.41
2023-06-14,Chennai,72,36.49,0.0,15.02
2023-06-15,Chennai,72,36.66,0.0,15.46
2023-06-16,Chennai,72,35.23,0.0,19.56
2023-06-17,Chennai,72,32.92,0.0,19.3
2023-06-18,Chennai,72,34.66,0.0,19.27
2023-06-19,Chennai,72,33.31,0.0,19.44
2023-06-20,Chennai,72,33.65,8.43,14.92
2023-06-21,Chennai,72,33.89,47.42,25.14
2023-06-22,Chennai,72,35.35,2.41,17.24
2023-06-23,Chennai,72,36.25,0.0,14.23
2023-06-24,Chennai,72,33.96,0.0,14.19
2023-06-25,Chennai,72,33.58,0.0,13.97
2023-06-26,Chennai,72,35.88,0.0,18.66
2023-06-27,Chennai,72,35.93,0.0,16.08
2023-06-28,Chennai,72,36.52,0.0,16.97
2023-06-29,Chennai,72,34.39,0.0,18.13
2023-06-30,Chennai,72,34.22,0.0,14.6
2023-07-01,Chennai,72,33.16,1.18,14.39
2023-07-02,Chennai,72,29.93,0.0,13.49
2023-07-03,Chennai,72,32.29,0.0,16.84
2023-07-04,Chennai,72,28.95,0.0,14.51
2023-07-05,Chennai,72,33.16,0.0,9.94
2023-07-06,Chennai,72,32.52,0.0,15.2
2023-07-07,Chennai,72,33.42,0.0,16.73
2023-07-08,Chennai,72,31.94,0.0,15.71
2023-07-09,Chennai,72,31.17,0.0,15.69
2023-07-10,Chennai,72,31.03,0.0,11.03
2023-07-11,Chennai,72,32.66,0.0,13.93
2023-07-12,Chennai,72,31.73,0.0,15.91
2023-07-13,Chennai,72,33.25,0.0,12.63
2023-07-14,Chennai,72,32.43,0.0,10.63
2023-07-15,Chennai,72,29.51,0.0,10.91
2023-07-16,Chennai,72,31.34,0.0,12.06
2023-07-17,Chennai,72,31.13,0.0,17.92
2023-07-18,Chennai,72,31.48,0.0,12.29
2023-07-19,Chennai,72,29.98,0.54,12.23
2023-07-20,Chennai,72,28.83,3.04,15.29
2023-07-21,Chennai,72,29.39,0.0,17.8
2023-07-22,Chennai,72,31.13,0.0,17.35
2023-07-23,Chennai,72,30.41,4.52,14.92
2023-07-24,Chennai,72,30.76,3.99,18.77
2023-07-25,Chennai,72,31.95,4.26,16.47
2023-07-26,Chennai,72,30.56,2.91,14.29
2023-07-27,Chennai,72,29.92,0.0,20.71
2023-07-28,Chennai,72,28.92,0.0,14.52
2023-07-29,Chennai,72,28.76,6.2,16.61
2023-07-30,Chennai,72,31.36,0.0,15.14
2023-07-31,Chennai,72,33.93,0.0,19.49
2023-08-01,Chennai,72,31.12,0.0,12.44
2023-08-02,Chennai,72,28.0,0.0,12.35
2023-08-03,Chennai,72,31.16,31.34,15.83
2023-08-04,Chennai,72,28.48,0.0,13.92
2023-08-05,Chennai,72,31.13,0.0,11.96
2023-08-06,Chennai,72,29.59,0.0,14.69
2023-08-07,Chennai,72,29.55,0.0,16.38
2023-08-08,Chennai,72,30.34,0.0,13.79
2023-08-09,Chennai,72,29.23,0.0,12.07
2023-08-10,Chennai,72,30.57,0.0,13.99
2023-08-11,Chennai,72,28.72,0.0,11.4
2023-08-12,Chennai,72,27.72,0.0,13.7
2023-08-13,Chennai,72,30.33,19.48,16.77
2023-08-14,Chennai,72,29.43,0.0,14.54
2023-08-15,Chennai,72,30.46,0.0,9.85
2023-08-16,Chennai,72,30.83,0.0,12.59
2023-08-17,Chennai,72,30.38,0.0,14.88
2023-08-18,Chennai,72,31.56,0.0,17.48
2023-08-19,Chennai,72,27.54,0.0,15.99
2023-08-20,Chennai,72,28.96,0.0,15.87
2023-08-21,Chennai,72,29.68,0.0,11.15
2023-08-22,Chennai,72,28.32,0.0,17.61
2023-08-23,Chennai,72,28.53,0.0,15.75
2023-08-24,Chennai,72,31.56,0.0,16.82
2023-08-25,Chennai,72,31.11,0.0,13.66
2023-08-26,Chennai,72,31.44,0.0,9.15
2023-08-27,Chennai,72,31.47,0.0,10.04
2023-08-28,Chennai,72,30.58,0.0,14.17
2023-08-29,Chennai,72,30.84,0.0,16.19
2023-08-30,Chennai,72,32.01,0.0,13.75
2023-08-31,Chennai,72,30.0,2.73,10.75
2023-09-01,Chennai,72,30.24,0.0,9.39
2023-09-02,Chennai,72,29.13,0.0,10.76
2023-09-03,Chennai,72,28.56,1.8,15.16
2023-09-04,Chennai,72,28.38,5.45,13.39
2023-09-05,Chennai,72,30.03,15.74,14.31
2023-09-06,Chennai,72,26.67,6.32,15.03
2023-09-07,Chennai,72,29.97,0.0,8.58
2023-09-08,Chennai,72,26.48,8.39,11.79
2023-09-09,Chennai,72,27.33,9.07,17.63
2023-09-10,Chennai,72,27.07,2.22,15.48
2023-09-11,Chennai,72,27.28,0.0,16.66
2023-09-12,Chennai,72,27.02,0.0,11.53
2023-09-13,Chennai,72,26.7,0.0,7.29
2023-09-14,Chennai,72,28.13,2.27,8.51
2023-09-15,Chennai,72,26.47,8.73,13.58
2023-09-16,Chennai,72,28.51,6.0,18.03
2023-09-17,Chennai,72,29.03,0.0,10.96
2023-09-18,Chennai,72,30.15,0.0,13.3
2023-09-19,Chennai,72,28.09,13.37,16.03
2023-09-20,Chennai,72,27.96,3.79,11.15
2023-09-21,Chennai,72,33.15,9.56,13.33
2023-09-22,Chennai,72,32.64,6.61,16.01
2023-09-23,Chennai,72,28.49,0.0,11.01
2023-09-24,Chennai,72,30.78,0.0,13.23
2023-09-25,Chennai,72,31.6,0.0,19.21
2023-09-26,Chennai,72,28.83,0.0,15.57
2023-09-27,Chennai,72,29.2,3.62,15.4
2023-09-28,Chennai,72,28.98,11.71,16.06
2023-09-29,Chennai,72,29.86,1.6,10.86
2023-09-30,Chennai,72,28.99,9.96,12.37
2023-10-01,Chennai,72,27.9,6.9,8.12
2023-10-02,Chennai,72,28.68,5.2,9.51
2023-10-03,Chennai,72,26.93,0.33,12.31
2023-10-04,Chennai,72,27.12,2.89,10.84
2023-10-05,Chennai,72,29.17,4.73,18.26
2023-10-06,Chennai,72,27.95,9.76,18.0
2023-10-07,Chennai,72,26.98,22.97,14.34
2023-10-08,Chennai,72,28.34,8.93,12.88
2023-10-09,Chennai,72,25.35,29.37,12.83
2023-10-10,Chennai,72,25.56,6.5,8.58
2023-10-11,Chennai,72,24.47,21.86,16.82
2023-10-12,Chennai,72,26.74,7.3,14.07
2023-10-13,Chennai,72,23.78,0.81,10.25
2023-10-14,Chennai,72,22.78,31.1,17.16
2023-10-15,Chennai,72,25.51,0.0,13.19
2023-10-16,Chennai,72,26.62,0.0,9.58
2023-10-17,Chennai,72,27.42,5.07,16.47
2023-10-18,Chennai,72,23.69,5.59,17.9
2023-10-19,Chennai,72,27.05,3.74,11.58
2023-10-20,Chennai,72,27.58,5.18,13.85
2023-10-21,Chennai,72,26.76,0.2,9.86
2023-10-22,Chennai,72,24.42,0.79,13.99
2023-10-23,Chennai,72,26.7,12.02,19.09
2023-10-24,Chennai,72,28.55,0.0,14.11
2023-10-25,Chennai,72,29.84,0.0,15.88
2023-10-26,Chennai,72,30.22,0.64,11.83
2023-10-27,Chennai,72,29.35,24.08,18.15
2023-10-28,Chennai,72,27.63,5.34,12.54
2023-10-29,Chennai,72,27.91,4.81,16.54
2023-10-30,Chennai,72,24.59,5.34,15.03
2023-10-31,Chennai,72,25.8,8.33,12.33
2023-11-01,Chennai,72,25.74,2.2,12.23
2023-11-02,Chennai,72,23.99,1.55,17.64
2023-11-03,Chennai,72,25.5,7.57,18.51
2023-11-04,Chennai,72,24.19,48.93,22.36
2023-11-05,Chennai,72,26.77,5.43,10.1
2023-11-06,Chennai,72,24.32,24.35,16.55
2023-11-07,Chennai,72,21.39,8.69,18.71
2023-11-08,Chennai,72,23.26,5.84,14.87
2023-11-09,Chennai,72,21.87,7.98,21.12
2023-11-10,Chennai,72,23.9,30.61,19.51
2023-11-11,Chennai,72,21.07,14.15,12.72
2023-11-12,Chennai,72,23.64,23.49,20.87
2023-11-13,Chennai,72,25.21,36.33,21.95
2023-11-14,Chennai,72,25.45,6.62,20.32
2023-11-15,Chennai,72,25.74,6.02,14.76
2023-11-16,Chennai,72,26.86,8.94,16.74
2023-11-17,Chennai,72,26.67,5.4,18.01
2023-11-18,Chennai,72,22.66,1.52,18.43
2023-11-19,Chennai,72,24.33,10.84,16.69
2023-11-20,Chennai,72,24.78,12.3,14.72
2023-11-21,Chennai,72,26.42,0.0,13.7
2023-11-22,Chennai,72,23.27,0.7,12.29
2023-11-23,Chennai,72,26.91,30.92,16.94
2023-11-24,Chennai,72,25.19,7.05,12.07
2023-11-25,Chennai,72,27.87,1.86,13.53
2023-11-26,Chennai,72,28.05,2.95,15.53
2023-11-27,Chennai,72,25.74,7.41,15.22
2023-11-28,Chennai,72,22.51,5.45,14.55
2023-11-29,Chennai,72,22.88,34.28,21.23
2023-11-30,Chennai,72,24.63,19.65,20.11
2023-12-01,Chennai,72,23.85,4.11,12.04
2023-12-02,Chennai,72,25.28,14.1,13.81
2023-12-03,Chennai,72,24.77,0.0,9.39
2023-12-04,Chennai,72,26.21,3.93,11.18
2023-12-05,Chennai,72,27.75,0.0,9.99
2023-12-06,Chennai,72,29.24,0.0,10.72
2023-12-07,Chennai,72,25.54,0.0,9.06
2023-12-08,Chennai,72,27.31,0.0,13.79
2023-12-09,Chennai,72,26.85,0.0,10.19
2023-12-10,Chennai,72,27.38,0.0,7.46
2023-12-11,Chennai,72,27.87,23.45,17.45
2023-12-12,Chennai,72,25.52,0.0,9.43
2023-12-13,Chennai,72,27.06,0.0,11.19
2023-12-14,Chennai,72,25.52,2.0,13.74
2023-12-15,Chennai,72,24.89,6.04,14.1
2023-12-16,Chennai,72,25.43,7.45,12.87
2023-12-17,Chennai,72,25.33,0.0,7.37
2023-12-18,Chennai,72,26.02,0.0,8.34
2023-12-19,Chennai,72,23.62,0.0,9.2
2023-12-20,Chennai,72,23.96,0.0,5.04
2023-12-21,Chennai,72,23.92,0.0,11.29
2023-12-22,Chennai,72,21.7,1.31,10.64
2023-12-23,Chennai,72,22.94,0.9,9.31
2023-12-24,Chennai,72,24.3,34.61,16.16
2023-12-25,Chennai,72,25.41,0.0,11.58
2023-12-26,Chennai,72,25.49,0.0,8.97
2023-12-27,Chennai,72,26.13,0.0,7.91
2023-12-28,Chennai,72,25.83,0.0,10.17
2023-12-29,Chennai,72,26.04,0.0,13.66
2023-12-30,Chennai,72,23.87,0.0,10.2
2023-12-31,Chennai,72,28.14,0.0,14.79
2024-01-01,Chennai,72,24.61,8.3,10.7
2024-01-02,Chennai,72,28.24,0.0,10.69
2024-01-03,Chennai,72,28.45,0.0,10.75
2024-01-04,Chennai,72,26.23,0.0,8.59
2024-01-05,Chennai,72,24.96,0.0,5.84
2024-01-06,Chennai,72,24.13,6.89,10.7
2024-01-07,Chennai,72,23.04,0.0,7.75
2024-01-08,Chennai,72,24.39,0.0,9.77
2024-01-09,Chennai,72,23.84,0.0,8.6
2024-01-10,Chennai,72,26.46,0.0,11.86
2024-01-11,Chennai,72,28.07,0.0,10.56
2024-01-12,Chennai,72,25.34,0.0,11.97
2024-01-13,Chennai,72,26.95,0.0,12.4
2024-01-14,Chennai,72,25.5,0.0,11.98
2024-01-15,Chennai,72,24.86,0.0,13.22
2024-01-16,Chennai,72,22.93,0.0,12.99
2024-01-17,Chennai,72,24.88,0.0,7.15
2024-01-18,Chennai,72,24.3,0.0,11.53
2024-01-19,Chennai,72,27.37,0.0,10.11
2024-01-20,Chennai,72,29.66,0.0,14.56
2024-01-21,Chennai,72,25.91,0.0,13.82
2024-01-22,Chennai,72,26.06,0.0,9.49
2024-01-23,Chennai,72,24.54,0.0,11.39
2024-01-24,Chennai,72,24.08,0.0,4.3
2024-01-25,Chennai,72,26.08,0.0,11.15
2024-01-26,Chennai,72,27.18,0.0,9.53
2024-01-27,Chennai,72,26.71,0.0,13.78
2024-01-28,Chennai,72,26.48,0.05,11.81
2024-01-29,Chennai,72,26.64,7.43,6.12
2024-01-30,Chennai,72,26.02,0.0,6.86
2024-01-31,Chennai,72,26.83,0.0,5.36
2024-02-01,Chennai,72,26.77,0.0,7.79
2024-02-02,Chennai,72,27.37,0.0,9.31
2024-02-03,Chennai,72,28.75,0.0,6.89
2024-02-04,Chennai,72,27.3,0.0,11.05
2024-02-05,Chennai,72,26.96,0.0,13.85
2024-02-06,Chennai,72,26.51,0.0,11.55
2024-02-07,Chennai,72,27.27,0.0,9.98
2024-02-08,Chennai,72,29.54,0.0,8.84
2024-02-09,Chennai,72,26.31,0.0,6.18
2024-02-10,Chennai,72,26.18,0.0,7.42
2024-02-11,Chennai,72,29.59,0.0,7.74
2024-02-12,Chennai,72,29.53,0.0,8.46
2024-02-13,Chennai,72,27.18,0.0,5.79
2024-02-14,Chennai,72,27.0,0.0,9.05
2024-02-15,Chennai,72,26.31,0.0,12.03
2024-02-16,Chennai,72,27.52,0.0,10.18
2024-02-17,Chennai,72,23.58,0.0,9.91
2024-02-18,Chennai,72,25.69,0.0,9.47
2024-02-19,Chennai,72,25.81,0.0,11.17
2024-02-20,Chennai,72,26.33,0.0,10.78
2024-02-21,Chennai,72,29.21,0.0,9.07
2024-02-22,Chennai,72,26.36,0.0,11.13
2024-02-23,Chennai,72,29.22,0.0,10.56
2024-02-24,Chennai,72,29.4,0.0,9.71
2024-02-25,Chennai,72,29.92,0.0,9.57
2024-02-26,Chennai,72,27.59,0.0,10.57
2024-02-27,Chennai,72,29.32,0.0,10.39
2024-02-28,Chennai,72,29.8,0.0,9.89
2024-02-29,Chennai,72,26.87,0.0,8.53
2024-03-01,Chennai,72,31.02,0.0,14.92
2024-03-02,Chennai,72,27.4,0.0,8.38
2024-03-03,Chennai,72,24.74,0.0,9.31
2024-03-04,Chennai,72,24.21,0.0,12.56
2024-03-05,Chennai,72,23.79,0.0,9.19
2024-03-06,Chennai,72,23.42,0.0,8.96
2024-03-07,Chennai,72,25.01,0.0,7.9
2024-03-08,Chennai,72,23.74,0.0,13.53
2024-03-09,Chennai,72,23.93,0.0,13.45
2024-03-10,Chennai,72,25.64,0.0,6.41
2024-03-11,Chennai,72,26.16,0.0,9.88
2024-03-12,Chennai,72,29.3,0.0,9.89
2024-03-13,Chennai,72,26.72,0.0,10.56
2024-03-14,Chennai,72,28.89,0.0,14.22
2024-03-15,Chennai,72,25.65,0.0,9.85
2024-03-16,Chennai,72,27.19,8.25,8.95
2024-03-17,Chennai,72,27.11,3.78,11.6
2024-03-18,Chennai,72,26.38,0.0,6.56
2024-03-19,Chennai,72,28.59,0.0,12.07
2024-03-20,Chennai,72,26.64,0.0,11.44
2024-03-21,Chennai,72,28.93,0.0,16.82
2024-03-22,Chennai,72,32.98,0.0,9.78
2024-03-23,Chennai,72,29.52,0.0,11.26
2024-03-24,Chennai,72,31.56,0.0,13.16
2024-03-25,Chennai,72,31.77,0.0,11.53
2024-03-26,Chennai,72,33.05,0.0,13.02
2024-03-27,Chennai,72,34.71,0.0,9.68
2024-03-28,Chennai,72,33.5,0.0,13.08
2024-03-29,Chennai,72,29.28,0.0,9.07
2024-03-30,Chennai,72,31.88,0.0,6.92
2024-03-31,Chennai,72,30.46,0.0,5.78
2024-04-01,Chennai,72,33.67,0.0,11.35
2024-04-02,Chennai,72,31.85,0.0,11.08
2024-04-03,Chennai,72,32.79,0.0,13.33
2024-04-04,Chennai,72,33.71,0.0,12.61
2024-04-05,Chennai,72,32.09,0.0,11.0
2024-04-06,Chennai,72,33.76,0.0,11.69
2024-04-07,Chennai,72,31.82,11.58,11.69
2024-04-08,Chennai,72,30.59,0.0,6.63
2024-04-09,Chennai,72,30.81,0.0,11.54
2024-04-10,Chennai,72,31.87,0.0,12.16
2024-04-11,Chennai,72,32.75,0.0,11.26
2024-04-12,Chennai,72,33.24,0.0,6.98
2024-04-13,Chennai,72,35.1,0.0,11.37
2024-04-14,Chennai,72,33.92,0.0,10.2
2024-04-15,Chennai,72,32.54,0.0,9.5
2024-04-16,Chennai,72,33.07,0.0,9.43
2024-04-17,Chennai,72,33.27,4.63,10.22
2024-04-18,Chennai,72,32.07,1.66,11.72
2024-04-19,Chennai,72,34.22,0.0,10.46
2024-04-20,Chennai,72,36.86,0.0,15.16
2024-04-21,Chennai,72,33.58,0.0,12.01
2024-04-22,Chennai,72,31.98,0.0,5.32
2024-04-23,Chennai,72,33.41,0.0,12.48
2024-04-24,Chennai,72,33.61,0.0,8.08
2024-04-25,Chennai,72,34.6,0.0,12.85
2024-04-26,Chennai,72,34.35,0.0,8.86
2024-04-27,Chennai,72,34.52,0.0,5.89
2024-04-28,Chennai,72,35.57,0.0,8.76
2024-04-29,Chennai,72,31.49,1.94,9.71
2024-04-30,Chennai,72,31.22,0.0,9.11
2024-05-01,Chennai,72,33.27,0.0,12.38
2024-05-02,Chennai,72,32.91,0.0,16.24
2024-05-03,Chennai,72,34.42,0.0,9.97
2024-05-04,Chennai,72,32.14,0.0,13.5
2024-05-05,Chennai,72,34.68,0.0,13.27
2024-05-06,Chennai,72,35.81,0.0,12.41
2024-05-07,Chennai,72,31.52,0.0,12.92
2024-05-08,Chennai,72,31.91,0.0,14.08
2024-05-09,Chennai,72,33.01,0.0,16.35
2024-05-10,Chennai,72,34.48,0.0,14.83
2024-05-11,Chennai,72,32.98,0.0,13.81
2024-05-12,Chennai,72,33.98,4.7,12.82
2024-05-13,Chennai,72,34.37,0.0,16.69
2024-05-14,Chennai,72,32.21,0.0,10.75
2024-05-15,Chennai,72,34.12,0.0,11.99
2024-05-16,Chennai,72,35.76,0.0,11.87
2024-05-17,Chennai,72,34.27,0.0,11.36
2024-05-18,Chennai,72,35.44,4.42,11.02
2024-05-19,Chennai,72,36.18,0.0,7.76
2024-05-20,Chennai,72,34.63,0.0,10.17
2024-05-21,Chennai,72,36.94,0.0,10.73
2024-05-22,Chennai,72,35.29,0.0,14.46
2024-05-23,Chennai,72,34.63,0.0,9.58
2024-05-24,Chennai,72,35.03,0.0,12.35
2024-05-25,Chennai,72,34.59,2.79,16.48
2024-05-26,Chennai,72,31.26,43.73,22.17
2024-05-27,Chennai,72,35.03,0.0,13.45
2024-05-28,Chennai,72,32.29,0.0,12.53
2024-05-29,Chennai,72,34.14,2.78,13.93
2024-05-30,Chennai,72,30.6,0.0,15.22
2024-05-31,Chennai,72,34.59,6.64,13.39
2024-06-01,Chennai,72,30.14,0.0,23.05
2024-06-02,Chennai,72,30.89,0.0,14.43
2024-06-03,Chennai,72,31.97,0.0,17.38
2024-06-04,Chennai,72,31.17,0.0,13.77
2024-06-05,Chennai,72,31.23,0.0,15.34
2024-06-06,Chennai,72,32.86,0.0,14.21
2024-06-07,Chennai,72,33.04,0.0,17.88
2024-06-08,Chennai,72,33.7,0.0,13.84
2024-06-09,Chennai,72,33.96,0.0,14.27
2024-06-10,Chennai,72,33.07,0.0,17.99
2024-06-11,Chennai,72,34.02,0.0,16.95
2024-06-12,Chennai,72,36.42,0.0,16.46
2024-06-13,Chennai,72,33.5,0.0,16.1
2024-06-14,Chennai,72,34.8,0.0,19.01
2024-06-15,Chennai,72,33.12,0.0,13.77
2024-06-16,Chennai,72,31.37,0.0,17.37
2024-06-17,Chennai,72,32.2,0.0,17.98
2024-06-18,Chennai,72,35.05,0.0,14.48
2024-06-19,Chennai,72,33.4,11.05,23.49
2024-06-20,Chennai,72,32.87,0.0,17.13
2024-06-21,Chennai,72,32.85,0.0,15.3
2024-06-22,Chennai,72,34.22,0.0,15.74
2024-06-23,Chennai,72,35.32,0.0,17.73
2024-06-24,Chennai,72,33.04,0.0,16.15
2024-06-25,Chennai,72,34.26,0.0,19.82
2024-06-26,Chennai,72,35.73,0.0,16.62
2024-06-27,Chennai,72,33.31,0.0,15.32
2024-06-28,Chennai,72,32.91,0.0,16.05
2024-06-29,Chennai,72,30.03,0.0,10.91
2024-06-30,Chennai,72,31.28,0.0,14.16
2024-07-01,Chennai,72,27.81,0.0,8.94
2024-07-02,Chennai,72,30.59,0.0,12.03
2024-07-03,Chennai,72,27.19,0.0,12.81
2024-07-04,Chennai,72,26.68,6.87,16.17
2024-07-05,Chennai,72,28.46,1.98,18.75
2024-07-06,Chennai,72,28.6,0.0,15.89
2024-07-07,Chennai,72,30.89,0.0,18.58
2024-07-08,Chennai,72,30.23,4.91,14.91
2024-07-09,Chennai,72,33.63,1.05,14.75
2024-07-10,Chennai,72,31.84,7.64,14.14
2024-07-11,Chennai,72,31.84,0.68,17.14
2024-07-12,Chennai,72,32.0,2.41,15.99
2024-07-13,Chennai,72,31.38,7.61,23.55
2024-07-14,Chennai,72,31.2,4.69,11.61
2024-07-15,Chennai,72,33.0,10.75,13.45
2024-07-16,Chennai,72,31.04,0.0,11.42
2024-07-17,Chennai,72,30.97,0.0,12.31
2024-07-18,Chennai,72,31.43,0.0,11.3
2024-07-19,Chennai,72,35.6,0.0,19.05
2024-07-20,Chennai,72,34.33,0.0,15.04
2024-07-21,Chennai,72,32.56,5.28,17.6
2024-07-22,Chennai,72,34.14,0.0,15.81
2024-07-23,Chennai,72,33.6,2.02,13.37
2024-07-24,Chennai,72,31.14,0.0,14.73
2024-07-25,Chennai,72,34.61,0.0,11.77
2024-07-26,Chennai,72,34.82,0.0,14.56
2024-07-27,Chennai,72,36.83,0.0,15.51
2024-07-28,Chennai,72,35.93,0.0,15.87
2024-07-29,Chennai,72,35.51,4.09,15.5
2024-07-30,Chennai,72,35.87,0.0,14.54
2024-07-31,Chennai,72,31.28,0.0,13.09
2024-08-01,Chennai,72,32.43,0.0,12.57
2024-08-02,Chennai,72,33.06,0.0,12.56
2024-08-03,Chennai,72,35.1,0.0,14.28
2024-08-04,Chennai,72,34.26,32.23,15.26
2024-08-05,Chennai,72,31.77,0.0,12.7
2024-08-06,Chennai,72,32.61,0.0,12.85
2024-08-07,Chennai,72,34.05,0.0,17.24
2024-08-08,Chennai,72,33.65,0.0,17.09
2024-08-09,Chennai,72,32.1,3.56,17.26
2024-08-10,Chennai,72,32.35,8.54,14.58
2024-08-11,Chennai,72,32.99,13.42,16.37
2024-08-12,Chennai,72,32.03,1.83,9.1
2024-08-13,Chennai,72,32.89,0.0,11.65
2024-08-14,Chennai,72,32.74,0.0,7.62
2024-08-15,Chennai,72,32.09,0.0,12.98
2024-08-16,Chennai,72,31.74,0.0,9.8
2024-08-17,Chennai,72,31.49,0.0,7.05
2024-08-18,Chennai,72,31.87,0.0,7.76
2024-08-19,Chennai,72,32.64,0.0,6.23
2024-08-20,Chennai,72,34.06,0.0,6.72
2024-08-21,Chennai,72,34.26,0.0,7.78
2024-08-22,Chennai,72,32.91,0.0,9.68
2024-08-23,Chennai,72,31.08,0.0,12.14
2024-08-24,Chennai,72,32.62,0.0,14.35
2024-08-25,Chennai,72,32.71,11.57,16.77
2024-08-26,Chennai,72,31.06,0.0,12.71
2024-08-27,Chennai,72,31.08,0.0,15.53
2024-08-28,Chennai,72,35.79,9.84,15.23
2024-08-29,Chennai,72,34.68,13.95,14.17
2024-08-30,Chennai,72,35.56,0.0,13.27
2024-08-31,Chennai,72,34.53,0.0,15.37
2024-09-01,Chennai,72,32.78,0.0,13.29
2024-09-02,Chennai,72,32.93,0.0,11.26
2024-09-03,Chennai,72,30.11,0.0,8.7
2024-09-04,Chennai,72,31.37,0.0,8.6
2024-09-05,Chennai,72,31.76,0.0,9.33
2024-09-06,Chennai,72,32.39,5.33,11.57
2024-09-07,Chennai,72,27.84,7.57,14.03
2024-09-08,Chennai,72,32.29,37.97,19.92
2024-09-09,Chennai,72,32.25,9.6,12.54
2024-09-10,Chennai,72,32.34,0.0,12.86
2024-09-11,Chennai,72,33.22,0.0,12.57
2024-09-12,Chennai,72,29.82,2.21,11.66
2024-09-13,Chennai,72,30.39,1.48,8.61
2024-09-14,Chennai,72,28.57,0.58,7.22
2024-09-15,Chennai,72,29.47,3.43,9.76
2024-09-16,Chennai,72,29.88,0.0,6.56
2024-09-17,Chennai,72,29.37,0.0,10.24
2024-09-18,Chennai,72,29.34,3.0,11.39
2024-09-19,Chennai,72,30.3,7.33,14.06
2024-09-20,Chennai,72,30.66,0.0,9.26
2024-09-21,Chennai,72,31.63,0.0,11.32
2024-09-22,Chennai,72,33.06,0.0,9.47
2024-09-23,Chennai,72,31.61,7.37,14.63
2024-09-24,Chennai,72,31.51,0.0,10.69
2024-09-25,Chennai,72,34.54,0.0,10.53
2024-09-26,Chennai,72,29.88,0.0,11.21
2024-09-27,Chennai,72,32.61,0.0,13.21
2024-09-28,Chennai,72,31.85,0.0,15.64
2024-09-29,Chennai,72,29.73,0.0,11.7
2024-09-30,Chennai,72,30.39,0.0,13.66
2024-10-01,Chennai,72,29.08,0.0,11.32
2024-10-02,Chennai,72,27.7,0.0,13.19
2024-10-03,Chennai,72,30.11,0.0,11.56
2024-10-04,Chennai,72,27.18,2.83,11.73
2024-10-05,Chennai,72,27.28,4.62,12.31
2024-10-06,Chennai,72,28.43,6.62,8.95
2024-10-07,Chennai,72,29.34,3.67,15.07
2024-10-08,Chennai,72,28.01,14.12,14.68
2024-10-09,Chennai,72,27.3,9.11,15.92
2024-10-10,Chennai,72,24.86,6.88,11.93
2024-10-11,Chennai,72,26.47,11.19,9.38
2024-10-12,Chennai,72,30.72,2.72,8.83
2024-10-13,Chennai,72,30.61,6.63,10.19
2024-10-14,Chennai,72,30.09,11.56,16.91
2024-10-15,Chennai,72,32.24,19.16,16.1
2024-10-16,Chennai,72,31.36,6.96,15.8
2024-10-17,Chennai,72,29.83,13.86,14.54
2024-10-18,Chennai,72,31.9,1.8,10.66
2024-10-19,Chennai,72,31.87,1.45,13.89
2024-10-20,Chennai,72,28.83,6.19,11.18
2024-10-21,Chennai,72,28.19,0.0,6.47
2024-10-22,Chennai,72,27.22,0.0,10.41
2024-10-23,Chennai,72,30.06,0.0,14.17
2024-10-24,Chennai,72,28.8,0.0,14.29
2024-10-25,Chennai,72,25.14,3.33,15.96
2024-10-26,Chennai,72,24.12,2.88,15.99
2024-10-27,Chennai,72,24.01,1.53,12.02
2024-10-28,Chennai,72,22.31,11.6,10.72
2024-10-29,Chennai,72,24.88,19.17,12.58
2024-10-30,Chennai,72,24.94,8.19,12.53
2024-10-31,Chennai,72,25.08,27.13,14.11
2024-11-01,Chennai,72,22.6,0.0,10.17
2024-11-02,Chennai,72,24.93,25.43,12.16
2024-11-03,Chennai,72,24.45,0.63,13.49
2024-11-04,Chennai,72,25.42,3.79,15.56
2024-11-05,Chennai,72,26.76,3.57,17.94
2024-11-06,Chennai,72,29.22,8.7,19.37
2024-11-07,Chennai,72,26.73,11.1,11.47
2024-11-08,Chennai,72,27.06,5.36,16.63
2024-11-09,Chennai,72,27.02,24.24,17.95
2024-11-10,Chennai,72,27.11,6.34,11.1
2024-11-11,Chennai,72,27.66,2.99,12.93
2024-11-12,Chennai,72,30.2,5.78,12.49
2024-11-13,Chennai,72,28.37,2.32,13.97
2024-11-14,Chennai,72,27.14,6.44,14.02
2024-11-15,Chennai,72,23.96,18.57,9.29
2024-11-16,Chennai,72,25.59,17.93,12.89
2024-11-17,Chennai,72,27.41,7.01,16.72
2024-11-18,Chennai,72,25.58,0.55,14.11
2024-11-19,Chennai,72,27.76,4.06,15.9
2024-11-20,Chennai,72,29.05,1.26,14.1
2024-11-21,Chennai,72,29.2,0.0,14.2
2024-11-22,Chennai,72,29.43,6.72,14.54
2024-11-23,Chennai,72,29.66,0.81,13.58
2024-11-24,Chennai,72,28.45,3.92,15.6
2024-11-25,Chennai,72,27.28,5.49,14.24
2024-11-26,Chennai,72,26.67,6.91,14.99
2024-11-27,Chennai,72,28.38,10.21,12.9
2024-11-28,Chennai,72,27.83,7.33,17.33
2024-11-29,Chennai,72,26.73,25.73,20.22
2024-11-30,Chennai,72,24.49,16.77,17.02
2024-12-01,Chennai,72,25.97,23.32,15.27
2024-12-02,Chennai,72,26.73,0.65,6.88
2024-12-03,Chennai,72,26.41,9.07,9.13
2024-12-04,Chennai,72,27.65,0.0,6.84
2024-12-05,Chennai,72,27.78,0.0,7.78
2024-12-06,Chennai,72,28.11,11.15,10.2
2024-12-07,Chennai,72,26.19,7.84,13.17
2024-12-08,Chennai,72,25.38,1.75,12.27
2024-12-09,Chennai,72,25.54,0.0,12.82
2024-12-10,Chennai,72,26.34,0.0,9.63
2024-12-11,Chennai,72,25.03,5.31,11.46
2024-12-12,Chennai,72,22.76,1.79,4.25
2024-12-13,Chennai,72,26.2,5.78,9.27
2024-12-14,Chennai,72,25.1,2.99,11.6
2024-12-15,Chennai,72,24.52,1.81,12.71
2024-12-16,Chennai,72,24.67,12.52,8.3
2024-12-17,Chennai,72,24.64,1.92,11.35
2024-12-18,Chennai,72,22.14,6.39,10.53
2024-12-19,Chennai,72,22.17,4.69,10.82
2024-12-20,Chennai,72,22.74,0.0,5.43
2024-12-21,Chennai,72,24.95,0.17,6.48
2024-12-22,Chennai,72,24.6,4.49,8.24
2024-12-23,Chennai,72,22.94,12.43,13.66
2024-12-24,Chennai,72,24.19,12.67,10.73
2024-12-25,Chennai,72,19.67,1.71,6.28
2024-12-26,Chennai,72,23.29,12.23,10.34
2024-12-27,Chennai,72,22.63,2.15,9.47
2024-12-28,Chennai,72,26.01,23.96,9.69
2024-12-29,Chennai,72,25.31,6.4,5.15
2024-12-30,Chennai,72,25.6,5.71,8.56
2024-12-31,Chennai,72,23.64,0.0,10.53
2025-01-01,Chennai,72,25.79,0.0,9.88
2025-01-02,Chennai,72,26.89,0.0,11.4
2025-01-03,Chennai,72,25.66,0.0,14.4
2025-01-04,Chennai,72,25.92,1.75,9.22
2025-01-05,Chennai,72,23.92,0.0,8.53
2025-01-06,Chennai,72,26.13,0.0,5.76
2025-01-07,Chennai,72,24.05,0.0,7.09
2025-01-08,Chennai,72,23.6,0.0,12.06
2025-01-09,Chennai,72,26.93,0.0,11.18
2025-01-10,Chennai,72,26.19,0.0,9.27
2025-01-11,Chennai,72,28.82,0.0,16.25
2025-01-12,Chennai,72,25.83,0.0,9.22
2025-01-13,Chennai,72,24.39,1.46,12.67
2025-01-14,Chennai,72,24.95,2.96,12.1
2025-01-15,Chennai,72,23.36,0.0,12.39
2025-01-16,Chennai,72,25.62,0.0,12.79
2025-01-17,Chennai,72,25.18,6.86,10.41
2025-01-18,Chennai,72,24.45,0.0,13.09
2025-01-19,Chennai,72,26.42,0.0,12.23
2025-01-20,Chennai,72,28.5,0.0,14.49
2025-01-21,Chennai,72,27.35,0.0,11.43
2025-01-22,Chennai,72,25.72,0.0,10.64
2025-01-23,Chennai,72,26.01,0.0,9.87
2025-01-24,Chennai,72,25.29,0.0,9.17
2025-01-25,Chennai,72,24.52,0.0,12.86
2025-01-26,Chennai,72,23.54,0.0,10.13
2025-01-27,Chennai,72,24.69,0.0,9.63
2025-01-28,Chennai,72,26.08,0.0,14.73
2025-01-29,Chennai,72,24.5,1.19,11.56
2025-01-30,Chennai,72,24.48,0.0,11.12
2025-01-31,Chennai,72,22.04,0.0,10.99
2025-02-01,Chennai,72,24.75,0.0,7.0
2025-02-02,Chennai,72,26.06,0.0,5.22
2025-02-03,Chennai,72,25.9,0.0,7.41
2025-02-04,Chennai,72,26.66,0.0,10.51
2025-02-05,Chennai,72,26.6,0.0,6.83
2025-02-06,Chennai,72,26.82,0.0,8.27
2025-02-07,Chennai,72,27.51,0.0,9.59
2025-02-08,Chennai,72,28.27,0.0,6.42
2025-02-09,Chennai,72,26.18,0.0,9.72
2025-02-10,Chennai,72,25.35,0.0,8.42
2025-02-11,Chennai,72,26.93,0.0,8.4
2025-02-12,Chennai,72,24.75,0.0,6.9
2025-02-13,Chennai,72,26.04,1.04,13.68
2025-02-14,Chennai,72,26.07,0.0,9.91
2025-02-15,Chennai,72,23.98,0.0,12.56
2025-02-16,Chennai,72,24.81,0.0,12.99
2025-02-17,Chennai,72,24.93,0.0,7.92
2025-02-18,Chennai,72,26.24,0.0,5.62
2025-02-19,Chennai,72,27.52,0.0,5.36
2025-02-20,Chennai,72,27.13,0.0,11.38
2025-02-21,Chennai,72,27.93,0.0,8.5
2025-02-22,Chennai,72,27.24,10.05,9.33
2025-02-23,Chennai,72,29.42,0.0,9.99
2025-02-24,Chennai,72,28.37,0.0,12.47
2025-02-25,Chennai,72,26.6,0.0,12.41
2025-02-26,Chennai,72,26.39,0.0,5.71
2025-02-27,Chennai,72,29.55,20.47,13.48
2025-02-28,Chennai,72,29.21,0.0,8.71
2025-03-01,Chennai,72,30.83,0.0,6.06
2025-03-02,Chennai,72,27.87,0.0,10.02
2025-03-03,Chennai,72,28.08,0.0,12.6
2025-03-04,Chennai,72,27.84,0.0,8.49
2025-03-05,Chennai,72,30.19,0.0,10.8
2025-03-06,Chennai,72,31.7,0.0,10.01
2025-03-07,Chennai,72,29.76,0.0,9.91
2025-03-08,Chennai,72,27.84,0.0,5.74
2025-03-09,Chennai,72,25.62,0.0,6.16
2025-03-10,Chennai,72,26.78,0.0,6.66
2025-03-11,Chennai,72,27.17,0.0,7.08
2025-03-12,Chennai,72,26.66,0.0,9.75
2025-03-13,Chennai,72,26.49,0.0,8.15
2025-03-14,Chennai,72,25.35,0.0,10.03
2025-03-15,Chennai,72,25.95,0.0,9.39
2025-03-16,Chennai,72,29.14,0.0,9.0
2025-03-17,Chennai,72,29.21,0.0,9.67
2025-03-18,Chennai,72,30.02,0.0,11.64
2025-03-19,Chennai,72,27.8,0.0,13.13
2025-03-20,Chennai,72,29.74,0.0,12.03
2025-03-21,Chennai,72,28.31,0.0,11.13
2025-03-22,Chennai,72,27.26,0.0,11.6
2025-03-23,Chennai,72,28.51,0.0,11.34
2025-03-24,Chennai,72,26.92,0.0,6.45
2025-03-25,Chennai,72,27.22,0.0,8.29
2025-03-26,Chennai,72,27.23,0.0,5.55
2025-03-27,Chennai,72,26.83,0.0,7.64
2025-03-28,Chennai,72,25.62,0.0,6.77
2025-03-29,Chennai,72,28.96,0.0,8.3
2025-03-30,Chennai,72,27.56,0.0,8.68
2025-03-31,Chennai,72,26.28,0.0,8.05
2025-04-01,Chennai,72,34.89,4.09,9.45
2025-04-02,Chennai,72,33.47,0.0,14.95
2025-04-03,Chennai,72,32.58,0.0,12.59
2025-04-04,Chennai,72,31.54,0.0,11.16
2025-04-05,Chennai,72,31.64,0.0,12.89
2025-04-06,Chennai,72,31.52,0.0,7.53
2025-04-07,Chennai,72,31.97,0.0,9.34
2025-04-08,Chennai,72,31.53,0.0,10.55
2025-04-09,Chennai,72,32.8,0.0,9.8
2025-04-10,Chennai,72,32.55,0.0,7.11
2025-04-11,Chennai,72,30.37,0.0,7.52
2025-04-12,Chennai,72,33.66,0.0,6.48
2025-04-13,Chennai,72,31.08,0.0,9.23
2025-04-14,Chennai,72,32.88,0.0,7.11
2025-04-15,Chennai,72,29.03,0.0,5.71
2025-04-16,Chennai,72,29.33,0.0,9.81
2025-04-17,Chennai,72,33.82,0.0,7.34
2025-04-18,Chennai,72,31.03,0.0,12.71
2025-04-19,Chennai,72,32.73,0.0,11.95
2025-04-20,Chennai,72,31.19,0.0,7.95
2025-04-21,Chennai,72,32.08,0.0,14.4
2025-04-22,Chennai,72,31.99,0.0,11.36
2025-04-23,Chennai,72,33.32,0.0,15.88
2025-04-24,Chennai,72,33.23,0.0,12.47
2025-04-25,Chennai,72,33.99,0.0,8.5
2025-04-26,Chennai,72,32.91,0.0,9.31
2025-04-27,Chennai,72,32.47,0.0,9.35
2025-04-28,Chennai,72,33.81,11.6,11.36
2025-04-29,Chennai,72,33.73,0.0,10.82
2025-04-30,Chennai,72,30.76,0.0,9.39
2025-05-01,Chennai,72,33.59,0.0,13.28
2025-05-02,Chennai,72,33.62,0.0,14.09
2025-05-03,Chennai,72,33.69,0.0,18.4
2025-05-04,Chennai,72,32.83,0.0,15.69
2025-05-05,Chennai,72,34.51,0.0,14.09
2025-05-06,Chennai,72,33.37,0.0,14.87
2025-05-07,Chennai,72,33.88,0.0,11.16
2025-05-08,Chennai,72,34.44,0.0,16.95
2025-05-09,Chennai,72,34.96,0.0,10.39
2025-05-10,Chennai,72,34.72,0.0,14.1
2025-05-11,Chennai,72,35.07,0.0,15.66
2025-05-12,Chennai,72,36.31,0.0,7.09
2025-05-13,Chennai,72,35.19,0.0,15.33
2025-05-14,Chennai,72,36.41,0.0,13.3
2025-05-15,Chennai,72,37.67,0.0,13.56
2025-05-16,Chennai,72,37.51,0.0,13.87
2025-05-17,Chennai,72,38.84,0.0,10.27
2025-05-18,Chennai,72,38.32,0.0,10.38
2025-05-19,Chennai,72,35.85,0.0,7.9
2025-05-20,Chennai,72,37.19,0.0,14.74
2025-05-21,Chennai,72,39.31,0.0,16.19
2025-05-22,Chennai,72,39.58,0.0,16.2
2025-05-23,Chennai,72,39.47,0.0,15.51
2025-05-24,Chennai,72,39.2,0.0,10.05
2025-05-25,Chennai,72,37.14,0.0,11.69
2025-05-26,Chennai,72,36.28,0.0,13.61
2025-05-27,Chennai,72,38.01,0.0,12.27
2025-05-28,Chennai,72,34.7,0.0,12.67
2025-05-29,Chennai,72,37.25,0.0,15.53
2025-05-30,Chennai,72,36.64,0.0,11.58
2025-05-31,Chennai,72,38.02,0.0,12.46
2025-06-01,Chennai,72,38.34,1.14,16.53
2025-06-02,Chennai,72,35.82,33.74,20.43
2025-06-03,Chennai,72,33.39,0.0,15.13
2025-06-04,Chennai,72,31.59,0.0,14.17
2025-06-05,Chennai,72,32.32,0.0,18.02
2025-06-06,Chennai,72,34.2,0.0,11.57
2025-06-07,Chennai,72,35.18,0.0,13.84
2025-06-08,Chennai,72,36.15,0.0,14.23
2025-06-09,Chennai,72,33.0,0.0,12.7
2025-06-10,Chennai,72,32.8,0.0,15.2
2025-06-11,Chennai,72,32.59,0.0,14.97
2025-06-12,Chennai,72,32.76,11.81,18.56
2025-06-13,Chennai,72,31.61,1.59,15.25
2025-06-14,Chennai,72,29.29,0.0,14.26
2025-06-15,Chennai,72,32.09,0.0,11.8
2025-06-16,Chennai,72,35.16,0.0,14.72
2025-06-17,Chennai,72,34.96,0.0,18.22
2025-06-18,Chennai,72,35.82,0.0,13.12
2025-06-19,Chennai,72,34.22,0.53,14.93
2025-06-20,Chennai,72,34.49,5.78,15.22
2025-06-21,Chennai,72,33.93,0.0,16.03
2025-06-22,Chennai,72,36.02,13.52,17.62
2025-06-23,Chennai,72,35.15,0.0,16.69
2025-06-24,Chennai,72,35.05,0.0,15.2
2025-06-25,Chennai,72,33.9,0.0,14.24
2025-06-26,Chennai,72,34.37,0.0,14.96
2025-06-27,Chennai,72,33.76,0.0,17.64
2025-06-28,Chennai,72,33.43,0.0,16.24
2025-06-29,Chennai,72,34.19,0.0,17.35
2025-06-30,Chennai,72,33.47,0.0,14.49
2025-07-01,Chennai,72,30.17,0.0,19.05
2025-07-02,Chennai,72,32.89,0.0,19.23
2025-07-03,Chennai,72,33.1,5.66,20.98
2025-07-04,Chennai,72,32.5,2.09,19.47
2025-07-05,Chennai,72,32.77,1.03,13.58
2025-07-06,Chennai,72,31.98,13.56,23.23
2025-07-07,Chennai,72,35.28,10.8,22.41
2025-07-08,Chennai,72,34.89,0.0,19.19
2025-07-09,Chennai,72,34.18,0.0,16.24
2025-07-10,Chennai,72,34.45,0.0,17.35
2025-07-11,Chennai,72,32.6,0.0,17.34
2025-07-12,Chennai,72,32.38,0.0,14.46
2025-07-13,Chennai,72,36.72,6.0,16.37
2025-07-14,Chennai,72,33.44,0.32,11.6
2025-07-15,Chennai,72,30.38,0.0,17.93
2025-07-16,Chennai,72,31.63,9.15,17.53
2025-07-17,Chennai,72,30.07,7.05,13.7
2025-07-18,Chennai,72,29.16,32.77,16.8
2025-07-19,Chennai,72,31.74,0.0,10.62
2025-07-20,Chennai,72,28.92,0.97,18.47
2025-07-21,Chennai,72,28.31,4.48,17.95
2025-07-22,Chennai,72,28.24,2.51,18.69
2025-07-23,Chennai,72,29.59,1.17,13.44
2025-07-24,Chennai,72,31.97,26.1,12.13
2025-07-25,Chennai,72,32.17,1.18,16.14
2025-07-26,Chennai,72,31.48,5.22,15.39
2025-07-27,Chennai,72,28.28,1.72,15.55
2025-07-28,Chennai,72,29.11,4.65,17.79
2025-07-29,Chennai,72,30.83,0.0,12.15
2025-07-30,Chennai,72,30.73,0.0,13.89
2025-07-31,Chennai,72,30.78,0.0,12.2
2025-08-01,Chennai,72,30.6,10.8,10.03
2025-08-02,Chennai,72,29.22,33.34,13.93
2025-08-03,Chennai,72,28.5,15.59,10.29
2025-08-04,Chennai,72,30.55,0.0,5.91
2025-08-05,Chennai,72,28.82,4.27,14.68
2025-08-06,Chennai,72,31.04,0.0,12.9
2025-08-07,Chennai,72,29.4,10.98,13.89
2025-08-08,Chennai,72,30.14,52.84,20.91
2025-08-09,Chennai,72,28.86,0.0,11.0
2025-08-10,Chennai,72,27.88,5.01,13.45
2025-08-11,Chennai,72,27.41,20.39,16.81
2025-08-12,Chennai,72,28.51,0.0,12.37
2025-08-13,Chennai,72,30.55,0.0,10.25
2025-08-14,Chennai,72,29.84,0.0,16.18
2025-08-15,Chennai,72,30.31,0.0,15.03
2025-08-16,Chennai,72,27.36,0.0,14.98
2025-08-17,Chennai,72,29.69,0.0,15.81
2025-08-18,Chennai,72,28.9,30.52,19.58
2025-08-19,Chennai,72,29.63,20.46,11.11
2025-08-20,Chennai,72,29.39,0.0,10.76
2025-08-21,Chennai,72,29.38,3.67,12.07
2025-08-22,Chennai,72,28.88,0.0,12.37
2025-08-23,Chennai,72,29.31,0.0,12.2
2025-08-24,Chennai,72,32.54,0.0,12.57
2025-08-25,Chennai,72,29.82,0.0,14.72
2025-08-26,Chennai,72,28.92,0.0,13.43
2025-08-27,Chennai,72,29.6,0.0,14.15
2025-08-28,Chennai,72,28.63,0.0,15.97
2025-08-29,Chennai,72,33.16,0.0,16.77
2025-08-30,Chennai,72,30.51,26.27,14.24
2025-08-31,Chennai,72,33.33,0.0,14.46
2025-09-01,Chennai,72,30.98,0.0,13.85
2025-09-02,Chennai,72,29.41,4.18,10.11
2025-09-03,Chennai,72,25.93,0.0,10.76
2025-09-04,Chennai,72,27.37,0.0,6.84
2025-09-05,Chennai,72,24.99,0.0,11.34
2025-09-06,Chennai,72,25.81,0.55,12.87
2025-09-07,Chennai,72,28.91,9.03,11.78
2025-09-08,Chennai,72,28.0,8.3,16.79
2025-09-09,Chennai,72,28.38,5.92,16.29
2025-09-10,Chennai,72,29.3,5.9,16.75
2025-09-11,Chennai,72,28.96,0.0,17.83
2025-09-12,Chennai,72,29.45,0.0,15.44
2025-09-13,Chennai,72,31.68,27.91,16.44
2025-09-14,Chennai,72,29.81,0.0,10.07
2025-09-15,Chennai,72,29.78,0.0,10.4
2025-09-16,Chennai,72,27.39,6.98,13.56
2025-09-17,Chennai,72,27.6,12.95,12.47
2025-09-18,Chennai,72,29.43,1.02,8.79
2025-09-19,Chennai,72,30.33,2.73,14.38
2025-09-20,Chennai,72,30.89,13.25,16.84
2025-09-21,Chennai,72,29.57,2.8,10.13
2025-09-22,Chennai,72,30.71,7.58,13.97
2025-09-23,Chennai,72,31.65,0.0,10.44
2025-09-24,Chennai,72,29.97,0.0,11.13
2025-09-25,Chennai,72,28.74,0.0,9.11
2025-09-26,Chennai,72,28.17,0.0,10.28
2025-09-27,Chennai,72,28.01,0.0,12.19
2025-09-28,Chennai,72,25.94,3.23,7.58
2025-09-29,Chennai,72,28.47,0.0,9.03
2025-09-30,Chennai,72,28.52,0.0,16.79
2023-01-01,Chennai,120,24.67,0.0,5.97
2023-01-02,Chennai,120,26.73,0.0,14.38
2023-01-03,Chennai,120,22.73,0.0,9.63
2023-01-04,Chennai,120,26.43,0.0,8.86
2023-01-05,Chennai,120,26.93,2.35,7.34
2023-01-06,Chennai,120,26.12,0.0,9.53
2023-01-07,Chennai,120,23.78,0.0,7.27
2023-01-08,Chennai,120,27.69,0.0,4.36
2023-01-09,Chennai,120,26.19,0.0,8.01
2023-01-10,Chennai,120,22.76,0.0,7.59
2023-01-11,Chennai,120,24.34,0.0,11.99
2023-01-12,Chennai,120,25.89,0.0,12.93
2023-01-13,Chennai,120,24.7,0.0,11.84
2023-01-14,Chennai,120,23.68,0.0,6.02
2023-01-15,Chennai,120,27.0,0.0,1.05
2023-01-16,Chennai,120,25.66,0.0,8.39
2023-01-17,Chennai,120,21.87,0.0,9.42
2023-01-18,Chennai,120,26.8,0.0,9.24
2023-01-19,Chennai,120,24.04,0.0,9.92
2023-01-20,Chennai,120,26.99,0.0,8.79
2023-01-21,Chennai,120,25.16,0.0,7.97
2023-01-22,Chennai,120,25.47,0.0,6.06
2023-01-23,Chennai,120,26.6,0.0,11.29
2023-01-24,Chennai,120,28.51,3.32,14.33
2023-01-25,Chennai,120,29.0,0.0,4.68
2023-01-26,Chennai,120,24.44,0.0,11.23
2023-01-27,Chennai,120,27.7,0.0,10.65
2023-01-28,Chennai,120,22.78,0.0,8.87
2023-01-29,Chennai,120,24.45,0.0,9.27
2023-01-30,Chennai,120,22.38,0.0,7.25
2023-01-31,Chennai,120,24.11,0.0,15.88
2023-02-01,Chennai,120,27.69,0.0,13.88
2023-02-02,Chennai,120,26.78,0.0,15.55
2023-02-03,Chennai,120,29.08,0.0,9.02
2023-02-04,Chennai,120,27.58,0.0,10.08
2023-02-05,Chennai,120,29.92,0.0,9.79
2023-02-06,Chennai,120,26.67,0.0,7.37
2023-02-07,Chennai,120,27.6,0.0,7.92
2023-02-08,Chennai,120,23.56,0.0,3.54
2023-02-09,Chennai,120,25.34,0.0,4.74
2023-02-10,Chennai,120,28.24,0.0,9.76
2023-02-11,Chennai,120,26.58,0.0,6.11
2023-02-12,Chennai,120,25.75,0.0,15.52
2023-02-13,Chennai,120,25.39,0.0,13.38
2023-02-14,Chennai,120,24.73,6.58,13.58
2023-02-15,Chennai,120,28.55,0.0,15.11
2023-02-16,Chennai,120,27.87,0.0,5.81
2023-02-17,Chennai,120,29.96,0.0,6.0
2023-02-18,Chennai,120,28.99,0.0,12.52
2023-02-19,Chennai,120,28.32,0.0,4.5
2023-02-20,Chennai,120,26.89,0.0,7.97
2023-02-21,Chennai,120,27.27,0.0,9.31
2023-02-22,Chennai,120,27.85,0.0,12.34
2023-02-23,Chennai,120,27.69,0.0,10.15
2023-02-24,Chennai,120,28.3,0.0,7.58
2023-02-25,Chennai,120,27.54,0.0,11.83
2023-02-26,Chennai,120,24.8,0.0,7.53
2023-02-27,Chennai,120,24.18,0.0,6.63
2023-02-28,Chennai,120,24.59,0.0,2.23
2023-03-01,Chennai,120,27.2,0.0,11.27
2023-03-02,Chennai,120,24.68,0.0,11.02
2023-03-03,Chennai,120,28.13,0.0,8.24
2023-03-04,Chennai,120,26.08,0.0,7.06
2023-03-05,Chennai,120,25.41,0.0,8.39
2023-03-06,Chennai,120,27.04,0.0,7.12
2023-03-07,Chennai,120,25.84,0.0,7.8
2023-03-08,Chennai,120,26.77,0.0,9.28
2023-03-09,Chennai,120,26.25,0.0,7.05
2023-03-10,Chennai,120,26.42,0.0,11.79
2023-03-11,Chennai,120,25.44,0.0,9.17
2023-03-12,Chennai,120,25.03,0.0,10.52
2023-03-13,Chennai,120,26.71,0.0,8.0
2023-03-14,Chennai,120,27.25,0.0,8.46
2023-03-15,Chennai,120,27.23,0.0,6.57
2023-03-16,Chennai,120,28.98,0.0,9.56
2023-03-17,Chennai,120,28.32,0.0,10.39
2023-03-18,Chennai,120,27.82,0.0,10.22
2023-03-19,Chennai,120,29.33,0.0,15.15
2023-03-20,Chennai,120,28.95,0.0,13.66
2023-03-21,Chennai,120,27.09,0.0,13.84
2023-03-22,Chennai,120,29.72,0.0,12.11
2023-03-23,Chennai,120,25.97,0.0,14.27
2023-03-24,Chennai,120,27.45,0.0,15.11
2023-03-25,Chennai,120,27.89,0.0,15.43
2023-03-26,Chennai,120,27.6,0.0,10.29
2023-03-27,Chennai,120,27.72,0.0,14.31
2023-03-28,Chennai,120,27.17,0.0,13.67
2023-03-29,Chennai,120,27.06,0.0,11.12
2023-03-30,Chennai,120,29.29,0.0,16.4
2023-03-31,Chennai,120,28.66,0.0,15.25
2023-04-01,Chennai,120,31.13,0.0,14.38
2023-04-02,Chennai,120,33.07,0.0,6.85
2023-04-03,Chennai,120,32.99,0.0,10.56
2023-04-04,Chennai,120,31.47,0.0,4.09
2023-04-05,Chennai,120,32.95,0.0,6.2
2023-04-06,Chennai,120,33.0,0.16,8.25
2023-04-07,Chennai,120,31.05,0.0,12.47
2023-04-08,Chennai,120,31.94,0.0,8.83
2023-04-09,Chennai,120,28.48,0.0,13.59
2023-04-10,Chennai,120,32.52,0.29,10.16
2023-04-11,Chennai,120,34.71,0.0,10.12
2023-04-12,Chennai,120,34.43,0.0,13.22
2023-04-13,Chennai,120,34.65,0.0,11.3
2023-04-14,Chennai,120,34.99,0.0,12.79
2023-04-15,Chennai,120,35.49,3.86,15.02
2023-04-16,Chennai,120,30.87,3.25,14.14
2023-04-17,Chennai,120,32.98,0.0,13.02
2023-04-18,Chennai,120,30.41,0.0,13.9
2023-04-19,Chennai,120,32.66,0.0,8.36
2023-04-20,Chennai,120,31.22,0.0,6.57
2023-04-21,Chennai,120,35.25,0.0,12.02
2023-04-22,Chennai,120,34.76,0.0,9.64
2023-04-23,Chennai,120,34.54,0.0,12.46
2023-04-24,Chennai,120,36.79,0.0,11.24
2023-04-25,Chennai,120,34.71,0.0,7.6
2023-04-26,Chennai,120,34.58,0.0,12.65
2023-04-27,Chennai,120,33.42,0.0,13.33
2023-04-28,Chennai,120,34.55,0.0,15.35
2023-04-29,Chennai,120,31.59,0.0,12.85
2023-04-30,Chennai,120,31.05,1.81,11.75
2023-05-01,Chennai,120,33.89,0.0,12.46
2023-05-02,Chennai,120,36.7,0.0,10.53
2023-05-03,Chennai,120,32.39,0.0,7.59
2023-05-04,Chennai,120,33.39,0.0,9.81
2023-05-05,Chennai,120,31.84,0.0,10.81
2023-05-06,Chennai,120,30.34,0.0,13.35
2023-05-07,Chennai,120,35.88,0.0,10.79
2023-05-08,Chennai,120,35.1,0.0,11.33
2023-05-09,Chennai,120,35.62,0.0,10.98
2023-05-10,Chennai,120,37.54,13.42,13.35
2023-05-11,Chennai,120,35.28,0.0,12.72
2023-05-12,Chennai,120,37.83,0.0,9.53
2023-05-13,Chennai,120,37.96,0.0,17.2
2023-05-14,Chennai,120,37.39,0.0,19.9
2023-05-15,Chennai,120,33.42,18.63,19.86
2023-05-16,Chennai,120,35.29,7.97,13.72
2023-05-17,Chennai,120,34.52,6.52,15.24
2023-05-18,Chennai,120,33.72,0.0,9.51
2023-05-19,Chennai,120,32.68,0.0,12.36
2023-05-20,Chennai,120,35.82,0.0,13.43
2023-05-21,Chennai,120,35.7,0.0,12.84
2023-05-22,Chennai,120,36.63,0.0,16.68
2023-05-23,Chennai,120,35.92,0.0,9.96
2023-05-24,Chennai,120,34.61,0.0,14.09
2023-05-25,Chennai,120,32.37,0.0,11.39
2023-05-26,Chennai,120,34.96,0.0,14.24
2023-05-27,Chennai,120,37.42,0.0,14.54
2023-05-28,Chennai,120,38.45,0.0,10.38
2023-05-29,Chennai,120,38.63,0.0,13.96
2023-05-30,Chennai,120,36.2,0.0,13.65
2023-05-31,Chennai,120,36.46,0.0,13.88
2023-06-01,Chennai,120,34.68,0.0,19.55
2023-06-02,Chennai,120,33.6,5.49,19.39
2023-06-03,Chennai,120,32.22,0.0,20.59
2023-06-04,Chennai,120,33.91,0.0,15.58
2023-06-05,Chennai,120,36.87,0.0,16.77
2023-06-06,Chennai,120,33.63,0.0,15.54
2023-06-07,Chennai,120,35.89,7.6,17.12
2023-06-08,Chennai,120,35.2,0.0,15.82
2023-06-09,Chennai,120,34.9,0.0,15.69
2023-06-10,Chennai,120,36.12,0.0,19.58
2023-06-11,Chennai,120,33.16,0.0,18.82
2023-06-12,Chennai,120,34.86,0.0,14.94
2023-06-13,Chennai,120,36.67,0.0,16.22
2023-06-14,Chennai,120,37.85,0.0,14.05
2023-06-15,Chennai,120,37.79,0.0,13.16
2023-06-16,Chennai,120,34.96,0.0,22.36
2023-06-17,Chennai,120,34.09,0.0,21.05
2023-06-18,Chennai,120,35.6,0.0,16.08
2023-06-19,Chennai,120,34.11,0.0,18.91
2023-06-20,Chennai,120,37.51,8.09,20.32
2023-06-21,Chennai,120,35.59,53.36,22.19
2023-06-22,Chennai,120,34.67,8.13,15.81
2023-06-23,Chennai,120,32.71,0.0,16.78
2023-06-24,Chennai,120,31.3,0.0,11.47
2023-06-25,Chennai,120,35.81,0.0,14.05
2023-06-26,Chennai,120,36.55,0.0,17.45
2023-06-27,Chennai,120,34.21,0.0,16.55
2023-06-28,Chennai,120,35.82,0.0,16.86
2023-06-29,Chennai,120,36.5,0.0,16.5
2023-06-30,Chennai,120,33.88,0.0,16.0
2023-07-01,Chennai,120,32.86,1.37,12.87
2023-07-02,Chennai,120,30.44,0.0,15.45
2023-07-03,Chennai,120,30.7,0.0,13.61
2023-07-04,Chennai,120,32.79,0.0,11.19
2023-07-05,Chennai,120,32.91,0.0,9.93
2023-07-06,Chennai,120,32.19,0.0,16.34
2023-07-07,Chennai,120,33.61,0.0,17.45
2023-07-08,Chennai,120,32.77,0.0,18.24
2023-07-09,Chennai,120,30.74,0.0,14.52
2023-07-10,Chennai,120,32.35,0.0,15.31
2023-07-11,Chennai,120,31.28,0.0,13.13
2023-07-12,Chennai,120,32.87,0.0,14.58
2023-07-13,Chennai,120,32.67,0.0,14.06
2023-07-14,Chennai,120,29.93,0.0,14.66
2023-07-15,Chennai,120,29.57,0.0,11.98
2023-07-16,Chennai,120,30.77,0.0,12.81
2023-07-17,Chennai,120,32.75,0.0,12.64
2023-07-18,Chennai,120,29.65,0.0,11.78
2023-07-19,Chennai,120,28.42,0.64,15.93
2023-07-20,Chennai,120,30.44,4.2,14.13
2023-07-21,Chennai,120,29.01,0.0,17.07
2023-07-22,Chennai,120,30.88,0.0,12.76
2023-07-23,Chennai,120,30.72,7.32,12.48
2023-07-24,Chennai,120,31.44,5.78,16.21
2023-07-25,Chennai,120,33.68,2.34,17.7
2023-07-26,Chennai,120,31.14,0.0,14.31
2023-07-27,Chennai,120,31.65,0.0,15.24
2023-07-28,Chennai,120,28.33,0.0,16.81
2023-07-29,Chennai,120,27.53,1.04,15.54
2023-07-30,Chennai,120,32.95,0.0,18.95
2023-07-31,Chennai,120,33.63,0.0,20.14
2023-08-01,Chennai,120,30.84,0.0,11.71
2023-08-02,Chennai,120,28.97,0.0,13.24
2023-08-03,Chennai,120,29.7,17.72,17.95
2023-08-04,Chennai,120,29.29,0.0,13.99
2023-08-05,Chennai,120,30.4,0.0,16.26
2023-08-06,Chennai,120,27.78,0.0,14.72
2023-08-07,Chennai,120,27.32,0.0,16.05
2023-08-08,Chennai,120,29.45,0.0,10.62
2023-08-09,Chennai,120,28.43,0.0,9.03
2023-08-10,Chennai,120,28.2,0.0,11.41
2023-08-11,Chennai,120,29.16,0.0,12.65
2023-08-12,Chennai,120,26.99,0.0,9.9
2023-08-13,Chennai,120,28.02,4.3,19.13
2023-08-14,Chennai,120,28.96,0.0,15.24
2023-08-15,Chennai,120,31.52,0.0,13.77
2023-08-16,Chennai,120,29.0,0.0,14.13
2023-08-17,Chennai,120,30.28,0.0,12.45
2023-08-18,Chennai,120,31.61,0.0,13.49
2023-08-19,Chennai,120,27.36,0.0,17.0
2023-08-20,Chennai,120,30.21,0.0,12.83
2023-08-21,Chennai,120,28.82,0.0,16.44
2023-08-22,Chennai,120,31.42,0.0,13.52
2023-08-23,Chennai,120,30.79,0.0,14.9
2023-08-24,Chennai,120,30.82,0.0,17.49
2023-08-25,Chennai,120,32.28,0.0,14.15
2023-08-26,Chennai,120,30.8,0.0,9.1
2023-08-27,Chennai,120,32.01,0.0,14.77
2023-08-28,Chennai,120,29.03,0.0,8.04
2023-08-29,Chennai,120,30.93,0.0,13.64
2023-08-30,Chennai,120,32.4,0.0,11.85
2023-08-31,Chennai,120,30.13,4.59,15.35
2023-09-01,Chennai,120,29.89,0.0,7.19
2023-09-02,Chennai,120,31.67,0.0,9.12
2023-09-03,Chennai,120,28.39,3.98,10.9
2023-09-04,Chennai,120,28.1,7.74,15.43
2023-09-05,Chennai,120,25.69,21.39,15.67
2023-09-06,Chennai,120,26.72,8.25,17.28
2023-09-07,Chennai,120,29.33,0.0,12.63
2023-09-08,Chennai,120,28.7,12.81,14.06
2023-09-09,Chennai,120,27.27,1.93,21.83
2023-09-10,Chennai,120,26.67,9.74,14.63
2023-09-11,Chennai,120,27.94,0.0,14.12
2023-09-12,Chennai,120,25.85,0.0,11.01
2023-09-13,Chennai,120,24.99,0.0,6.99
2023-09-14,Chennai,120,27.67,2.21,11.3
2023-09-15,Chennai,120,27.23,4.73,13.16
2023-09-16,Chennai,120,30.62,9.3,15.08
2023-09-17,Chennai,120,28.58,0.0,10.03
2023-09-18,Chennai,120,28.76,0.0,14.14
2023-09-19,Chennai,120,27.19,13.87,15.2
2023-09-20,Chennai,120,29.06,6.76,9.8
2023-09-21,Chennai,120,30.53,18.56,13.52
2023-09-22,Chennai,120,29.63,6.73,14.1
2023-09-23,Chennai,120,29.88,0.0,6.24
2023-09-24,Chennai,120,30.39,0.0,16.66
2023-09-25,Chennai,120,29.0,0.0,14.54
2023-09-26,Chennai,120,31.05,0.0,13.23
2023-09-27,Chennai,120,26.89,0.52,16.82
2023-09-28,Chennai,120,30.41,4.66,19.82
2023-09-29,Chennai,120,31.94,1.69,14.45
2023-09-30,Chennai,120,29.06,4.9,13.09
2023-10-01,Chennai,120,29.59,0.0,9.55
2023-10-02,Chennai,120,28.68,6.51,10.34
2023-10-03,Chennai,120,27.18,0.14,13.28
2023-10-04,Chennai,120,29.29,3.29,13.1
2023-10-05,Chennai,120,29.51,0.83,15.9
2023-10-06,Chennai,120,28.73,4.94,14.96
2023-10-07,Chennai,120,25.67,23.08,22.03
2023-10-08,Chennai,120,28.97,4.64,11.74
2023-10-09,Chennai,120,26.14,23.94,12.18
2023-10-10,Chennai,120,25.33,6.51,7.86
2023-10-11,Chennai,120,24.08,45.1,14.39
2023-10-12,Chennai,120,27.97,9.86,14.52
2023-10-13,Chennai,120,25.89,1.43,10.83
2023-10-14,Chennai,120,23.94,70.63,16.17
2023-10-15,Chennai,120,25.93,0.0,11.95
2023-10-16,Chennai,120,28.04,0.0,11.17
2023-10-17,Chennai,120,27.0,1.38,15.15
2023-10-18,Chennai,120,24.01,4.04,15.91
2023-10-19,Chennai,120,26.97,2.08,18.53
2023-10-20,Chennai,120,27.8,8.85,11.12
2023-10-21,Chennai,120,26.63,0.17,15.59
2023-10-22,Chennai,120,24.59,0.52,15.16
2023-10-23,Chennai,120,25.35,9.94,17.88
2023-10-24,Chennai,120,28.56,0.0,17.9
2023-10-25,Chennai,120,29.47,0.0,14.88
2023-10-26,Chennai,120,32.36,6.95,14.64
2023-10-27,Chennai,120,31.1,12.86,16.09
2023-10-28,Chennai,120,25.96,31.58,17.24
2023-10-29,Chennai,120,27.73,4.68,19.19
2023-10-30,Chennai,120,25.0,6.93,11.41
2023-10-31,Chennai,120,24.66,2.03,12.96
2023-11-01,Chennai,120,25.14,1.06,12.34
2023-11-02,Chennai,120,26.03,4.81,10.32
2023-11-03,Chennai,120,22.68,6.96,16.47
2023-11-04,Chennai,120,23.87,59.45,25.42
2023-11-05,Chennai,120,25.94,4.95,16.01
2023-11-06,Chennai,120,21.69,29.3,18.1
2023-11-07,Chennai,120,22.88,10.7,16.28
2023-11-08,Chennai,120,22.86,7.14,14.69
2023-11-09,Chennai,120,23.36,4.23,15.66
2023-11-10,Chennai,120,21.6,24.05,21.46
2023-11-11,Chennai,120,23.15,20.86,12.89
2023-11-12,Chennai,120,23.85,36.43,20.38
2023-11-13,Chennai,120,26.17,10.59,23.01
2023-11-14,Chennai,120,21.91,20.81,21.08
2023-11-15,Chennai,120,26.19,5.09,16.65
2023-11-16,Chennai,120,24.95,5.2,14.9
2023-11-17,Chennai,120,26.55,7.24,17.17
2023-11-18,Chennai,120,21.79,3.05,20.65
2023-11-19,Chennai,120,23.83,15.51,19.17
2023-11-20,Chennai,120,24.93,12.13,11.96
2023-11-21,Chennai,120,24.63,0.0,14.12
2023-11-22,Chennai,120,27.82,1.13,11.81
2023-11-23,Chennai,120,27.81,24.68,18.26
2023-11-24,Chennai,120,25.64,6.58,9.96
2023-11-25,Chennai,120,26.0,1.94,11.97
2023-11-26,Chennai,120,25.04,2.21,17.2
2023-11-27,Chennai,120,25.02,7.95,15.62
2023-11-28,Chennai,120,21.81,4.83,11.61
2023-11-29,Chennai,120,23.83,16.81,19.05
2023-11-30,Chennai,120,24.46,22.94,19.33
2023-12-01,Chennai,120,23.46,2.8,10.09
2023-12-02,Chennai,120,24.58,21.28,13.39
2023-12-03,Chennai,120,25.58,0.0,13.05
2023-12-04,Chennai,120,23.68,1.61,11.74
2023-12-05,Chennai,120,25.9,0.0,7.58
2023-12-06,Chennai,120,26.63,0.0,8.68
2023-12-07,Chennai,120,25.72,0.0,9.61
2023-12-08,Chennai,120,29.77,0.0,10.91
2023-12-09,Chennai,120,29.75,0.0,15.33
2023-12-10,Chennai,120,27.37,0.0,10.45
2023-12-11,Chennai,120,26.52,3.71,15.0
2023-12-12,Chennai,120,28.04,0.0,8.66
2023-12-13,Chennai,120,28.09,0.0,12.26
2023-12-14,Chennai,120,28.6,1.24,14.55
2023-12-15,Chennai,120,25.34,8.67,11.88
2023-12-16,Chennai,120,26.27,4.49,13.31
2023-12-17,Chennai,120,25.35,0.0,10.07
2023-12-18,Chennai,120,27.4,0.0,8.97
2023-12-19,Chennai,120,24.56,0.0,8.96
2023-12-20,Chennai,120,23.64,0.0,6.6
2023-12-21,Chennai,120,23.36,0.0,10.54
2023-12-22,Chennai,120,22.03,0.59,14.11
2023-12-23,Chennai,120,25.18,0.5,7.3
2023-12-24,Chennai,120,24.9,25.08,11.72
2023-12-25,Chennai,120,25.6,0.0,12.5
2023-12-26,Chennai,120,24.74,0.0,8.29
2023-12-27,Chennai,120,27.05,0.0,8.82
2023-12-28,Chennai,120,26.55,0.0,4.48
2023-12-29,Chennai,120,23.68,0.0,14.95
2023-12-30,Chennai,120,24.56,0.0,11.75
2023-12-31,Chennai,120,26.85,0.0,15.58
2024-01-01,Chennai,120,24.02,7.45,9.84
2024-01-02,Chennai,120,24.46,0.0,9.32
2024-01-03,Chennai,120,29.34,0.0,9.37
2024-01-04,Chennai,120,25.94,0.0,5.07
2024-01-05,Chennai,120,24.68,0.0,8.44
2024-01-06,Chennai,120,23.94,5.22,6.17
2024-01-07,Chennai,120,22.47,0.0,13.8
2024-01-08,Chennai,120,23.38,0.0,10.98
2024-01-09,Chennai,120,25.58,0.0,10.2
2024-01-10,Chennai,120,26.02,0.0,14.99
2024-01-11,Chennai,120,28.63,0.0,7.91
2024-01-12,Chennai,120,26.77,0.0,11.79
2024-01-13,Chennai,120,25.0,0.0,14.05
2024-01-14,Chennai,120,24.39,0.0,8.89
2024-01-15,Chennai,120,24.12,0.0,15.07
2024-01-16,Chennai,120,24.43,0.0,11.53
2024-01-17,Chennai,120,24.99,0.0,3.42
2024-01-18,Chennai,120,23.87,0.0,13.83
2024-01-19,Chennai,120,27.44,0.0,4.86
2024-01-20,Chennai,120,28.83,0.0,10.82
2024-01-21,Chennai,120,26.94,0.0,9.41
2024-01-22,Chennai,120,25.05,0.0,13.92
2024-01-23,Chennai,120,22.98,0.0,12.14
2024-01-24,Chennai,120,23.46,0.0,7.46
2024-01-25,Chennai,120,24.6,0.0,11.59
2024-01-26,Chennai,120,28.38,0.0,9.59
2024-01-27,Chennai,120,28.67,0.0,11.7
2024-01-28,Chennai,120,26.23,0.05,11.4
2024-01-29,Chennai,120,26.14,6.02,11.31
2024-01-30,Chennai,120,27.75,0.0,5.86
2024-01-31,Chennai,120,25.74,0.0,6.37
2024-02-01,Chennai,120,27.77,0.0,1.84
2024-02-02,Chennai,120,27.2,0.0,6.89
2024-02-03,Chennai,120,27.19,0.0,6.7
2024-02-04,Chennai,120,25.77,0.0,8.61
2024-02-05,Chennai,120,25.08,0.0,15.2
2024-02-06,Chennai,120,25.01,0.0,14.72
2024-02-07,Chennai,120,27.26,0.0,10.72
2024-02-08,Chennai,120,28.63,0.0,8.96
2024-02-09,Chennai,120,25.24,0.0,7.75
2024-02-10,Chennai,120,28.55,0.0,11.82
2024-02-11,Chennai,120,30.13,0.0,6.84
2024-02-12,Chennai,120,29.35,0.0,10.13
2024-02-13,Chennai,120,28.27,0.0,7.12
2024-02-14,Chennai,120,27.01,0.0,9.86
2024-02-15,Chennai,120,26.66,0.0,9.83
2024-02-16,Chennai,120,26.37,0.0,11.0
2024-02-17,Chennai,120,26.36,0.0,10.78
2024-02-18,Chennai,120,27.22,0.0,11.7
2024-02-19,Chennai,120,27.22,0.0,9.9
2024-02-20,Chennai,120,28.09,0.0,11.61
2024-02-21,Chennai,120,26.44,0.0,10.59
2024-02-22,Chennai,120,27.24,0.0,9.82
2024-02-23,Chennai,120,29.93,0.0,13.15
2024-02-24,Chennai,120,29.7,0.0,11.9
2024-02-25,Chennai,120,29.72,0.0,10.92
2024-02-26,Chennai,120,27.99,0.0,6.57
2024-02-27,Chennai,120,31.34,0.0,11.69
2024-02-28,Chennai,120,30.73,0.0,4.22
2024-02-29,Chennai,120,26.05,0.0,7.8
2024-03-01,Chennai,120,28.75,0.0,9.74
2024-03-02,Chennai,120,26.35,0.0,10.76
2024-03-03,Chennai,120,24.85,0.0,11.44
2024-03-04,Chennai,120,23.84,0.0,9.88
2024-03-05,Chennai,120,26.07,0.0,10.45
2024-03-06,Chennai,120,23.9,0.0,6.82
2024-03-07,Chennai,120,22.68,0.0,9.4
2024-03-08,Chennai,120,21.7,0.0,15.1
2024-03-09,Chennai,120,25.03,0.0,12.32
2024-03-10,Chennai,120,27.84,0.0,6.67
2024-03-11,Chennai,120,27.21,0.0,10.1
2024-03-12,Chennai,120,28.97,0.0,12.07
2024-03-13,Chennai,120,26.43,0.0,10.17
2024-03-14,Chennai,120,28.32,0.0,8.63
2024-03-15,Chennai,120,28.04,0.0,12.35
2024-03-16,Chennai,120,28.51,5.93,8.57
2024-03-17,Chennai,120,27.09,5.25,13.46
2024-03-18,Chennai,120,27.16,0.0,5.46
2024-03-19,Chennai,120,28.81,0.0,11.74
2024-03-20,Chennai,120,28.61,0.0,11.37
2024-03-21,Chennai,120,29.52,0.0,17.84
2024-03-22,Chennai,120,31.86,0.0,12.78
2024-03-23,Chennai,120,31.84,0.0,11.55
2024-03-24,Chennai,120,32.5,0.0,12.99
2024-03-25,Chennai,120,32.21,0.0,12.63
2024-03-26,Chennai,120,33.3,0.0,12.51
2024-03-27,Chennai,120,34.44,0.0,7.34
2024-03-28,Chennai,120,32.16,0.0,8.13
2024-03-29,Chennai,120,29.4,0.0,9.59
2024-03-30,Chennai,120,31.88,0.0,6.43
2024-03-31,Chennai,120,28.77,0.0,8.52
2024-04-01,Chennai,120,33.13,0.0,11.29
2024-04-02,Chennai,120,34.03,0.0,8.2
2024-04-03,Chennai,120,32.89,0.0,8.83
2024-04-04,Chennai,120,33.9,0.0,13.98
2024-04-05,Chennai,120,31.38,0.0,9.08
2024-04-06,Chennai,120,34.64,0.0,7.73
2024-04-07,Chennai,120,32.8,18.46,15.87
2024-04-08,Chennai,120,32.2,0.0,6.02
2024-04-09,Chennai,120,30.48,0.0,15.39
2024-04-10,Chennai,120,30.15,0.0,13.01
2024-04-11,Chennai,120,32.76,0.0,11.52
2024-04-12,Chennai,120,33.32,0.0,10.85
2024-04-13,Chennai,120,34.91,0.0,11.41
2024-04-14,Chennai,120,34.2,0.0,8.23
2024-04-15,Chennai,120,33.94,0.0,11.42
2024-04-16,Chennai,120,33.25,0.0,9.02
2024-04-17,Chennai,120,34.57,0.89,14.7
2024-04-18,Chennai,120,33.73,2.79,10.59
2024-04-19,Chennai,120,31.8,0.0,14.23
2024-04-20,Chennai,120,34.57,0.0,11.9
2024-04-21,Chennai,120,33.98,0.0,5.4
2024-04-22,Chennai,120,34.2,0.0,7.64
2024-04-23,Chennai,120,32.73,0.0,9.62
2024-04-24,Chennai,120,32.19,0.0,3.65
2024-04-25,Chennai,120,33.76,0.0,10.64
2024-04-26,Chennai,120,34.97,0.0,8.8
2024-04-27,Chennai,120,34.9,0.0,10.92
2024-04-28,Chennai,120,33.01,0.0,10.36
2024-04-29,Chennai,120,30.52,1.4,5.52
2024-04-30,Chennai,120,30.39,0.0,11.46
2024-05-01,Chennai,120,31.94,0.0,12.56
2024-05-02,Chennai,120,31.77,0.0,11.72
2024-05-03,Chennai,120,32.56,0.0,12.25
2024-05-04,Chennai,120,32.01,0.0,17.29
2024-05-05,Chennai,120,35.08,0.0,15.15
2024-05-06,Chennai,120,37.13,0.0,10.52
2024-05-07,Chennai,120,33.66,0.0,13.76
2024-05-08,Chennai,120,33.17,0.0,13.37
2024-05-09,Chennai,120,34.32,0.0,15.13
2024-05-10,Chennai,120,33.16,0.0,14.75
2024-05-11,Chennai,120,31.7,0.0,11.86
2024-05-12,Chennai,120,35.79,6.06,10.34
2024-05-13,Chennai,120,34.51,0.0,14.45
2024-05-14,Chennai,120,35.41,0.0,7.81
2024-05-15,Chennai,120,34.59,0.0,15.27
2024-05-16,Chennai,120,33.45,0.0,13.52
2024-05-17,Chennai,120,34.63,0.0,14.17
2024-05-18,Chennai,120,33.92,3.15,13.61
2024-05-19,Chennai,120,35.26,0.0,11.07
2024-05-20,Chennai,120,34.43,0.0,10.54
2024-05-21,Chennai,120,36.03,0.0,11.61
2024-05-22,Chennai,120,36.81,0.0,9.31
2024-05-23,Chennai,120,33.43,0.0,12.18
2024-05-24,Chennai,120,34.18,0.0,9.92
2024-05-25,Chennai,120,33.84,2.28,15.84
2024-05-26,Chennai,120,33.79,34.33,26.23
2024-05-27,Chennai,120,33.38,0.0,14.08
2024-05-28,Chennai,120,34.3,0.0,10.87
2024-05-29,Chennai,120,33.58,5.26,11.08
2024-05-30,Chennai,120,30.89,0.0,14.16
2024-05-31,Chennai,120,34.73,11.21,16.75
2024-06-01,Chennai,120,33.81,0.0,17.97
2024-06-02,Chennai,120,30.69,0.0,16.48
2024-06-03,Chennai,120,29.6,0.0,15.89
2024-06-04,Chennai,120,29.72,0.0,12.64
2024-06-05,Chennai,120,30.37,0.0,10.36
2024-06-06,Chennai,120,31.36,0.0,15.24
2024-06-07,Chennai,120,32.48,0.0,15.68
2024-06-08,Chennai,120,35.55,0.0,17.66
2024-06-09,Chennai,120,32.06,0.0,13.32
2024-06-10,Chennai,120,32.23,0.0,19.74
2024-06-11,Chennai,120,35.22,0.0,17.63
2024-06-12,Chennai,120,37.1,0.0,16.92
2024-06-13,Chennai,120,34.16,0.0,16.9
2024-06-14,Chennai,120,34.89,0.0,19.98
2024-06-15,Chennai,120,31.91,0.0,18.82
2024-06-16,Chennai,120,30.99,0.0,19.95
2024-06-17,Chennai,120,32.67,0.0,15.09
2024-06-18,Chennai,120,33.93,0.0,13.32
2024-06-19,Chennai,120,33.89,5.81,22.96
2024-06-20,Chennai,120,32.37,0.0,20.21
2024-06-21,Chennai,120,31.19,0.0,13.65
2024-06-22,Chennai,120,35.97,0.0,20.5
2024-06-23,Chennai,120,36.18,0.0,19.63
2024-06-24,Chennai,120,30.64,0.0,16.92
2024-06-25,Chennai,120,36.45,0.0,19.13
2024-06-26,Chennai,120,35.51,0.0,17.25
2024-06-27,Chennai,120,34.74,0.0,18.42
2024-06-28,Chennai,120,34.83,0.0,13.19
2024-06-29,Chennai,120,29.7,0.0,13.87
2024-06-30,Chennai,120,31.49,0.0,11.39
2024-07-01,Chennai,120,28.44,0.0,9.37
2024-07-02,Chennai,120,28.88,0.0,12.98
2024-07-03,Chennai,120,29.26,0.0,15.18
2024-07-04,Chennai,120,28.72,6.26,16.59
2024-07-05,Chennai,120,29.82,3.66,11.6
2024-07-06,Chennai,120,28.16,0.0,15.0
2024-07-07,Chennai,120,28.95,0.0,17.31
2024-07-08,Chennai,120,32.19,7.92,13.04
2024-07-09,Chennai,120,33.78,0.71,15.07
2024-07-10,Chennai,120,35.18,5.96,19.52
2024-07-11,Chennai,120,32.86,1.32,15.43
2024-07-12,Chennai,120,29.09,2.18,19.42
2024-07-13,Chennai,120,32.7,7.14,23.6
2024-07-14,Chennai,120,33.07,0.61,11.97
2024-07-15,Chennai,120,33.03,19.73,13.89
2024-07-16,Chennai,120,32.42,0.0,11.4
2024-07-17,Chennai,120,32.33,0.0,12.66
2024-07-18,Chennai,120,33.72,0.0,11.82
2024-07-19,Chennai,120,32.19,0.0,20.71
2024-07-20,Chennai,120,32.28,0.0,12.48
2024-07-21,Chennai,120,33.86,7.94,16.36
2024-07-22,Chennai,120,33.7,0.0,16.6
2024-07-23,Chennai,120,33.43,1.88,17.41
2024-07-24,Chennai,120,31.68,0.0,10.8
2024-07-25,Chennai,120,34.41,0.0,13.97
2024-07-26,Chennai,120,35.29,0.0,16.06
2024-07-27,Chennai,120,36.62,0.0,11.1
2024-07-28,Chennai,120,33.67,0.0,13.38
2024-07-29,Chennai,120,33.51,7.81,16.21
2024-07-30,Chennai,120,32.31,0.0,16.86
2024-07-31,Chennai,120,33.65,0.0,13.3
2024-08-01,Chennai,120,33.36,0.0,12.98
2024-08-02,Chennai,120,33.91,0.0,13.01
2024-08-03,Chennai,120,33.34,0.0,16.73
2024-08-04,Chennai,120,34.72,26.6,19.28
2024-08-05,Chennai,120,31.32,0.0,13.7
2024-08-06,Chennai,120,32.24,0.0,10.88
2024-08-07,Chennai,120,35.34,0.0,19.77
2024-08-08,Chennai,120,32.58,0.0,10.96
2024-08-09,Chennai,120,32.47,5.51,14.54
2024-08-10,Chennai,120,30.84,10.0,18.95
2024-08-11,Chennai,120,34.25,24.57,16.98
2024-08-12,Chennai,120,32.13,0.82,16.65
2024-08-13,Chennai,120,30.81,0.0,6.39
2024-08-14,Chennai,120,31.53,0.0,5.91
2024-08-15,Chennai,120,31.11,0.0,5.6
2024-08-16,Chennai,120,34.18,0.0,15.12
2024-08-17,Chennai,120,32.15,0.0,5.65
2024-08-18,Chennai,120,33.85,0.0,6.0
2024-08-19,Chennai,120,31.06,0.0,4.57
2024-08-20,Chennai,120,33.19,0.0,3.75
2024-08-21,Chennai,120,35.03,0.0,7.69
2024-08-22,Chennai,120,32.22,0.0,8.22
2024-08-23,Chennai,120,30.26,0.0,8.22
2024-08-24,Chennai,120,32.63,0.0,11.12
2024-08-25,Chennai,120,31.43,11.25,20.9
2024-08-26,Chennai,120,31.44,0.0,16.86
2024-08-27,Chennai,120,28.34,0.0,16.01
2024-08-28,Chennai,120,36.05,5.67,12.02
2024-08-29,Chennai,120,38.04,11.04,13.56
2024-08-30,Chennai,120,34.4,0.0,9.89
2024-08-31,Chennai,120,31.08,0.0,16.1
2024-09-01,Chennai,120,32.04,0.0,11.8
2024-09-02,Chennai,120,29.07,0.0,11.32
2024-09-03,Chennai,120,34.18,0.0,9.45
2024-09-04,Chennai,120,30.52,0.0,9.07
2024-09-05,Chennai,120,31.25,0.0,9.66
2024-09-06,Chennai,120,32.64,5.72,13.75
2024-09-07,Chennai,120,28.05,17.21,13.67
2024-09-08,Chennai,120,32.18,17.63,16.54
2024-09-09,Chennai,120,33.4,8.5,13.56
2024-09-10,Chennai,120,33.39,0.0,12.49
2024-09-11,Chennai,120,32.49,0.0,13.99
2024-09-12,Chennai,120,31.01,1.8,10.79
2024-09-13,Chennai,120,32.05,1.14,7.45
2024-09-14,Chennai,120,30.46,0.97,13.29
2024-09-15,Chennai,120,30.51,1.85,10.08
2024-09-16,Chennai,120,28.05,0.0,4.7
2024-09-17,Chennai,120,29.61,0.0,13.18
2024-09-18,Chennai,120,28.16,8.31,16.69
2024-09-19,Chennai,120,29.6,7.39,15.12
2024-09-20,Chennai,120,30.79,0.0,7.86
2024-09-21,Chennai,120,33.77,0.0,6.67
2024-09-22,Chennai,120,32.01,0.0,9.41
2024-09-23,Chennai,120,33.43,13.33,18.65
2024-09-24,Chennai,120,30.82,0.0,16.57
2024-09-25,Chennai,120,32.27,0.0,16.98
2024-09-26,Chennai,120,29.17,0.0,12.94
2024-09-27,Chennai,120,31.67,0.0,14.34
2024-09-28,Chennai,120,31.57,0.0,18.77
2024-09-29,Chennai,120,33.19,0.0,17.17
2024-09-30,Chennai,120,32.02,0.0,10.79
2024-10-01,Chennai,120,26.81,0.0,8.73
2024-10-02,Chennai,120,27.21,0.0,14.21
2024-10-03,Chennai,120,27.92,0.0,14.82
2024-10-04,Chennai,120,27.88,3.17,12.07
2024-10-05,Chennai,120,26.65,6.87,12.65
2024-10-06,Chennai,120,30.3,9.64,8.88
2024-10-07,Chennai,120,27.39,1.95,10.79
2024-10-08,Chennai,120,27.85,16.68,17.15
2024-10-09,Chennai,120,28.23,11.53,15.15
2024-10-10,Chennai,120,27.66,14.02,9.31
2024-10-11,Chennai,120,26.88,7.71,10.66
2024-10-12,Chennai,120,30.08,5.07,12.62
2024-10-13,Chennai,120,30.52,8.56,7.28
2024-10-14,Chennai,120,31.93,4.76,13.34
2024-10-15,Chennai,120,31.08,18.09,19.9
2024-10-16,Chennai,120,31.16,8.07,11.47
2024-10-17,Chennai,120,31.52,11.56,11.88
2024-10-18,Chennai,120,30.58,0.69,12.16
2024-10-19,Chennai,120,31.03,1.1,11.54
2024-10-20,Chennai,120,28.82,6.15,8.66
2024-10-21,Chennai,120,30.15,0.0,6.21
2024-10-22,Chennai,120,27.95,0.0,12.19
2024-10-23,Chennai,120,28.56,0.0,11.88
2024-10-24,Chennai,120,28.66,0.0,15.0
2024-10-25,Chennai,120,26.37,3.84,13.14
2024-10-26,Chennai,120,23.46,3.49,16.39
2024-10-27,Chennai,120,25.2,0.02,11.78
2024-10-28,Chennai,120,24.42,6.42,15.87
2024-10-29,Chennai,120,24.79,24.18,14.82
2024-10-30,Chennai,120,23.83,20.1,14.36
2024-10-31,Chennai,120,26.13,14.53,15.37
2024-11-01,Chennai,120,22.03,0.0,14.33
2024-11-02,Chennai,120,23.74,12.29,13.16
2024-11-03,Chennai,120,23.09,2.77,11.25
2024-11-04,Chennai,120,25.98,3.99,13.4
2024-11-05,Chennai,120,26.77,5.84,14.14
2024-11-06,Chennai,120,28.11,26.03,19.1
2024-11-07,Chennai,120,26.81,10.83,18.46
2024-11-08,Chennai,120,29.29,6.49,16.97
2024-11-09,Chennai,120,25.69,35.99,18.33
2024-11-10,Chennai,120,27.04,13.57,11.79
2024-11-11,Chennai,120,27.07,7.99,10.29
2024-11-12,Chennai,120,27.61,8.36,12.85
2024-11-13,Chennai,120,25.71,3.01,16.14
2024-11-14,Chennai,120,25.79,14.83,8.5
2024-11-15,Chennai,120,24.49,31.52,11.42
2024-11-16,Chennai,120,28.26,10.45,15.01
2024-11-17,Chennai,120,27.52,6.53,15.25
2024-11-18,Chennai,120,26.45,4.83,14.5
2024-11-19,Chennai,120,27.62,5.66,16.51
2024-11-20,Chennai,120,28.35,2.97,12.83
2024-11-21,Chennai,120,28.73,0.0,18.36
2024-11-22,Chennai,120,28.76,6.48,16.47
2024-11-23,Chennai,120,29.95,0.85,18.38
2024-11-24,Chennai,120,27.54,5.6,14.93
2024-11-25,Chennai,120,27.47,6.67,15.66
2024-11-26,Chennai,120,28.79,4.84,11.08
2024-11-27,Chennai,120,28.59,11.05,14.61
2024-11-28,Chennai,120,29.75,15.6,15.08
2024-11-29,Chennai,120,26.22,25.85,16.95
2024-11-30,Chennai,120,24.35,15.6,19.66
2024-12-01,Chennai,120,24.99,19.83,14.38
2024-12-02,Chennai,120,27.06,0.69,8.51
2024-12-03,Chennai,120,25.07,7.55,10.04
2024-12-04,Chennai,120,24.62,0.0,6.44
2024-12-05,Chennai,120,27.58,0.0,9.54
2024-12-06,Chennai,120,26.25,12.8,7.26
2024-12-07,Chennai,120,25.83,14.73,12.76
2024-12-08,Chennai,120,23.08,2.58,10.02
2024-12-09,Chennai,120,23.29,0.0,8.88
2024-12-10,Chennai,120,23.63,0.0,9.6
2024-12-11,Chennai,120,24.42,6.45,12.67
2024-12-12,Chennai,120,22.72,1.11,8.2
2024-12-13,Chennai,120,24.11,5.51,10.39
2024-12-14,Chennai,120,24.55,0.47,8.35
2024-12-15,Chennai,120,27.25,3.63,7.75
2024-12-16,Chennai,120,25.79,14.1,12.37
2024-12-17,Chennai,120,23.55,1.99,15.42
2024-12-18,Chennai,120,21.0,7.49,9.39
2024-12-19,Chennai,120,20.39,6.94,8.94
2024-12-20,Chennai,120,21.97,0.0,12.06
2024-12-21,Chennai,120,26.05,0.1,6.39
2024-12-22,Chennai,120,21.61,5.69,8.69
2024-12-23,Chennai,120,21.57,12.22,13.91
2024-12-24,Chennai,120,24.03,15.81,8.82
2024-12-25,Chennai,120,19.83,3.55,10.55
2024-12-26,Chennai,120,23.34,4.67,10.24
2024-12-27,Chennai,120,23.54,0.28,5.62
2024-12-28,Chennai,120,22.97,11.82,6.32
2024-12-29,Chennai,120,25.06,11.69,11.15
2024-12-30,Chennai,120,26.24,6.51,9.81
2024-12-31,Chennai,120,23.75,0.0,10.14
2025-01-01,Chennai,120,25.87,0.0,9.73
2025-01-02,Chennai,120,26.99,0.0,13.32
2025-01-03,Chennai,120,24.6,0.0,9.67
2025-01-04,Chennai,120,26.1,2.35,5.73
2025-01-05,Chennai,120,24.36,0.0,5.66
2025-01-06,Chennai,120,23.35,0.0,5.76
2025-01-07,Chennai,120,25.09,0.0,4.5
2025-01-08,Chennai,120,25.38,0.0,10.64
2025-01-09,Chennai,120,25.71,0.0,9.66
2025-01-10,Chennai,120,27.98,0.0,7.98
2025-01-11,Chennai,120,28.95,0.0,8.87
2025-01-12,Chennai,120,27.1,0.0,10.38
2025-01-13,Chennai,120,24.17,1.67,12.97
2025-01-14,Chennai,120,24.94,3.74,8.95
2025-01-15,Chennai,120,23.0,0.0,9.07
2025-01-16,Chennai,120,24.85,0.0,9.17
2025-01-17,Chennai,120,25.83,6.52,10.06
2025-01-18,Chennai,120,25.65,0.0,11.91
2025-01-19,Chennai,120,26.24,0.0,9.68
2025-01-20,Chennai,120,27.17,0.0,9.44
2025-01-21,Chennai,120,28.46,0.0,10.03
2025-01-22,Chennai,120,27.11,0.0,11.72
2025-01-23,Chennai,120,28.24,0.0,12.2
2025-01-24,Chennai,120,24.6,0.0,9.83
2025-01-25,Chennai,120,21.58,0.0,10.15
2025-01-26,Chennai,120,23.98,0.0,13.46
2025-01-27,Chennai,120,23.62,0.0,10.68
2025-01-28,Chennai,120,26.35,0.0,16.14
2025-01-29,Chennai,120,26.43,1.53,7.34
2025-01-30,Chennai,120,24.42,0.0,10.62
2025-01-31,Chennai,120,22.47,0.0,11.17
2025-02-01,Chennai,120,25.89,0.0,7.56
2025-02-02,Chennai,120,27.89,0.0,5.47
2025-02-03,Chennai,120,25.71,0.0,6.73
2025-02-04,Chennai,120,25.79,0.0,10.09
2025-02-05,Chennai,120,27.59,0.0,3.59
2025-02-06,Chennai,120,26.81,0.0,9.13
2025-02-07,Chennai,120,27.11,0.0,12.8
2025-02-08,Chennai,120,28.27,0.0,6.67
2025-02-09,Chennai,120,23.87,0.0,10.09
2025-02-10,Chennai,120,26.94,0.0,11.44
2025-02-11,Chennai,120,28.15,0.0,13.33
2025-02-12,Chennai,120,24.87,0.0,7.38
2025-02-13,Chennai,120,26.99,3.19,14.43
2025-02-14,Chennai,120,25.93,0.0,10.32
2025-02-15,Chennai,120,24.87,0.0,9.82
2025-02-16,Chennai,120,23.28,0.0,10.26
2025-02-17,Chennai,120,27.38,0.0,10.74
2025-02-18,Chennai,120,24.75,0.0,11.45
2025-02-19,Chennai,120,27.34,0.0,5.6
2025-02-20,Chennai,120,26.33,0.0,9.66
2025-02-21,Chennai,120,28.68,0.0,12.75
2025-02-22,Chennai,120,26.67,8.75,11.96
2025-02-23,Chennai,120,29.16,0.0,10.11
2025-02-24,Chennai,120,28.53,0.0,10.8
2025-02-25,Chennai,120,28.05,0.0,9.59
2025-02-26,Chennai,120,27.07,0.0,5.93
2025-02-27,Chennai,120,28.19,23.96,12.43
2025-02-28,Chennai,120,27.54,0.0,9.78
2025-03-01,Chennai,120,29.77,0.0,8.79
2025-03-02,Chennai,120,30.47,0.0,15.08
2025-03-03,Chennai,120,29.46,0.0,7.91
2025-03-04,Chennai,120,28.69,0.0,11.07
2025-03-05,Chennai,120,28.69,0.0,7.94
2025-03-06,Chennai,120,29.36,0.0,8.62
2025-03-07,Chennai,120,28.92,0.0,7.99
2025-03-08,Chennai,120,31.11,0.0,8.52
2025-03-09,Chennai,120,26.36,0.0,3.83
2025-03-10,Chennai,120,26.65,0.0,2.61
2025-03-11,Chennai,120,28.08,0.0,6.97
2025-03-12,Chennai,120,26.9,0.0,11.17
2025-03-13,Chennai,120,25.14,0.0,10.27
2025-03-14,Chennai,120,27.1,0.0,9.43
2025-03-15,Chennai,120,27.44,0.0,8.77
2025-03-16,Chennai,120,27.43,0.0,12.7
2025-03-17,Chennai,120,30.34,0.0,10.94
2025-03-18,Chennai,120,31.22,0.0,5.34
2025-03-19,Chennai,120,30.58,0.0,13.11
2025-03-20,Chennai,120,30.97,0.0,11.75
2025-03-21,Chennai,120,29.86,0.0,12.25
2025-03-22,Chennai,120,28.78,0.0,11.57
2025-03-23,Chennai,120,29.34,0.0,12.39
2025-03-24,Chennai,120,28.24,0.0,8.65
2025-03-25,Chennai,120,28.21,0.0,2.84
2025-03-26,Chennai,120,28.1,0.0,5.1
2025-03-27,Chennai,120,28.09,0.0,5.43
2025-03-28,Chennai,120,26.62,0.0,8.23
2025-03-29,Chennai,120,29.65,0.0,5.29
2025-03-30,Chennai,120,25.24,0.0,11.31
2025-03-31,Chennai,120,26.67,0.0,11.2
2025-04-01,Chennai,120,35.4,4.54,12.09
2025-04-02,Chennai,120,32.99,0.0,11.96
2025-04-03,Chennai,120,33.2,0.0,16.49
2025-04-04,Chennai,120,29.22,0.0,9.72
2025-04-05,Chennai,120,32.57,0.0,11.74
2025-04-06,Chennai,120,29.26,0.0,14.15
2025-04-07,Chennai,120,32.44,0.0,11.2
2025-04-08,Chennai,120,32.93,0.0,7.92
2025-04-09,Chennai,120,33.54,0.0,10.71
2025-04-10,Chennai,120,32.7,0.0,11.81
2025-04-11,Chennai,120,31.25,0.0,11.07
2025-04-12,Chennai,120,32.97,0.0,9.17
2025-04-13,Chennai,120,29.3,0.0,3.99
2025-04-14,Chennai,120,33.93,0.0,9.9
2025-04-15,Chennai,120,29.54,0.0,4.53
2025-04-16,Chennai,120,30.33,0.0,9.54
2025-04-17,Chennai,120,30.5,0.0,8.88
2025-04-18,Chennai,120,30.16,0.0,8.64
2025-04-19,Chennai,120,32.42,0.0,13.75
2025-04-20,Chennai,120,29.93,0.0,9.84
2025-04-21,Chennai,120,33.03,0.0,11.03
2025-04-22,Chennai,120,30.8,0.0,8.54
2025-04-23,Chennai,120,33.0,0.0,12.1
2025-04-24,Chennai,120,32.92,0.0,17.72
2025-04-25,Chennai,120,34.74,0.0,7.47
2025-04-26,Chennai,120,32.24,0.0,9.79
2025-04-27,Chennai,120,33.38,0.0,8.86
2025-04-28,Chennai,120,33.95,3.31,13.45
2025-04-29,Chennai,120,34.1,0.0,10.41
2025-04-30,Chennai,120,30.97,0.0,9.3
2025-05-01,Chennai,120,31.3,0.0,17.09
2025-05-02,Chennai,120,32.71,0.0,13.22
2025-05-03,Chennai,120,34.94,0.0,14.13
2025-05-04,Chennai,120,34.11,0.0,12.18
2025-05-05,Chennai,120,35.15,0.0,10.47
2025-05-06,Chennai,120,34.1,0.0,17.96
2025-05-07,Chennai,120,36.35,0.0,13.37
2025-05-08,Chennai,120,33.79,0.0,13.97
2025-05-09,Chennai,120,34.69,0.0,14.62
2025-05-10,Chennai,120,33.82,0.0,11.29
2025-05-11,Chennai,120,34.16,0.0,16.63
2025-05-12,Chennai,120,37.0,0.0,8.9
2025-05-13,Chennai,120,31.0,0.0,18.14
2025-05-14,Chennai,120,34.62,0.0,13.02
2025-05-15,Chennai,120,36.4,0.0,14.55
2025-05-16,Chennai,120,38.13,0.0,15.15
2025-05-17,Chennai,120,38.59,0.0,7.71
2025-05-18,Chennai,120,40.26,0.0,9.73
2025-05-19,Chennai,120,35.65,0.0,10.31
2025-05-20,Chennai,120,35.72,0.0,14.82
2025-05-21,Chennai,120,39.59,0.0,19.59
2025-05-22,Chennai,120,40.47,0.0,13.92
2025-05-23,Chennai,120,38.4,0.0,15.26
2025-05-24,Chennai,120,37.28,0.0,8.49
2025-05-25,Chennai,120,38.97,0.0,12.41
2025-05-26,Chennai,120,38.9,0.0,14.48
2025-05-27,Chennai,120,37.19,0.0,11.25
2025-05-28,Chennai,120,35.4,0.0,18.24
2025-05-29,Chennai,120,36.59,0.0,10.99
2025-05-30,Chennai,120,36.83,0.0,10.28
2025-05-31,Chennai,120,37.77,0.0,10.98
2025-06-01,Chennai,120,34.73,2.06,17.48
2025-06-02,Chennai,120,35.8,21.21,18.86
2025-06-03,Chennai,120,31.63,0.0,14.56
2025-06-04,Chennai,120,34.41,0.0,18.25
2025-06-05,Chennai,120,32.76,0.0,20.72
2025-06-06,Chennai,120,30.92,0.0,14.02
2025-06-07,Chennai,120,33.98,0.0,17.28
2025-06-08,Chennai,120,35.74,0.0,15.44
2025-06-09,Chennai,120,33.84,0.0,13.08
2025-06-10,Chennai,120,34.89,0.0,12.42
2025-06-11,Chennai,120,34.3,0.0,13.31
2025-06-12,Chennai,120,32.29,10.11,17.08
2025-06-13,Chennai,120,32.87,2.94,18.64
2025-06-14,Chennai,120,32.67,0.0,12.99
2025-06-15,Chennai,120,33.08,0.0,12.13
2025-06-16,Chennai,120,34.09,0.0,15.11
2025-06-17,Chennai,120,36.3,0.0,18.36
2025-06-18,Chennai,120,35.25,0.0,17.76
2025-06-19,Chennai,120,34.3,0.51,14.48
2025-06-20,Chennai,120,35.76,12.95,14.48
2025-06-21,Chennai,120,33.0,0.0,16.82
2025-06-22,Chennai,120,35.3,8.05,19.13
2025-06-23,Chennai,120,33.52,0.0,13.42
2025-06-24,Chennai,120,34.46,0.0,8.53
2025-06-25,Chennai,120,35.33,0.0,14.57
2025-06-26,Chennai,120,33.39,0.0,18.26
2025-06-27,Chennai,120,34.3,0.0,16.72
2025-06-28,Chennai,120,33.43,0.0,17.11
2025-06-29,Chennai,120,35.46,0.0,14.53
2025-06-30,Chennai,120,35.26,0.0,14.37
2025-07-01,Chennai,120,30.71,0.0,20.35
2025-07-02,Chennai,120,32.89,0.0,15.8
2025-07-03,Chennai,120,32.66,12.46,20.48
2025-07-04,Chennai,120,33.47,1.44,17.25
2025-07-05,Chennai,120,33.45,0.34,13.87
2025-07-06,Chennai,120,35.27,11.1,19.96
2025-07-07,Chennai,120,31.07,8.76,25.32
2025-07-08,Chennai,120,34.45,0.0,19.78
2025-07-09,Chennai,120,33.52,0.0,14.06
2025-07-10,Chennai,120,33.42,0.0,17.97
2025-07-11,Chennai,120,34.38,0.0,15.44
2025-07-12,Chennai,120,31.53,0.0,18.75
2025-07-13,Chennai,120,34.16,4.1,15.55
2025-07-14,Chennai,120,33.42,0.0,11.14
2025-07-15,Chennai,120,33.3,0.0,12.98
2025-07-16,Chennai,120,31.18,20.51,16.94
2025-07-17,Chennai,120,30.49,9.72,10.83
2025-07-18,Chennai,120,29.16,16.76,14.23
2025-07-19,Chennai,120,31.25,0.0,13.92
2025-07-20,Chennai,120,30.42,1.08,19.32
2025-07-21,Chennai,120,28.32,8.35,15.67
2025-07-22,Chennai,120,27.75,4.21,19.74
2025-07-23,Chennai,120,29.28,1.75,12.98
2025-07-24,Chennai,120,32.4,14.55,16.65
2025-07-25,Chennai,120,31.42,1.15,13.34
2025-07-26,Chennai,120,34.6,8.69,17.6
2025-07-27,Chennai,120,28.41,5.14,14.08
2025-07-28,Chennai,120,30.27,23.95,14.55
2025-07-29,Chennai,120,31.18,0.0,15.53
2025-07-30,Chennai,120,31.25,0.0,16.42
2025-07-31,Chennai,120,29.19,0.0,11.47
2025-08-01,Chennai,120,29.23,8.0,10.57
2025-08-02,Chennai,120,28.41,47.41,18.69
2025-08-03,Chennai,120,30.98,12.44,9.41
2025-08-04,Chennai,120,30.73,0.0,8.29
2025-08-05,Chennai,120,28.01,3.17,7.76
2025-08-06,Chennai,120,31.15,0.0,16.35
2025-08-07,Chennai,120,29.1,5.73,14.57
2025-08-08,Chennai,120,31.5,32.51,26.45
2025-08-09,Chennai,120,27.08,0.0,12.47
2025-08-10,Chennai,120,25.26,6.18,11.28
2025-08-11,Chennai,120,27.57,25.99,22.55
2025-08-12,Chennai,120,29.05,0.0,18.38
2025-08-13,Chennai,120,29.48,0.0,12.1
2025-08-14,Chennai,120,29.59,0.0,14.66
2025-08-15,Chennai,120,31.73,0.0,14.8
2025-08-16,Chennai,120,28.08,0.0,14.21
2025-08-17,Chennai,120,30.22,0.0,16.18
2025-08-18,Chennai,120,29.88,35.27,19.15
2025-08-19,Chennai,120,30.66,23.89,13.12
2025-08-20,Chennai,120,27.86,0.0,10.75
2025-08-21,Chennai,120,30.91,10.07,12.96
2025-08-22,Chennai,120,26.66,0.0,14.23
2025-08-23,Chennai,120,30.23,0.0,12.01
2025-08-24,Chennai,120,31.37,0.0,12.28
2025-08-25,Chennai,120,28.8,0.0,17.91
2025-08-26,Chennai,120,26.17,0.0,16.94
2025-08-27,Chennai,120,29.37,0.0,14.62
2025-08-28,Chennai,120,30.87,0.0,12.21
2025-08-29,Chennai,120,32.56,0.0,16.54
2025-08-30,Chennai,120,33.02,11.33,18.71
2025-08-31,Chennai,120,32.12,0.0,13.1
2025-09-01,Chennai,120,30.03,0.0,14.27
2025-09-02,Chennai,120,31.01,3.6,7.41
2025-09-03,Chennai,120,26.95,0.0,11.6
2025-09-04,Chennai,120,29.3,0.0,9.05
2025-09-05,Chennai,120,26.62,0.0,12.55
2025-09-06,Chennai,120,28.75,0.27,11.45
2025-09-07,Chennai,120,26.84,8.57,13.7
2025-09-08,Chennai,120,28.4,7.69,13.81
2025-09-09,Chennai,120,29.88,3.27,13.5
2025-09-10,Chennai,120,30.41,11.02,18.96
2025-09-11,Chennai,120,30.46,0.0,18.77
2025-09-12,Chennai,120,31.48,0.0,17.41
2025-09-13,Chennai,120,31.04,8.93,14.9
2025-09-14,Chennai,120,29.93,0.0,16.93
2025-09-15,Chennai,120,29.83,0.0,11.92
2025-09-16,Chennai,120,27.81,11.88,14.31
2025-09-17,Chennai,120,28.01,13.88,8.96
2025-09-18,Chennai,120,30.51,0.74,10.31
2025-09-19,Chennai,120,32.65,3.69,14.54
2025-09-20,Chennai,120,31.01,22.16,17.31
2025-09-21,Chennai,120,29.94,3.39,11.58
2025-09-22,Chennai,120,30.91,8.84,18.04
2025-09-23,Chennai,120,33.03,0.0,8.66
2025-09-24,Chennai,120,28.27,0.0,14.67
2025-09-25,Chennai,120,28.24,0.0,12.77
2025-09-26,Chennai,120,26.67,0.0,10.43
2025-09-27,Chennai,120,28.38,0.0,15.75
2025-09-28,Chennai,120,28.01,10.48,10.99
2025-09-29,Chennai,120,27.91,0.0,7.74
2025-09-30,Chennai,120,27.14,0.0,15.52
2023-01-01,Chennai,168,24.31,0.0,3.18
2023-01-02,Chennai,168,24.19,0.0,10.81
2023-01-03,Chennai,168,24.48,0.0,5.79
2023-01-04,Chennai,168,24.02,0.0,6.37
2023-01-05,Chennai,168,26.75,0.0,4.84
2023-01-06,Chennai,168,23.12,0.0,10.35
2023-01-07,Chennai,168,23.51,0.0,8.86
2023-01-08,Chennai,168,22.95,0.0,10.64
2023-01-09,Chennai,168,27.91,0.0,7.74
2023-01-10,Chennai,168,24.49,0.0,4.84
2023-01-11,Chennai,168,24.11,0.0,13.14
2023-01-12,Chennai,168,26.07,0.0,14.12
2023-01-13,Chennai,168,27.47,0.0,11.1
2023-01-14,Chennai,168,21.66,0.0,6.16
2023-01-15,Chennai,168,25.97,0.0,7.56
2023-01-16,Chennai,168,28.03,0.0,8.24
2023-01-17,Chennai,168,22.68,0.0,8.21
2023-01-18,Chennai,168,24.96,0.0,7.33
2023-01-19,Chennai,168,24.08,0.0,15.6
2023-01-20,Chennai,168,25.21,0.0,6.96
2023-01-21,Chennai,168,25.24,0.0,5.79
2023-01-22,Chennai,168,27.67,0.0,7.17
2023-01-23,Chennai,168,28.14,0.0,7.34
2023-01-24,Chennai,168,28.49,7.0,13.97
2023-01-25,Chennai,168,27.73,0.0,10.15
2023-01-26,Chennai,168,28.83,0.0,9.6
2023-01-27,Chennai,168,24.58,0.0,14.32
2023-01-28,Chennai,168,25.04,0.0,12.35
2023-01-29,Chennai,168,24.1,0.0,13.73
2023-01-30,Chennai,168,23.16,0.0,11.12
2023-01-31,Chennai,168,20.52,0.0,15.24
2023-02-01,Chennai,168,27.56,0.0,6.09
2023-02-02,Chennai,168,28.14,0.0,15.22
2023-02-03,Chennai,168,29.21,0.0,11.75
2023-02-04,Chennai,168,26.38,0.0,4.74
2023-02-05,Chennai,168,26.68,0.0,15.91
2023-02-06,Chennai,168,26.24,0.0,12.1
2023-02-07,Chennai,168,29.49,0.0,10.96
2023-02-08,Chennai,168,26.11,0.0,9.99
2023-02-09,Chennai,168,27.39,0.0,5.5
2023-02-10,Chennai,168,26.29,0.0,7.31
2023-02-11,Chennai,168,28.07,0.0,8.37
2023-02-12,Chennai,168,26.39,0.0,18.71
2023-02-13,Chennai,168,25.81,0.0,9.76
2023-02-14,Chennai,168,26.21,6.52,15.22
2023-02-15,Chennai,168,26.55,0.0,9.44
2023-02-16,Chennai,168,25.79,0.0,9.98
2023-02-17,Chennai,168,28.33,0.0,7.74
2023-02-18,Chennai,168,31.38,0.0,9.11
2023-02-19,Chennai,168,25.04,0.0,8.54
2023-02-20,Chennai,168,25.63,0.0,8.6
2023-02-21,Chennai,168,24.21,0.0,8.16
2023-02-22,Chennai,168,29.26,0.0,9.77
2023-02-23,Chennai,168,27.72,0.0,12.67
2023-02-24,Chennai,168,26.74,0.0,3.98
2023-02-25,Chennai,168,27.21,0.0,12.75
2023-02-26,Chennai,168,27.1,0.0,11.73
2023-02-27,Chennai,168,28.09,0.0,8.25
2023-02-28,Chennai,168,25.44,0.0,1.58
2023-03-01,Chennai,168,25.04,0.0,7.46
2023-03-02,Chennai,168,25.06,0.0,11.88
2023-03-03,Chennai,168,28.29,0.0,10.69
2023-03-04,Chennai,168,26.6,0.0,10.17
2023-03-05,Chennai,168,29.43,0.0,10.08
2023-03-06,Chennai,168,25.72,0.0,2.7
2023-03-07,Chennai,168,27.65,0.0,8.86
2023-03-08,Chennai,168,23.52,0.0,10.0
2023-03-09,Chennai,168,27.55,0.0,8.29
2023-03-10,Chennai,168,26.08,0.0,8.28
2023-03-11,Chennai,168,27.12,0.0,8.48
2023-03-12,Chennai,168,27.58,0.0,9.39
2023-03-13,Chennai,168,26.74,0.0,7.63
2023-03-14,Chennai,168,28.42,0.0,5.68
2023-03-15,Chennai,168,28.73,0.0,7.12
2023-03-16,Chennai,168,30.7,0.0,12.22
2023-03-17,Chennai,168,26.59,0.0,8.92
2023-03-18,Chennai,168,32.58,0.0,11.27
2023-03-19,Chennai,168,29.57,0.0,9.59
2023-03-20,Chennai,168,25.81,0.0,20.76
2023-03-21,Chennai,168,26.73,0.0,12.97
2023-03-22,Chennai,168,28.91,0.0,14.41
2023-03-23,Chennai,168,28.44,0.0,9.68
2023-03-24,Chennai,168,28.09,0.0,12.38
2023-03-25,Chennai,168,28.69,0.0,14.84
2023-03-26,Chennai,168,30.08,0.0,9.35
2023-03-27,Chennai,168,25.75,0.0,18.3
2023-03-28,Chennai,168,28.16,0.0,13.13
2023-03-29,Chennai,168,29.83,0.0,13.67
2023-03-30,Chennai,168,26.76,0.0,14.72
2023-03-31,Chennai,168,28.11,0.0,13.24
2023-04-01,Chennai,168,34.43,0.0,19.32
2023-04-02,Chennai,168,35.68,0.0,6.28
2023-04-03,Chennai,168,32.0,0.0,9.38
2023-04-04,Chennai,168,32.4,0.0,4.07
2023-04-05,Chennai,168,32.61,0.0,10.21
2023-04-06,Chennai,168,30.59,0.25,10.65
2023-04-07,Chennai,168,33.94,0.0,10.29
2023-04-08,Chennai,168,32.47,0.0,9.94
2023-04-09,Chennai,168,29.65,0.0,9.4
2023-04-10,Chennai,168,30.89,1.31,9.76
2023-04-11,Chennai,168,32.09,0.0,6.1
2023-04-12,Chennai,168,37.36,0.0,10.43
2023-04-13,Chennai,168,33.75,0.0,13.43
2023-04-14,Chennai,168,34.33,0.0,15.99
2023-04-15,Chennai,168,33.04,4.47,13.12
2023-04-16,Chennai,168,33.33,15.72,21.81
2023-04-17,Chennai,168,31.07,0.0,13.73
2023-04-18,Chennai,168,32.02,0.0,14.59
2023-04-19,Chennai,168,34.7,0.0,12.65
2023-04-20,Chennai,168,28.22,0.0,12.83
2023-04-21,Chennai,168,34.62,0.0,8.73
2023-04-22,Chennai,168,37.0,0.0,7.31
2023-04-23,Chennai,168,36.42,0.0,12.88
2023-04-24,Chennai,168,36.44,0.0,8.61
2023-04-25,Chennai,168,35.41,0.0,6.63
2023-04-26,Chennai,168,32.57,0.0,8.35
2023-04-27,Chennai,168,35.6,0.0,17.83
2023-04-28,Chennai,168,34.01,0.0,11.94
2023-04-29,Chennai,168,35.55,0.0,18.79
2023-04-30,Chennai,168,34.27,1.63,13.77
2023-05-01,Chennai,168,35.13,0.0,11.91
2023-05-02,Chennai,168,37.83,0.0,13.04
2023-05-03,Chennai,168,33.5,0.0,10.71
2023-05-04,Chennai,168,35.78,0.0,13.99
2023-05-05,Chennai,168,31.28,0.0,12.75
2023-05-06,Chennai,168,30.84,0.0,12.39
2023-05-07,Chennai,168,33.73,0.0,7.2
2023-05-08,Chennai,168,34.81,0.0,11.79
2023-05-09,Chennai,168,36.13,0.0,12.13
2023-05-10,Chennai,168,36.35,0.0,17.33
2023-05-11,Chennai,168,36.87,0.0,11.64
2023-05-12,Chennai,168,36.87,0.0,16.43
2023-05-13,Chennai,168,38.37,0.0,10.73
2023-05-14,Chennai,168,35.77,0.0,10.17
2023-05-15,Chennai,168,35.2,21.49,19.7
2023-05-16,Chennai,168,36.12,5.71,18.4
2023-05-17,Chennai,168,34.24,2.75,9.32
2023-05-18,Chennai,168,32.43,0.0,3.39
2023-05-19,Chennai,168,34.42,0.0,10.85
2023-05-20,Chennai,168,36.82,0.0,9.84
2023-05-21,Chennai,168,36.82,0.0,9.09
2023-05-22,Chennai,168,36.07,0.0,17.43
2023-05-23,Chennai,168,36.76,0.0,13.18
2023-05-24,Chennai,168,33.54,0.0,13.06
2023-05-25,Chennai,168,34.7,0.0,14.75
2023-05-26,Chennai,168,37.55,0.0,14.16
2023-05-27,Chennai,168,36.32,0.0,12.96
2023-05-28,Chennai,168,36.72,0.0,12.6
2023-05-29,Chennai,168,38.92,0.0,16.68
2023-05-30,Chennai,168,36.37,0.0,14.28
2023-05-31,Chennai,168,36.29,0.0,15.78
2023-06-01,Chennai,168,35.95,0.0,21.84
2023-06-02,Chennai,168,38.05,0.49,18.8
2023-06-03,Chennai,168,32.54,0.0,22.51
2023-06-04,Chennai,168,35.41,0.0,18.03
2023-06-05,Chennai,168,34.61,0.0,19.31
2023-06-06,Chennai,168,35.05,0.0,13.12
2023-06-07,Chennai,168,34.81,15.09,16.99
2023-06-08,Chennai,168,34.64,0.0,15.12
2023-06-09,Chennai,168,34.27,0.0,18.69
2023-06-10,Chennai,168,30.44,0.0,14.9
2023-06-11,Chennai,168,35.16,0.0,18.4
2023-06-12,Chennai,168,32.34,0.0,14.34
2023-06-13,Chennai,168,38.45,0.0,15.0
2023-06-14,Chennai,168,34.29,0.0,15.16
2023-06-15,Chennai,168,36.4,0.0,18.87
2023-06-16,Chennai,168,34.55,0.0,20.22
2023-06-17,Chennai,168,34.21,0.0,20.78
2023-06-18,Chennai,168,36.17,0.0,20.86
2023-06-19,Chennai,168,34.72,0.0,20.67
2023-06-20,Chennai,168,37.05,11.83,15.87
2023-06-21,Chennai,168,33.84,50.74,23.83
2023-06-22,Chennai,168,33.23,0.0,18.92
2023-06-23,Chennai,168,37.62,0.0,20.75
2023-06-24,Chennai,168,33.68,0.0,15.54
2023-06-25,Chennai,168,34.23,0.0,12.02
2023-06-26,Chennai,168,35.82,0.0,16.23
2023-06-27,Chennai,168,35.17,0.0,16.0
2023-06-28,Chennai,168,36.92,0.0,14.73
2023-06-29,Chennai,168,33.3,0.0,17.59
2023-06-30,Chennai,168,34.22,0.0,15.8
2023-07-01,Chennai,168,31.5,1.55,13.09
2023-07-02,Chennai,168,27.79,0.0,14.8
2023-07-03,Chennai,168,32.27,0.0,14.64
2023-07-04,Chennai,168,31.35,0.0,7.92
2023-07-05,Chennai,168,31.19,0.0,14.3
2023-07-06,Chennai,168,34.38,0.0,13.56
2023-07-07,Chennai,168,30.69,0.0,20.33
2023-07-08,Chennai,168,30.37,0.0,24.21
2023-07-09,Chennai,168,30.43,0.0,21.91
2023-07-10,Chennai,168,30.37,0.0,13.6
2023-07-11,Chennai,168,33.01,0.0,8.1
2023-07-12,Chennai,168,31.82,0.0,15.64
2023-07-13,Chennai,168,35.74,0.0,19.34
2023-07-14,Chennai,168,32.77,0.0,12.01
2023-07-15,Chennai,168,29.08,0.0,8.77
2023-07-16,Chennai,168,27.69,0.0,13.44
2023-07-17,Chennai,168,30.84,0.0,19.93
2023-07-18,Chennai,168,31.67,0.0,13.02
2023-07-19,Chennai,168,30.04,0.34,10.82
2023-07-20,Chennai,168,31.24,2.14,14.17
2023-07-21,Chennai,168,29.5,0.0,19.96
2023-07-22,Chennai,168,30.44,0.0,12.86
2023-07-23,Chennai,168,29.3,1.67,20.1
2023-07-24,Chennai,168,30.3,4.87,15.78
2023-07-25,Chennai,168,31.83,3.27,18.59
2023-07-26,Chennai,168,29.27,2.07,17.87
2023-07-27,Chennai,168,31.96,0.0,12.81
2023-07-28,Chennai,168,30.8,0.0,19.12
2023-07-29,Chennai,168,29.67,8.95,13.57
2023-07-30,Chennai,168,31.16,0.0,14.62
2023-07-31,Chennai,168,31.88,0.0,18.95
2023-08-01,Chennai,168,30.75,0.0,18.11
2023-08-02,Chennai,168,29.55,0.0,13.56
2023-08-03,Chennai,168,30.94,36.74,18.24
2023-08-04,Chennai,168,28.21,0.0,13.03
2023-08-05,Chennai,168,30.81,0.0,12.66
2023-08-06,Chennai,168,29.18,0.0,13.36
2023-08-07,Chennai,168,28.32,0.0,14.89
2023-08-08,Chennai,168,30.46,0.0,13.83
2023-08-09,Chennai,168,28.78,0.0,13.72
2023-08-10,Chennai,168,28.88,0.0,9.11
2023-08-11,Chennai,168,29.64,0.0,9.76
2023-08-12,Chennai,168,29.18,0.0,12.49
2023-08-13,Chennai,168,29.0,0.0,24.57
2023-08-14,Chennai,168,31.18,0.0,13.86
2023-08-15,Chennai,168,29.33,0.0,16.84
2023-08-16,Chennai,168,31.42,0.0,13.3
2023-08-17,Chennai,168,30.72,0.0,12.08
2023-08-18,Chennai,168,32.34,0.0,16.71
2023-08-19,Chennai,168,26.33,0.0,17.17
2023-08-20,Chennai,168,28.95,0.0,12.66
2023-08-21,Chennai,168,27.69,0.0,9.13
2023-08-22,Chennai,168,30.13,0.0,16.45
2023-08-23,Chennai,168,30.41,0.0,13.83
2023-08-24,Chennai,168,30.75,0.0,16.12
2023-08-25,Chennai,168,30.92,0.0,13.18
2023-08-26,Chennai,168,28.89,0.0,14.19
2023-08-27,Chennai,168,31.38,0.0,10.59
2023-08-28,Chennai,168,32.3,0.0,8.84
2023-08-29,Chennai,168,31.82,0.0,11.15
2023-08-30,Chennai,168,33.21,0.0,15.53
2023-08-31,Chennai,168,26.38,9.35,11.72
2023-09-01,Chennai,168,31.89,0.0,6.17
2023-09-02,Chennai,168,29.45,0.0,9.25
2023-09-03,Chennai,168,27.14,0.6,13.66
2023-09-04,Chennai,168,29.15,11.0,13.14
2023-09-05,Chennai,168,27.99,16.11,15.46
2023-09-06,Chennai,168,29.06,8.47,13.05
2023-09-07,Chennai,168,29.03,0.0,11.65
2023-09-08,Chennai,168,27.46,10.99,15.93
2023-09-09,Chennai,168,27.6,8.8,22.52
2023-09-10,Chennai,168,27.99,2.42,17.24
2023-09-11,Chennai,168,27.03,0.0,13.59
2023-09-12,Chennai,168,26.19,0.0,13.06
2023-09-13,Chennai,168,30.33,0.0,8.5
2023-09-14,Chennai,168,28.26,3.04,8.58
2023-09-15,Chennai,168,27.52,7.18,12.43
2023-09-16,Chennai,168,29.69,11.6,18.7
2023-09-17,Chennai,168,28.85,0.0,12.4
2023-09-18,Chennai,168,26.52,0.0,16.86
2023-09-19,Chennai,168,28.75,21.11,14.58
2023-09-20,Chennai,168,29.61,4.37,14.63
2023-09-21,Chennai,168,32.94,0.0,14.75
2023-09-22,Chennai,168,30.54,0.0,18.74
2023-09-23,Chennai,168,29.38,0.0,9.8
2023-09-24,Chennai,168,32.26,0.0,11.8
2023-09-25,Chennai,168,28.84,0.0,16.41
2023-09-26,Chennai,168,28.19,0.0,11.36
2023-09-27,Chennai,168,27.84,4.73,13.41
2023-09-28,Chennai,168,29.67,7.47,13.57
2023-09-29,Chennai,168,27.52,1.41,7.07
2023-09-30,Chennai,168,27.21,10.87,16.94
2023-10-01,Chennai,168,30.12,1.63,9.64
2023-10-02,Chennai,168,30.34,12.43,11.99
2023-10-03,Chennai,168,25.12,0.0,12.81
2023-10-04,Chennai,168,27.33,4.18,14.3
2023-10-05,Chennai,168,29.27,15.44,19.74
2023-10-06,Chennai,168,28.23,6.28,18.5
2023-10-07,Chennai,168,27.35,6.14,16.48
2023-10-08,Chennai,168,27.72,6.05,10.86
2023-10-09,Chennai,168,23.53,24.29,15.7
2023-10-10,Chennai,168,25.79,7.12,9.15
2023-10-11,Chennai,168,24.82,38.1,12.89
2023-10-12,Chennai,168,28.65,13.14,12.99
2023-10-13,Chennai,168,29.1,0.39,14.14
2023-10-14,Chennai,168,22.57,0.0,19.26
2023-10-15,Chennai,168,24.27,0.0,11.41
2023-10-16,Chennai,168,26.51,0.0,8.13
2023-10-17,Chennai,168,23.33,4.22,17.52
2023-10-18,Chennai,168,25.37,4.55,18.32
2023-10-19,Chennai,168,28.71,2.77,18.47
2023-10-20,Chennai,168,25.56,8.56,15.25
2023-10-21,Chennai,168,27.23,0.2,16.3
2023-10-22,Chennai,168,23.58,1.05,10.99
2023-10-23,Chennai,168,24.37,9.23,19.77
2023-10-24,Chennai,168,28.01,0.0,17.32
2023-10-25,Chennai,168,27.8,0.0,20.27
2023-10-26,Chennai,168,29.81,4.06,13.06
2023-10-27,Chennai,168,30.95,33.21,18.82
2023-10-28,Chennai,168,27.05,26.44,13.84
2023-10-29,Chennai,168,26.56,1.98,14.29
2023-10-30,Chennai,168,27.4,6.63,15.83
2023-10-31,Chennai,168,24.82,2.91,13.81
2023-11-01,Chennai,168,26.29,2.5,13.41
2023-11-02,Chennai,168,24.01,5.08,10.47
2023-11-03,Chennai,168,22.99,11.76,13.13
2023-11-04,Chennai,168,24.08,66.18,21.03
2023-11-05,Chennai,168,24.21,2.69,13.63
2023-11-06,Chennai,168,22.16,31.44,19.12
2023-11-07,Chennai,168,23.38,11.79,18.34
2023-11-08,Chennai,168,23.48,5.6,14.31
2023-11-09,Chennai,168,24.45,5.44,16.82
2023-11-10,Chennai,168,22.64,15.3,17.09
2023-11-11,Chennai,168,26.74,25.53,17.62
2023-11-12,Chennai,168,24.23,35.66,19.15
2023-11-13,Chennai,168,25.97,32.71,21.77
2023-11-14,Chennai,168,25.97,19.94,21.58
2023-11-15,Chennai,168,24.94,6.41,10.1
2023-11-16,Chennai,168,28.39,16.41,9.54
2023-11-17,Chennai,168,25.39,13.33,17.52
2023-11-18,Chennai,168,22.7,1.59,15.7
2023-11-19,Chennai,168,25.04,10.97,14.37
2023-11-20,Chennai,168,27.87,10.19,16.87
2023-11-21,Chennai,168,25.56,0.0,8.4
2023-11-22,Chennai,168,26.37,0.35,12.32
2023-11-23,Chennai,168,25.6,22.52,18.51
2023-11-24,Chennai,168,24.42,7.67,13.68
2023-11-25,Chennai,168,25.13,5.72,9.87
2023-11-26,Chennai,168,28.45,4.09,14.44
2023-11-27,Chennai,168,25.13,4.04,15.62
2023-11-28,Chennai,168,23.95,11.23,17.62
2023-11-29,Chennai,168,24.51,22.75,20.49
2023-11-30,Chennai,168,25.75,44.17,19.09
2023-12-01,Chennai,168,22.84,8.7,14.23
2023-12-02,Chennai,168,25.64,5.47,11.29
2023-12-03,Chennai,168,24.79,0.0,13.08
2023-12-04,Chennai,168,26.62,6.34,16.3
2023-12-05,Chennai,168,32.29,0.0,4.89
2023-12-06,Chennai,168,28.24,0.0,8.09
2023-12-07,Chennai,168,26.98,0.0,8.94
2023-12-08,Chennai,168,29.49,0.0,7.9
2023-12-09,Chennai,168,24.06,0.0,13.23
2023-12-10,Chennai,168,27.82,0.0,16.26
2023-12-11,Chennai,168,26.35,18.39,15.5
2023-12-12,Chennai,168,25.09,0.0,3.46
2023-12-13,Chennai,168,28.24,0.0,7.95
2023-12-14,Chennai,168,26.89,1.2,14.54
2023-12-15,Chennai,168,24.84,5.75,15.27
2023-12-16,Chennai,168,25.51,3.94,12.65
2023-12-17,Chennai,168,25.45,0.0,7.91
2023-12-18,Chennai,168,28.72,0.0,12.92
2023-12-19,Chennai,168,26.66,0.0,5.48
2023-12-20,Chennai,168,25.99,0.0,5.57
2023-12-21,Chennai,168,24.39,0.0,13.3
2023-12-22,Chennai,168,23.92,0.0,9.72
2023-12-23,Chennai,168,22.28,0.23,10.9
2023-12-24,Chennai,168,25.63,17.89,16.71
2023-12-25,Chennai,168,27.76,0.0,10.21
2023-12-26,Chennai,168,24.97,0.0,8.42
2023-12-27,Chennai,168,26.08,0.0,10.5
2023-12-28,Chennai,168,24.93,0.0,12.06
2023-12-29,Chennai,168,22.83,0.0,11.19
2023-12-30,Chennai,168,23.32,0.0,11.57
2023-12-31,Chennai,168,25.48,0.0,13.86
2024-01-01,Chennai,168,26.28,8.27,6.43
2024-01-02,Chennai,168,28.3,0.0,6.53
2024-01-03,Chennai,168,29.13,0.0,11.01
2024-01-04,Chennai,168,28.0,0.0,6.14
2024-01-05,Chennai,168,23.22,0.0,4.89
2024-01-06,Chennai,168,21.84,10.12,9.91
2024-01-07,Chennai,168,21.89,0.0,6.15
2024-01-08,Chennai,168,24.01,0.0,13.19
2024-01-09,Chennai,168,26.53,0.0,8.19
2024-01-10,Chennai,168,23.01,0.0,9.38
2024-01-11,Chennai,168,28.71,0.0,8.49
2024-01-12,Chennai,168,24.29,0.0,11.58
2024-01-13,Chennai,168,28.18,0.0,9.86
2024-01-14,Chennai,168,24.43,0.0,8.05
2024-01-15,Chennai,168,24.06,0.0,12.52
2024-01-16,Chennai,168,23.24,0.0,14.05
2024-01-17,Chennai,168,24.45,0.0,8.0
2024-01-18,Chennai,168,23.54,0.0,14.53
2024-01-19,Chennai,168,30.63,0.0,8.33
2024-01-20,Chennai,168,30.75,0.0,8.0
2024-01-21,Chennai,168,25.64,0.0,7.66
2024-01-22,Chennai,168,25.3,0.0,11.31
2024-01-23,Chennai,168,22.45,0.0,15.2
2024-01-24,Chennai,168,24.4,0.0,7.94
2024-01-25,Chennai,168,24.09,0.0,8.78
2024-01-26,Chennai,168,27.75,0.0,10.69
2024-01-27,Chennai,168,24.09,0.0,11.91
2024-01-28,Chennai,168,26.25,0.05,13.13
2024-01-29,Chennai,168,25.3,4.26,8.44
2024-01-30,Chennai,168,26.8,0.0,9.29
2024-01-31,Chennai,168,25.06,0.0,7.05
2024-02-01,Chennai,168,26.98,0.0,10.27
2024-02-02,Chennai,168,26.09,0.0,4.59
2024-02-03,Chennai,168,29.04,0.0,5.6
2024-02-04,Chennai,168,26.96,0.0,9.81
2024-02-05,Chennai,168,28.46,0.0,10.57
2024-02-06,Chennai,168,24.42,0.0,12.47
2024-02-07,Chennai,168,27.06,0.0,10.27
2024-02-08,Chennai,168,28.84,0.0,12.81
2024-02-09,Chennai,168,26.56,0.0,6.67
2024-02-10,Chennai,168,27.28,0.0,9.43
2024-02-11,Chennai,168,30.15,0.0,5.02
2024-02-12,Chennai,168,29.47,0.0,4.96
2024-02-13,Chennai,168,30.41,0.0,5.39
2024-02-14,Chennai,168,27.4,0.0,7.4
2024-02-15,Chennai,168,25.28,0.0,8.07
2024-02-16,Chennai,168,25.25,0.0,9.4
2024-02-17,Chennai,168,24.56,0.0,10.13
2024-02-18,Chennai,168,24.51,0.0,10.63
2024-02-19,Chennai,168,27.96,0.0,6.0
2024-02-20,Chennai,168,23.34,0.0,12.66
2024-02-21,Chennai,168,28.47,0.0,11.93
2024-02-22,Chennai,168,28.42,0.0,8.72
2024-02-23,Chennai,168,30.26,0.0,7.23
2024-02-24,Chennai,168,29.24,0.0,11.18
2024-02-25,Chennai,168,29.74,0.0,9.97
2024-02-26,Chennai,168,28.62,0.0,12.98
2024-02-27,Chennai,168,29.54,0.0,10.38
2024-02-28,Chennai,168,29.4,0.0,7.19
2024-02-29,Chennai,168,27.48,0.0,9.34
2024-03-01,Chennai,168,29.01,0.0,15.07
2024-03-02,Chennai,168,29.2,0.0,12.08
2024-03-03,Chennai,168,26.41,0.0,11.7
2024-03-04,Chennai,168,24.83,0.0,8.48
2024-03-05,Chennai,168,24.11,0.0,15.71
2024-03-06,Chennai,168,25.55,0.0,7.1
2024-03-07,Chennai,168,22.11,0.0,13.89
2024-03-08,Chennai,168,23.53,0.0,17.03
2024-03-09,Chennai,168,25.71,0.0,13.43
2024-03-10,Chennai,168,28.1,0.0,6.56
2024-03-11,Chennai,168,27.19,0.0,6.88
2024-03-12,Chennai,168,27.45,0.0,4.48
2024-03-13,Chennai,168,29.18,0.0,8.99
2024-03-14,Chennai,168,27.63,0.0,9.27
2024-03-15,Chennai,168,24.12,0.0,3.02
2024-03-16,Chennai,168,26.33,3.39,10.93
2024-03-17,Chennai,168,27.87,1.04,11.16
2024-03-18,Chennai,168,27.75,0.0,6.77
2024-03-19,Chennai,168,29.58,0.0,13.16
2024-03-20,Chennai,168,28.39,0.0,8.56
2024-03-21,Chennai,168,31.33,0.0,8.44
2024-03-22,Chennai,168,30.18,0.0,15.17
2024-03-23,Chennai,168,30.11,0.0,14.47
2024-03-24,Chennai,168,30.58,0.0,14.33
2024-03-25,Chennai,168,30.74,0.0,11.46
2024-03-26,Chennai,168,35.64,0.0,11.31
2024-03-27,Chennai,168,35.55,0.0,11.77
2024-03-28,Chennai,168,32.51,0.0,15.63
2024-03-29,Chennai,168,32.37,0.0,6.61
2024-03-30,Chennai,168,32.9,0.0,7.64
2024-03-31,Chennai,168,29.22,0.0,5.79
2024-04-01,Chennai,168,30.89,0.0,11.4
2024-04-02,Chennai,168,31.71,0.0,9.28
2024-04-03,Chennai,168,31.99,0.0,9.35
2024-04-04,Chennai,168,38.6,0.0,9.46
2024-04-05,Chennai,168,32.24,0.0,12.13
2024-04-06,Chennai,168,35.52,0.0,11.47
2024-04-07,Chennai,168,31.07,9.0,16.11
2024-04-08,Chennai,168,32.04,0.0,5.86
2024-04-09,Chennai,168,31.22,0.0,13.35
2024-04-10,Chennai,168,28.86,0.0,10.66
2024-04-11,Chennai,168,34.16,0.0,11.62
2024-04-12,Chennai,168,33.63,0.0,9.45
2024-04-13,Chennai,168,33.12,0.0,7.16
2024-04-14,Chennai,168,37.15,0.0,7.29
2024-04-15,Chennai,168,33.95,0.0,8.42
2024-04-16,Chennai,168,31.49,0.0,6.4
2024-04-17,Chennai,168,32.61,2.75,10.24
2024-04-18,Chennai,168,33.17,1.34,13.51
2024-04-19,Chennai,168,34.53,0.0,15.35
2024-04-20,Chennai,168,34.5,0.0,9.45
2024-04-21,Chennai,168,33.28,0.0,11.11
2024-04-22,Chennai,168,31.55,0.0,9.7
2024-04-23,Chennai,168,34.42,0.0,15.34
2024-04-24,Chennai,168,34.02,0.0,6.38
2024-04-25,Chennai,168,34.16,0.0,11.96
2024-04-26,Chennai,168,36.96,0.0,3.27
2024-04-27,Chennai,168,34.06,0.0,4.77
2024-04-28,Chennai,168,32.54,0.0,11.83
2024-04-29,Chennai,168,31.82,0.4,11.05
2024-04-30,Chennai,168,32.68,0.0,12.65
2024-05-01,Chennai,168,34.54,0.0,11.19
2024-05-02,Chennai,168,30.94,0.0,14.6
2024-05-03,Chennai,168,31.39,0.0,14.67
2024-05-04,Chennai,168,31.04,0.0,15.73
2024-05-05,Chennai,168,35.92,0.0,14.26
2024-05-06,Chennai,168,35.9,0.0,15.31
2024-05-07,Chennai,168,29.9,0.0,10.96
2024-05-08,Chennai,168,30.33,0.0,14.28
2024-05-09,Chennai,168,33.55,0.0,8.56
2024-05-10,Chennai,168,32.51,0.0,13.99
2024-05-11,Chennai,168,32.66,0.0,13.11
2024-05-12,Chennai,168,32.39,8.18,10.82
2024-05-13,Chennai,168,32.73,0.0,13.22
2024-05-14,Chennai,168,35.08,0.0,9.28
2024-05-15,Chennai,168,34.85,0.0,12.86
2024-05-16,Chennai,168,34.52,0.0,13.58
2024-05-17,Chennai,168,35.74,0.0,16.29
2024-05-18,Chennai,168,34.38,5.03,10.83
2024-05-19,Chennai,168,34.66,0.0,8.94
2024-05-20,Chennai,168,34.99,0.0,11.21
2024-05-21,Chennai,168,37.96,0.0,8.61
2024-05-22,Chennai,168,36.42,0.0,10.84
2024-05-23,Chennai,168,36.22,0.0,10.63
2024-05-24,Chennai,168,36.5,0.0,14.81
2024-05-25,Chennai,168,33.46,1.74,17.98
2024-05-26,Chennai,168,31.52,29.86,25.66
2024-05-27,Chennai,168,34.57,0.0,17.1
2024-05-28,Chennai,168,35.61,0.0,8.25
2024-05-29,Chennai,168,31.83,2.85,14.33
2024-05-30,Chennai,168,32.82,0.0,9.58
2024-05-31,Chennai,168,31.18,13.39,17.43
2024-06-01,Chennai,168,30.32,0.0,13.57
2024-06-02,Chennai,168,32.28,0.0,17.78
2024-06-03,Chennai,168,31.07,0.0,17.02
2024-06-04,Chennai,168,32.36,0.0,14.64
2024-06-05,Chennai,168,31.51,0.0,11.33
2024-06-06,Chennai,168,29.86,0.0,14.29
2024-06-07,Chennai,168,31.71,0.0,18.51
2024-06-08,Chennai,168,31.82,0.0,16.14
2024-06-09,Chennai,168,33.96,0.0,16.47
2024-06-10,Chennai,168,31.73,0.0,18.65
2024-06-11,Chennai,168,35.74,0.0,13.98
2024-06-12,Chennai,168,36.98,0.0,21.44
2024-06-13,Chennai,168,34.28,0.0,20.2
2024-06-14,Chennai,168,36.87,0.0,20.0
2024-06-15,Chennai,168,35.11,0.0,16.85
2024-06-16,Chennai,168,31.39,0.0,19.56
2024-06-17,Chennai,168,27.9,0.0,20.99
2024-06-18,Chennai,168,35.51,0.0,18.85
2024-06-19,Chennai,168,33.83,16.86,20.87
2024-06-20,Chennai,168,33.57,0.0,19.08
2024-06-21,Chennai,168,29.28,0.0,15.95
2024-06-22,Chennai,168,34.96,0.0,13.51
2024-06-23,Chennai,168,34.06,0.0,14.87
2024-06-24,Chennai,168,33.53,0.0,13.81
2024-06-25,Chennai,168,34.83,0.0,17.05
2024-06-26,Chennai,168,34.39,0.0,10.97
2024-06-27,Chennai,168,34.41,0.0,13.91
2024-06-28,Chennai,168,32.17,0.0,15.83
2024-06-29,Chennai,168,30.22,0.0,12.57
2024-06-30,Chennai,168,29.61,0.0,8.75
2024-07-01,Chennai,168,30.02,0.0,12.49
2024-07-02,Chennai,168,26.68,0.0,17.81
2024-07-03,Chennai,168,27.57,0.0,15.98
2024-07-04,Chennai,168,28.0,4.8,16.42
2024-07-05,Chennai,168,30.55,2.27,15.24
2024-07-06,Chennai,168,29.23,0.0,17.03
2024-07-07,Chennai,168,30.64,0.0,13.85
2024-07-08,Chennai,168,32.37,0.59,19.6
2024-07-09,Chennai,168,34.12,0.87,14.2
2024-07-10,Chennai,168,32.44,5.19,12.65
2024-07-11,Chennai,168,29.77,2.21,14.31
2024-07-12,Chennai,168,31.39,2.16,15.23
2024-07-13,Chennai,168,30.87,6.74,22.22
2024-07-14,Chennai,168,33.16,3.23,11.28
2024-07-15,Chennai,168,35.15,6.08,17.03
2024-07-16,Chennai,168,33.56,0.0,13.41
2024-07-17,Chennai,168,31.72,0.0,14.1
2024-07-18,Chennai,168,32.37,0.0,14.46
2024-07-19,Chennai,168,33.16,0.0,14.44
2024-07-20,Chennai,168,34.91,0.0,14.78
2024-07-21,Chennai,168,33.85,0.59,15.9
2024-07-22,Chennai,168,33.35,0.0,15.6
2024-07-23,Chennai,168,33.11,0.51,14.73
2024-07-24,Chennai,168,34.24,0.0,15.07
2024-07-25,Chennai,168,36.53,0.0,11.7
2024-07-26,Chennai,168,34.57,0.0,12.4
2024-07-27,Chennai,168,35.56,0.0,9.57
2024-07-28,Chennai,168,34.17,0.0,13.98
2024-07-29,Chennai,168,33.54,5.36,16.1
2024-07-30,Chennai,168,33.99,0.0,18.17
2024-07-31,Chennai,168,33.22,0.0,11.52
2024-08-01,Chennai,168,33.21,0.0,15.45
2024-08-02,Chennai,168,31.95,0.0,12.57
2024-08-03,Chennai,168,32.19,0.0,15.03
2024-08-04,Chennai,168,32.56,16.09,17.46
2024-08-05,Chennai,168,32.05,0.0,15.14
2024-08-06,Chennai,168,34.13,0.0,11.03
2024-08-07,Chennai,168,31.72,0.0,12.62
2024-08-08,Chennai,168,36.86,0.0,17.99
2024-08-09,Chennai,168,33.75,4.84,21.16
2024-08-10,Chennai,168,33.82,4.62,18.87
2024-08-11,Chennai,168,31.26,9.22,14.33
2024-08-12,Chennai,168,32.61,1.73,8.81
2024-08-13,Chennai,168,33.48,0.0,7.04
2024-08-14,Chennai,168,30.53,0.0,6.95
2024-08-15,Chennai,168,30.55,0.0,9.44
2024-08-16,Chennai,168,31.88,0.0,9.2
2024-08-17,Chennai,168,31.37,0.0,7.48
2024-08-18,Chennai,168,30.35,0.0,4.42
2024-08-19,Chennai,168,33.16,0.0,5.49
2024-08-20,Chennai,168,35.79,0.0,12.11
2024-08-21,Chennai,168,34.62,0.0,2.73
2024-08-22,Chennai,168,30.23,0.0,7.45
2024-08-23,Chennai,168,33.57,0.0,12.8
2024-08-24,Chennai,168,33.78,0.0,16.23
2024-08-25,Chennai,168,30.09,6.2,18.48
2024-08-26,Chennai,168,30.06,0.0,14.04
2024-08-27,Chennai,168,33.59,0.0,16.18
2024-08-28,Chennai,168,32.93,8.25,13.81
2024-08-29,Chennai,168,37.38,6.19,14.93
2024-08-30,Chennai,168,35.86,0.0,13.11
2024-08-31,Chennai,168,32.48,0.0,14.93
2024-09-01,Chennai,168,29.62,0.0,13.55
2024-09-02,Chennai,168,31.24,0.0,12.18
2024-09-03,Chennai,168,32.11,0.0,13.12
2024-09-04,Chennai,168,31.68,0.0,12.63
2024-09-05,Chennai,168,33.43,0.0,16.72
2024-09-06,Chennai,168,31.56,8.21,11.52
2024-09-07,Chennai,168,29.58,7.05,16.28
2024-09-08,Chennai,168,30.56,16.87,16.48
2024-09-09,Chennai,168,36.49,7.71,11.92
2024-09-10,Chennai,168,32.49,0.0,10.12
2024-09-11,Chennai,168,34.12,0.0,9.76
2024-09-12,Chennai,168,31.88,3.63,10.7
2024-09-13,Chennai,168,29.58,1.79,7.41
2024-09-14,Chennai,168,31.04,0.46,8.93
2024-09-15,Chennai,168,30.11,3.21,9.12
2024-09-16,Chennai,168,28.38,0.0,11.6
2024-09-17,Chennai,168,26.96,0.0,7.92
2024-09-18,Chennai,168,29.49,9.46,16.16
2024-09-19,Chennai,168,30.34,4.94,13.4
2024-09-20,Chennai,168,29.77,0.0,7.35
2024-09-21,Chennai,168,31.53,0.0,12.8
2024-09-22,Chennai,168,30.95,0.0,10.67
2024-09-23,Chennai,168,30.92,19.73,18.0
2024-09-24,Chennai,168,32.37,0.0,13.14
2024-09-25,Chennai,168,32.05,0.0,11.01
2024-09-26,Chennai,168,30.22,0.0,7.54
2024-09-27,Chennai,168,33.61,0.0,11.78
2024-09-28,Chennai,168,32.08,0.0,16.39
2024-09-29,Chennai,168,29.96,0.0,15.77
2024-09-30,Chennai,168,30.23,0.0,10.51
2024-10-01,Chennai,168,27.2,0.0,11.52
2024-10-02,Chennai,168,27.62,0.0,13.23
2024-10-03,Chennai,168,29.61,0.0,10.22
2024-10-04,Chennai,168,26.7,1.97,13.85
2024-10-05,Chennai,168,22.55,3.82,11.67
2024-10-06,Chennai,168,28.07,3.29,10.79
2024-10-07,Chennai,168,29.34,3.36,14.26
2024-10-08,Chennai,168,27.27,34.28,15.07
2024-10-09,Chennai,168,27.04,8.5,10.41
2024-10-10,Chennai,168,28.27,8.76,6.68
2024-10-11,Chennai,168,27.79,10.43,12.52
2024-10-12,Chennai,168,30.12,0.97,15.31
2024-10-13,Chennai,168,29.87,14.62,12.47
2024-10-14,Chennai,168,29.8,10.33,12.15
2024-10-15,Chennai,168,31.44,16.45,15.54
2024-10-16,Chennai,168,32.44,6.38,13.44
2024-10-17,Chennai,168,31.19,23.62,11.82
2024-10-18,Chennai,168,31.16,2.84,13.42
2024-10-19,Chennai,168,31.88,2.23,11.98
2024-10-20,Chennai,168,33.83,5.1,8.52
2024-10-21,Chennai,168,29.59,0.0,11.66
2024-10-22,Chennai,168,26.71,0.0,14.16
2024-10-23,Chennai,168,26.4,0.0,7.74
2024-10-24,Chennai,168,26.71,0.0,12.29
2024-10-25,Chennai,168,26.4,3.91,12.96
2024-10-26,Chennai,168,21.72,0.05,10.68
2024-10-27,Chennai,168,25.24,0.65,14.14
2024-10-28,Chennai,168,21.82,12.57,9.36
2024-10-29,Chennai,168,24.31,18.31,20.34
2024-10-30,Chennai,168,24.57,14.6,10.95
2024-10-31,Chennai,168,25.92,40.65,17.3
2024-11-01,Chennai,168,23.13,0.0,11.51
2024-11-02,Chennai,168,24.63,16.75,12.05
2024-11-03,Chennai,168,21.56,0.58,8.44
2024-11-04,Chennai,168,27.52,6.34,19.04
2024-11-05,Chennai,168,26.29,3.16,19.19
2024-11-06,Chennai,168,26.61,9.83,18.31
2024-11-07,Chennai,168,24.8,1.1,10.46
2024-11-08,Chennai,168,25.43,4.86,14.44
2024-11-09,Chennai,168,28.21,2.57,13.26
2024-11-10,Chennai,168,25.85,3.81,11.6
2024-11-11,Chennai,168,29.06,8.9,10.07
2024-11-12,Chennai,168,29.86,7.94,13.4
2024-11-13,Chennai,168,27.14,5.4,16.56
2024-11-14,Chennai,168,25.77,10.61,16.79
2024-11-15,Chennai,168,24.05,12.46,9.12
2024-11-16,Chennai,168,25.74,0.0,18.5
2024-11-17,Chennai,168,26.34,0.94,13.42
2024-11-18,Chennai,168,25.16,3.91,13.0
2024-11-19,Chennai,168,23.38,9.38,16.49
2024-11-20,Chennai,168,25.4,2.33,13.65
2024-11-21,Chennai,168,26.93,0.0,17.14
2024-11-22,Chennai,168,28.09,9.74,15.88
2024-11-23,Chennai,168,33.03,0.46,16.27
2024-11-24,Chennai,168,26.62,1.24,13.74
2024-11-25,Chennai,168,27.0,2.09,15.64
2024-11-26,Chennai,168,29.97,9.87,16.26
2024-11-27,Chennai,168,28.83,3.36,12.95
2024-11-28,Chennai,168,27.22,8.2,8.32
2024-11-29,Chennai,168,24.26,41.19,22.08
2024-11-30,Chennai,168,25.54,23.08,22.28
2024-12-01,Chennai,168,24.9,35.37,13.56
2024-12-02,Chennai,168,24.96,0.9,6.03
2024-12-03,Chennai,168,25.37,5.49,6.8
2024-12-04,Chennai,168,25.64,0.0,4.76
2024-12-05,Chennai,168,30.31,0.0,7.37
2024-12-06,Chennai,168,28.14,11.37,6.1
2024-12-07,Chennai,168,22.99,1.91,11.91
2024-12-08,Chennai,168,24.6,1.22,10.05
2024-12-09,Chennai,168,26.24,0.0,15.28
2024-12-10,Chennai,168,25.19,0.0,10.07
2024-12-11,Chennai,168,25.65,3.82,9.01
2024-12-12,Chennai,168,24.96,5.68,1.83
2024-12-13,Chennai,168,23.23,5.02,8.44
2024-12-14,Chennai,168,23.87,3.63,12.38
2024-12-15,Chennai,168,25.51,3.39,5.65
2024-12-16,Chennai,168,26.13,3.7,8.07
2024-12-17,Chennai,168,26.08,4.71,11.73
2024-12-18,Chennai,168,22.52,5.74,9.15
2024-12-19,Chennai,168,19.97,6.6,12.1
2024-12-20,Chennai,168,22.9,0.0,1.82
2024-12-21,Chennai,168,21.39,0.11,6.54
2024-12-22,Chennai,168,23.99,4.63,10.85
2024-12-23,Chennai,168,21.79,13.01,16.21
2024-12-24,Chennai,168,26.15,11.96,16.72
2024-12-25,Chennai,168,20.21,4.97,5.44
2024-12-26,Chennai,168,24.49,0.0,13.78
2024-12-27,Chennai,168,21.87,2.33,9.52
2024-12-28,Chennai,168,25.4,4.58,12.37
2024-12-29,Chennai,168,24.78,8.43,7.36
2024-12-30,Chennai,168,24.53,7.16,12.96
2024-12-31,Chennai,168,23.99,0.0,7.49
2025-01-01,Chennai,168,27.61,0.0,11.72
2025-01-02,Chennai,168,25.65,0.0,7.12
2025-01-03,Chennai,168,25.36,0.0,11.25
2025-01-04,Chennai,168,26.59,3.86,8.53
2025-01-05,Chennai,168,27.52,0.0,8.01
2025-01-06,Chennai,168,24.98,0.0,9.63
2025-01-07,Chennai,168,23.31,0.0,7.36
2025-01-08,Chennai,168,25.89,0.0,11.73
2025-01-09,Chennai,168,24.0,0.0,9.0
2025-01-10,Chennai,168,25.29,0.0,10.74
2025-01-11,Chennai,168,26.21,0.0,11.48
2025-01-12,Chennai,168,26.1,0.0,10.91
2025-01-13,Chennai,168,23.36,0.96,15.98
2025-01-14,Chennai,168,24.75,2.08,13.64
2025-01-15,Chennai,168,21.28,0.0,11.43
2025-01-16,Chennai,168,22.89,0.0,9.09
2025-01-17,Chennai,168,23.65,8.0,7.74
2025-01-18,Chennai,168,24.27,0.0,10.65
2025-01-19,Chennai,168,24.59,0.0,9.63
2025-01-20,Chennai,168,26.03,0.0,8.92
2025-01-21,Chennai,168,24.68,0.0,10.18
2025-01-22,Chennai,168,24.91,0.0,9.69
2025-01-23,Chennai,168,26.78,0.0,15.3
2025-01-24,Chennai,168,20.93,0.0,2.95
2025-01-25,Chennai,168,24.81,0.0,9.25
2025-01-26,Chennai,168,21.98,0.0,13.46
2025-01-27,Chennai,168,25.47,0.0,10.85
2025-01-28,Chennai,168,24.38,0.0,10.04
2025-01-29,Chennai,168,26.75,2.76,10.28
2025-01-30,Chennai,168,26.17,0.0,8.91
2025-01-31,Chennai,168,26.48,0.0,7.94
2025-02-01,Chennai,168,26.54,0.0,10.76
2025-02-02,Chennai,168,23.45,0.0,7.33
2025-02-03,Chennai,168,27.26,0.0,8.95
2025-02-04,Chennai,168,24.67,0.0,13.75
2025-02-05,Chennai,168,26.22,0.0,1.31
2025-02-06,Chennai,168,27.21,0.0,12.05
2025-02-07,Chennai,168,28.63,0.0,8.99
2025-02-08,Chennai,168,26.29,0.0,11.56
2025-02-09,Chennai,168,27.87,0.0,10.71
2025-02-10,Chennai,168,26.52,0.0,14.6
2025-02-11,Chennai,168,25.47,0.0,5.96
2025-02-12,Chennai,168,24.69,0.0,8.65
2025-02-13,Chennai,168,25.07,2.25,13.13
2025-02-14,Chennai,168,27.07,0.0,14.08
2025-02-15,Chennai,168,25.64,0.0,18.6
2025-02-16,Chennai,168,26.46,0.0,7.51
2025-02-17,Chennai,168,26.38,0.0,6.26
2025-02-18,Chennai,168,26.51,0.0,2.3
2025-02-19,Chennai,168,30.07,0.0,12.53
2025-02-20,Chennai,168,26.39,0.0,12.31
2025-02-21,Chennai,168,27.41,0.0,13.37
2025-02-22,Chennai,168,29.76,7.12,13.16
2025-02-23,Chennai,168,27.12,0.0,6.76
2025-02-24,Chennai,168,27.4,0.0,10.55
2025-02-25,Chennai,168,29.05,0.0,15.73
2025-02-26,Chennai,168,27.82,0.0,6.04
2025-02-27,Chennai,168,28.98,30.56,13.13
2025-02-28,Chennai,168,29.33,0.0,5.2
2025-03-01,Chennai,168,29.76,0.0,9.29
2025-03-02,Chennai,168,29.04,0.0,14.2
2025-03-03,Chennai,168,32.3,0.0,5.77
2025-03-04,Chennai,168,26.23,0.0,4.07
2025-03-05,Chennai,168,31.14,0.0,1.72
2025-03-06,Chennai,168,28.44,0.0,10.05
2025-03-07,Chennai,168,27.92,0.0,9.47
2025-03-08,Chennai,168,29.09,0.0,5.52
2025-03-09,Chennai,168,26.44,0.0,8.93
2025-03-10,Chennai,168,26.76,0.0,9.48
2025-03-11,Chennai,168,28.03,0.0,10.38
2025-03-12,Chennai,168,28.16,0.0,9.72
2025-03-13,Chennai,168,26.04,0.0,2.82
2025-03-14,Chennai,168,26.96,0.0,9.37
2025-03-15,Chennai,168,28.05,0.0,8.58
2025-03-16,Chennai,168,27.98,0.0,4.15
2025-03-17,Chennai,168,27.93,0.0,6.8
2025-03-18,Chennai,168,32.53,0.0,7.89
2025-03-19,Chennai,168,32.19,0.0,15.83
2025-03-20,Chennai,168,32.78,0.0,11.92
2025-03-21,Chennai,168,28.59,0.0,13.56
2025-03-22,Chennai,168,27.4,0.0,13.22
2025-03-23,Chennai,168,25.26,0.0,7.31
2025-03-24,Chennai,168,26.56,0.0,9.43
2025-03-25,Chennai,168,30.53,0.0,5.42
2025-03-26,Chennai,168,25.32,0.0,3.67
2025-03-27,Chennai,168,29.55,0.0,6.06
2025-03-28,Chennai,168,30.27,0.0,9.63
2025-03-29,Chennai,168,30.23,0.0,10.45
2025-03-30,Chennai,168,29.03,0.0,6.18
2025-03-31,Chennai,168,26.49,0.0,7.36
2025-04-01,Chennai,168,35.01,4.57,12.59
2025-04-02,Chennai,168,32.66,0.0,11.24
2025-04-03,Chennai,168,29.82,0.0,11.88
2025-04-04,Chennai,168,32.74,0.0,7.38
2025-04-05,Chennai,168,32.65,0.0,14.66
2025-04-06,Chennai,168,32.55,0.0,9.68
2025-04-07,Chennai,168,27.36,0.0,14.32
2025-04-08,Chennai,168,31.26,0.0,4.19
2025-04-09,Chennai,168,33.35,0.0,11.45
2025-04-10,Chennai,168,32.76,0.0,8.91
2025-04-11,Chennai,168,34.03,0.0,12.49
2025-04-12,Chennai,168,31.97,0.0,9.06
2025-04-13,Chennai,168,29.23,0.0,7.5
2025-04-14,Chennai,168,30.54,0.0,6.53
2025-04-15,Chennai,168,30.37,0.0,7.06
2025-04-16,Chennai,168,30.71,0.0,9.21
2025-04-17,Chennai,168,32.78,0.0,7.4
2025-04-18,Chennai,168,31.27,0.0,12.24
2025-04-19,Chennai,168,34.1,0.0,10.48
2025-04-20,Chennai,168,34.61,0.0,12.7
2025-04-21,Chennai,168,33.5,0.0,9.96
2025-04-22,Chennai,168,31.69,0.0,14.31
2025-04-23,Chennai,168,31.51,0.0,14.37
2025-04-24,Chennai,168,34.41,0.0,13.52
2025-04-25,Chennai,168,35.01,0.0,14.26
2025-04-26,Chennai,168,34.21,0.0,5.67
2025-04-27,Chennai,168,32.33,0.0,10.72
2025-04-28,Chennai,168,34.54,15.41,8.82
2025-04-29,Chennai,168,34.45,0.0,9.07
2025-04-30,Chennai,168,30.06,0.0,3.82
2025-05-01,Chennai,168,30.31,0.0,8.61
2025-05-02,Chennai,168,31.49,0.0,15.6
2025-05-03,Chennai,168,33.17,0.0,17.54
2025-05-04,Chennai,168,31.95,0.0,9.53
2025-05-05,Chennai,168,34.76,0.0,15.29
2025-05-06,Chennai,168,33.11,0.0,12.36
2025-05-07,Chennai,168,31.97,0.0,10.09
2025-05-08,Chennai,168,33.72,0.0,14.25
2025-05-09,Chennai,168,33.91,0.0,14.53
2025-05-10,Chennai,168,34.83,0.0,14.27
2025-05-11,Chennai,168,32.81,0.0,17.23
2025-05-12,Chennai,168,34.84,0.0,4.5
2025-05-13,Chennai,168,36.46,0.0,11.02
2025-05-14,Chennai,168,35.5,0.0,14.62
2025-05-15,Chennai,168,34.04,0.0,11.85
2025-05-16,Chennai,168,38.56,0.0,12.64
2025-05-17,Chennai,168,38.32,0.0,14.33
2025-05-18,Chennai,168,35.21,0.0,11.14
2025-05-19,Chennai,168,34.66,0.0,9.23
2025-05-20,Chennai,168,37.49,0.0,14.19
2025-05-21,Chennai,168,39.12,0.0,10.67
2025-05-22,Chennai,168,39.68,0.0,12.3
2025-05-23,Chennai,168,39.02,0.0,12.95
2025-05-24,Chennai,168,36.62,0.0,12.9
2025-05-25,Chennai,168,37.21,0.0,11.56
2025-05-26,Chennai,168,36.75,0.0,10.25
2025-05-27,Chennai,168,36.02,0.0,10.93
2025-05-28,Chennai,168,38.97,0.0,13.5
2025-05-29,Chennai,168,37.13,0.0,12.17
2025-05-30,Chennai,168,35.28,0.0,9.61
2025-05-31,Chennai,168,37.91,0.0,10.95
2025-06-01,Chennai,168,37.89,1.37,16.51
2025-06-02,Chennai,168,35.29,41.5,21.3
2025-06-03,Chennai,168,32.81,0.0,15.49
2025-06-04,Chennai,168,30.97,0.0,13.79
2025-06-05,Chennai,168,31.64,0.0,19.66
2025-06-06,Chennai,168,35.54,0.0,15.36
2025-06-07,Chennai,168,35.41,0.0,12.5
2025-06-08,Chennai,168,34.3,0.0,14.3
2025-06-09,Chennai,168,32.34,0.0,9.28
2025-06-10,Chennai,168,33.48,0.0,16.72
2025-06-11,Chennai,168,32.49,0.0,13.58
2025-06-12,Chennai,168,35.51,11.89,13.97
2025-06-13,Chennai,168,31.21,1.51,14.57
2025-06-14,Chennai,168,28.43,0.0,11.33
2025-06-15,Chennai,168,33.06,0.0,15.22
2025-06-16,Chennai,168,35.23,0.0,16.83
2025-06-17,Chennai,168,37.86,0.0,16.94
2025-06-18,Chennai,168,36.52,0.0,12.61
2025-06-19,Chennai,168,35.33,0.36,12.62
2025-06-20,Chennai,168,35.91,8.92,15.73
2025-06-21,Chennai,168,31.59,0.0,14.27
2025-06-22,Chennai,168,36.5,12.09,19.16
2025-06-23,Chennai,168,34.66,0.0,12.72
2025-06-24,Chennai,168,36.0,0.0,15.14
2025-06-25,Chennai,168,33.46,0.0,16.07
2025-06-26,Chennai,168,37.94,0.0,18.21
2025-06-27,Chennai,168,32.09,0.0,20.01
2025-06-28,Chennai,168,36.33,0.0,13.59
2025-06-29,Chennai,168,35.61,0.0,13.6
2025-06-30,Chennai,168,33.78,0.0,14.02
2025-07-01,Chennai,168,33.18,0.0,19.83
2025-07-02,Chennai,168,31.61,0.0,15.94
2025-07-03,Chennai,168,33.03,13.01,15.58
2025-07-04,Chennai,168,34.39,2.7,13.29
2025-07-05,Chennai,168,35.59,1.22,13.85
2025-07-06,Chennai,168,33.93,15.46,18.61
2025-07-07,Chennai,168,34.3,6.56,23.62
2025-07-08,Chennai,168,32.34,0.0,17.84
2025-07-09,Chennai,168,32.66,0.0,17.22
2025-07-10,Chennai,168,33.51,0.0,13.65
2025-07-11,Chennai,168,32.76,0.0,19.05
2025-07-12,Chennai,168,32.18,0.0,13.82
2025-07-13,Chennai,168,36.2,7.98,15.3
2025-07-14,Chennai,168,34.27,0.13,12.22
2025-07-15,Chennai,168,29.95,0.0,12.82
2025-07-16,Chennai,168,29.14,8.52,14.99
2025-07-17,Chennai,168,29.99,3.3,13.65
2025-07-18,Chennai,168,27.77,29.84,10.12
2025-07-19,Chennai,168,30.86,0.0,11.95
2025-07-20,Chennai,168,31.86,3.72,15.15
2025-07-21,Chennai,168,28.0,7.26,22.99
2025-07-22,Chennai,168,28.86,9.46,25.6
2025-07-23,Chennai,168,32.02,1.79,10.15
2025-07-24,Chennai,168,31.39,24.76,14.03
2025-07-25,Chennai,168,32.25,3.46,14.97
2025-07-26,Chennai,168,35.01,8.01,12.53
2025-07-27,Chennai,168,32.04,4.52,13.52
2025-07-28,Chennai,168,33.27,19.89,19.56
2025-07-29,Chennai,168,31.56,0.0,14.71
2025-07-30,Chennai,168,28.73,0.0,16.89
2025-07-31,Chennai,168,29.1,0.0,12.73
2025-08-01,Chennai,168,29.06,18.36,8.33
2025-08-02,Chennai,168,31.6,15.16,18.59
2025-08-03,Chennai,168,30.53,15.83,11.49
2025-08-04,Chennai,168,29.84,0.0,8.24
2025-08-05,Chennai,168,30.48,0.22,8.73
2025-08-06,Chennai,168,31.66,0.0,10.23
2025-08-07,Chennai,168,27.78,12.59,13.3
2025-08-08,Chennai,168,30.78,50.2,16.49
2025-08-09,Chennai,168,27.7,0.0,14.53
2025-08-10,Chennai,168,27.07,3.44,13.44
2025-08-11,Chennai,168,28.65,16.29,17.96
2025-08-12,Chennai,168,32.04,0.0,17.1
2025-08-13,Chennai,168,31.45,0.0,10.64
2025-08-14,Chennai,168,30.13,0.0,18.98
2025-08-15,Chennai,168,29.69,0.0,16.8
2025-08-16,Chennai,168,28.5,0.0,16.65
2025-08-17,Chennai,168,32.72,0.0,18.68
2025-08-18,Chennai,168,29.01,42.94,18.01
2025-08-19,Chennai,168,31.11,21.3,11.66
2025-08-20,Chennai,168,30.96,0.0,10.9
2025-08-21,Chennai,168,29.87,6.91,10.37
2025-08-22,Chennai,168,29.7,0.0,9.84
2025-08-23,Chennai,168,30.28,0.0,13.3
2025-08-24,Chennai,168,30.28,0.0,11.3
2025-08-25,Chennai,168,31.99,0.0,15.99
2025-08-26,Chennai,168,26.8,0.0,17.54
2025-08-27,Chennai,168,28.51,0.0,19.19
2025-08-28,Chennai,168,26.1,0.0,14.6
2025-08-29,Chennai,168,33.96,0.0,16.84
2025-08-30,Chennai,168,31.36,7.0,15.62
2025-08-31,Chennai,168,33.17,0.0,9.63
2025-09-01,Chennai,168,29.99,0.0,7.72
2025-09-02,Chennai,168,28.42,5.32,11.64
2025-09-03,Chennai,168,25.8,0.0,14.96
2025-09-04,Chennai,168,25.44,0.0,10.52
2025-09-05,Chennai,168,22.23,0.0,13.69
2025-09-06,Chennai,168,28.68,0.58,9.03
2025-09-07,Chennai,168,26.8,5.69,13.18
2025-09-08,Chennai,168,29.24,3.05,18.94
2025-09-09,Chennai,168,28.9,9.3,16.44
2025-09-10,Chennai,168,29.98,5.38,14.97
2025-09-11,Chennai,168,31.34,0.0,16.21
2025-09-12,Chennai,168,33.95,0.0,19.35
2025-09-13,Chennai,168,29.37,30.97,13.09
2025-09-14,Chennai,168,30.02,0.0,6.33
2025-09-15,Chennai,168,30.4,0.0,10.16
2025-09-16,Chennai,168,28.98,2.41,17.61
2025-09-17,Chennai,168,26.06,20.98,17.64
2025-09-18,Chennai,168,29.53,2.09,10.1
2025-09-19,Chennai,168,29.45,2.48,14.15
2025-09-20,Chennai,168,29.74,7.94,15.13
2025-09-21,Chennai,168,32.74,5.97,12.83
2025-09-22,Chennai,168,30.0,13.87,13.9
2025-09-23,Chennai,168,31.99,0.0,8.21
2025-09-24,Chennai,168,29.2,0.0,14.88
2025-09-25,Chennai,168,30.2,0.0,8.76
2025-09-26,Chennai,168,24.74,0.0,14.32
2025-09-27,Chennai,168,27.55,0.0,9.15
2025-09-28,Chennai,168,28.65,1.79,5.33
2025-09-29,Chennai,168,27.54,0.0,9.23
2025-09-30,Chennai,168,26.57,0.0,16.73
2023-01-01,Bengaluru,24,21.21,0.0,7.54
2023-01-02,Bengaluru,24,21.69,0.0,3.83
2023-01-03,Bengaluru,24,18.64,0.0,4.4
2023-01-04,Bengaluru,24,18.16,0.0,7.7
2023-01-05,Bengaluru,24,18.6,0.0,6.17
2023-01-06,Bengaluru,24,18.87,0.0,4.87
2023-01-07,Bengaluru,24,20.12,0.0,5.22
2023-01-08,Bengaluru,24,21.47,0.0,5.03
2023-01-09,Bengaluru,24,18.69,0.0,8.37
2023-01-10,Bengaluru,24,17.91,0.0,10.01
2023-01-11,Bengaluru,24,19.1,0.0,9.44
2023-01-12,Bengaluru,24,19.79,0.0,10.93
2023-01-13,Bengaluru,24,21.44,2.13,10.83
2023-01-14,Bengaluru,24,18.67,0.0,7.02
2023-01-15,Bengaluru,24,20.6,0.0,10.31
2023-01-16,Bengaluru,24,19.53,0.0,9.04
2023-01-17,Bengaluru,24,22.51,0.0,7.2
2023-01-18,Bengaluru,24,23.54,0.24,7.18
2023-01-19,Bengaluru,24,22.97,0.0,3.15
2023-01-20,Bengaluru,24,20.94,0.0,5.82
2023-01-21,Bengaluru,24,21.19,0.0,7.57
2023-01-22,Bengaluru,24,20.97,0.0,6.06
2023-01-23,Bengaluru,24,21.46,0.0,5.49
2023-01-24,Bengaluru,24,19.57,0.0,4.97
2023-01-25,Bengaluru,24,19.35,0.0,6.12
2023-01-26,Bengaluru,24,19.75,0.0,9.18
2023-01-27,Bengaluru,24,20.86,0.0,4.89
2023-01-28,Bengaluru,24,21.62,0.0,8.17
2023-01-29,Bengaluru,24,22.08,0.0,6.89
2023-01-30,Bengaluru,24,19.74,0.0,6.89
2023-01-31,Bengaluru,24,18.68,0.0,5.85
2023-02-01,Bengaluru,24,22.91,0.0,6.87
2023-02-02,Bengaluru,24,25.56,0.0,8.75
2023-02-03,Bengaluru,24,24.52,0.0,4.57
2023-02-04,Bengaluru,24,24.88,0.0,5.57
2023-02-05,Bengaluru,24,24.73,0.0,5.76
2023-02-06,Bengaluru,24,23.19,0.0,6.84
2023-02-07,Bengaluru,24,20.22,0.0,5.04
2023-02-08,Bengaluru,24,22.26,0.0,7.03
2023-02-09,Bengaluru,24,23.94,0.0,6.09
2023-02-10,Bengaluru,24,23.6,0.0,6.76
2023-02-11,Bengaluru,24,23.55,0.0,8.84
2023-02-12,Bengaluru,24,22.36,0.0,6.52
2023-02-13,Bengaluru,24,22.71,0.0,9.48
2023-02-14,Bengaluru,24,22.21,0.0,10.85
2023-02-15,Bengaluru,24,22.52,0.0,9.1
2023-02-16,Bengaluru,24,25.48,0.0,10.87
2023-02-17,Bengaluru,24,25.09,0.0,9.93
2023-02-18,Bengaluru,24,24.41,0.0,9.08
2023-02-19,Bengaluru,24,23.56,0.0,5.92
2023-02-20,Bengaluru,24,24.11,0.0,9.54
2023-02-21,Bengaluru,24,23.34,0.0,4.78
2023-02-22,Bengaluru,24,22.75,0.0,6.57
2023-02-23,Bengaluru,24,23.33,0.0,5.92
2023-02-24,Bengaluru,24,22.86,0.0,2.08
2023-02-25,Bengaluru,24,21.98,0.0,6.18
2023-02-26,Bengaluru,24,23.74,0.0,7.63
2023-02-27,Bengaluru,24,22.1,0.0,6.64
2023-02-28,Bengaluru,24,21.79,0.0,7.16
2023-03-01,Bengaluru,24,25.65,0.0,8.32
2023-03-02,Bengaluru,24,24.06,0.0,6.6
2023-03-03,Bengaluru,24,26.86,0.0,8.64
2023-03-04,Bengaluru,24,28.28,0.0,9.75
2023-03-05,Bengaluru,24,25.61,0.0,9.63
2023-03-06,Bengaluru,24,24.28,0.0,7.96
2023-03-07,Bengaluru,24,26.06,0.0,7.58
2023-03-08,Bengaluru,24,27.42,0.0,9.51
2023-03-09,Bengaluru,24,26.22,0.0,9.25
2023-03-10,Bengaluru,24,28.93,0.0,7.86
2023-03-11,Bengaluru,24,27.95,0.0,6.13
2023-03-12,Bengaluru,24,27.25,0.0,6.71
2023-03-13,Bengaluru,24,27.31,0.0,7.48
2023-03-14,Bengaluru,24,28.57,0.0,11.45
2023-03-15,Bengaluru,24,27.99,0.0,8.48
2023-03-16,Bengaluru,24,28.06,0.0,9.86
2023-03-17,Bengaluru,24,26.76,0.0,9.48
2023-03-18,Bengaluru,24,26.39,0.0,12.25
2023-03-19,Bengaluru,24,27.79,0.0,10.98
2023-03-20,Bengaluru,24,26.7,0.0,10.88
2023-03-21,Bengaluru,24,27.48,0.0,8.83
2023-03-22,Bengaluru,24,28.85,0.0,10.67
2023-03-23,Bengaluru,24,27.87,0.0,11.11
2023-03-24,Bengaluru,24,27.68,0.0,7.63
2023-03-25,Bengaluru,24,25.46,0.0,11.26
2023-03-26,Bengaluru,24,24.43,0.0,8.51
2023-03-27,Bengaluru,24,22.86,0.0,7.68
2023-03-28,Bengaluru,24,22.77,0.0,6.01
2023-03-29,Bengaluru,24,24.53,0.0,10.22
2023-03-30,Bengaluru,24,26.88,0.0,9.18
2023-03-31,Bengaluru,24,25.9,0.0,8.9
2023-04-01,Bengaluru,24,25.71,0.0,11.58
2023-04-02,Bengaluru,24,27.88,0.0,9.96
2023-04-03,Bengaluru,24,27.31,0.0,11.21
2023-04-04,Bengaluru,24,26.94,0.0,12.75
2023-04-05,Bengaluru,24,27.99,0.0,14.59
2023-04-06,Bengaluru,24,27.89,0.0,10.98
2023-04-07,Bengaluru,24,28.77,0.0,11.11
2023-04-08,Bengaluru,24,29.29,0.0,10.7
2023-04-09,Bengaluru,24,26.83,0.0,11.53
2023-04-10,Bengaluru,24,25.67,0.0,13.8
2023-04-11,Bengaluru,24,27.61,0.0,11.07
2023-04-12,Bengaluru,24,28.13,0.0,7.62
2023-04-13,Bengaluru,24,28.36,0.0,9.1
2023-04-14,Bengaluru,24,28.04,0.0,6.65
2023-04-15,Bengaluru,24,26.56,5.29,11.52
2023-04-16,Bengaluru,24,26.15,13.04,13.47
2023-04-17,Bengaluru,24,26.19,2.64,12.97
2023-04-18,Bengaluru,24,24.74,0.0,10.41
2023-04-19,Bengaluru,24,27.07,0.0,7.29
2023-04-20,Bengaluru,24,25.9,0.0,10.93
2023-04-21,Bengaluru,24,25.52,0.0,7.28
2023-04-22,Bengaluru,24,27.28,0.0,11.65
2023-04-23,Bengaluru,24,27.11,0.0,10.12
2023-04-24,Bengaluru,24,25.51,0.0,8.44
2023-04-25,Bengaluru,24,23.49,0.0,11.17
2023-04-26,Bengaluru,24,27.27,0.0,9.6
2023-04-27,Bengaluru,24,28.01,0.0,10.1
2023-04-28,Bengaluru,24,27.04,0.0,7.18
2023-04-29,Bengaluru,24,28.58,0.0,10.86
2023-04-30,Bengaluru,24,27.97,0.0,9.84
2023-05-01,Bengaluru,24,25.57,2.01,12.53
2023-05-02,Bengaluru,24,24.92,14.53,15.71
2023-05-03,Bengaluru,24,26.8,18.26,13.77
2023-05-04,Bengaluru,24,29.32,13.04,15.07
2023-05-05,Bengaluru,24,26.39,0.0,11.98
2023-05-06,Bengaluru,24,27.33,0.0,11.32
2023-05-07,Bengaluru,24,28.36,18.19,18.86
2023-05-08,Bengaluru,24,30.11,3.1,12.13
2023-05-09,Bengaluru,24,29.87,4.97,13.42
2023-05-10,Bengaluru,24,27.43,0.0,13.45
2023-05-11,Bengaluru,24,27.07,0.0,14.63
2023-05-12,Bengaluru,24,27.72,0.0,11.39
2023-05-13,Bengaluru,24,26.03,0.0,13.09
2023-05-14,Bengaluru,24,26.7,0.0,10.22
2023-05-15,Bengaluru,24,29.29,0.0,13.37
2023-05-16,Bengaluru,24,29.61,16.19,16.43
2023-05-17,Bengaluru,24,30.77,2.02,12.1
2023-05-18,Bengaluru,24,31.32,6.45,8.88
2023-05-19,Bengaluru,24,30.9,13.14,13.57
2023-05-20,Bengaluru,24,29.36,4.41,14.17
2023-05-21,Bengaluru,24,28.28,1.49,8.23
2023-05-22,Bengaluru,24,28.76,8.21,12.19
2023-05-23,Bengaluru,24,27.04,0.0,10.36
2023-05-24,Bengaluru,24,27.23,5.42,10.0
2023-05-25,Bengaluru,24,28.34,0.0,11.3
2023-05-26,Bengaluru,24,28.88,27.84,15.73
2023-05-27,Bengaluru,24,27.26,2.32,10.58
2023-05-28,Bengaluru,24,29.09,3.33,9.49
2023-05-29,Bengaluru,24,29.39,0.0,6.73
2023-05-30,Bengaluru,24,30.91,0.0,5.87
2023-05-31,Bengaluru,24,30.96,0.0,5.12
2023-06-01,Bengaluru,24,27.71,8.5,14.11
2023-06-02,Bengaluru,24,25.61,0.0,15.0
2023-06-03,Bengaluru,24,23.45,0.0,12.62
2023-06-04,Bengaluru,24,23.15,64.59,21.24
2023-06-05,Bengaluru,24,25.2,11.89,14.17
2023-06-06,Bengaluru,24,23.72,0.0,11.21
2023-06-07,Bengaluru,24,26.39,0.0,11.14
2023-06-08,Bengaluru,24,24.57,0.0,12.02
2023-06-09,Bengaluru,24,24.76,0.0,11.15
2023-06-10,Bengaluru,24,22.82,0.0,9.89
2023-06-11,Bengaluru,24,24.83,0.0,11.05
2023-06-12,Bengaluru,24,27.26,2.79,12.02
2023-06-13,Bengaluru,24,26.82,0.0,8.83
2023-06-14,Bengaluru,24,27.38,0.0,7.92
2023-06-15,Bengaluru,24,28.26,0.0,13.43
2023-06-16,Bengaluru,24,29.87,0.0,12.25
2023-06-17,Bengaluru,24,27.42,0.0,11.65
2023-06-18,Bengaluru,24,24.76,0.0,11.94
2023-06-19,Bengaluru,24,25.24,0.0,11.35
2023-06-20,Bengaluru,24,24.08,0.0,11.48
2023-06-21,Bengaluru,24,24.75,0.0,11.1
2023-06-22,Bengaluru,24,26.43,0.0,12.56
2023-06-23,Bengaluru,24,24.83,0.0,9.23
2023-06-24,Bengaluru,24,25.76,0.0,11.69
2023-06-25,Bengaluru,24,26.32,0.0,10.24
2023-06-26,Bengaluru,24,26.01,0.0,8.76
2023-06-27,Bengaluru,24,25.87,0.0,11.92
2023-06-28,Bengaluru,24,25.74,0.0,13.33
2023-06-29,Bengaluru,24,24.88,0.0,13.03
2023-06-30,Bengaluru,24,26.67,0.0,10.12
2023-07-01,Bengaluru,24,25.8,4.72,9.72
2023-07-02,Bengaluru,24,26.42,2.72,14.93
2023-07-03,Bengaluru,24,26.35,0.0,13.15
2023-07-04,Bengaluru,24,25.16,0.0,11.82
2023-07-05,Bengaluru,24,24.32,0.0,12.02
2023-07-06,Bengaluru,24,21.03,0.0,8.64
2023-07-07,Bengaluru,24,23.29,0.0,14.82
2023-07-08,Bengaluru,24,23.9,0.0,15.95
2023-07-09,Bengaluru,24,24.9,0.0,13.42
2023-07-10,Bengaluru,24,25.7,0.0,11.71
2023-07-11,Bengaluru,24,25.27,0.0,18.47
2023-07-12,Bengaluru,24,24.01,0.0,13.46
2023-07-13,Bengaluru,24,23.35,1.73,12.82
2023-07-14,Bengaluru,24,22.99,69.24,23.53
2023-07-15,Bengaluru,24,22.7,0.47,9.84
2023-07-16,Bengaluru,24,25.18,3.34,10.12
2023-07-17,Bengaluru,24,25.61,1.35,11.35
2023-07-18,Bengaluru,24,25.74,0.0,14.67
2023-07-19,Bengaluru,24,23.77,0.0,15.3
2023-07-20,Bengaluru,24,23.94,0.0,13.27
2023-07-21,Bengaluru,24,22.68,0.0,10.74
2023-07-22,Bengaluru,24,23.88,0.0,14.01
2023-07-23,Bengaluru,24,25.34,0.0,12.5
2023-07-24,Bengaluru,24,22.5,5.06,12.23
2023-07-25,Bengaluru,24,23.29,0.0,11.14
2023-07-26,Bengaluru,24,23.36,0.0,11.49
2023-07-27,Bengaluru,24,24.34,0.0,10.68
2023-07-28,Bengaluru,24,23.56,0.0,12.35
2023-07-29,Bengaluru,24,23.74,0.25,11.17
2023-07-30,Bengaluru,24,23.71,0.0,11.43
2023-07-31,Bengaluru,24,25.92,0.0,10.79
2023-08-01,Bengaluru,24,25.01,2.68,9.68
2023-08-02,Bengaluru,24,25.79,6.83,14.86
2023-08-03,Bengaluru,24,25.38,0.0,9.55
2023-08-04,Bengaluru,24,27.62,3.12,11.53
2023-08-05,Bengaluru,24,24.77,0.0,7.0
2023-08-06,Bengaluru,24,25.38,0.0,10.81
2023-08-07,Bengaluru,24,22.6,4.35,11.51
2023-08-08,Bengaluru,24,22.07,2.05,12.96
2023-08-09,Bengaluru,24,21.54,2.94,8.47
2023-08-10,Bengaluru,24,23.0,4.41,8.28
2023-08-11,Bengaluru,24,22.87,50.35,20.32
2023-08-12,Bengaluru,24,23.49,3.63,12.2
2023-08-13,Bengaluru,24,20.98,0.0,6.99
2023-08-14,Bengaluru,24,24.5,0.0,10.9
2023-08-15,Bengaluru,24,26.27,9.02,14.4
2023-08-16,Bengaluru,24,27.75,0.0,10.71
2023-08-17,Bengaluru,24,27.14,0.0,12.82
2023-08-18,Bengaluru,24,26.63,0.0,10.96
2023-08-19,Bengaluru,24,24.3,0.0,13.41
2023-08-20,Bengaluru,24,22.62,0.0,12.23
2023-08-21,Bengaluru,24,24.05,0.0,11.6
2023-08-22,Bengaluru,24,24.11,0.0,9.05
2023-08-23,Bengaluru,24,24.68,0.0,8.8
2023-08-24,Bengaluru,24,22.43,0.0,14.93
2023-08-25,Bengaluru,24,24.65,0.0,10.45
2023-08-26,Bengaluru,24,23.73,0.0,10.33
2023-08-27,Bengaluru,24,24.1,0.0,8.68
2023-08-28,Bengaluru,24,22.82,0.0,5.03
2023-08-29,Bengaluru,24,24.3,3.05,10.34
2023-08-30,Bengaluru,24,23.61,0.0,13.67
2023-08-31,Bengaluru,24,22.52,2.86,11.82
2023-09-01,Bengaluru,24,21.01,6.17,11.09
2023-09-02,Bengaluru,24,20.81,7.09,11.56
2023-09-03,Bengaluru,24,20.6,20.15,9.34
2023-09-04,Bengaluru,24,22.1,2.34,9.16
2023-09-05,Bengaluru,24,23.63,3.8,7.6
2023-09-06,Bengaluru,24,21.69,3.01,9.31
2023-09-07,Bengaluru,24,19.53,21.7,13.42
2023-09-08,Bengaluru,24,19.49,6.62,9.39
2023-09-09,Bengaluru,24,21.0,6.64,9.14
2023-09-10,Bengaluru,24,20.08,4.42,10.28
2023-09-11,Bengaluru,24,18.98,5.62,7.44
2023-09-12,Bengaluru,24,19.5,3.25,7.24
2023-09-13,Bengaluru,24,20.29,0.0,6.7
2023-09-14,Bengaluru,24,20.36,0.0,10.85
2023-09-15,Bengaluru,24,22.1,0.0,8.86
2023-09-16,Bengaluru,24,23.85,6.69,15.33
2023-09-17,Bengaluru,24,23.19,4.07,13.18
2023-09-18,Bengaluru,24,22.49,13.95,12.65
2023-09-19,Bengaluru,24,18.95,5.67,10.06
2023-09-20,Bengaluru,24,20.67,6.06,12.56
2023-09-21,Bengaluru,24,21.55,15.96,13.94
2023-09-22,Bengaluru,24,20.52,2.72,8.86
2023-09-23,Bengaluru,24,21.99,30.81,11.25
2023-09-24,Bengaluru,24,22.89,0.54,8.3
2023-09-25,Bengaluru,24,24.61,3.38,9.08
2023-09-26,Bengaluru,24,24.36,21.96,12.39
2023-09-27,Bengaluru,24,26.27,8.21,7.85
2023-09-28,Bengaluru,24,25.17,12.26,12.94
2023-09-29,Bengaluru,24,23.82,5.52,9.31
2023-09-30,Bengaluru,24,25.64,8.65,13.62
2023-10-01,Bengaluru,24,25.53,0.0,6.65
2023-10-02,Bengaluru,24,25.62,0.0,7.66
2023-10-03,Bengaluru,24,24.11,5.35,11.95
2023-10-04,Bengaluru,24,24.17,11.38,11.18
2023-10-05,Bengaluru,24,23.87,3.49,9.61
2023-10-06,Bengaluru,24,22.69,0.0,7.44
2023-10-07,Bengaluru,24,23.35,0.0,9.32
2023-10-08,Bengaluru,24,22.73,0.0,10.01
2023-10-09,Bengaluru,24,22.1,0.0,10.87
2023-10-10,Bengaluru,24,21.19,32.58,15.62
2023-10-11,Bengaluru,24,24.27,1.72,8.91
2023-10-12,Bengaluru,24,23.0,0.0,5.42
2023-10-13,Bengaluru,24,22.16,12.03,9.18
2023-10-14,Bengaluru,24,24.69,7.97,4.31
2023-10-15,Bengaluru,24,25.12,13.41,7.55
2023-10-16,Bengaluru,24,22.9,0.0,8.05
2023-10-17,Bengaluru,24,23.37,0.0,9.83
2023-10-18,Bengaluru,24,20.99,0.0,5.19
2023-10-19,Bengaluru,24,23.84,1.31,8.89
2023-10-20,Bengaluru,24,22.67,5.96,10.7
2023-10-21,Bengaluru,24,24.6,25.44,11.59
2023-10-22,Bengaluru,24,23.94,12.67,6.79
2023-10-23,Bengaluru,24,24.3,15.16,11.59
2023-10-24,Bengaluru,24,23.65,0.0,6.47
2023-10-25,Bengaluru,24,21.99,0.0,1.69
2023-10-26,Bengaluru,24,23.49,13.86,8.29
2023-10-27,Bengaluru,24,24.27,10.74,11.37
2023-10-28,Bengaluru,24,23.04,0.0,2.12
2023-10-29,Bengaluru,24,24.44,0.0,1.96
2023-10-30,Bengaluru,24,22.96,0.0,5.69
2023-10-31,Bengaluru,24,23.4,0.0,9.3
2023-11-01,Bengaluru,24,22.05,0.0,7.41
2023-11-02,Bengaluru,24,23.01,0.0,9.53
2023-11-03,Bengaluru,24,19.44,0.0,7.16
2023-11-04,Bengaluru,24,22.02,8.17,7.94
2023-11-05,Bengaluru,24,22.26,0.0,6.24
2023-11-06,Bengaluru,24,22.61,0.0,6.4
2023-11-07,Bengaluru,24,19.47,0.0,7.48
2023-11-08,Bengaluru,24,19.8,4.4,7.34
2023-11-09,Bengaluru,24,20.84,7.35,4.37
2023-11-10,Bengaluru,24,18.34,12.59,7.18
2023-11-11,Bengaluru,24,19.38,0.0,4.28
2023-11-12,Bengaluru,24,19.73,0.0,3.82
2023-11-13,Bengaluru,24,17.41,0.0,5.29
2023-11-14,Bengaluru,24,19.42,0.0,6.25
2023-11-15,Bengaluru,24,17.34,0.0,3.47
2023-11-16,Bengaluru,24,17.87,0.0,6.76
2023-11-17,Bengaluru,24,17.94,0.0,5.7
2023-11-18,Bengaluru,24,21.79,0.0,4.72
2023-11-19,Bengaluru,24,22.34,0.0,4.73
2023-11-20,Bengaluru,24,23.63,0.0,4.67
2023-11-21,Bengaluru,24,22.71,0.0,8.69
2023-11-22,Bengaluru,24,23.93,0.0,5.5
2023-11-23,Bengaluru,24,23.55,0.0,5.96
2023-11-24,Bengaluru,24,23.16,0.0,5.97
2023-11-25,Bengaluru,24,22.24,0.0,7.58
2023-11-26,Bengaluru,24,20.51,0.0,7.1
2023-11-27,Bengaluru,24,22.54,0.0,7.86
2023-11-28,Bengaluru,24,21.05,0.0,4.5
2023-11-29,Bengaluru,24,23.85,0.0,5.14
2023-11-30,Bengaluru,24,21.28,0.0,4.15
2023-12-01,Bengaluru,24,21.21,0.0,2.41
2023-12-02,Bengaluru,24,21.52,0.0,9.0
2023-12-03,Bengaluru,24,21.6,0.0,8.03
2023-12-04,Bengaluru,24,22.12,0.0,6.79
2023-12-05,Bengaluru,24,22.18,0.0,6.06
2023-12-06,Bengaluru,24,22.8,0.0,4.43
2023-12-07,Bengaluru,24,19.46,0.0,3.6
2023-12-08,Bengaluru,24,17.14,0.0,4.73
2023-12-09,Bengaluru,24,18.68,0.0,7.62
2023-12-10,Bengaluru,24,20.75,0.0,3.7
2023-12-11,Bengaluru,24,21.76,0.0,2.1
2023-12-12,Bengaluru,24,21.37,0.0,6.71
2023-12-13,Bengaluru,24,21.78,0.0,6.9
2023-12-14,Bengaluru,24,20.03,0.0,5.2
2023-12-15,Bengaluru,24,22.22,0.0,7.79
2023-12-16,Bengaluru,24,21.24,0.0,7.0
2023-12-17,Bengaluru,24,21.79,0.0,9.84
2023-12-18,Bengaluru,24,21.25,0.0,11.99
2023-12-19,Bengaluru,24,18.87,0.0,13.38
2023-12-20,Bengaluru,24,19.47,0.0,7.34
2023-12-21,Bengaluru,24,20.15,0.0,7.19
2023-12-22,Bengaluru,24,21.97,0.0,8.98
2023-12-23,Bengaluru,24,19.52,0.0,5.98
2023-12-24,Bengaluru,24,19.6,0.0,3.83
2023-12-25,Bengaluru,24,22.95,0.0,5.48
2023-12-26,Bengaluru,24,21.35,0.0,7.57
2023-12-27,Bengaluru,24,20.52,0.0,7.54
2023-12-28,Bengaluru,24,19.45,0.0,5.66
2023-12-29,Bengaluru,24,17.25,0.0,5.97
2023-12-30,Bengaluru,24,17.87,0.0,5.55
2023-12-31,Bengaluru,24,17.77,0.0,6.7
2024-01-01,Bengaluru,24,19.07,0.0,3.87
2024-01-02,Bengaluru,24,19.14,0.0,2.89
2024-01-03,Bengaluru,24,21.7,0.16,2.49
2024-01-04,Bengaluru,24,20.48,0.0,8.31
2024-01-05,Bengaluru,24,21.96,0.17,4.95
2024-01-06,Bengaluru,24,23.7,0.45,8.75
2024-01-07,Bengaluru,24,21.28,0.0,8.37
2024-01-08,Bengaluru,24,19.16,0.0,6.47
2024-01-09,Bengaluru,24,17.94,0.0,7.53
2024-01-10,Bengaluru,24,19.71,0.0,7.83
2024-01-11,Bengaluru,24,18.47,0.0,7.67
2024-01-12,Bengaluru,24,18.04,0.0,5.45
2024-01-13,Bengaluru,24,19.92,0.0,4.84
2024-01-14,Bengaluru,24,21.44,0.0,7.51
2024-01-15,Bengaluru,24,22.11,0.0,9.11
2024-01-16,Bengaluru,24,21.99,0.0,7.9
2024-01-17,Bengaluru,24,22.65,0.0,9.49
2024-01-18,Bengaluru,24,22.3,0.0,7.06
2024-01-19,Bengaluru,24,21.11,0.0,6.56
2024-01-20,Bengaluru,24,20.53,0.0,3.1
2024-01-21,Bengaluru,24,19.49,0.0,8.4
2024-01-22,Bengaluru,24,20.6,0.0,7.89
2024-01-23,Bengaluru,24,20.82,0.0,4.21
2024-01-24,Bengaluru,24,23.84,0.0,7.76
2024-01-25,Bengaluru,24,22.32,0.0,6.85
2024-01-26,Bengaluru,24,20.29,0.0,5.56
2024-01-27,Bengaluru,24,22.18,0.0,5.57
2024-01-28,Bengaluru,24,22.73,0.0,5.59
2024-01-29,Bengaluru,24,22.76,0.0,3.82
2024-01-30,Bengaluru,24,24.79,0.0,9.32
2024-01-31,Bengaluru,24,23.57,0.0,6.94
2024-02-01,Bengaluru,24,26.54,0.0,6.42
2024-02-02,Bengaluru,24,26.02,0.0,4.48
2024-02-03,Bengaluru,24,25.81,0.0,7.56
2024-02-04,Bengaluru,24,26.56,0.0,8.32
2024-02-05,Bengaluru,24,27.29,0.0,5.64
2024-02-06,Bengaluru,24,25.44,0.0,7.45
2024-02-07,Bengaluru,24,23.76,0.0,5.97
2024-02-08,Bengaluru,24,23.41,0.0,8.74
2024-02-09,Bengaluru,24,22.09,0.0,5.81
2024-02-10,Bengaluru,24,23.67,0.0,10.56
2024-02-11,Bengaluru,24,22.65,0.0,7.0
2024-02-12,Bengaluru,24,20.55,0.0,6.62
2024-02-13,Bengaluru,24,21.22,0.0,7.77
2024-02-14,Bengaluru,24,19.35,0.0,9.49
2024-02-15,Bengaluru,24,17.72,0.0,6.87
2024-02-16,Bengaluru,24,18.62,0.0,7.02
2024-02-17,Bengaluru,24,20.5,0.0,3.67
2024-02-18,Bengaluru,24,21.06,0.0,5.8
2024-02-19,Bengaluru,24,20.5,0.0,4.31
2024-02-20,Bengaluru,24,20.89,0.0,8.45
2024-02-21,Bengaluru,24,20.84,0.0,4.41
2024-02-22,Bengaluru,24,21.98,0.0,4.63
2024-02-23,Bengaluru,24,21.45,0.0,8.32
2024-02-24,Bengaluru,24,22.37,0.0,8.01
2024-02-25,Bengaluru,24,22.59,0.0,5.9
2024-02-26,Bengaluru,24,23.61,0.0,6.39
2024-02-27,Bengaluru,24,25.47,0.0,8.87
2024-02-28,Bengaluru,24,22.53,0.0,7.07
2024-02-29,Bengaluru,24,23.4,0.0,8.27
2024-03-01,Bengaluru,24,24.08,0.0,10.59
2024-03-02,Bengaluru,24,25.63,0.0,7.01
2024-03-03,Bengaluru,24,23.76,0.0,10.61
2024-03-04,Bengaluru,24,22.59,0.0,11.51
2024-03-05,Bengaluru,24,25.92,0.0,12.22
2024-03-06,Bengaluru,24,24.3,0.0,12.18
2024-03-07,Bengaluru,24,26.03,0.0,7.17
2024-03-08,Bengaluru,24,28.64,0.0,8.19
2024-03-09,Bengaluru,24,28.77,0.0,10.98
2024-03-10,Bengaluru,24,29.52,0.0,10.12
2024-03-11,Bengaluru,24,28.74,0.0,9.3
2024-03-12,Bengaluru,24,28.91,0.0,8.43
2024-03-13,Bengaluru,24,26.96,0.0,6.81
2024-03-14,Bengaluru,24,29.47,0.0,9.43
2024-03-15,Bengaluru,24,28.64,0.0,9.71
2024-03-16,Bengaluru,24,28.35,1.12,11.38
2024-03-17,Bengaluru,24,28.01,0.0,10.31
2024-03-18,Bengaluru,24,29.66,0.0,10.63
2024-03-19,Bengaluru,24,27.55,0.0,6.42
2024-03-20,Bengaluru,24,25.54,0.0,9.26
2024-03-21,Bengaluru,24,26.8,0.0,5.61
2024-03-22,Bengaluru,24,25.26,0.0,8.68
2024-03-23,Bengaluru,24,27.19,0.0,9.25
2024-03-24,Bengaluru,24,26.99,0.0,8.23
2024-03-25,Bengaluru,24,24.46,0.0,8.85
2024-03-26,Bengaluru,24,26.79,0.0,8.64
2024-03-27,Bengaluru,24,26.65,1.6,8.53
2024-03-28,Bengaluru,24,25.97,0.0,9.73
2024-03-29,Bengaluru,24,26.21,0.0,15.75
2024-03-30,Bengaluru,24,28.04,0.0,11.8
2024-03-31,Bengaluru,24,26.13,0.0,7.29
2024-04-01,Bengaluru,24,26.33,0.0,11.55
2024-04-02,Bengaluru,24,26.5,0.0,10.33
2024-04-03,Bengaluru,24,31.61,4.29,12.63
2024-04-04,Bengaluru,24,27.92,3.67,11.83
2024-04-05,Bengaluru,24,28.0,0.0,11.76
2024-04-06,Bengaluru,24,27.62,0.0,11.67
2024-04-07,Bengaluru,24,28.28,0.0,15.39
2024-04-08,Bengaluru,24,26.75,0.0,10.53
2024-04-09,Bengaluru,24,28.65,0.0,12.35
2024-04-10,Bengaluru,24,30.4,0.0,7.11
2024-04-11,Bengaluru,24,28.72,0.0,8.35
2024-04-12,Bengaluru,24,30.17,6.57,12.45
2024-04-13,Bengaluru,24,29.64,0.0,9.29
2024-04-14,Bengaluru,24,27.69,0.0,11.66
2024-04-15,Bengaluru,24,26.55,0.0,8.48
2024-04-16,Bengaluru,24,27.72,0.0,7.14
2024-04-17,Bengaluru,24,28.3,0.0,10.05
2024-04-18,Bengaluru,24,27.94,0.0,10.32
2024-04-19,Bengaluru,24,27.71,0.0,10.15
2024-04-20,Bengaluru,24,27.15,0.0,10.27
2024-04-21,Bengaluru,24,27.03,0.0,11.37
2024-04-22,Bengaluru,24,28.42,0.0,9.76
2024-04-23,Bengaluru,24,27.78,0.0,10.96
2024-04-24,Bengaluru,24,29.15,0.0,13.71
2024-04-25,Bengaluru,24,28.89,0.0,9.79
2024-04-26,Bengaluru,24,27.94,0.0,9.89
2024-04-27,Bengaluru,24,31.31,0.0,11.7
2024-04-28,Bengaluru,24,29.61,0.0,11.16
2024-04-29,Bengaluru,24,27.59,0.0,7.61
2024-04-30,Bengaluru,24,26.43,0.0,11.1
2024-05-01,Bengaluru,24,26.1,0.0,10.73
2024-05-02,Bengaluru,24,24.17,0.0,11.83
2024-05-03,Bengaluru,24,25.51,0.0,8.7
2024-05-04,Bengaluru,24,25.37,0.0,6.22
2024-05-05,Bengaluru,24,23.56,3.14,11.22
2024-05-06,Bengaluru,24,23.93,4.55,11.6
2024-05-07,Bengaluru,24,24.97,2.47,7.66
2024-05-08,Bengaluru,24,26.18,10.06,9.89
2024-05-09,Bengaluru,24,26.55,1.76,9.9
2024-05-10,Bengaluru,24,25.84,3.06,7.52
2024-05-11,Bengaluru,24,27.34,0.0,8.41
2024-05-12,Bengaluru,24,30.14,0.0,12.68
2024-05-13,Bengaluru,24,28.09,0.0,13.11
2024-05-14,Bengaluru,24,28.69,0.0,10.7
2024-05-15,Bengaluru,24,27.25,0.0,12.0
2024-05-16,Bengaluru,24,25.2,0.0,9.03
2024-05-17,Bengaluru,24,25.74,12.26,14.75
2024-05-18,Bengaluru,24,26.55,2.3,15.61
2024-05-19,Bengaluru,24,26.47,4.16,14.18
2024-05-20,Bengaluru,24,26.66,0.0,14.63
2024-05-21,Bengaluru,24,25.92,0.0,15.13
2024-05-22,Bengaluru,24,26.12,0.0,9.94
2024-05-23,Bengaluru,24,24.68,0.0,8.3
2024-05-24,Bengaluru,24,25.92,0.0,9.53
2024-05-25,Bengaluru,24,23.59,0.0,8.86
2024-05-26,Bengaluru,24,23.76,0.0,11.31
2024-05-27,Bengaluru,24,26.43,0.0,9.48
2024-05-28,Bengaluru,24,25.1,0.18,8.71
2024-05-29,Bengaluru,24,25.27,0.0,11.73
2024-05-30,Bengaluru,24,24.16,0.0,9.1
2024-05-31,Bengaluru,24,26.48,0.0,14.67
2024-06-01,Bengaluru,24,23.3,0.0,16.53
2024-06-02,Bengaluru,24,20.4,0.0,14.68
2024-06-03,Bengaluru,24,21.1,0.0,16.38
2024-06-04,Bengaluru,24,23.33,0.0,12.24
2024-06-05,Bengaluru,24,27.18,0.0,12.12
2024-06-06,Bengaluru,24,24.26,0.0,9.5
2024-06-07,Bengaluru,24,25.49,9.91,10.9
2024-06-08,Bengaluru,24,25.88,0.0,9.89
2024-06-09,Bengaluru,24,24.69,0.0,9.88
2024-06-10,Bengaluru,24,24.57,39.08,18.2
2024-06-11,Bengaluru,24,23.69,0.0,12.47
2024-06-12,Bengaluru,24,22.6,19.95,19.34
2024-06-13,Bengaluru,24,21.55,0.0,12.9
2024-06-14,Bengaluru,24,26.47,0.0,13.43
2024-06-15,Bengaluru,24,25.63,0.0,13.38
2024-06-16,Bengaluru,24,26.0,0.0,15.34
2024-06-17,Bengaluru,24,25.51,0.0,10.73
2024-06-18,Bengaluru,24,24.17,0.0,12.57
2024-06-19,Bengaluru,24,23.61,0.0,13.46
2024-06-20,Bengaluru,24,23.78,0.0,11.91
2024-06-21,Bengaluru,24,25.01,0.0,13.24
2024-06-22,Bengaluru,24,25.66,0.0,11.8
2024-06-23,Bengaluru,24,24.56,0.0,14.07
2024-06-24,Bengaluru,24,23.78,3.47,14.81
2024-06-25,Bengaluru,24,24.31,0.0,10.6
2024-06-26,Bengaluru,24,23.43,0.0,10.83
2024-06-27,Bengaluru,24,25.35,0.0,10.4
2024-06-28,Bengaluru,24,24.34,0.0,10.62
2024-06-29,Bengaluru,24,22.51,0.0,11.23
2024-06-30,Bengaluru,24,25.36,27.24,11.3
2024-07-01,Bengaluru,24,23.67,28.2,13.55
2024-07-02,Bengaluru,24,22.9,0.0,10.84
2024-07-03,Bengaluru,24,22.49,0.0,11.1
2024-07-04,Bengaluru,24,21.8,0.0,9.71
2024-07-05,Bengaluru,24,23.13,0.0,8.56
2024-07-06,Bengaluru,24,23.63,0.0,9.94
2024-07-07,Bengaluru,24,23.45,0.0,11.15
2024-07-08,Bengaluru,24,21.67,9.63,14.07
2024-07-09,Bengaluru,24,20.77,0.0,13.1
2024-07-10,Bengaluru,24,19.47,0.0,8.12
2024-07-11,Bengaluru,24,19.54,0.0,11.07
2024-07-12,Bengaluru,24,21.22,0.0,10.03
2024-07-13,Bengaluru,24,20.22,0.0,8.65
2024-07-14,Bengaluru,24,21.37,0.0,13.72
2024-07-15,Bengaluru,24,24.23,0.0,10.67
2024-07-16,Bengaluru,24,24.93,0.0,11.7
2024-07-17,Bengaluru,24,22.82,0.0,11.51
2024-07-18,Bengaluru,24,21.93,1.55,9.36
2024-07-19,Bengaluru,24,21.34,1.74,13.64
2024-07-20,Bengaluru,24,21.39,0.0,13.07
2024-07-21,Bengaluru,24,21.65,0.0,14.11
2024-07-22,Bengaluru,24,23.94,0.0,12.98
2024-07-23,Bengaluru,24,22.81,0.0,11.45
2024-07-24,Bengaluru,24,21.46,13.46,16.04
2024-07-25,Bengaluru,24,21.79,0.0,12.22
2024-07-26,Bengaluru,24,22.24,0.0,12.44
2024-07-27,Bengaluru,24,20.7,0.0,11.34
2024-07-28,Bengaluru,24,19.57,0.0,14.11
2024-07-29,Bengaluru,24,18.2,0.0,16.01
2024-07-30,Bengaluru,24,20.73,8.28,13.55
2024-07-31,Bengaluru,24,22.36,12.82,14.11
2024-08-01,Bengaluru,24,23.76,0.0,6.53
2024-08-02,Bengaluru,24,21.77,0.0,12.38
2024-08-03,Bengaluru,24,20.13,0.0,13.07
2024-08-04,Bengaluru,24,20.81,7.75,10.95
2024-08-05,Bengaluru,24,20.32,4.7,10.68
2024-08-06,Bengaluru,24,21.67,2.71,9.27
2024-08-07,Bengaluru,24,23.64,4.79,9.28
2024-08-08,Bengaluru,24,23.43,0.96,9.37
2024-08-09,Bengaluru,24,24.94,3.86,12.89
2024-08-10,Bengaluru,24,24.57,12.35,15.37
2024-08-11,Bengaluru,24,23.01,2.23,12.13
2024-08-12,Bengaluru,24,24.91,0.0,14.83
2024-08-13,Bengaluru,24,26.42,0.0,14.38
2024-08-14,Bengaluru,24,24.52,9.52,11.97
2024-08-15,Bengaluru,24,23.19,0.0,10.61
2024-08-16,Bengaluru,24,22.07,0.0,10.69
2024-08-17,Bengaluru,24,22.72,2.16,11.09
2024-08-18,Bengaluru,24,23.5,3.07,9.39
2024-08-19,Bengaluru,24,23.49,4.75,10.46
2024-08-20,Bengaluru,24,23.5,5.43,11.75
2024-08-21,Bengaluru,24,23.2,16.4,14.33
2024-08-22,Bengaluru,24,23.4,9.82,14.36
2024-08-23,Bengaluru,24,23.67,0.0,10.4
2024-08-24,Bengaluru,24,22.53,0.0,10.95
2024-08-25,Bengaluru,24,22.81,0.0,14.16
2024-08-26,Bengaluru,24,21.59,0.0,12.59
2024-08-27,Bengaluru,24,20.36,1.5,14.61
2024-08-28,Bengaluru,24,20.47,14.75,14.12
2024-08-29,Bengaluru,24,19.95,0.0,13.7
2024-08-30,Bengaluru,24,21.9,0.0,9.18
2024-08-31,Bengaluru,24,19.77,0.0,11.91
2024-09-01,Bengaluru,24,20.97,0.0,5.96
2024-09-02,Bengaluru,24,20.27,0.0,6.47
2024-09-03,Bengaluru,24,21.92,6.13,8.03
2024-09-04,Bengaluru,24,21.94,20.01,13.1
2024-09-05,Bengaluru,24,23.35,2.27,9.33
2024-09-06,Bengaluru,24,22.67,8.72,10.01
2024-09-07,Bengaluru,24,22.82,5.29,8.97
2024-09-08,Bengaluru,24,23.79,1.2,9.43
2024-09-09,Bengaluru,24,22.48,16.67,9.97
2024-09-10,Bengaluru,24,21.45,7.83,10.63
2024-09-11,Bengaluru,24,22.81,5.85,9.81
2024-09-12,Bengaluru,24,23.64,24.65,10.77
2024-09-13,Bengaluru,24,23.56,19.35,8.7
2024-09-14,Bengaluru,24,22.68,4.33,9.96
2024-09-15,Bengaluru,24,24.17,10.74,11.55
2024-09-16,Bengaluru,24,22.57,1.12,6.88
2024-09-17,Bengaluru,24,24.91,11.36,10.07
2024-09-18,Bengaluru,24,22.89,18.96,11.41
2024-09-19,Bengaluru,24,25.21,12.72,10.39
2024-09-20,Bengaluru,24,25.96,9.32,11.28
2024-09-21,Bengaluru,24,24.92,1.43,11.51
2024-09-22,Bengaluru,24,25.96,9.27,16.33
2024-09-23,Bengaluru,24,24.54,0.0,10.68
2024-09-24,Bengaluru,24,25.34,14.37,13.21
2024-09-25,Bengaluru,24,24.41,3.2,11.12
2024-09-26,Bengaluru,24,23.51,2.14,9.17
2024-09-27,Bengaluru,24,25.65,3.72,10.67
2024-09-28,Bengaluru,24,27.42,2.79,14.56
2024-09-29,Bengaluru,24,25.35,21.69,17.49
2024-09-30,Bengaluru,24,25.54,2.44,12.33
2024-10-01,Bengaluru,24,25.72,8.02,7.24
2024-10-02,Bengaluru,24,24.87,5.63,10.1
2024-10-03,Bengaluru,24,26.73,8.52,13.9
2024-10-04,Bengaluru,24,24.46,8.97,9.69
2024-10-05,Bengaluru,24,23.93,6.82,8.19
2024-10-06,Bengaluru,24,21.19,1.99,5.9
2024-10-07,Bengaluru,24,23.04,4.84,4.58
2024-10-08,Bengaluru,24,23.09,4.31,5.41
2024-10-09,Bengaluru,24,20.99,16.74,9.66
2024-10-10,Bengaluru,24,20.59,0.0,7.14
2024-10-11,Bengaluru,24,21.43,0.0,3.33
2024-10-12,Bengaluru,24,21.71,0.0,4.44
2024-10-13,Bengaluru,24,24.04,0.0,7.01
2024-10-14,Bengaluru,24,23.9,0.0,7.27
2024-10-15,Bengaluru,24,23.77,0.0,8.82
2024-10-16,Bengaluru,24,23.97,0.0,7.59
2024-10-17,Bengaluru,24,25.58,0.0,11.52
2024-10-18,Bengaluru,24,22.32,0.0,10.23
2024-10-19,Bengaluru,24,22.95,0.0,8.13
2024-10-20,Bengaluru,24,23.59,0.63,7.75
2024-10-21,Bengaluru,24,23.31,9.6,9.81
2024-10-22,Bengaluru,24,23.17,23.53,12.47
2024-10-23,Bengaluru,24,23.81,3.67,12.12
2024-10-24,Bengaluru,24,22.1,16.59,11.54
2024-10-25,Bengaluru,24,24.4,13.41,7.82
2024-10-26,Bengaluru,24,23.79,0.0,8.44
2024-10-27,Bengaluru,24,22.89,0.0,8.28
2024-10-28,Bengaluru,24,21.34,0.0,8.09
2024-10-29,Bengaluru,24,20.8,0.0,6.5
2024-10-30,Bengaluru,24,21.43,0.0,4.36
2024-10-31,Bengaluru,24,21.67,0.0,8.99
2024-11-01,Bengaluru,24,20.04,0.0,5.26
2024-11-02,Bengaluru,24,21.14,6.3,6.33
2024-11-03,Bengaluru,24,21.37,0.0,3.2
2024-11-04,Bengaluru,24,20.2,0.0,6.33
2024-11-05,Bengaluru,24,18.2,8.16,9.72
2024-11-06,Bengaluru,24,20.02,2.95,7.58
2024-11-07,Bengaluru,24,17.02,20.43,15.26
2024-11-08,Bengaluru,24,17.6,0.0,6.47
2024-11-09,Bengaluru,24,17.53,0.0,6.65
2024-11-10,Bengaluru,24,18.5,0.0,5.9
2024-11-11,Bengaluru,24,17.67,0.0,7.3
2024-11-12,Bengaluru,24,18.63,0.0,7.58
2024-11-13,Bengaluru,24,22.12,6.37,9.91
2024-11-14,Bengaluru,24,22.23,0.0,8.02
2024-11-15,Bengaluru,24,23.7,0.0,6.5
2024-11-16,Bengaluru,24,24.0,10.73,6.12
2024-11-17,Bengaluru,24,22.16,0.0,4.23
2024-11-18,Bengaluru,24,24.1,0.0,4.0
2024-11-19,Bengaluru,24,22.91,0.0,4.81
2024-11-20,Bengaluru,24,23.14,0.0,7.0
2024-11-21,Bengaluru,24,21.76,0.0,11.16
2024-11-22,Bengaluru,24,19.41,7.69,8.28
2024-11-23,Bengaluru,24,21.35,5.33,6.92
2024-11-24,Bengaluru,24,21.17,3.05,6.7
2024-11-25,Bengaluru,24,21.53,0.0,5.57
2024-11-26,Bengaluru,24,20.04,0.0,9.1
2024-11-27,Bengaluru,24,18.86,0.0,7.25
2024-11-28,Bengaluru,24,19.24,0.0,6.18
2024-11-29,Bengaluru,24,20.35,0.0,4.41
2024-11-30,Bengaluru,24,22.35,1.46,6.14
2024-12-01,Bengaluru,24,20.73,0.0,5.57
2024-12-02,Bengaluru,24,19.22,0.0,5.78
2024-12-03,Bengaluru,24,20.72,0.0,5.72
2024-12-04,Bengaluru,24,19.37,0.0,4.03
2024-12-05,Bengaluru,24,19.57,0.0,9.48
2024-12-06,Bengaluru,24,21.38,0.0,6.84
2024-12-07,Bengaluru,24,22.27,0.0,4.91
2024-12-08,Bengaluru,24,20.44,0.0,10.1
2024-12-09,Bengaluru,24,21.14,0.0,4.97
2024-12-10,Bengaluru,24,20.29,0.0,8.22
2024-12-11,Bengaluru,24,19.09,0.0,6.47
2024-12-12,Bengaluru,24,19.84,0.0,5.19
2024-12-13,Bengaluru,24,22.9,0.0,3.83
2024-12-14,Bengaluru,24,23.99,0.0,8.52
2024-12-15,Bengaluru,24,23.37,0.0,8.47
2024-12-16,Bengaluru,24,21.54,0.0,7.42
2024-12-17,Bengaluru,24,20.86,0.0,8.2
2024-12-18,Bengaluru,24,19.53,0.0,11.04
2024-12-19,Bengaluru,24,20.08,0.0,8.19
2024-12-20,Bengaluru,24,19.91,0.0,7.69
2024-12-21,Bengaluru,24,20.08,0.0,7.53
2024-12-22,Bengaluru,24,21.58,0.0,9.2
2024-12-23,Bengaluru,24,19.39,0.0,6.65
2024-12-24,Bengaluru,24,18.5,0.0,5.86
2024-12-25,Bengaluru,24,21.43,0.0,6.33
2024-12-26,Bengaluru,24,20.29,0.0,3.57
2024-12-27,Bengaluru,24,19.6,83.94,18.17
2024-12-28,Bengaluru,24,19.83,0.0,4.66
2024-12-29,Bengaluru,24,20.72,0.0,6.08
2024-12-30,Bengaluru,24,20.78,0.0,1.73
2024-12-31,Bengaluru,24,19.57,0.0,4.13
2025-01-01,Bengaluru,24,22.54,0.0,3.2
2025-01-02,Bengaluru,24,23.78,0.0,7.62
2025-01-03,Bengaluru,24,22.96,0.0,5.58
2025-01-04,Bengaluru,24,21.4,0.0,7.06
2025-01-05,Bengaluru,24,21.46,0.0,6.95
2025-01-06,Bengaluru,24,20.92,0.0,3.9
2025-01-07,Bengaluru,24,20.68,0.0,8.15
2025-01-08,Bengaluru,24,21.78,0.0,6.55
2025-01-09,Bengaluru,24,20.71,0.0,5.48
2025-01-10,Bengaluru,24,19.17,0.0,6.52
2025-01-11,Bengaluru,24,19.59,0.0,4.79
2025-01-12,Bengaluru,24,19.14,0.0,6.05
2025-01-13,Bengaluru,24,21.17,0.0,4.91
2025-01-14,Bengaluru,24,22.64,0.0,3.73
2025-01-15,Bengaluru,24,19.97,0.0,2.45
2025-01-16,Bengaluru,24,21.17,0.0,4.85
2025-01-17,Bengaluru,24,21.41,0.0,8.72
2025-01-18,Bengaluru,24,22.41,0.0,8.86
2025-01-19,Bengaluru,24,21.54,0.0,6.23
2025-01-20,Bengaluru,24,19.28,0.0,5.46
2025-01-21,Bengaluru,24,19.44,0.0,5.37
2025-01-22,Bengaluru,24,17.54,0.0,5.8
2025-01-23,Bengaluru,24,17.03,0.0,3.27
2025-01-24,Bengaluru,24,18.59,0.0,2.25
2025-01-25,Bengaluru,24,18.7,0.0,4.63
2025-01-26,Bengaluru,24,19.0,0.0,5.26
2025-01-27,Bengaluru,24,19.89,0.0,4.26
2025-01-28,Bengaluru,24,19.48,0.0,3.03
2025-01-29,Bengaluru,24,18.1,0.0,3.88
2025-01-30,Bengaluru,24,20.34,0.0,3.87
2025-01-31,Bengaluru,24,18.17,0.0,3.04
2025-02-01,Bengaluru,24,21.86,0.0,2.12
2025-02-02,Bengaluru,24,22.37,0.0,4.52
2025-02-03,Bengaluru,24,19.49,0.0,7.38
2025-02-04,Bengaluru,24,22.74,0.0,8.63
2025-02-05,Bengaluru,24,22.4,0.0,6.59
2025-02-06,Bengaluru,24,23.16,0.0,9.16
2025-02-07,Bengaluru,24,23.03,0.0,7.8
2025-02-08,Bengaluru,24,22.8,0.0,5.84
2025-02-09,Bengaluru,24,24.17,0.0,8.44
2025-02-10,Bengaluru,24,23.89,0.0,7.59
2025-02-11,Bengaluru,24,26.07,0.0,4.71
2025-02-12,Bengaluru,24,25.54,0.0,6.52
2025-02-13,Bengaluru,24,25.64,0.0,8.56
2025-02-14,Bengaluru,24,24.84,0.0,9.2
2025-02-15,Bengaluru,24,25.38,0.0,7.63
2025-02-16,Bengaluru,24,25.75,0.0,7.03
2025-02-17,Bengaluru,24,25.12,0.0,4.89
2025-02-18,Bengaluru,24,24.1,0.0,8.54
2025-02-19,Bengaluru,24,22.66,0.0,5.6
2025-02-20,Bengaluru,24,21.48,0.0,8.01
2025-02-21,Bengaluru,24,20.98,0.0,8.55
2025-02-22,Bengaluru,24,19.38,0.0,7.32
2025-02-23,Bengaluru,24,19.46,0.0,8.5
2025-02-24,Bengaluru,24,18.05,0.0,9.13
2025-02-25,Bengaluru,24,20.27,0.0,5.52
2025-02-26,Bengaluru,24,21.74,0.0,6.41
2025-02-27,Bengaluru,24,22.41,0.0,6.69
2025-02-28,Bengaluru,24,22.39,0.0,6.28
2025-03-01,Bengaluru,24,24.29,0.0,5.26
2025-03-02,Bengaluru,24,24.04,0.0,9.3
2025-03-03,Bengaluru,24,24.49,0.0,8.06
2025-03-04,Bengaluru,24,26.22,0.0,6.95
2025-03-05,Bengaluru,24,27.56,0.0,7.1
2025-03-06,Bengaluru,24,27.53,0.0,7.71
2025-03-07,Bengaluru,24,26.21,0.0,9.52
2025-03-08,Bengaluru,24,28.01,0.0,7.36
2025-03-09,Bengaluru,24,27.2,0.0,8.59
2025-03-10,Bengaluru,24,27.1,0.0,8.44
2025-03-11,Bengaluru,24,26.02,0.0,9.75
2025-03-12,Bengaluru,24,24.36,0.0,6.97
2025-03-13,Bengaluru,24,21.76,0.0,6.86
2025-03-14,Bengaluru,24,22.87,0.0,6.35
2025-03-15,Bengaluru,24,24.56,0.0,10.45
2025-03-16,Bengaluru,24,21.47,0.0,7.57
2025-03-17,Bengaluru,24,21.64,0.0,7.77
2025-03-18,Bengaluru,24,22.82,0.0,9.51
2025-03-19,Bengaluru,24,24.86,0.0,10.71
2025-03-20,Bengaluru,24,25.46,0.0,9.77
2025-03-21,Bengaluru,24,25.78,0.0,9.36
2025-03-22,Bengaluru,24,25.3,0.0,7.7
2025-03-23,Bengaluru,24,24.09,0.0,4.98
2025-03-24,Bengaluru,24,25.7,0.0,8.17
2025-03-25,Bengaluru,24,24.9,0.0,8.46
2025-03-26,Bengaluru,24,24.72,0.0,4.27
2025-03-27,Bengaluru,24,24.93,0.0,8.0
2025-03-28,Bengaluru,24,26.34,0.0,9.85
2025-03-29,Bengaluru,24,26.97,0.0,6.55
2025-03-30,Bengaluru,24,27.1,0.0,6.53
2025-03-31,Bengaluru,24,26.01,0.0,9.81
2025-04-01,Bengaluru,24,26.52,0.0,7.64
2025-04-02,Bengaluru,24,27.09,0.0,9.64
2025-04-03,Bengaluru,24,27.21,0.0,9.05
2025-04-04,Bengaluru,24,27.34,0.0,10.75
2025-04-05,Bengaluru,24,27.64,0.0,11.18
2025-04-06,Bengaluru,24,27.4,0.0,9.36
2025-04-07,Bengaluru,24,28.4,0.0,11.41
2025-04-08,Bengaluru,24,30.14,0.0,13.47
2025-04-09,Bengaluru,24,26.31,0.0,11.62
2025-04-10,Bengaluru,24,25.22,0.0,11.14
2025-04-11,Bengaluru,24,25.56,0.0,12.16
2025-04-12,Bengaluru,24,27.03,0.0,12.55
2025-04-13,Bengaluru,24,28.89,0.0,7.63
2025-04-14,Bengaluru,24,26.15,5.93,11.8
2025-04-15,Bengaluru,24,29.7,5.49,11.78
2025-04-16,Bengaluru,24,28.68,0.0,14.01
2025-04-17,Bengaluru,24,27.63,0.0,10.04
2025-04-18,Bengaluru,24,28.41,4.9,13.56
2025-04-19,Bengaluru,24,28.3,14.99,15.39
2025-04-20,Bengaluru,24,25.45,4.69,13.52
2025-04-21,Bengaluru,24,23.43,0.0,12.38
2025-04-22,Bengaluru,24,26.86,0.0,8.88
2025-04-23,Bengaluru,24,26.93,0.0,9.52
2025-04-24,Bengaluru,24,26.75,10.48,13.48
2025-04-25,Bengaluru,24,26.62,2.09,6.53
2025-04-26,Bengaluru,24,27.64,0.0,7.89
2025-04-27,Bengaluru,24,29.23,0.0,6.31
2025-04-28,Bengaluru,24,29.33,1.94,5.79
2025-04-29,Bengaluru,24,27.26,11.87,12.47
2025-04-30,Bengaluru,24,28.12,5.88,13.86
2025-05-01,Bengaluru,24,27.53,1.79,11.16
2025-05-02,Bengaluru,24,27.36,0.0,6.18
2025-05-03,Bengaluru,24,27.25,0.0,8.75
2025-05-04,Bengaluru,24,29.22,0.0,12.3
2025-05-05,Bengaluru,24,28.3,0.0,11.22
2025-05-06,Bengaluru,24,27.36,27.31,17.56
2025-05-07,Bengaluru,24,27.44,0.75,12.22
2025-05-08,Bengaluru,24,27.9,10.51,12.8
2025-05-09,Bengaluru,24,26.57,0.0,7.04
2025-05-10,Bengaluru,24,25.64,0.0,6.81
2025-05-11,Bengaluru,24,25.94,0.0,8.02
2025-05-12,Bengaluru,24,26.36,0.0,13.84
2025-05-13,Bengaluru,24,27.59,0.0,9.55
2025-05-14,Bengaluru,24,26.83,0.0,12.37
2025-05-15,Bengaluru,24,25.73,7.23,14.62
2025-05-16,Bengaluru,24,24.54,0.53,11.83
2025-05-17,Bengaluru,24,25.61,6.66,7.75
2025-05-18,Bengaluru,24,26.69,2.2,8.19
2025-05-19,Bengaluru,24,28.23,0.0,9.24
2025-05-20,Bengaluru,24,27.5,6.91,11.66
2025-05-21,Bengaluru,24,28.23,0.0,13.87
2025-05-22,Bengaluru,24,27.39,0.0,13.65
2025-05-23,Bengaluru,24,25.07,0.0,14.55
2025-05-24,Bengaluru,24,24.05,10.83,14.47
2025-05-25,Bengaluru,24,25.06,0.0,11.97
2025-05-26,Bengaluru,24,24.72,0.0,8.08
2025-05-27,Bengaluru,24,24.41,0.0,9.6
2025-05-28,Bengaluru,24,24.89,10.57,13.64
2025-05-29,Bengaluru,24,27.84,4.24,10.15
2025-05-30,Bengaluru,24,29.45,0.0,7.38
2025-05-31,Bengaluru,24,29.0,0.0,9.09
2025-06-01,Bengaluru,24,26.99,0.0,14.21
2025-06-02,Bengaluru,24,25.97,0.0,14.1
2025-06-03,Bengaluru,24,26.62,0.0,12.27
2025-06-04,Bengaluru,24,24.91,24.22,16.23
2025-06-05,Bengaluru,24,23.4,0.0,9.81
2025-06-06,Bengaluru,24,27.02,0.0,10.29
2025-06-07,Bengaluru,24,25.82,0.0,10.73
2025-06-08,Bengaluru,24,27.73,0.0,12.1
2025-06-09,Bengaluru,24,26.36,0.0,8.35
2025-06-10,Bengaluru,24,25.65,0.0,14.58
2025-06-11,Bengaluru,24,25.79,0.0,10.63
2025-06-12,Bengaluru,24,27.43,0.0,15.05
2025-06-13,Bengaluru,24,23.8,0.0,12.96
2025-06-14,Bengaluru,24,22.81,0.0,7.99
2025-06-15,Bengaluru,24,21.54,0.0,13.02
2025-06-16,Bengaluru,24,21.94,0.0,12.37
2025-06-17,Bengaluru,24,20.9,0.0,15.33
2025-06-18,Bengaluru,24,22.53,0.0,12.74
2025-06-19,Bengaluru,24,23.09,0.0,13.2
2025-06-20,Bengaluru,24,22.76,0.0,10.27
2025-06-21,Bengaluru,24,22.59,2.8,8.38
2025-06-22,Bengaluru,24,23.52,0.0,11.74
2025-06-23,Bengaluru,24,22.49,0.0,9.0
2025-06-24,Bengaluru,24,22.4,0.0,11.6
2025-06-25,Bengaluru,24,21.61,0.0,12.58
2025-06-26,Bengaluru,24,21.31,0.0,10.95
2025-06-27,Bengaluru,24,22.31,0.0,13.12
2025-06-28,Bengaluru,24,24.2,0.0,13.4
2025-06-29,Bengaluru,24,23.9,0.0,10.58
2025-06-30,Bengaluru,24,26.09,2.24,11.35
2025-07-01,Bengaluru,24,22.95,6.94,13.94
2025-07-02,Bengaluru,24,23.62,0.0,12.02
2025-07-03,Bengaluru,24,24.44,0.0,14.64
2025-07-04,Bengaluru,24,21.74,0.0,10.78
2025-07-05,Bengaluru,24,19.16,0.0,13.72
2025-07-06,Bengaluru,24,22.89,0.0,9.53
2025-07-07,Bengaluru,24,23.2,0.0,11.75
2025-07-08,Bengaluru,24,21.35,4.5,12.91
2025-07-09,Bengaluru,24,21.61,34.07,18.65
2025-07-10,Bengaluru,24,21.38,0.0,10.66
2025-07-11,Bengaluru,24,21.02,5.34,8.98
2025-07-12,Bengaluru,24,21.8,1.53,12.6
2025-07-13,Bengaluru,24,21.22,15.81,15.78
2025-07-14,Bengaluru,24,21.95,0.0,16.44
2025-07-15,Bengaluru,24,21.54,0.0,13.52
2025-07-16,Bengaluru,24,21.7,0.0,13.55
2025-07-17,Bengaluru,24,23.44,18.34,15.02
2025-07-18,Bengaluru,24,20.42,2.93,12.66
2025-07-19,Bengaluru,24,23.07,0.0,13.06
2025-07-20,Bengaluru,24,22.59,0.0,13.53
2025-07-21,Bengaluru,24,21.82,0.0,10.39
2025-07-22,Bengaluru,24,24.6,2.7,14.96
2025-07-23,Bengaluru,24,24.9,14.41,13.58
2025-07-24,Bengaluru,24,25.18,9.82,14.53
2025-07-25,Bengaluru,24,24.65,0.0,11.51
2025-07-26,Bengaluru,24,24.24,0.0,15.2
2025-07-27,Bengaluru,24,22.25,0.0,10.62
2025-07-28,Bengaluru,24,21.94,5.2,13.37
2025-07-29,Bengaluru,24,23.61,0.0,14.17
2025-07-30,Bengaluru,24,23.26,0.0,15.26
2025-07-31,Bengaluru,24,24.39,0.54,11.83
2025-08-01,Bengaluru,24,24.21,34.12,17.39
2025-08-02,Bengaluru,24,23.74,0.0,10.81
2025-08-03,Bengaluru,24,24.32,0.0,6.79
2025-08-04,Bengaluru,24,24.09,0.0,10.76
2025-08-05,Bengaluru,24,22.8,0.0,8.97
2025-08-06,Bengaluru,24,23.39,0.0,11.9
2025-08-07,Bengaluru,24,23.46,0.0,7.91
2025-08-08,Bengaluru,24,24.52,0.0,8.32
2025-08-09,Bengaluru,24,22.47,0.0,6.65
2025-08-10,Bengaluru,24,23.6,0.0,11.85
2025-08-11,Bengaluru,24,21.54,0.0,11.17
2025-08-12,Bengaluru,24,21.67,0.0,12.7
2025-08-13,Bengaluru,24,22.96,0.0,13.98
2025-08-14,Bengaluru,24,20.5,2.39,15.61
2025-08-15,Bengaluru,24,21.41,18.39,16.71
2025-08-16,Bengaluru,24,22.47,3.53,13.68
2025-08-17,Bengaluru,24,23.26,8.85,14.17
2025-08-18,Bengaluru,24,23.36,3.79,16.27
2025-08-19,Bengaluru,24,21.47,8.44,14.14
2025-08-20,Bengaluru,24,24.28,0.0,13.9
2025-08-21,Bengaluru,24,25.2,0.0,12.13
2025-08-22,Bengaluru,24,24.87,0.0,11.18
2025-08-23,Bengaluru,24,23.62,0.0,8.78
2025-08-24,Bengaluru,24,21.6,0.0,10.36
2025-08-25,Bengaluru,24,19.43,0.0,10.57
2025-08-26,Bengaluru,24,20.77,0.0,11.29
2025-08-27,Bengaluru,24,22.29,4.37,13.14
2025-08-28,Bengaluru,24,21.68,0.0,11.6
2025-08-29,Bengaluru,24,22.48,0.0,10.76
2025-08-30,Bengaluru,24,21.84,0.0,12.57
2025-08-31,Bengaluru,24,21.66,0.0,8.77
2025-09-01,Bengaluru,24,24.35,0.0,7.37
2025-09-02,Bengaluru,24,24.03,0.0,8.98
2025-09-03,Bengaluru,24,24.0,0.0,10.79
2025-09-04,Bengaluru,24,25.85,0.0,11.5
2025-09-05,Bengaluru,24,22.48,0.0,10.12
2025-09-06,Bengaluru,24,24.38,0.0,10.67
2025-09-07,Bengaluru,24,24.61,0.0,10.63
2025-09-08,Bengaluru,24,22.21,0.0,11.02
2025-09-09,Bengaluru,24,24.73,0.0,11.83
2025-09-10,Bengaluru,24,24.48,0.0,9.25
2025-09-11,Bengaluru,24,24.62,0.0,12.4
2025-09-12,Bengaluru,24,24.91,0.0,9.71
2025-09-13,Bengaluru,24,24.36,0.0,11.68
2025-09-14,Bengaluru,24,23.27,0.0,11.05
2025-09-15,Bengaluru,24,20.65,0.0,8.83
2025-09-16,Bengaluru,24,22.6,0.0,8.08
2025-09-17,Bengaluru,24,23.25,0.0,9.32
2025-09-18,Bengaluru,24,22.37,0.0,4.95
2025-09-19,Bengaluru,24,22.53,12.87,8.29
2025-09-20,Bengaluru,24,20.68,17.89,14.69
2025-09-21,Bengaluru,24,22.78,15.33,12.15
2025-09-22,Bengaluru,24,22.7,0.0,6.36
2025-09-23,Bengaluru,24,19.67,0.0,9.66
2025-09-24,Bengaluru,24,20.26,0.0,10.88
2025-09-25,Bengaluru,24,19.81,0.0,11.05
2025-09-26,Bengaluru,24,19.84,0.0,10.05
2025-09-27,Bengaluru,24,22.0,0.0,10.34
2025-09-28,Bengaluru,24,21.01,1.27,10.26
2025-09-29,Bengaluru,24,20.44,5.3,13.26
2025-09-30,Bengaluru,24,22.99,6.9,12.69
2023-01-01,Bengaluru,72,21.34,0.0,5.04
2023-01-02,Bengaluru,72,20.62,0.0,4.32
2023-01-03,Bengaluru,72,19.36,0.0,6.1
2023-01-04,Bengaluru,72,18.05,0.0,6.61
2023-01-05,Bengaluru,72,19.07,0.0,2.88
2023-01-06,Bengaluru,72,19.33,0.0,7.71
2023-01-07,Bengaluru,72,20.04,0.0,6.79
2023-01-08,Bengaluru,72,21.71,0.0,4.44
2023-01-09,Bengaluru,72,17.73,0.0,9.61
2023-01-10,Bengaluru,72,17.96,0.0,10.64
2023-01-11,Bengaluru,72,19.34,0.0,10.78
2023-01-12,Bengaluru,72,21.22,0.0,11.89
2023-01-13,Bengaluru,72,18.91,1.91,10.2
2023-01-14,Bengaluru,72,18.79,0.0,5.88
2023-01-15,Bengaluru,72,20.16,0.0,6.15
2023-01-16,Bengaluru,72,18.63,0.0,14.02
2023-01-17,Bengaluru,72,23.04,0.0,6.28
2023-01-18,Bengaluru,72,22.96,0.24,6.57
2023-01-19,Bengaluru,72,23.18,0.0,3.7
2023-01-20,Bengaluru,72,22.11,0.0,5.44
2023-01-21,Bengaluru,72,21.05,0.0,5.52
2023-01-22,Bengaluru,72,20.49,0.0,9.37
2023-01-23,Bengaluru,72,21.19,0.0,3.02
2023-01-24,Bengaluru,72,20.24,0.0,6.32
2023-01-25,Bengaluru,72,19.21,0.0,6.63
2023-01-26,Bengaluru,72,19.31,0.0,6.23
2023-01-27,Bengaluru,72,21.71,0.0,4.24
2023-01-28,Bengaluru,72,21.73,0.0,4.63
2023-01-29,Bengaluru,72,20.61,0.0,5.41
2023-01-30,Bengaluru,72,20.96,0.0,8.25
2023-01-31,Bengaluru,72,19.42,0.0,6.17
2023-02-01,Bengaluru,72,26.79,0.0,8.35
2023-02-02,Bengaluru,72,23.72,0.0,9.38
2023-02-03,Bengaluru,72,26.03,0.0,2.23
2023-02-04,Bengaluru,72,25.22,0.0,3.75
2023-02-05,Bengaluru,72,24.99,0.0,4.13
2023-02-06,Bengaluru,72,22.35,0.0,3.57
2023-02-07,Bengaluru,72,19.95,0.0,6.48
2023-02-08,Bengaluru,72,22.44,0.0,5.76
2023-02-09,Bengaluru,72,24.29,0.0,7.67
2023-02-10,Bengaluru,72,21.6,0.0,8.83
2023-02-11,Bengaluru,72,23.78,0.0,9.57
2023-02-12,Bengaluru,72,21.94,0.0,8.96
2023-02-13,Bengaluru,72,22.43,0.0,11.07
2023-02-14,Bengaluru,72,23.96,0.0,6.82
2023-02-15,Bengaluru,72,22.0,0.0,12.46
2023-02-16,Bengaluru,72,24.03,0.0,6.2
2023-02-17,Bengaluru,72,24.24,0.0,12.43
2023-02-18,Bengaluru,72,23.56,0.0,3.52
2023-02-19,Bengaluru,72,24.54,0.0,9.06
2023-02-20,Bengaluru,72,25.08,0.0,10.38
2023-02-21,Bengaluru,72,22.57,0.0,3.91
2023-02-22,Bengaluru,72,23.34,0.0,9.01
2023-02-23,Bengaluru,72,22.77,0.0,4.23
2023-02-24,Bengaluru,72,22.66,0.0,0.9
2023-02-25,Bengaluru,72,22.06,0.0,7.99
2023-02-26,Bengaluru,72,22.91,0.0,7.04
2023-02-27,Bengaluru,72,22.09,0.0,7.49
2023-02-28,Bengaluru,72,22.54,0.0,2.81
2023-03-01,Bengaluru,72,23.41,0.0,7.17
2023-03-02,Bengaluru,72,24.69,0.0,6.14
2023-03-03,Bengaluru,72,27.41,0.0,9.34
2023-03-04,Bengaluru,72,27.28,0.0,9.34
2023-03-05,Bengaluru,72,25.14,0.0,9.66
2023-03-06,Bengaluru,72,24.99,0.0,10.94
2023-03-07,Bengaluru,72,24.61,0.0,9.15
2023-03-08,Bengaluru,72,25.94,0.0,8.64
2023-03-09,Bengaluru,72,28.52,0.0,8.54
2023-03-10,Bengaluru,72,28.27,0.0,9.41
2023-03-11,Bengaluru,72,25.71,0.0,8.77
2023-03-12,Bengaluru,72,25.22,0.0,8.11
2023-03-13,Bengaluru,72,27.47,0.0,7.13
2023-03-14,Bengaluru,72,29.81,0.0,10.59
2023-03-15,Bengaluru,72,27.96,0.0,8.55
2023-03-16,Bengaluru,72,27.72,0.0,12.63
2023-03-17,Bengaluru,72,24.93,0.0,8.9
2023-03-18,Bengaluru,72,26.99,0.0,12.27
2023-03-19,Bengaluru,72,26.94,0.0,9.55
2023-03-20,Bengaluru,72,27.02,0.0,8.88
2023-03-21,Bengaluru,72,27.16,0.0,9.73
2023-03-22,Bengaluru,72,28.9,0.0,12.78
2023-03-23,Bengaluru,72,27.59,0.0,10.81
2023-03-24,Bengaluru,72,26.6,0.0,8.59
2023-03-25,Bengaluru,72,24.8,0.0,12.13
2023-03-26,Bengaluru,72,24.25,0.0,10.29
2023-03-27,Bengaluru,72,22.86,0.0,6.83
2023-03-28,Bengaluru,72,20.69,0.0,5.14
2023-03-29,Bengaluru,72,25.24,0.0,7.07
2023-03-30,Bengaluru,72,25.6,0.0,10.34
2023-03-31,Bengaluru,72,24.85,0.0,9.25
2023-04-01,Bengaluru,72,27.32,0.0,13.05
2023-04-02,Bengaluru,72,27.73,0.0,9.17
2023-04-03,Bengaluru,72,29.05,0.0,7.63
2023-04-04,Bengaluru,72,29.37,0.0,10.08
2023-04-05,Bengaluru,72,29.09,0.0,10.83
2023-04-06,Bengaluru,72,25.8,0.0,12.88
2023-04-07,Bengaluru,72,29.75,0.0,11.01
2023-04-08,Bengaluru,72,28.14,0.0,9.66
2023-04-09,Bengaluru,72,27.09,0.0,12.5
2023-04-10,Bengaluru,72,24.57,0.0,11.98
2023-04-11,Bengaluru,72,25.88,0.0,8.92
2023-04-12,Bengaluru,72,26.29,0.0,9.63
2023-04-13,Bengaluru,72,28.45,0.0,6.44
2023-04-14,Bengaluru,72,27.59,0.0,6.2
2023-04-15,Bengaluru,72,25.23,4.66,11.09
2023-04-16,Bengaluru,72,26.34,11.22,15.54
2023-04-17,Bengaluru,72,25.25,5.99,13.65
2023-04-18,Bengaluru,72,25.7,0.0,10.46
2023-04-19,Bengaluru,72,28.03,0.0,4.62
2023-04-20,Bengaluru,72,26.43,0.0,10.83
2023-04-21,Bengaluru,72,25.8,0.0,8.94
2023-04-22,Bengaluru,72,27.57,0.0,11.98
2023-04-23,Bengaluru,72,30.15,0.0,8.55
2023-04-24,Bengaluru,72,25.39,0.0,8.52
2023-04-25,Bengaluru,72,24.96,0.0,9.95
2023-04-26,Bengaluru,72,28.14,0.0,6.94
2023-04-27,Bengaluru,72,26.57,0.0,13.32
2023-04-28,Bengaluru,72,27.66,0.0,11.67
2023-04-29,Bengaluru,72,27.82,0.0,7.71
2023-04-30,Bengaluru,72,28.16,0.0,9.8
2023-05-01,Bengaluru,72,26.55,1.0,10.13
2023-05-02,Bengaluru,72,25.73,9.76,16.85
2023-05-03,Bengaluru,72,26.02,10.67,14.95
2023-05-04,Bengaluru,72,28.27,20.81,14.84
2023-05-05,Bengaluru,72,26.42,0.0,9.02
2023-05-06,Bengaluru,72,25.08,0.0,14.02
2023-05-07,Bengaluru,72,29.08,15.45,19.61
2023-05-08,Bengaluru,72,30.27,2.33,15.36
2023-05-09,Bengaluru,72,30.58,8.2,11.55
2023-05-10,Bengaluru,72,28.22,0.0,11.38
2023-05-11,Bengaluru,72,26.95,0.0,12.65
2023-05-12,Bengaluru,72,26.93,0.0,11.03
2023-05-13,Bengaluru,72,26.04,0.0,15.26
2023-05-14,Bengaluru,72,27.52,0.0,10.29
2023-05-15,Bengaluru,72,27.79,0.0,10.05
2023-05-16,Bengaluru,72,28.84,18.91,14.65
2023-05-17,Bengaluru,72,30.41,1.66,10.6
2023-05-18,Bengaluru,72,31.73,7.37,10.87
2023-05-19,Bengaluru,72,30.68,12.61,12.82
2023-05-20,Bengaluru,72,29.23,2.0,10.95
2023-05-21,Bengaluru,72,27.19,1.62,8.34
2023-05-22,Bengaluru,72,27.24,6.12,9.94
2023-05-23,Bengaluru,72,25.72,0.0,10.02
2023-05-24,Bengaluru,72,28.45,4.81,10.4
2023-05-25,Bengaluru,72,27.98,0.0,14.37
2023-05-26,Bengaluru,72,27.06,16.76,15.08
2023-05-27,Bengaluru,72,26.5,3.31,7.53
2023-05-28,Bengaluru,72,28.51,4.33,8.14
2023-05-29,Bengaluru,72,28.82,0.0,7.47
2023-05-30,Bengaluru,72,30.85,0.0,4.88
2023-05-31,Bengaluru,72,29.17,0.0,6.12
2023-06-01,Bengaluru,72,26.91,9.76,15.65
2023-06-02,Bengaluru,72,25.28,0.0,14.43
2023-06-03,Bengaluru,72,25.89,0.0,13.47
2023-06-04,Bengaluru,72,24.9,72.79,22.71
2023-06-05,Bengaluru,72,25.33,25.64,15.47
2023-06-06,Bengaluru,72,24.02,0.0,12.24
2023-06-07,Bengaluru,72,26.85,0.0,11.81
2023-06-08,Bengaluru,72,24.13,0.0,13.3
2023-06-09,Bengaluru,72,22.98,0.0,12.95
2023-06-10,Bengaluru,72,21.99,0.0,10.71
2023-06-11,Bengaluru,72,23.91,0.0,8.29
2023-06-12,Bengaluru,72,25.46,5.01,13.43
2023-06-13,Bengaluru,72,25.78,0.0,11.62
2023-06-14,Bengaluru,72,28.85,0.0,11.27
2023-06-15,Bengaluru,72,28.4,0.0,15.85
2023-06-16,Bengaluru,72,29.22,0.0,14.66
2023-06-17,Bengaluru,72,27.25,0.0,15.52
2023-06-18,Bengaluru,72,26.02,0.0,12.25
2023-06-19,Bengaluru,72,24.92,0.0,10.13
2023-06-20,Bengaluru,72,24.57,0.0,11.56
2023-06-21,Bengaluru,72,27.12,0.0,10.77
2023-06-22,Bengaluru,72,25.93,0.0,10.21
2023-06-23,Bengaluru,72,25.61,0.0,12.02
2023-06-24,Bengaluru,72,27.07,0.0,12.59
2023-06-25,Bengaluru,72,25.89,0.0,9.14
2023-06-26,Bengaluru,72,26.71,0.0,11.12
2023-06-27,Bengaluru,72,26.64,0.0,9.57
2023-06-28,Bengaluru,72,26.06,0.0,13.9
2023-06-29,Bengaluru,72,25.67,0.0,12.54
2023-06-30,Bengaluru,72,25.06,0.0,10.49
2023-07-01,Bengaluru,72,27.06,4.76,8.42
2023-07-02,Bengaluru,72,26.04,3.96,14.41
2023-07-03,Bengaluru,72,25.81,0.0,10.43
2023-07-04,Bengaluru,72,26.38,0.0,12.49
2023-07-05,Bengaluru,72,23.97,0.0,10.66
2023-07-06,Bengaluru,72,21.14,0.0,8.11
2023-07-07,Bengaluru,72,24.27,0.0,15.18
2023-07-08,Bengaluru,72,23.14,0.0,11.81
2023-07-09,Bengaluru,72,24.07,0.0,13.21
2023-07-10,Bengaluru,72,26.43,0.0,15.2
2023-07-11,Bengaluru,72,24.6,0.0,14.27
2023-07-12,Bengaluru,72,23.56,0.0,10.26
2023-07-13,Bengaluru,72,24.28,2.2,9.58
2023-07-14,Bengaluru,72,22.67,64.98,23.05
2023-07-15,Bengaluru,72,24.85,0.44,13.02
2023-07-16,Bengaluru,72,23.58,1.57,11.11
2023-07-17,Bengaluru,72,25.61,1.89,12.2
2023-07-18,Bengaluru,72,24.8,0.0,12.63
2023-07-19,Bengaluru,72,23.4,0.0,15.52
2023-07-20,Bengaluru,72,24.4,0.0,14.26
2023-07-21,Bengaluru,72,21.78,0.0,14.5
2023-07-22,Bengaluru,72,21.97,0.0,14.71
2023-07-23,Bengaluru,72,23.99,0.0,12.62
2023-07-24,Bengaluru,72,23.12,2.92,13.91
2023-07-25,Bengaluru,72,24.37,0.0,11.89
2023-07-26,Bengaluru,72,23.48,0.0,16.94
2023-07-27,Bengaluru,72,23.03,0.0,10.59
2023-07-28,Bengaluru,72,24.22,0.0,11.78
2023-07-29,Bengaluru,72,23.83,0.21,12.21
2023-07-30,Bengaluru,72,24.06,0.0,11.01
2023-07-31,Bengaluru,72,26.45,0.0,12.04
2023-08-01,Bengaluru,72,25.03,3.66,8.2
2023-08-02,Bengaluru,72,25.12,8.18,14.28
2023-08-03,Bengaluru,72,27.7,0.0,11.8
2023-08-04,Bengaluru,72,26.89,3.04,11.65
2023-08-05,Bengaluru,72,26.87,0.0,10.15
2023-08-06,Bengaluru,72,23.05,0.0,11.04
2023-08-07,Bengaluru,72,21.4,4.75,10.03
2023-08-08,Bengaluru,72,23.76,2.62,15.34
2023-08-09,Bengaluru,72,23.24,2.88,7.58
2023-08-10,Bengaluru,72,26.69,4.6,11.23
2023-08-11,Bengaluru,72,22.19,33.36,19.82
2023-08-12,Bengaluru,72,22.96,2.96,11.76
2023-08-13,Bengaluru,72,22.46,0.0,6.43
2023-08-14,Bengaluru,72,23.83,0.0,10.65
2023-08-15,Bengaluru,72,26.47,5.93,13.59
2023-08-16,Bengaluru,72,26.47,0.0,13.62
2023-08-17,Bengaluru,72,27.97,0.0,13.6
2023-08-18,Bengaluru,72,28.09,0.0,12.94
2023-08-19,Bengaluru,72,24.51,0.0,11.2
2023-08-20,Bengaluru,72,23.66,0.0,12.61
2023-08-21,Bengaluru,72,24.53,0.0,10.16
2023-08-22,Bengaluru,72,22.93,0.0,9.52
2023-08-23,Bengaluru,72,24.95,0.0,9.33
2023-08-24,Bengaluru,72,20.92,0.0,12.98
2023-08-25,Bengaluru,72,27.34,0.0,11.82
2023-08-26,Bengaluru,72,25.22,0.0,8.5
2023-08-27,Bengaluru,72,24.87,0.0,13.69
2023-08-28,Bengaluru,72,21.84,0.0,8.31
2023-08-29,Bengaluru,72,23.96,2.66,9.66
2023-08-30,Bengaluru,72,24.5,0.0,14.28
2023-08-31,Bengaluru,72,22.17,3.37,11.45
2023-09-01,Bengaluru,72,19.51,11.19,13.02
2023-09-02,Bengaluru,72,21.7,2.48,9.97
2023-09-03,Bengaluru,72,23.14,18.25,10.37
2023-09-04,Bengaluru,72,22.59,3.79,7.55
2023-09-05,Bengaluru,72,22.08,4.13,7.29
2023-09-06,Bengaluru,72,20.97,3.98,12.34
2023-09-07,Bengaluru,72,21.33,34.93,14.61
2023-09-08,Bengaluru,72,19.44,5.71,7.02
2023-09-09,Bengaluru,72,18.09,10.36,8.24
2023-09-10,Bengaluru,72,21.44,2.91,8.63
2023-09-11,Bengaluru,72,19.56,6.39,6.14
2023-09-12,Bengaluru,72,20.01,3.6,10.47
2023-09-13,Bengaluru,72,20.54,0.0,8.03
2023-09-14,Bengaluru,72,20.46,0.0,9.43
2023-09-15,Bengaluru,72,21.31,0.0,9.04
2023-09-16,Bengaluru,72,24.5,9.57,13.89
2023-09-17,Bengaluru,72,22.12,7.85,12.08
2023-09-18,Bengaluru,72,21.95,6.92,17.03
2023-09-19,Bengaluru,72,21.83,6.47,10.94
2023-09-20,Bengaluru,72,20.98,3.64,12.62
2023-09-21,Bengaluru,72,23.09,8.64,13.59
2023-09-22,Bengaluru,72,20.9,3.68,8.54
2023-09-23,Bengaluru,72,21.61,17.43,10.41
2023-09-24,Bengaluru,72,22.58,0.6,6.91
2023-09-25,Bengaluru,72,24.51,2.4,8.14
2023-09-26,Bengaluru,72,24.59,26.35,14.32
2023-09-27,Bengaluru,72,24.66,5.79,6.46
2023-09-28,Bengaluru,72,24.83,19.59,15.35
2023-09-29,Bengaluru,72,23.28,3.47,10.48
2023-09-30,Bengaluru,72,25.02,12.72,13.98
2023-10-01,Bengaluru,72,26.12,0.0,5.06
2023-10-02,Bengaluru,72,26.46,0.0,7.95
2023-10-03,Bengaluru,72,21.94,6.45,10.5
2023-10-04,Bengaluru,72,24.94,7.74,12.01
2023-10-05,Bengaluru,72,24.93,2.56,8.78
2023-10-06,Bengaluru,72,22.96,0.0,6.31
2023-10-07,Bengaluru,72,23.46,0.0,8.24
2023-10-08,Bengaluru,72,23.55,0.0,9.71
2023-10-09,Bengaluru,72,22.43,0.0,12.09
2023-10-10,Bengaluru,72,20.81,39.96,15.24
2023-10-11,Bengaluru,72,22.82,2.62,11.48
2023-10-12,Bengaluru,72,22.53,0.0,4.5
2023-10-13,Bengaluru,72,20.98,15.36,10.05
2023-10-14,Bengaluru,72,25.45,9.68,2.89
2023-10-15,Bengaluru,72,25.73,14.88,7.99
2023-10-16,Bengaluru,72,23.0,0.0,10.53
2023-10-17,Bengaluru,72,25.52,0.0,7.79
2023-10-18,Bengaluru,72,20.36,0.0,5.77
2023-10-19,Bengaluru,72,22.66,1.25,7.88
2023-10-20,Bengaluru,72,25.0,4.54,9.25
2023-10-21,Bengaluru,72,23.5,25.88,8.02
2023-10-22,Bengaluru,72,24.38,20.4,3.72
2023-10-23,Bengaluru,72,24.85,19.57,12.14
2023-10-24,Bengaluru,72,23.77,0.0,5.16
2023-10-25,Bengaluru,72,23.38,0.0,0.0
2023-10-26,Bengaluru,72,23.48,18.87,7.72
2023-10-27,Bengaluru,72,22.91,21.01,10.8
2023-10-28,Bengaluru,72,23.55,0.0,6.0
2023-10-29,Bengaluru,72,23.66,0.0,0.8
2023-10-30,Bengaluru,72,23.53,0.0,4.52
2023-10-31,Bengaluru,72,23.19,0.0,11.26
2023-11-01,Bengaluru,72,23.58,0.0,7.26
2023-11-02,Bengaluru,72,22.91,0.0,9.61
2023-11-03,Bengaluru,72,19.72,0.0,6.05
2023-11-04,Bengaluru,72,23.02,10.05,9.52
2023-11-05,Bengaluru,72,21.7,0.0,7.62
2023-11-06,Bengaluru,72,21.39,0.0,4.21
2023-11-07,Bengaluru,72,19.4,0.0,9.43
2023-11-08,Bengaluru,72,20.81,9.1,6.76
2023-11-09,Bengaluru,72,21.39,4.31,3.66
2023-11-10,Bengaluru,72,18.28,20.2,8.82
2023-11-11,Bengaluru,72,17.67,0.0,3.22
2023-11-12,Bengaluru,72,19.01,0.0,4.79
2023-11-13,Bengaluru,72,17.4,0.0,1.88
2023-11-14,Bengaluru,72,19.26,0.0,3.15
2023-11-15,Bengaluru,72,18.35,0.0,4.15
2023-11-16,Bengaluru,72,19.55,0.0,7.41
2023-11-17,Bengaluru,72,17.17,0.0,6.17
2023-11-18,Bengaluru,72,20.67,0.0,5.76
2023-11-19,Bengaluru,72,20.91,0.0,4.92
2023-11-20,Bengaluru,72,23.29,0.0,4.57
2023-11-21,Bengaluru,72,20.46,0.0,6.69
2023-11-22,Bengaluru,72,23.74,0.0,10.06
2023-11-23,Bengaluru,72,22.48,0.0,8.88
2023-11-24,Bengaluru,72,22.71,0.0,7.15
2023-11-25,Bengaluru,72,22.36,0.0,7.96
2023-11-26,Bengaluru,72,22.14,0.0,3.44
2023-11-27,Bengaluru,72,20.91,0.0,6.5
2023-11-28,Bengaluru,72,20.06,0.0,5.75
2023-11-29,Bengaluru,72,22.28,0.0,3.15
2023-11-30,Bengaluru,72,20.38,0.0,6.58
2023-12-01,Bengaluru,72,21.86,0.0,5.17
2023-12-02,Bengaluru,72,20.2,0.0,7.08
2023-12-03,Bengaluru,72,21.22,0.0,10.93
2023-12-04,Bengaluru,72,20.6,0.0,10.51
2023-12-05,Bengaluru,72,23.13,0.0,4.29
2023-12-06,Bengaluru,72,22.18,0.0,4.02
2023-12-07,Bengaluru,72,19.6,0.0,4.22
2023-12-08,Bengaluru,72,16.03,0.0,6.08
2023-12-09,Bengaluru,72,19.66,0.0,7.96
2023-12-10,Bengaluru,72,19.41,0.0,4.81
2023-12-11,Bengaluru,72,19.93,0.0,0.0
2023-12-12,Bengaluru,72,19.7,0.0,8.32
2023-12-13,Bengaluru,72,20.35,0.0,6.42
2023-12-14,Bengaluru,72,20.46,0.0,8.75
2023-12-15,Bengaluru,72,20.44,0.0,6.45
2023-12-16,Bengaluru,72,21.21,0.0,9.75
2023-12-17,Bengaluru,72,21.48,0.0,8.87
2023-12-18,Bengaluru,72,21.17,0.0,10.34
2023-12-19,Bengaluru,72,20.06,0.0,8.4
2023-12-20,Bengaluru,72,19.58,0.0,9.15
2023-12-21,Bengaluru,72,17.6,0.0,6.99
2023-12-22,Bengaluru,72,22.0,0.0,8.34
2023-12-23,Bengaluru,72,19.27,0.0,5.17
2023-12-24,Bengaluru,72,20.94,0.0,3.91
2023-12-25,Bengaluru,72,22.96,0.0,6.41
2023-12-26,Bengaluru,72,21.99,0.0,5.09
2023-12-27,Bengaluru,72,18.79,0.0,4.44
2023-12-28,Bengaluru,72,17.81,0.0,6.49
2023-12-29,Bengaluru,72,17.77,0.0,0.93
2023-12-30,Bengaluru,72,17.17,0.0,1.54
2023-12-31,Bengaluru,72,16.41,0.0,4.04
2024-01-01,Bengaluru,72,18.95,0.0,0.45
2024-01-02,Bengaluru,72,20.11,0.0,1.74
2024-01-03,Bengaluru,72,22.33,0.15,4.53
2024-01-04,Bengaluru,72,20.59,0.0,9.48
2024-01-05,Bengaluru,72,22.17,0.13,3.76
2024-01-06,Bengaluru,72,22.96,0.41,9.63
2024-01-07,Bengaluru,72,21.43,0.0,7.38
2024-01-08,Bengaluru,72,20.48,0.0,7.59
2024-01-09,Bengaluru,72,18.14,0.0,8.36
2024-01-10,Bengaluru,72,18.07,0.0,7.24
2024-01-11,Bengaluru,72,17.82,0.0,8.03
2024-01-12,Bengaluru,72,18.61,0.0,3.86
2024-01-13,Bengaluru,72,21.89,0.0,9.07
2024-01-14,Bengaluru,72,22.37,0.0,8.0
2024-01-15,Bengaluru,72,23.44,0.0,9.18
2024-01-16,Bengaluru,72,22.49,0.0,7.65
2024-01-17,Bengaluru,72,21.99,0.0,10.45
2024-01-18,Bengaluru,72,21.96,0.0,8.65
2024-01-19,Bengaluru,72,21.18,0.0,5.53
2024-01-20,Bengaluru,72,21.26,0.0,6.79
2024-01-21,Bengaluru,72,20.54,0.0,7.8
2024-01-22,Bengaluru,72,18.2,0.0,4.35
2024-01-23,Bengaluru,72,20.08,0.0,2.83
2024-01-24,Bengaluru,72,23.34,0.0,5.36
2024-01-25,Bengaluru,72,23.16,0.0,9.67
2024-01-26,Bengaluru,72,20.42,0.0,7.67
2024-01-27,Bengaluru,72,20.17,0.0,7.42
2024-01-28,Bengaluru,72,22.05,0.0,5.26
2024-01-29,Bengaluru,72,20.44,0.0,4.23
2024-01-30,Bengaluru,72,24.54,0.0,6.66
2024-01-31,Bengaluru,72,20.91,0.0,5.49
2024-02-01,Bengaluru,72,25.76,0.0,5.11
2024-02-02,Bengaluru,72,24.78,0.0,2.42
2024-02-03,Bengaluru,72,24.43,0.0,8.15
2024-02-04,Bengaluru,72,27.75,0.0,9.89
2024-02-05,Bengaluru,72,27.68,0.0,8.43
2024-02-06,Bengaluru,72,25.56,0.0,5.19
2024-02-07,Bengaluru,72,21.4,0.0,6.34
2024-02-08,Bengaluru,72,22.65,0.0,7.27
2024-02-09,Bengaluru,72,21.73,0.0,9.76
2024-02-10,Bengaluru,72,23.87,0.0,7.65
2024-02-11,Bengaluru,72,22.73,0.0,6.72
2024-02-12,Bengaluru,72,19.15,0.0,3.22
2024-02-13,Bengaluru,72,18.9,0.0,8.1
2024-02-14,Bengaluru,72,18.71,0.0,11.98
2024-02-15,Bengaluru,72,17.75,0.0,6.25
2024-02-16,Bengaluru,72,18.04,0.0,7.39
2024-02-17,Bengaluru,72,19.7,0.0,5.82
2024-02-18,Bengaluru,72,21.32,0.0,6.41
2024-02-19,Bengaluru,72,21.38,0.0,5.16
2024-02-20,Bengaluru,72,21.38,0.0,8.95
2024-02-21,Bengaluru,72,22.33,0.0,3.52
2024-02-22,Bengaluru,72,20.71,0.0,5.77
2024-02-23,Bengaluru,72,20.17,0.0,7.7
2024-02-24,Bengaluru,72,21.8,0.0,8.17
2024-02-25,Bengaluru,72,22.98,0.0,6.62
2024-02-26,Bengaluru,72,25.08,0.0,5.6
2024-02-27,Bengaluru,72,24.59,0.0,8.89
2024-02-28,Bengaluru,72,21.66,0.0,7.46
2024-02-29,Bengaluru,72,21.95,0.0,4.24
2024-03-01,Bengaluru,72,24.81,0.0,7.29
2024-03-02,Bengaluru,72,26.94,0.0,10.59
2024-03-03,Bengaluru,72,23.69,0.0,10.29
2024-03-04,Bengaluru,72,22.61,0.0,10.37
2024-03-05,Bengaluru,72,23.55,0.0,10.95
2024-03-06,Bengaluru,72,24.9,0.0,11.39
2024-03-07,Bengaluru,72,26.0,0.0,5.56
2024-03-08,Bengaluru,72,27.47,0.0,10.53
2024-03-09,Bengaluru,72,29.27,0.0,13.5
2024-03-10,Bengaluru,72,28.85,0.0,9.54
2024-03-11,Bengaluru,72,29.36,0.0,11.0
2024-03-12,Bengaluru,72,28.13,0.0,7.61
2024-03-13,Bengaluru,72,27.31,0.0,4.17
2024-03-14,Bengaluru,72,30.25,0.0,6.65
2024-03-15,Bengaluru,72,29.23,0.0,11.41
2024-03-16,Bengaluru,72,27.55,1.26,12.19
2024-03-17,Bengaluru,72,28.44,0.0,10.92
2024-03-18,Bengaluru,72,29.36,0.0,10.12
2024-03-19,Bengaluru,72,28.32,0.0,8.76
2024-03-20,Bengaluru,72,26.72,0.0,8.15
2024-03-21,Bengaluru,72,26.56,0.0,8.95
2024-03-22,Bengaluru,72,26.1,0.0,8.81
2024-03-23,Bengaluru,72,27.8,0.0,9.91
2024-03-24,Bengaluru,72,27.24,0.0,11.01
2024-03-25,Bengaluru,72,24.85,0.0,9.82
2024-03-26,Bengaluru,72,26.65,0.0,6.76
2024-03-27,Bengaluru,72,28.15,1.94,8.51
2024-03-28,Bengaluru,72,27.76,0.0,12.5
2024-03-29,Bengaluru,72,27.42,0.0,12.1
2024-03-30,Bengaluru,72,27.19,0.0,12.19
2024-03-31,Bengaluru,72,25.14,0.0,8.81
2024-04-01,Bengaluru,72,26.99,0.0,8.6
2024-04-02,Bengaluru,72,28.71,0.0,8.62
2024-04-03,Bengaluru,72,32.4,3.63,13.22
2024-04-04,Bengaluru,72,28.67,4.63,12.72
2024-04-05,Bengaluru,72,28.64,0.0,12.27
2024-04-06,Bengaluru,72,26.46,0.0,8.44
2024-04-07,Bengaluru,72,28.63,0.0,16.05
2024-04-08,Bengaluru,72,26.4,0.0,12.94
2024-04-09,Bengaluru,72,29.84,0.0,11.35
2024-04-10,Bengaluru,72,29.16,0.0,7.67
2024-04-11,Bengaluru,72,31.54,0.0,9.81
2024-04-12,Bengaluru,72,29.69,13.11,10.1
2024-04-13,Bengaluru,72,31.4,0.0,7.76
2024-04-14,Bengaluru,72,29.76,0.0,9.59
2024-04-15,Bengaluru,72,27.05,0.0,11.79
2024-04-16,Bengaluru,72,26.95,0.0,5.39
2024-04-17,Bengaluru,72,26.05,0.0,12.45
2024-04-18,Bengaluru,72,29.7,0.0,8.96
2024-04-19,Bengaluru,72,27.42,0.0,12.42
2024-04-20,Bengaluru,72,27.04,0.0,12.54
2024-04-21,Bengaluru,72,28.92,0.0,13.11
2024-04-22,Bengaluru,72,28.97,0.0,9.11
2024-04-23,Bengaluru,72,28.76,0.0,14.28
2024-04-24,Bengaluru,72,29.09,0.0,10.04
2024-04-25,Bengaluru,72,29.71,0.0,11.45
2024-04-26,Bengaluru,72,28.13,0.0,7.96
2024-04-27,Bengaluru,72,30.64,0.0,11.21
2024-04-28,Bengaluru,72,29.88,0.0,10.78
2024-04-29,Bengaluru,72,26.16,0.0,8.27
2024-04-30,Bengaluru,72,28.66,0.0,11.1
2024-05-01,Bengaluru,72,24.45,0.0,12.21
2024-05-02,Bengaluru,72,23.94,0.0,11.56
2024-05-03,Bengaluru,72,25.69,0.0,10.15
2024-05-04,Bengaluru,72,22.75,0.0,9.14
2024-05-05,Bengaluru,72,24.49,1.83,10.92
2024-05-06,Bengaluru,72,24.72,5.37,10.85
2024-05-07,Bengaluru,72,24.83,4.85,7.89
2024-05-08,Bengaluru,72,26.39,9.48,11.0
2024-05-09,Bengaluru,72,28.1,3.06,8.54
2024-05-10,Bengaluru,72,26.69,2.01,4.85
2024-05-11,Bengaluru,72,28.55,0.0,5.19
2024-05-12,Bengaluru,72,30.07,0.0,10.72
2024-05-13,Bengaluru,72,29.52,0.0,13.49
2024-05-14,Bengaluru,72,27.0,0.0,11.26
2024-05-15,Bengaluru,72,28.52,0.0,10.04
2024-05-16,Bengaluru,72,26.33,0.0,12.15
2024-05-17,Bengaluru,72,25.95,6.33,13.63
2024-05-18,Bengaluru,72,26.45,1.0,9.99
2024-05-19,Bengaluru,72,26.36,10.1,12.41
2024-05-20,Bengaluru,72,26.37,0.0,12.35
2024-05-21,Bengaluru,72,26.89,0.0,14.44
2024-05-22,Bengaluru,72,26.53,0.0,8.15
2024-05-23,Bengaluru,72,25.33,0.0,7.72
2024-05-24,Bengaluru,72,26.18,0.0,12.14
2024-05-25,Bengaluru,72,25.71,0.0,11.32
2024-05-26,Bengaluru,72,24.81,0.0,12.46
2024-05-27,Bengaluru,72,25.64,0.0,11.54
2024-05-28,Bengaluru,72,24.18,0.09,10.52
2024-05-29,Bengaluru,72,26.7,0.0,10.63
2024-05-30,Bengaluru,72,24.76,0.0,8.31
2024-05-31,Bengaluru,72,25.25,0.0,10.53
2024-06-01,Bengaluru,72,23.39,0.0,14.52
2024-06-02,Bengaluru,72,20.23,0.0,17.37
2024-06-03,Bengaluru,72,21.54,0.0,14.67
2024-06-04,Bengaluru,72,23.0,0.0,14.03
2024-06-05,Bengaluru,72,27.81,0.0,11.61
2024-06-06,Bengaluru,72,25.57,0.0,12.46
2024-06-07,Bengaluru,72,24.79,9.96,9.87
2024-06-08,Bengaluru,72,26.66,0.0,10.09
2024-06-09,Bengaluru,72,25.79,0.0,8.54
2024-06-10,Bengaluru,72,26.18,0.0,16.84
2024-06-11,Bengaluru,72,20.92,0.0,9.84
2024-06-12,Bengaluru,72,23.79,17.05,14.46
2024-06-13,Bengaluru,72,22.72,0.0,12.91
2024-06-14,Bengaluru,72,25.52,0.0,11.27
2024-06-15,Bengaluru,72,26.75,0.0,13.8
2024-06-16,Bengaluru,72,25.45,0.0,15.11
2024-06-17,Bengaluru,72,25.24,0.0,13.34
2024-06-18,Bengaluru,72,24.43,0.0,14.33
2024-06-19,Bengaluru,72,21.83,0.0,11.27
2024-06-20,Bengaluru,72,24.79,0.0,12.14
2024-06-21,Bengaluru,72,23.06,0.0,15.55
2024-06-22,Bengaluru,72,26.16,0.0,12.69
2024-06-23,Bengaluru,72,24.93,0.0,7.87
2024-06-24,Bengaluru,72,24.63,1.85,15.42
2024-06-25,Bengaluru,72,23.78,0.0,9.23
2024-06-26,Bengaluru,72,22.8,0.0,11.0
2024-06-27,Bengaluru,72,24.23,0.0,8.35
2024-06-28,Bengaluru,72,24.76,0.0,8.8
2024-06-29,Bengaluru,72,22.69,0.0,13.09
2024-06-30,Bengaluru,72,23.57,48.96,11.72
2024-07-01,Bengaluru,72,26.0,31.75,12.97
2024-07-02,Bengaluru,72,22.32,0.0,9.87
2024-07-03,Bengaluru,72,23.65,0.0,7.45
2024-07-04,Bengaluru,72,21.67,0.0,9.67
2024-07-05,Bengaluru,72,22.29,0.0,10.04
2024-07-06,Bengaluru,72,23.48,0.0,13.19
2024-07-07,Bengaluru,72,22.98,0.0,9.15
2024-07-08,Bengaluru,72,21.13,6.62,13.74
2024-07-09,Bengaluru,72,22.91,0.0,8.99
2024-07-10,Bengaluru,72,19.54,0.0,11.0
2024-07-11,Bengaluru,72,19.92,0.0,9.59
2024-07-12,Bengaluru,72,22.21,0.0,11.3
2024-07-13,Bengaluru,72,22.4,0.0,11.24
2024-07-14,Bengaluru,72,22.6,0.0,12.98
2024-07-15,Bengaluru,72,23.88,0.0,12.65
2024-07-16,Bengaluru,72,24.42,0.0,14.28
2024-07-17,Bengaluru,72,23.38,0.0,10.42
2024-07-18,Bengaluru,72,20.41,2.07,11.19
2024-07-19,Bengaluru,72,21.42,1.81,14.72
2024-07-20,Bengaluru,72,21.43,0.0,15.21
2024-07-21,Bengaluru,72,22.32,0.0,14.64
2024-07-22,Bengaluru,72,24.04,0.0,9.75
2024-07-23,Bengaluru,72,23.34,0.0,10.04
2024-07-24,Bengaluru,72,22.78,17.33,13.35
2024-07-25,Bengaluru,72,22.47,0.0,10.82
2024-07-26,Bengaluru,72,24.03,0.0,12.94
2024-07-27,Bengaluru,72,20.31,0.0,11.59
2024-07-28,Bengaluru,72,20.58,0.0,15.69
2024-07-29,Bengaluru,72,18.72,0.0,17.97
2024-07-30,Bengaluru,72,21.45,4.5,14.71
2024-07-31,Bengaluru,72,23.94,17.92,15.08
2024-08-01,Bengaluru,72,21.02,0.0,7.35
2024-08-02,Bengaluru,72,22.09,0.0,15.25
2024-08-03,Bengaluru,72,18.62,0.0,14.12
2024-08-04,Bengaluru,72,20.63,10.95,9.29
2024-08-05,Bengaluru,72,20.08,7.44,8.28
2024-08-06,Bengaluru,72,23.05,3.76,9.05
2024-08-07,Bengaluru,72,22.94,8.44,9.89
2024-08-08,Bengaluru,72,23.25,1.45,7.35
2024-08-09,Bengaluru,72,25.66,2.07,15.1
2024-08-10,Bengaluru,72,24.76,9.87,14.7
2024-08-11,Bengaluru,72,24.9,2.32,10.98
2024-08-12,Bengaluru,72,23.66,0.0,11.82
2024-08-13,Bengaluru,72,25.13,0.0,14.68
2024-08-14,Bengaluru,72,24.41,4.61,11.61
2024-08-15,Bengaluru,72,25.15,0.0,12.67
2024-08-16,Bengaluru,72,21.9,0.0,11.84
2024-08-17,Bengaluru,72,23.45,1.08,11.11
2024-08-18,Bengaluru,72,22.32,3.02,9.18
2024-08-19,Bengaluru,72,23.33,1.8,10.95
2024-08-20,Bengaluru,72,21.65,8.15,13.38
2024-08-21,Bengaluru,72,24.01,15.28,15.5
2024-08-22,Bengaluru,72,22.95,15.83,13.94
2024-08-23,Bengaluru,72,25.38,0.0,7.59
2024-08-24,Bengaluru,72,23.12,0.0,9.83
2024-08-25,Bengaluru,72,22.21,0.0,13.46
2024-08-26,Bengaluru,72,21.2,0.0,10.34
2024-08-27,Bengaluru,72,21.89,2.69,14.2
2024-08-28,Bengaluru,72,22.23,11.18,14.55
2024-08-29,Bengaluru,72,18.23,0.0,11.98
2024-08-30,Bengaluru,72,21.21,0.0,11.82
2024-08-31,Bengaluru,72,20.1,0.0,9.78
2024-09-01,Bengaluru,72,19.88,0.0,8.69
2024-09-02,Bengaluru,72,21.81,0.0,7.81
2024-09-03,Bengaluru,72,20.65,7.34,8.86
2024-09-04,Bengaluru,72,21.3,13.52,12.61
2024-09-05,Bengaluru,72,23.62,2.16,10.84
2024-09-06,Bengaluru,72,22.42,15.69,8.19
2024-09-07,Bengaluru,72,22.91,6.38,10.34
2024-09-08,Bengaluru,72,23.47,0.87,9.66
2024-09-09,Bengaluru,72,22.66,22.22,8.52
2024-09-10,Bengaluru,72,22.14,8.03,10.74
2024-09-11,Bengaluru,72,22.93,2.68,12.02
2024-09-12,Bengaluru,72,23.41,17.6,15.58
2024-09-13,Bengaluru,72,24.41,24.91,6.41
2024-09-14,Bengaluru,72,20.1,3.02,8.46
2024-09-15,Bengaluru,72,23.1,12.91,14.53
2024-09-16,Bengaluru,72,21.57,0.68,7.35
2024-09-17,Bengaluru,72,25.27,11.34,9.58
2024-09-18,Bengaluru,72,23.72,11.6,12.11
2024-09-19,Bengaluru,72,25.55,19.35,10.01
2024-09-20,Bengaluru,72,27.32,8.05,14.04
2024-09-21,Bengaluru,72,24.58,1.61,10.05
2024-09-22,Bengaluru,72,25.42,10.12,16.28
2024-09-23,Bengaluru,72,24.69,0.0,11.59
2024-09-24,Bengaluru,72,24.91,21.57,11.91
2024-09-25,Bengaluru,72,24.23,7.24,11.12
2024-09-26,Bengaluru,72,25.3,2.13,8.82
2024-09-27,Bengaluru,72,26.3,2.87,10.88
2024-09-28,Bengaluru,72,28.31,4.17,15.21
2024-09-29,Bengaluru,72,26.31,21.07,17.18
2024-09-30,Bengaluru,72,28.5,0.27,9.39
2024-10-01,Bengaluru,72,24.35,6.43,9.76
2024-10-02,Bengaluru,72,26.33,5.83,11.02
2024-10-03,Bengaluru,72,27.89,15.78,12.07
2024-10-04,Bengaluru,72,24.52,10.97,10.87
2024-10-05,Bengaluru,72,23.32,10.3,9.55
2024-10-06,Bengaluru,72,21.99,2.43,7.75
2024-10-07,Bengaluru,72,21.19,3.75,6.79
2024-10-08,Bengaluru,72,23.36,5.57,2.85
2024-10-09,Bengaluru,72,21.59,19.08,9.54
2024-10-10,Bengaluru,72,18.0,0.0,6.38
2024-10-11,Bengaluru,72,22.12,0.0,1.77
2024-10-12,Bengaluru,72,19.82,0.0,5.11
2024-10-13,Bengaluru,72,23.46,0.0,7.2
2024-10-14,Bengaluru,72,23.71,0.0,6.26
2024-10-15,Bengaluru,72,23.22,0.0,8.15
2024-10-16,Bengaluru,72,24.91,0.0,8.42
2024-10-17,Bengaluru,72,26.65,0.0,7.61
2024-10-18,Bengaluru,72,21.29,0.0,11.47
2024-10-19,Bengaluru,72,24.58,0.0,7.38
2024-10-20,Bengaluru,72,22.1,0.58,9.44
2024-10-21,Bengaluru,72,23.83,7.39,9.51
2024-10-22,Bengaluru,72,23.27,23.28,12.76
2024-10-23,Bengaluru,72,23.53,4.49,8.66
2024-10-24,Bengaluru,72,21.61,18.34,7.72
2024-10-25,Bengaluru,72,22.67,7.01,8.0
2024-10-26,Bengaluru,72,21.82,0.0,3.45
2024-10-27,Bengaluru,72,23.36,0.0,6.09
2024-10-28,Bengaluru,72,19.03,0.0,6.67
2024-10-29,Bengaluru,72,22.51,0.0,6.67
2024-10-30,Bengaluru,72,22.12,0.0,6.51
2024-10-31,Bengaluru,72,20.39,0.0,6.22
2024-11-01,Bengaluru,72,21.15,0.0,5.39
2024-11-02,Bengaluru,72,21.25,3.86,5.82
2024-11-03,Bengaluru,72,20.2,0.0,4.04
2024-11-04,Bengaluru,72,18.42,0.0,8.91
2024-11-05,Bengaluru,72,18.26,8.24,9.57
2024-11-06,Bengaluru,72,18.18,1.85,5.97
2024-11-07,Bengaluru,72,17.11,22.34,14.07
2024-11-08,Bengaluru,72,19.78,0.0,7.17
2024-11-09,Bengaluru,72,18.53,0.0,6.73
2024-11-10,Bengaluru,72,18.65,0.0,7.26
2024-11-11,Bengaluru,72,18.8,0.0,6.08
2024-11-12,Bengaluru,72,19.81,0.0,8.54
2024-11-13,Bengaluru,72,21.08,7.72,13.02
2024-11-14,Bengaluru,72,23.43,0.0,8.9
2024-11-15,Bengaluru,72,23.67,0.0,8.77
2024-11-16,Bengaluru,72,21.84,13.06,9.06
2024-11-17,Bengaluru,72,22.99,0.0,4.88
2024-11-18,Bengaluru,72,21.78,0.0,5.88
2024-11-19,Bengaluru,72,22.11,0.0,6.02
2024-11-20,Bengaluru,72,22.87,0.0,5.08
2024-11-21,Bengaluru,72,20.49,0.0,10.53
2024-11-22,Bengaluru,72,20.42,8.82,9.07
2024-11-23,Bengaluru,72,20.21,7.52,4.41
2024-11-24,Bengaluru,72,20.38,3.44,6.86
2024-11-25,Bengaluru,72,20.93,0.0,5.87
2024-11-26,Bengaluru,72,19.52,0.0,10.08
2024-11-27,Bengaluru,72,19.34,0.0,5.68
2024-11-28,Bengaluru,72,16.65,0.0,6.5
2024-11-29,Bengaluru,72,23.0,0.0,5.47
2024-11-30,Bengaluru,72,22.65,1.73,6.88
2024-12-01,Bengaluru,72,20.81,0.0,3.32
2024-12-02,Bengaluru,72,19.36,0.0,5.4
2024-12-03,Bengaluru,72,20.46,0.0,8.99
2024-12-04,Bengaluru,72,19.76,0.0,3.94
2024-12-05,Bengaluru,72,20.35,0.0,9.79
2024-12-06,Bengaluru,72,21.22,0.0,11.48
2024-12-07,Bengaluru,72,23.28,0.0,2.51
2024-12-08,Bengaluru,72,19.83,0.0,9.88
2024-12-09,Bengaluru,72,21.03,0.0,9.12
2024-12-10,Bengaluru,72,20.04,0.0,7.34
2024-12-11,Bengaluru,72,20.65,0.0,4.53
2024-12-12,Bengaluru,72,19.14,0.0,8.25
2024-12-13,Bengaluru,72,23.49,0.0,8.43
2024-12-14,Bengaluru,72,21.17,0.0,10.85
2024-12-15,Bengaluru,72,23.48,0.0,7.84
2024-12-16,Bengaluru,72,21.64,0.0,8.46
2024-12-17,Bengaluru,72,19.32,0.0,5.71
2024-12-18,Bengaluru,72,20.71,0.0,10.93
2024-12-19,Bengaluru,72,19.78,0.0,8.55
2024-12-20,Bengaluru,72,20.41,0.0,7.16
2024-12-21,Bengaluru,72,21.42,0.0,7.06
2024-12-22,Bengaluru,72,21.97,0.0,6.49
2024-12-23,Bengaluru,72,18.98,0.0,5.59
2024-12-24,Bengaluru,72,18.18,0.0,7.08
2024-12-25,Bengaluru,72,20.54,0.0,4.38
2024-12-26,Bengaluru,72,20.08,0.0,0.0
2024-12-27,Bengaluru,72,19.44,91.35,20.33
2024-12-28,Bengaluru,72,22.03,0.0,4.56
2024-12-29,Bengaluru,72,20.45,0.0,0.0
2024-12-30,Bengaluru,72,21.07,0.0,2.86
2024-12-31,Bengaluru,72,18.14,0.0,3.73
2025-01-01,Bengaluru,72,23.84,0.0,0.0
2025-01-02,Bengaluru,72,26.17,0.0,6.1
2025-01-03,Bengaluru,72,22.77,0.0,5.6
2025-01-04,Bengaluru,72,20.92,0.0,3.12
2025-01-05,Bengaluru,72,21.95,0.0,5.01
2025-01-06,Bengaluru,72,23.78,0.0,2.47
2025-01-07,Bengaluru,72,19.53,0.0,8.14
2025-01-08,Bengaluru,72,21.14,0.0,9.35
2025-01-09,Bengaluru,72,19.43,0.0,6.28
2025-01-10,Bengaluru,72,19.48,0.0,10.22
2025-01-11,Bengaluru,72,20.94,0.0,4.96
2025-01-12,Bengaluru,72,19.89,0.0,5.42
2025-01-13,Bengaluru,72,19.9,0.0,5.4
2025-01-14,Bengaluru,72,22.18,0.0,3.88
2025-01-15,Bengaluru,72,20.58,0.0,0.75
2025-01-16,Bengaluru,72,22.99,0.0,4.88
2025-01-17,Bengaluru,72,20.59,0.0,8.52
2025-01-18,Bengaluru,72,21.29,0.0,9.23
2025-01-19,Bengaluru,72,20.93,0.0,7.61
2025-01-20,Bengaluru,72,21.0,0.0,6.2
2025-01-21,Bengaluru,72,20.01,0.0,4.91
2025-01-22,Bengaluru,72,19.38,0.0,4.16
2025-01-23,Bengaluru,72,17.11,0.0,5.54
2025-01-24,Bengaluru,72,18.75,0.0,3.34
2025-01-25,Bengaluru,72,17.91,0.0,1.73
2025-01-26,Bengaluru,72,17.32,0.0,3.49
2025-01-27,Bengaluru,72,18.64,0.0,5.02
2025-01-28,Bengaluru,72,19.12,0.0,1.69
2025-01-29,Bengaluru,72,17.07,0.0,4.04
2025-01-30,Bengaluru,72,20.29,0.0,3.19
2025-01-31,Bengaluru,72,19.52,0.0,2.39
2025-02-01,Bengaluru,72,22.69,0.0,0.42
2025-02-02,Bengaluru,72,22.64,0.0,6.9
2025-02-03,Bengaluru,72,20.11,0.0,3.66
2025-02-04,Bengaluru,72,22.43,0.0,8.89
2025-02-05,Bengaluru,72,21.32,0.0,7.52
2025-02-06,Bengaluru,72,21.56,0.0,11.6
2025-02-07,Bengaluru,72,21.42,0.0,5.86
2025-02-08,Bengaluru,72,21.87,0.0,8.72
2025-02-09,Bengaluru,72,24.56,0.0,8.83
2025-02-10,Bengaluru,72,23.29,0.0,10.83
2025-02-11,Bengaluru,72,26.55,0.0,5.14
2025-02-12,Bengaluru,72,24.77,0.0,3.67
2025-02-13,Bengaluru,72,24.29,0.0,8.35
2025-02-14,Bengaluru,72,26.01,0.0,11.17
2025-02-15,Bengaluru,72,24.38,0.0,5.6
2025-02-16,Bengaluru,72,24.88,0.0,5.67
2025-02-17,Bengaluru,72,24.83,0.0,7.6
2025-02-18,Bengaluru,72,22.69,0.0,7.26
2025-02-19,Bengaluru,72,21.5,0.0,6.09
2025-02-20,Bengaluru,72,22.16,0.0,8.02
2025-02-21,Bengaluru,72,23.12,0.0,6.98
2025-02-22,Bengaluru,72,19.26,0.0,6.58
2025-02-23,Bengaluru,72,20.36,0.0,6.99
2025-02-24,Bengaluru,72,19.59,0.0,5.98
2025-02-25,Bengaluru,72,19.28,0.0,6.32
2025-02-26,Bengaluru,72,20.48,0.0,6.15
2025-02-27,Bengaluru,72,22.39,0.0,5.89
2025-02-28,Bengaluru,72,22.48,0.0,8.23
2025-03-01,Bengaluru,72,25.65,0.0,7.73
2025-03-02,Bengaluru,72,24.6,0.0,8.48
2025-03-03,Bengaluru,72,24.21,0.0,5.94
2025-03-04,Bengaluru,72,27.15,0.0,5.06
2025-03-05,Bengaluru,72,27.67,0.0,6.28
2025-03-06,Bengaluru,72,26.09,0.0,3.0
2025-03-07,Bengaluru,72,25.16,0.0,5.14
2025-03-08,Bengaluru,72,26.34,0.0,3.72
2025-03-09,Bengaluru,72,29.91,0.0,7.97
2025-03-10,Bengaluru,72,26.66,0.0,11.33
2025-03-11,Bengaluru,72,26.56,0.0,10.28
2025-03-12,Bengaluru,72,25.39,0.0,5.54
2025-03-13,Bengaluru,72,21.92,0.0,9.04
2025-03-14,Bengaluru,72,24.79,0.0,6.26
2025-03-15,Bengaluru,72,22.91,0.0,6.27
2025-03-16,Bengaluru,72,21.48,0.0,6.49
2025-03-17,Bengaluru,72,21.68,0.0,8.06
2025-03-18,Bengaluru,72,22.57,0.0,8.57
2025-03-19,Bengaluru,72,27.29,0.0,9.77
2025-03-20,Bengaluru,72,25.62,0.0,9.52
2025-03-21,Bengaluru,72,25.37,0.0,9.0
2025-03-22,Bengaluru,72,24.97,0.0,8.35
2025-03-23,Bengaluru,72,23.82,0.0,6.53
2025-03-24,Bengaluru,72,25.92,0.0,6.89
2025-03-25,Bengaluru,72,24.34,0.0,7.12
2025-03-26,Bengaluru,72,25.23,0.0,5.14
2025-03-27,Bengaluru,72,25.38,0.0,8.61
2025-03-28,Bengaluru,72,25.31,0.0,12.25
2025-03-29,Bengaluru,72,25.62,0.0,5.02
2025-03-30,Bengaluru,72,25.95,0.0,2.65
2025-03-31,Bengaluru,72,25.25,0.0,8.46
2025-04-01,Bengaluru,72,25.47,0.0,8.6
2025-04-02,Bengaluru,72,27.95,0.0,8.37
2025-04-03,Bengaluru,72,26.72,0.0,10.86
2025-04-04,Bengaluru,72,28.43,0.0,12.14
2025-04-05,Bengaluru,72,27.21,0.0,11.05
2025-04-06,Bengaluru,72,27.23,0.0,7.91
2025-04-07,Bengaluru,72,29.3,0.0,11.72
2025-04-08,Bengaluru,72,30.51,0.0,16.19
2025-04-09,Bengaluru,72,27.37,0.0,11.54
2025-04-10,Bengaluru,72,25.67,0.0,12.13
2025-04-11,Bengaluru,72,25.88,0.0,14.96
2025-04-12,Bengaluru,72,27.96,0.0,10.89
2025-04-13,Bengaluru,72,27.9,0.0,8.39
2025-04-14,Bengaluru,72,27.07,7.08,9.45
2025-04-15,Bengaluru,72,29.53,9.02,12.98
2025-04-16,Bengaluru,72,27.94,0.0,11.65
2025-04-17,Bengaluru,72,25.54,0.0,14.11
2025-04-18,Bengaluru,72,27.65,6.32,15.65
2025-04-19,Bengaluru,72,26.18,13.43,18.0
2025-04-20,Bengaluru,72,26.13,8.65,12.07
2025-04-21,Bengaluru,72,22.05,0.0,10.61
2025-04-22,Bengaluru,72,27.36,0.0,8.93
2025-04-23,Bengaluru,72,25.12,0.0,9.96
2025-04-24,Bengaluru,72,26.9,13.34,9.82
2025-04-25,Bengaluru,72,27.71,1.49,7.58
2025-04-26,Bengaluru,72,28.45,0.0,9.45
2025-04-27,Bengaluru,72,30.54,0.0,6.77
2025-04-28,Bengaluru,72,28.69,1.88,0.95
2025-04-29,Bengaluru,72,27.29,19.86,14.13
2025-04-30,Bengaluru,72,27.68,8.19,10.93
2025-05-01,Bengaluru,72,28.09,2.02,10.24
2025-05-02,Bengaluru,72,28.69,0.0,11.72
2025-05-03,Bengaluru,72,27.13,0.0,6.98
2025-05-04,Bengaluru,72,29.41,0.0,7.94
2025-05-05,Bengaluru,72,26.46,0.0,14.09
2025-05-06,Bengaluru,72,27.06,36.23,13.97
2025-05-07,Bengaluru,72,27.22,0.58,13.3
2025-05-08,Bengaluru,72,28.15,6.31,14.26
2025-05-09,Bengaluru,72,28.69,0.0,10.09
2025-05-10,Bengaluru,72,27.21,0.0,9.35
2025-05-11,Bengaluru,72,25.45,0.0,7.8
2025-05-12,Bengaluru,72,25.4,0.0,14.43
2025-05-13,Bengaluru,72,27.43,0.0,10.05
2025-05-14,Bengaluru,72,26.42,0.0,6.22
2025-05-15,Bengaluru,72,24.17,6.74,14.26
2025-05-16,Bengaluru,72,25.62,0.42,9.25
2025-05-17,Bengaluru,72,25.45,6.45,6.41
2025-05-18,Bengaluru,72,24.53,0.89,9.01
2025-05-19,Bengaluru,72,27.3,0.0,8.82
2025-05-20,Bengaluru,72,25.97,11.33,10.46
2025-05-21,Bengaluru,72,27.76,0.0,14.6
2025-05-22,Bengaluru,72,27.36,0.0,11.7
2025-05-23,Bengaluru,72,25.76,0.0,14.22
2025-05-24,Bengaluru,72,24.5,21.1,17.97
2025-05-25,Bengaluru,72,24.52,0.0,10.24
2025-05-26,Bengaluru,72,24.35,0.0,7.74
2025-05-27,Bengaluru,72,24.1,0.0,6.81
2025-05-28,Bengaluru,72,24.25,15.16,14.41
2025-05-29,Bengaluru,72,27.77,1.89,9.64
2025-05-30,Bengaluru,72,31.08,0.0,6.58
2025-05-31,Bengaluru,72,28.24,0.0,6.73
2025-06-01,Bengaluru,72,26.02,0.0,15.68
2025-06-02,Bengaluru,72,25.58,0.0,10.12
2025-06-03,Bengaluru,72,27.0,0.0,10.19
2025-06-04,Bengaluru,72,23.95,33.2,12.91
2025-06-05,Bengaluru,72,26.62,0.0,15.75
2025-06-06,Bengaluru,72,26.38,0.0,12.07
2025-06-07,Bengaluru,72,25.94,0.0,12.73
2025-06-08,Bengaluru,72,27.12,0.0,10.15
2025-06-09,Bengaluru,72,25.63,0.0,8.25
2025-06-10,Bengaluru,72,25.89,0.0,11.02
2025-06-11,Bengaluru,72,23.94,0.0,12.77
2025-06-12,Bengaluru,72,27.34,0.0,13.96
2025-06-13,Bengaluru,72,25.53,0.0,13.99
2025-06-14,Bengaluru,72,23.67,0.0,11.55
2025-06-15,Bengaluru,72,22.67,0.0,12.3
2025-06-16,Bengaluru,72,20.67,0.0,14.02
2025-06-17,Bengaluru,72,20.5,0.0,14.95
2025-06-18,Bengaluru,72,21.83,0.0,11.48
2025-06-19,Bengaluru,72,23.99,0.0,11.35
2025-06-20,Bengaluru,72,24.33,0.0,7.81
2025-06-21,Bengaluru,72,21.7,2.88,11.61
2025-06-22,Bengaluru,72,21.54,0.0,10.91
2025-06-23,Bengaluru,72,23.87,0.0,11.49
2025-06-24,Bengaluru,72,24.18,0.0,14.1
2025-06-25,Bengaluru,72,21.35,0.0,16.82
2025-06-26,Bengaluru,72,22.98,0.0,12.86
2025-06-27,Bengaluru,72,22.05,0.0,14.93
2025-06-28,Bengaluru,72,24.65,0.0,14.93
2025-06-29,Bengaluru,72,24.52,0.0,13.1
2025-06-30,Bengaluru,72,27.31,2.88,10.84
2025-07-01,Bengaluru,72,23.85,8.96,15.52
2025-07-02,Bengaluru,72,22.69,0.0,8.92
2025-07-03,Bengaluru,72,25.08,0.0,14.24
2025-07-04,Bengaluru,72,23.01,0.0,14.45
2025-07-05,Bengaluru,72,20.16,0.0,12.25
2025-07-06,Bengaluru,72,21.2,0.0,10.4
2025-07-07,Bengaluru,72,24.42,0.0,10.17
2025-07-08,Bengaluru,72,21.46,4.15,12.62
2025-07-09,Bengaluru,72,21.64,19.74,19.32
2025-07-10,Bengaluru,72,21.21,0.0,12.51
2025-07-11,Bengaluru,72,21.07,8.92,9.77
2025-07-12,Bengaluru,72,20.14,0.87,11.31
2025-07-13,Bengaluru,72,21.44,12.45,19.34
2025-07-14,Bengaluru,72,22.77,0.0,17.62
2025-07-15,Bengaluru,72,21.09,0.0,11.64
2025-07-16,Bengaluru,72,21.36,0.0,8.89
2025-07-17,Bengaluru,72,22.3,22.43,13.26
2025-07-18,Bengaluru,72,21.5,3.07,9.08
2025-07-19,Bengaluru,72,23.77,0.0,12.55
2025-07-20,Bengaluru,72,22.31,0.0,10.43
2025-07-21,Bengaluru,72,20.42,0.0,10.41
2025-07-22,Bengaluru,72,24.67,2.43,14.46
2025-07-23,Bengaluru,72,24.53,12.67,16.38
2025-07-24,Bengaluru,72,25.66,15.75,14.12
2025-07-25,Bengaluru,72,24.58,0.0,10.91
2025-07-26,Bengaluru,72,24.79,0.0,13.17
2025-07-27,Bengaluru,72,21.51,0.0,12.38
2025-07-28,Bengaluru,72,22.16,3.15,11.0
2025-07-29,Bengaluru,72,23.31,0.0,13.79
2025-07-30,Bengaluru,72,21.68,0.0,14.19
2025-07-31,Bengaluru,72,22.85,0.61,13.85
2025-08-01,Bengaluru,72,24.71,46.63,17.26
2025-08-02,Bengaluru,72,25.46,0.0,7.95
2025-08-03,Bengaluru,72,24.56,0.0,7.28
2025-08-04,Bengaluru,72,23.13,0.0,6.77
2025-08-05,Bengaluru,72,23.53,0.0,9.18
2025-08-06,Bengaluru,72,24.0,0.0,9.61
2025-08-07,Bengaluru,72,22.79,0.0,10.4
2025-08-08,Bengaluru,72,25.9,0.0,13.16
2025-08-09,Bengaluru,72,23.23,0.0,4.35
2025-08-10,Bengaluru,72,22.52,0.0,10.43
2025-08-11,Bengaluru,72,21.79,0.0,10.76
2025-08-12,Bengaluru,72,21.67,0.0,12.09
2025-08-13,Bengaluru,72,21.74,0.0,17.49
2025-08-14,Bengaluru,72,20.76,2.83,12.97
2025-08-15,Bengaluru,72,23.68,27.4,16.66
2025-08-16,Bengaluru,72,21.75,3.63,12.25
2025-08-17,Bengaluru,72,23.22,9.85,11.6
2025-08-18,Bengaluru,72,21.36,6.81,14.39
2025-08-19,Bengaluru,72,24.72,11.77,14.77
2025-08-20,Bengaluru,72,22.83,0.0,13.32
2025-08-21,Bengaluru,72,25.19,0.0,14.42
2025-08-22,Bengaluru,72,25.74,0.0,11.59
2025-08-23,Bengaluru,72,22.58,0.0,12.86
2025-08-24,Bengaluru,72,21.32,0.0,9.51
2025-08-25,Bengaluru,72,17.47,0.0,7.89
2025-08-26,Bengaluru,72,21.98,0.0,7.77
2025-08-27,Bengaluru,72,23.21,12.31,13.0
2025-08-28,Bengaluru,72,20.9,0.0,12.38
2025-08-29,Bengaluru,72,21.88,0.0,11.25
2025-08-30,Bengaluru,72,21.94,0.0,14.91
2025-08-31,Bengaluru,72,22.69,0.0,5.92
2025-09-01,Bengaluru,72,23.42,0.0,6.29
2025-09-02,Bengaluru,72,24.26,0.0,8.13
2025-09-03,Bengaluru,72,23.62,0.0,11.45
2025-09-04,Bengaluru,72,24.23,0.0,12.22
2025-09-05,Bengaluru,72,24.62,0.0,11.75
2025-09-06,Bengaluru,72,25.44,0.0,11.18
2025-09-07,Bengaluru,72,25.01,0.0,8.7
2025-09-08,Bengaluru,72,22.33,0.0,7.82
2025-09-09,Bengaluru,72,25.27,0.0,13.57
2025-09-10,Bengaluru,72,23.72,0.0,8.99
2025-09-11,Bengaluru,72,24.56,0.0,12.39
2025-09-12,Bengaluru,72,25.63,0.0,7.89
2025-09-13,Bengaluru,72,23.89,0.0,11.01
2025-09-14,Bengaluru,72,22.69,0.0,9.51
2025-09-15,Bengaluru,72,20.25,0.0,7.82
2025-09-16,Bengaluru,72,22.09,0.0,8.86
2025-09-17,Bengaluru,72,23.11,0.0,7.87
2025-09-18,Bengaluru,72,21.02,0.0,5.55
2025-09-19,Bengaluru,72,23.43,10.91,11.21
2025-09-20,Bengaluru,72,20.16,23.42,16.22
2025-09-21,Bengaluru,72,22.07,7.5,12.02
2025-09-22,Bengaluru,72,24.49,0.0,8.67
2025-09-23,Bengaluru,72,23.11,0.0,6.72
2025-09-24,Bengaluru,72,19.22,0.0,12.24
2025-09-25,Bengaluru,72,20.95,0.0,8.21
2025-09-26,Bengaluru,72,20.02,0.0,6.53
2025-09-27,Bengaluru,72,22.66,0.0,8.44
2025-09-28,Bengaluru,72,20.6,1.2,13.08
2025-09-29,Bengaluru,72,19.0,4.48,9.94
2025-09-30,Bengaluru,72,21.82,5.29,13.36
2023-01-01,Bengaluru,120,21.26,0.0,5.96
2023-01-02,Bengaluru,120,20.79,0.0,2.29
2023-01-03,Bengaluru,120,18.01,0.0,9.06
2023-01-04,Bengaluru,120,17.31,0.0,8.33
2023-01-05,Bengaluru,120,18.05,0.0,6.01
2023-01-06,Bengaluru,120,18.81,0.0,6.13
2023-01-07,Bengaluru,120,20.55,0.0,8.42
2023-01-08,Bengaluru,120,19.0,0.0,8.64
2023-01-09,Bengaluru,120,18.92,0.0,7.95
2023-01-10,Bengaluru,120,20.03,0.0,5.92
2023-01-11,Bengaluru,120,19.71,0.0,9.51
2023-01-12,Bengaluru,120,21.87,0.0,9.56
2023-01-13,Bengaluru,120,19.6,2.42,11.55
2023-01-14,Bengaluru,120,18.04,0.0,4.88
2023-01-15,Bengaluru,120,21.15,0.0,6.11
2023-01-16,Bengaluru,120,19.33,0.0,12.06
2023-01-17,Bengaluru,120,19.88,0.0,2.31
2023-01-18,Bengaluru,120,24.06,0.41,5.6
2023-01-19,Bengaluru,120,23.74,0.0,6.87
2023-01-20,Bengaluru,120,21.82,0.0,5.6
2023-01-21,Bengaluru,120,22.15,0.0,8.25
2023-01-22,Bengaluru,120,19.59,0.0,5.37
2023-01-23,Bengaluru,120,20.8,0.0,5.25
2023-01-24,Bengaluru,120,17.57,0.0,7.77
2023-01-25,Bengaluru,120,18.13,0.0,4.97
2023-01-26,Bengaluru,120,19.23,0.0,4.1
2023-01-27,Bengaluru,120,20.84,0.0,8.13
2023-01-28,Bengaluru,120,20.61,0.0,3.23
2023-01-29,Bengaluru,120,20.79,0.0,5.86
2023-01-30,Bengaluru,120,21.55,0.0,5.65
2023-01-31,Bengaluru,120,22.24,0.0,6.59
2023-02-01,Bengaluru,120,23.44,0.0,6.42
2023-02-02,Bengaluru,120,26.87,0.0,10.26
2023-02-03,Bengaluru,120,24.18,0.0,3.94
2023-02-04,Bengaluru,120,25.11,0.0,4.41
2023-02-05,Bengaluru,120,26.87,0.0,6.04
2023-02-06,Bengaluru,120,20.85,0.0,4.99
2023-02-07,Bengaluru,120,19.13,0.0,3.29
2023-02-08,Bengaluru,120,19.82,0.0,2.9
2023-02-09,Bengaluru,120,23.91,0.0,7.11
2023-02-10,Bengaluru,120,24.4,0.0,6.24
2023-02-11,Bengaluru,120,21.9,0.0,12.18
2023-02-12,Bengaluru,120,23.64,0.0,9.52
2023-02-13,Bengaluru,120,21.72,0.0,9.47
2023-02-14,Bengaluru,120,23.95,0.0,9.67
2023-02-15,Bengaluru,120,21.46,0.0,13.07
2023-02-16,Bengaluru,120,23.23,0.0,9.37
2023-02-17,Bengaluru,120,25.99,0.0,6.12
2023-02-18,Bengaluru,120,25.08,0.0,6.33
2023-02-19,Bengaluru,120,23.68,0.0,10.02
2023-02-20,Bengaluru,120,23.06,0.0,9.63
2023-02-21,Bengaluru,120,21.31,0.0,6.46
2023-02-22,Bengaluru,120,23.22,0.0,2.31
2023-02-23,Bengaluru,120,21.75,0.0,8.57
2023-02-24,Bengaluru,120,24.86,0.0,3.32
2023-02-25,Bengaluru,120,21.75,0.0,2.32
2023-02-26,Bengaluru,120,22.87,0.0,5.33
2023-02-27,Bengaluru,120,21.93,0.0,8.09
2023-02-28,Bengaluru,120,21.53,0.0,4.0
2023-03-01,Bengaluru,120,24.97,0.0,7.02
2023-03-02,Bengaluru,120,24.52,0.0,10.65
2023-03-03,Bengaluru,120,26.21,0.0,8.82
2023-03-04,Bengaluru,120,29.18,0.0,8.71
2023-03-05,Bengaluru,120,26.06,0.0,8.9
2023-03-06,Bengaluru,120,23.8,0.0,7.79
2023-03-07,Bengaluru,120,24.35,0.0,7.79
2023-03-08,Bengaluru,120,25.73,0.0,7.37
2023-03-09,Bengaluru,120,30.02,0.0,8.77
2023-03-10,Bengaluru,120,29.14,0.0,9.73
2023-03-11,Bengaluru,120,26.83,0.0,7.65
2023-03-12,Bengaluru,120,25.11,0.0,8.22
2023-03-13,Bengaluru,120,26.85,0.0,7.84
2023-03-14,Bengaluru,120,26.65,0.0,8.97
2023-03-15,Bengaluru,120,28.41,0.0,7.59
2023-03-16,Bengaluru,120,28.45,0.0,10.37
2023-03-17,Bengaluru,120,25.77,0.0,8.81
2023-03-18,Bengaluru,120,24.25,0.0,15.44
2023-03-19,Bengaluru,120,26.97,0.0,13.24
2023-03-20,Bengaluru,120,28.73,0.0,12.29
2023-03-21,Bengaluru,120,25.98,0.0,9.45
2023-03-22,Bengaluru,120,29.86,0.0,12.07
2023-03-23,Bengaluru,120,28.67,0.0,13.04
2023-03-24,Bengaluru,120,25.73,0.0,13.59
2023-03-25,Bengaluru,120,26.02,0.0,10.06
2023-03-26,Bengaluru,120,22.23,0.0,5.39
2023-03-27,Bengaluru,120,22.33,0.0,10.38
2023-03-28,Bengaluru,120,23.86,0.0,8.38
2023-03-29,Bengaluru,120,26.59,0.0,5.94
2023-03-30,Bengaluru,120,27.21,0.0,8.28
2023-03-31,Bengaluru,120,26.35,0.0,6.35
2023-04-01,Bengaluru,120,26.28,0.0,16.91
2023-04-02,Bengaluru,120,26.66,0.0,8.56
2023-04-03,Bengaluru,120,27.05,0.0,11.86
2023-04-04,Bengaluru,120,28.57,0.0,10.08
2023-04-05,Bengaluru,120,29.09,0.0,12.75
2023-04-06,Bengaluru,120,25.98,0.0,6.0
2023-04-07,Bengaluru,120,27.58,0.0,19.37
2023-04-08,Bengaluru,120,30.14,0.0,11.76
2023-04-09,Bengaluru,120,24.8,0.0,10.12
2023-04-10,Bengaluru,120,25.58,0.0,8.74
2023-04-11,Bengaluru,120,25.31,0.0,8.57
2023-04-12,Bengaluru,120,24.45,0.0,10.14
2023-04-13,Bengaluru,120,29.11,0.0,5.01
2023-04-14,Bengaluru,120,27.7,0.0,4.85
2023-04-15,Bengaluru,120,27.36,3.61,11.51
2023-04-16,Bengaluru,120,25.22,22.23,11.76
2023-04-17,Bengaluru,120,26.49,0.32,10.55
2023-04-18,Bengaluru,120,27.33,0.0,10.39
2023-04-19,Bengaluru,120,27.32,0.0,6.63
2023-04-20,Bengaluru,120,25.33,0.0,11.0
2023-04-21,Bengaluru,120,27.26,0.0,6.92
2023-04-22,Bengaluru,120,26.71,0.0,11.73
2023-04-23,Bengaluru,120,27.46,0.0,9.03
2023-04-24,Bengaluru,120,26.57,0.0,6.28
2023-04-25,Bengaluru,120,25.94,0.0,14.07
2023-04-26,Bengaluru,120,27.83,0.0,8.27
2023-04-27,Bengaluru,120,27.35,0.0,13.89
2023-04-28,Bengaluru,120,29.61,0.0,5.1
2023-04-29,Bengaluru,120,27.1,0.0,7.07
2023-04-30,Bengaluru,120,27.18,0.0,10.43
2023-05-01,Bengaluru,120,28.08,3.85,9.87
2023-05-02,Bengaluru,120,25.64,24.04,19.12
2023-05-03,Bengaluru,120,29.81,18.67,13.51
2023-05-04,Bengaluru,120,29.02,10.87,15.28
2023-05-05,Bengaluru,120,26.29,0.0,15.69
2023-05-06,Bengaluru,120,27.0,0.0,11.49
2023-05-07,Bengaluru,120,29.1,13.11,22.93
2023-05-08,Bengaluru,120,30.48,1.49,15.91
2023-05-09,Bengaluru,120,29.12,1.6,13.77
2023-05-10,Bengaluru,120,30.45,0.0,13.12
2023-05-11,Bengaluru,120,28.73,0.0,11.27
2023-05-12,Bengaluru,120,27.82,0.0,11.6
2023-05-13,Bengaluru,120,26.94,0.0,10.4
2023-05-14,Bengaluru,120,27.23,0.0,10.95
2023-05-15,Bengaluru,120,29.2,0.0,13.45
2023-05-16,Bengaluru,120,27.99,17.12,12.93
2023-05-17,Bengaluru,120,30.41,0.63,10.37
2023-05-18,Bengaluru,120,30.32,7.46,11.07
2023-05-19,Bengaluru,120,31.01,13.9,14.14
2023-05-20,Bengaluru,120,29.87,5.25,9.6
2023-05-21,Bengaluru,120,27.5,1.98,12.7
2023-05-22,Bengaluru,120,28.56,10.05,6.8
2023-05-23,Bengaluru,120,27.73,0.0,9.81
2023-05-24,Bengaluru,120,26.95,9.1,8.91
2023-05-25,Bengaluru,120,28.02,0.0,12.75
2023-05-26,Bengaluru,120,28.6,10.0,17.49
2023-05-27,Bengaluru,120,31.06,5.05,10.23
2023-05-28,Bengaluru,120,28.52,3.85,9.74
2023-05-29,Bengaluru,120,29.38,0.0,8.75
2023-05-30,Bengaluru,120,31.4,0.0,4.78
2023-05-31,Bengaluru,120,30.4,0.0,9.68
2023-06-01,Bengaluru,120,27.24,13.05,9.51
2023-06-02,Bengaluru,120,27.56,0.0,14.09
2023-06-03,Bengaluru,120,25.38,0.0,11.85
2023-06-04,Bengaluru,120,24.41,81.75,19.93
2023-06-05,Bengaluru,120,25.28,28.3,16.63
2023-06-06,Bengaluru,120,25.25,0.0,14.21
2023-06-07,Bengaluru,120,26.34,0.0,11.18
2023-06-08,Bengaluru,120,23.72,0.0,10.32
2023-06-09,Bengaluru,120,24.17,0.0,11.44
2023-06-10,Bengaluru,120,25.3,0.0,10.32
2023-06-11,Bengaluru,120,22.57,0.0,6.9
2023-06-12,Bengaluru,120,27.17,5.49,11.05
2023-06-13,Bengaluru,120,25.71,0.0,10.06
2023-06-14,Bengaluru,120,27.61,0.0,10.58
2023-06-15,Bengaluru,120,28.09,0.0,16.16
2023-06-16,Bengaluru,120,29.31,0.0,10.99
2023-06-17,Bengaluru,120,26.47,0.0,9.98
2023-06-18,Bengaluru,120,23.51,0.0,13.06
2023-06-19,Bengaluru,120,24.67,0.0,6.57
2023-06-20,Bengaluru,120,25.66,0.0,11.0
2023-06-21,Bengaluru,120,24.86,0.0,11.85
2023-06-22,Bengaluru,120,28.45,0.0,10.76
2023-06-23,Bengaluru,120,23.09,0.0,8.85
2023-06-24,Bengaluru,120,27.37,0.0,11.35
2023-06-25,Bengaluru,120,25.97,0.0,10.98
2023-06-26,Bengaluru,120,27.63,0.0,8.99
2023-06-27,Bengaluru,120,27.64,0.0,13.87
2023-06-28,Bengaluru,120,26.48,0.0,14.53
2023-06-29,Bengaluru,120,23.86,0.0,11.6
2023-06-30,Bengaluru,120,26.41,0.0,10.66
2023-07-01,Bengaluru,120,28.37,3.24,11.86
2023-07-02,Bengaluru,120,25.03,3.04,12.47
2023-07-03,Bengaluru,120,25.04,0.0,13.65
2023-07-04,Bengaluru,120,24.38,0.0,11.63
2023-07-05,Bengaluru,120,25.15,0.0,11.5
2023-07-06,Bengaluru,120,23.67,0.0,11.65
2023-07-07,Bengaluru,120,25.13,0.0,14.98
2023-07-08,Bengaluru,120,23.69,0.0,18.39
2023-07-09,Bengaluru,120,23.61,0.0,13.64
2023-07-10,Bengaluru,120,25.29,0.0,9.97
2023-07-11,Bengaluru,120,26.05,0.0,19.75
2023-07-12,Bengaluru,120,25.14,0.0,14.06
2023-07-13,Bengaluru,120,23.27,1.5,9.15
2023-07-14,Bengaluru,120,24.5,28.6,23.35
2023-07-15,Bengaluru,120,23.15,0.49,8.11
2023-07-16,Bengaluru,120,25.67,1.85,7.09
2023-07-17,Bengaluru,120,26.14,1.69,13.53
2023-07-18,Bengaluru,120,23.43,0.0,9.86
2023-07-19,Bengaluru,120,24.69,0.0,13.33
2023-07-20,Bengaluru,120,26.19,0.0,18.68
2023-07-21,Bengaluru,120,21.73,0.0,11.68
2023-07-22,Bengaluru,120,23.54,0.0,13.02
2023-07-23,Bengaluru,120,23.84,0.0,14.51
2023-07-24,Bengaluru,120,23.25,2.58,12.83
2023-07-25,Bengaluru,120,25.35,0.0,10.6
2023-07-26,Bengaluru,120,24.09,0.0,12.75
2023-07-27,Bengaluru,120,24.3,0.0,12.15
2023-07-28,Bengaluru,120,23.75,0.0,12.99
2023-07-29,Bengaluru,120,23.31,0.27,11.0
2023-07-30,Bengaluru,120,27.5,0.0,9.5
2023-07-31,Bengaluru,120,27.87,0.0,12.29
2023-08-01,Bengaluru,120,23.97,3.74,10.48
2023-08-02,Bengaluru,120,23.93,12.54,15.8
2023-08-03,Bengaluru,120,26.28,0.0,8.55
2023-08-04,Bengaluru,120,28.84,3.15,12.21
2023-08-05,Bengaluru,120,23.9,0.0,7.62
2023-08-06,Bengaluru,120,24.25,0.0,12.5
2023-08-07,Bengaluru,120,21.02,3.84,13.4
2023-08-08,Bengaluru,120,23.5,0.0,13.42
2023-08-09,Bengaluru,120,22.85,4.4,5.95
2023-08-10,Bengaluru,120,23.53,6.33,10.44
2023-08-11,Bengaluru,120,23.03,80.21,20.13
2023-08-12,Bengaluru,120,24.16,2.33,11.19
2023-08-13,Bengaluru,120,21.2,0.0,7.32
2023-08-14,Bengaluru,120,23.74,0.0,13.03
2023-08-15,Bengaluru,120,26.14,7.21,9.93
2023-08-16,Bengaluru,120,26.88,0.0,14.06
2023-08-17,Bengaluru,120,27.69,0.0,12.85
2023-08-18,Bengaluru,120,27.06,0.0,11.2
2023-08-19,Bengaluru,120,24.8,0.0,14.55
2023-08-20,Bengaluru,120,21.58,0.0,13.53
2023-08-21,Bengaluru,120,24.73,0.0,9.58
2023-08-22,Bengaluru,120,24.31,0.0,10.47
2023-08-23,Bengaluru,120,23.93,0.0,5.41
2023-08-24,Bengaluru,120,21.28,0.0,14.3
2023-08-25,Bengaluru,120,25.15,0.0,11.65
2023-08-26,Bengaluru,120,23.52,0.0,12.07
2023-08-27,Bengaluru,120,24.13,0.0,7.17
2023-08-28,Bengaluru,120,22.32,0.0,8.93
2023-08-29,Bengaluru,120,23.19,4.08,11.03
2023-08-30,Bengaluru,120,25.47,0.0,16.36
2023-08-31,Bengaluru,120,19.5,4.09,13.54
2023-09-01,Bengaluru,120,19.72,6.1,11.25
2023-09-02,Bengaluru,120,21.67,5.27,8.36
2023-09-03,Bengaluru,120,24.62,24.07,14.96
2023-09-04,Bengaluru,120,20.57,2.22,7.6
2023-09-05,Bengaluru,120,24.08,3.57,14.32
2023-09-06,Bengaluru,120,24.36,3.83,11.76
2023-09-07,Bengaluru,120,19.86,28.86,14.24
2023-09-08,Bengaluru,120,19.15,6.04,7.2
2023-09-09,Bengaluru,120,19.06,6.33,11.49
2023-09-10,Bengaluru,120,19.08,4.21,9.8
2023-09-11,Bengaluru,120,20.07,4.53,8.86
2023-09-12,Bengaluru,120,18.16,4.7,8.32
2023-09-13,Bengaluru,120,20.09,0.0,3.4
2023-09-14,Bengaluru,120,20.18,0.0,12.12
2023-09-15,Bengaluru,120,24.89,0.0,8.16
2023-09-16,Bengaluru,120,23.68,16.21,15.15
2023-09-17,Bengaluru,120,23.9,5.9,12.05
2023-09-18,Bengaluru,120,22.45,11.29,15.82
2023-09-19,Bengaluru,120,19.88,1.74,7.14
2023-09-20,Bengaluru,120,19.92,10.22,11.74
2023-09-21,Bengaluru,120,21.99,8.18,15.5
2023-09-22,Bengaluru,120,20.21,3.39,9.71
2023-09-23,Bengaluru,120,23.13,20.64,9.58
2023-09-24,Bengaluru,120,23.56,0.52,6.65
2023-09-25,Bengaluru,120,23.75,2.49,8.81
2023-09-26,Bengaluru,120,27.59,17.62,7.12
2023-09-27,Bengaluru,120,26.65,0.0,9.32
2023-09-28,Bengaluru,120,25.25,13.63,13.29
2023-09-29,Bengaluru,120,24.34,4.85,7.7
2023-09-30,Bengaluru,120,24.93,20.25,14.46
2023-10-01,Bengaluru,120,28.62,0.0,4.75
2023-10-02,Bengaluru,120,25.7,0.0,11.25
2023-10-03,Bengaluru,120,24.55,9.68,9.66
2023-10-04,Bengaluru,120,25.14,15.83,10.43
2023-10-05,Bengaluru,120,22.87,6.32,7.89
2023-10-06,Bengaluru,120,24.32,0.0,7.51
2023-10-07,Bengaluru,120,21.21,0.0,6.89
2023-10-08,Bengaluru,120,21.26,0.0,10.67
2023-10-09,Bengaluru,120,22.0,0.0,4.97
2023-10-10,Bengaluru,120,21.84,31.53,13.2
2023-10-11,Bengaluru,120,22.2,1.96,9.24
2023-10-12,Bengaluru,120,21.26,0.0,3.37
2023-10-13,Bengaluru,120,19.88,33.52,11.31
2023-10-14,Bengaluru,120,25.4,11.18,7.02
2023-10-15,Bengaluru,120,23.87,9.15,9.13
2023-10-16,Bengaluru,120,22.61,0.0,8.35
2023-10-17,Bengaluru,120,23.01,0.0,10.52
2023-10-18,Bengaluru,120,21.32,0.0,5.74
2023-10-19,Bengaluru,120,22.67,0.91,9.03
2023-10-20,Bengaluru,120,23.2,8.11,12.38
2023-10-21,Bengaluru,120,24.26,42.32,10.45
2023-10-22,Bengaluru,120,24.03,20.02,6.53
2023-10-23,Bengaluru,120,24.48,24.05,10.44
2023-10-24,Bengaluru,120,21.45,0.0,6.01
2023-10-25,Bengaluru,120,22.08,0.0,0.0
2023-10-26,Bengaluru,120,22.82,10.23,6.33
2023-10-27,Bengaluru,120,25.98,20.36,13.14
2023-10-28,Bengaluru,120,21.9,0.0,4.46
2023-10-29,Bengaluru,120,24.74,0.0,2.94
2023-10-30,Bengaluru,120,22.2,0.0,4.37
2023-10-31,Bengaluru,120,25.83,0.0,8.2
2023-11-01,Bengaluru,120,22.47,0.0,10.58
2023-11-02,Bengaluru,120,20.62,0.0,5.47
2023-11-03,Bengaluru,120,22.93,0.0,6.75
2023-11-04,Bengaluru,120,23.39,4.14,12.84
2023-11-05,Bengaluru,120,25.27,0.0,7.77
2023-11-06,Bengaluru,120,20.95,0.0,6.36
2023-11-07,Bengaluru,120,19.13,0.0,8.19
2023-11-08,Bengaluru,120,19.06,8.79,7.73
2023-11-09,Bengaluru,120,23.43,9.52,6.08
2023-11-10,Bengaluru,120,19.23,16.65,5.0
2023-11-11,Bengaluru,120,21.27,0.0,3.9
2023-11-12,Bengaluru,120,20.91,0.0,6.4
2023-11-13,Bengaluru,120,16.68,0.0,4.8
2023-11-14,Bengaluru,120,19.54,0.0,7.7
2023-11-15,Bengaluru,120,18.29,0.0,2.44
2023-11-16,Bengaluru,120,18.7,0.0,4.57
2023-11-17,Bengaluru,120,20.0,0.0,6.4
2023-11-18,Bengaluru,120,20.23,0.0,5.02
2023-11-19,Bengaluru,120,21.83,0.0,8.36
2023-11-20,Bengaluru,120,22.78,0.0,6.82
2023-11-21,Bengaluru,120,22.17,0.0,6.94
2023-11-22,Bengaluru,120,21.74,0.0,6.04
2023-11-23,Bengaluru,120,22.42,0.0,6.46
2023-11-24,Bengaluru,120,21.88,0.0,8.91
2023-11-25,Bengaluru,120,19.73,0.0,10.42
2023-11-26,Bengaluru,120,20.23,0.0,7.55
2023-11-27,Bengaluru,120,23.06,0.0,8.59
2023-11-28,Bengaluru,120,19.95,0.0,5.91
2023-11-29,Bengaluru,120,22.97,0.0,0.34
2023-11-30,Bengaluru,120,19.8,0.0,2.19
2023-12-01,Bengaluru,120,20.86,0.0,5.68
2023-12-02,Bengaluru,120,22.75,0.0,9.49
2023-12-03,Bengaluru,120,22.06,0.0,8.64
2023-12-04,Bengaluru,120,21.18,0.0,7.04
2023-12-05,Bengaluru,120,22.13,0.0,1.59
2023-12-06,Bengaluru,120,22.44,0.0,2.45
2023-12-07,Bengaluru,120,17.86,0.0,3.44
2023-12-08,Bengaluru,120,17.53,0.0,6.7
2023-12-09,Bengaluru,120,21.47,0.0,4.12
2023-12-10,Bengaluru,120,19.51,0.0,3.25
2023-12-11,Bengaluru,120,19.37,0.0,4.18
2023-12-12,Bengaluru,120,20.96,0.0,6.48
2023-12-13,Bengaluru,120,20.45,0.0,5.49
2023-12-14,Bengaluru,120,21.17,0.0,10.42
2023-12-15,Bengaluru,120,19.29,0.0,8.0
2023-12-16,Bengaluru,120,20.16,0.0,9.31
2023-12-17,Bengaluru,120,20.19,0.0,10.74
2023-12-18,Bengaluru,120,22.24,0.0,10.74
2023-12-19,Bengaluru,120,19.59,0.0,11.15
2023-12-20,Bengaluru,120,20.05,0.0,10.71
2023-12-21,Bengaluru,120,19.0,0.0,10.6
2023-12-22,Bengaluru,120,22.22,0.0,7.24
2023-12-23,Bengaluru,120,20.15,0.0,5.83
2023-12-24,Bengaluru,120,20.19,0.0,5.01
2023-12-25,Bengaluru,120,21.29,0.0,8.33
2023-12-26,Bengaluru,120,21.85,0.0,6.44
2023-12-27,Bengaluru,120,20.56,0.0,2.29
2023-12-28,Bengaluru,120,19.03,0.0,3.64
2023-12-29,Bengaluru,120,16.83,0.0,5.98
2023-12-30,Bengaluru,120,18.26,0.0,5.16
2023-12-31,Bengaluru,120,18.48,0.0,1.19
2024-01-01,Bengaluru,120,17.34,0.0,0.49
2024-01-02,Bengaluru,120,20.14,0.0,2.83
2024-01-03,Bengaluru,120,24.22,0.16,1.55
2024-01-04,Bengaluru,120,20.68,0.0,7.25
2024-01-05,Bengaluru,120,22.28,0.18,6.6
2024-01-06,Bengaluru,120,25.61,0.62,4.55
2024-01-07,Bengaluru,120,21.74,0.0,12.8
2024-01-08,Bengaluru,120,21.32,0.0,2.16
2024-01-09,Bengaluru,120,19.1,0.0,8.5
2024-01-10,Bengaluru,120,18.9,0.0,11.1
2024-01-11,Bengaluru,120,19.36,0.0,6.94
2024-01-12,Bengaluru,120,17.38,0.0,7.36
2024-01-13,Bengaluru,120,20.03,0.0,5.72
2024-01-14,Bengaluru,120,19.83,0.0,5.55
2024-01-15,Bengaluru,120,22.42,0.0,6.28
2024-01-16,Bengaluru,120,21.02,0.0,14.16
2024-01-17,Bengaluru,120,20.81,0.0,8.06
2024-01-18,Bengaluru,120,21.93,0.0,10.51
2024-01-19,Bengaluru,120,20.63,0.0,10.4
2024-01-20,Bengaluru,120,21.8,0.0,7.86
2024-01-21,Bengaluru,120,19.0,0.0,6.92
2024-01-22,Bengaluru,120,20.9,0.0,9.97
2024-01-23,Bengaluru,120,19.62,0.0,7.98
2024-01-24,Bengaluru,120,22.22,0.0,8.78
2024-01-25,Bengaluru,120,24.01,0.0,9.04
2024-01-26,Bengaluru,120,22.18,0.0,3.97
2024-01-27,Bengaluru,120,22.2,0.0,6.23
2024-01-28,Bengaluru,120,22.91,0.0,6.76
2024-01-29,Bengaluru,120,23.13,0.0,7.23
2024-01-30,Bengaluru,120,24.71,0.0,9.97
2024-01-31,Bengaluru,120,20.39,0.0,6.03
2024-02-01,Bengaluru,120,26.6,0.0,7.54
2024-02-02,Bengaluru,120,25.9,0.0,4.77
2024-02-03,Bengaluru,120,23.13,0.0,10.07
2024-02-04,Bengaluru,120,27.82,0.0,6.92
2024-02-05,Bengaluru,120,28.4,0.0,9.24
2024-02-06,Bengaluru,120,23.62,0.0,6.48
2024-02-07,Bengaluru,120,24.76,0.0,6.71
2024-02-08,Bengaluru,120,26.35,0.0,13.29
2024-02-09,Bengaluru,120,21.28,0.0,7.8
2024-02-10,Bengaluru,120,21.92,0.0,6.91
2024-02-11,Bengaluru,120,22.1,0.0,6.43
2024-02-12,Bengaluru,120,23.13,0.0,10.11
2024-02-13,Bengaluru,120,20.81,0.0,5.98
2024-02-14,Bengaluru,120,18.92,0.0,9.39
2024-02-15,Bengaluru,120,18.82,0.0,7.87
2024-02-16,Bengaluru,120,16.56,0.0,7.84
2024-02-17,Bengaluru,120,22.04,0.0,2.81
2024-02-18,Bengaluru,120,21.56,0.0,4.51
2024-02-19,Bengaluru,120,23.3,0.0,8.05
2024-02-20,Bengaluru,120,21.03,0.0,11.58
2024-02-21,Bengaluru,120,21.85,0.0,3.19
2024-02-22,Bengaluru,120,20.73,0.0,7.17
2024-02-23,Bengaluru,120,22.55,0.0,4.77
2024-02-24,Bengaluru,120,22.31,0.0,5.92
2024-02-25,Bengaluru,120,23.17,0.0,5.63
2024-02-26,Bengaluru,120,24.42,0.0,8.3
2024-02-27,Bengaluru,120,24.66,0.0,5.64
2024-02-28,Bengaluru,120,21.28,0.0,8.99
2024-02-29,Bengaluru,120,22.6,0.0,6.81
2024-03-01,Bengaluru,120,26.77,0.0,9.09
2024-03-02,Bengaluru,120,25.59,0.0,9.63
2024-03-03,Bengaluru,120,22.32,0.0,10.72
2024-03-04,Bengaluru,120,21.8,0.0,11.33
2024-03-05,Bengaluru,120,24.84,0.0,9.96
2024-03-06,Bengaluru,120,25.54,0.0,9.19
2024-03-07,Bengaluru,120,27.2,0.0,9.06
2024-03-08,Bengaluru,120,31.01,0.0,12.79
2024-03-09,Bengaluru,120,27.17,0.0,12.21
2024-03-10,Bengaluru,120,30.67,0.0,13.65
2024-03-11,Bengaluru,120,28.85,0.0,10.99
2024-03-12,Bengaluru,120,28.61,0.0,8.99
2024-03-13,Bengaluru,120,28.41,0.0,7.99
2024-03-14,Bengaluru,120,28.01,0.0,10.27
2024-03-15,Bengaluru,120,27.0,0.0,10.05
2024-03-16,Bengaluru,120,29.69,1.17,15.1
2024-03-17,Bengaluru,120,29.74,0.0,15.57
2024-03-18,Bengaluru,120,29.44,0.0,9.34
2024-03-19,Bengaluru,120,27.74,0.0,6.42
2024-03-20,Bengaluru,120,26.78,0.0,11.03
2024-03-21,Bengaluru,120,29.38,0.0,8.77
2024-03-22,Bengaluru,120,25.6,0.0,7.64
2024-03-23,Bengaluru,120,28.18,0.0,10.37
2024-03-24,Bengaluru,120,27.14,0.0,9.84
2024-03-25,Bengaluru,120,26.59,0.0,8.54
2024-03-26,Bengaluru,120,28.29,0.0,8.39
2024-03-27,Bengaluru,120,26.3,2.21,11.06
2024-03-28,Bengaluru,120,26.26,0.0,11.56
2024-03-29,Bengaluru,120,24.91,0.0,15.84
2024-03-30,Bengaluru,120,28.23,0.0,15.75
2024-03-31,Bengaluru,120,27.68,0.0,6.27
2024-04-01,Bengaluru,120,28.29,0.0,6.81
2024-04-02,Bengaluru,120,26.04,0.0,10.88
2024-04-03,Bengaluru,120,29.13,4.41,9.89
2024-04-04,Bengaluru,120,30.15,6.08,8.22
2024-04-05,Bengaluru,120,29.61,0.0,9.62
2024-04-06,Bengaluru,120,25.4,0.0,7.48
2024-04-07,Bengaluru,120,27.85,0.0,12.82
2024-04-08,Bengaluru,120,26.07,0.0,12.98
2024-04-09,Bengaluru,120,27.15,0.0,11.93
2024-04-10,Bengaluru,120,31.13,0.0,7.42
2024-04-11,Bengaluru,120,30.72,0.0,9.83
2024-04-12,Bengaluru,120,31.13,9.51,12.04
2024-04-13,Bengaluru,120,29.15,0.0,4.54
2024-04-14,Bengaluru,120,26.59,0.0,9.58
2024-04-15,Bengaluru,120,28.82,0.0,10.5
2024-04-16,Bengaluru,120,26.01,0.0,10.19
2024-04-17,Bengaluru,120,27.45,0.0,11.33
2024-04-18,Bengaluru,120,28.49,0.0,12.06
2024-04-19,Bengaluru,120,27.29,0.0,8.91
2024-04-20,Bengaluru,120,26.55,0.0,9.75
2024-04-21,Bengaluru,120,27.3,0.0,15.23
2024-04-22,Bengaluru,120,28.75,0.0,12.45
2024-04-23,Bengaluru,120,27.41,0.0,14.25
2024-04-24,Bengaluru,120,32.59,0.0,13.77
2024-04-25,Bengaluru,120,30.6,0.0,11.63
2024-04-26,Bengaluru,120,28.18,0.0,6.29
2024-04-27,Bengaluru,120,32.18,0.0,11.6
2024-04-28,Bengaluru,120,29.01,0.0,10.19
2024-04-29,Bengaluru,120,26.42,0.0,6.58
2024-04-30,Bengaluru,120,28.4,0.0,10.66
2024-05-01,Bengaluru,120,27.1,0.0,10.06
2024-05-02,Bengaluru,120,24.95,0.0,14.85
2024-05-03,Bengaluru,120,24.89,0.0,2.97
2024-05-04,Bengaluru,120,25.46,0.0,4.2
2024-05-05,Bengaluru,120,22.7,2.18,7.8
2024-05-06,Bengaluru,120,25.34,8.45,9.4
2024-05-07,Bengaluru,120,25.69,4.52,11.57
2024-05-08,Bengaluru,120,25.14,7.28,6.89
2024-05-09,Bengaluru,120,26.28,2.44,9.55
2024-05-10,Bengaluru,120,27.59,4.49,12.27
2024-05-11,Bengaluru,120,26.37,0.0,12.14
2024-05-12,Bengaluru,120,29.08,0.0,9.55
2024-05-13,Bengaluru,120,30.27,0.0,12.9
2024-05-14,Bengaluru,120,25.65,0.0,12.74
2024-05-15,Bengaluru,120,29.44,0.0,11.19
2024-05-16,Bengaluru,120,23.78,0.0,9.77
2024-05-17,Bengaluru,120,27.47,12.5,12.15
2024-05-18,Bengaluru,120,24.35,2.75,14.24
2024-05-19,Bengaluru,120,25.35,4.3,16.65
2024-05-20,Bengaluru,120,27.22,0.0,11.82
2024-05-21,Bengaluru,120,24.24,0.0,14.9
2024-05-22,Bengaluru,120,28.23,0.0,9.85
2024-05-23,Bengaluru,120,21.94,0.0,8.43
2024-05-24,Bengaluru,120,23.94,0.0,13.65
2024-05-25,Bengaluru,120,24.75,0.0,11.41
2024-05-26,Bengaluru,120,25.81,0.0,13.27
2024-05-27,Bengaluru,120,24.19,0.0,8.64
2024-05-28,Bengaluru,120,23.96,0.1,10.41
2024-05-29,Bengaluru,120,25.01,0.0,9.76
2024-05-30,Bengaluru,120,24.04,0.0,6.25
2024-05-31,Bengaluru,120,24.6,0.0,14.04
2024-06-01,Bengaluru,120,23.69,0.0,17.94
2024-06-02,Bengaluru,120,22.36,0.0,14.13
2024-06-03,Bengaluru,120,22.69,0.0,15.35
2024-06-04,Bengaluru,120,21.99,0.0,9.71
2024-06-05,Bengaluru,120,27.39,0.0,8.91
2024-06-06,Bengaluru,120,27.58,0.0,13.8
2024-06-07,Bengaluru,120,24.11,11.7,7.97
2024-06-08,Bengaluru,120,24.71,0.0,9.62
2024-06-09,Bengaluru,120,24.79,0.0,11.38
2024-06-10,Bengaluru,120,25.15,37.51,17.55
2024-06-11,Bengaluru,120,21.84,0.0,9.91
2024-06-12,Bengaluru,120,22.09,4.5,15.99
2024-06-13,Bengaluru,120,22.87,0.0,16.24
2024-06-14,Bengaluru,120,25.44,0.0,14.25
2024-06-15,Bengaluru,120,23.01,0.0,14.3
2024-06-16,Bengaluru,120,25.93,0.0,12.39
2024-06-17,Bengaluru,120,27.74,0.0,12.47
2024-06-18,Bengaluru,120,24.04,0.0,11.36
2024-06-19,Bengaluru,120,21.98,0.0,18.62
2024-06-20,Bengaluru,120,25.28,0.0,13.21
2024-06-21,Bengaluru,120,23.45,0.0,15.05
2024-06-22,Bengaluru,120,24.85,0.0,12.14
2024-06-23,Bengaluru,120,24.68,0.0,12.49
2024-06-24,Bengaluru,120,24.46,5.06,13.71
2024-06-25,Bengaluru,120,25.42,0.0,14.39
2024-06-26,Bengaluru,120,24.18,0.0,13.89
2024-06-27,Bengaluru,120,25.93,0.0,7.65
2024-06-28,Bengaluru,120,23.67,0.0,8.88
2024-06-29,Bengaluru,120,23.06,0.0,8.99
2024-06-30,Bengaluru,120,23.58,28.89,9.3
2024-07-01,Bengaluru,120,22.99,18.62,14.09
2024-07-02,Bengaluru,120,21.65,0.0,9.83
2024-07-03,Bengaluru,120,19.72,0.0,12.29
2024-07-04,Bengaluru,120,21.7,0.0,7.49
2024-07-05,Bengaluru,120,23.0,0.0,13.92
2024-07-06,Bengaluru,120,26.71,0.0,7.8
2024-07-07,Bengaluru,120,21.25,0.0,12.94
2024-07-08,Bengaluru,120,22.47,5.69,12.22
2024-07-09,Bengaluru,120,22.49,0.0,12.15
2024-07-10,Bengaluru,120,19.44,0.0,8.18
2024-07-11,Bengaluru,120,18.26,0.0,9.07
2024-07-12,Bengaluru,120,23.21,0.0,10.39
2024-07-13,Bengaluru,120,21.38,0.0,9.26
2024-07-14,Bengaluru,120,22.45,0.0,13.62
2024-07-15,Bengaluru,120,25.31,0.0,11.28
2024-07-16,Bengaluru,120,26.29,0.0,11.8
2024-07-17,Bengaluru,120,22.56,0.0,11.75
2024-07-18,Bengaluru,120,22.86,1.23,11.32
2024-07-19,Bengaluru,120,22.41,2.85,12.28
2024-07-20,Bengaluru,120,21.88,0.0,14.01
2024-07-21,Bengaluru,120,22.18,0.0,14.26
2024-07-22,Bengaluru,120,23.69,0.0,12.14
2024-07-23,Bengaluru,120,22.16,0.0,7.69
2024-07-24,Bengaluru,120,19.4,9.45,12.35
2024-07-25,Bengaluru,120,22.5,0.0,13.67
2024-07-26,Bengaluru,120,23.06,0.0,12.76
2024-07-27,Bengaluru,120,19.7,0.0,11.35
2024-07-28,Bengaluru,120,21.6,0.0,12.64
2024-07-29,Bengaluru,120,19.6,0.0,18.01
2024-07-30,Bengaluru,120,20.13,3.41,14.53
2024-07-31,Bengaluru,120,22.66,7.5,10.09
2024-08-01,Bengaluru,120,21.86,0.0,5.66
2024-08-02,Bengaluru,120,23.19,0.0,14.73
2024-08-03,Bengaluru,120,16.26,0.0,12.64
2024-08-04,Bengaluru,120,19.38,10.09,9.51
2024-08-05,Bengaluru,120,21.75,5.49,6.82
2024-08-06,Bengaluru,120,22.53,1.77,15.67
2024-08-07,Bengaluru,120,22.48,3.04,10.65
2024-08-08,Bengaluru,120,24.89,0.87,3.9
2024-08-09,Bengaluru,120,23.21,3.87,13.18
2024-08-10,Bengaluru,120,25.32,15.05,11.56
2024-08-11,Bengaluru,120,22.29,1.94,14.47
2024-08-12,Bengaluru,120,27.77,0.0,13.69
2024-08-13,Bengaluru,120,27.64,0.0,14.96
2024-08-14,Bengaluru,120,23.67,14.34,11.81
2024-08-15,Bengaluru,120,23.48,0.0,8.32
2024-08-16,Bengaluru,120,22.66,0.0,14.17
2024-08-17,Bengaluru,120,24.19,1.98,12.69
2024-08-18,Bengaluru,120,23.04,4.69,5.75
2024-08-19,Bengaluru,120,24.3,9.09,9.01
2024-08-20,Bengaluru,120,24.43,5.65,10.56
2024-08-21,Bengaluru,120,22.14,16.53,13.53
2024-08-22,Bengaluru,120,23.94,6.3,12.05
2024-08-23,Bengaluru,120,23.6,0.0,11.68
2024-08-24,Bengaluru,120,24.03,0.0,9.92
2024-08-25,Bengaluru,120,20.34,0.0,15.04
2024-08-26,Bengaluru,120,22.72,0.0,16.06
2024-08-27,Bengaluru,120,21.65,1.84,11.89
2024-08-28,Bengaluru,120,22.0,15.61,11.01
2024-08-29,Bengaluru,120,19.74,0.0,9.66
2024-08-30,Bengaluru,120,20.18,0.0,8.25
2024-08-31,Bengaluru,120,18.8,0.0,9.77
2024-09-01,Bengaluru,120,19.92,0.0,8.17
2024-09-02,Bengaluru,120,22.38,0.0,6.44
2024-09-03,Bengaluru,120,23.87,2.68,10.4
2024-09-04,Bengaluru,120,22.32,20.46,10.59
2024-09-05,Bengaluru,120,24.01,1.59,12.27
2024-09-06,Bengaluru,120,21.97,14.27,12.82
2024-09-07,Bengaluru,120,22.74,5.65,9.22
2024-09-08,Bengaluru,120,22.02,1.0,8.58
2024-09-09,Bengaluru,120,21.24,18.29,15.14
2024-09-10,Bengaluru,120,21.57,13.12,11.66
2024-09-11,Bengaluru,120,24.24,5.29,12.54
2024-09-12,Bengaluru,120,25.5,17.48,10.43
2024-09-13,Bengaluru,120,25.23,42.12,6.63
2024-09-14,Bengaluru,120,23.82,6.63,5.92
2024-09-15,Bengaluru,120,25.47,6.08,11.98
2024-09-16,Bengaluru,120,21.3,0.63,6.11
2024-09-17,Bengaluru,120,24.97,3.05,12.17
2024-09-18,Bengaluru,120,21.6,12.41,11.35
2024-09-19,Bengaluru,120,24.46,14.75,9.51
2024-09-20,Bengaluru,120,27.53,14.6,11.2
2024-09-21,Bengaluru,120,24.11,3.41,13.14
2024-09-22,Bengaluru,120,26.03,14.04,19.16
2024-09-23,Bengaluru,120,27.45,0.0,12.03
2024-09-24,Bengaluru,120,24.35,19.05,12.96
2024-09-25,Bengaluru,120,23.18,8.09,11.28
2024-09-26,Bengaluru,120,26.21,4.17,11.14
2024-09-27,Bengaluru,120,24.11,2.38,10.32
2024-09-28,Bengaluru,120,28.31,0.68,10.42
2024-09-29,Bengaluru,120,24.33,37.55,20.52
2024-09-30,Bengaluru,120,27.06,1.6,9.82
2024-10-01,Bengaluru,120,23.51,13.34,9.05
2024-10-02,Bengaluru,120,25.13,7.21,8.64
2024-10-03,Bengaluru,120,25.83,10.27,9.62
2024-10-04,Bengaluru,120,25.5,13.88,10.64
2024-10-05,Bengaluru,120,26.54,3.75,8.97
2024-10-06,Bengaluru,120,22.45,2.59,8.81
2024-10-07,Bengaluru,120,21.45,2.59,6.6
2024-10-08,Bengaluru,120,22.08,7.16,3.15
2024-10-09,Bengaluru,120,22.11,7.7,11.46
2024-10-10,Bengaluru,120,22.37,0.0,6.18
2024-10-11,Bengaluru,120,22.42,0.0,1.82
2024-10-12,Bengaluru,120,24.71,0.0,7.23
2024-10-13,Bengaluru,120,22.51,0.0,7.84
2024-10-14,Bengaluru,120,25.38,0.0,8.62
2024-10-15,Bengaluru,120,23.51,0.0,7.2
2024-10-16,Bengaluru,120,25.13,0.0,4.3
2024-10-17,Bengaluru,120,28.06,0.0,9.86
2024-10-18,Bengaluru,120,22.54,0.0,11.53
2024-10-19,Bengaluru,120,24.46,0.0,8.71
2024-10-20,Bengaluru,120,24.57,0.93,7.72
2024-10-21,Bengaluru,120,26.63,4.89,13.6
2024-10-22,Bengaluru,120,21.99,22.58,14.64
2024-10-23,Bengaluru,120,22.19,3.62,11.57
2024-10-24,Bengaluru,120,21.08,13.4,8.29
2024-10-25,Bengaluru,120,23.37,19.94,10.86
2024-10-26,Bengaluru,120,24.84,0.0,5.54
2024-10-27,Bengaluru,120,23.86,0.0,4.39
2024-10-28,Bengaluru,120,19.6,0.0,7.45
2024-10-29,Bengaluru,120,23.08,0.0,5.05
2024-10-30,Bengaluru,120,21.67,0.0,8.54
2024-10-31,Bengaluru,120,21.84,0.0,7.59
2024-11-01,Bengaluru,120,18.75,0.0,0.08
2024-11-02,Bengaluru,120,20.26,6.52,4.56
2024-11-03,Bengaluru,120,20.46,0.0,3.42
2024-11-04,Bengaluru,120,19.79,0.0,7.9
2024-11-05,Bengaluru,120,20.24,5.54,10.87
2024-11-06,Bengaluru,120,17.2,4.19,6.81
2024-11-07,Bengaluru,120,16.15,20.62,10.37
2024-11-08,Bengaluru,120,18.89,0.0,6.54
2024-11-09,Bengaluru,120,18.82,0.0,7.7
2024-11-10,Bengaluru,120,16.7,0.0,5.08
2024-11-11,Bengaluru,120,17.05,0.0,11.13
2024-11-12,Bengaluru,120,19.86,0.0,2.49
2024-11-13,Bengaluru,120,20.74,9.25,8.98
2024-11-14,Bengaluru,120,24.79,0.0,7.01
2024-11-15,Bengaluru,120,23.79,0.0,3.31
2024-11-16,Bengaluru,120,22.18,14.11,8.22
2024-11-17,Bengaluru,120,22.96,0.0,8.1
2024-11-18,Bengaluru,120,21.52,0.0,4.57
2024-11-19,Bengaluru,120,22.28,0.0,3.55
2024-11-20,Bengaluru,120,22.92,0.0,1.7
2024-11-21,Bengaluru,120,19.03,0.0,10.85
2024-11-22,Bengaluru,120,19.25,4.86,8.58
2024-11-23,Bengaluru,120,22.12,6.88,8.11
2024-11-24,Bengaluru,120,20.57,2.96,3.52
2024-11-25,Bengaluru,120,21.15,0.0,5.41
2024-11-26,Bengaluru,120,19.03,0.0,5.72
2024-11-27,Bengaluru,120,21.56,0.0,8.67
2024-11-28,Bengaluru,120,19.25,0.0,4.88
2024-11-29,Bengaluru,120,22.64,0.0,5.89
2024-11-30,Bengaluru,120,23.39,2.48,6.12
2024-12-01,Bengaluru,120,21.85,0.0,9.75
2024-12-02,Bengaluru,120,20.61,0.0,5.59
2024-12-03,Bengaluru,120,22.41,0.0,6.56
2024-12-04,Bengaluru,120,18.94,0.0,3.24
2024-12-05,Bengaluru,120,19.47,0.0,2.85
2024-12-06,Bengaluru,120,20.39,0.0,7.08
2024-12-07,Bengaluru,120,22.41,0.0,3.48
2024-12-08,Bengaluru,120,19.5,0.0,8.46
2024-12-09,Bengaluru,120,19.09,0.0,8.2
2024-12-10,Bengaluru,120,20.38,0.0,8.69
2024-12-11,Bengaluru,120,19.26,0.0,4.52
2024-12-12,Bengaluru,120,21.0,0.0,11.46
2024-12-13,Bengaluru,120,21.92,0.0,1.71
2024-12-14,Bengaluru,120,21.7,0.0,14.35
2024-12-15,Bengaluru,120,24.07,0.0,7.4
2024-12-16,Bengaluru,120,22.62,0.0,7.02
2024-12-17,Bengaluru,120,20.72,0.0,6.51
2024-12-18,Bengaluru,120,22.58,0.0,11.11
2024-12-19,Bengaluru,120,18.18,0.0,8.07
2024-12-20,Bengaluru,120,20.46,0.0,5.62
2024-12-21,Bengaluru,120,19.91,0.0,6.75
2024-12-22,Bengaluru,120,22.05,0.0,5.27
2024-12-23,Bengaluru,120,18.03,0.0,10.72
2024-12-24,Bengaluru,120,18.67,0.0,6.96
2024-12-25,Bengaluru,120,19.54,0.0,7.41
2024-12-26,Bengaluru,120,21.12,0.0,2.9
2024-12-27,Bengaluru,120,18.52,76.92,15.05
2024-12-28,Bengaluru,120,20.42,0.0,5.06
2024-12-29,Bengaluru,120,20.83,0.0,7.62
2024-12-30,Bengaluru,120,21.53,0.0,5.06
2024-12-31,Bengaluru,120,19.07,0.0,1.58
2025-01-01,Bengaluru,120,21.1,0.0,1.69
2025-01-02,Bengaluru,120,23.42,0.0,3.49
2025-01-03,Bengaluru,120,23.71,0.0,9.53
2025-01-04,Bengaluru,120,22.7,0.0,7.6
2025-01-05,Bengaluru,120,20.43,0.0,6.87
2025-01-06,Bengaluru,120,22.06,0.0,8.25
2025-01-07,Bengaluru,120,20.04,0.0,11.46
2025-01-08,Bengaluru,120,22.46,0.0,9.47
2025-01-09,Bengaluru,120,20.66,0.0,9.47
2025-01-10,Bengaluru,120,17.59,0.0,4.76
2025-01-11,Bengaluru,120,20.0,0.0,4.51
2025-01-12,Bengaluru,120,19.88,0.0,6.83
2025-01-13,Bengaluru,120,22.05,0.0,2.27
2025-01-14,Bengaluru,120,23.92,0.0,5.72
2025-01-15,Bengaluru,120,18.82,0.0,1.44
2025-01-16,Bengaluru,120,24.15,0.0,0.18
2025-01-17,Bengaluru,120,21.62,0.0,10.54
2025-01-18,Bengaluru,120,21.33,0.0,9.61
2025-01-19,Bengaluru,120,21.02,0.0,6.75
2025-01-20,Bengaluru,120,19.32,0.0,7.54
2025-01-21,Bengaluru,120,20.84,0.0,6.31
2025-01-22,Bengaluru,120,15.35,0.0,6.76
2025-01-23,Bengaluru,120,16.02,0.0,0.62
2025-01-24,Bengaluru,120,17.7,0.0,2.36
2025-01-25,Bengaluru,120,20.29,0.0,0.0
2025-01-26,Bengaluru,120,15.7,0.0,6.9
2025-01-27,Bengaluru,120,19.48,0.0,5.15
2025-01-28,Bengaluru,120,20.73,0.0,3.24
2025-01-29,Bengaluru,120,17.64,0.0,1.26
2025-01-30,Bengaluru,120,19.22,0.0,3.97
2025-01-31,Bengaluru,120,17.27,0.0,2.85
2025-02-01,Bengaluru,120,21.75,0.0,0.0
2025-02-02,Bengaluru,120,22.98,0.0,1.91
2025-02-03,Bengaluru,120,21.04,0.0,6.95
2025-02-04,Bengaluru,120,26.46,0.0,10.92
2025-02-05,Bengaluru,120,20.79,0.0,8.61
2025-02-06,Bengaluru,120,23.68,0.0,4.6
2025-02-07,Bengaluru,120,23.75,0.0,5.27
2025-02-08,Bengaluru,120,21.56,0.0,10.53
2025-02-09,Bengaluru,120,22.01,0.0,5.59
2025-02-10,Bengaluru,120,23.91,0.0,7.1
2025-02-11,Bengaluru,120,25.44,0.0,8.58
2025-02-12,Bengaluru,120,25.51,0.0,5.21
2025-02-13,Bengaluru,120,23.86,0.0,10.38
2025-02-14,Bengaluru,120,27.17,0.0,3.26
2025-02-15,Bengaluru,120,23.11,0.0,9.12
2025-02-16,Bengaluru,120,27.04,0.0,3.8
2025-02-17,Bengaluru,120,24.21,0.0,2.07
2025-02-18,Bengaluru,120,22.64,0.0,4.24
2025-02-19,Bengaluru,120,26.19,0.0,9.23
2025-02-20,Bengaluru,120,21.14,0.0,12.1
2025-02-21,Bengaluru,120,20.3,0.0,3.91
2025-02-22,Bengaluru,120,19.99,0.0,6.7
2025-02-23,Bengaluru,120,21.84,0.0,5.3
2025-02-24,Bengaluru,120,17.47,0.0,9.41
2025-02-25,Bengaluru,120,20.44,0.0,9.98
2025-02-26,Bengaluru,120,21.43,0.0,4.38
2025-02-27,Bengaluru,120,23.17,0.0,7.91
2025-02-28,Bengaluru,120,21.1,0.0,3.83
2025-03-01,Bengaluru,120,25.54,0.0,9.02
2025-03-02,Bengaluru,120,24.57,0.0,7.81
2025-03-03,Bengaluru,120,24.06,0.0,4.38
2025-03-04,Bengaluru,120,27.95,0.0,8.51
2025-03-05,Bengaluru,120,27.4,0.0,5.53
2025-03-06,Bengaluru,120,25.97,0.0,0.0
2025-03-07,Bengaluru,120,28.4,0.0,5.23
2025-03-08,Bengaluru,120,27.54,0.0,8.4
2025-03-09,Bengaluru,120,27.23,0.0,10.97
2025-03-10,Bengaluru,120,25.6,0.0,11.51
2025-03-11,Bengaluru,120,25.35,0.0,5.04
2025-03-12,Bengaluru,120,24.12,0.0,9.4
2025-03-13,Bengaluru,120,24.0,0.0,3.14
2025-03-14,Bengaluru,120,23.62,0.0,9.21
2025-03-15,Bengaluru,120,24.46,0.0,0.84
2025-03-16,Bengaluru,120,20.7,0.0,6.82
2025-03-17,Bengaluru,120,21.64,0.0,7.92
2025-03-18,Bengaluru,120,22.96,0.0,9.16
2025-03-19,Bengaluru,120,26.39,0.0,7.18
2025-03-20,Bengaluru,120,24.47,0.0,10.63
2025-03-21,Bengaluru,120,25.87,0.0,9.59
2025-03-22,Bengaluru,120,24.61,0.0,7.42
2025-03-23,Bengaluru,120,25.46,0.0,4.61
2025-03-24,Bengaluru,120,26.23,0.0,9.9
2025-03-25,Bengaluru,120,24.65,0.0,8.97
2025-03-26,Bengaluru,120,24.97,0.0,8.36
2025-03-27,Bengaluru,120,25.8,0.0,10.02
2025-03-28,Bengaluru,120,28.85,0.0,11.29
2025-03-29,Bengaluru,120,26.46,0.0,5.23
2025-03-30,Bengaluru,120,26.54,0.0,7.59
2025-03-31,Bengaluru,120,25.43,0.0,7.75
2025-04-01,Bengaluru,120,28.11,0.0,7.94
2025-04-02,Bengaluru,120,25.43,0.0,9.28
2025-04-03,Bengaluru,120,27.65,0.0,6.59
2025-04-04,Bengaluru,120,27.13,0.0,10.81
2025-04-05,Bengaluru,120,25.81,0.0,9.93
2025-04-06,Bengaluru,120,26.75,0.0,7.44
2025-04-07,Bengaluru,120,25.42,0.0,13.86
2025-04-08,Bengaluru,120,29.54,0.0,8.0
2025-04-09,Bengaluru,120,27.32,0.0,9.36
2025-04-10,Bengaluru,120,26.13,0.0,11.8
2025-04-11,Bengaluru,120,23.93,0.0,15.16
2025-04-12,Bengaluru,120,27.6,0.0,11.6
2025-04-13,Bengaluru,120,28.44,0.0,9.63
2025-04-14,Bengaluru,120,26.98,1.07,5.2
2025-04-15,Bengaluru,120,28.36,5.42,18.8
2025-04-16,Bengaluru,120,30.64,0.0,14.25
2025-04-17,Bengaluru,120,28.93,0.0,13.31
2025-04-18,Bengaluru,120,28.4,5.63,16.49
2025-04-19,Bengaluru,120,26.39,20.86,20.58
2025-04-20,Bengaluru,120,26.0,6.8,16.68
2025-04-21,Bengaluru,120,21.7,0.0,12.69
2025-04-22,Bengaluru,120,29.32,0.0,9.87
2025-04-23,Bengaluru,120,25.35,0.0,13.18
2025-04-24,Bengaluru,120,26.7,6.13,7.42
2025-04-25,Bengaluru,120,27.72,2.66,11.3
2025-04-26,Bengaluru,120,27.52,0.0,4.11
2025-04-27,Bengaluru,120,31.72,0.0,5.74
2025-04-28,Bengaluru,120,32.34,1.87,6.07
2025-04-29,Bengaluru,120,28.07,15.46,8.14
2025-04-30,Bengaluru,120,27.18,7.13,12.21
2025-05-01,Bengaluru,120,28.4,1.46,10.87
2025-05-02,Bengaluru,120,28.9,0.0,11.24
2025-05-03,Bengaluru,120,29.4,0.0,8.86
2025-05-04,Bengaluru,120,28.77,0.0,14.36
2025-05-05,Bengaluru,120,27.06,0.0,16.1
2025-05-06,Bengaluru,120,28.2,34.15,14.48
2025-05-07,Bengaluru,120,25.8,0.77,9.05
2025-05-08,Bengaluru,120,25.21,4.85,13.46
2025-05-09,Bengaluru,120,26.38,0.0,9.36
2025-05-10,Bengaluru,120,25.54,0.0,6.07
2025-05-11,Bengaluru,120,27.81,0.0,9.33
2025-05-12,Bengaluru,120,27.49,0.0,14.49
2025-05-13,Bengaluru,120,28.38,0.0,13.43
2025-05-14,Bengaluru,120,26.34,0.0,8.47
2025-05-15,Bengaluru,120,25.72,9.75,13.22
2025-05-16,Bengaluru,120,25.64,0.53,12.09
2025-05-17,Bengaluru,120,25.9,7.55,8.59
2025-05-18,Bengaluru,120,25.83,1.0,6.03
2025-05-19,Bengaluru,120,27.12,0.0,11.36
2025-05-20,Bengaluru,120,26.35,14.08,11.61
2025-05-21,Bengaluru,120,29.55,0.0,13.63
2025-05-22,Bengaluru,120,29.48,0.0,11.42
2025-05-23,Bengaluru,120,27.66,0.0,11.71
2025-05-24,Bengaluru,120,26.12,29.94,15.9
2025-05-25,Bengaluru,120,25.18,0.0,12.12
2025-05-26,Bengaluru,120,25.43,0.0,5.52
2025-05-27,Bengaluru,120,24.8,0.0,8.66
2025-05-28,Bengaluru,120,23.36,15.58,15.22
2025-05-29,Bengaluru,120,27.92,3.45,10.65
2025-05-30,Bengaluru,120,27.48,0.0,11.4
2025-05-31,Bengaluru,120,29.35,0.0,4.84
2025-06-01,Bengaluru,120,28.14,0.0,14.69
2025-06-02,Bengaluru,120,26.29,0.0,14.03
2025-06-03,Bengaluru,120,26.55,0.0,12.66
2025-06-04,Bengaluru,120,23.75,6.91,15.18
2025-06-05,Bengaluru,120,25.88,0.0,8.87
2025-06-06,Bengaluru,120,26.71,0.0,10.24
2025-06-07,Bengaluru,120,27.67,0.0,13.16
2025-06-08,Bengaluru,120,27.15,0.0,13.68
2025-06-09,Bengaluru,120,26.21,0.0,13.13
2025-06-10,Bengaluru,120,26.82,0.0,11.45
2025-06-11,Bengaluru,120,27.27,0.0,6.95
2025-06-12,Bengaluru,120,27.52,0.0,13.43
2025-06-13,Bengaluru,120,25.93,0.0,12.13
2025-06-14,Bengaluru,120,25.42,0.0,7.47
2025-06-15,Bengaluru,120,24.54,0.0,12.02
2025-06-16,Bengaluru,120,21.36,0.0,16.29
2025-06-17,Bengaluru,120,22.55,0.0,13.8
2025-06-18,Bengaluru,120,21.26,0.0,10.19
2025-06-19,Bengaluru,120,23.61,0.0,9.19
2025-06-20,Bengaluru,120,23.02,0.0,10.9
2025-06-21,Bengaluru,120,22.51,2.54,11.57
2025-06-22,Bengaluru,120,21.9,0.0,9.16
2025-06-23,Bengaluru,120,23.84,0.0,9.85
2025-06-24,Bengaluru,120,24.77,0.0,9.85
2025-06-25,Bengaluru,120,22.37,0.0,12.3
2025-06-26,Bengaluru,120,22.6,0.0,11.16
2025-06-27,Bengaluru,120,21.76,0.0,16.16
2025-06-28,Bengaluru,120,23.1,0.0,16.83
2025-06-29,Bengaluru,120,24.16,0.0,12.4
2025-06-30,Bengaluru,120,26.71,0.9,13.63
2025-07-01,Bengaluru,120,25.12,9.62,12.31
2025-07-02,Bengaluru,120,22.02,0.0,10.81
2025-07-03,Bengaluru,120,23.81,0.0,12.38
2025-07-04,Bengaluru,120,23.35,0.0,9.97
2025-07-05,Bengaluru,120,22.45,0.0,14.98
2025-07-06,Bengaluru,120,23.41,0.0,9.22
2025-07-07,Bengaluru,120,27.0,0.0,13.11
2025-07-08,Bengaluru,120,20.23,2.8,14.33
2025-07-09,Bengaluru,120,20.52,18.18,16.03
2025-07-10,Bengaluru,120,19.8,0.0,14.06
2025-07-11,Bengaluru,120,20.1,8.44,6.58
2025-07-12,Bengaluru,120,23.27,2.11,15.35
2025-07-13,Bengaluru,120,19.71,10.25,19.72
2025-07-14,Bengaluru,120,21.66,0.0,17.62
2025-07-15,Bengaluru,120,21.22,0.0,11.81
2025-07-16,Bengaluru,120,22.41,0.0,10.35
2025-07-17,Bengaluru,120,20.79,16.67,12.91
2025-07-18,Bengaluru,120,21.55,3.81,11.7
2025-07-19,Bengaluru,120,20.86,0.0,12.52
2025-07-20,Bengaluru,120,23.13,0.0,15.18
2025-07-21,Bengaluru,120,21.37,0.0,10.33
2025-07-22,Bengaluru,120,25.49,2.8,15.2
2025-07-23,Bengaluru,120,26.09,9.46,16.33
2025-07-24,Bengaluru,120,25.93,7.17,11.98
2025-07-25,Bengaluru,120,20.8,0.0,11.36
2025-07-26,Bengaluru,120,22.73,0.0,9.71
2025-07-27,Bengaluru,120,22.29,0.0,10.54
2025-07-28,Bengaluru,120,22.11,4.08,13.42
2025-07-29,Bengaluru,120,20.7,0.0,11.31
2025-07-30,Bengaluru,120,20.44,0.0,16.84
2025-07-31,Bengaluru,120,24.32,0.1,10.03
2025-08-01,Bengaluru,120,23.56,50.42,15.75
2025-08-02,Bengaluru,120,22.14,0.0,8.32
2025-08-03,Bengaluru,120,24.82,0.0,4.06
2025-08-04,Bengaluru,120,24.98,0.0,9.16
2025-08-05,Bengaluru,120,22.63,0.0,9.68
2025-08-06,Bengaluru,120,22.36,0.0,14.41
2025-08-07,Bengaluru,120,21.96,0.0,7.65
2025-08-08,Bengaluru,120,23.99,0.0,8.1
2025-08-09,Bengaluru,120,25.56,0.0,7.04
2025-08-10,Bengaluru,120,24.01,0.0,5.12
2025-08-11,Bengaluru,120,21.66,0.0,13.87
2025-08-12,Bengaluru,120,20.67,0.0,8.42
2025-08-13,Bengaluru,120,22.21,0.0,11.49
2025-08-14,Bengaluru,120,19.03,1.36,17.24
2025-08-15,Bengaluru,120,20.18,21.39,18.6
2025-08-16,Bengaluru,120,22.81,4.1,15.22
2025-08-17,Bengaluru,120,20.87,6.12,14.07
2025-08-18,Bengaluru,120,23.76,5.52,13.38
2025-08-19,Bengaluru,120,20.75,11.36,13.44
2025-08-20,Bengaluru,120,23.91,0.0,14.8
2025-08-21,Bengaluru,120,24.78,0.0,17.81
2025-08-22,Bengaluru,120,26.35,0.0,10.01
2025-08-23,Bengaluru,120,23.18,0.0,6.65
2025-08-24,Bengaluru,120,20.1,0.0,9.78
2025-08-25,Bengaluru,120,19.34,0.0,11.07
2025-08-26,Bengaluru,120,20.18,0.0,10.45
2025-08-27,Bengaluru,120,21.26,4.8,12.16
2025-08-28,Bengaluru,120,24.33,0.0,12.27
2025-08-29,Bengaluru,120,20.92,0.0,7.65
2025-08-30,Bengaluru,120,23.27,0.0,8.21
2025-08-31,Bengaluru,120,23.4,0.0,11.23
2025-09-01,Bengaluru,120,24.52,0.0,3.15
2025-09-02,Bengaluru,120,25.32,0.0,5.26
2025-09-03,Bengaluru,120,26.17,0.0,16.8
2025-09-04,Bengaluru,120,26.04,0.0,14.63
2025-09-05,Bengaluru,120,21.75,0.0,7.82
2025-09-06,Bengaluru,120,26.55,0.0,5.98
2025-09-07,Bengaluru,120,23.26,0.0,13.28
2025-09-08,Bengaluru,120,20.62,0.0,7.94
2025-09-09,Bengaluru,120,24.97,0.0,10.88
2025-09-10,Bengaluru,120,22.18,0.0,12.12
2025-09-11,Bengaluru,120,23.58,0.0,14.55
2025-09-12,Bengaluru,120,23.18,0.0,10.5
2025-09-13,Bengaluru,120,23.95,0.0,15.36
2025-09-14,Bengaluru,120,21.23,0.0,11.24
2025-09-15,Bengaluru,120,18.68,0.0,13.06
2025-09-16,Bengaluru,120,22.89,0.0,5.65
2025-09-17,Bengaluru,120,22.88,0.0,7.49
2025-09-18,Bengaluru,120,23.52,0.0,6.79
2025-09-19,Bengaluru,120,21.63,12.36,10.09
2025-09-20,Bengaluru,120,22.21,27.77,18.87
2025-09-21,Bengaluru,120,21.58,12.5,12.44
2025-09-22,Bengaluru,120,23.94,0.0,7.63
2025-09-23,Bengaluru,120,21.62,0.0,11.67
2025-09-24,Bengaluru,120,19.0,0.0,8.46
2025-09-25,Bengaluru,120,21.78,0.0,9.1
2025-09-26,Bengaluru,120,19.96,0.0,11.55
2025-09-27,Bengaluru,120,23.46,0.0,10.55
2025-09-28,Bengaluru,120,20.85,1.54,9.85
2025-09-29,Bengaluru,120,19.83,6.16,9.18
2025-09-30,Bengaluru,120,21.94,9.15,12.93
2023-01-01,Bengaluru,168,20.15,0.0,5.63
2023-01-02,Bengaluru,168,22.65,0.0,7.78
2023-01-03,Bengaluru,168,19.88,0.0,3.85
2023-01-04,Bengaluru,168,17.15,0.0,1.88
2023-01-05,Bengaluru,168,17.61,0.0,6.06
2023-01-06,Bengaluru,168,20.85,0.0,0.18
2023-01-07,Bengaluru,168,18.91,0.0,7.9
2023-01-08,Bengaluru,168,19.35,0.0,7.81
2023-01-09,Bengaluru,168,17.98,0.0,6.56
2023-01-10,Bengaluru,168,18.09,0.0,5.59
2023-01-11,Bengaluru,168,18.77,0.0,11.19
2023-01-12,Bengaluru,168,20.73,0.0,12.61
2023-01-13,Bengaluru,168,20.69,2.21,10.65
2023-01-14,Bengaluru,168,17.88,0.0,12.53
2023-01-15,Bengaluru,168,21.21,0.0,12.62
2023-01-16,Bengaluru,168,17.74,0.0,9.26
2023-01-17,Bengaluru,168,23.9,0.0,2.42
2023-01-18,Bengaluru,168,24.04,0.21,11.31
2023-01-19,Bengaluru,168,20.74,0.0,4.6
2023-01-20,Bengaluru,168,20.57,0.0,9.07
2023-01-21,Bengaluru,168,21.51,0.0,5.99
2023-01-22,Bengaluru,168,23.21,0.0,12.63
2023-01-23,Bengaluru,168,21.87,0.0,7.5
2023-01-24,Bengaluru,168,16.74,0.0,3.54
2023-01-25,Bengaluru,168,18.83,0.0,8.26
2023-01-26,Bengaluru,168,19.68,0.0,11.14
2023-01-27,Bengaluru,168,21.28,0.0,7.42
2023-01-28,Bengaluru,168,22.91,0.0,7.68
2023-01-29,Bengaluru,168,20.27,0.0,5.37
2023-01-30,Bengaluru,168,17.54,0.0,6.02
2023-01-31,Bengaluru,168,19.81,0.0,7.42
2023-02-01,Bengaluru,168,23.78,0.0,8.45
2023-02-02,Bengaluru,168,28.11,0.0,6.23
2023-02-03,Bengaluru,168,22.17,0.0,5.43
2023-02-04,Bengaluru,168,24.94,0.0,6.05
2023-02-05,Bengaluru,168,25.59,0.0,6.08
2023-02-06,Bengaluru,168,21.68,0.0,1.46
2023-02-07,Bengaluru,168,19.52,0.0,9.13
2023-02-08,Bengaluru,168,22.07,0.0,7.42
2023-02-09,Bengaluru,168,25.78,0.0,9.68
2023-02-10,Bengaluru,168,23.05,0.0,3.03
2023-02-11,Bengaluru,168,23.34,0.0,4.93
2023-02-12,Bengaluru,168,22.37,0.0,6.7
2023-02-13,Bengaluru,168,23.39,0.0,13.29
2023-02-14,Bengaluru,168,19.73,0.0,12.07
2023-02-15,Bengaluru,168,22.8,0.0,9.76
2023-02-16,Bengaluru,168,25.14,0.0,12.82
2023-02-17,Bengaluru,168,24.56,0.0,8.65
2023-02-18,Bengaluru,168,24.03,0.0,5.5
2023-02-19,Bengaluru,168,24.11,0.0,5.31
2023-02-20,Bengaluru,168,23.28,0.0,10.72
2023-02-21,Bengaluru,168,25.31,0.0,2.67
2023-02-22,Bengaluru,168,24.57,0.0,6.18
2023-02-23,Bengaluru,168,23.93,0.0,5.07
2023-02-24,Bengaluru,168,22.46,0.0,1.54
2023-02-25,Bengaluru,168,21.71,0.0,7.11
2023-02-26,Bengaluru,168,22.21,0.0,9.29
2023-02-27,Bengaluru,168,24.62,0.0,8.6
2023-02-28,Bengaluru,168,21.09,0.0,7.05
2023-03-01,Bengaluru,168,27.44,0.0,9.8
2023-03-02,Bengaluru,168,25.18,0.0,11.43
2023-03-03,Bengaluru,168,26.47,0.0,12.38
2023-03-04,Bengaluru,168,27.25,0.0,15.69
2023-03-05,Bengaluru,168,24.61,0.0,7.66
2023-03-06,Bengaluru,168,25.06,0.0,7.13
2023-03-07,Bengaluru,168,23.32,0.0,9.56
2023-03-08,Bengaluru,168,27.56,0.0,6.19
2023-03-09,Bengaluru,168,27.86,0.0,7.25
2023-03-10,Bengaluru,168,26.06,0.0,9.93
2023-03-11,Bengaluru,168,27.64,0.0,5.88
2023-03-12,Bengaluru,168,27.53,0.0,8.13
2023-03-13,Bengaluru,168,26.94,0.0,5.39
2023-03-14,Bengaluru,168,28.05,0.0,9.21
2023-03-15,Bengaluru,168,27.75,0.0,7.05
2023-03-16,Bengaluru,168,28.37,0.0,12.7
2023-03-17,Bengaluru,168,26.84,0.0,6.55
2023-03-18,Bengaluru,168,25.6,0.0,11.28
2023-03-19,Bengaluru,168,26.51,0.0,8.59
2023-03-20,Bengaluru,168,28.64,0.0,14.42
2023-03-21,Bengaluru,168,24.82,0.0,9.52
2023-03-22,Bengaluru,168,31.16,0.0,10.69
2023-03-23,Bengaluru,168,27.52,0.0,10.6
2023-03-24,Bengaluru,168,25.67,0.0,10.18
2023-03-25,Bengaluru,168,24.62,0.0,16.27
2023-03-26,Bengaluru,168,22.85,0.0,7.7
2023-03-27,Bengaluru,168,23.54,0.0,5.33
2023-03-28,Bengaluru,168,23.72,0.0,5.56
2023-03-29,Bengaluru,168,26.69,0.0,6.84
2023-03-30,Bengaluru,168,25.33,0.0,10.35
2023-03-31,Bengaluru,168,25.78,0.0,9.65
2023-04-01,Bengaluru,168,28.52,0.0,13.43
2023-04-02,Bengaluru,168,29.86,0.0,9.15
2023-04-03,Bengaluru,168,30.1,0.0,11.1
2023-04-04,Bengaluru,168,28.9,0.0,10.08
2023-04-05,Bengaluru,168,28.32,0.0,19.76
2023-04-06,Bengaluru,168,26.36,0.0,12.02
2023-04-07,Bengaluru,168,26.56,0.0,13.23
2023-04-08,Bengaluru,168,26.29,0.0,7.93
2023-04-09,Bengaluru,168,25.1,0.0,11.13
2023-04-10,Bengaluru,168,24.64,0.0,16.41
2023-04-11,Bengaluru,168,23.62,0.0,8.89
2023-04-12,Bengaluru,168,28.34,0.0,8.28
2023-04-13,Bengaluru,168,27.58,0.0,7.32
2023-04-14,Bengaluru,168,29.55,0.0,11.96
2023-04-15,Bengaluru,168,28.03,4.91,15.61
2023-04-16,Bengaluru,168,25.04,14.63,13.41
2023-04-17,Bengaluru,168,26.32,5.02,13.73
2023-04-18,Bengaluru,168,25.2,0.0,12.81
2023-04-19,Bengaluru,168,27.15,0.0,5.42
2023-04-20,Bengaluru,168,28.17,0.0,11.21
2023-04-21,Bengaluru,168,26.79,0.0,10.09
2023-04-22,Bengaluru,168,29.32,0.0,11.87
2023-04-23,Bengaluru,168,27.64,0.0,10.84
2023-04-24,Bengaluru,168,26.37,0.0,10.01
2023-04-25,Bengaluru,168,25.98,0.0,13.89
2023-04-26,Bengaluru,168,27.71,0.0,7.74
2023-04-27,Bengaluru,168,27.42,0.0,14.81
2023-04-28,Bengaluru,168,26.94,0.0,2.73
2023-04-29,Bengaluru,168,30.48,0.0,11.85
2023-04-30,Bengaluru,168,26.86,0.0,7.14
2023-05-01,Bengaluru,168,23.53,2.27,13.07
2023-05-02,Bengaluru,168,26.5,25.73,12.59
2023-05-03,Bengaluru,168,27.61,14.4,14.87
2023-05-04,Bengaluru,168,27.59,0.0,12.79
2023-05-05,Bengaluru,168,27.94,0.0,12.0
2023-05-06,Bengaluru,168,27.04,0.0,10.6
2023-05-07,Bengaluru,168,28.58,3.73,19.79
2023-05-08,Bengaluru,168,28.72,2.71,9.55
2023-05-09,Bengaluru,168,31.62,9.63,15.55
2023-05-10,Bengaluru,168,28.41,0.0,10.33
2023-05-11,Bengaluru,168,29.08,0.0,9.45
2023-05-12,Bengaluru,168,28.46,0.0,19.07
2023-05-13,Bengaluru,168,25.9,0.0,12.82
2023-05-14,Bengaluru,168,28.76,0.0,9.94
2023-05-15,Bengaluru,168,30.37,0.0,4.51
2023-05-16,Bengaluru,168,30.95,12.02,20.65
2023-05-17,Bengaluru,168,29.77,1.85,7.17
2023-05-18,Bengaluru,168,32.4,6.24,9.34
2023-05-19,Bengaluru,168,30.09,11.47,12.24
2023-05-20,Bengaluru,168,27.99,1.33,13.83
2023-05-21,Bengaluru,168,29.21,2.16,12.78
2023-05-22,Bengaluru,168,26.74,3.34,14.73
2023-05-23,Bengaluru,168,24.73,0.0,12.82
2023-05-24,Bengaluru,168,28.94,4.72,8.75
2023-05-25,Bengaluru,168,28.8,0.0,7.99
2023-05-26,Bengaluru,168,29.2,7.27,19.66
2023-05-27,Bengaluru,168,28.68,1.56,12.85
2023-05-28,Bengaluru,168,31.79,2.29,10.56
2023-05-29,Bengaluru,168,26.51,0.0,6.45
2023-05-30,Bengaluru,168,32.87,0.0,5.45
2023-05-31,Bengaluru,168,31.8,0.0,5.75
2023-06-01,Bengaluru,168,29.31,10.96,19.21
2023-06-02,Bengaluru,168,27.34,0.0,15.05
2023-06-03,Bengaluru,168,22.05,0.0,10.86
2023-06-04,Bengaluru,168,23.4,42.77,19.17
2023-06-05,Bengaluru,168,23.87,15.35,15.87
2023-06-06,Bengaluru,168,21.33,0.0,15.44
2023-06-07,Bengaluru,168,26.88,0.0,9.58
2023-06-08,Bengaluru,168,24.93,0.0,14.91
2023-06-09,Bengaluru,168,24.33,0.0,9.55
2023-06-10,Bengaluru,168,23.47,0.0,12.89
2023-06-11,Bengaluru,168,21.34,0.0,11.52
2023-06-12,Bengaluru,168,26.7,9.99,8.23
2023-06-13,Bengaluru,168,26.51,0.0,13.5
2023-06-14,Bengaluru,168,26.87,0.0,12.75
2023-06-15,Bengaluru,168,28.28,0.0,12.91
2023-06-16,Bengaluru,168,29.88,0.0,11.88
2023-06-17,Bengaluru,168,27.87,0.0,14.18
2023-06-18,Bengaluru,168,24.71,0.0,11.73
2023-06-19,Bengaluru,168,25.17,0.0,12.57
2023-06-20,Bengaluru,168,23.64,0.0,11.69
2023-06-21,Bengaluru,168,24.94,0.0,11.76
2023-06-22,Bengaluru,168,28.85,0.0,11.11
2023-06-23,Bengaluru,168,25.68,0.0,10.62
2023-06-24,Bengaluru,168,29.49,0.0,8.02
2023-06-25,Bengaluru,168,27.69,0.0,13.11
2023-06-26,Bengaluru,168,26.33,0.0,9.63
2023-06-27,Bengaluru,168,25.58,0.0,13.16
2023-06-28,Bengaluru,168,26.06,0.0,9.62
2023-06-29,Bengaluru,168,24.82,0.0,7.33
2023-06-30,Bengaluru,168,26.88,0.0,2.62
2023-07-01,Bengaluru,168,26.63,4.46,12.37
2023-07-02,Bengaluru,168,27.31,3.26,17.34
2023-07-03,Bengaluru,168,25.2,0.0,17.26
2023-07-04,Bengaluru,168,26.01,0.0,12.27
2023-07-05,Bengaluru,168,25.63,0.0,7.92
2023-07-06,Bengaluru,168,25.57,0.0,11.09
2023-07-07,Bengaluru,168,25.01,0.0,13.22
2023-07-08,Bengaluru,168,24.49,0.0,10.85
2023-07-09,Bengaluru,168,25.21,0.0,11.62
2023-07-10,Bengaluru,168,23.3,0.0,15.83
2023-07-11,Bengaluru,168,27.64,0.0,18.67
2023-07-12,Bengaluru,168,22.52,0.0,6.93
2023-07-13,Bengaluru,168,23.77,1.9,10.58
2023-07-14,Bengaluru,168,24.0,55.14,21.53
2023-07-15,Bengaluru,168,22.38,0.32,9.33
2023-07-16,Bengaluru,168,24.73,5.07,6.56
2023-07-17,Bengaluru,168,23.97,1.75,11.73
2023-07-18,Bengaluru,168,25.85,0.0,11.95
2023-07-19,Bengaluru,168,25.42,0.0,14.61
2023-07-20,Bengaluru,168,21.24,0.0,12.2
2023-07-21,Bengaluru,168,24.71,0.0,16.39
2023-07-22,Bengaluru,168,21.2,0.0,13.04
2023-07-23,Bengaluru,168,26.11,0.0,13.59
2023-07-24,Bengaluru,168,21.86,4.25,16.49
2023-07-25,Bengaluru,168,23.4,0.0,10.08
2023-07-26,Bengaluru,168,22.4,0.0,15.34
2023-07-27,Bengaluru,168,23.9,0.0,12.17
2023-07-28,Bengaluru,168,23.43,0.0,11.42
2023-07-29,Bengaluru,168,21.98,0.0,15.29
2023-07-30,Bengaluru,168,25.97,0.0,9.31
2023-07-31,Bengaluru,168,26.23,0.0,7.47
2023-08-01,Bengaluru,168,28.34,4.69,12.08
2023-08-02,Bengaluru,168,24.35,6.65,12.55
2023-08-03,Bengaluru,168,27.81,0.0,6.5
2023-08-04,Bengaluru,168,27.16,1.98,8.38
2023-08-05,Bengaluru,168,22.88,0.0,7.03
2023-08-06,Bengaluru,168,27.6,0.0,16.13
2023-08-07,Bengaluru,168,23.09,2.57,9.22
2023-08-08,Bengaluru,168,22.33,3.39,15.55
2023-08-09,Bengaluru,168,25.19,0.9,10.1
2023-08-10,Bengaluru,168,22.16,3.6,12.56
2023-08-11,Bengaluru,168,21.06,47.95,18.89
2023-08-12,Bengaluru,168,21.98,1.65,14.0
2023-08-13,Bengaluru,168,20.09,0.0,10.02
2023-08-14,Bengaluru,168,24.47,0.0,5.88
2023-08-15,Bengaluru,168,25.53,13.83,11.58
2023-08-16,Bengaluru,168,25.48,0.0,8.16
2023-08-17,Bengaluru,168,27.47,0.0,10.76
2023-08-18,Bengaluru,168,23.92,0.0,12.03
2023-08-19,Bengaluru,168,23.87,0.0,10.7
2023-08-20,Bengaluru,168,23.35,0.0,16.02
2023-08-21,Bengaluru,168,20.89,0.0,16.06
2023-08-22,Bengaluru,168,23.69,0.0,10.99
2023-08-23,Bengaluru,168,25.59,0.0,8.92
2023-08-24,Bengaluru,168,21.25,0.0,17.69
2023-08-25,Bengaluru,168,25.41,0.0,12.86
2023-08-26,Bengaluru,168,22.81,0.0,9.6
2023-08-27,Bengaluru,168,21.58,0.0,5.46
2023-08-28,Bengaluru,168,25.23,0.0,6.19
2023-08-29,Bengaluru,168,28.1,3.05,13.21
2023-08-30,Bengaluru,168,23.95,0.0,12.13
2023-08-31,Bengaluru,168,21.7,3.8,13.29
2023-09-01,Bengaluru,168,19.62,7.43,11.32
2023-09-02,Bengaluru,168,18.97,1.45,14.77
2023-09-03,Bengaluru,168,24.33,21.05,10.13
2023-09-04,Bengaluru,168,20.93,2.78,5.96
2023-09-05,Bengaluru,168,21.12,4.79,4.43
2023-09-06,Bengaluru,168,17.81,0.0,4.39
2023-09-07,Bengaluru,168,19.4,28.71,18.83
2023-09-08,Bengaluru,168,20.52,8.16,8.44
2023-09-09,Bengaluru,168,18.86,16.37,12.62
2023-09-10,Bengaluru,168,20.93,1.39,7.49
2023-09-11,Bengaluru,168,18.63,7.64,8.11
2023-09-12,Bengaluru,168,19.36,4.77,9.87
2023-09-13,Bengaluru,168,21.83,0.0,9.41
2023-09-14,Bengaluru,168,18.25,0.0,14.12
2023-09-15,Bengaluru,168,21.4,0.0,11.47
2023-09-16,Bengaluru,168,22.34,16.84,12.96
2023-09-17,Bengaluru,168,21.39,8.12,11.53
2023-09-18,Bengaluru,168,24.9,12.95,14.53
2023-09-19,Bengaluru,168,16.93,15.11,6.12
2023-09-20,Bengaluru,168,21.7,6.12,13.68
2023-09-21,Bengaluru,168,23.57,13.68,16.23
2023-09-22,Bengaluru,168,23.52,3.13,9.05
2023-09-23,Bengaluru,168,20.64,0.0,14.23
2023-09-24,Bengaluru,168,25.49,0.58,12.89
2023-09-25,Bengaluru,168,23.1,2.66,9.12
2023-09-26,Bengaluru,168,22.87,9.35,10.52
2023-09-27,Bengaluru,168,25.16,5.73,7.6
2023-09-28,Bengaluru,168,23.85,18.14,13.32
2023-09-29,Bengaluru,168,25.47,5.52,11.21
2023-09-30,Bengaluru,168,24.26,15.88,16.45
2023-10-01,Bengaluru,168,23.79,0.0,5.87
2023-10-02,Bengaluru,168,25.88,0.0,6.96
2023-10-03,Bengaluru,168,23.57,9.58,8.61
2023-10-04,Bengaluru,168,24.22,7.19,7.44
2023-10-05,Bengaluru,168,22.63,5.51,10.04
2023-10-06,Bengaluru,168,22.28,0.0,5.54
2023-10-07,Bengaluru,168,24.18,0.0,10.9
2023-10-08,Bengaluru,168,22.01,0.0,9.88
2023-10-09,Bengaluru,168,21.63,0.0,10.16
2023-10-10,Bengaluru,168,19.96,4.09,14.44
2023-10-11,Bengaluru,168,25.38,3.7,5.24
2023-10-12,Bengaluru,168,23.67,0.0,7.55
2023-10-13,Bengaluru,168,23.96,8.98,14.65
2023-10-14,Bengaluru,168,26.16,8.6,5.23
2023-10-15,Bengaluru,168,23.5,8.85,4.94
2023-10-16,Bengaluru,168,22.81,0.0,8.26
2023-10-17,Bengaluru,168,25.19,0.0,7.92
2023-10-18,Bengaluru,168,20.99,0.0,8.99
2023-10-19,Bengaluru,168,22.34,0.95,2.88
2023-10-20,Bengaluru,168,22.04,5.25,8.71
2023-10-21,Bengaluru,168,27.76,4.62,7.06
2023-10-22,Bengaluru,168,23.36,5.51,6.33
2023-10-23,Bengaluru,168,23.96,18.35,7.72
2023-10-24,Bengaluru,168,24.4,0.0,4.48
2023-10-25,Bengaluru,168,26.24,0.0,3.66
2023-10-26,Bengaluru,168,23.31,24.32,8.71
2023-10-27,Bengaluru,168,25.36,0.0,9.01
2023-10-28,Bengaluru,168,24.38,0.0,5.83
2023-10-29,Bengaluru,168,23.84,0.0,1.66
2023-10-30,Bengaluru,168,23.18,0.0,15.49
2023-10-31,Bengaluru,168,25.43,0.0,6.94
2023-11-01,Bengaluru,168,22.53,0.0,7.37
2023-11-02,Bengaluru,168,22.16,0.0,7.85
2023-11-03,Bengaluru,168,23.42,0.0,6.48
2023-11-04,Bengaluru,168,22.3,11.02,9.52
2023-11-05,Bengaluru,168,24.76,0.0,5.09
2023-11-06,Bengaluru,168,21.81,0.0,11.93
2023-11-07,Bengaluru,168,21.38,0.0,5.19
2023-11-08,Bengaluru,168,18.88,3.24,7.12
2023-11-09,Bengaluru,168,23.95,9.75,3.92
2023-11-10,Bengaluru,168,20.42,35.02,7.72
2023-11-11,Bengaluru,168,15.79,0.0,0.23
2023-11-12,Bengaluru,168,20.95,0.0,5.76
2023-11-13,Bengaluru,168,18.52,0.0,9.24
2023-11-14,Bengaluru,168,20.22,0.0,4.36
2023-11-15,Bengaluru,168,16.81,0.0,0.0
2023-11-16,Bengaluru,168,18.37,0.0,1.96
2023-11-17,Bengaluru,168,18.82,0.0,7.2
2023-11-18,Bengaluru,168,18.53,0.0,4.34
2023-11-19,Bengaluru,168,21.09,0.0,5.08
2023-11-20,Bengaluru,168,22.32,0.0,0.09
2023-11-21,Bengaluru,168,22.12,0.0,8.18
2023-11-22,Bengaluru,168,24.83,0.0,5.23
2023-11-23,Bengaluru,168,24.5,0.0,12.4
2023-11-24,Bengaluru,168,22.96,0.0,6.58
2023-11-25,Bengaluru,168,24.02,0.0,4.78
2023-11-26,Bengaluru,168,19.48,0.0,6.24
2023-11-27,Bengaluru,168,21.28,0.0,5.7
2023-11-28,Bengaluru,168,18.5,0.0,3.74
2023-11-29,Bengaluru,168,23.83,0.0,0.0
2023-11-30,Bengaluru,168,22.49,0.0,4.85
2023-12-01,Bengaluru,168,20.57,0.0,3.75
2023-12-02,Bengaluru,168,22.16,0.0,8.92
2023-12-03,Bengaluru,168,22.36,0.0,8.27
2023-12-04,Bengaluru,168,20.98,0.0,10.58
2023-12-05,Bengaluru,168,22.73,0.0,1.18
2023-12-06,Bengaluru,168,19.29,0.0,0.15
2023-12-07,Bengaluru,168,22.05,0.0,6.67
2023-12-08,Bengaluru,168,17.61,0.0,4.21
2023-12-09,Bengaluru,168,21.49,0.0,6.21
2023-12-10,Bengaluru,168,20.92,0.0,1.17
2023-12-11,Bengaluru,168,20.05,0.0,0.85
2023-12-12,Bengaluru,168,20.02,0.0,0.09
2023-12-13,Bengaluru,168,21.42,0.0,6.78
2023-12-14,Bengaluru,168,20.28,0.0,3.84
2023-12-15,Bengaluru,168,21.44,0.0,7.75
2023-12-16,Bengaluru,168,19.87,0.0,5.39
2023-12-17,Bengaluru,168,22.16,0.0,6.76
2023-12-18,Bengaluru,168,19.31,0.0,9.42
2023-12-19,Bengaluru,168,17.56,0.0,10.94
2023-12-20,Bengaluru,168,21.71,0.0,7.9
2023-12-21,Bengaluru,168,20.54,0.0,5.17
2023-12-22,Bengaluru,168,21.45,0.0,5.33
2023-12-23,Bengaluru,168,20.35,0.0,10.84
2023-12-24,Bengaluru,168,21.81,0.0,4.67
2023-12-25,Bengaluru,168,22.16,0.0,4.64
2023-12-26,Bengaluru,168,22.3,0.0,10.14
2023-12-27,Bengaluru,168,20.6,0.0,7.66
2023-12-28,Bengaluru,168,15.92,0.0,8.05
2023-12-29,Bengaluru,168,16.1,0.0,2.19
2023-12-30,Bengaluru,168,16.84,0.0,0.74
2023-12-31,Bengaluru,168,20.37,0.0,4.98
2024-01-01,Bengaluru,168,21.56,0.0,5.25
2024-01-02,Bengaluru,168,19.5,0.0,3.61
2024-01-03,Bengaluru,168,19.59,0.18,0.11
2024-01-04,Bengaluru,168,19.45,0.0,5.51
2024-01-05,Bengaluru,168,22.98,0.15,5.75
2024-01-06,Bengaluru,168,24.41,0.31,10.18
2024-01-07,Bengaluru,168,23.72,0.0,7.87
2024-01-08,Bengaluru,168,22.59,0.0,1.76
2024-01-09,Bengaluru,168,17.11,0.0,11.71
2024-01-10,Bengaluru,168,17.41,0.0,9.29
2024-01-11,Bengaluru,168,17.23,0.0,9.71
2024-01-12,Bengaluru,168,16.08,0.0,0.0
2024-01-13,Bengaluru,168,20.28,0.0,3.85
2024-01-14,Bengaluru,168,22.79,0.0,5.76
2024-01-15,Bengaluru,168,21.31,0.0,5.06
2024-01-16,Bengaluru,168,22.29,0.0,10.89
2024-01-17,Bengaluru,168,22.15,0.0,9.15
2024-01-18,Bengaluru,168,24.18,0.0,6.5
2024-01-19,Bengaluru,168,23.29,0.0,5.49
2024-01-20,Bengaluru,168,22.27,0.0,7.31
2024-01-21,Bengaluru,168,19.63,0.0,7.96
2024-01-22,Bengaluru,168,20.31,0.0,10.04
2024-01-23,Bengaluru,168,20.2,0.0,8.59
2024-01-24,Bengaluru,168,24.02,0.0,6.41
2024-01-25,Bengaluru,168,23.79,0.0,7.78
2024-01-26,Bengaluru,168,22.03,0.0,0.0
2024-01-27,Bengaluru,168,23.72,0.0,14.02
2024-01-28,Bengaluru,168,19.5,0.0,1.04
2024-01-29,Bengaluru,168,20.98,0.0,5.27
2024-01-30,Bengaluru,168,27.08,0.0,10.72
2024-01-31,Bengaluru,168,21.97,0.0,7.61
2024-02-01,Bengaluru,168,26.73,0.0,5.78
2024-02-02,Bengaluru,168,24.66,0.0,5.12
2024-02-03,Bengaluru,168,27.45,0.0,5.51
2024-02-04,Bengaluru,168,24.03,0.0,9.72
2024-02-05,Bengaluru,168,27.36,0.0,9.59
2024-02-06,Bengaluru,168,24.42,0.0,10.33
2024-02-07,Bengaluru,168,26.61,0.0,0.64
2024-02-08,Bengaluru,168,22.63,0.0,8.79
2024-02-09,Bengaluru,168,20.76,0.0,5.32
2024-02-10,Bengaluru,168,20.32,0.0,6.99
2024-02-11,Bengaluru,168,21.42,0.0,6.61
2024-02-12,Bengaluru,168,19.43,0.0,7.42
2024-02-13,Bengaluru,168,20.76,0.0,8.93
2024-02-14,Bengaluru,168,18.81,0.0,7.57
2024-02-15,Bengaluru,168,16.28,0.0,4.08
2024-02-16,Bengaluru,168,17.56,0.0,3.45
2024-02-17,Bengaluru,168,21.85,0.0,1.65
2024-02-18,Bengaluru,168,19.38,0.0,10.27
2024-02-19,Bengaluru,168,20.34,0.0,4.05
2024-02-20,Bengaluru,168,20.7,0.0,2.82
2024-02-21,Bengaluru,168,22.42,0.0,7.2
2024-02-22,Bengaluru,168,19.33,0.0,6.3
2024-02-23,Bengaluru,168,23.79,0.0,11.53
2024-02-24,Bengaluru,168,21.23,0.0,6.48
2024-02-25,Bengaluru,168,19.21,0.0,4.68
2024-02-26,Bengaluru,168,25.25,0.0,4.66
2024-02-27,Bengaluru,168,23.26,0.0,9.23
2024-02-28,Bengaluru,168,23.31,0.0,8.55
2024-02-29,Bengaluru,168,23.07,0.0,11.88
2024-03-01,Bengaluru,168,27.03,0.0,8.49
2024-03-02,Bengaluru,168,25.12,0.0,5.21
2024-03-03,Bengaluru,168,23.78,0.0,13.66
2024-03-04,Bengaluru,168,23.94,0.0,8.76
2024-03-05,Bengaluru,168,24.26,0.0,11.74
2024-03-06,Bengaluru,168,25.55,0.0,8.6
2024-03-07,Bengaluru,168,26.01,0.0,10.85
2024-03-08,Bengaluru,168,30.02,0.0,8.46
2024-03-09,Bengaluru,168,29.38,0.0,7.16
2024-03-10,Bengaluru,168,29.55,0.0,8.79
2024-03-11,Bengaluru,168,26.7,0.0,8.32
2024-03-12,Bengaluru,168,26.83,0.0,6.44
2024-03-13,Bengaluru,168,29.33,0.0,6.22
2024-03-14,Bengaluru,168,28.42,0.0,7.46
2024-03-15,Bengaluru,168,30.38,0.0,11.49
2024-03-16,Bengaluru,168,29.07,1.09,9.8
2024-03-17,Bengaluru,168,29.02,0.0,8.92
2024-03-18,Bengaluru,168,28.78,0.0,11.0
2024-03-19,Bengaluru,168,29.49,0.0,5.9
2024-03-20,Bengaluru,168,24.12,0.0,9.61
2024-03-21,Bengaluru,168,27.03,0.0,10.63
2024-03-22,Bengaluru,168,25.83,0.0,6.7
2024-03-23,Bengaluru,168,27.0,0.0,14.95
2024-03-24,Bengaluru,168,26.87,0.0,14.32
2024-03-25,Bengaluru,168,22.08,0.0,14.52
2024-03-26,Bengaluru,168,26.36,0.0,10.95
2024-03-27,Bengaluru,168,24.88,0.8,8.66
2024-03-28,Bengaluru,168,25.94,0.0,9.77
2024-03-29,Bengaluru,168,26.78,0.0,14.68
2024-03-30,Bengaluru,168,27.2,0.0,13.06
2024-03-31,Bengaluru,168,26.95,0.0,7.63
2024-04-01,Bengaluru,168,25.9,0.0,10.21
2024-04-02,Bengaluru,168,26.44,0.0,5.37
2024-04-03,Bengaluru,168,32.24,0.86,10.21
2024-04-04,Bengaluru,168,26.23,7.67,12.61
2024-04-05,Bengaluru,168,27.94,0.0,10.15
2024-04-06,Bengaluru,168,28.18,0.0,10.91
2024-04-07,Bengaluru,168,28.43,0.0,15.21
2024-04-08,Bengaluru,168,27.61,0.0,11.65
2024-04-09,Bengaluru,168,29.91,0.0,13.84
2024-04-10,Bengaluru,168,27.22,0.0,6.42
2024-04-11,Bengaluru,168,29.66,0.0,8.66
2024-04-12,Bengaluru,168,30.24,10.68,10.34
2024-04-13,Bengaluru,168,31.8,0.0,8.48
2024-04-14,Bengaluru,168,26.68,0.0,11.75
2024-04-15,Bengaluru,168,28.66,0.0,14.46
2024-04-16,Bengaluru,168,26.27,0.0,9.88
2024-04-17,Bengaluru,168,28.74,0.0,15.58
2024-04-18,Bengaluru,168,27.37,0.0,11.41
2024-04-19,Bengaluru,168,28.47,0.0,8.03
2024-04-20,Bengaluru,168,25.3,0.0,9.34
2024-04-21,Bengaluru,168,29.17,0.0,13.01
2024-04-22,Bengaluru,168,28.32,0.0,6.93
2024-04-23,Bengaluru,168,26.62,0.0,12.42
2024-04-24,Bengaluru,168,27.38,0.0,14.53
2024-04-25,Bengaluru,168,29.05,0.0,8.17
2024-04-26,Bengaluru,168,28.78,0.0,10.76
2024-04-27,Bengaluru,168,29.84,0.0,7.34
2024-04-28,Bengaluru,168,29.89,0.0,6.21
2024-04-29,Bengaluru,168,26.85,0.0,10.95
2024-04-30,Bengaluru,168,26.23,0.0,8.09
2024-05-01,Bengaluru,168,24.53,0.0,10.55
2024-05-02,Bengaluru,168,24.13,0.0,16.75
2024-05-03,Bengaluru,168,26.62,0.0,8.73
2024-05-04,Bengaluru,168,25.79,0.0,5.91
2024-05-05,Bengaluru,168,25.91,4.85,9.57
2024-05-06,Bengaluru,168,24.6,1.98,10.5
2024-05-07,Bengaluru,168,26.31,7.14,10.1
2024-05-08,Bengaluru,168,27.04,10.9,10.22
2024-05-09,Bengaluru,168,29.6,2.82,6.19
2024-05-10,Bengaluru,168,27.35,2.72,5.9
2024-05-11,Bengaluru,168,28.07,0.0,7.4
2024-05-12,Bengaluru,168,28.78,0.0,9.51
2024-05-13,Bengaluru,168,26.73,0.0,14.4
2024-05-14,Bengaluru,168,25.88,0.0,12.09
2024-05-15,Bengaluru,168,28.21,0.0,12.89
2024-05-16,Bengaluru,168,24.87,0.0,12.73
2024-05-17,Bengaluru,168,22.32,5.77,11.01
2024-05-18,Bengaluru,168,24.27,2.38,12.12
2024-05-19,Bengaluru,168,24.79,4.14,11.55
2024-05-20,Bengaluru,168,27.81,0.0,12.64
2024-05-21,Bengaluru,168,25.8,0.0,14.82
2024-05-22,Bengaluru,168,26.0,0.0,11.96
2024-05-23,Bengaluru,168,23.94,0.0,6.96
2024-05-24,Bengaluru,168,23.83,0.0,8.32
2024-05-25,Bengaluru,168,23.46,0.0,8.6
2024-05-26,Bengaluru,168,28.37,0.0,11.31
2024-05-27,Bengaluru,168,23.51,0.0,10.89
2024-05-28,Bengaluru,168,26.69,0.2,5.71
2024-05-29,Bengaluru,168,28.1,0.0,13.17
2024-05-30,Bengaluru,168,22.67,0.0,12.71
2024-05-31,Bengaluru,168,25.86,0.0,13.15
2024-06-01,Bengaluru,168,21.25,0.0,17.26
2024-06-02,Bengaluru,168,22.48,0.0,17.39
2024-06-03,Bengaluru,168,20.73,0.0,18.1
2024-06-04,Bengaluru,168,24.37,0.0,16.39
2024-06-05,Bengaluru,168,29.14,0.0,13.51
2024-06-06,Bengaluru,168,27.94,0.0,8.11
2024-06-07,Bengaluru,168,23.02,12.15,9.89
2024-06-08,Bengaluru,168,24.8,0.0,7.37
2024-06-09,Bengaluru,168,27.8,0.0,11.67
2024-06-10,Bengaluru,168,24.44,27.74,19.59
2024-06-11,Bengaluru,168,23.49,0.0,13.31
2024-06-12,Bengaluru,168,21.51,24.25,22.2
2024-06-13,Bengaluru,168,21.44,0.0,15.22
2024-06-14,Bengaluru,168,24.1,0.0,14.0
2024-06-15,Bengaluru,168,24.64,0.0,15.15
2024-06-16,Bengaluru,168,25.35,0.0,13.52
2024-06-17,Bengaluru,168,26.31,0.0,11.02
2024-06-18,Bengaluru,168,24.0,0.0,5.24
2024-06-19,Bengaluru,168,24.65,0.0,15.68
2024-06-20,Bengaluru,168,27.99,0.0,6.9
2024-06-21,Bengaluru,168,23.15,0.0,13.03
2024-06-22,Bengaluru,168,27.39,0.0,8.9
2024-06-23,Bengaluru,168,22.95,0.0,11.69
2024-06-24,Bengaluru,168,23.27,4.09,15.95
2024-06-25,Bengaluru,168,22.24,0.0,6.56
2024-06-26,Bengaluru,168,21.91,0.0,15.74
2024-06-27,Bengaluru,168,23.47,0.0,10.72
2024-06-28,Bengaluru,168,23.63,0.0,14.29
2024-06-29,Bengaluru,168,22.53,0.0,7.41
2024-06-30,Bengaluru,168,28.8,48.75,11.63
2024-07-01,Bengaluru,168,23.42,27.95,16.2
2024-07-02,Bengaluru,168,23.5,0.0,12.1
2024-07-03,Bengaluru,168,22.22,0.0,8.04
2024-07-04,Bengaluru,168,22.84,0.0,12.54
2024-07-05,Bengaluru,168,20.59,0.0,9.44
2024-07-06,Bengaluru,168,23.99,0.0,15.33
2024-07-07,Bengaluru,168,22.12,0.0,11.0
2024-07-08,Bengaluru,168,23.36,13.66,9.01
2024-07-09,Bengaluru,168,22.87,0.0,12.3
2024-07-10,Bengaluru,168,16.01,0.0,8.83
2024-07-11,Bengaluru,168,22.17,0.0,6.66
2024-07-12,Bengaluru,168,20.55,0.0,7.88
2024-07-13,Bengaluru,168,21.55,0.0,10.08
2024-07-14,Bengaluru,168,20.67,0.0,11.89
2024-07-15,Bengaluru,168,24.56,0.0,7.66
2024-07-16,Bengaluru,168,24.39,0.0,13.72
2024-07-17,Bengaluru,168,25.56,0.0,12.87
2024-07-18,Bengaluru,168,20.97,2.85,13.36
2024-07-19,Bengaluru,168,20.06,0.0,18.76
2024-07-20,Bengaluru,168,22.07,0.0,11.39
2024-07-21,Bengaluru,168,21.92,0.0,8.58
2024-07-22,Bengaluru,168,23.03,0.0,12.13
2024-07-23,Bengaluru,168,20.33,0.0,11.62
2024-07-24,Bengaluru,168,21.61,1.88,13.08
2024-07-25,Bengaluru,168,22.46,0.0,9.14
2024-07-26,Bengaluru,168,24.36,0.0,12.4
2024-07-27,Bengaluru,168,23.27,0.0,9.82
2024-07-28,Bengaluru,168,16.65,0.0,7.21
2024-07-29,Bengaluru,168,19.01,0.0,15.77
2024-07-30,Bengaluru,168,19.89,12.38,16.05
2024-07-31,Bengaluru,168,22.71,11.05,14.15
2024-08-01,Bengaluru,168,22.01,0.0,3.72
2024-08-02,Bengaluru,168,19.95,0.0,11.96
2024-08-03,Bengaluru,168,19.74,0.0,13.22
2024-08-04,Bengaluru,168,23.72,6.97,11.97
2024-08-05,Bengaluru,168,20.86,4.36,6.21
2024-08-06,Bengaluru,168,21.99,3.08,11.36
2024-08-07,Bengaluru,168,24.05,1.33,12.69
2024-08-08,Bengaluru,168,23.23,0.71,12.55
2024-08-09,Bengaluru,168,24.06,2.65,16.41
2024-08-10,Bengaluru,168,25.42,17.76,15.91
2024-08-11,Bengaluru,168,21.82,4.27,12.89
2024-08-12,Bengaluru,168,26.94,0.0,14.89
2024-08-13,Bengaluru,168,19.21,0.0,15.11
2024-08-14,Bengaluru,168,24.03,11.77,14.12
2024-08-15,Bengaluru,168,24.99,0.0,7.06
2024-08-16,Bengaluru,168,23.29,0.0,11.99
2024-08-17,Bengaluru,168,22.98,0.65,14.19
2024-08-18,Bengaluru,168,21.1,3.92,13.19
2024-08-19,Bengaluru,168,24.01,7.16,9.7
2024-08-20,Bengaluru,168,22.38,8.04,14.5
2024-08-21,Bengaluru,168,22.31,21.37,11.92
2024-08-22,Bengaluru,168,22.06,8.02,11.94
2024-08-23,Bengaluru,168,25.57,0.0,4.46
2024-08-24,Bengaluru,168,26.47,0.0,8.0
2024-08-25,Bengaluru,168,22.28,0.0,8.98
2024-08-26,Bengaluru,168,23.83,0.0,8.57
2024-08-27,Bengaluru,168,19.8,2.14,9.49
2024-08-28,Bengaluru,168,20.31,15.39,14.93
2024-08-29,Bengaluru,168,20.97,0.0,12.48
2024-08-30,Bengaluru,168,25.24,0.0,15.81
2024-08-31,Bengaluru,168,18.33,0.0,5.92
2024-09-01,Bengaluru,168,19.5,0.0,4.64
2024-09-02,Bengaluru,168,24.61,0.0,6.92
2024-09-03,Bengaluru,168,22.37,2.03,5.28
2024-09-04,Bengaluru,168,20.71,21.96,10.37
2024-09-05,Bengaluru,168,21.97,0.87,10.15
2024-09-06,Bengaluru,168,25.07,16.03,8.46
2024-09-07,Bengaluru,168,24.54,6.91,6.71
2024-09-08,Bengaluru,168,24.19,0.54,8.18
2024-09-09,Bengaluru,168,24.7,22.73,9.37
2024-09-10,Bengaluru,168,23.32,2.9,11.25
2024-09-11,Bengaluru,168,25.37,0.0,8.88
2024-09-12,Bengaluru,168,25.11,17.52,13.68
2024-09-13,Bengaluru,168,22.51,12.55,11.75
2024-09-14,Bengaluru,168,23.48,8.34,13.82
2024-09-15,Bengaluru,168,22.44,33.66,12.86
2024-09-16,Bengaluru,168,24.55,0.61,5.35
2024-09-17,Bengaluru,168,24.12,1.45,15.51
2024-09-18,Bengaluru,168,23.46,1.16,11.59
2024-09-19,Bengaluru,168,23.67,14.18,8.46
2024-09-20,Bengaluru,168,25.18,6.9,9.06
2024-09-21,Bengaluru,168,24.12,1.6,10.11
2024-09-22,Bengaluru,168,23.81,21.76,17.36
2024-09-23,Bengaluru,168,24.91,0.0,10.53
2024-09-24,Bengaluru,168,24.65,0.0,12.94
2024-09-25,Bengaluru,168,24.41,7.61,16.49
2024-09-26,Bengaluru,168,25.47,2.5,8.99
2024-09-27,Bengaluru,168,27.69,1.63,12.53
2024-09-28,Bengaluru,168,28.55,1.24,14.1
2024-09-29,Bengaluru,168,25.48,19.21,17.66
2024-09-30,Bengaluru,168,25.91,4.47,12.48
2024-10-01,Bengaluru,168,26.17,7.04,9.34
2024-10-02,Bengaluru,168,21.85,3.45,15.09
2024-10-03,Bengaluru,168,28.25,11.48,13.41
2024-10-04,Bengaluru,168,25.41,6.41,12.78
2024-10-05,Bengaluru,168,24.15,7.02,8.96
2024-10-06,Bengaluru,168,24.22,1.58,3.28
2024-10-07,Bengaluru,168,21.43,7.65,3.8
2024-10-08,Bengaluru,168,24.38,8.19,8.19
2024-10-09,Bengaluru,168,22.1,12.22,3.66
2024-10-10,Bengaluru,168,21.38,0.0,7.11
2024-10-11,Bengaluru,168,20.04,0.0,2.07
2024-10-12,Bengaluru,168,23.7,0.0,8.11
2024-10-13,Bengaluru,168,21.78,0.0,4.33
2024-10-14,Bengaluru,168,22.43,0.0,7.15
2024-10-15,Bengaluru,168,23.15,0.0,7.56
2024-10-16,Bengaluru,168,25.77,0.0,8.3
2024-10-17,Bengaluru,168,27.94,0.0,13.9
2024-10-18,Bengaluru,168,23.76,0.0,6.81
2024-10-19,Bengaluru,168,23.93,0.0,12.37
2024-10-20,Bengaluru,168,24.17,0.72,6.63
2024-10-21,Bengaluru,168,23.36,3.81,7.78
2024-10-22,Bengaluru,168,23.27,8.88,15.9
2024-10-23,Bengaluru,168,21.17,7.44,11.43
2024-10-24,Bengaluru,168,25.46,16.83,13.22
2024-10-25,Bengaluru,168,22.59,15.3,9.21
2024-10-26,Bengaluru,168,22.28,0.0,9.43
2024-10-27,Bengaluru,168,24.05,0.0,5.09
2024-10-28,Bengaluru,168,21.35,0.0,7.86
2024-10-29,Bengaluru,168,22.12,0.0,1.56
2024-10-30,Bengaluru,168,20.16,0.0,10.45
2024-10-31,Bengaluru,168,23.37,0.0,8.9
2024-11-01,Bengaluru,168,22.45,0.0,7.15
2024-11-02,Bengaluru,168,21.53,0.94,6.58
2024-11-03,Bengaluru,168,18.33,0.0,0.73
2024-11-04,Bengaluru,168,19.2,0.0,9.92
2024-11-05,Bengaluru,168,19.24,4.83,14.87
2024-11-06,Bengaluru,168,17.98,4.87,4.99
2024-11-07,Bengaluru,168,15.57,29.9,14.0
2024-11-08,Bengaluru,168,18.84,0.0,7.34
2024-11-09,Bengaluru,168,20.64,0.0,5.52
2024-11-10,Bengaluru,168,18.53,0.0,7.31
2024-11-11,Bengaluru,168,18.73,0.0,9.91
2024-11-12,Bengaluru,168,19.88,0.0,5.76
2024-11-13,Bengaluru,168,21.35,4.82,7.5
2024-11-14,Bengaluru,168,22.74,0.0,6.33
2024-11-15,Bengaluru,168,22.16,0.0,6.61
2024-11-16,Bengaluru,168,23.45,6.13,6.3
2024-11-17,Bengaluru,168,22.6,0.0,3.23
2024-11-18,Bengaluru,168,21.95,0.0,3.78
2024-11-19,Bengaluru,168,23.26,0.0,8.75
2024-11-20,Bengaluru,168,20.59,0.0,2.78
2024-11-21,Bengaluru,168,24.94,0.0,5.68
2024-11-22,Bengaluru,168,19.68,7.06,8.22
2024-11-23,Bengaluru,168,20.95,5.25,4.57
2024-11-24,Bengaluru,168,21.92,2.24,7.79
2024-11-25,Bengaluru,168,20.48,0.0,5.61
2024-11-26,Bengaluru,168,19.03,0.0,7.48
2024-11-27,Bengaluru,168,20.23,0.0,1.37
2024-11-28,Bengaluru,168,18.71,0.0,7.34
2024-11-29,Bengaluru,168,20.82,0.0,1.7
2024-11-30,Bengaluru,168,22.31,3.05,4.3
2024-12-01,Bengaluru,168,21.74,0.0,8.51
2024-12-02,Bengaluru,168,19.45,0.0,3.38
2024-12-03,Bengaluru,168,19.5,0.0,4.22
2024-12-04,Bengaluru,168,19.76,0.0,7.18
2024-12-05,Bengaluru,168,21.03,0.0,4.85
2024-12-06,Bengaluru,168,22.11,0.0,4.26
2024-12-07,Bengaluru,168,22.73,0.0,4.5
2024-12-08,Bengaluru,168,21.79,0.0,10.0
2024-12-09,Bengaluru,168,21.84,0.0,7.37
2024-12-10,Bengaluru,168,21.59,0.0,5.25
2024-12-11,Bengaluru,168,17.72,0.0,4.73
2024-12-12,Bengaluru,168,18.2,0.0,4.35
2024-12-13,Bengaluru,168,23.26,0.0,7.58
2024-12-14,Bengaluru,168,22.21,0.0,9.0
2024-12-15,Bengaluru,168,23.85,0.0,9.95
2024-12-16,Bengaluru,168,22.85,0.0,7.98
2024-12-17,Bengaluru,168,19.85,0.0,11.78
2024-12-18,Bengaluru,168,18.53,0.0,8.72
2024-12-19,Bengaluru,168,18.55,0.0,11.53
2024-12-20,Bengaluru,168,21.13,0.0,8.12
2024-12-21,Bengaluru,168,17.23,0.0,7.6
2024-12-22,Bengaluru,168,21.89,0.0,9.7
2024-12-23,Bengaluru,168,14.98,0.0,9.78
2024-12-24,Bengaluru,168,20.98,0.0,7.21
2024-12-25,Bengaluru,168,23.05,0.0,0.0
2024-12-26,Bengaluru,168,19.6,0.0,5.33
2024-12-27,Bengaluru,168,21.54,142.12,18.27
2024-12-28,Bengaluru,168,22.34,0.0,9.92
2024-12-29,Bengaluru,168,21.05,0.0,9.32
2024-12-30,Bengaluru,168,19.29,0.0,4.56
2024-12-31,Bengaluru,168,21.65,0.0,0.31
2025-01-01,Bengaluru,168,22.16,0.0,3.36
2025-01-02,Bengaluru,168,23.86,0.0,1.22
2025-01-03,Bengaluru,168,22.01,0.0,2.39
2025-01-04,Bengaluru,168,19.9,0.0,10.59
2025-01-05,Bengaluru,168,20.07,0.0,6.96
2025-01-06,Bengaluru,168,21.12,0.0,10.67
2025-01-07,Bengaluru,168,16.97,0.0,10.6
2025-01-08,Bengaluru,168,20.27,0.0,8.63
2025-01-09,Bengaluru,168,19.76,0.0,3.1
2025-01-10,Bengaluru,168,19.39,0.0,11.04
2025-01-11,Bengaluru,168,21.58,0.0,1.18
2025-01-12,Bengaluru,168,18.02,0.0,3.04
2025-01-13,Bengaluru,168,20.36,0.0,2.25
2025-01-14,Bengaluru,168,23.51,0.0,5.21
2025-01-15,Bengaluru,168,22.8,0.0,4.47
2025-01-16,Bengaluru,168,24.52,0.0,4.48
2025-01-17,Bengaluru,168,23.55,0.0,8.83
2025-01-18,Bengaluru,168,20.14,0.0,10.18
2025-01-19,Bengaluru,168,21.67,0.0,9.59
2025-01-20,Bengaluru,168,19.61,0.0,7.02
2025-01-21,Bengaluru,168,23.31,0.0,4.73
2025-01-22,Bengaluru,168,17.23,0.0,5.46
2025-01-23,Bengaluru,168,15.76,0.0,5.65
2025-01-24,Bengaluru,168,18.52,0.0,3.94
2025-01-25,Bengaluru,168,17.52,0.0,2.23
2025-01-26,Bengaluru,168,18.66,0.0,5.82
2025-01-27,Bengaluru,168,20.62,0.0,5.53
2025-01-28,Bengaluru,168,17.02,0.0,6.35
2025-01-29,Bengaluru,168,18.76,0.0,3.0
2025-01-30,Bengaluru,168,22.35,0.0,4.28
2025-01-31,Bengaluru,168,17.22,0.0,1.57
2025-02-01,Bengaluru,168,24.94,0.0,0.94
2025-02-02,Bengaluru,168,24.96,0.0,7.75
2025-02-03,Bengaluru,168,20.56,0.0,2.34
2025-02-04,Bengaluru,168,22.92,0.0,9.0
2025-02-05,Bengaluru,168,21.61,0.0,12.44
2025-02-06,Bengaluru,168,24.98,0.0,10.36
2025-02-07,Bengaluru,168,20.88,0.0,4.23
2025-02-08,Bengaluru,168,24.25,0.0,5.85
2025-02-09,Bengaluru,168,24.07,0.0,9.92
2025-02-10,Bengaluru,168,23.75,0.0,6.35
2025-02-11,Bengaluru,168,28.58,0.0,8.67
2025-02-12,Bengaluru,168,26.59,0.0,9.03
2025-02-13,Bengaluru,168,26.17,0.0,7.72
2025-02-14,Bengaluru,168,23.53,0.0,10.51
2025-02-15,Bengaluru,168,25.71,0.0,8.35
2025-02-16,Bengaluru,168,25.44,0.0,5.6
2025-02-17,Bengaluru,168,26.26,0.0,8.96
2025-02-18,Bengaluru,168,24.12,0.0,2.62
2025-02-19,Bengaluru,168,23.96,0.0,11.54
2025-02-20,Bengaluru,168,23.13,0.0,9.06
2025-02-21,Bengaluru,168,23.02,0.0,9.64
2025-02-22,Bengaluru,168,19.74,0.0,2.75
2025-02-23,Bengaluru,168,20.34,0.0,7.55
2025-02-24,Bengaluru,168,19.5,0.0,7.17
2025-02-25,Bengaluru,168,20.26,0.0,1.98
2025-02-26,Bengaluru,168,19.14,0.0,12.01
2025-02-27,Bengaluru,168,23.86,0.0,6.1
2025-02-28,Bengaluru,168,22.81,0.0,0.0
2025-03-01,Bengaluru,168,25.65,0.0,9.51
2025-03-02,Bengaluru,168,26.44,0.0,13.04
2025-03-03,Bengaluru,168,24.67,0.0,1.74
2025-03-04,Bengaluru,168,25.98,0.0,3.17
2025-03-05,Bengaluru,168,29.22,0.0,10.54
2025-03-06,Bengaluru,168,27.86,0.0,4.02
2025-03-07,Bengaluru,168,25.87,0.0,10.17
2025-03-08,Bengaluru,168,26.78,0.0,4.08
2025-03-09,Bengaluru,168,28.22,0.0,8.62
2025-03-10,Bengaluru,168,24.42,0.0,10.33
2025-03-11,Bengaluru,168,26.38,0.0,10.58
2025-03-12,Bengaluru,168,24.57,0.0,6.35
2025-03-13,Bengaluru,168,22.42,0.0,6.99
2025-03-14,Bengaluru,168,22.77,0.0,11.5
2025-03-15,Bengaluru,168,26.59,0.0,12.08
2025-03-16,Bengaluru,168,21.79,0.0,8.45
2025-03-17,Bengaluru,168,21.89,0.0,2.57
2025-03-18,Bengaluru,168,21.9,0.0,11.15
2025-03-19,Bengaluru,168,25.51,0.0,9.88
2025-03-20,Bengaluru,168,27.18,0.0,6.09
2025-03-21,Bengaluru,168,25.33,0.0,6.08
2025-03-22,Bengaluru,168,25.65,0.0,4.45
2025-03-23,Bengaluru,168,26.95,0.0,3.53
2025-03-24,Bengaluru,168,24.48,0.0,7.32
2025-03-25,Bengaluru,168,24.81,0.0,8.6
2025-03-26,Bengaluru,168,24.23,0.0,8.68
2025-03-27,Bengaluru,168,27.84,0.0,12.58
2025-03-28,Bengaluru,168,28.5,0.0,12.96
2025-03-29,Bengaluru,168,27.98,0.0,11.69
2025-03-30,Bengaluru,168,26.74,0.0,2.66
2025-03-31,Bengaluru,168,25.32,0.0,12.71
2025-04-01,Bengaluru,168,29.46,0.0,9.15
2025-04-02,Bengaluru,168,24.81,0.0,6.63
2025-04-03,Bengaluru,168,27.57,0.0,13.68
2025-04-04,Bengaluru,168,26.53,0.0,13.65
2025-04-05,Bengaluru,168,28.67,0.0,13.43
2025-04-06,Bengaluru,168,26.54,0.0,4.63
2025-04-07,Bengaluru,168,29.68,0.0,7.49
2025-04-08,Bengaluru,168,29.6,0.0,12.81
2025-04-09,Bengaluru,168,27.66,0.0,10.64
2025-04-10,Bengaluru,168,25.7,0.0,14.37
2025-04-11,Bengaluru,168,22.55,0.0,13.96
2025-04-12,Bengaluru,168,26.98,0.0,16.34
2025-04-13,Bengaluru,168,27.41,0.0,3.43
2025-04-14,Bengaluru,168,24.38,6.86,7.54
2025-04-15,Bengaluru,168,30.0,6.44,12.5
2025-04-16,Bengaluru,168,28.34,0.0,10.7
2025-04-17,Bengaluru,168,27.39,0.0,15.51
2025-04-18,Bengaluru,168,28.77,0.6,12.3
2025-04-19,Bengaluru,168,25.27,5.64,17.43
2025-04-20,Bengaluru,168,25.51,8.23,15.46
2025-04-21,Bengaluru,168,26.77,0.0,9.36
2025-04-22,Bengaluru,168,27.8,0.0,9.16
2025-04-23,Bengaluru,168,25.07,0.0,10.05
2025-04-24,Bengaluru,168,28.91,15.71,8.9
2025-04-25,Bengaluru,168,28.76,2.51,11.62
2025-04-26,Bengaluru,168,29.25,0.0,4.06
2025-04-27,Bengaluru,168,30.09,0.0,7.7
2025-04-28,Bengaluru,168,28.72,2.18,8.16
2025-04-29,Bengaluru,168,27.35,23.23,11.05
2025-04-30,Bengaluru,168,25.62,5.77,7.06
2025-05-01,Bengaluru,168,26.54,1.79,7.13
2025-05-02,Bengaluru,168,29.17,0.0,11.67
2025-05-03,Bengaluru,168,27.21,0.0,7.4
2025-05-04,Bengaluru,168,30.14,0.0,6.96
2025-05-05,Bengaluru,168,25.52,0.0,15.18
2025-05-06,Bengaluru,168,27.7,35.25,15.68
2025-05-07,Bengaluru,168,27.7,1.08,15.83
2025-05-08,Bengaluru,168,29.77,11.09,14.69
2025-05-09,Bengaluru,168,27.4,0.0,12.17
2025-05-10,Bengaluru,168,29.05,0.0,11.73
2025-05-11,Bengaluru,168,23.97,0.0,9.65
2025-05-12,Bengaluru,168,29.23,0.0,12.36
2025-05-13,Bengaluru,168,26.84,0.0,11.69
2025-05-14,Bengaluru,168,26.89,0.0,8.95
2025-05-15,Bengaluru,168,24.24,10.87,9.54
2025-05-16,Bengaluru,168,24.08,0.77,15.38
2025-05-17,Bengaluru,168,24.5,3.28,6.1
2025-05-18,Bengaluru,168,24.21,1.46,8.97
2025-05-19,Bengaluru,168,28.59,0.0,6.99
2025-05-20,Bengaluru,168,27.72,9.08,14.61
2025-05-21,Bengaluru,168,23.22,0.0,13.77
2025-05-22,Bengaluru,168,25.85,0.0,10.02
2025-05-23,Bengaluru,168,27.43,0.0,15.68
2025-05-24,Bengaluru,168,27.1,22.88,13.53
2025-05-25,Bengaluru,168,22.23,0.0,6.48
2025-05-26,Bengaluru,168,25.16,0.0,7.22
2025-05-27,Bengaluru,168,23.82,0.0,10.89
2025-05-28,Bengaluru,168,24.36,4.1,11.63
2025-05-29,Bengaluru,168,24.13,2.44,12.97
2025-05-30,Bengaluru,168,28.85,0.0,9.85
2025-05-31,Bengaluru,168,29.51,0.0,5.75
2025-06-01,Bengaluru,168,29.72,0.0,13.56
2025-06-02,Bengaluru,168,25.36,0.0,13.11
2025-06-03,Bengaluru,168,27.09,0.0,10.29
2025-06-04,Bengaluru,168,22.99,9.85,20.23
2025-06-05,Bengaluru,168,22.28,0.0,9.42
2025-06-06,Bengaluru,168,26.05,0.0,13.22
2025-06-07,Bengaluru,168,28.23,0.0,15.47
2025-06-08,Bengaluru,168,24.68,0.0,15.16
2025-06-09,Bengaluru,168,28.6,0.0,6.28
2025-06-10,Bengaluru,168,28.1,0.0,17.91
2025-06-11,Bengaluru,168,24.47,0.0,8.93
2025-06-12,Bengaluru,168,25.73,0.0,12.04
2025-06-13,Bengaluru,168,21.66,0.0,11.87
2025-06-14,Bengaluru,168,24.97,0.0,9.36
2025-06-15,Bengaluru,168,24.28,0.0,12.75
2025-06-16,Bengaluru,168,18.84,0.0,19.18
2025-06-17,Bengaluru,168,22.5,0.0,12.53
2025-06-18,Bengaluru,168,23.48,0.0,10.19
2025-06-19,Bengaluru,168,21.8,0.0,11.21
2025-06-20,Bengaluru,168,25.71,0.0,8.77
2025-06-21,Bengaluru,168,21.84,2.47,6.28
2025-06-22,Bengaluru,168,26.5,0.0,16.4
2025-06-23,Bengaluru,168,25.09,0.0,13.83
2025-06-24,Bengaluru,168,22.61,0.0,13.81
2025-06-25,Bengaluru,168,22.53,0.0,12.46
2025-06-26,Bengaluru,168,19.26,0.0,14.54
2025-06-27,Bengaluru,168,21.09,0.0,10.84
2025-06-28,Bengaluru,168,23.85,0.0,11.27
2025-06-29,Bengaluru,168,22.09,0.0,12.0
2025-06-30,Bengaluru,168,28.29,2.59,12.97
2025-07-01,Bengaluru,168,24.18,18.98,13.03
2025-07-02,Bengaluru,168,24.45,0.0,13.59
2025-07-03,Bengaluru,168,25.38,0.0,11.01
2025-07-04,Bengaluru,168,21.15,0.0,15.79
2025-07-05,Bengaluru,168,20.22,0.0,11.01
2025-07-06,Bengaluru,168,22.31,0.0,13.42
2025-07-07,Bengaluru,168,25.11,0.0,8.26
2025-07-08,Bengaluru,168,18.27,7.87,9.2
2025-07-09,Bengaluru,168,21.31,43.77,22.68
2025-07-10,Bengaluru,168,20.94,0.0,10.32
2025-07-11,Bengaluru,168,21.77,2.11,12.16
2025-07-12,Bengaluru,168,20.9,1.33,14.94
2025-07-13,Bengaluru,168,21.49,10.89,17.86
2025-07-14,Bengaluru,168,22.51,0.0,14.12
2025-07-15,Bengaluru,168,21.92,0.0,13.37
2025-07-16,Bengaluru,168,21.06,0.0,13.28
2025-07-17,Bengaluru,168,24.19,5.06,15.1
2025-07-18,Bengaluru,168,21.32,3.67,11.03
2025-07-19,Bengaluru,168,22.69,0.0,12.89
2025-07-20,Bengaluru,168,22.41,0.0,7.34
2025-07-21,Bengaluru,168,22.24,0.0,16.91
2025-07-22,Bengaluru,168,24.06,4.33,14.88
2025-07-23,Bengaluru,168,25.44,7.44,15.69
2025-07-24,Bengaluru,168,24.15,5.83,14.1
2025-07-25,Bengaluru,168,22.93,0.0,12.46
2025-07-26,Bengaluru,168,23.66,0.0,15.54
2025-07-27,Bengaluru,168,23.26,0.0,13.84
2025-07-28,Bengaluru,168,23.16,5.28,6.85
2025-07-29,Bengaluru,168,21.97,0.0,16.13
2025-07-30,Bengaluru,168,19.7,0.0,21.6
2025-07-31,Bengaluru,168,26.38,0.02,13.16
2025-08-01,Bengaluru,168,22.0,28.8,19.74
2025-08-02,Bengaluru,168,26.13,0.0,7.42
2025-08-03,Bengaluru,168,23.85,0.0,12.4
2025-08-04,Bengaluru,168,23.4,0.0,7.07
2025-08-05,Bengaluru,168,24.85,0.0,14.24
2025-08-06,Bengaluru,168,23.97,0.0,13.63
2025-08-07,Bengaluru,168,23.68,0.0,7.09
2025-08-08,Bengaluru,168,25.39,0.0,15.59
2025-08-09,Bengaluru,168,24.22,0.0,2.99
2025-08-10,Bengaluru,168,23.32,0.0,11.02
2025-08-11,Bengaluru,168,21.98,0.0,9.07
2025-08-12,Bengaluru,168,24.44,0.0,13.04
2025-08-13,Bengaluru,168,22.05,0.0,10.44
2025-08-14,Bengaluru,168,21.95,3.82,17.66
2025-08-15,Bengaluru,168,20.95,26.25,15.01
2025-08-16,Bengaluru,168,24.21,3.25,12.25
2025-08-17,Bengaluru,168,22.94,8.13,13.68
2025-08-18,Bengaluru,168,22.11,2.81,14.25
2025-08-19,Bengaluru,168,24.89,12.01,17.19
2025-08-20,Bengaluru,168,21.86,0.0,13.26
2025-08-21,Bengaluru,168,25.87,0.0,13.93
2025-08-22,Bengaluru,168,28.51,0.0,11.36
2025-08-23,Bengaluru,168,24.32,0.0,5.55
2025-08-24,Bengaluru,168,22.53,0.0,9.71
2025-08-25,Bengaluru,168,18.66,0.0,6.8
2025-08-26,Bengaluru,168,21.51,0.0,9.52
2025-08-27,Bengaluru,168,23.32,7.84,14.94
2025-08-28,Bengaluru,168,21.24,0.0,17.26
2025-08-29,Bengaluru,168,24.12,0.0,11.43
2025-08-30,Bengaluru,168,20.95,0.0,13.06
2025-08-31,Bengaluru,168,21.77,0.0,11.81
2025-09-01,Bengaluru,168,27.05,0.0,10.81
2025-09-02,Bengaluru,168,23.85,0.0,8.49
2025-09-03,Bengaluru,168,24.06,0.0,13.89
2025-09-04,Bengaluru,168,26.49,0.0,10.91
2025-09-05,Bengaluru,168,22.87,0.0,11.68
2025-09-06,Bengaluru,168,23.84,0.0,7.85
2025-09-07,Bengaluru,168,24.27,0.0,14.41
2025-09-08,Bengaluru,168,19.24,0.0,7.6
2025-09-09,Bengaluru,168,25.46,0.0,16.3
2025-09-10,Bengaluru,168,22.9,0.0,17.62
2025-09-11,Bengaluru,168,22.5,0.0,10.75
2025-09-12,Bengaluru,168,24.72,0.0,7.78
2025-09-13,Bengaluru,168,25.53,0.0,8.78
2025-09-14,Bengaluru,168,24.96,0.0,13.02
2025-09-15,Bengaluru,168,17.89,0.0,8.97
2025-09-16,Bengaluru,168,23.85,0.0,12.33
2025-09-17,Bengaluru,168,22.03,0.0,9.96
2025-09-18,Bengaluru,168,22.62,0.0,8.75
2025-09-19,Bengaluru,168,24.14,13.44,6.85
2025-09-20,Bengaluru,168,20.31,23.06,12.57
2025-09-21,Bengaluru,168,24.36,12.19,11.42
2025-09-22,Bengaluru,168,21.56,0.0,7.1
2025-09-23,Bengaluru,168,21.17,0.0,8.57
2025-09-24,Bengaluru,168,20.97,0.0,13.9
2025-09-25,Bengaluru,168,16.46,0.0,8.61
2025-09-26,Bengaluru,168,19.14,0.0,8.26
2025-09-27,Bengaluru,168,22.66,0.0,11.98
2025-09-28,Bengaluru,168,21.19,1.33,8.69
2025-09-29,Bengaluru,168,19.18,3.39,12.83
2025-09-30,Bengaluru,168,23.7,18.02,17.05
